01:59:52.622 [INFO] Log file: C:\Github\Tesis\src\python\geophone_scope - Copy\logs\scope_min_20260420_015952.log
01:59:52.622 [INFO] ============================================================
01:59:52.623 [INFO] scope_min.py arrancando
01:59:52.623 [INFO] ============================================================
01:59:52.623 [INFO] [USB] Buscando dispositivo Cypress por UART (COM port)...
01:59:52.630 [INFO] [USB] Puertos encontrados: 1
01:59:52.630 [INFO] [USB] Usando puerto: COM7 (KitProg USB-UART (COM7))
01:59:52.630 [INFO] Usando puerto: COM7
01:59:52.641 [INFO] [GUI] Iniciando ScopeWindow, puerto=COM7
01:59:52.642 [INFO] [GUI] Construyendo UI...
01:59:52.811 [INFO] [GUI] UI construida OK
01:59:52.812 [INFO] [GUI] Creando SerialWorker para COM7
01:59:52.812 [INFO] [serial] Abriendo puerto COM7 ...
01:59:52.812 [INFO] [GUI] SerialWorker iniciado
01:59:52.813 [INFO] [GUI] Timer de refresh iniciado (80ms)
01:59:52.813 [INFO] [GUI] ScopeWindow lista
01:59:53.006 [INFO] [GUI] app.exec_() — entrando en event loop Qt
01:59:53.006 [INFO] [serial] Puerto abierto: Serial<id=0x17f24796230, open=True>(port='COM7', baudrate=460800, bytesize=8, parity='N', stopbits=1, timeout=0.1, xonxoff=False, rtscts=False, dsrdtr=False)
01:59:53.007 [INFO] [serial] Entrando en loop de lectura...
01:59:53.017 [DEBUG] [serial] RX 128 bytes: 5600f0000000000000005600f0000000000000005600f0000000000000005600f0000000000000005600f0000000000000005600f0000000000000005600f0000000000000005600f0000000000000005600f0000000000000005600f0000000000000005600f0000000000000005600f0000000000000005600f00000000000
01:59:53.017 [DEBUG] [serial] Sin header 0xAA, descartando 128 bytes: 5600f0000000000000005600f0000000
01:59:53.028 [DEBUG] [serial] RX 128 bytes: 00005600f0000000000000005600f0000000000000005600f0000000000000005600f0000000000000005600f0000000000000005600f0000000000000005600f0000000000000005600f0000000000000005600f0000000000000005600f0000000000000005600f0000000000000005600f0000000000000005600f0000000
01:59:53.028 [DEBUG] [serial] Sin header 0xAA, descartando 128 bytes: 00005600f0000000000000005600f000
01:59:53.042 [DEBUG] [serial] RX 128 bytes: 000000005600f0000000000000005600f0000000000000005600f0000000000000005600f0000000000000005600f0000000000000005600f0000000000000005600f0000000000000005600f0000000000000005600f0000000000000005600f0000000000000005600f0000000000000005600f0000000000000005600f000
01:59:53.047 [DEBUG] [serial] Sin header 0xAA, descartando 128 bytes: 000000005600f0000000000000005600
01:59:53.052 [DEBUG] [serial] RX 128 bytes: 0000000000005600f0000000000000005600f0000000000000005600f0000000000000005600f0000000000000005600f0000000000000005600f0000000000000005600f0000000000000005600f0000000000000005600f0000000000000005600f0000000000000005600f0000000000000005600f0000000000000005600
01:59:53.055 [DEBUG] [serial] Sin header 0xAA, descartando 128 bytes: 0000000000005600f000000000000000
01:59:53.059 [DEBUG] [serial] RX 128 bytes: f0000000000000005600f0000000000000005600f0000000000000005600f0000000000000005600f0000000000000005600f0000000000000005600f0000000000000005600f0000000000000005600f0000000000000005600f0000000000000005600f0000000000000005600f0000000000000005600f000000000000000
01:59:53.061 [DEBUG] [serial] Sin header 0xAA, descartando 128 bytes: f0000000000000005600f00000000000
01:59:53.070 [DEBUG] [serial] RX 128 bytes: 5600f0000000000000005600f0000000000000005600f0000000000000005600f0000000000000005600f0000000000000005600f0000000000000005600f0000000000000005600f0000000000000005600f0000000000000005600f0000000000000005600f0000000000000005600f0000000000000005600f00000000000
01:59:53.074 [DEBUG] [serial] Sin header 0xAA, descartando 128 bytes: 5600f0000000000000005600f0000000
01:59:53.082 [DEBUG] [serial] RX 128 bytes: 00005600f0000000000000005600f0000000000000005600f0000000000000005600f0000000000000005600f0000000000000005600f0000000000000005600f0000000000000005600f0000000000000005600f0000000000000005600f0000000000000005600f0000000000000005600f0000000000000005600f0000000
01:59:53.083 [DEBUG] [serial] Sin header 0xAA, descartando 128 bytes: 00005600f0000000000000005600f000
01:59:53.092 [DEBUG] [serial] RX 128 bytes: 000000005600f0000000000000005600f0000000000000005600f0000000000000005600f0000000000000005600f0000000000000005600f0000000000000005600f0000000000000005600f0000000000000005600f0000000000000005600f0000000000000005600f0000000000000005600f0000000000000005600f000
01:59:53.092 [DEBUG] [serial] Sin header 0xAA, descartando 128 bytes: 000000005600f0000000000000005600
01:59:53.103 [DEBUG] [serial] RX 128 bytes: 0000000000005600f0000000000000005600f0000000000000005600f0000000000000005600f0000000000000005600f0000000000000005600f0000000000000005600f0000000000000005600f0000000000000005600f0000000000000005600f0000000000000005600f0000000000000005600f0000000000000005600
01:59:53.103 [DEBUG] [serial] Sin header 0xAA, descartando 128 bytes: 0000000000005600f000000000000000
01:59:53.113 [DEBUG] [serial] RX 128 bytes: f0000000000000005600f0000000000000005600f0000000000000005600f0000000000000005600f0000000000000005600f0000000000000005600f0000000000000005600f0000000000000005600f0000000000000005600f0000000000000005600f0000000000000005600f0000000000000005600f000000000000000
01:59:53.113 [DEBUG] [serial] Sin header 0xAA, descartando 128 bytes: f0000000000000005600f00000000000
01:59:53.124 [DEBUG] [serial] RX 128 bytes: 5600f0000000000000005600f0000000000000005600f0000000000000005600f0000000000000005600f0000000000000005600f0000000000000005600f0000000000000005600f0000000000000005600f0000000000000005600f0000000000000005600f0000000000000005600f0000000000000005600f00000000000
01:59:53.124 [DEBUG] [serial] Sin header 0xAA, descartando 128 bytes: 5600f0000000000000005600f0000000
01:59:53.134 [DEBUG] [serial] RX 128 bytes: 00005600f0000000000000005600f0000000000000005600f0000000000000005600f0000000000000005600f0000000000000005600f0000000000000005600f0000000000000005600f0000000000000005600f0000000000000005600f0000000000000005600f0000000000000005600f0000000000000005600f0000000
01:59:53.135 [DEBUG] [serial] Sin header 0xAA, descartando 128 bytes: 00005600f0000000000000005600f000
01:59:53.145 [DEBUG] [serial] RX 128 bytes: 000000005600f0000000000000005600f0000000000000005600f0000000000000005600f0000000000000005600f0000000000000005600f0000000000000005600f0000000000000005600f0000000000000005600f0000000000000005600f0000000000000005600f0000000000000005600f0000000000000005600f000
01:59:53.146 [DEBUG] [serial] Sin header 0xAA, descartando 128 bytes: 000000005600f0000000000000005600
01:59:53.156 [DEBUG] [serial] RX 128 bytes: 0000000000005600f0000000000000005600f0000000000000005600f0000000000000005600f0000000000000005600f0000000000000005600f0000000000000005600f0000000000000005600f0000000000000005600f0000000000000005600f0000000000000005600f0000000000000005600f0000000000000005600
01:59:53.157 [DEBUG] [serial] Sin header 0xAA, descartando 128 bytes: 0000000000005600f000000000000000
01:59:53.166 [DEBUG] [serial] RX 128 bytes: f0000000000000005600f0000000000000005600f0000000000000005600f0000000000000005600f0000000000000005600f0000000000000005600f0000000000000005600f0000000000000005600f0000000000000005600f0000000000000005600f0000000000000005600f0000000000000005600f000000000000000
01:59:53.167 [DEBUG] [serial] Sin header 0xAA, descartando 128 bytes: f0000000000000005600f00000000000
01:59:53.177 [DEBUG] [serial] RX 128 bytes: 5600f0000000000000005600f0000000000000005600f0000000000000005600f0000000000000005600f0000000000000005600f0000000000000005600f0000000000000005600f0000000000000005600f0000000000000005600f0000000000000005600f0000000000000005600f0000000000000005600f00000000000
01:59:53.178 [DEBUG] [serial] Sin header 0xAA, descartando 128 bytes: 5600f0000000000000005600f0000000
01:59:53.188 [DEBUG] [serial] RX 128 bytes: 00005600f0000000000000005600f0000000000000005600f0000000000000005600f0000000000000005600f0000000000000005600f0000000000000005600f0000000000000005600f0000000000000005600f0000000000000005600f0000000000000005600f0000000000000005600f0000000000000005600f0000000
01:59:53.188 [DEBUG] [serial] Sin header 0xAA, descartando 128 bytes: 00005600f0000000000000005600f000
01:59:53.199 [DEBUG] [serial] RX 128 bytes: 000000005600f0000000000000005600f0000000000000005600f0000000000000005600f0000000000000005600f0000000000000005600f0000000000000005600f0000000000000005600f0000000000000005600f0000000000000005600f0000000000000005600f0000000000000005600f0000000000000005600f000
01:59:53.199 [DEBUG] [serial] Sin header 0xAA, descartando 128 bytes: 000000005600f0000000000000005600
01:59:53.210 [DEBUG] [serial] RX 128 bytes: 0000000000005600f0000000000000005600f0000000000000005600f0000000000000005600f0000000000000005600f0000000000000005600f0000000000000005600f0000000000000005600f0000000000000005600f0000000000000005600f0000000000000005600f0000000000000005600f0000000000000005600
01:59:53.210 [DEBUG] [serial] Sin header 0xAA, descartando 128 bytes: 0000000000005600f000000000000000
01:59:53.220 [DEBUG] [serial] RX 128 bytes: f0000000000000005600f0000000000000005600f0000000000000005600f0000000000000005600f0000000000000005600f0000000000000005600f0000000000000005600f0000000000000005600f0000000000000005600f0000000000000005600f0000000000000005600f0000000000000005600f000000000000000
01:59:53.220 [DEBUG] [serial] Sin header 0xAA, descartando 128 bytes: f0000000000000005600f00000000000
01:59:53.231 [DEBUG] [serial] RX 128 bytes: 5600f0000000000000005600f0000000000000005600f0000000000000005600f0000000000000005600f0000000000000005600f0000000000000005600f0000000000000005600f0000000000000005600f0000000000000005600f0000000000000005600f0000000000000005600f0000000000000005600f00000000000
01:59:53.231 [DEBUG] [serial] Sin header 0xAA, descartando 128 bytes: 5600f0000000000000005600f0000000
01:59:53.241 [DEBUG] [serial] RX 128 bytes: 00005600f0000000000000005600f0000000000000005600f0000000000000005600f0000000000000005600f0000000000000005600f0000000000000005600f0000000000000005600f0000000000000005600f0000000000000005600f0000000000000005600f0000000000000005600f0000000000000005600f0000000
01:59:53.242 [DEBUG] [serial] Sin header 0xAA, descartando 128 bytes: 00005600f0000000000000005600f000
01:59:53.252 [DEBUG] [serial] RX 128 bytes: 000000005600f0000000000000005600f0000000000000005600f0000000000000005600f0000000000000005600f0000000000000005600f0000000000000005600f0000000000000005600f0000000000000005600f0000000000000005600f0000000000000005600f0000000000000005600f0000000000000005600f000
01:59:53.252 [DEBUG] [serial] Sin header 0xAA, descartando 128 bytes: 000000005600f0000000000000005600
01:59:53.263 [DEBUG] [serial] RX 128 bytes: 0000000000005600f0000000000000005600f0000000000000005600f0000000000000005600f0000000000000005600f0000000000000005600f0000000000000005600f0000000000000005600f0000000000000005600f0000000000000005600f0000000000000005600f0000000000000005600f0000000000000005600
01:59:53.263 [DEBUG] [serial] Sin header 0xAA, descartando 128 bytes: 0000000000005600f000000000000000
01:59:53.273 [DEBUG] [serial] RX 128 bytes: f0000000000000005600f0000000000000005600f0000000000000005600f0000000000000005600f0000000000000005600f0000000000000005600f0000000000000005600f0000000000000005600f0000000000000005600f0000000000000005600f0000000000000005600f0000000000000005600f000000000000000
01:59:53.273 [DEBUG] [serial] Sin header 0xAA, descartando 128 bytes: f0000000000000005600f00000000000
01:59:53.284 [DEBUG] [serial] RX 128 bytes: 5600f0000000000000005600f0000000000000005600f0000000000000005600f0000000000000005600f0000000000000005600f0000000000000005600f0000000000000005600f0000000000000005600f0000000000000005600f0000000000000005600f0000000000000005600f0000000000000005600f00000000000
01:59:53.284 [DEBUG] [serial] Sin header 0xAA, descartando 128 bytes: 5600f0000000000000005600f0000000
01:59:53.295 [DEBUG] [serial] RX 128 bytes: 00005600f0000000000000005600f0000000000000005600f0000000000000005600f0000000000000005600f0000000000000005600f0000000000000005600f0000000000000005600f0000000000000005600f0000000000000005600f0000000000000005600f0000000000000005600f0000000000000005600f0000000
01:59:53.295 [DEBUG] [serial] Sin header 0xAA, descartando 128 bytes: 00005600f0000000000000005600f000
01:59:53.306 [DEBUG] [serial] RX 128 bytes: 000000005600f0000000000000005600f0000000000000005600f0000000000000005600f0000000000000005600f0000000000000005600f0000000000000005600f0000000000000005600f0000000000000005600f0000000000000005600f0000000000000005600f0000000000000005600f0000000000000005600f000
01:59:53.306 [DEBUG] [serial] Sin header 0xAA, descartando 128 bytes: 000000005600f0000000000000005600
01:59:53.316 [DEBUG] [serial] RX 128 bytes: 0000000000005600f0000000000000005600f0000000000000005600f0000000000000005600f0000000000000005600f0000000000000005600f0000000000000005600f0000000000000005600f0000000000000005600f0000000000000005600f0000000000000005600f0000000000000005600f0000000000000005600
01:59:53.317 [DEBUG] [serial] Sin header 0xAA, descartando 128 bytes: 0000000000005600f000000000000000
01:59:53.327 [DEBUG] [serial] RX 128 bytes: f0000000000000005600f0000000000000005600f0000000000000005600f0000000000000005600f0000000000000005600f0000000000000005600f0000000000000005600f0000000000000005600f0000000000000005600f0000000000000005600f0000000000000005600f0000000000000005600f000000000000000
01:59:53.327 [DEBUG] [serial] Sin header 0xAA, descartando 128 bytes: f0000000000000005600f00000000000
01:59:53.337 [DEBUG] [serial] RX 128 bytes: 5600f0000000000000005600f0000000000000005600f0000000000000005600f0000000000000005600f0000000000000005600f0000000000000005600f0000000000000005600f0000000000000005600f0000000000000005600f0000000000000005600f0000000000000005600f0000000000000005600f00000000000
01:59:53.338 [DEBUG] [serial] Sin header 0xAA, descartando 128 bytes: 5600f0000000000000005600f0000000
01:59:53.348 [DEBUG] [serial] RX 128 bytes: 00005600f0000000000000005600f0000000000000005600f0000000000000005600f0000000000000005600f0000000000000005600f0000000000000005600f0000000000000005600f0000000000000005600f0000000000000005600f0000000000000005600f0000000000000005600f0000000000000005600f0000000
01:59:53.348 [DEBUG] [serial] Sin header 0xAA, descartando 128 bytes: 00005600f0000000000000005600f000
01:59:53.359 [DEBUG] [serial] RX 128 bytes: 000000005600f0000000000000005600f0000000000000005600f0000000000000005600f0000000000000005600f0000000000000005600f0000000000000005600f0000000000000005600f0000000000000005600f0000000000000005600f0000000000000005600f0000000000000005600f0000000000000005600f000
01:59:53.359 [DEBUG] [serial] Sin header 0xAA, descartando 128 bytes: 000000005600f0000000000000005600
01:59:53.370 [DEBUG] [serial] RX 128 bytes: 0000000000005600f0000000000000005600f0000000000000005600f0000000000000005600f0000000000000005600f0000000000000005600f0000000000000005600f0000000000000005600f0000000000000005600f0000000000000005600f0000000000000005600f0000000000000005600f0000000000000005600
01:59:53.370 [DEBUG] [serial] Sin header 0xAA, descartando 128 bytes: 0000000000005600f000000000000000
01:59:53.380 [DEBUG] [serial] RX 128 bytes: f0000000000000005600f0000000000000005600f0000000000000005600f0000000000000005600f0000000000000005600f0000000000000005600f0000000000000005600f0000000000000005600f0000000000000005600f0000000000000005600f0000000000000005600f0000000000000005600f000000000000000
01:59:53.380 [DEBUG] [serial] Sin header 0xAA, descartando 128 bytes: f0000000000000005600f00000000000
01:59:53.391 [DEBUG] [serial] RX 128 bytes: 5600f0000000000000005600f0000000000000005600f0000000000000005600f0000000000000005600f0000000000000005600f0000000000000005600f0000000000000005600f0000000000000005600f0000000000000005600f0000000000000005600f0000000000000005600f0000000000000005600f00000000000
01:59:53.391 [DEBUG] [serial] Sin header 0xAA, descartando 128 bytes: 5600f0000000000000005600f0000000
01:59:53.402 [DEBUG] [serial] RX 128 bytes: 00005600f0000000000000005600f0000000000000005600f0000000000000005600f0000000000000005600f0000000000000005600f0000000000000005600f0000000000000005600f0000000000000005600f0000000000000005600f0000000000000005600f0000000000000005600f0000000000000005600f0000000
01:59:53.402 [DEBUG] [serial] Sin header 0xAA, descartando 128 bytes: 00005600f0000000000000005600f000
01:59:53.413 [DEBUG] [serial] RX 128 bytes: 000000005600f0000000000000005600f0000000000000005600f0000000000000005600f0000000000000005600f0000000000000005600f0000000000000005600f0000000000000005600f0000000000000005600f0000000000000005600f0000000000000005600f0000000000000005600f0000000000000005600f000
01:59:53.413 [DEBUG] [serial] Sin header 0xAA, descartando 128 bytes: 000000005600f0000000000000005600
01:59:53.423 [DEBUG] [serial] RX 128 bytes: 0000000000005600f0000000000000005600f0000000000000005600f0000000000000005600f0000000000000005600f0000000000000005600f0000000000000005600f0000000000000005600f0000000000000005600f0000000000000005600f0000000000000005600f0000000000000005600f0000000000000005600
01:59:53.424 [DEBUG] [serial] Sin header 0xAA, descartando 128 bytes: 0000000000005600f000000000000000
01:59:53.434 [DEBUG] [serial] RX 128 bytes: f0000000000000005600f0000000000000005600f0000000000000005600f0000000000000005600f0000000000000005600f0000000000000005600f0000000000000005600f0000000000000005600f0000000000000005600f0000000000000005600f0000000000000005600f0000000000000005600f000000000000000
01:59:53.434 [DEBUG] [serial] Sin header 0xAA, descartando 128 bytes: f0000000000000005600f00000000000
01:59:53.444 [DEBUG] [serial] RX 128 bytes: 5600f0000000000000005600f0000000000000005600f0000000000000005600f0000000000000005600f0000000000000005600f0000000000000005600f0000000000000005600f0000000000000005600f0000000000000005600f0000000000000005600f0000000000000005600f0000000000000005600f00000000000
01:59:53.445 [DEBUG] [serial] Sin header 0xAA, descartando 128 bytes: 5600f0000000000000005600f0000000
01:59:53.455 [DEBUG] [serial] RX 128 bytes: 00005600f0000000000000005600f0000000000000005600f0000000000000005600f0000000000000005600f0000000000000005600f0000000000000005600f0000000000000005600f0000000000000005600f0000000000000005600f0000000000000005600f0000000000000005600f0000000000000005600f0000000
01:59:53.455 [DEBUG] [serial] Sin header 0xAA, descartando 128 bytes: 00005600f0000000000000005600f000
01:59:53.466 [DEBUG] [serial] RX 128 bytes: 000000005600f0000000000000005600f0000000000000005600f0000000000000005600f0000000000000005600f0000000000000005600f0000000000000005600f0000000000000005600f0000000000000005600f0000000000000005600f0000000000000005600f0000000000000005600f0000000000000005600f000
01:59:53.467 [DEBUG] [serial] Sin header 0xAA, descartando 128 bytes: 000000005600f0000000000000005600
01:59:53.477 [DEBUG] [serial] RX 128 bytes: 0000000000005600f0000000000000005600f0000000000000005600f0000000000000005600f0000000000000005600f0000000000000005600f0000000000000005600f0000000000000005600f0000000000000005600f0000000000000005600f0000000000000005600f0000000000000005600f0000000000000005600
01:59:53.477 [DEBUG] [serial] Sin header 0xAA, descartando 128 bytes: 0000000000005600f000000000000000
01:59:53.487 [DEBUG] [serial] RX 128 bytes: f0000000000000005600f0000000000000005600f0000000000000005600f0000000000000005600f0000000000000005600f0000000000000005600f0000000000000005600f0000000000000005600f0000000000000005600f0000000000000005600f0000000000000005600f0000000000000005600f000000000000000
01:59:53.487 [DEBUG] [serial] Sin header 0xAA, descartando 128 bytes: f0000000000000005600f00000000000
01:59:53.498 [DEBUG] [serial] RX 128 bytes: 5600f0000000000000005600f0000000000000005600f0000000000000005600f0000000000000005600f0000000000000005600f0000000000000005600f0000000000000005600f0000000000000005600f0000000000000005600f0000000000000005600f0000000000000005600f0000000000000005600f00000000000
01:59:53.498 [DEBUG] [serial] Sin header 0xAA, descartando 128 bytes: 5600f0000000000000005600f0000000
01:59:53.509 [DEBUG] [serial] RX 128 bytes: 00005600f0000000000000005600f0000000000000005600f0000000000000005600f0000000000000005600f0000000000000005600f0000000000000005600f0000000000000005600f0000000000000005600f0000000000000005600f0000000000000005600f0000000000000005600f0000000000000005600f0000000
01:59:53.509 [DEBUG] [serial] Sin header 0xAA, descartando 128 bytes: 00005600f0000000000000005600f000
01:59:53.519 [DEBUG] [serial] RX 128 bytes: 000000005600f0000000000000005600f0000000000000005600f0000000000000005600f0000000000000005600f0000000000000005600f0000000000000005600f0000000000000005600f0000000000000005600f0000000000000005600f0000000000000005600f0000000000000005600f0000000000000005600f000
01:59:53.520 [DEBUG] [serial] Sin header 0xAA, descartando 128 bytes: 000000005600f0000000000000005600
01:59:53.530 [DEBUG] [serial] RX 128 bytes: 0000000000005600f0000000000000005600f0000000000000005600f0000000000000005600f0000000000000005600f0000000000000005600f0000000000000005600f0000000000000005600f0000000000000005600f0000000000000005600f0000000000000005600f0000000000000005600f0000000000000005600
01:59:53.530 [DEBUG] [serial] Sin header 0xAA, descartando 128 bytes: 0000000000005600f000000000000000
01:59:53.540 [DEBUG] [serial] RX 128 bytes: f0000000000000005600f0000000000000005600f0000000000000005600f0000000000000005600f0000000000000005600f0000000000000005600f0000000000000005600f0000000000000005600f0000000000000005600f0000000000000005600f0000000000000005600f0000000000000005600f000000000000000
01:59:53.541 [DEBUG] [serial] Sin header 0xAA, descartando 128 bytes: f0000000000000005600f00000000000
01:59:53.551 [DEBUG] [serial] RX 128 bytes: 5600f0000000000000005600f0000000000000005600f0000000000000005600f0000000000000005600f0000000000000005600f0000000000000005600f0000000000000005600f0000000000000005600f0000000000000005600f0000000000000005600f0000000000000005600f0000000000000005600f00000000000
01:59:53.551 [DEBUG] [serial] Sin header 0xAA, descartando 128 bytes: 5600f0000000000000005600f0000000
01:59:53.562 [DEBUG] [serial] RX 128 bytes: 00005600f0000000000000005600f0000000000000005600f0000000000000005600f0000000000000005600f0000000000000005600f0000000000000005600f0000000000000005600f0000000000000005600f0000000000000005600f0000000000000005600f0000000000000005600f0000000000000005600f0000000
01:59:53.562 [DEBUG] [serial] Sin header 0xAA, descartando 128 bytes: 00005600f0000000000000005600f000
01:59:53.573 [DEBUG] [serial] RX 128 bytes: 000000005600f0000000000000005600f0000000000000005600f0000000000000005600f0000000000000005600f0000000000000005600f0000000000000005600f0000000000000005600f0000000000000005600f0000000000000005600f0000000000000005600f0000000000000005600f0000000000000005600f000
01:59:53.573 [DEBUG] [serial] Sin header 0xAA, descartando 128 bytes: 000000005600f0000000000000005600
01:59:53.584 [DEBUG] [serial] RX 128 bytes: 0000000000005600f0000000000000005600f0000000000000005600f0000000000000005600f0000000000000005600f0000000000000005600f0000000000000005600f0000000000000005600f0000000000000005600f0000000000000005600f0000000000000005600f0000000000000005600f0000000000000005600
01:59:53.584 [DEBUG] [serial] Sin header 0xAA, descartando 128 bytes: 0000000000005600f000000000000000
01:59:53.594 [DEBUG] [serial] RX 128 bytes: f0000000000000005600f0000000000000005600f0000000000000005600f0000000000000005600f0000000000000005600f0000000000000005600f0000000000000005600f0000000000000005600f0000000000000005600f0000000000000005600f0000000000000005600f0000000000000005600f000000000000000
01:59:53.594 [DEBUG] [serial] Sin header 0xAA, descartando 128 bytes: f0000000000000005600f00000000000
01:59:53.605 [DEBUG] [serial] RX 128 bytes: 5600f0000000000000005600f0000000000000005600f0000000000000005600f0000000000000005600f0000000000000005600f0000000000000005600f0000000000000005600f0000000000000005600f0000000000000005600f0000000000000005600f0000000000000005600f0000000000000005600f00000000000
01:59:53.605 [DEBUG] [serial] Sin header 0xAA, descartando 128 bytes: 5600f0000000000000005600f0000000
01:59:53.615 [DEBUG] [serial] RX 128 bytes: 00005600f0000000000000005600f0000000000000005600f0000000000000005600f0000000000000005600f0000000000000005600f0000000000000005600f0000000000000005600f0000000000000005600f0000000000000005600f0000000000000005600f0000000000000005600f0000000000000005600f0000000
01:59:53.616 [DEBUG] [serial] Sin header 0xAA, descartando 128 bytes: 00005600f0000000000000005600f000
01:59:53.626 [DEBUG] [serial] RX 128 bytes: 000000005600f0000000000000005600f0000000000000005600f0000000000000005600f0000000000000005600f0000000000000005600f0000000000000005600f0000000000000005600f0000000000000005600f0000000000000005600f0000000000000005600f0000000000000005600f0000000000000005600f000
01:59:53.626 [DEBUG] [serial] Sin header 0xAA, descartando 128 bytes: 000000005600f0000000000000005600
01:59:53.637 [DEBUG] [serial] RX 128 bytes: 0000000000005600f0000000000000005600f0000000000000005600f0000000000000005600f0000000000000005600f0000000000000005600f0000000000000005600f0000000000000005600f0000000000000005600f0000000000000005600f0000000000000005600f0000000000000005600f0000000000000005600
01:59:53.637 [DEBUG] [serial] Sin header 0xAA, descartando 128 bytes: 0000000000005600f000000000000000
01:59:53.647 [DEBUG] [serial] RX 128 bytes: f0000000000000005600f0000000000000005600f0000000000000005600f0000000000000005600f0000000000000005600f0000000000000005600f0000000000000005600f0000000000000005600f0000000000000005600f0000000000000005600f0000000000000005600f0000000000000005600f000000000000000
01:59:53.648 [DEBUG] [serial] Sin header 0xAA, descartando 128 bytes: f0000000000000005600f00000000000
01:59:53.658 [DEBUG] [serial] RX 128 bytes: 5600f0000000000000005600f0000000000000005600f0000000000000005600f0000000000000005600f0000000000000005600f0000000000000005600f0000000000000005600f0000000000000005600f0000000000000005600f0000000000000005600f0000000000000005600f0000000000000005600f00000000000
01:59:53.658 [DEBUG] [serial] Sin header 0xAA, descartando 128 bytes: 5600f0000000000000005600f0000000
01:59:53.670 [DEBUG] [serial] RX 128 bytes: 00005600f0000000000000005600f0000000000000005600f0000000000000005600f0000000000000005600f0000000000000005600f0000000000000005600f0000000000000005600f0000000000000005600f0000000000000005600f0000000000000005600f0000000000000005600f0000000000000005600f0000000
01:59:53.670 [DEBUG] [serial] Sin header 0xAA, descartando 128 bytes: 00005600f0000000000000005600f000
01:59:53.680 [DEBUG] [serial] RX 128 bytes: 000000005600f0000000000000005600f0000000000000005600f0000000000000005600f0000000000000005600f0000000000000005600f0000000000000005600f0000000000000005600f0000000000000005600f0000000000000005600f0000000000000005600f0000000000000005600f0000000000000005600f000
01:59:53.680 [DEBUG] [serial] Sin header 0xAA, descartando 128 bytes: 000000005600f0000000000000005600
01:59:53.691 [DEBUG] [serial] RX 128 bytes: 0000000000005600f0000000000000005600f0000000000000005600f0000000000000005600f0000000000000005600f0000000000000005600f0000000000000005600f0000000000000005600f0000000000000005600f0000000000000005600f0000000000000005600f0000000000000005600f0000000000000005600
01:59:53.691 [DEBUG] [serial] Sin header 0xAA, descartando 128 bytes: 0000000000005600f000000000000000
01:59:53.701 [DEBUG] [serial] RX 128 bytes: f0000000000000005600f0000000000000005600f0000000000000005600f0000000000000005600f0000000000000005600f0000000000000005600f0000000000000005600f0000000000000005600f0000000000000005600f0000000000000005600f0000000000000005600f0000000000000005600f000000000000000
01:59:53.701 [DEBUG] [serial] Sin header 0xAA, descartando 128 bytes: f0000000000000005600f00000000000
01:59:53.712 [DEBUG] [serial] RX 128 bytes: 5600f0000000000000005600f0000000000000005600f0000000000000005600f0000000000000005600f0000000000000005600f0000000000000005600f0000000000000005600f0000000000000005600f0000000000000005600f0000000000000005600f0000000000000005600f0000000000000005600f00000000000
01:59:53.712 [DEBUG] [serial] Sin header 0xAA, descartando 128 bytes: 5600f0000000000000005600f0000000
01:59:53.722 [DEBUG] [serial] RX 128 bytes: 00005600f0000000000000005600f0000000000000005600f0000000000000005600f0000000000000005600f0000000000000005600f0000000000000005600f0000000000000005600f0000000000000005600f0000000000000005600f0000000000000005600f0000000000000005600f0000000000000005600f0000000
01:59:53.723 [DEBUG] [serial] Sin header 0xAA, descartando 128 bytes: 00005600f0000000000000005600f000
01:59:53.733 [DEBUG] [serial] RX 128 bytes: 000000005600f0000000000000005600f0000000000000005600f0000000000000005600f0000000000000005600f0000000000000005600f0000000000000005600f0000000000000005600f0000000000000005600f0000000000000005600f0000000000000005600f0000000000000005600f0000000000000005600f000
01:59:53.733 [DEBUG] [serial] Sin header 0xAA, descartando 128 bytes: 000000005600f0000000000000005600
01:59:53.744 [DEBUG] [serial] RX 128 bytes: 0000000000005600f0000000000000005600f0000000000000005600f0000000000000005600f0000000000000005600f0000000000000005600f0000000000000005600f0000000000000005600f0000000000000005600f0000000000000005600f0000000000000005600f0000000000000005600f0000000000000005600
01:59:53.744 [DEBUG] [serial] Sin header 0xAA, descartando 128 bytes: 0000000000005600f000000000000000
01:59:53.754 [DEBUG] [serial] RX 128 bytes: f0000000000000005600f0000000000000005600f0000000000000005600f0000000000000005600f0000000000000005600f0000000000000005600f0000000000000005600f0000000000000005600f0000000000000005600f0000000000000005600f0000000000000005600f0000000000000005600f000000000000000
01:59:53.754 [DEBUG] [serial] Sin header 0xAA, descartando 128 bytes: f0000000000000005600f00000000000
01:59:53.765 [DEBUG] [serial] RX 128 bytes: 5600f0000000000000005600f0000000000000005600f0000000000000005600f0000000000000005600f0000000000000005600f0000000000000005600f0000000000000005600f0000000000000005600f0000000000000005600f0000000000000005600f0000000000000005600f0000000000000005600f00000000000
01:59:53.765 [DEBUG] [serial] Sin header 0xAA, descartando 128 bytes: 5600f0000000000000005600f0000000
01:59:53.776 [DEBUG] [serial] RX 128 bytes: 00005600f0000000000000005600f0000000000000005600f0000000000000005600f0000000000000005600f0000000000000005600f0000000000000005600f0000000000000005600f0000000000000005600f0000000000000005600f0000000000000005600f0000000000000005600f0000000000000005600f0000000
01:59:53.776 [DEBUG] [serial] Sin header 0xAA, descartando 128 bytes: 00005600f0000000000000005600f000
01:59:53.787 [DEBUG] [serial] RX 128 bytes: 000000005600f0000000000000005600f0000000000000005600f0000000000000005600f0000000000000005600f0000000000000005600f0000000000000005600f0000000000000005600f0000000000000005600f0000000000000005600f0000000000000005600f0000000000000005600f0000000000000005600f000
01:59:53.787 [DEBUG] [serial] Sin header 0xAA, descartando 128 bytes: 000000005600f0000000000000005600
01:59:53.797 [DEBUG] [serial] RX 128 bytes: 0000000000005600f0000000000000005600f0000000000000005600f0000000000000005600f0000000000000005600f0000000000000005600f0000000000000005600f0000000000000005600f0000000000000005600f0000000000000005600f0000000000000005600f0000000000000005600f0000000000000005600
01:59:53.798 [DEBUG] [serial] Sin header 0xAA, descartando 128 bytes: 0000000000005600f000000000000000
01:59:53.808 [DEBUG] [serial] RX 128 bytes: f0000000000000005600f0000000000000005600f0000000000000005600f0000000000000005600f0000000000000005600f0000000000000005600f0000000000000005600f0000000000000005600f0000000000000005600f0000000000000005600f0000000000000005600f0000000000000005600f000000000000000
01:59:53.808 [DEBUG] [serial] Sin header 0xAA, descartando 128 bytes: f0000000000000005600f00000000000
01:59:53.818 [DEBUG] [serial] RX 128 bytes: 5600f0000000000000005600f0000000000000005600f0000000000000005600f0000000000000005600f0000000000000005600f0000000000000005600f0000000000000005600f0000000000000005600f0000000000000005600f0000000000000005600f0000000000000005600f0000000000000005600f00000000000
01:59:53.819 [DEBUG] [serial] Sin header 0xAA, descartando 128 bytes: 5600f0000000000000005600f0000000
01:59:53.829 [DEBUG] [serial] RX 128 bytes: 00005600f0000000000000005600f0000000000000005600f0000000000000005600f0000000000000005600f0000000000000005600f0000000000000005600f0000000000000005600f0000000000000005600f0000000000000005600f0000000000000005600f0000000000000005600f0000000000000005600f0000000
01:59:53.829 [DEBUG] [serial] Sin header 0xAA, descartando 128 bytes: 00005600f0000000000000005600f000
01:59:53.840 [DEBUG] [serial] RX 128 bytes: 000000005600f0000000000000005600f0000000000000005600f0000000000000005600f0000000000000005600f0000000000000005600f0000000000000005600f0000000000000005600f0000000000000005600f0000000000000005600f0000000000000005600f0000000000000005600f0000000000000005600f000
01:59:53.840 [DEBUG] [serial] Sin header 0xAA, descartando 128 bytes: 000000005600f0000000000000005600
01:59:53.851 [DEBUG] [serial] RX 128 bytes: 0000000000005600f0000000000000005600f0000000000000005600f0000000000000005600f0000000000000005600f0000000000000005600f0000000000000005600f0000000000000005600f0000000000000005600f0000000000000005600f0000000000000005600f0000000000000005600f0000000000000005600
01:59:53.852 [DEBUG] [serial] Sin header 0xAA, descartando 128 bytes: 0000000000005600f000000000000000
01:59:53.861 [DEBUG] [serial] RX 128 bytes: f0000000000000005600f0000000000000005600f0000000000000005600f0000000000000005600f0000000000000005600f0000000000000005600f0000000000000005600f0000000000000005600f0000000000000005600f0000000000000005600f0000000000000005600f0000000000000005600f000000000000000
01:59:53.861 [DEBUG] [serial] Sin header 0xAA, descartando 128 bytes: f0000000000000005600f00000000000
01:59:53.872 [DEBUG] [serial] RX 128 bytes: 5600f0000000000000005600f0000000000000005600f0000000000000005600f0000000000000005600f0000000000000005600f0000000000000005600f0000000000000005600f0000000000000005600f0000000000000005600f0000000000000005600f0000000000000005600f0000000000000005600f00000000000
01:59:53.872 [DEBUG] [serial] Sin header 0xAA, descartando 128 bytes: 5600f0000000000000005600f0000000
01:59:53.883 [DEBUG] [serial] RX 128 bytes: 00005600f0000000000000005600f0000000000000005600f0000000000000005600f0000000000000005600f0000000000000005600f0000000000000005600f0000000000000005600f0000000000000005600f0000000000000005600f0000000000000005600f0000000000000005600f0000000000000005600f0000000
01:59:53.883 [DEBUG] [serial] Sin header 0xAA, descartando 128 bytes: 00005600f0000000000000005600f000
01:59:53.894 [DEBUG] [serial] RX 128 bytes: 000000005600f0000000000000005600f0000000000000005600f0000000000000005600f0000000000000005600f0000000000000005600f0000000000000005600f0000000000000005600f0000000000000005600f0000000000000005600f0000000000000005600f0000000000000005600f0000000000000005600f000
01:59:53.894 [DEBUG] [serial] Sin header 0xAA, descartando 128 bytes: 000000005600f0000000000000005600
01:59:53.904 [DEBUG] [serial] RX 128 bytes: 0000000000005600f0000000000000005600f0000000000000005600f0000000000000005600f0000000000000005600f0000000000000005600f0000000000000005600f0000000000000005600f0000000000000005600f0000000000000005600f0000000000000005600f0000000000000005600f0000000000000005600
01:59:53.905 [DEBUG] [serial] Sin header 0xAA, descartando 128 bytes: 0000000000005600f000000000000000
01:59:53.915 [DEBUG] [serial] RX 128 bytes: f0000000000000005600f0000000000000005600f0000000000000005600f0000000000000005600f0000000000000005600f0000000000000005600f0000000000000005600f0000000000000005600f0000000000000005600f0000000000000005600f0000000000000005600f0000000000000005600f000000000000000
01:59:53.915 [DEBUG] [serial] Sin header 0xAA, descartando 128 bytes: f0000000000000005600f00000000000
01:59:53.925 [DEBUG] [serial] RX 128 bytes: 5600f0000000000000005600f0000000000000005600f0000000000000005600f0000000000000005600f0000000000000005600f0000000000000005600f0000000000000005600f0000000000000005600f0000000000000005600f0000000000000005600f0000000000000005600f0000000000000005600f00000000000
01:59:53.926 [DEBUG] [serial] Sin header 0xAA, descartando 128 bytes: 5600f0000000000000005600f0000000
01:59:53.936 [DEBUG] [serial] RX 128 bytes: 00005600f0000000000000005600f0000000000000005600f0000000000000005600f0000000000000005600f0000000000000005600f0000000000000005600f0000000000000005600f0000000000000005600f0000000000000005600f0000000000000005600f0000000000000005600f0000000000000005600f0000000
01:59:53.936 [DEBUG] [serial] Sin header 0xAA, descartando 128 bytes: 00005600f0000000000000005600f000
01:59:53.947 [DEBUG] [serial] RX 128 bytes: 000000005600f0000000000000005600f0000000000000005600f0000000000000005600f0000000000000005600f0000000000000005600f0000000000000005600f0000000000000005600f0000000000000005600f0000000000000005600f0000000000000005600f0000000000000005600f0000000000000005600f000
01:59:53.947 [DEBUG] [serial] Sin header 0xAA, descartando 128 bytes: 000000005600f0000000000000005600
01:59:53.958 [DEBUG] [serial] RX 128 bytes: 0000000000005600f0000000000000005600f0000000000000005600f0000000000000005600f0000000000000005600f0000000000000005600f0000000000000005600f0000000000000005600f0000000000000005600f0000000000000005600f0000000000000005600f0000000000000005600f0000000000000005600
01:59:53.958 [DEBUG] [serial] Sin header 0xAA, descartando 128 bytes: 0000000000005600f000000000000000
01:59:53.968 [DEBUG] [serial] RX 128 bytes: f0000000000000005600f0000000000000005600f0000000000000005600f0000000000000005600f0000000000000005600f0000000000000005600f0000000000000005600f0000000000000005600f0000000000000005600f0000000000000005600f0000000000000005600f0000000000000005600f000000000000000
01:59:53.968 [DEBUG] [serial] Sin header 0xAA, descartando 128 bytes: f0000000000000005600f00000000000
01:59:53.979 [DEBUG] [serial] RX 128 bytes: 5600f0000000000000005600f0000000000000005600f0000000000000005600f0000000000000005600f0000000000000005600f0000000000000005600f0000000000000005600f0000000000000005600f0000000000000005600f0000000000000005600f0000000000000005600f0000000000000005600f00000000000
01:59:53.979 [DEBUG] [serial] Sin header 0xAA, descartando 128 bytes: 5600f0000000000000005600f0000000
01:59:53.990 [DEBUG] [serial] RX 128 bytes: 00005600f0000000000000005600f0000000000000005600f0000000000000005600f0000000000000005600f0000000000000005600f0000000000000005600f0000000000000005600f0000000000000005600f0000000000000005600f0000000000000005600f0000000000000005600f0000000000000005600f0000000
01:59:53.990 [DEBUG] [serial] Sin header 0xAA, descartando 128 bytes: 00005600f0000000000000005600f000
01:59:54.000 [DEBUG] [serial] RX 128 bytes: 000000005600f0000000000000005600f0000000000000005600f0000000000000005600f0000000000000005600f0000000000000005600f0000000000000005600f0000000000000005600f0000000000000005600f0000000000000005600f0000000000000005600f0000000000000005600f0000000000000005600f000
01:59:54.001 [DEBUG] [serial] Sin header 0xAA, descartando 128 bytes: 000000005600f0000000000000005600
01:59:54.011 [DEBUG] [serial] RX 128 bytes: 0000000000005600f0000000000000005600f0000000000000005600f0000000000000005600f0000000000000005600f0000000000000005600f0000000000000005600f0000000000000005600f0000000000000005600f0000000000000005600f0000000000000005600f0000000000000005600f0000000000000005600
01:59:54.011 [DEBUG] [serial] Sin header 0xAA, descartando 128 bytes: 0000000000005600f000000000000000
01:59:54.021 [DEBUG] [serial] RX 128 bytes: f0000000000000005600f0000000000000005600f0000000000000005600f0000000000000005600f0000000000000005600f0000000000000005600f0000000000000005600f0000000000000005600f0000000000000005600f0000000000000005600f0000000000000005600f0000000000000005600f000000000000000
01:59:54.022 [DEBUG] [serial] Sin header 0xAA, descartando 128 bytes: f0000000000000005600f00000000000
01:59:54.032 [DEBUG] [serial] RX 128 bytes: 5600f0000000000000005600f0000000000000005600f0000000000000005600f0000000000000005600f0000000000000005600f0000000000000005600f0000000000000005600f0000000000000005600f0000000000000005600f0000000000000005600f0000000000000005600f0000000000000005600f00000000000
01:59:54.032 [DEBUG] [serial] Sin header 0xAA, descartando 128 bytes: 5600f0000000000000005600f0000000
01:59:54.043 [DEBUG] [serial] RX 128 bytes: 00005600f0000000000000005600f0000000000000005600f0000000000000005600f0000000000000005600f0000000000000005600f0000000000000005600f0000000000000005600f0000000000000005600f0000000000000005600f0000000000000005600f0000000000000005600f0000000000000005600f0000000
01:59:54.043 [DEBUG] [serial] Sin header 0xAA, descartando 128 bytes: 00005600f0000000000000005600f000
01:59:54.054 [DEBUG] [serial] RX 128 bytes: 000000005600f0000000000000005600f0000000000000005600f0000000000000005600f0000000000000005600f0000000000000005600f0000000000000005600f0000000000000005600f0000000000000005600f0000000000000005600f0000000000000005600f0000000000000005600f0000000000000005600f000
01:59:54.054 [DEBUG] [serial] Sin header 0xAA, descartando 128 bytes: 000000005600f0000000000000005600
01:59:54.065 [DEBUG] [serial] RX 128 bytes: 0000000000005600f0000000000000005600f0000000000000005600f0000000000000005600f0000000000000005600f0000000000000005600f0000000000000005600f0000000000000005600f0000000000000005600f0000000000000005600f0000000000000005600f0000000000000005600f0000000000000005600
01:59:54.065 [DEBUG] [serial] Sin header 0xAA, descartando 128 bytes: 0000000000005600f000000000000000
01:59:54.075 [DEBUG] [serial] RX 128 bytes: f0000000000000005600f0000000000000005600f0000000000000005600f0000000000000005600f0000000000000005600f0000000000000005600f0000000000000005600f0000000000000005600f0000000000000005600f0000000000000005600f0000000000000005600f0000000000000005600f000000000000000
01:59:54.075 [DEBUG] [serial] Sin header 0xAA, descartando 128 bytes: f0000000000000005600f00000000000
01:59:54.086 [DEBUG] [serial] RX 128 bytes: 5600f0000000000000005600f0000000000000005600f0000000000000005600f0000000000000005600f0000000000000005600f0000000000000005600f0000000000000005600f0000000000000005600f0000000000000005600f0000000000000005600f0000000000000005600f0000000000000005600f00000000000
01:59:54.086 [DEBUG] [serial] Sin header 0xAA, descartando 128 bytes: 5600f0000000000000005600f0000000
01:59:54.096 [DEBUG] [serial] RX 128 bytes: 00005600f0000000000000005600f0000000000000005600f0000000000000005600f0000000000000005600f0000000000000005600f0000000000000005600f0000000000000005600f0000000000000005600f0000000000000005600f0000000000000005600f0000000000000005600f0000000000000005600f0000000
01:59:54.097 [DEBUG] [serial] Sin header 0xAA, descartando 128 bytes: 00005600f0000000000000005600f000
01:59:54.107 [DEBUG] [serial] RX 128 bytes: 000000005600f0000000000000005600f0000000000000005600f0000000000000005600f0000000000000005600f0000000000000005600f0000000000000005600f0000000000000005600f0000000000000005600f0000000000000005600f0000000000000005600f0000000000000005600f0000000000000005600f000
01:59:54.107 [DEBUG] [serial] Sin header 0xAA, descartando 128 bytes: 000000005600f0000000000000005600
01:59:54.118 [DEBUG] [serial] RX 128 bytes: 0000000000005600f0000000000000005600f0000000000000005600f0000000000000005600f0000000000000005600f0000000000000005600f0000000000000005600f0000000000000005600f0000000000000005600f0000000000000005600f0000000000000005600f0000000000000005600f0000000000000005600
01:59:54.118 [DEBUG] [serial] Sin header 0xAA, descartando 128 bytes: 0000000000005600f000000000000000
01:59:54.128 [DEBUG] [serial] RX 128 bytes: f0000000000000005600f0000000000000005600f0000000000000005600f0000000000000005600f0000000000000005600f0000000000000005600f0000000000000005600f0000000000000005600f0000000000000005600f0000000000000005600f0000000000000005600f0000000000000005600f000000000000000
01:59:54.129 [DEBUG] [serial] Sin header 0xAA, descartando 128 bytes: f0000000000000005600f00000000000
01:59:54.139 [DEBUG] [serial] RX 128 bytes: 5600f0000000000000005600f0000000000000005600f0000000000000005600f0000000000000005600f0000000000000005600f0000000000000005600f0000000000000005600f0000000000000005600f0000000000000005600f0000000000000005600f0000000000000005600f0000000000000005600f00000000000
01:59:54.139 [DEBUG] [serial] Sin header 0xAA, descartando 128 bytes: 5600f0000000000000005600f0000000
01:59:54.150 [DEBUG] [serial] RX 128 bytes: 00005600f0000000000000005600f0000000000000005600f0000000000000005600f0000000000000005600f0000000000000005600f0000000000000005600f0000000000000005600f0000000000000005600f0000000000000005600f0000000000000005600f0000000000000005600f0000000000000005600f0000000
01:59:54.150 [DEBUG] [serial] Sin header 0xAA, descartando 128 bytes: 00005600f0000000000000005600f000
01:59:54.161 [DEBUG] [serial] RX 128 bytes: 000000005600f0000000000000005600f0000000000000005600f0000000000000005600f0000000000000005600f0000000000000005600f0000000000000005600f0000000000000005600f0000000000000005600f0000000000000005600f0000000000000005600f0000000000000005600f0000000000000005600f000
01:59:54.161 [DEBUG] [serial] Sin header 0xAA, descartando 128 bytes: 000000005600f0000000000000005600
01:59:54.172 [DEBUG] [serial] RX 128 bytes: 0000000000005600f0000000000000005600f0000000000000005600f0000000000000005600f0000000000000005600f0000000000000005600f0000000000000005600f0000000000000005600f0000000000000005600f0000000000000005600f0000000000000005600f0000000000000005600f0000000000000005600
01:59:54.172 [DEBUG] [serial] Sin header 0xAA, descartando 128 bytes: 0000000000005600f000000000000000
01:59:54.182 [DEBUG] [serial] RX 128 bytes: f0000000000000005600f0000000000000005600f0000000000000005600f0000000000000005600f0000000000000005600f0000000000000005600f0000000000000005600f0000000000000005600f0000000000000005600f0000000000000005600f0000000000000005600f0000000000000005600f000000000000000
01:59:54.182 [DEBUG] [serial] Sin header 0xAA, descartando 128 bytes: f0000000000000005600f00000000000
01:59:54.193 [DEBUG] [serial] RX 128 bytes: 5600f0000000000000005600f0000000000000005600f0000000000000005600f0000000000000005600f0000000000000005600f0000000000000005600f0000000000000005600f0000000000000005600f0000000000000005600f0000000000000005600f0000000000000005600f0000000000000005600f00000000000
01:59:54.193 [DEBUG] [serial] Sin header 0xAA, descartando 128 bytes: 5600f0000000000000005600f0000000
01:59:54.203 [DEBUG] [serial] RX 128 bytes: 00005600f0000000000000005600f0000000000000005600f0000000000000005600f0000000000000005600f0000000000000005600f0000000000000005600f0000000000000005600f0000000000000005600f0000000000000005600f0000000000000005600f0000000000000005600f0000000000000005600f0000000
01:59:54.204 [DEBUG] [serial] Sin header 0xAA, descartando 128 bytes: 00005600f0000000000000005600f000
01:59:54.214 [DEBUG] [serial] RX 128 bytes: 000000005600f0000000000000005600f0000000000000005600f0000000000000005600f0000000000000005600f0000000000000005600f0000000000000005600f0000000000000005600f0000000000000005600f0000000000000005600f0000000000000005600f0000000000000005600f0000000000000005600f000
01:59:54.214 [DEBUG] [serial] Sin header 0xAA, descartando 128 bytes: 000000005600f0000000000000005600
01:59:54.226 [DEBUG] [serial] RX 128 bytes: 0000000000005600f0000000000000005600f0000000000000005600f0000000000000005600f0000000000000005600f0000000000000005600f0000000000000005600f0000000000000005600f0000000000000005600f0000000000000005600f0000000000000005600f0000000000000005600f0000000000000005600
01:59:54.226 [DEBUG] [serial] Sin header 0xAA, descartando 128 bytes: 0000000000005600f000000000000000
01:59:54.235 [DEBUG] [serial] RX 128 bytes: f0000000000000005600f0000000000000005600f0000000000000005600f0000000000000005600f0000000000000005600f0000000000000005600f0000000000000005600f0000000000000005600f0000000000000005600f0000000000000005600f0000000000000005600f0000000000000005600f000000000000000
01:59:54.235 [DEBUG] [serial] Sin header 0xAA, descartando 128 bytes: f0000000000000005600f00000000000
01:59:54.246 [DEBUG] [serial] RX 128 bytes: 5600f0000000000000005600f0000000000000005600f0000000000000005600f0000000000000005600f0000000000000005600f0000000000000005600f0000000000000005600f0000000000000005600f0000000000000005600f0000000000000005600f0000000000000005600f0000000000000005600f00000000000
01:59:54.246 [DEBUG] [serial] Sin header 0xAA, descartando 128 bytes: 5600f0000000000000005600f0000000
01:59:54.257 [DEBUG] [serial] RX 128 bytes: 00005600f0000000000000005600f0000000000000005600f0000000000000005600f0000000000000005600f0000000000000005600f0000000000000005600f0000000000000005600f0000000000000005600f0000000000000005600f0000000000000005600f0000000000000005600f0000000000000005600f0000000
01:59:54.257 [DEBUG] [serial] Sin header 0xAA, descartando 128 bytes: 00005600f0000000000000005600f000
01:59:54.268 [DEBUG] [serial] RX 128 bytes: 000000005600f0000000000000005600f0000000000000005600f0000000000000005600f0000000000000005600f0000000000000005600f0000000000000005600f0000000000000005600f0000000000000005600f0000000000000005600f0000000000000005600f0000000000000005600f0000000000000005600f000
01:59:54.268 [DEBUG] [serial] Sin header 0xAA, descartando 128 bytes: 000000005600f0000000000000005600
01:59:54.278 [DEBUG] [serial] RX 128 bytes: 0000000000005600f0000000000000005600f0000000000000005600f0000000000000005600f0000000000000005600f0000000000000005600f0000000000000005600f0000000000000005600f0000000000000005600f0000000000000005600f0000000000000005600f0000000000000005600f0000000000000005600
01:59:54.279 [DEBUG] [serial] Sin header 0xAA, descartando 128 bytes: 0000000000005600f000000000000000
01:59:54.289 [DEBUG] [serial] RX 128 bytes: f0000000000000005600f0000000000000005600f0000000000000005600f0000000000000005600f0000000000000005600f0000000000000005600f0000000000000005600f0000000000000005600f0000000000000005600f0000000000000005600f0000000000000005600f0000000000000005600f000000000000000
01:59:54.289 [DEBUG] [serial] Sin header 0xAA, descartando 128 bytes: f0000000000000005600f00000000000
01:59:54.299 [DEBUG] [serial] RX 128 bytes: 5600f0000000000000005600f0000000000000005600f0000000000000005600f0000000000000005600f0000000000000005600f0000000000000005600f0000000000000005600f0000000000000005600f0000000000000005600f0000000000000005600f0000000000000005600f0000000000000005600f00000000000
01:59:54.300 [DEBUG] [serial] Sin header 0xAA, descartando 128 bytes: 5600f0000000000000005600f0000000
01:59:54.310 [DEBUG] [serial] RX 128 bytes: 00005600f0000000000000005600f0000000000000005600f0000000000000005600f0000000000000005600f0000000000000005600f0000000000000005600f0000000000000005600f0000000000000005600f0000000000000005600f0000000000000005600f0000000000000005600f0000000000000005600f0000000
01:59:54.310 [DEBUG] [serial] Sin header 0xAA, descartando 128 bytes: 00005600f0000000000000005600f000
01:59:54.321 [DEBUG] [serial] RX 128 bytes: 000000005600f0000000000000005600f0000000000000005600f0000000000000005600f0000000000000005600f0000000000000005600f0000000000000005600f0000000000000005600f0000000000000005600f0000000000000005600f0000000000000005600f0000000000000005600f0000000000000005600f000
01:59:54.321 [DEBUG] [serial] Sin header 0xAA, descartando 128 bytes: 000000005600f0000000000000005600
01:59:54.332 [DEBUG] [serial] RX 128 bytes: 0000000000005600f0000000000000005600f0000000000000005600f0000000000000005600f0000000000000005600f0000000000000005600f0000000000000005600f0000000000000005600f0000000000000005600f0000000000000005600f0000000000000005600f0000000000000005600f0000000000000005600
01:59:54.332 [DEBUG] [serial] Sin header 0xAA, descartando 128 bytes: 0000000000005600f000000000000000
01:59:54.342 [DEBUG] [serial] RX 128 bytes: f0000000000000005600f0000000000000005600f0000000000000005600f0000000000000005600f0000000000000005600f0000000000000005600f0000000000000005600f0000000000000005600f0000000000000005600f0000000000000005600f0000000000000005600f0000000000000005600f000000000000000
01:59:54.342 [DEBUG] [serial] Sin header 0xAA, descartando 128 bytes: f0000000000000005600f00000000000
01:59:54.353 [DEBUG] [serial] RX 128 bytes: 5600f0000000000000005600f0000000000000005600f0000000000000005600f0000000000000005600f0000000000000005600f0000000000000005600f0000000000000005600f0000000000000005600f0000000000000005600f0000000000000005600f0000000000000005600f0000000000000005600f00000000000
01:59:54.353 [DEBUG] [serial] Sin header 0xAA, descartando 128 bytes: 5600f0000000000000005600f0000000
01:59:54.364 [DEBUG] [serial] RX 128 bytes: 00005600f0000000000000005600f0000000000000005600f0000000000000005600f0000000000000005600f0000000000000005600f0000000000000005600f0000000000000005600f0000000000000005600f0000000000000005600f0000000000000005600f0000000000000005600f0000000000000005600f0000000
01:59:54.364 [DEBUG] [serial] Sin header 0xAA, descartando 128 bytes: 00005600f0000000000000005600f000
01:59:54.375 [DEBUG] [serial] RX 128 bytes: 000000005600f0000000000000005600f0000000000000005600f0000000000000005600f0000000000000005600f0000000000000005600f0000000000000005600f0000000000000005600f0000000000000005600f0000000000000005600f0000000000000005600f0000000000000005600f0000000000000005600f000
01:59:54.375 [DEBUG] [serial] Sin header 0xAA, descartando 128 bytes: 000000005600f0000000000000005600
01:59:54.385 [DEBUG] [serial] RX 128 bytes: 0000000000005600f0000000000000005600f0000000000000005600f0000000000000005600f0000000000000005600f0000000000000005600f0000000000000005600f0000000000000005600f0000000000000005600f0000000000000005600f0000000000000005600f0000000000000005600f0000000000000005600
01:59:54.386 [DEBUG] [serial] Sin header 0xAA, descartando 128 bytes: 0000000000005600f000000000000000
01:59:54.396 [DEBUG] [serial] RX 128 bytes: f0000000000000005600f0000000000000005600f0000000000000005600f0000000000000005600f0000000000000005600f0000000000000005600f0000000000000005600f0000000000000005600f0000000000000005600f0000000000000005600f0000000000000005600f0000000000000005600f000000000000000
01:59:54.396 [DEBUG] [serial] Sin header 0xAA, descartando 128 bytes: f0000000000000005600f00000000000
01:59:54.406 [DEBUG] [serial] RX 128 bytes: 5600f0000000000000005600f0000000000000005600f0000000000000005600f0000000000000005600f0000000000000005600f0000000000000005600f0000000000000005600f0000000000000005600f0000000000000005600f0000000000000005600f0000000000000005600f0000000000000005600f00000000000
01:59:54.407 [DEBUG] [serial] Sin header 0xAA, descartando 128 bytes: 5600f0000000000000005600f0000000
01:59:54.417 [DEBUG] [serial] RX 128 bytes: 00005600f0000000000000005600f0000000000000005600f0000000000000005600f0000000000000005600f0000000000000005600f0000000000000005600f0000000000000005600f0000000000000005600f0000000000000005600f0000000000000005600f0000000000000005600f0000000000000005600f0000000
01:59:54.417 [DEBUG] [serial] Sin header 0xAA, descartando 128 bytes: 00005600f0000000000000005600f000
01:59:54.428 [DEBUG] [serial] RX 128 bytes: 000000005600f0000000000000005600f0000000000000005600f0000000000000005600f0000000000000005600f0000000000000005600f0000000000000005600f0000000000000005600f0000000000000005600f0000000000000005600f0000000000000005600f0000000000000005600f0000000000000005600f000
01:59:54.428 [DEBUG] [serial] Sin header 0xAA, descartando 128 bytes: 000000005600f0000000000000005600
01:59:54.439 [DEBUG] [serial] RX 128 bytes: 0000000000005600f0000000000000005600f0000000000000005600f0000000000000005600f0000000000000005600f0000000000000005600f0000000000000005600f0000000000000005600f0000000000000005600f0000000000000005600f0000000000000005600f0000000000000005600f0000000000000005600
01:59:54.439 [DEBUG] [serial] Sin header 0xAA, descartando 128 bytes: 0000000000005600f000000000000000
01:59:54.449 [DEBUG] [serial] RX 128 bytes: f0000000000000005600f0000000000000005600f0000000000000005600f0000000000000005600f0000000000000005600f0000000000000005600f0000000000000005600f0000000000000005600f0000000000000005600f0000000000000005600f0000000000000005600f0000000000000005600f000000000000000
01:59:54.449 [DEBUG] [serial] Sin header 0xAA, descartando 128 bytes: f0000000000000005600f00000000000
01:59:54.460 [DEBUG] [serial] RX 128 bytes: 5600f0000000000000005600f0000000000000005600f0000000000000005600f0000000000000005600f0000000000000005600f0000000000000005600f0000000000000005600f0000000000000005600f0000000000000005600f0000000000000005600f0000000000000005600f0000000000000005600f00000000000
01:59:54.460 [DEBUG] [serial] Sin header 0xAA, descartando 128 bytes: 5600f0000000000000005600f0000000
01:59:54.471 [DEBUG] [serial] RX 128 bytes: 00005600f0000000000000005600f0000000000000005600f0000000000000005600f0000000000000005600f0000000000000005600f0000000000000005600f0000000000000005600f0000000000000005600f0000000000000005600f0000000000000005600f0000000000000005600f0000000000000005600f0000000
01:59:54.471 [DEBUG] [serial] Sin header 0xAA, descartando 128 bytes: 00005600f0000000000000005600f000
01:59:54.481 [DEBUG] [serial] RX 128 bytes: 000000005600f0000000000000005600f0000000000000005600f0000000000000005600f0000000000000005600f0000000000000005600f0000000000000005600f0000000000000005600f0000000000000005600f0000000000000005600f0000000000000005600f0000000000000005600f0000000000000005600f000
01:59:54.482 [DEBUG] [serial] Sin header 0xAA, descartando 128 bytes: 000000005600f0000000000000005600
01:59:54.492 [DEBUG] [serial] RX 128 bytes: 0000000000005600f0000000000000005600f0000000000000005600f0000000000000005600f0000000000000005600f0000000000000005600f0000000000000005600f0000000000000005600f0000000000000005600f0000000000000005600f0000000000000005600f0000000000000005600f0000000000000005600
01:59:54.492 [DEBUG] [serial] Sin header 0xAA, descartando 128 bytes: 0000000000005600f000000000000000
01:59:54.502 [DEBUG] [serial] RX 128 bytes: f0000000000000005600f0000000000000005600f0000000000000005600f0000000000000005600f0000000000000005600f0000000000000005600f0000000000000005600f0000000000000005600f0000000000000005600f0000000000000005600f0000000000000005600f0000000000000005600f000000000000000
01:59:54.503 [DEBUG] [serial] Sin header 0xAA, descartando 128 bytes: f0000000000000005600f00000000000
01:59:54.513 [DEBUG] [serial] RX 128 bytes: 5600f0000000000000005600f0000000000000005600f0000000000000005600f0000000000000005600f0000000000000005600f0000000000000005600f0000000000000005600f0000000000000005600f0000000000000005600f0000000000000005600f0000000000000005600f0000000000000005600f00000000000
01:59:54.513 [DEBUG] [serial] Sin header 0xAA, descartando 128 bytes: 5600f0000000000000005600f0000000
01:59:54.524 [DEBUG] [serial] RX 128 bytes: 00005600f0000000000000005600f0000000000000005600f0000000000000005600f0000000000000005600f0000000000000005600f0000000000000005600f0000000000000005600f0000000000000005600f0000000000000005600f0000000000000005600f0000000000000005600f0000000000000005600f0000000
01:59:54.524 [DEBUG] [serial] Sin header 0xAA, descartando 128 bytes: 00005600f0000000000000005600f000
01:59:54.535 [DEBUG] [serial] RX 128 bytes: 000000005600f0000000000000005600f0000000000000005600f0000000000000005600f0000000000000005600f0000000000000005600f0000000000000005600f0000000000000005600f0000000000000005600f0000000000000005600f0000000000000005600f0000000000000005600f0000000000000005600f000
01:59:54.535 [DEBUG] [serial] Sin header 0xAA, descartando 128 bytes: 000000005600f0000000000000005600
01:59:54.545 [DEBUG] [serial] RX 128 bytes: 0000000000005600f0000000000000005600f0000000000000005600f0000000000000005600f0000000000000005600f0000000000000005600f0000000000000005600f0000000000000005600f0000000000000005600f0000000000000005600f0000000000000005600f0000000000000005600f0000000000000005600
01:59:54.546 [DEBUG] [serial] Sin header 0xAA, descartando 128 bytes: 0000000000005600f000000000000000
01:59:54.556 [DEBUG] [serial] RX 128 bytes: f0000000000000005600f0000000000000005600f0000000000000005600f0000000000000005600f0000000000000005600f0000000000000005600f0000000000000005600f0000000000000005600f0000000000000005600f0000000000000005600f0000000000000005600f0000000000000005600f000000000000000
01:59:54.556 [DEBUG] [serial] Sin header 0xAA, descartando 128 bytes: f0000000000000005600f00000000000
01:59:54.567 [DEBUG] [serial] RX 128 bytes: 5600f0000000000000005600f0000000000000005600f0000000000000005600f0000000000000005600f0000000000000005600f0000000000000005600f0000000000000005600f0000000000000005600f0000000000000005600f0000000000000005600f0000000000000005600f0000000000000005600f00000000000
01:59:54.567 [DEBUG] [serial] Sin header 0xAA, descartando 128 bytes: 5600f0000000000000005600f0000000
01:59:54.577 [DEBUG] [serial] RX 128 bytes: 00005600f0000000000000005600f0000000000000005600f0000000000000005600f0000000000000005600f0000000000000005600f0000000000000005600f0000000000000005600f0000000000000005600f0000000000000005600f0000000000000005600f0000000000000005600f0000000000000005600f0000000
01:59:54.578 [DEBUG] [serial] Sin header 0xAA, descartando 128 bytes: 00005600f0000000000000005600f000
01:59:54.588 [DEBUG] [serial] RX 128 bytes: 000000005600f0000000000000005600f0000000000000005600f0000000000000005600f0000000000000005600f0000000000000005600f0000000000000005600f0000000000000005600f0000000000000005600f0000000000000005600f0000000000000005600f0000000000000005600f0000000000000005600f000
01:59:54.590 [DEBUG] [serial] Sin header 0xAA, descartando 128 bytes: 000000005600f0000000000000005600
01:59:54.599 [DEBUG] [serial] RX 128 bytes: 0000000000005600f0000000000000005600f0000000000000005600f0000000000000005600f0000000000000005600f0000000000000005600f0000000000000005600f0000000000000005600f0000000000000005600f0000000000000005600f0000000000000005600f0000000000000005600f0000000000000005600
01:59:54.599 [DEBUG] [serial] Sin header 0xAA, descartando 128 bytes: 0000000000005600f000000000000000
01:59:54.609 [DEBUG] [serial] RX 128 bytes: f0000000000000005600f0000000000000005600f0000000000000005600f0000000000000005600f0000000000000005600f0000000000000005600f0000000000000005600f0000000000000005600f0000000000000005600f0000000000000005600f0000000000000005600f0000000000000005600f000000000000000
01:59:54.609 [DEBUG] [serial] Sin header 0xAA, descartando 128 bytes: f0000000000000005600f00000000000
01:59:54.620 [DEBUG] [serial] RX 128 bytes: 5600f0000000000000005600f0000000000000005600f0000000000000005600f0000000000000005600f0000000000000005600f0000000000000005600f0000000000000005600f0000000000000005600f0000000000000005600f0000000000000005600f0000000000000005600f0000000000000005600f00000000000
01:59:54.620 [DEBUG] [serial] Sin header 0xAA, descartando 128 bytes: 5600f0000000000000005600f0000000
01:59:54.631 [DEBUG] [serial] RX 128 bytes: 00005600f0000000000000005600f0000000000000005600f0000000000000005600f0000000000000005600f0000000000000005600f0000000000000005600f0000000000000005600f0000000000000005600f0000000000000005600f0000000000000005600f0000000000000005600f0000000000000005600f0000000
01:59:54.631 [DEBUG] [serial] Sin header 0xAA, descartando 128 bytes: 00005600f0000000000000005600f000
01:59:54.642 [DEBUG] [serial] RX 128 bytes: 000000005600f0000000000000005600f0000000000000005600f0000000000000005600f0000000000000005600f0000000000000005600f0000000000000005600f0000000000000005600f0000000000000005600f0000000000000005600f0000000000000005600f0000000000000005600f0000000000000005600f000
01:59:54.642 [DEBUG] [serial] Sin header 0xAA, descartando 128 bytes: 000000005600f0000000000000005600
01:59:54.652 [DEBUG] [serial] RX 128 bytes: 0000000000005600f0000000000000005600f0000000000000005600f0000000000000005600f0000000000000005600f0000000000000005600f0000000000000005600f0000000000000005600f0000000000000005600f0000000000000005600f0000000000000005600f0000000000000005600f0000000000000005600
01:59:54.653 [DEBUG] [serial] Sin header 0xAA, descartando 128 bytes: 0000000000005600f000000000000000
01:59:54.663 [DEBUG] [serial] RX 128 bytes: f0000000000000005600f0000000000000005600f0000000000000005600f0000000000000005600f0000000000000005600f0000000000000005600f0000000000000005600f0000000000000005600f0000000000000005600f0000000000000005600f0000000000000005600f0000000000000005600f000000000000000
01:59:54.663 [DEBUG] [serial] Sin header 0xAA, descartando 128 bytes: f0000000000000005600f00000000000
01:59:54.673 [DEBUG] [serial] RX 128 bytes: 5600f0000000000000005600f0000000000000005600f0000000000000005600f0000000000000005600f0000000000000005600f0000000000000005600f0000000000000005600f0000000000000005600f0000000000000005600f0000000000000005600f0000000000000005600f0000000000000005600f00000000000
01:59:54.674 [DEBUG] [serial] Sin header 0xAA, descartando 128 bytes: 5600f0000000000000005600f0000000
01:59:54.684 [DEBUG] [serial] RX 128 bytes: 00005600f0000000000000005600f0000000000000005600f0000000000000005600f0000000000000005600f0000000000000005600f0000000000000005600f0000000000000005600f0000000000000005600f0000000000000005600f0000000000000005600f0000000000000005600f0000000000000005600f0000000
01:59:54.685 [DEBUG] [serial] Sin header 0xAA, descartando 128 bytes: 00005600f0000000000000005600f000
01:59:54.695 [DEBUG] [serial] RX 128 bytes: 000000005600f0000000000000005600f0000000000000005600f0000000000000005600f0000000000000005600f0000000000000005600f0000000000000005600f0000000000000005600f0000000000000005600f0000000000000005600f0000000000000005600f0000000000000005600f0000000000000005600f000
01:59:54.695 [DEBUG] [serial] Sin header 0xAA, descartando 128 bytes: 000000005600f0000000000000005600
01:59:54.706 [DEBUG] [serial] RX 128 bytes: 0000000000005600f0000000000000005600f0000000000000005600f0000000000000005600f0000000000000005600f0000000000000005600f0000000000000005600f0000000000000005600f0000000000000005600f0000000000000005600f0000000000000005600f0000000000000005600f0000000000000005600
01:59:54.706 [DEBUG] [serial] Sin header 0xAA, descartando 128 bytes: 0000000000005600f000000000000000
01:59:54.716 [DEBUG] [serial] RX 128 bytes: f0000000000000005600f0000000000000005600f0000000000000005600f0000000000000005600f0000000000000005600f0000000000000005600f0000000000000005600f0000000000000005600f0000000000000005600f0000000000000005600f0000000000000005600f0000000000000005600f000000000000000
01:59:54.716 [DEBUG] [serial] Sin header 0xAA, descartando 128 bytes: f0000000000000005600f00000000000
01:59:54.727 [DEBUG] [serial] RX 128 bytes: 5600f0000000000000005600f0000000000000005600f0000000000000005600f0000000000000005600f0000000000000005600f0000000000000005600f0000000000000005600f0000000000000005600f0000000000000005600f0000000000000005600f0000000000000005600f0000000000000005600f00000000000
01:59:54.727 [DEBUG] [serial] Sin header 0xAA, descartando 128 bytes: 5600f0000000000000005600f0000000
01:59:54.738 [DEBUG] [serial] RX 128 bytes: 00005600f0000000000000005600f0000000000000005600f0000000000000005600f0000000000000005600f0000000000000005600f0000000000000005600f0000000000000005600f0000000000000005600f0000000000000005600f0000000000000005600f0000000000000005600f0000000000000005600f0000000
01:59:54.738 [DEBUG] [serial] Sin header 0xAA, descartando 128 bytes: 00005600f0000000000000005600f000
01:59:54.748 [DEBUG] [serial] RX 128 bytes: 000000005600f0000000000000005600f0000000000000005600f0000000000000005600f0000000000000005600f0000000000000005600f0000000000000005600f0000000000000005600f0000000000000005600f0000000000000005600f0000000000000005600f0000000000000005600f0000000000000005600f000
01:59:54.749 [DEBUG] [serial] Sin header 0xAA, descartando 128 bytes: 000000005600f0000000000000005600
01:59:54.759 [DEBUG] [serial] RX 128 bytes: 0000000000005600f0000000000000005600f0000000000000005600f0000000000000005600f0000000000000005600f0000000000000005600f0000000000000005600f0000000000000005600f0000000000000005600f0000000000000005600f0000000000000005600f0000000000000005600f0000000000000005600
01:59:54.760 [DEBUG] [serial] Sin header 0xAA, descartando 128 bytes: 0000000000005600f000000000000000
01:59:54.769 [DEBUG] [serial] RX 128 bytes: f0000000000000005600f0000000000000005600f0000000000000005600f0000000000000005600f0000000000000005600f0000000000000005600f0000000000000005600f0000000000000005600f0000000000000005600f0000000000000005600f0000000000000005600f0000000000000005600f000000000000000
01:59:54.770 [DEBUG] [serial] Sin header 0xAA, descartando 128 bytes: f0000000000000005600f00000000000
01:59:54.780 [DEBUG] [serial] RX 128 bytes: 5600f0000000000000005600f0000000000000005600f0000000000000005600f0000000000000005600f0000000000000005600f0000000000000005600f0000000000000005600f0000000000000005600f0000000000000005600f0000000000000005600f0000000000000005600f0000000000000005600f00000000000
01:59:54.781 [DEBUG] [serial] Sin header 0xAA, descartando 128 bytes: 5600f0000000000000005600f0000000
01:59:54.791 [DEBUG] [serial] RX 128 bytes: 00005600f0000000000000005600f0000000000000005600f0000000000000005600f0000000000000005600f0000000000000005600f0000000000000005600f0000000000000005600f0000000000000005600f0000000000000005600f0000000000000005600f0000000000000005600f0000000000000005600f0000000
01:59:54.791 [DEBUG] [serial] Sin header 0xAA, descartando 128 bytes: 00005600f0000000000000005600f000
01:59:54.802 [DEBUG] [serial] RX 128 bytes: 000000005600f0000000000000005600f0000000000000005600f0000000000000005600f0000000000000005600f0000000000000005600f0000000000000005600f0000000000000005600f0000000000000005600f0000000000000005600f0000000000000005600f0000000000000005600f0000000000000005600f000
01:59:54.802 [DEBUG] [serial] Sin header 0xAA, descartando 128 bytes: 000000005600f0000000000000005600
01:59:54.813 [DEBUG] [serial] RX 128 bytes: 0000000000005600f0000000000000005600f0000000000000005600f0000000000000005600f0000000000000005600f0000000000000005600f0000000000000005600f0000000000000005600f0000000000000005600f0000000000000005600f0000000000000005600f0000000000000005600f0000000000000005600
01:59:54.813 [DEBUG] [serial] Sin header 0xAA, descartando 128 bytes: 0000000000005600f000000000000000
01:59:54.823 [DEBUG] [serial] RX 128 bytes: f0000000000000005600f0000000000000005600f0000000000000005600f0000000000000005600f0000000000000005600f0000000000000005600f0000000000000005600f0000000000000005600f0000000000000005600f0000000000000005600f0000000000000005600f0000000000000005600f000000000000000
01:59:54.823 [DEBUG] [serial] Sin header 0xAA, descartando 128 bytes: f0000000000000005600f00000000000
01:59:54.834 [DEBUG] [serial] RX 128 bytes: 5600f0000000000000005600f0000000000000005600f0000000000000005600f0000000000000005600f0000000000000005600f0000000000000005600f0000000000000005600f0000000000000005600f0000000000000005600f0000000000000005600f0000000000000005600f0000000000000005600f00000000000
01:59:54.834 [DEBUG] [serial] Sin header 0xAA, descartando 128 bytes: 5600f0000000000000005600f0000000
01:59:54.844 [DEBUG] [serial] RX 128 bytes: 00005600f0000000000000005600f0000000000000005600f0000000000000005600f0000000000000005600f0000000000000005600f0000000000000005600f0000000000000005600f0000000000000005600f0000000000000005600f0000000000000005600f0000000000000005600f0000000000000005600f0000000
01:59:54.845 [DEBUG] [serial] Sin header 0xAA, descartando 128 bytes: 00005600f0000000000000005600f000
01:59:54.855 [DEBUG] [serial] RX 128 bytes: 000000005600f0000000000000005600f0000000000000005600f0000000000000005600f0000000000000005600f0000000000000005600f0000000000000005600f0000000000000005600f0000000000000005600f0000000000000005600f0000000000000005600f0000000000000005600f0000000000000005600f000
01:59:54.856 [DEBUG] [serial] Sin header 0xAA, descartando 128 bytes: 000000005600f0000000000000005600
01:59:54.866 [DEBUG] [serial] RX 128 bytes: 0000000000005600f0000000000000005600f0000000000000005600f0000000000000005600f0000000000000005600f0000000000000005600f0000000000000005600f0000000000000005600f0000000000000005600f0000000000000005600f0000000000000005600f0000000000000005600f0000000000000005600
01:59:54.866 [DEBUG] [serial] Sin header 0xAA, descartando 128 bytes: 0000000000005600f000000000000000
01:59:54.876 [DEBUG] [serial] RX 128 bytes: f0000000000000005600f0000000000000005600f0000000000000005600f0000000000000005600f0000000000000005600f0000000000000005600f0000000000000005600f0000000000000005600f0000000000000005600f0000000000000005600f0000000000000005600f0000000000000005600f000000000000000
01:59:54.877 [DEBUG] [serial] Sin header 0xAA, descartando 128 bytes: f0000000000000005600f00000000000
01:59:54.887 [DEBUG] [serial] RX 128 bytes: 5600f0000000000000005600f0000000000000005600f0000000000000005600f0000000000000005600f0000000000000005600f0000000000000005600f0000000000000005600f0000000000000005600f0000000000000005600f0000000000000005600f0000000000000005600f0000000000000005600f00000000000
01:59:54.887 [DEBUG] [serial] Sin header 0xAA, descartando 128 bytes: 5600f0000000000000005600f0000000
01:59:54.898 [DEBUG] [serial] RX 128 bytes: 00005600f0000000000000005600f0000000000000005600f0000000000000005600f0000000000000005600f0000000000000005600f0000000000000005600f0000000000000005600f0000000000000005600f0000000000000005600f0000000000000005600f0000000000000005600f0000000000000005600f0000000
01:59:54.898 [DEBUG] [serial] Sin header 0xAA, descartando 128 bytes: 00005600f0000000000000005600f000
01:59:54.909 [DEBUG] [serial] RX 128 bytes: 000000005600f0000000000000005600f0000000000000005600f0000000000000005600f0000000000000005600f0000000000000005600f0000000000000005600f0000000000000005600f0000000000000005600f0000000000000005600f0000000000000005600f0000000000000005600f0000000000000005600f000
01:59:54.909 [DEBUG] [serial] Sin header 0xAA, descartando 128 bytes: 000000005600f0000000000000005600
01:59:54.920 [DEBUG] [serial] RX 128 bytes: 0000000000005600f0000000000000005600f0000000000000005600f0000000000000005600f0000000000000005600f0000000000000005600f0000000000000005600f0000000000000005600f0000000000000005600f0000000000000005600f0000000000000005600f0000000000000005600f0000000000000005600
01:59:54.920 [DEBUG] [serial] Sin header 0xAA, descartando 128 bytes: 0000000000005600f000000000000000
01:59:54.930 [DEBUG] [serial] RX 128 bytes: f0000000000000005600f0000000000000005600f0000000000000005600f0000000000000005600f0000000000000005600f0000000000000005600f0000000000000005600f0000000000000005600f0000000000000005600f0000000000000005600f0000000000000005600f0000000000000005600f000000000000000
01:59:54.930 [DEBUG] [serial] Sin header 0xAA, descartando 128 bytes: f0000000000000005600f00000000000
01:59:54.941 [DEBUG] [serial] RX 128 bytes: 5600f0000000000000005600f0000000000000005600f0000000000000005600f0000000000000005600f0000000000000005600f0000000000000005600f0000000000000005600f0000000000000005600f0000000000000005600f0000000000000005600f0000000000000005600f0000000000000005600f00000000000
01:59:54.941 [DEBUG] [serial] Sin header 0xAA, descartando 128 bytes: 5600f0000000000000005600f0000000
01:59:54.951 [DEBUG] [serial] RX 128 bytes: 00005600f0000000000000005600f0000000000000005600f0000000000000005600f0000000000000005600f0000000000000005600f0000000000000005600f0000000000000005600f0000000000000005600f0000000000000005600f0000000000000005600f0000000000000005600f0000000000000005600f0000000
01:59:54.952 [DEBUG] [serial] Sin header 0xAA, descartando 128 bytes: 00005600f0000000000000005600f000
01:59:54.962 [DEBUG] [serial] RX 128 bytes: 000000005600f0000000000000005600f0000000000000005600f0000000000000005600f0000000000000005600f0000000000000005600f0000000000000005600f0000000000000005600f0000000000000005600f0000000000000005600f0000000000000005600f0000000000000005600f0000000000000005600f000
01:59:54.963 [DEBUG] [serial] Sin header 0xAA, descartando 128 bytes: 000000005600f0000000000000005600
01:59:54.973 [DEBUG] [serial] RX 128 bytes: 0000000000005600f0000000000000005600f0000000000000005600f0000000000000005600f0000000000000005600f0000000000000005600f0000000000000005600f0000000000000005600f0000000000000005600f0000000000000005600f0000000000000005600f0000000000000005600f0000000000000005600
01:59:54.973 [DEBUG] [serial] Sin header 0xAA, descartando 128 bytes: 0000000000005600f000000000000000
01:59:54.983 [DEBUG] [serial] RX 128 bytes: f0000000000000005600f0000000000000005600f0000000000000005600f0000000000000005600f0000000000000005600f0000000000000005600f0000000000000005600f0000000000000005600f0000000000000005600f0000000000000005600f0000000000000005600f0000000000000005600f000000000000000
01:59:54.983 [DEBUG] [serial] Sin header 0xAA, descartando 128 bytes: f0000000000000005600f00000000000
01:59:54.994 [DEBUG] [serial] RX 128 bytes: 5600f0000000000000005600f0000000000000005600f0000000000000005600f0000000000000005600f0000000000000005600f0000000000000005600f0000000000000005600f0000000000000005600f0000000000000005600f0000000000000005600f0000000000000005600f0000000000000005600f00000000000
01:59:54.994 [DEBUG] [serial] Sin header 0xAA, descartando 128 bytes: 5600f0000000000000005600f0000000
01:59:55.005 [DEBUG] [serial] RX 128 bytes: 00005600f0000000000000005600f0000000000000005600f0000000000000005600f0000000000000005600f0000000000000005600f0000000000000005600f0000000000000005600f0000000000000005600f0000000000000005600f0000000000000005600f0000000000000005600f0000000000000005600f0000000
01:59:55.005 [DEBUG] [serial] Sin header 0xAA, descartando 128 bytes: 00005600f0000000000000005600f000
01:59:55.016 [DEBUG] [serial] RX 128 bytes: 000000005600f0000000000000005600f0000000000000005600f0000000000000005600f0000000000000005600f0000000000000005600f0000000000000005600f0000000000000005600f0000000000000005600f0000000000000005600f0000000000000005600f0000000000000005600f0000000000000005600f000
01:59:55.016 [DEBUG] [serial] Sin header 0xAA, descartando 128 bytes: 000000005600f0000000000000005600
01:59:55.026 [DEBUG] [serial] RX 128 bytes: 0000000000005600f0000000000000005600f0000000000000005600f0000000000000005600f0000000000000005600f0000000000000005600f0000000000000005600f0000000000000005600f0000000000000005600f0000000000000005600f0000000000000005600f0000000000000005600f0000000000000005600
01:59:55.027 [DEBUG] [serial] Sin header 0xAA, descartando 128 bytes: 0000000000005600f000000000000000
01:59:55.037 [DEBUG] [serial] RX 128 bytes: f0000000000000005600f0000000000000005600f0000000000000005600f0000000000000005600f0000000000000005600f0000000000000005600f0000000000000005600f0000000000000005600f0000000000000005600f0000000000000005600f0000000000000005600f0000000000000005600f000000000000000
01:59:55.037 [DEBUG] [serial] Sin header 0xAA, descartando 128 bytes: f0000000000000005600f00000000000
01:59:55.047 [DEBUG] [serial] RX 128 bytes: 5600f0000000000000005600f0000000000000005600f0000000000000005600f0000000000000005600f0000000000000005600f0000000000000005600f0000000000000005600f0000000000000005600f0000000000000005600f0000000000000005600f0000000000000005600f0000000000000005600f00000000000
01:59:55.048 [DEBUG] [serial] Sin header 0xAA, descartando 128 bytes: 5600f0000000000000005600f0000000
01:59:55.058 [DEBUG] [serial] RX 128 bytes: 00005600f0000000000000005600f0000000000000005600f0000000000000005600f0000000000000005600f0000000000000005600f0000000000000005600f0000000000000005600f0000000000000005600f0000000000000005600f0000000000000005600f0000000000000005600f0000000000000005600f0000000
01:59:55.058 [DEBUG] [serial] Sin header 0xAA, descartando 128 bytes: 00005600f0000000000000005600f000
01:59:55.069 [DEBUG] [serial] RX 128 bytes: 000000005600f0000000000000005600f0000000000000005600f0000000000000005600f0000000000000005600f0000000000000005600f0000000000000005600f0000000000000005600f0000000000000005600f0000000000000005600f0000000000000005600f0000000000000005600f0000000000000005600f000
01:59:55.069 [DEBUG] [serial] Sin header 0xAA, descartando 128 bytes: 000000005600f0000000000000005600
01:59:55.080 [DEBUG] [serial] RX 128 bytes: 0000000000005600f0000000000000005600f0000000000000005600f0000000000000005600f0000000000000005600f0000000000000005600f0000000000000005600f0000000000000005600f0000000000000005600f0000000000000005600f0000000000000005600f0000000000000005600f0000000000000005600
01:59:55.080 [DEBUG] [serial] Sin header 0xAA, descartando 128 bytes: 0000000000005600f000000000000000
01:59:55.090 [DEBUG] [serial] RX 128 bytes: f0000000000000005600f0000000000000005600f0000000000000005600f0000000000000005600f0000000000000005600f0000000000000005600f0000000000000005600f0000000000000005600f0000000000000005600f0000000000000005600f0000000000000005600f0000000000000005600f000000000000000
01:59:55.090 [DEBUG] [serial] Sin header 0xAA, descartando 128 bytes: f0000000000000005600f00000000000
01:59:55.101 [DEBUG] [serial] RX 128 bytes: 5600f0000000000000005600f0000000000000005600f0000000000000005600f0000000000000005600f0000000000000005600f0000000000000005600f0000000000000005600f0000000000000005600f0000000000000005600f0000000000000005600f0000000000000005600f0000000000000005600f00000000000
01:59:55.101 [DEBUG] [serial] Sin header 0xAA, descartando 128 bytes: 5600f0000000000000005600f0000000
01:59:55.112 [DEBUG] [serial] RX 128 bytes: 00005600f0000000000000005600f0000000000000005600f0000000000000005600f0000000000000005600f0000000000000005600f0000000000000005600f0000000000000005600f0000000000000005600f0000000000000005600f0000000000000005600f0000000000000005600f0000000000000005600f0000000
01:59:55.112 [DEBUG] [serial] Sin header 0xAA, descartando 128 bytes: 00005600f0000000000000005600f000
01:59:55.122 [DEBUG] [serial] RX 128 bytes: 000000005600f0000000000000005600f0000000000000005600f0000000000000005600f0000000000000005600f0000000000000005600f0000000000000005600f0000000000000005600f0000000000000005600f0000000000000005600f0000000000000005600f0000000000000005600f0000000000000005600f000
01:59:55.123 [DEBUG] [serial] Sin header 0xAA, descartando 128 bytes: 000000005600f0000000000000005600
01:59:55.133 [DEBUG] [serial] RX 128 bytes: 0000000000005600f0000000000000005600f0000000000000005600f0000000000000005600f0000000000000005600f0000000000000005600f0000000000000005600f0000000000000005600f0000000000000005600f0000000000000005600f0000000000000005600f0000000000000005600f0000000000000005600
01:59:55.133 [DEBUG] [serial] Sin header 0xAA, descartando 128 bytes: 0000000000005600f000000000000000
01:59:55.143 [DEBUG] [serial] RX 128 bytes: f0000000000000005600f0000000000000005600f0000000000000005600f0000000000000005600f0000000000000005600f0000000000000005600f0000000000000005600f0000000000000005600f0000000000000005600f0000000000000005600f0000000000000005600f0000000000000005600f000000000000000
01:59:55.144 [DEBUG] [serial] Sin header 0xAA, descartando 128 bytes: f0000000000000005600f00000000000
01:59:55.155 [DEBUG] [serial] RX 128 bytes: 5600f0000000000000005600f0000000000000005600f0000000000000005600f0000000000000005600f0000000000000005600f0000000000000005600f0000000000000005600f0000000000000005600f0000000000000005600f0000000000000005600f0000000000000005600f0000000000000005600f00000000000
01:59:55.155 [DEBUG] [serial] Sin header 0xAA, descartando 128 bytes: 5600f0000000000000005600f0000000
01:59:55.165 [DEBUG] [serial] RX 128 bytes: 00005600f0000000000000005600f0000000000000005600f0000000000000005600f0000000000000005600f0000000000000005600f0000000000000005600f0000000000000005600f0000000000000005600f0000000000000005600f0000000000000005600f0000000000000005600f0000000000000005600f0000000
01:59:55.165 [DEBUG] [serial] Sin header 0xAA, descartando 128 bytes: 00005600f0000000000000005600f000
01:59:55.176 [DEBUG] [serial] RX 128 bytes: 000000005600f0000000000000005600f0000000000000005600f0000000000000005600f0000000000000005600f0000000000000005600f0000000000000005600f0000000000000005600f0000000000000005600f0000000000000005600f0000000000000005600f0000000000000005600f0000000000000005600f000
01:59:55.176 [DEBUG] [serial] Sin header 0xAA, descartando 128 bytes: 000000005600f0000000000000005600
01:59:55.187 [DEBUG] [serial] RX 128 bytes: 0000000000005600f0000000000000005600f0000000000000005600f0000000000000005600f0000000000000005600f0000000000000005600f0000000000000005600f0000000000000005600f0000000000000005600f0000000000000005600f0000000000000005600f0000000000000005600f0000000000000005600
01:59:55.187 [DEBUG] [serial] Sin header 0xAA, descartando 128 bytes: 0000000000005600f000000000000000
01:59:55.197 [DEBUG] [serial] RX 128 bytes: f0000000000000005600f0000000000000005600f0000000000000005600f0000000000000005600f0000000000000005600f0000000000000005600f0000000000000005600f0000000000000005600f0000000000000005600f0000000000000005600f0000000000000005600f0000000000000005600f000000000000000
01:59:55.197 [DEBUG] [serial] Sin header 0xAA, descartando 128 bytes: f0000000000000005600f00000000000
01:59:55.208 [DEBUG] [serial] RX 128 bytes: 5600f0000000000000005600f0000000000000005600f0000000000000005600f0000000000000005600f0000000000000005600f0000000000000005600f0000000000000005600f0000000000000005600f0000000000000005600f0000000000000005600f0000000000000005600f0000000000000005600f00000000000
01:59:55.208 [DEBUG] [serial] Sin header 0xAA, descartando 128 bytes: 5600f0000000000000005600f0000000
01:59:55.219 [DEBUG] [serial] RX 128 bytes: 00005600f0000000000000005600f0000000000000005600f0000000000000005600f0000000000000005600f0000000000000005600f0000000000000005600f0000000000000005600f0000000000000005600f0000000000000005600f0000000000000005600f0000000000000005600f0000000000000005600f0000000
01:59:55.219 [DEBUG] [serial] Sin header 0xAA, descartando 128 bytes: 00005600f0000000000000005600f000
01:59:55.229 [DEBUG] [serial] RX 128 bytes: 000000005600f0000000000000005600f0000000000000005600f0000000000000005600f0000000000000005600f0000000000000005600f0000000000000005600f0000000000000005600f0000000000000005600f0000000000000005600f0000000000000005600f0000000000000005600f0000000000000005600f000
01:59:55.230 [DEBUG] [serial] Sin header 0xAA, descartando 128 bytes: 000000005600f0000000000000005600
01:59:55.240 [DEBUG] [serial] RX 128 bytes: 0000000000005600f0000000000000005600f0000000000000005600f0000000000000005600f0000000000000005600f0000000000000005600f0000000000000005600f0000000000000005600f0000000000000005600f0000000000000005600f0000000000000005600f0000000000000005600f0000000000000005600
01:59:55.240 [DEBUG] [serial] Sin header 0xAA, descartando 128 bytes: 0000000000005600f000000000000000
01:59:55.251 [DEBUG] [serial] RX 128 bytes: f0000000000000005600f0000000000000005600f0000000000000005600f0000000000000005600f0000000000000005600f0000000000000005600f0000000000000005600f0000000000000005600f0000000000000005600f0000000000000005600f0000000000000005600f0000000000000005600f000000000000000
01:59:55.252 [DEBUG] [serial] Sin header 0xAA, descartando 128 bytes: f0000000000000005600f00000000000
01:59:55.261 [DEBUG] [serial] RX 128 bytes: 5600f0000000000000005600f0000000000000005600f0000000000000005600f0000000000000005600f0000000000000005600f0000000000000005600f0000000000000005600f0000000000000005600f0000000000000005600f0000000000000005600f0000000000000005600f0000000000000005600f00000000000
01:59:55.261 [DEBUG] [serial] Sin header 0xAA, descartando 128 bytes: 5600f0000000000000005600f0000000
01:59:55.272 [DEBUG] [serial] RX 128 bytes: 00005600f0000000000000005600f0000000000000005600f0000000000000005600f0000000000000005600f0000000000000005600f0000000000000005600f0000000000000005600f0000000000000005600f0000000000000005600f0000000000000005600f0000000000000005600f0000000000000005600f0000000
01:59:55.272 [DEBUG] [serial] Sin header 0xAA, descartando 128 bytes: 00005600f0000000000000005600f000
01:59:55.283 [DEBUG] [serial] RX 128 bytes: 000000005600f0000000000000005600f0000000000000005600f0000000000000005600f0000000000000005600f0000000000000005600f0000000000000005600f0000000000000005600f0000000000000005600f0000000000000005600f0000000000000005600f0000000000000005600f0000000000000005600f000
01:59:55.283 [DEBUG] [serial] Sin header 0xAA, descartando 128 bytes: 000000005600f0000000000000005600
01:59:55.294 [DEBUG] [serial] RX 128 bytes: 0000000000005600f0000000000000005600f0000000000000005600f0000000000000005600f0000000000000005600f0000000000000005600f0000000000000005600f0000000000000005600f0000000000000005600f0000000000000005600f0000000000000005600f0000000000000005600f0000000000000005600
01:59:55.294 [DEBUG] [serial] Sin header 0xAA, descartando 128 bytes: 0000000000005600f000000000000000
01:59:55.304 [DEBUG] [serial] RX 128 bytes: f0000000000000005600f0000000000000005600f0000000000000005600f0000000000000005600f0000000000000005600f0000000000000005600f0000000000000005600f0000000000000005600f0000000000000005600f0000000000000005600f0000000000000005600f0000000000000005600f000000000000000
01:59:55.304 [DEBUG] [serial] Sin header 0xAA, descartando 128 bytes: f0000000000000005600f00000000000
01:59:55.315 [DEBUG] [serial] RX 128 bytes: 5600f0000000000000005600f0000000000000005600f0000000000000005600f0000000000000005600f0000000000000005600f0000000000000005600f0000000000000005600f0000000000000005600f0000000000000005600f0000000000000005600f0000000000000005600f0000000000000005600f00000000000
01:59:55.315 [DEBUG] [serial] Sin header 0xAA, descartando 128 bytes: 5600f0000000000000005600f0000000
01:59:55.325 [DEBUG] [serial] RX 128 bytes: 00005600f0000000000000005600f0000000000000005600f0000000000000005600f0000000000000005600f0000000000000005600f0000000000000005600f0000000000000005600f0000000000000005600f0000000000000005600f0000000000000005600f0000000000000005600f0000000000000005600f0000000
01:59:55.326 [DEBUG] [serial] Sin header 0xAA, descartando 128 bytes: 00005600f0000000000000005600f000
01:59:55.336 [DEBUG] [serial] RX 128 bytes: 000000005600f0000000000000005600f0000000000000005600f0000000000000005600f0000000000000005600f0000000000000005600f0000000000000005600f0000000000000005600f0000000000000005600f0000000000000005600f0000000000000005600f0000000000000005600f0000000000000005600f000
01:59:55.336 [DEBUG] [serial] Sin header 0xAA, descartando 128 bytes: 000000005600f0000000000000005600
01:59:55.347 [DEBUG] [serial] RX 128 bytes: 0000000000005600f0000000000000005600f0000000000000005600f0000000000000005600f0000000000000005600f0000000000000005600f0000000000000005600f0000000000000005600f0000000000000005600f0000000000000005600f0000000000000005600f0000000000000005600f0000000000000005600
01:59:55.347 [DEBUG] [serial] Sin header 0xAA, descartando 128 bytes: 0000000000005600f000000000000000
01:59:55.357 [DEBUG] [serial] RX 128 bytes: f0000000000000005600f0000000000000005600f0000000000000005600f0000000000000005600f0000000000000005600f0000000000000005600f0000000000000005600f0000000000000005600f0000000000000005600f0000000000000005600f0000000000000005600f0000000000000005600f000000000000000
01:59:55.357 [DEBUG] [serial] Sin header 0xAA, descartando 128 bytes: f0000000000000005600f00000000000
01:59:55.368 [DEBUG] [serial] RX 128 bytes: 5600f0000000000000005600f0000000000000005600f0000000000000005600f0000000000000005600f0000000000000005600f0000000000000005600f0000000000000005600f0000000000000005600f0000000000000005600f0000000000000005600f0000000000000005600f0000000000000005600f00000000000
01:59:55.368 [DEBUG] [serial] Sin header 0xAA, descartando 128 bytes: 5600f0000000000000005600f0000000
01:59:55.379 [DEBUG] [serial] RX 128 bytes: 00005600f0000000000000005600f0000000000000005600f0000000000000005600f0000000000000005600f0000000000000005600f0000000000000005600f0000000000000005600f0000000000000005600f0000000000000005600f0000000000000005600f0000000000000005600f0000000000000005600f0000000
01:59:55.379 [DEBUG] [serial] Sin header 0xAA, descartando 128 bytes: 00005600f0000000000000005600f000
01:59:55.390 [DEBUG] [serial] RX 128 bytes: 000000005600f0000000000000005600f0000000000000005600f0000000000000005600f0000000000000005600f0000000000000005600f0000000000000005600f0000000000000005600f0000000000000005600f0000000000000005600f0000000000000005600f0000000000000005600f0000000000000005600f000
01:59:55.390 [DEBUG] [serial] Sin header 0xAA, descartando 128 bytes: 000000005600f0000000000000005600
01:59:55.401 [DEBUG] [serial] RX 128 bytes: 0000000000005600f0000000000000005600f0000000000000005600f0000000000000005600f0000000000000005600f0000000000000005600f0000000000000005600f0000000000000005600f0000000000000005600f0000000000000005600f0000000000000005600f0000000000000005600f0000000000000005600
01:59:55.401 [DEBUG] [serial] Sin header 0xAA, descartando 128 bytes: 0000000000005600f000000000000000
01:59:55.411 [DEBUG] [serial] RX 128 bytes: f0000000000000005600f0000000000000005600f0000000000000005600f0000000000000005600f0000000000000005600f0000000000000005600f0000000000000005600f0000000000000005600f0000000000000005600f0000000000000005600f0000000000000005600f0000000000000005600f000000000000000
01:59:55.411 [DEBUG] [serial] Sin header 0xAA, descartando 128 bytes: f0000000000000005600f00000000000
01:59:55.422 [DEBUG] [serial] RX 128 bytes: 5600f0000000000000005600f0000000000000005600f0000000000000005600f0000000000000005600f0000000000000005600f0000000000000005600f0000000000000005600f0000000000000005600f0000000000000005600f0000000000000005600f0000000000000005600f0000000000000005600f00000000000
01:59:55.422 [DEBUG] [serial] Sin header 0xAA, descartando 128 bytes: 5600f0000000000000005600f0000000
01:59:55.432 [DEBUG] [serial] RX 128 bytes: 00005600f0000000000000005600f0000000000000005600f0000000000000005600f0000000000000005600f0000000000000005600f0000000000000005600f0000000000000005600f0000000000000005600f0000000000000005600f0000000000000005600f0000000000000005600f0000000000000005600f0000000
01:59:55.433 [DEBUG] [serial] Sin header 0xAA, descartando 128 bytes: 00005600f0000000000000005600f000
01:59:55.443 [DEBUG] [serial] RX 128 bytes: 000000005600f0000000000000005600f0000000000000005600f0000000000000005600f0000000000000005600f0000000000000005600f0000000000000005600f0000000000000005600f0000000000000005600f0000000000000005600f0000000000000005600f0000000000000005600f0000000000000005600f000
01:59:55.443 [DEBUG] [serial] Sin header 0xAA, descartando 128 bytes: 000000005600f0000000000000005600
01:59:55.454 [DEBUG] [serial] RX 128 bytes: 0000000000005600f0000000000000005600f0000000000000005600f0000000000000005600f0000000000000005600f0000000000000005600f0000000000000005600f0000000000000005600f0000000000000005600f0000000000000005600f0000000000000005600f0000000000000005600f0000000000000005600
01:59:55.454 [DEBUG] [serial] Sin header 0xAA, descartando 128 bytes: 0000000000005600f000000000000000
01:59:55.464 [DEBUG] [serial] RX 128 bytes: f0000000000000005600f0000000000000005600f0000000000000005600f0000000000000005600f0000000000000005600f0000000000000005600f0000000000000005600f0000000000000005600f0000000000000005600f0000000000000005600f0000000000000005600f0000000000000005600f000000000000000
01:59:55.464 [DEBUG] [serial] Sin header 0xAA, descartando 128 bytes: f0000000000000005600f00000000000
01:59:55.475 [DEBUG] [serial] RX 128 bytes: 5600f0000000000000005600f0000000000000005600f0000000000000005600f0000000000000005600f0000000000000005600f0000000000000005600f0000000000000005600f0000000000000005600f0000000000000005600f0000000000000005600f0000000000000005600f0000000000000005600f00000000000
01:59:55.475 [DEBUG] [serial] Sin header 0xAA, descartando 128 bytes: 5600f0000000000000005600f0000000
01:59:55.486 [DEBUG] [serial] RX 128 bytes: 00005600f0000000000000005600f0000000000000005600f0000000000000005600f0000000000000005600f0000000000000005600f0000000000000005600f0000000000000005600f0000000000000005600f0000000000000005600f0000000000000005600f0000000000000005600f0000000000000005600f0000000
01:59:55.486 [DEBUG] [serial] Sin header 0xAA, descartando 128 bytes: 00005600f0000000000000005600f000
01:59:55.497 [DEBUG] [serial] RX 128 bytes: 000000005600f0000000000000005600f0000000000000005600f0000000000000005600f0000000000000005600f0000000000000005600f0000000000000005600f0000000000000005600f0000000000000005600f0000000000000005600f0000000000000005600f0000000000000005600f0000000000000005600f000
01:59:55.497 [DEBUG] [serial] Sin header 0xAA, descartando 128 bytes: 000000005600f0000000000000005600
01:59:55.507 [DEBUG] [serial] RX 128 bytes: 0000000000005600f0000000000000005600f0000000000000005600f0000000000000005600f0000000000000005600f0000000000000005600f0000000000000005600f0000000000000005600f0000000000000005600f0000000000000005600f0000000000000005600f0000000000000005600f0000000000000005600
01:59:55.508 [DEBUG] [serial] Sin header 0xAA, descartando 128 bytes: 0000000000005600f000000000000000
01:59:55.518 [DEBUG] [serial] RX 128 bytes: f0000000000000005600f0000000000000005600f0000000000000005600f0000000000000005600f0000000000000005600f0000000000000005600f0000000000000005600f0000000000000005600f0000000000000005600f0000000000000005600f0000000000000005600f0000000000000005600f000000000000000
01:59:55.518 [DEBUG] [serial] Sin header 0xAA, descartando 128 bytes: f0000000000000005600f00000000000
01:59:55.529 [DEBUG] [serial] RX 128 bytes: 5600f0000000000000005600f0000000000000005600f0000000000000005600f0000000000000005600f0000000000000005600f0000000000000005600f0000000000000005600f0000000000000005600f0000000000000005600f0000000000000005600f0000000000000005600f0000000000000005600f00000000000
01:59:55.530 [DEBUG] [serial] Sin header 0xAA, descartando 128 bytes: 5600f0000000000000005600f0000000
01:59:55.539 [DEBUG] [serial] RX 128 bytes: 00005600f0000000000000005600f0000000000000005600f0000000000000005600f0000000000000005600f0000000000000005600f0000000000000005600f0000000000000005600f0000000000000005600f0000000000000005600f0000000000000005600f0000000000000005600f0000000000000005600f0000000
01:59:55.539 [DEBUG] [serial] Sin header 0xAA, descartando 128 bytes: 00005600f0000000000000005600f000
01:59:55.550 [DEBUG] [serial] RX 128 bytes: 000000005600f0000000000000005600f0000000000000005600f0000000000000005600f0000000000000005600f0000000000000005600f0000000000000005600f0000000000000005600f0000000000000005600f0000000000000005600f0000000000000005600f0000000000000005600f0000000000000005600f000
01:59:55.550 [DEBUG] [serial] Sin header 0xAA, descartando 128 bytes: 000000005600f0000000000000005600
01:59:55.561 [DEBUG] [serial] RX 128 bytes: 0000000000005600f0000000000000005600f0000000000000005600f0000000000000005600f0000000000000005600f0000000000000005600f0000000000000005600f0000000000000005600f0000000000000005600f0000000000000005600f0000000000000005600f0000000000000005600f0000000000000005600
01:59:55.561 [DEBUG] [serial] Sin header 0xAA, descartando 128 bytes: 0000000000005600f000000000000000
01:59:55.571 [DEBUG] [serial] RX 128 bytes: f0000000000000005600f0000000000000005600f0000000000000005600f0000000000000005600f0000000000000005600f0000000000000005600f0000000000000005600f0000000000000005600f0000000000000005600f0000000000000005600f0000000000000005600f0000000000000005600f000000000000000
01:59:55.571 [DEBUG] [serial] Sin header 0xAA, descartando 128 bytes: f0000000000000005600f00000000000
01:59:55.582 [DEBUG] [serial] RX 128 bytes: 5600f0000000000000005600f0000000000000005600f0000000000000005600f0000000000000005600f0000000000000005600f0000000000000005600f0000000000000005600f0000000000000005600f0000000000000005600f0000000000000005600f0000000000000005600f0000000000000005600f00000000000
01:59:55.582 [DEBUG] [serial] Sin header 0xAA, descartando 128 bytes: 5600f0000000000000005600f0000000
01:59:55.593 [DEBUG] [serial] RX 128 bytes: 00005600f0000000000000005600f0000000000000005600f0000000000000005600f0000000000000005600f0000000000000005600f0000000000000005600f0000000000000005600f0000000000000005600f0000000000000005600f0000000000000005600f0000000000000005600f0000000000000005600f0000000
01:59:55.593 [DEBUG] [serial] Sin header 0xAA, descartando 128 bytes: 00005600f0000000000000005600f000
01:59:55.603 [DEBUG] [serial] RX 128 bytes: 000000005600f0000000000000005600f0000000000000005600f0000000000000005600f0000000000000005600f0000000000000005600f0000000000000005600f0000000000000005600f0000000000000005600f0000000000000005600f0000000000000005600f0000000000000005600f0000000000000005600f000
01:59:55.604 [DEBUG] [serial] Sin header 0xAA, descartando 128 bytes: 000000005600f0000000000000005600
01:59:55.614 [DEBUG] [serial] RX 128 bytes: 0000000000005600f0000000000000005600f0000000000000005600f0000000000000005600f0000000000000005600f0000000000000005600f0000000000000005600f0000000000000005600f0000000000000005600f0000000000000005600f0000000000000005600f0000000000000005600f0000000000000005600
01:59:55.614 [DEBUG] [serial] Sin header 0xAA, descartando 128 bytes: 0000000000005600f000000000000000
01:59:55.624 [DEBUG] [serial] RX 128 bytes: f0000000000000005600f0000000000000005600f0000000000000005600f0000000000000005600f0000000000000005600f0000000000000005600f0000000000000005600f0000000000000005600f0000000000000005600f0000000000000005600f0000000000000005600f0000000000000005600f000000000000000
01:59:55.625 [DEBUG] [serial] Sin header 0xAA, descartando 128 bytes: f0000000000000005600f00000000000
01:59:55.635 [DEBUG] [serial] RX 128 bytes: 5600f0000000000000005600f0000000000000005600f0000000000000005600f0000000000000005600f0000000000000005600f0000000000000005600f0000000000000005600f0000000000000005600f0000000000000005600f0000000000000005600f0000000000000005600f0000000000000005600f00000000000
01:59:55.635 [DEBUG] [serial] Sin header 0xAA, descartando 128 bytes: 5600f0000000000000005600f0000000
01:59:55.646 [DEBUG] [serial] RX 128 bytes: 00005600f0000000000000005600f0000000000000005600f0000000000000005600f0000000000000005600f0000000000000005600f0000000000000005600f0000000000000005600f0000000000000005600f0000000000000005600f0000000000000005600f0000000000000005600f0000000000000005600f0000000
01:59:55.646 [DEBUG] [serial] Sin header 0xAA, descartando 128 bytes: 00005600f0000000000000005600f000
01:59:55.657 [DEBUG] [serial] RX 128 bytes: 000000005600f0000000000000005600f0000000000000005600f0000000000000005600f0000000000000005600f0000000000000005600f0000000000000005600f0000000000000005600f0000000000000005600f0000000000000005600f0000000000000005600f0000000000000005600f0000000000000005600f000
01:59:55.657 [DEBUG] [serial] Sin header 0xAA, descartando 128 bytes: 000000005600f0000000000000005600
01:59:55.668 [DEBUG] [serial] RX 128 bytes: 0000000000005600f0000000000000005600f0000000000000005600f0000000000000005600f0000000000000005600f0000000000000005600f0000000000000005600f0000000000000005600f0000000000000005600f0000000000000005600f0000000000000005600f0000000000000005600f0000000000000005600
01:59:55.668 [DEBUG] [serial] Sin header 0xAA, descartando 128 bytes: 0000000000005600f000000000000000
01:59:55.678 [DEBUG] [serial] RX 128 bytes: f0000000000000005600f0000000000000005600f0000000000000005600f0000000000000005600f0000000000000005600f0000000000000005600f0000000000000005600f0000000000000005600f0000000000000005600f0000000000000005600f0000000000000005600f0000000000000005600f000000000000000
01:59:55.678 [DEBUG] [serial] Sin header 0xAA, descartando 128 bytes: f0000000000000005600f00000000000
01:59:55.689 [DEBUG] [serial] RX 128 bytes: 5600f0000000000000005600f0000000000000005600f0000000000000005600f0000000000000005600f0000000000000005600f0000000000000005600f0000000000000005600f0000000000000005600f0000000000000005600f0000000000000005600f0000000000000005600f0000000000000005600f00000000000
01:59:55.689 [DEBUG] [serial] Sin header 0xAA, descartando 128 bytes: 5600f0000000000000005600f0000000
01:59:55.700 [DEBUG] [serial] RX 128 bytes: 00005600f0000000000000005600f0000000000000005600f0000000000000005600f0000000000000005600f0000000000000005600f0000000000000005600f0000000000000005600f0000000000000005600f0000000000000005600f0000000000000005600f0000000000000005600f0000000000000005600f0000000
01:59:55.700 [DEBUG] [serial] Sin header 0xAA, descartando 128 bytes: 00005600f0000000000000005600f000
01:59:55.710 [DEBUG] [serial] RX 128 bytes: 000000005600f0000000000000005600f0000000000000005600f0000000000000005600f0000000000000005600f0000000000000005600f0000000000000005600f0000000000000005600f0000000000000005600f0000000000000005600f0000000000000005600f0000000000000005600f0000000000000005600f000
01:59:55.711 [DEBUG] [serial] Sin header 0xAA, descartando 128 bytes: 000000005600f0000000000000005600
01:59:55.721 [DEBUG] [serial] RX 128 bytes: 0000000000005600f0000000000000005600f0000000000000005600f0000000000000005600f0000000000000005600f0000000000000005600f0000000000000005600f0000000000000005600f0000000000000005600f0000000000000005600f0000000000000005600f0000000000000005600f0000000000000005600
01:59:55.721 [DEBUG] [serial] Sin header 0xAA, descartando 128 bytes: 0000000000005600f000000000000000
01:59:55.731 [DEBUG] [serial] RX 128 bytes: f0000000000000005600f0000000000000005600f0000000000000005600f0000000000000005600f0000000000000005600f0000000000000005600f0000000000000005600f0000000000000005600f0000000000000005600f0000000000000005600f0000000000000005600f0000000000000005600f000000000000000
01:59:55.732 [DEBUG] [serial] Sin header 0xAA, descartando 128 bytes: f0000000000000005600f00000000000
01:59:55.742 [DEBUG] [serial] RX 128 bytes: 5600f0000000000000005600f0000000000000005600f0000000000000005600f0000000000000005600f0000000000000005600f0000000000000005600f0000000000000005600f0000000000000005600f0000000000000005600f0000000000000005600f0000000000000005600f0000000000000005600f00000000000
01:59:55.742 [DEBUG] [serial] Sin header 0xAA, descartando 128 bytes: 5600f0000000000000005600f0000000
01:59:55.753 [DEBUG] [serial] RX 128 bytes: 00005600f0000000000000005600f0000000000000005600f0000000000000005600f0000000000000005600f0000000000000005600f0000000000000005600f0000000000000005600f0000000000000005600f0000000000000005600f0000000000000005600f0000000000000005600f0000000000000005600f0000000
01:59:55.753 [DEBUG] [serial] Sin header 0xAA, descartando 128 bytes: 00005600f0000000000000005600f000
01:59:55.764 [DEBUG] [serial] RX 128 bytes: 000000005600f0000000000000005600f0000000000000005600f0000000000000005600f0000000000000005600f0000000000000005600f0000000000000005600f0000000000000005600f0000000000000005600f0000000000000005600f0000000000000005600f0000000000000005600f0000000000000005600f000
01:59:55.764 [DEBUG] [serial] Sin header 0xAA, descartando 128 bytes: 000000005600f0000000000000005600
01:59:55.775 [DEBUG] [serial] RX 128 bytes: 0000000000005600f0000000000000005600f0000000000000005600f0000000000000005600f0000000000000005600f0000000000000005600f0000000000000005600f0000000000000005600f0000000000000005600f0000000000000005600f0000000000000005600f0000000000000005600f0000000000000005600
01:59:55.775 [DEBUG] [serial] Sin header 0xAA, descartando 128 bytes: 0000000000005600f000000000000000
01:59:55.785 [DEBUG] [serial] RX 128 bytes: f0000000000000005600f0000000000000005600f0000000000000005600f0000000000000005600f0000000000000005600f0000000000000005600f0000000000000005600f0000000000000005600f0000000000000005600f0000000000000005600f0000000000000005600f0000000000000005600f000000000000000
01:59:55.785 [DEBUG] [serial] Sin header 0xAA, descartando 128 bytes: f0000000000000005600f00000000000
01:59:55.796 [DEBUG] [serial] RX 128 bytes: 5600f0000000000000005600f0000000000000005600f0000000000000005600f0000000000000005600f0000000000000005600f0000000000000005600f0000000000000005600f0000000000000005600f0000000000000005600f0000000000000005600f0000000000000005600f0000000000000005600f00000000000
01:59:55.796 [DEBUG] [serial] Sin header 0xAA, descartando 128 bytes: 5600f0000000000000005600f0000000
01:59:55.806 [DEBUG] [serial] RX 128 bytes: 00005600f0000000000000005600f0000000000000005600f0000000000000005600f0000000000000005600f0000000000000005600f0000000000000005600f0000000000000005600f0000000000000005600f0000000000000005600f0000000000000005600f0000000000000005600f0000000000000005600f0000000
01:59:55.807 [DEBUG] [serial] Sin header 0xAA, descartando 128 bytes: 00005600f0000000000000005600f000
01:59:55.817 [DEBUG] [serial] RX 128 bytes: 000000005600f0000000000000005600f0000000000000005600f0000000000000005600f0000000000000005600f0000000000000005600f0000000000000005600f0000000000000005600f0000000000000005600f0000000000000005600f0000000000000005600f0000000000000005600f0000000000000005600f000
01:59:55.817 [DEBUG] [serial] Sin header 0xAA, descartando 128 bytes: 000000005600f0000000000000005600
01:59:55.828 [DEBUG] [serial] RX 128 bytes: 0000000000005600f0000000000000005600f0000000000000005600f0000000000000005600f0000000000000005600f0000000000000005600f0000000000000005600f0000000000000005600f0000000000000005600f0000000000000005600f0000000000000005600f0000000000000005600f0000000000000005600
01:59:55.828 [DEBUG] [serial] Sin header 0xAA, descartando 128 bytes: 0000000000005600f000000000000000
01:59:55.838 [DEBUG] [serial] RX 128 bytes: f0000000000000005600f0000000000000005600f0000000000000005600f0000000000000005600f0000000000000005600f0000000000000005600f0000000000000005600f0000000000000005600f0000000000000005600f0000000000000005600f0000000000000005600f0000000000000005600f000000000000000
01:59:55.838 [DEBUG] [serial] Sin header 0xAA, descartando 128 bytes: f0000000000000005600f00000000000
01:59:55.849 [DEBUG] [serial] RX 128 bytes: 5600f0000000000000005600f0000000000000005600f0000000000000005600f0000000000000005600f0000000000000005600f0000000000000005600f0000000000000005600f0000000000000005600f0000000000000005600f0000000000000005600f0000000000000005600f0000000000000005600f00000000000
01:59:55.849 [DEBUG] [serial] Sin header 0xAA, descartando 128 bytes: 5600f0000000000000005600f0000000
01:59:55.860 [DEBUG] [serial] RX 128 bytes: 00005600f0000000000000005600f0000000000000005600f0000000000000005600f0000000000000005600f0000000000000005600f0000000000000005600f0000000000000005600f0000000000000005600f0000000000000005600f0000000000000005600f0000000000000005600f0000000000000005600f0000000
01:59:55.860 [DEBUG] [serial] Sin header 0xAA, descartando 128 bytes: 00005600f0000000000000005600f000
01:59:55.871 [DEBUG] [serial] RX 128 bytes: 000000005600f0000000000000005600f0000000000000005600f0000000000000005600f0000000000000005600f0000000000000005600f0000000000000005600f0000000000000005600f0000000000000005600f0000000000000005600f0000000000000005600f0000000000000005600f0000000000000005600f000
01:59:55.871 [DEBUG] [serial] Sin header 0xAA, descartando 128 bytes: 000000005600f0000000000000005600
01:59:55.881 [DEBUG] [serial] RX 128 bytes: 0000000000005600f0000000000000005600f0000000000000005600f0000000000000005600f0000000000000005600f0000000000000005600f0000000000000005600f0000000000000005600f0000000000000005600f0000000000000005600f0000000000000005600f0000000000000005600f0000000000000005600
01:59:55.881 [DEBUG] [serial] Sin header 0xAA, descartando 128 bytes: 0000000000005600f000000000000000
01:59:55.892 [DEBUG] [serial] RX 128 bytes: f0000000000000005600f0000000000000005600f0000000000000005600f0000000000000005600f0000000000000005600f0000000000000005600f0000000000000005600f0000000000000005600f0000000000000005600f0000000000000005600f0000000000000005600f0000000000000005600f000000000000000
01:59:55.892 [DEBUG] [serial] Sin header 0xAA, descartando 128 bytes: f0000000000000005600f00000000000
01:59:55.903 [DEBUG] [serial] RX 128 bytes: 5600f0000000000000005600f0000000000000005600f0000000000000005600f0000000000000005600f0000000000000005600f0000000000000005600f0000000000000005600f0000000000000005600f0000000000000005600f0000000000000005600f0000000000000005600f0000000000000005600f00000000000
01:59:55.903 [DEBUG] [serial] Sin header 0xAA, descartando 128 bytes: 5600f0000000000000005600f0000000
01:59:55.913 [DEBUG] [serial] RX 128 bytes: 00005600f0000000000000005600f0000000000000005600f0000000000000005600f0000000000000005600f0000000000000005600f0000000000000005600f0000000000000005600f0000000000000005600f0000000000000005600f0000000000000005600f0000000000000005600f0000000000000005600f0000000
01:59:55.914 [DEBUG] [serial] Sin header 0xAA, descartando 128 bytes: 00005600f0000000000000005600f000
01:59:55.924 [DEBUG] [serial] RX 128 bytes: 000000005600f0000000000000005600f0000000000000005600f0000000000000005600f0000000000000005600f0000000000000005600f0000000000000005600f0000000000000005600f0000000000000005600f0000000000000005600f0000000000000005600f0000000000000005600f0000000000000005600f000
01:59:55.924 [DEBUG] [serial] Sin header 0xAA, descartando 128 bytes: 000000005600f0000000000000005600
01:59:55.935 [DEBUG] [serial] RX 128 bytes: 0000000000005600f0000000000000005600f0000000000000005600f0000000000000005600f0000000000000005600f0000000000000005600f0000000000000005600f0000000000000005600f0000000000000005600f0000000000000005600f0000000000000005600f0000000000000005600f0000000000000005600
01:59:55.935 [DEBUG] [serial] Sin header 0xAA, descartando 128 bytes: 0000000000005600f000000000000000
01:59:55.945 [DEBUG] [serial] RX 128 bytes: f0000000000000005600f0000000000000005600f0000000000000005600f0000000000000005600f0000000000000005600f0000000000000005600f0000000000000005600f0000000000000005600f0000000000000005600f0000000000000005600f0000000000000005600f0000000000000005600f000000000000000
01:59:55.945 [DEBUG] [serial] Sin header 0xAA, descartando 128 bytes: f0000000000000005600f00000000000
01:59:55.956 [DEBUG] [serial] RX 128 bytes: 5600f0000000000000005600f0000000000000005600f0000000000000005600f0000000000000005600f0000000000000005600f0000000000000005600f0000000000000005600f0000000000000005600f0000000000000005600f0000000000000005600f0000000000000005600f0000000000000005600f00000000000
01:59:55.956 [DEBUG] [serial] Sin header 0xAA, descartando 128 bytes: 5600f0000000000000005600f0000000
01:59:55.967 [DEBUG] [serial] RX 128 bytes: 00005600f0000000000000005600f0000000000000005600f0000000000000005600f0000000000000005600f0000000000000005600f0000000000000005600f0000000000000005600f0000000000000005600f0000000000000005600f0000000000000005600f0000000000000005600f0000000000000005600f0000000
01:59:55.967 [DEBUG] [serial] Sin header 0xAA, descartando 128 bytes: 00005600f0000000000000005600f000
01:59:55.978 [DEBUG] [serial] RX 128 bytes: 000000005600f0000000000000005600f0000000000000005600f0000000000000005600f0000000000000005600f0000000000000005600f0000000000000005600f0000000000000005600f0000000000000005600f0000000000000005600f0000000000000005600f0000000000000005600f0000000000000005600f000
01:59:55.978 [DEBUG] [serial] Sin header 0xAA, descartando 128 bytes: 000000005600f0000000000000005600
01:59:55.988 [DEBUG] [serial] RX 128 bytes: 0000000000005600f0000000000000005600f0000000000000005600f0000000000000005600f0000000000000005600f0000000000000005600f0000000000000005600f0000000000000005600f0000000000000005600f0000000000000005600f0000000000000005600f0000000000000005600f0000000000000005600
01:59:55.989 [DEBUG] [serial] Sin header 0xAA, descartando 128 bytes: 0000000000005600f000000000000000
01:59:55.999 [DEBUG] [serial] RX 128 bytes: f0000000000000005600f0000000000000005600f0000000000000005600f0000000000000005600f0000000000000005600f0000000000000005600f0000000000000005600f0000000000000005600f0000000000000005600f0000000000000005600f0000000000000005600f0000000000000005600f000000000000000
01:59:55.999 [DEBUG] [serial] Sin header 0xAA, descartando 128 bytes: f0000000000000005600f00000000000
01:59:56.009 [DEBUG] [serial] RX 128 bytes: 5600f0000000000000005600f0000000000000005600f0000000000000005600f0000000000000005600f0000000000000005600f0000000000000005600f0000000000000005600f0000000000000005600f0000000000000005600f0000000000000005600f0000000000000005600f0000000000000005600f00000000000
01:59:56.011 [DEBUG] [serial] Sin header 0xAA, descartando 128 bytes: 5600f0000000000000005600f0000000
01:59:56.020 [DEBUG] [serial] RX 128 bytes: 00005600f0000000000000005600f0000000000000005600f0000000000000005600f0000000000000005600f0000000000000005600f0000000000000005600f0000000000000005600f0000000000000005600f0000000000000005600f0000000000000005600f0000000000000005600f0000000000000005600f0000000
01:59:56.020 [DEBUG] [serial] Sin header 0xAA, descartando 128 bytes: 00005600f0000000000000005600f000
01:59:56.024 [INFO] [GUI] Click START
01:59:56.024 [INFO] [serial] Encolando TX CMD_START: bb04
01:59:56.031 [INFO] [serial] TX CMD_START: bb04
01:59:56.031 [DEBUG] [serial] TX OK: 2 bytes escritos
01:59:56.031 [DEBUG] [serial] RX 128 bytes: 000000005600f0000000000000005600f0000000000000005600f0000000000000005600f0000000000000005600f0000000000000005600f0000000000000005600f0000000000000005600f0000000000000005600f0000000000000005600f0000000000000005600f0000000000000005600f0000000000000005600f000
01:59:56.031 [DEBUG] [serial] Sin header 0xAA, descartando 128 bytes: 000000005600f0000000000000005600
01:59:56.042 [DEBUG] [serial] RX 128 bytes: 0000000000005600f0000000000000005600f0000000000000005600f0000000000000005600f0000000000000005600f0000000000000005600f0000000000000005600f0000000000000005600f0000000000000005600f0000000000000005600f0000000000000005600f0000000000000005600f0000000000000005600
01:59:56.042 [DEBUG] [serial] Sin header 0xAA, descartando 128 bytes: 0000000000005600f000000000000000
01:59:56.052 [DEBUG] [serial] RX 128 bytes: f0000000000000005600f0000000000000005600f0000000000000005600f0000000000000005600f0000000000000005600f0000000000000005600f0000000000000005600f0000000000000005600f0000000000000005600f0000000000000005600f0000000000000005600f0000000000000005600f000000000000000
01:59:56.052 [DEBUG] [serial] Sin header 0xAA, descartando 128 bytes: f0000000000000005600f00000000000
01:59:56.063 [DEBUG] [serial] RX 128 bytes: 5600f0000000000000005600f0000000000000005600f0000000000000005600f0000000000000005600f0000000000000005600f0000000000000005600f0000000000000005600f0000000000000005600f0000000000000005600f0000000000000005600f0000000000000005600f0000000000000005600f00000000000
01:59:56.063 [DEBUG] [serial] Sin header 0xAA, descartando 128 bytes: 5600f0000000000000005600f0000000
01:59:56.074 [DEBUG] [serial] RX 128 bytes: 00005600f0000000000000005600f0000000000000005600f0000000000000005600f0000000000000005600f0000000000000005600f0000000000000005600f0000000000000005600f0000000000000005600f0000000000000005600f0000000000000005600f0000000000000005600f0000000000000005600f0000000
01:59:56.074 [DEBUG] [serial] Sin header 0xAA, descartando 128 bytes: 00005600f0000000000000005600f000
01:59:56.084 [DEBUG] [serial] RX 128 bytes: 000000005600f0000000000000005600f0000000000000005600f0000000000000005600f0000000000000005600f0000000000000005600f0000000000000005600f0000000000000005600f0000000000000005600f0000000000000005600f0000000000000005600f0000000000000005600f0000000000000005600f000
01:59:56.085 [DEBUG] [serial] Sin header 0xAA, descartando 128 bytes: 000000005600f0000000000000005600
01:59:56.095 [DEBUG] [serial] RX 128 bytes: 0000000000005600f0000000000000005600f0000000000000005600f0000000000000005600f0000000000000005600f0000000000000005600f0000000000000005600f0000000000000005600f0000000000000005600f0000000000000005600f0000000000000005600f0000000000000005600f0000000000000005600
01:59:56.095 [DEBUG] [serial] Sin header 0xAA, descartando 128 bytes: 0000000000005600f000000000000000
01:59:56.106 [DEBUG] [serial] RX 128 bytes: f0000000000000005600f0000000000000005600f0000000000000005600f0000000000000005600f0000000000000005600f0000000000000005600f0000000000000005600f0000000000000005600f0000000000000005600f0000000000000005600f0000000000000005600f0000000000000005600f000000000000000
01:59:56.106 [DEBUG] [serial] Sin header 0xAA, descartando 128 bytes: f0000000000000005600f00000000000
01:59:56.116 [DEBUG] [serial] RX 128 bytes: 5600f0000000000000005600f0000000000000005600f0000000000000005600f0000000000000005600f0000000000000005600f0000000000000005600f0000000000000005600f0000000000000005600f0000000000000005600f0000000000000005600f0000000000000005600f0000000000000005600f00000000000
01:59:56.116 [DEBUG] [serial] Sin header 0xAA, descartando 128 bytes: 5600f0000000000000005600f0000000
01:59:56.127 [DEBUG] [serial] RX 128 bytes: 00005600f0000000000000005600f0000000000000005600f0000000000000005600f0000000000000005600f0000000000000005600f0000000000000005600f0000000000000005600f0000000000000005600f0000000000000005600f0000000000000005600f0000000000000005600f0000000000000005600f0000000
01:59:56.127 [DEBUG] [serial] Sin header 0xAA, descartando 128 bytes: 00005600f0000000000000005600f000
01:59:56.138 [DEBUG] [serial] RX 128 bytes: 000000005600f0000000000000005600f0000000000000005600f0000000000000005600f0000000000000005600f0000000000000005600f0000000000000005600f0000000000000005600f0000000000000005600f0000000000000005600f0000000000000005600f0000000000000005600f0000000000000005600f000
01:59:56.138 [DEBUG] [serial] Sin header 0xAA, descartando 128 bytes: 000000005600f0000000000000005600
01:59:56.149 [DEBUG] [serial] RX 128 bytes: 0000000000005600f0000000000000005600f0000000000000005600f0000000000000005600f0000000000000005600f0000000000000005600f0000000000000005600f0000000000000005600f0000000000000005600f0000000000000005600f0000000000000005600f0000000000000005600f0000000000000005600
01:59:56.149 [DEBUG] [serial] Sin header 0xAA, descartando 128 bytes: 0000000000005600f000000000000000
01:59:56.159 [DEBUG] [serial] RX 128 bytes: f0000000000000005600f0000000000000005600f0000000000000005600f0000000000000005600f0000000000000005600f0000000000000005600f0000000000000005600f0000000000000005600f0000000000000005600f0000000000000005600f0000000000000005600f0000000000000005600f000000000000000
01:59:56.159 [DEBUG] [serial] Sin header 0xAA, descartando 128 bytes: f0000000000000005600f00000000000
01:59:56.170 [DEBUG] [serial] RX 128 bytes: 5600f0000000000000005600f0000000000000005600f0000000000000005600f0000000000000005600f0000000000000005600f0000000000000005600f0000000000000005600f0000000000000005600f0000000000000005600f0000000000000005600f0000000000000005600f0000000000000005600f00000000000
01:59:56.170 [DEBUG] [serial] Sin header 0xAA, descartando 128 bytes: 5600f0000000000000005600f0000000
01:59:56.181 [DEBUG] [serial] RX 128 bytes: 00005600f0000000000000005600f0000000000000005600f0000000000000005600f0000000000000005600f0000000000000005600f0000000000000005600f0000000000000005600f0000000000000005600f0000000000000005600f0000000000000005600f0000000000000005600f0000000000000005600f0000000
01:59:56.181 [DEBUG] [serial] Sin header 0xAA, descartando 128 bytes: 00005600f0000000000000005600f000
01:59:56.191 [DEBUG] [serial] RX 128 bytes: 000000005600f0000000000000005600f0000000000000005600f0000000000000005600f0000000000000005600f0000000000000005600f0000000000000005600f0000000000000005600f0000000000000005600f0000000000000005600f0000000000000005600f0000000000000005600f0000000000000005600f000
01:59:56.191 [DEBUG] [serial] Sin header 0xAA, descartando 128 bytes: 000000005600f0000000000000005600
01:59:56.202 [DEBUG] [serial] RX 128 bytes: 0000000000005600f0000000000000005600f0000000000000005600f0000000000000005600f0000000000000005600f0000000000000005600f0000000000000005600f0000000000000005600f0000000000000005600f0000000000000005600f0000000000000005600f0000000000000005600f0000000000000005600
01:59:56.202 [DEBUG] [serial] Sin header 0xAA, descartando 128 bytes: 0000000000005600f000000000000000
01:59:56.212 [DEBUG] [serial] RX 128 bytes: f0000000000000005600f0000000000000005600f0000000000000005600f0000000000000005600f0000000000000005600f0000000000000005600f0000000000000005600f0000000000000005600f0000000000000005600f0000000000000005600f0000000000000005600f0000000000000005600f000000000000000
01:59:56.213 [DEBUG] [serial] Sin header 0xAA, descartando 128 bytes: f0000000000000005600f00000000000
01:59:56.223 [DEBUG] [serial] RX 128 bytes: 5600f0000000000000005600f0000000000000005600f0000000000000005600f0000000000000005600f0000000000000005600f0000000000000005600f0000000000000005600f0000000000000005600f0000000000000005600f0000000000000005600f0000000000000005600f0000000000000005600f00000000000
01:59:56.223 [DEBUG] [serial] Sin header 0xAA, descartando 128 bytes: 5600f0000000000000005600f0000000
01:59:56.234 [DEBUG] [serial] RX 128 bytes: 00005600f0000000000000005600f0000000000000005600f0000000000000005600f0000000000000005600f0000000000000005600f0000000000000005600f0000000000000005600f0000000000000005600f0000000000000005600f0000000000000005600f0000000000000005600f0000000000000005600f0000000
01:59:56.234 [DEBUG] [serial] Sin header 0xAA, descartando 128 bytes: 00005600f0000000000000005600f000
01:59:56.245 [DEBUG] [serial] RX 128 bytes: 000000005600f0000000000000005600f0000000000000005600f0000000000000005600f0000000000000005600f0000000000000005600f0000000000000005600f0000000000000005600f0000000000000005600f0000000000000005600f0000000000000005600f0000000000000005600f0000000000000005600f000
01:59:56.245 [DEBUG] [serial] Sin header 0xAA, descartando 128 bytes: 000000005600f0000000000000005600
01:59:56.256 [DEBUG] [serial] RX 128 bytes: 0000000000005600f0000000000000005600f0000000000000005600f0000000000000005600f0000000000000005600f0000000000000005600f0000000000000005600f0000000000000005600f0000000000000005600f0000000000000005600f0000000000000005600f0000000000000005600f0000000000000005600
01:59:56.256 [DEBUG] [serial] Sin header 0xAA, descartando 128 bytes: 0000000000005600f000000000000000
01:59:56.266 [DEBUG] [serial] RX 128 bytes: f0000000000000005600f0000000000000005600f0000000000000005600f0000000000000005600f0000000000000005600f0000000000000005600f0000000000000005600f0000000000000005600f0000000000000005600f0000000000000005600f0000000000000005600f0000000000000005600f000000000000000
01:59:56.266 [DEBUG] [serial] Sin header 0xAA, descartando 128 bytes: f0000000000000005600f00000000000
01:59:56.277 [DEBUG] [serial] RX 128 bytes: 5600f0000000000000005600f0000000000000005600f0000000000000005600f0000000000000005600f0000000000000005600f0000000000000005600f0000000000000005600f0000000000000005600f0000000000000005600f0000000000000005600f0000000000000005600f0000000000000005600f00000000000
01:59:56.277 [DEBUG] [serial] Sin header 0xAA, descartando 128 bytes: 5600f0000000000000005600f0000000
01:59:56.287 [DEBUG] [serial] RX 128 bytes: 00005600f0000000000000005600f0000000000000005600f0000000000000005600f0000000000000005600f0000000000000005600f0000000000000005600f0000000000000005600f0000000000000005600f0000000000000005600f0000000000000005600f0000000000000005600f0000000000000005600f0000000
01:59:56.288 [DEBUG] [serial] Sin header 0xAA, descartando 128 bytes: 00005600f0000000000000005600f000
01:59:56.298 [DEBUG] [serial] RX 128 bytes: 000000005600f0000000000000005600f0000000000000005600f0000000000000005600f0000000000000005600f0000000000000005600f0000000000000005600f0000000000000005600f0000000000000005600f0000000000000005600f0000000000000005600f0000000000000005600f0000000000000005600f000
01:59:56.298 [DEBUG] [serial] Sin header 0xAA, descartando 128 bytes: 000000005600f0000000000000005600
01:59:56.309 [DEBUG] [serial] RX 128 bytes: 0000000000005600f0000000000000005600f0000000000000005600f0000000000000005600f0000000000000005600f0000000000000005600f0000000000000005600f0000000000000005600f0000000000000005600f0000000000000005600f0000000000000005600f0000000000000005600f0000000000000005600
01:59:56.309 [DEBUG] [serial] Sin header 0xAA, descartando 128 bytes: 0000000000005600f000000000000000
01:59:56.319 [DEBUG] [serial] RX 128 bytes: f0000000000000005600f0000000000000005600f0000000000000005600f0000000000000005600f0000000000000005600f0000000000000005600f0000000000000005600f0000000000000005600f0000000000000005600f0000000000000005600f0000000000000005600f0000000000000005600f000000000000000
01:59:56.319 [DEBUG] [serial] Sin header 0xAA, descartando 128 bytes: f0000000000000005600f00000000000
01:59:56.330 [DEBUG] [serial] RX 128 bytes: 5600f0000000000000005600f0000000000000005600f0000000000000005600f0000000000000005600f0000000000000005600f0000000000000005600f0000000000000005600f0000000000000005600f0000000000000005600f0000000000000005600f0000000000000005600f0000000000000005600f00000000000
01:59:56.330 [DEBUG] [serial] Sin header 0xAA, descartando 128 bytes: 5600f0000000000000005600f0000000
01:59:56.341 [DEBUG] [serial] RX 128 bytes: 00005600f0000000000000005600f0000000000000005600f0000000000000005600f0000000000000005600f0000000000000005600f0000000000000005600f0000000000000005600f0000000000000005600f0000000000000005600f0000000000000005600f0000000000000005600f0000000000000005600f0000000
01:59:56.341 [DEBUG] [serial] Sin header 0xAA, descartando 128 bytes: 00005600f0000000000000005600f000
01:59:56.352 [DEBUG] [serial] RX 128 bytes: 000000005600f0000000000000005600f0000000000000005600f0000000000000005600f0000000000000005600f0000000000000005600f0000000000000005600f0000000000000005600f0000000000000005600f0000000000000005600f0000000000000005600f0000000000000005600f0000000000000005600f000
01:59:56.352 [DEBUG] [serial] Sin header 0xAA, descartando 128 bytes: 000000005600f0000000000000005600
01:59:56.362 [DEBUG] [serial] RX 128 bytes: 0000000000005600f0000000000000005600f0000000000000005600f0000000000000005600f0000000000000005600f0000000000000005600f0000000000000005600f0000000000000005600f0000000000000005600f0000000000000005600f0000000000000005600f0000000000000005600f0000000000000005600
01:59:56.363 [DEBUG] [serial] Sin header 0xAA, descartando 128 bytes: 0000000000005600f000000000000000
01:59:56.373 [DEBUG] [serial] RX 128 bytes: f0000000000000005600f0000000000000005600f0000000000000005600f0000000000000005600f0000000000000005600f0000000000000005600f0000000000000005600f0000000000000005600f0000000000000005600f0000000000000005600f0000000000000005600f0000000000000005600f000000000000000
01:59:56.374 [DEBUG] [serial] Sin header 0xAA, descartando 128 bytes: f0000000000000005600f00000000000
01:59:56.383 [DEBUG] [serial] RX 128 bytes: 5600f0000000000000005600f0000000000000005600f0000000000000005600f0000000000000005600f0000000000000005600f0000000000000005600f0000000000000005600f0000000000000005600f0000000000000005600f0000000000000005600f0000000000000005600f0000000000000005600f00000000000
01:59:56.384 [DEBUG] [serial] Sin header 0xAA, descartando 128 bytes: 5600f0000000000000005600f0000000
01:59:56.395 [DEBUG] [serial] RX 128 bytes: 00005600f0000000000000005600f0000000000000005600f0000000000000005600f0000000000000005600f0000000000000005600f0000000000000005600f0000000000000005600f0000000000000005600f0000000000000005600f0000000000000005600f0000000000000005600f0000000000000005600f0000000
01:59:56.395 [DEBUG] [serial] Sin header 0xAA, descartando 128 bytes: 00005600f0000000000000005600f000
01:59:56.405 [DEBUG] [serial] RX 128 bytes: 000000005600f0000000000000005600f0000000000000005600f0000000000000005600f0000000000000005600f0000000000000005600f0000000000000005600f0000000000000005600f0000000000000005600f0000000000000005600f0000000000000005600f0000000000000005600f0000000000000005600f000
01:59:56.405 [DEBUG] [serial] Sin header 0xAA, descartando 128 bytes: 000000005600f0000000000000005600
01:59:56.416 [DEBUG] [serial] RX 128 bytes: 0000000000005600f0000000000000005600f0000000000000005600f0000000000000005600f0000000000000005600f0000000000000005600f0000000000000005600f0000000000000005600f0000000000000005600f0000000000000005600f0000000000000005600f0000000000000005600f0000000000000005600
01:59:56.416 [DEBUG] [serial] Sin header 0xAA, descartando 128 bytes: 0000000000005600f000000000000000
01:59:56.426 [DEBUG] [serial] RX 128 bytes: f0000000000000005600f0000000000000005600f0000000000000005600f0000000000000005600f0000000000000005600f0000000000000005600f0000000000000005600f0000000000000005600f0000000000000005600f0000000000000005600f0000000000000005600f0000000000000005600f000000000000000
01:59:56.426 [DEBUG] [serial] Sin header 0xAA, descartando 128 bytes: f0000000000000005600f00000000000
01:59:56.437 [DEBUG] [serial] RX 128 bytes: 5600f0000000000000005600f0000000000000005600f0000000000000005600f0000000000000005600f0000000000000005600f0000000000000005600f0000000000000005600f0000000000000005600f0000000000000005600f0000000000000005600f0000000000000005600f0000000000000005600f00000000000
01:59:56.437 [DEBUG] [serial] Sin header 0xAA, descartando 128 bytes: 5600f0000000000000005600f0000000
01:59:56.448 [DEBUG] [serial] RX 128 bytes: 00005600f0000000000000005600f0000000000000005600f0000000000000005600f0000000000000005600f0000000000000005600f0000000000000005600f0000000000000005600f0000000000000005600f0000000000000005600f0000000000000005600f0000000000000005600f0000000000000005600f0000000
01:59:56.448 [DEBUG] [serial] Sin header 0xAA, descartando 128 bytes: 00005600f0000000000000005600f000
01:59:56.459 [DEBUG] [serial] RX 128 bytes: 000000005600f0000000000000005600f0000000000000005600f0000000000000005600f0000000000000005600f0000000000000005600f0000000000000005600f0000000000000005600f0000000000000005600f0000000000000005600f0000000000000005600f0000000000000005600f0000000000000005600f000
01:59:56.459 [DEBUG] [serial] Sin header 0xAA, descartando 128 bytes: 000000005600f0000000000000005600
01:59:56.469 [DEBUG] [serial] RX 128 bytes: 0000000000005600f0000000000000005600f0000000000000005600f0000000000000005600f0000000000000005600f0000000000000005600f0000000000000005600f0000000000000005600f0000000000000005600f0000000000000005600f0000000000000005600f0000000000000005600f0000000000000005600
01:59:56.470 [DEBUG] [serial] Sin header 0xAA, descartando 128 bytes: 0000000000005600f000000000000000
01:59:56.479 [DEBUG] [serial] RX 128 bytes: f0000000000000005600f0000000000000005600f0000000000000005600f0000000000000005600f0000000000000005600f0000000000000005600f0000000000000005600f0000000000000005600f0000000000000005600f0000000000000005600f0000000000000005600f0000000000000005600f000000000000000
01:59:56.480 [DEBUG] [serial] Sin header 0xAA, descartando 128 bytes: f0000000000000005600f00000000000
01:59:56.490 [DEBUG] [serial] RX 128 bytes: 5600f0000000000000005600f0000000000000005600f0000000000000005600f0000000000000005600f0000000000000005600f0000000000000005600f0000000000000005600f0000000000000005600f0000000000000005600f0000000000000005600f0000000000000005600f0000000000000005600f00000000000
01:59:56.491 [DEBUG] [serial] Sin header 0xAA, descartando 128 bytes: 5600f0000000000000005600f0000000
01:59:56.501 [DEBUG] [serial] RX 128 bytes: 00005600f0000000000000005600f0000000000000005600f0000000000000005600f0000000000000005600f0000000000000005600f0000000000000005600f0000000000000005600f0000000000000005600f0000000000000005600f0000000000000005600f0000000000000005600f0000000000000005600f0000000
01:59:56.501 [DEBUG] [serial] Sin header 0xAA, descartando 128 bytes: 00005600f0000000000000005600f000
01:59:56.512 [DEBUG] [serial] RX 128 bytes: 000000005600f0000000000000005600f0000000000000005600f0000000000000005600f0000000000000005600f0000000000000005600f0000000000000005600f0000000000000005600f0000000000000005600f0000000000000005600f0000000000000005600f0000000000000005600f0000000000000005600f000
01:59:56.512 [DEBUG] [serial] Sin header 0xAA, descartando 128 bytes: 000000005600f0000000000000005600
01:59:56.523 [DEBUG] [serial] RX 128 bytes: 0000000000005600f0000000000000005600f0000000000000005600f0000000000000005600f0000000000000005600f0000000000000005600f0000000000000005600f0000000000000005600f0000000000000005600f0000000000000005600f0000000000000005600f0000000000000005600f0000000000000005600
01:59:56.523 [DEBUG] [serial] Sin header 0xAA, descartando 128 bytes: 0000000000005600f000000000000000
01:59:56.533 [DEBUG] [serial] RX 128 bytes: f0000000000000005600f0000000000000005600f0000000000000005600f0000000000000005600f0000000000000005600f0000000000000005600f0000000000000005600f0000000000000005600f0000000000000005600f0000000000000005600f0000000000000005600f0000000000000005600f000000000000000
01:59:56.533 [DEBUG] [serial] Sin header 0xAA, descartando 128 bytes: f0000000000000005600f00000000000
01:59:56.544 [DEBUG] [serial] RX 128 bytes: 5600f0000000000000005600f0000000000000005600f0000000000000005600f0000000000000005600f0000000000000005600f0000000000000005600f0000000000000005600f0000000000000005600f0000000000000005600f0000000000000005600f0000000000000005600f0000000000000005600f00000000000
01:59:56.544 [DEBUG] [serial] Sin header 0xAA, descartando 128 bytes: 5600f0000000000000005600f0000000
01:59:56.554 [DEBUG] [serial] RX 128 bytes: 00005600f0000000000000005600f0000000000000005600f0000000000000005600f0000000000000005600f0000000000000005600f0000000000000005600f0000000000000005600f0000000000000005600f0000000000000005600f0000000000000005600f0000000000000005600f0000000000000005600f0000000
01:59:56.555 [DEBUG] [serial] Sin header 0xAA, descartando 128 bytes: 00005600f0000000000000005600f000
01:59:56.565 [DEBUG] [serial] RX 128 bytes: 000000005600f0000000000000005600f0000000000000005600f0000000000000005600f0000000000000005600f0000000000000005600f0000000000000005600f0000000000000005600f0000000000000005600f0000000000000005600f0000000000000005600f0000000000000005600f0000000000000005600f000
01:59:56.566 [DEBUG] [serial] Sin header 0xAA, descartando 128 bytes: 000000005600f0000000000000005600
01:59:56.576 [DEBUG] [serial] RX 128 bytes: 0000000000005600f0000000000000005600f0000000000000005600f0000000000000005600f0000000000000005600f0000000000000005600f0000000000000005600f0000000000000005600f0000000000000005600f0000000000000005600f0000000000000005600f0000000000000005600f0000000000000005600
01:59:56.576 [DEBUG] [serial] Sin header 0xAA, descartando 128 bytes: 0000000000005600f000000000000000
01:59:56.586 [DEBUG] [serial] RX 128 bytes: f0000000000000005600f0000000000000005600f0000000000000005600f0000000000000005600f0000000000000005600f0000000000000005600f0000000000000005600f0000000000000005600f0000000000000005600f0000000000000005600f0000000000000005600f0000000000000005600f000000000000000
01:59:56.587 [DEBUG] [serial] Sin header 0xAA, descartando 128 bytes: f0000000000000005600f00000000000
01:59:56.597 [DEBUG] [serial] RX 128 bytes: 5600f0000000000000005600f0000000000000005600f0000000000000005600f0000000000000005600f0000000000000005600f0000000000000005600f0000000000000005600f0000000000000005600f0000000000000005600f0000000000000005600f0000000000000005600f0000000000000005600f00000000000
01:59:56.597 [DEBUG] [serial] Sin header 0xAA, descartando 128 bytes: 5600f0000000000000005600f0000000
01:59:56.608 [DEBUG] [serial] RX 128 bytes: 00005600f0000000000000005600f0000000000000005600f0000000000000005600f0000000000000005600f0000000000000005600f0000000000000005600f0000000000000005600f0000000000000005600f0000000000000005600f0000000000000005600f0000000000000005600f0000000000000005600f0000000
01:59:56.608 [DEBUG] [serial] Sin header 0xAA, descartando 128 bytes: 00005600f0000000000000005600f000
01:59:56.619 [DEBUG] [serial] RX 128 bytes: 000000005600f0000000000000005600f0000000000000005600f0000000000000005600f0000000000000005600f0000000000000005600f0000000000000005600f0000000000000005600f0000000000000005600f0000000000000005600f0000000000000005600f0000000000000005600f0000000000000005600f000
01:59:56.619 [DEBUG] [serial] Sin header 0xAA, descartando 128 bytes: 000000005600f0000000000000005600
01:59:56.629 [DEBUG] [serial] RX 128 bytes: 0000000000005600f0000000000000005600f0000000000000005600f0000000000000005600f0000000000000005600f0000000000000005600f0000000000000005600f0000000000000005600f0000000000000005600f0000000000000005600f0000000000000005600f0000000000000005600f0000000000000005600
01:59:56.630 [DEBUG] [serial] Sin header 0xAA, descartando 128 bytes: 0000000000005600f000000000000000
01:59:56.640 [DEBUG] [serial] RX 128 bytes: f0000000000000005600f0000000000000005600f0000000000000005600f0000000000000005600f0000000000000005600f0000000000000005600f0000000000000005600f0000000000000005600f0000000000000005600f0000000000000005600f0000000000000005600f0000000000000005600f000000000000000
01:59:56.640 [DEBUG] [serial] Sin header 0xAA, descartando 128 bytes: f0000000000000005600f00000000000
01:59:56.651 [DEBUG] [serial] RX 128 bytes: 5600f0000000000000005600f0000000000000005600f0000000000000005600f0000000000000005600f0000000000000005600f0000000000000005600f0000000000000005600f0000000000000005600f0000000000000005600f0000000000000005600f0000000000000005600f0000000000000005600f00000000000
01:59:56.651 [DEBUG] [serial] Sin header 0xAA, descartando 128 bytes: 5600f0000000000000005600f0000000
01:59:56.661 [DEBUG] [serial] RX 128 bytes: 00005600f0000000000000005600f0000000000000005600f0000000000000005600f0000000000000005600f0000000000000005600f0000000000000005600f0000000000000005600f0000000000000005600f0000000000000005600f0000000000000005600f0000000000000005600f0000000000000005600f0000000
01:59:56.662 [DEBUG] [serial] Sin header 0xAA, descartando 128 bytes: 00005600f0000000000000005600f000
01:59:56.672 [DEBUG] [serial] RX 128 bytes: 000000005600f0000000000000005600f0000000000000005600f0000000000000005600f0000000000000005600f0000000000000005600f0000000000000005600f0000000000000005600f0000000000000005600f0000000000000005600f0000000000000005600f0000000000000005600f0000000000000005600f000
01:59:56.673 [DEBUG] [serial] Sin header 0xAA, descartando 128 bytes: 000000005600f0000000000000005600
01:59:56.683 [DEBUG] [serial] RX 128 bytes: 0000000000005600f0000000000000005600f0000000000000005600f0000000000000005600f0000000000000005600f0000000000000005600f0000000000000005600f0000000000000005600f0000000000000005600f0000000000000005600f0000000000000005600f0000000000000005600f0000000000000005600
01:59:56.683 [DEBUG] [serial] Sin header 0xAA, descartando 128 bytes: 0000000000005600f000000000000000
01:59:56.693 [DEBUG] [serial] RX 128 bytes: f0000000000000005600f0000000000000005600f0000000000000005600f0000000000000005600f0000000000000005600f0000000000000005600f0000000000000005600f0000000000000005600f0000000000000005600f0000000000000005600f0000000000000005600f0000000000000005600f000000000000000
01:59:56.694 [DEBUG] [serial] Sin header 0xAA, descartando 128 bytes: f0000000000000005600f00000000000
01:59:56.704 [DEBUG] [serial] RX 128 bytes: 5600f0000000000000005600f0000000000000005600f0000000000000005600f0000000000000005600f0000000000000005600f0000000000000005600f0000000000000005600f0000000000000005600f0000000000000005600f0000000000000005600f0000000000000005600f0000000000000005600f00000000000
01:59:56.704 [DEBUG] [serial] Sin header 0xAA, descartando 128 bytes: 5600f0000000000000005600f0000000
01:59:56.715 [DEBUG] [serial] RX 128 bytes: 00005600f0000000000000005600f0000000000000005600f0000000000000005600f0000000000000005600f0000000000000005600f0000000000000005600f0000000000000005600f0000000000000005600f0000000000000005600f0000000000000005600f0000000000000005600f0000000000000005600f0000000
01:59:56.715 [DEBUG] [serial] Sin header 0xAA, descartando 128 bytes: 00005600f0000000000000005600f000
01:59:56.726 [DEBUG] [serial] RX 128 bytes: 000000005600f0000000000000005600f0000000000000005600f0000000000000005600f0000000000000005600f0000000000000005600f0000000000000005600f0000000000000005600f0000000000000005600f0000000000000005600f0000000000000005600f0000000000000005600f0000000000000005600f000
01:59:56.726 [DEBUG] [serial] Sin header 0xAA, descartando 128 bytes: 000000005600f0000000000000005600
01:59:56.736 [DEBUG] [serial] RX 128 bytes: 0000000000005600f0000000000000005600f0000000000000005600f0000000000000005600f0000000000000005600f0000000000000005600f0000000000000005600f0000000000000005600f0000000000000005600f0000000000000005600f0000000000000005600f0000000000000005600f0000000000000005600
01:59:56.737 [DEBUG] [serial] Sin header 0xAA, descartando 128 bytes: 0000000000005600f000000000000000
01:59:56.747 [DEBUG] [serial] RX 128 bytes: f0000000000000005600f0000000000000005600f0000000000000005600f0000000000000005600f0000000000000005600f0000000000000005600f0000000000000005600f0000000000000005600f0000000000000005600f0000000000000005600f0000000000000005600f0000000000000005600f000000000000000
01:59:56.748 [DEBUG] [serial] Sin header 0xAA, descartando 128 bytes: f0000000000000005600f00000000000
01:59:56.757 [DEBUG] [serial] RX 128 bytes: 5600f0000000000000005600f0000000000000005600f0000000000000005600f0000000000000005600f0000000000000005600f0000000000000005600f0000000000000005600f0000000000000005600f0000000000000005600f0000000000000005600f0000000000000005600f0000000000000005600f00000000000
01:59:56.758 [DEBUG] [serial] Sin header 0xAA, descartando 128 bytes: 5600f0000000000000005600f0000000
01:59:56.768 [DEBUG] [serial] RX 128 bytes: 00005600f0000000000000005600f0000000000000005600f0000000000000005600f0000000000000005600f0000000000000005600f0000000000000005600f0000000000000005600f0000000000000005600f0000000000000005600f0000000000000005600f0000000000000005600f0000000000000005600f0000000
01:59:56.769 [DEBUG] [serial] Sin header 0xAA, descartando 128 bytes: 00005600f0000000000000005600f000
01:59:56.779 [DEBUG] [serial] RX 128 bytes: 000000005600f0000000000000005600f0000000000000005600f0000000000000005600f0000000000000005600f0000000000000005600f0000000000000005600f0000000000000005600f0000000000000005600f0000000000000005600f0000000000000005600f0000000000000005600f0000000000000005600f000
01:59:56.779 [DEBUG] [serial] Sin header 0xAA, descartando 128 bytes: 000000005600f0000000000000005600
01:59:56.790 [DEBUG] [serial] RX 128 bytes: 0000000000005600f0000000000000005600f0000000000000005600f0000000000000005600f0000000000000005600f0000000000000005600f0000000000000005600f0000000000000005600f0000000000000005600f0000000000000005600f0000000000000005600f0000000000000005600f0000000000000005600
01:59:56.790 [DEBUG] [serial] Sin header 0xAA, descartando 128 bytes: 0000000000005600f000000000000000
01:59:56.800 [DEBUG] [serial] RX 128 bytes: f0000000000000005600f0000000000000005600f0000000000000005600f0000000000000005600f0000000000000005600f0000000000000005600f0000000000000005600f0000000000000005600f0000000000000005600f0000000000000005600f0000000000000005600f0000000000000005600f000000000000000
01:59:56.800 [DEBUG] [serial] Sin header 0xAA, descartando 128 bytes: f0000000000000005600f00000000000
01:59:56.811 [DEBUG] [serial] RX 128 bytes: 5600f0000000000000005600f0000000000000005600f0000000000000005600f0000000000000005600f0000000000000005600f0000000000000005600f0000000000000005600f0000000000000005600f0000000000000005600f0000000000000005600f0000000000000005600f0000000000000005600f00000000000
01:59:56.811 [DEBUG] [serial] Sin header 0xAA, descartando 128 bytes: 5600f0000000000000005600f0000000
01:59:56.822 [DEBUG] [serial] RX 128 bytes: 00005600f0000000000000005600f0000000000000005600f0000000000000005600f0000000000000005600f0000000000000005600f0000000000000005600f0000000000000005600f0000000000000005600f0000000000000005600f0000000000000005600f0000000000000005600f0000000000000005600f0000000
01:59:56.822 [DEBUG] [serial] Sin header 0xAA, descartando 128 bytes: 00005600f0000000000000005600f000
01:59:56.832 [DEBUG] [serial] RX 128 bytes: 000000005600f0000000000000005600f0000000000000005600f0000000000000005600f0000000000000005600f0000000000000005600f0000000000000005600f0000000000000005600f0000000000000005600f0000000000000005600f0000000000000005600f0000000000000005600f0000000000000005600f000
01:59:56.833 [DEBUG] [serial] Sin header 0xAA, descartando 128 bytes: 000000005600f0000000000000005600
01:59:56.843 [DEBUG] [serial] RX 128 bytes: 0000000000005600f0000000000000005600f0000000000000005600f0000000000000005600f0000000000000005600f0000000000000005600f0000000000000005600f0000000000000005600f0000000000000005600f0000000000000005600f0000000000000005600f0000000000000005600f0000000000000005600
01:59:56.843 [DEBUG] [serial] Sin header 0xAA, descartando 128 bytes: 0000000000005600f000000000000000
01:59:56.853 [DEBUG] [serial] RX 128 bytes: f0000000000000005600f0000000000000005600f0000000000000005600f0000000000000005600f0000000000000005600f0000000000000005600f0000000000000005600f0000000000000005600f0000000000000005600f0000000000000005600f0000000000000005600f0000000000000005600f000000000000000
01:59:56.854 [DEBUG] [serial] Sin header 0xAA, descartando 128 bytes: f0000000000000005600f00000000000
01:59:56.864 [DEBUG] [serial] RX 128 bytes: 5600f0000000000000005600f0000000000000005600f0000000000000005600f0000000000000005600f0000000000000005600f0000000000000005600f0000000000000005600f0000000000000005600f0000000000000005600f0000000000000005600f0000000000000005600f0000000000000005600f00000000000
01:59:56.864 [DEBUG] [serial] Sin header 0xAA, descartando 128 bytes: 5600f0000000000000005600f0000000
01:59:56.875 [DEBUG] [serial] RX 128 bytes: 00005600f0000000000000005600f0000000000000005600f0000000000000005600f0000000000000005600f0000000000000005600f0000000000000005600f0000000000000005600f0000000000000005600f0000000000000005600f0000000000000005600f0000000000000005600f0000000000000005600f0000000
01:59:56.875 [DEBUG] [serial] Sin header 0xAA, descartando 128 bytes: 00005600f0000000000000005600f000
01:59:56.886 [DEBUG] [serial] RX 128 bytes: 000000005600f0000000000000005600f0000000000000005600f0000000000000005600f0000000000000005600f0000000000000005600f0000000000000005600f0000000000000005600f0000000000000005600f0000000000000005600f0000000000000005600f0000000000000005600f0000000000000005600f000
01:59:56.886 [DEBUG] [serial] Sin header 0xAA, descartando 128 bytes: 000000005600f0000000000000005600
01:59:56.897 [DEBUG] [serial] RX 128 bytes: 0000000000005600f0000000000000005600f0000000000000005600f0000000000000005600f0000000000000005600f0000000000000005600f0000000000000005600f0000000000000005600f0000000000000005600f0000000000000005600f0000000000000005600f0000000000000005600f0000000000000005600
01:59:56.897 [DEBUG] [serial] Sin header 0xAA, descartando 128 bytes: 0000000000005600f000000000000000
01:59:56.907 [DEBUG] [serial] RX 128 bytes: f0000000000000005600f0000000000000005600f0000000000000005600f0000000000000005600f0000000000000005600f0000000000000005600f0000000000000005600f0000000000000005600f0000000000000005600f0000000000000005600f0000000000000005600f0000000000000005600f000000000000000
01:59:56.907 [DEBUG] [serial] Sin header 0xAA, descartando 128 bytes: f0000000000000005600f00000000000
01:59:56.918 [DEBUG] [serial] RX 128 bytes: 5600f0000000000000005600f0000000000000005600f0000000000000005600f0000000000000005600f0000000000000005600f0000000000000005600f0000000000000005600f0000000000000005600f0000000000000005600f0000000000000005600f0000000000000005600f0000000000000005600f00000000000
01:59:56.918 [DEBUG] [serial] Sin header 0xAA, descartando 128 bytes: 5600f0000000000000005600f0000000
01:59:56.929 [DEBUG] [serial] RX 128 bytes: 00005600f0000000000000005600f0000000000000005600f0000000000000005600f0000000000000005600f0000000000000005600f0000000000000005600f0000000000000005600f0000000000000005600f0000000000000005600f0000000000000005600f0000000000000005600f0000000000000005600f0000000
01:59:56.929 [DEBUG] [serial] Sin header 0xAA, descartando 128 bytes: 00005600f0000000000000005600f000
01:59:56.940 [DEBUG] [serial] RX 128 bytes: 000000005600f0000000000000005600f0000000000000005600f0000000000000005600f0000000000000005600f0000000000000005600f0000000000000005600f0000000000000005600f0000000000000005600f0000000000000005600f0000000000000005600f0000000000000005600f0000000000000005600f000
01:59:56.942 [DEBUG] [serial] Sin header 0xAA, descartando 128 bytes: 000000005600f0000000000000005600
01:59:56.950 [DEBUG] [serial] RX 128 bytes: 0000000000005600f0000000000000005600f0000000000000005600f0000000000000005600f0000000000000005600f0000000000000005600f0000000000000005600f0000000000000005600f0000000000000005600f0000000000000005600f0000000000000005600f0000000000000005600f0000000000000005600
01:59:56.950 [DEBUG] [serial] Sin header 0xAA, descartando 128 bytes: 0000000000005600f000000000000000
01:59:56.960 [DEBUG] [serial] RX 128 bytes: f0000000000000005600f0000000000000005600f0000000000000005600f0000000000000005600f0000000000000005600f0000000000000005600f0000000000000005600f0000000000000005600f0000000000000005600f0000000000000005600f0000000000000005600f0000000000000005600f000000000000000
01:59:56.961 [DEBUG] [serial] Sin header 0xAA, descartando 128 bytes: f0000000000000005600f00000000000
01:59:56.971 [DEBUG] [serial] RX 128 bytes: 5600f0000000000000005600f0000000000000005600f0000000000000005600f0000000000000005600f0000000000000005600f0000000000000005600f0000000000000005600f0000000000000005600f0000000000000005600f0000000000000005600f0000000000000005600f0000000000000005600f00000000000
01:59:56.971 [DEBUG] [serial] Sin header 0xAA, descartando 128 bytes: 5600f0000000000000005600f0000000
01:59:56.982 [DEBUG] [serial] RX 128 bytes: 00005600f0000000000000005600f0000000000000005600f0000000000000005600f0000000000000005600f0000000000000005600f0000000000000005600f0000000000000005600f0000000000000005600f0000000000000005600f0000000000000005600f0000000000000005600f0000000000000005600f0000000
01:59:56.982 [DEBUG] [serial] Sin header 0xAA, descartando 128 bytes: 00005600f0000000000000005600f000
01:59:56.993 [DEBUG] [serial] RX 128 bytes: 000000005600f0000000000000005600f0000000000000005600f0000000000000005600f0000000000000005600f0000000000000005600f0000000000000005600f0000000000000005600f0000000000000005600f0000000000000005600f0000000000000005600f0000000000000005600f0000000000000005600f000
01:59:56.993 [DEBUG] [serial] Sin header 0xAA, descartando 128 bytes: 000000005600f0000000000000005600
01:59:57.004 [DEBUG] [serial] RX 128 bytes: 0000000000005600f0000000000000005600f0000000000000005600f0000000000000005600f0000000000000005600f0000000000000005600f0000000000000005600f0000000000000005600f0000000000000005600f0000000000000005600f0000000000000005600f0000000000000005600f0000000000000005600
01:59:57.004 [DEBUG] [serial] Sin header 0xAA, descartando 128 bytes: 0000000000005600f000000000000000
01:59:57.014 [DEBUG] [serial] RX 128 bytes: f0000000000000005600f0000000000000005600f0000000000000005600f0000000000000005600f0000000000000005600f0000000000000005600f0000000000000005600f0000000000000005600f0000000000000005600f0000000000000005600f0000000000000005600f0000000000000005600f000000000000000
01:59:57.014 [DEBUG] [serial] Sin header 0xAA, descartando 128 bytes: f0000000000000005600f00000000000
01:59:57.025 [DEBUG] [serial] RX 128 bytes: 5600f0000000000000005600f0000000000000005600f0000000000000005600f0000000000000005600f0000000000000005600f0000000000000005600f0000000000000005600f0000000000000005600f0000000000000005600f0000000000000005600f0000000000000005600f0000000000000005600f00000000000
01:59:57.025 [DEBUG] [serial] Sin header 0xAA, descartando 128 bytes: 5600f0000000000000005600f0000000
01:59:57.035 [DEBUG] [serial] RX 128 bytes: 00005600f0000000000000005600f0000000000000005600f0000000000000005600f0000000000000005600f0000000000000005600f0000000000000005600f0000000000000005600f0000000000000005600f0000000000000005600f0000000000000005600f0000000000000005600f0000000000000005600f0000000
01:59:57.036 [DEBUG] [serial] Sin header 0xAA, descartando 128 bytes: 00005600f0000000000000005600f000
01:59:57.046 [DEBUG] [serial] RX 128 bytes: 000000005600f0000000000000005600f0000000000000005600f0000000000000005600f0000000000000005600f0000000000000005600f0000000000000005600f0000000000000005600f0000000000000005600f0000000000000005600f0000000000000005600f0000000000000005600f0000000000000005600f000
01:59:57.046 [DEBUG] [serial] Sin header 0xAA, descartando 128 bytes: 000000005600f0000000000000005600
01:59:57.057 [DEBUG] [serial] RX 128 bytes: 0000000000005600f0000000000000005600f0000000000000005600f0000000000000005600f0000000000000005600f0000000000000005600f0000000000000005600f0000000000000005600f0000000000000005600f0000000000000005600f0000000000000005600f0000000000000005600f0000000000000005600
01:59:57.057 [DEBUG] [serial] Sin header 0xAA, descartando 128 bytes: 0000000000005600f000000000000000
01:59:57.067 [DEBUG] [serial] RX 128 bytes: f0000000000000005600f0000000000000005600f0000000000000005600f0000000000000005600f0000000000000005600f0000000000000005600f0000000000000005600f0000000000000005600f0000000000000005600f0000000000000005600f0000000000000005600f0000000000000005600f000000000000000
01:59:57.067 [DEBUG] [serial] Sin header 0xAA, descartando 128 bytes: f0000000000000005600f00000000000
01:59:57.078 [DEBUG] [serial] RX 128 bytes: 5600f0000000000000005600f0000000000000005600f0000000000000005600f0000000000000005600f0000000000000005600f0000000000000005600f0000000000000005600f0000000000000005600f0000000000000005600f0000000000000005600f0000000000000005600f0000000000000005600f00000000000
01:59:57.078 [DEBUG] [serial] Sin header 0xAA, descartando 128 bytes: 5600f0000000000000005600f0000000
01:59:57.089 [DEBUG] [serial] RX 128 bytes: 00005600f0000000000000005600f0000000000000005600f0000000000000005600f0000000000000005600f0000000000000005600f0000000000000005600f0000000000000005600f0000000000000005600f0000000000000005600f0000000000000005600f0000000000000005600f0000000000000005600f0000000
01:59:57.089 [DEBUG] [serial] Sin header 0xAA, descartando 128 bytes: 00005600f0000000000000005600f000
01:59:57.100 [DEBUG] [serial] RX 128 bytes: 000000005600f0000000000000005600f0000000000000005600f0000000000000005600f0000000000000005600f0000000000000005600f0000000000000005600f0000000000000005600f0000000000000005600f0000000000000005600f0000000000000005600f0000000000000005600f0000000000000005600f000
01:59:57.100 [DEBUG] [serial] Sin header 0xAA, descartando 128 bytes: 000000005600f0000000000000005600
01:59:57.110 [DEBUG] [serial] RX 128 bytes: 0000000000005600f0000000000000005600f0000000000000005600f0000000000000005600f0000000000000005600f0000000000000005600f0000000000000005600f0000000000000005600f0000000000000005600f0000000000000005600f0000000000000005600f0000000000000005600f0000000000000005600
01:59:57.111 [DEBUG] [serial] Sin header 0xAA, descartando 128 bytes: 0000000000005600f000000000000000
01:59:57.121 [DEBUG] [serial] RX 128 bytes: f0000000000000005600f0000000000000005600f0000000000000005600f0000000000000005600f0000000000000005600f0000000000000005600f0000000000000005600f0000000000000005600f0000000000000005600f0000000000000005600f0000000000000005600f0000000000000005600f000000000000000
01:59:57.122 [DEBUG] [serial] Sin header 0xAA, descartando 128 bytes: f0000000000000005600f00000000000
01:59:57.132 [DEBUG] [serial] RX 128 bytes: 5600f0000000000000005600f0000000000000005600f0000000000000005600f0000000000000005600f0000000000000005600f0000000000000005600f0000000000000005600f0000000000000005600f0000000000000005600f0000000000000005600f0000000000000005600f0000000000000005600f00000000000
01:59:57.132 [DEBUG] [serial] Sin header 0xAA, descartando 128 bytes: 5600f0000000000000005600f0000000
01:59:57.142 [DEBUG] [serial] RX 128 bytes: 00005600f0000000000000005600f0000000000000005600f0000000000000005600f0000000000000005600f0000000000000005600f0000000000000005600f0000000000000005600f0000000000000005600f0000000000000005600f0000000000000005600f0000000000000005600f0000000000000005600f0000000
01:59:57.143 [DEBUG] [serial] Sin header 0xAA, descartando 128 bytes: 00005600f0000000000000005600f000
01:59:57.153 [DEBUG] [serial] RX 128 bytes: 000000005600f0000000000000005600f0000000000000005600f0000000000000005600f0000000000000005600f0000000000000005600f0000000000000005600f0000000000000005600f0000000000000005600f0000000000000005600f0000000000000005600f0000000000000005600f0000000000000005600f000
01:59:57.153 [DEBUG] [serial] Sin header 0xAA, descartando 128 bytes: 000000005600f0000000000000005600
01:59:57.164 [DEBUG] [serial] RX 128 bytes: 0000000000005600f0000000000000005600f0000000000000005600f0000000000000005600f0000000000000005600f0000000000000005600f0000000000000005600f0000000000000005600f0000000000000005600f0000000000000005600f0000000000000005600f0000000000000005600f0000000000000005600
01:59:57.164 [DEBUG] [serial] Sin header 0xAA, descartando 128 bytes: 0000000000005600f000000000000000
01:59:57.174 [DEBUG] [serial] RX 128 bytes: f0000000000000005600f0000000000000005600f0000000000000005600f0000000000000005600f0000000000000005600f0000000000000005600f0000000000000005600f0000000000000005600f0000000000000005600f0000000000000005600f0000000000000005600f0000000000000005600f000000000000000
01:59:57.174 [DEBUG] [serial] Sin header 0xAA, descartando 128 bytes: f0000000000000005600f00000000000
01:59:57.185 [DEBUG] [serial] RX 128 bytes: 5600f0000000000000005600f0000000000000005600f0000000000000005600f0000000000000005600f0000000000000005600f0000000000000005600f0000000000000005600f0000000000000005600f0000000000000005600f0000000000000005600f0000000000000005600f0000000000000005600f00000000000
01:59:57.185 [DEBUG] [serial] Sin header 0xAA, descartando 128 bytes: 5600f0000000000000005600f0000000
01:59:57.196 [DEBUG] [serial] RX 128 bytes: 00005600f0000000000000005600f0000000000000005600f0000000000000005600f0000000000000005600f0000000000000005600f0000000000000005600f0000000000000005600f0000000000000005600f0000000000000005600f0000000000000005600f0000000000000005600f0000000000000005600f0000000
01:59:57.196 [DEBUG] [serial] Sin header 0xAA, descartando 128 bytes: 00005600f0000000000000005600f000
01:59:57.207 [DEBUG] [serial] RX 128 bytes: 000000005600f0000000000000005600f0000000000000005600f0000000000000005600f0000000000000005600f0000000000000005600f0000000000000005600f0000000000000005600f0000000000000005600f0000000000000005600f0000000000000005600f0000000000000005600f0000000000000005600f000
01:59:57.207 [DEBUG] [serial] Sin header 0xAA, descartando 128 bytes: 000000005600f0000000000000005600
01:59:57.218 [DEBUG] [serial] RX 128 bytes: 0000000000005600f0000000000000005600f0000000000000005600f0000000000000005600f0000000000000005600f0000000000000005600f0000000000000005600f0000000000000005600f0000000000000005600f0000000000000005600f0000000000000005600f0000000000000005600f0000000000000005600
01:59:57.218 [DEBUG] [serial] Sin header 0xAA, descartando 128 bytes: 0000000000005600f000000000000000
01:59:57.228 [DEBUG] [serial] RX 128 bytes: f0000000000000005600f0000000000000005600f0000000000000005600f0000000000000005600f0000000000000005600f0000000000000005600f0000000000000005600f0000000000000005600f0000000000000005600f0000000000000005600f0000000000000005600f0000000000000005600f000000000000000
01:59:57.228 [DEBUG] [serial] Sin header 0xAA, descartando 128 bytes: f0000000000000005600f00000000000
01:59:57.238 [DEBUG] [serial] RX 128 bytes: 5600f0000000000000005600f0000000000000005600f0000000000000005600f0000000000000005600f0000000000000005600f0000000000000005600f0000000000000005600f0000000000000005600f0000000000000005600f0000000000000005600f0000000000000005600f0000000000000005600f00000000000
01:59:57.239 [DEBUG] [serial] Sin header 0xAA, descartando 128 bytes: 5600f0000000000000005600f0000000
01:59:57.249 [DEBUG] [serial] RX 128 bytes: 00005600f0000000000000005600f0000000000000005600f0000000000000005600f0000000000000005600f0000000000000005600f0000000000000005600f0000000000000005600f0000000000000005600f0000000000000005600f0000000000000005600f0000000000000005600f0000000000000005600f0000000
01:59:57.249 [DEBUG] [serial] Sin header 0xAA, descartando 128 bytes: 00005600f0000000000000005600f000
01:59:57.260 [DEBUG] [serial] RX 128 bytes: 000000005600f0000000000000005600f0000000000000005600f0000000000000005600f0000000000000005600f0000000000000005600f0000000000000005600f0000000000000005600f0000000000000005600f0000000000000005600f0000000000000005600f0000000000000005600f0000000000000005600f000
01:59:57.260 [DEBUG] [serial] Sin header 0xAA, descartando 128 bytes: 000000005600f0000000000000005600
01:59:57.271 [DEBUG] [serial] RX 128 bytes: 0000000000005600f0000000000000005600f0000000000000005600f0000000000000005600f0000000000000005600f0000000000000005600f0000000000000005600f0000000000000005600f0000000000000005600f0000000000000005600f0000000000000005600f0000000000000005600f0000000000000005600
01:59:57.271 [DEBUG] [serial] Sin header 0xAA, descartando 128 bytes: 0000000000005600f000000000000000
01:59:57.281 [DEBUG] [serial] RX 128 bytes: f0000000000000005600f0000000000000005600f0000000000000005600f0000000000000005600f0000000000000005600f0000000000000005600f0000000000000005600f0000000000000005600f0000000000000005600f0000000000000005600f0000000000000005600f0000000000000005600f000000000000000
01:59:57.281 [DEBUG] [serial] Sin header 0xAA, descartando 128 bytes: f0000000000000005600f00000000000
01:59:57.292 [DEBUG] [serial] RX 128 bytes: 5600f0000000000000005600f0000000000000005600f0000000000000005600f0000000000000005600f0000000000000005600f0000000000000005600f0000000000000005600f0000000000000005600f0000000000000005600f0000000000000005600f0000000000000005600f0000000000000005600f00000000000
01:59:57.292 [DEBUG] [serial] Sin header 0xAA, descartando 128 bytes: 5600f0000000000000005600f0000000
01:59:57.303 [DEBUG] [serial] RX 128 bytes: 00005600f0000000000000005600f0000000000000005600f0000000000000005600f0000000000000005600f0000000000000005600f0000000000000005600f0000000000000005600f0000000000000005600f0000000000000005600f0000000000000005600f0000000000000005600f0000000000000005600f0000000
01:59:57.303 [DEBUG] [serial] Sin header 0xAA, descartando 128 bytes: 00005600f0000000000000005600f000
01:59:57.313 [DEBUG] [serial] RX 128 bytes: 000000005600f0000000000000005600f0000000000000005600f0000000000000005600f0000000000000005600f0000000000000005600f0000000000000005600f0000000000000005600f0000000000000005600f0000000000000005600f0000000000000005600f0000000000000005600f0000000000000005600f000
01:59:57.314 [DEBUG] [serial] Sin header 0xAA, descartando 128 bytes: 000000005600f0000000000000005600
01:59:57.324 [DEBUG] [serial] RX 128 bytes: 0000000000005600f0000000000000005600f0000000000000005600f0000000000000005600f0000000000000005600f0000000000000005600f0000000000000005600f0000000000000005600f0000000000000005600f0000000000000005600f0000000000000005600f0000000000000005600f0000000000000005600
01:59:57.324 [DEBUG] [serial] Sin header 0xAA, descartando 128 bytes: 0000000000005600f000000000000000
01:59:57.334 [DEBUG] [serial] RX 128 bytes: f0000000000000005600f0000000000000005600f0000000000000005600f0000000000000005600f0000000000000005600f0000000000000005600f0000000000000005600f0000000000000005600f0000000000000005600f0000000000000005600f0000000000000005600f0000000000000005600f000000000000000
01:59:57.335 [DEBUG] [serial] Sin header 0xAA, descartando 128 bytes: f0000000000000005600f00000000000
01:59:57.345 [DEBUG] [serial] RX 128 bytes: 5600f0000000000000005600f0000000000000005600f0000000000000005600f0000000000000005600f0000000000000005600f0000000000000005600f0000000000000005600f0000000000000005600f0000000000000005600f0000000000000005600f0000000000000005600f0000000000000005600f00000000000
01:59:57.345 [DEBUG] [serial] Sin header 0xAA, descartando 128 bytes: 5600f0000000000000005600f0000000
01:59:57.356 [DEBUG] [serial] RX 128 bytes: 00005600f0000000000000005600f0000000000000005600f0000000000000005600f0000000000000005600f0000000000000005600f0000000000000005600f0000000000000005600f0000000000000005600f0000000000000005600f0000000000000005600f0000000000000005600f0000000000000005600f0000000
01:59:57.356 [DEBUG] [serial] Sin header 0xAA, descartando 128 bytes: 00005600f0000000000000005600f000
01:59:57.367 [DEBUG] [serial] RX 128 bytes: 000000005600f0000000000000005600f0000000000000005600f0000000000000005600f0000000000000005600f0000000000000005600f0000000000000005600f0000000000000005600f0000000000000005600f0000000000000005600f0000000000000005600f0000000000000005600f0000000000000005600f000
01:59:57.367 [DEBUG] [serial] Sin header 0xAA, descartando 128 bytes: 000000005600f0000000000000005600
01:59:57.378 [DEBUG] [serial] RX 128 bytes: 0000000000005600f0000000000000005600f0000000000000005600f0000000000000005600f0000000000000005600f0000000000000005600f0000000000000005600f0000000000000005600f0000000000000005600f0000000000000005600f0000000000000005600f0000000000000005600f0000000000000005600
01:59:57.378 [DEBUG] [serial] Sin header 0xAA, descartando 128 bytes: 0000000000005600f000000000000000
01:59:57.388 [DEBUG] [serial] RX 128 bytes: f0000000000000005600f0000000000000005600f0000000000000005600f0000000000000005600f0000000000000005600f0000000000000005600f0000000000000005600f0000000000000005600f0000000000000005600f0000000000000005600f0000000000000005600f0000000000000005600f000000000000000
01:59:57.388 [DEBUG] [serial] Sin header 0xAA, descartando 128 bytes: f0000000000000005600f00000000000
01:59:57.399 [DEBUG] [serial] RX 128 bytes: 5600f0000000000000005600f0000000000000005600f0000000000000005600f0000000000000005600f0000000000000005600f0000000000000005600f0000000000000005600f0000000000000005600f0000000000000005600f0000000000000005600f0000000000000005600f0000000000000005600f00000000000
01:59:57.399 [DEBUG] [serial] Sin header 0xAA, descartando 128 bytes: 5600f0000000000000005600f0000000
01:59:57.410 [DEBUG] [serial] RX 128 bytes: 00005600f0000000000000005600f0000000000000005600f0000000000000005600f0000000000000005600f0000000000000005600f0000000000000005600f0000000000000005600f0000000000000005600f0000000000000005600f0000000000000005600f0000000000000005600f0000000000000005600f0000000
01:59:57.410 [DEBUG] [serial] Sin header 0xAA, descartando 128 bytes: 00005600f0000000000000005600f000
01:59:57.420 [DEBUG] [serial] RX 128 bytes: 000000005600f0000000000000005600f0000000000000005600f0000000000000005600f0000000000000005600f0000000000000005600f0000000000000005600f0000000000000005600f0000000000000005600f0000000000000005600f0000000000000005600f0000000000000005600f0000000000000005600f000
01:59:57.421 [DEBUG] [serial] Sin header 0xAA, descartando 128 bytes: 000000005600f0000000000000005600
01:59:57.431 [DEBUG] [serial] RX 128 bytes: 0000000000005600f0000000000000005600f0000000000000005600f0000000000000005600f0000000000000005600f0000000000000005600f0000000000000005600f0000000000000005600f0000000000000005600f0000000000000005600f0000000000000005600f0000000000000005600f0000000000000005600
01:59:57.431 [DEBUG] [serial] Sin header 0xAA, descartando 128 bytes: 0000000000005600f000000000000000
01:59:57.441 [DEBUG] [serial] RX 128 bytes: f0000000000000005600f0000000000000005600f0000000000000005600f0000000000000005600f0000000000000005600f0000000000000005600f0000000000000005600f0000000000000005600f0000000000000005600f0000000000000005600f0000000000000005600f0000000000000005600f000000000000000
01:59:57.442 [DEBUG] [serial] Sin header 0xAA, descartando 128 bytes: f0000000000000005600f00000000000
01:59:57.452 [DEBUG] [serial] RX 128 bytes: 5600f0000000000000005600f0000000000000005600f0000000000000005600f0000000000000005600f0000000000000005600f0000000000000005600f0000000000000005600f0000000000000005600f0000000000000005600f0000000000000005600f0000000000000005600f0000000000000005600f00000000000
01:59:57.452 [DEBUG] [serial] Sin header 0xAA, descartando 128 bytes: 5600f0000000000000005600f0000000
01:59:57.463 [DEBUG] [serial] RX 128 bytes: 00005600f0000000000000005600f0000000000000005600f0000000000000005600f0000000000000005600f0000000000000005600f0000000000000005600f0000000000000005600f0000000000000005600f0000000000000005600f0000000000000005600f0000000000000005600f0000000000000005600f0000000
01:59:57.463 [DEBUG] [serial] Sin header 0xAA, descartando 128 bytes: 00005600f0000000000000005600f000
01:59:57.474 [DEBUG] [serial] RX 128 bytes: 000000005600f0000000000000005600f0000000000000005600f0000000000000005600f0000000000000005600f0000000000000005600f0000000000000005600f0000000000000005600f0000000000000005600f0000000000000005600f0000000000000005600f0000000000000005600f0000000000000005600f000
01:59:57.474 [DEBUG] [serial] Sin header 0xAA, descartando 128 bytes: 000000005600f0000000000000005600
01:59:57.485 [DEBUG] [serial] RX 128 bytes: 0000000000005600f0000000000000005600f0000000000000005600f0000000000000005600f0000000000000005600f0000000000000005600f0000000000000005600f0000000000000005600f0000000000000005600f0000000000000005600f0000000000000005600f0000000000000005600f0000000000000005600
01:59:57.485 [DEBUG] [serial] Sin header 0xAA, descartando 128 bytes: 0000000000005600f000000000000000
01:59:57.495 [DEBUG] [serial] RX 128 bytes: f0000000000000005600f0000000000000005600f0000000000000005600f0000000000000005600f0000000000000005600f0000000000000005600f0000000000000005600f0000000000000005600f0000000000000005600f0000000000000005600f0000000000000005600f0000000000000005600f000000000000000
01:59:57.496 [DEBUG] [serial] Sin header 0xAA, descartando 128 bytes: f0000000000000005600f00000000000
01:59:57.506 [DEBUG] [serial] RX 128 bytes: 5600f0000000000000005600f0000000000000005600f0000000000000005600f0000000000000005600f0000000000000005600f0000000000000005600f0000000000000005600f0000000000000005600f0000000000000005600f0000000000000005600f0000000000000005600f0000000000000005600f00000000000
01:59:57.506 [DEBUG] [serial] Sin header 0xAA, descartando 128 bytes: 5600f0000000000000005600f0000000
01:59:57.516 [DEBUG] [serial] RX 128 bytes: 00005600f0000000000000005600f0000000000000005600f0000000000000005600f0000000000000005600f0000000000000005600f0000000000000005600f0000000000000005600f0000000000000005600f0000000000000005600f0000000000000005600f0000000000000005600f0000000000000005600f0000000
01:59:57.517 [DEBUG] [serial] Sin header 0xAA, descartando 128 bytes: 00005600f0000000000000005600f000
01:59:57.527 [DEBUG] [serial] RX 128 bytes: 000000005600f0000000000000005600f0000000000000005600f0000000000000005600f0000000000000005600f0000000000000005600f0000000000000005600f0000000000000005600f0000000000000005600f0000000000000005600f0000000000000005600f0000000000000005600f0000000000000005600f000
01:59:57.527 [DEBUG] [serial] Sin header 0xAA, descartando 128 bytes: 000000005600f0000000000000005600
01:59:57.538 [DEBUG] [serial] RX 128 bytes: 0000000000005600f0000000000000005600f0000000000000005600f0000000000000005600f0000000000000005600f0000000000000005600f0000000000000005600f0000000000000005600f0000000000000005600f0000000000000005600f0000000000000005600f0000000000000005600f0000000000000005600
01:59:57.538 [DEBUG] [serial] Sin header 0xAA, descartando 128 bytes: 0000000000005600f000000000000000
01:59:57.548 [DEBUG] [serial] RX 128 bytes: f0000000000000005600f0000000000000005600f0000000000000005600f0000000000000005600f0000000000000005600f0000000000000005600f0000000000000005600f0000000000000005600f0000000000000005600f0000000000000005600f0000000000000005600f0000000000000005600f000000000000000
01:59:57.548 [DEBUG] [serial] Sin header 0xAA, descartando 128 bytes: f0000000000000005600f00000000000
01:59:57.559 [DEBUG] [serial] RX 128 bytes: 5600f0000000000000005600f0000000000000005600f0000000000000005600f0000000000000005600f0000000000000005600f0000000000000005600f0000000000000005600f0000000000000005600f0000000000000005600f0000000000000005600f0000000000000005600f0000000000000005600f00000000000
01:59:57.559 [DEBUG] [serial] Sin header 0xAA, descartando 128 bytes: 5600f0000000000000005600f0000000
01:59:57.570 [DEBUG] [serial] RX 128 bytes: 00005600f0000000000000005600f0000000000000005600f0000000000000005600f0000000000000005600f0000000000000005600f0000000000000005600f0000000000000005600f0000000000000005600f0000000000000005600f0000000000000005600f0000000000000005600f0000000000000005600f0000000
01:59:57.570 [DEBUG] [serial] Sin header 0xAA, descartando 128 bytes: 00005600f0000000000000005600f000
01:59:57.581 [DEBUG] [serial] RX 128 bytes: 000000005600f0000000000000005600f0000000000000005600f0000000000000005600f0000000000000005600f0000000000000005600f0000000000000005600f0000000000000005600f0000000000000005600f0000000000000005600f0000000000000005600f0000000000000005600f0000000000000005600f000
01:59:57.581 [DEBUG] [serial] Sin header 0xAA, descartando 128 bytes: 000000005600f0000000000000005600
01:59:57.592 [DEBUG] [serial] RX 128 bytes: 0000000000005600f0000000000000005600f0000000000000005600f0000000000000005600f0000000000000005600f0000000000000005600f0000000000000005600f0000000000000005600f0000000000000005600f0000000000000005600f0000000000000005600f0000000000000005600f0000000000000005600
01:59:57.592 [DEBUG] [serial] Sin header 0xAA, descartando 128 bytes: 0000000000005600f000000000000000
01:59:57.602 [DEBUG] [serial] RX 128 bytes: f0000000000000005600f0000000000000005600f0000000000000005600f0000000000000005600f0000000000000005600f0000000000000005600f0000000000000005600f0000000000000005600f0000000000000005600f0000000000000005600f0000000000000005600f0000000000000005600f000000000000000
01:59:57.602 [DEBUG] [serial] Sin header 0xAA, descartando 128 bytes: f0000000000000005600f00000000000
01:59:57.612 [DEBUG] [serial] RX 128 bytes: 5600f0000000000000005600f0000000000000005600f0000000000000005600f0000000000000005600f0000000000000005600f0000000000000005600f0000000000000005600f0000000000000005600f0000000000000005600f0000000000000005600f0000000000000005600f0000000000000005600f00000000000
01:59:57.613 [DEBUG] [serial] Sin header 0xAA, descartando 128 bytes: 5600f0000000000000005600f0000000
01:59:57.623 [DEBUG] [serial] RX 128 bytes: 00005600f0000000000000005600f0000000000000005600f0000000000000005600f0000000000000005600f0000000000000005600f0000000000000005600f0000000000000005600f0000000000000005600f0000000000000005600f0000000000000005600f0000000000000005600f0000000000000005600f0000000
01:59:57.623 [DEBUG] [serial] Sin header 0xAA, descartando 128 bytes: 00005600f0000000000000005600f000
01:59:57.634 [DEBUG] [serial] RX 128 bytes: 000000005600f0000000000000005600f0000000000000005600f0000000000000005600f0000000000000005600f0000000000000005600f0000000000000005600f0000000000000005600f0000000000000005600f0000000000000005600f0000000000000005600f0000000000000005600f0000000000000005600f000
01:59:57.634 [DEBUG] [serial] Sin header 0xAA, descartando 128 bytes: 000000005600f0000000000000005600
01:59:57.645 [DEBUG] [serial] RX 128 bytes: 0000000000005600f0000000000000005600f0000000000000005600f0000000000000005600f0000000000000005600f0000000000000005600f0000000000000005600f0000000000000005600f0000000000000005600f0000000000000005600f0000000000000005600f0000000000000005600f0000000000000005600
01:59:57.645 [DEBUG] [serial] Sin header 0xAA, descartando 128 bytes: 0000000000005600f000000000000000
01:59:57.655 [DEBUG] [serial] RX 128 bytes: f0000000000000005600f0000000000000005600f0000000000000005600f0000000000000005600f0000000000000005600f0000000000000005600f0000000000000005600f0000000000000005600f0000000000000005600f0000000000000005600f0000000000000005600f0000000000000005600f000000000000000
01:59:57.655 [DEBUG] [serial] Sin header 0xAA, descartando 128 bytes: f0000000000000005600f00000000000
01:59:57.666 [DEBUG] [serial] RX 128 bytes: 5600f0000000000000005600f0000000000000005600f0000000000000005600f0000000000000005600f0000000000000005600f0000000000000005600f0000000000000005600f0000000000000005600f0000000000000005600f0000000000000005600f0000000000000005600f0000000000000005600f00000000000
01:59:57.666 [DEBUG] [serial] Sin header 0xAA, descartando 128 bytes: 5600f0000000000000005600f0000000
01:59:57.677 [DEBUG] [serial] RX 128 bytes: 00005600f0000000000000005600f0000000000000005600f0000000000000005600f0000000000000005600f0000000000000005600f0000000000000005600f0000000000000005600f0000000000000005600f0000000000000005600f0000000000000005600f0000000000000005600f0000000000000005600f0000000
01:59:57.677 [DEBUG] [serial] Sin header 0xAA, descartando 128 bytes: 00005600f0000000000000005600f000
01:59:57.688 [DEBUG] [serial] RX 128 bytes: 000000005600f0000000000000005600f0000000000000005600f0000000000000005600f0000000000000005600f0000000000000005600f0000000000000005600f0000000000000005600f0000000000000005600f0000000000000005600f0000000000000005600f0000000000000005600f0000000000000005600f000
01:59:57.688 [DEBUG] [serial] Sin header 0xAA, descartando 128 bytes: 000000005600f0000000000000005600
01:59:57.698 [DEBUG] [serial] RX 128 bytes: 0000000000005600f0000000000000005600f0000000000000005600f0000000000000005600f0000000000000005600f0000000000000005600f0000000000000005600f0000000000000005600f0000000000000005600f0000000000000005600f0000000000000005600f0000000000000005600f0000000000000005600
01:59:57.699 [DEBUG] [serial] Sin header 0xAA, descartando 128 bytes: 0000000000005600f000000000000000
01:59:57.709 [DEBUG] [serial] RX 128 bytes: f0000000000000005600f0000000000000005600f0000000000000005600f0000000000000005600f0000000000000005600f0000000000000005600f0000000000000005600f0000000000000005600f0000000000000005600f0000000000000005600f0000000000000005600f0000000000000005600f000000000000000
01:59:57.709 [DEBUG] [serial] Sin header 0xAA, descartando 128 bytes: f0000000000000005600f00000000000
01:59:57.719 [DEBUG] [serial] RX 128 bytes: 5600f0000000000000005600f0000000000000005600f0000000000000005600f0000000000000005600f0000000000000005600f0000000000000005600f0000000000000005600f0000000000000005600f0000000000000005600f0000000000000005600f0000000000000005600f0000000000000005600f00000000000
01:59:57.720 [DEBUG] [serial] Sin header 0xAA, descartando 128 bytes: 5600f0000000000000005600f0000000
01:59:57.730 [DEBUG] [serial] RX 128 bytes: 00005600f0000000000000005600f0000000000000005600f0000000000000005600f0000000000000005600f0000000000000005600f0000000000000005600f0000000000000005600f0000000000000005600f0000000000000005600f0000000000000005600f0000000000000005600f0000000000000005600f0000000
01:59:57.730 [DEBUG] [serial] Sin header 0xAA, descartando 128 bytes: 00005600f0000000000000005600f000
01:59:57.741 [DEBUG] [serial] RX 128 bytes: 000000005600f0000000000000005600f0000000000000005600f0000000000000005600f0000000000000005600f0000000000000005600f0000000000000005600f0000000000000005600f0000000000000005600f0000000000000005600f0000000000000005600f0000000000000005600f0000000000000005600f000
01:59:57.741 [DEBUG] [serial] Sin header 0xAA, descartando 128 bytes: 000000005600f0000000000000005600
01:59:57.752 [DEBUG] [serial] RX 128 bytes: 0000000000005600f0000000000000005600f0000000000000005600f0000000000000005600f0000000000000005600f0000000000000005600f0000000000000005600f0000000000000005600f0000000000000005600f0000000000000005600f0000000000000005600f0000000000000005600f0000000000000005600
01:59:57.752 [DEBUG] [serial] Sin header 0xAA, descartando 128 bytes: 0000000000005600f000000000000000
01:59:57.762 [DEBUG] [serial] RX 128 bytes: f0000000000000005600f0000000000000005600f0000000000000005600f0000000000000005600f0000000000000005600f0000000000000005600f0000000000000005600f0000000000000005600f0000000000000005600f0000000000000005600f0000000000000005600f0000000000000005600f000000000000000
01:59:57.762 [DEBUG] [serial] Sin header 0xAA, descartando 128 bytes: f0000000000000005600f00000000000
01:59:57.773 [DEBUG] [serial] RX 128 bytes: 5600f0000000000000005600f0000000000000005600f0000000000000005600f0000000000000005600f0000000000000005600f0000000000000005600f0000000000000005600f0000000000000005600f0000000000000005600f0000000000000005600f0000000000000005600f0000000000000005600f00000000000
01:59:57.773 [DEBUG] [serial] Sin header 0xAA, descartando 128 bytes: 5600f0000000000000005600f0000000
01:59:57.784 [DEBUG] [serial] RX 128 bytes: 00005600f0000000000000005600f0000000000000005600f0000000000000005600f0000000000000005600f0000000000000005600f0000000000000005600f0000000000000005600f0000000000000005600f0000000000000005600f0000000000000005600f0000000000000005600f0000000000000005600f0000000
01:59:57.784 [DEBUG] [serial] Sin header 0xAA, descartando 128 bytes: 00005600f0000000000000005600f000
01:59:57.794 [DEBUG] [serial] RX 128 bytes: 000000005600f0000000000000005600f0000000000000005600f0000000000000005600f0000000000000005600f0000000000000005600f0000000000000005600f0000000000000005600f0000000000000005600f0000000000000005600f0000000000000005600f0000000000000005600f0000000000000005600f000
01:59:57.795 [DEBUG] [serial] Sin header 0xAA, descartando 128 bytes: 000000005600f0000000000000005600
01:59:57.805 [DEBUG] [serial] RX 128 bytes: 0000000000005600f0000000000000005600f0000000000000005600f0000000000000005600f0000000000000005600f0000000000000005600f0000000000000005600f0000000000000005600f0000000000000005600f0000000000000005600f0000000000000005600f0000000000000005600f0000000000000005600
01:59:57.805 [DEBUG] [serial] Sin header 0xAA, descartando 128 bytes: 0000000000005600f000000000000000
01:59:57.815 [DEBUG] [serial] RX 128 bytes: f0000000000000005600f0000000000000005600f0000000000000005600f0000000000000005600f0000000000000005600f0000000000000005600f0000000000000005600f0000000000000005600f0000000000000005600f0000000000000005600f0000000000000005600f0000000000000005600f000000000000000
01:59:57.816 [DEBUG] [serial] Sin header 0xAA, descartando 128 bytes: f0000000000000005600f00000000000
01:59:57.816 [INFO] [serial] Stats: 0 pkts, 57600 bytes rx
01:59:57.826 [DEBUG] [serial] RX 128 bytes: 5600f0000000000000005600f0000000000000005600f0000000000000005600f0000000000000005600f0000000000000005600f0000000000000005600f0000000000000005600f0000000000000005600f0000000000000005600f0000000000000005600f0000000000000005600f0000000000000005600f00000000000
01:59:57.826 [DEBUG] [serial] Sin header 0xAA, descartando 128 bytes: 5600f0000000000000005600f0000000
01:59:57.837 [DEBUG] [serial] RX 128 bytes: 00005600f0000000000000005600f0000000000000005600f0000000000000005600f0000000000000005600f0000000000000005600f0000000000000005600f0000000000000005600f0000000000000005600f0000000000000005600f0000000000000005600f0000000000000005600f0000000000000005600f0000000
01:59:57.837 [DEBUG] [serial] Sin header 0xAA, descartando 128 bytes: 00005600f0000000000000005600f000
01:59:57.848 [DEBUG] [serial] RX 128 bytes: 000000005600f0000000000000005600f0000000000000005600f0000000000000005600f0000000000000005600f0000000000000005600f0000000000000005600f0000000000000005600f0000000000000005600f0000000000000005600f0000000000000005600f0000000000000005600f0000000000000005600f000
01:59:57.848 [DEBUG] [serial] Sin header 0xAA, descartando 128 bytes: 000000005600f0000000000000005600
01:59:57.859 [DEBUG] [serial] RX 128 bytes: 0000000000005600f0000000000000005600f0000000000000005600f0000000000000005600f0000000000000005600f0000000000000005600f0000000000000005600f0000000000000005600f0000000000000005600f0000000000000005600f0000000000000005600f0000000000000005600f0000000000000005600
01:59:57.859 [DEBUG] [serial] Sin header 0xAA, descartando 128 bytes: 0000000000005600f000000000000000
01:59:57.869 [DEBUG] [serial] RX 128 bytes: f0000000000000005600f0000000000000005600f0000000000000005600f0000000000000005600f0000000000000005600f0000000000000005600f0000000000000005600f0000000000000005600f0000000000000005600f0000000000000005600f0000000000000005600f0000000000000005600f000000000000000
01:59:57.869 [DEBUG] [serial] Sin header 0xAA, descartando 128 bytes: f0000000000000005600f00000000000
01:59:57.880 [DEBUG] [serial] RX 128 bytes: 5600f0000000000000005600f0000000000000005600f0000000000000005600f0000000000000005600f0000000000000005600f0000000000000005600f0000000000000005600f0000000000000005600f0000000000000005600f0000000000000005600f0000000000000005600f0000000000000005600f00000000000
01:59:57.880 [DEBUG] [serial] Sin header 0xAA, descartando 128 bytes: 5600f0000000000000005600f0000000
01:59:57.890 [DEBUG] [serial] RX 128 bytes: 00005600f0000000000000005600f0000000000000005600f0000000000000005600f0000000000000005600f0000000000000005600f0000000000000005600f0000000000000005600f0000000000000005600f0000000000000005600f0000000000000005600f0000000000000005600f0000000000000005600f0000000
01:59:57.891 [DEBUG] [serial] Sin header 0xAA, descartando 128 bytes: 00005600f0000000000000005600f000
01:59:57.901 [DEBUG] [serial] RX 128 bytes: 000000005600f0000000000000005600f0000000000000005600f0000000000000005600f0000000000000005600f0000000000000005600f0000000000000005600f0000000000000005600f0000000000000005600f0000000000000005600f0000000000000005600f0000000000000005600f0000000000000005600f000
01:59:57.901 [DEBUG] [serial] Sin header 0xAA, descartando 128 bytes: 000000005600f0000000000000005600
01:59:57.912 [DEBUG] [serial] RX 128 bytes: 0000000000005600f0000000000000005600f0000000000000005600f0000000000000005600f0000000000000005600f0000000000000005600f0000000000000005600f0000000000000005600f0000000000000005600f0000000000000005600f0000000000000005600f0000000000000005600f0000000000000005600
01:59:57.912 [DEBUG] [serial] Sin header 0xAA, descartando 128 bytes: 0000000000005600f000000000000000
01:59:57.922 [DEBUG] [serial] RX 128 bytes: f0000000000000005600f0000000000000005600f0000000000000005600f0000000000000005600f0000000000000005600f0000000000000005600f0000000000000005600f0000000000000005600f0000000000000005600f0000000000000005600f0000000000000005600f0000000000000005600f000000000000000
01:59:57.923 [DEBUG] [serial] Sin header 0xAA, descartando 128 bytes: f0000000000000005600f00000000000
01:59:57.933 [DEBUG] [serial] RX 128 bytes: 5600f0000000000000005600f0000000000000005600f0000000000000005600f0000000000000005600f0000000000000005600f0000000000000005600f0000000000000005600f0000000000000005600f0000000000000005600f0000000000000005600f0000000000000005600f0000000000000005600f00000000000
01:59:57.933 [DEBUG] [serial] Sin header 0xAA, descartando 128 bytes: 5600f0000000000000005600f0000000
01:59:57.944 [DEBUG] [serial] RX 128 bytes: 00005600f0000000000000005600f0000000000000005600f0000000000000005600f0000000000000005600f0000000000000005600f0000000000000005600f0000000000000005600f0000000000000005600f0000000000000005600f0000000000000005600f0000000000000005600f0000000000000005600f0000000
01:59:57.944 [DEBUG] [serial] Sin header 0xAA, descartando 128 bytes: 00005600f0000000000000005600f000
01:59:57.955 [DEBUG] [serial] RX 128 bytes: 000000005600f0000000000000005600f0000000000000005600f0000000000000005600f0000000000000005600f0000000000000005600f0000000000000005600f0000000000000005600f0000000000000005600f0000000000000005600f0000000000000005600f0000000000000005600f0000000000000005600f000
01:59:57.955 [DEBUG] [serial] Sin header 0xAA, descartando 128 bytes: 000000005600f0000000000000005600
01:59:57.966 [DEBUG] [serial] RX 128 bytes: 0000000000005600f0000000000000005600f0000000000000005600f0000000000000005600f0000000000000005600f0000000000000005600f0000000000000005600f0000000000000005600f0000000000000005600f0000000000000005600f0000000000000005600f0000000000000005600f0000000000000005600
01:59:57.966 [DEBUG] [serial] Sin header 0xAA, descartando 128 bytes: 0000000000005600f000000000000000
01:59:57.976 [DEBUG] [serial] RX 128 bytes: f0000000000000005600f0000000000000005600f0000000000000005600f0000000000000005600f0000000000000005600f0000000000000005600f0000000000000005600f0000000000000005600f0000000000000005600f0000000000000005600f0000000000000005600f0000000000000005600f000000000000000
01:59:57.976 [DEBUG] [serial] Sin header 0xAA, descartando 128 bytes: f0000000000000005600f00000000000
01:59:57.987 [DEBUG] [serial] RX 128 bytes: 5600f0000000000000005600f0000000000000005600f0000000000000005600f0000000000000005600f0000000000000005600f0000000000000005600f0000000000000005600f0000000000000005600f0000000000000005600f0000000000000005600f0000000000000005600f0000000000000005600f00000000000
01:59:57.987 [DEBUG] [serial] Sin header 0xAA, descartando 128 bytes: 5600f0000000000000005600f0000000
01:59:57.997 [DEBUG] [serial] RX 128 bytes: 00005600f0000000000000005600f0000000000000005600f0000000000000005600f0000000000000005600f0000000000000005600f0000000000000005600f0000000000000005600f0000000000000005600f0000000000000005600f0000000000000005600f0000000000000005600f0000000000000005600f0000000
01:59:57.998 [DEBUG] [serial] Sin header 0xAA, descartando 128 bytes: 00005600f0000000000000005600f000
01:59:58.008 [DEBUG] [serial] RX 128 bytes: 000000005600f0000000000000005600f0000000000000005600f0000000000000005600f0000000000000005600f0000000000000005600f0000000000000005600f0000000000000005600f0000000000000005600f0000000000000005600f0000000000000005600f0000000000000005600f0000000000000005600f000
01:59:58.008 [DEBUG] [serial] Sin header 0xAA, descartando 128 bytes: 000000005600f0000000000000005600
01:59:58.019 [DEBUG] [serial] RX 128 bytes: 0000000000005600f0000000000000005600f0000000000000005600f0000000000000005600f0000000000000005600f0000000000000005600f0000000000000005600f0000000000000005600f0000000000000005600f0000000000000005600f0000000000000005600f0000000000000005600f0000000000000005600
01:59:58.019 [DEBUG] [serial] Sin header 0xAA, descartando 128 bytes: 0000000000005600f000000000000000
01:59:58.029 [DEBUG] [serial] RX 128 bytes: f0000000000000005600f0000000000000005600f0000000000000005600f0000000000000005600f0000000000000005600f0000000000000005600f0000000000000005600f0000000000000005600f0000000000000005600f0000000000000005600f0000000000000005600f0000000000000005600f000000000000000
01:59:58.029 [DEBUG] [serial] Sin header 0xAA, descartando 128 bytes: f0000000000000005600f00000000000
01:59:58.040 [DEBUG] [serial] RX 128 bytes: 5600f0000000000000005600f0000000000000005600f0000000000000005600f0000000000000005600f0000000000000005600f0000000000000005600f0000000000000005600f0000000000000005600f0000000000000005600f0000000000000005600f0000000000000005600f0000000000000005600f00000000000
01:59:58.040 [DEBUG] [serial] Sin header 0xAA, descartando 128 bytes: 5600f0000000000000005600f0000000
01:59:58.051 [DEBUG] [serial] RX 128 bytes: 00005600f0000000000000005600f0000000000000005600f0000000000000005600f0000000000000005600f0000000000000005600f0000000000000005600f0000000000000005600f0000000000000005600f0000000000000005600f0000000000000005600f0000000000000005600f0000000000000005600f0000000
01:59:58.051 [DEBUG] [serial] Sin header 0xAA, descartando 128 bytes: 00005600f0000000000000005600f000
01:59:58.062 [DEBUG] [serial] RX 128 bytes: 000000005600f0000000000000005600f0000000000000005600f0000000000000005600f0000000000000005600f0000000000000005600f0000000000000005600f0000000000000005600f0000000000000005600f0000000000000005600f0000000000000005600f0000000000000005600f0000000000000005600f000
01:59:58.062 [DEBUG] [serial] Sin header 0xAA, descartando 128 bytes: 000000005600f0000000000000005600
01:59:58.072 [DEBUG] [serial] RX 128 bytes: 0000000000005600f0000000000000005600f0000000000000005600f0000000000000005600f0000000000000005600f0000000000000005600f0000000000000005600f0000000000000005600f0000000000000005600f0000000000000005600f0000000000000005600f0000000000000005600f0000000000000005600
01:59:58.073 [DEBUG] [serial] Sin header 0xAA, descartando 128 bytes: 0000000000005600f000000000000000
01:59:58.083 [DEBUG] [serial] RX 128 bytes: f0000000000000005600f0000000000000005600f0000000000000005600f0000000000000005600f0000000000000005600f0000000000000005600f0000000000000005600f0000000000000005600f0000000000000005600f0000000000000005600f0000000000000005600f0000000000000005600f000000000000000
01:59:58.083 [DEBUG] [serial] Sin header 0xAA, descartando 128 bytes: f0000000000000005600f00000000000
01:59:58.093 [DEBUG] [serial] RX 128 bytes: 5600f0000000000000005600f0000000000000005600f0000000000000005600f0000000000000005600f0000000000000005600f0000000000000005600f0000000000000005600f0000000000000005600f0000000000000005600f0000000000000005600f0000000000000005600f0000000000000005600f00000000000
01:59:58.094 [DEBUG] [serial] Sin header 0xAA, descartando 128 bytes: 5600f0000000000000005600f0000000
01:59:58.104 [DEBUG] [serial] RX 128 bytes: 00005600f0000000000000005600f0000000000000005600f0000000000000005600f0000000000000005600f0000000000000005600f0000000000000005600f0000000000000005600f0000000000000005600f0000000000000005600f0000000000000005600f0000000000000005600f0000000000000005600f0000000
01:59:58.104 [DEBUG] [serial] Sin header 0xAA, descartando 128 bytes: 00005600f0000000000000005600f000
01:59:58.115 [DEBUG] [serial] RX 128 bytes: 000000005600f0000000000000005600f0000000000000005600f0000000000000005600f0000000000000005600f0000000000000005600f0000000000000005600f0000000000000005600f0000000000000005600f0000000000000005600f0000000000000005600f0000000000000005600f0000000000000005600f000
01:59:58.115 [DEBUG] [serial] Sin header 0xAA, descartando 128 bytes: 000000005600f0000000000000005600
01:59:58.126 [DEBUG] [serial] RX 128 bytes: 0000000000005600f0000000000000005600f0000000000000005600f0000000000000005600f0000000000000005600f0000000000000005600f0000000000000005600f0000000000000005600f0000000000000005600f0000000000000005600f0000000000000005600f0000000000000005600f0000000000000005600
01:59:58.126 [DEBUG] [serial] Sin header 0xAA, descartando 128 bytes: 0000000000005600f000000000000000
01:59:58.136 [DEBUG] [serial] RX 128 bytes: f0000000000000005600f0000000000000005600f0000000000000005600f0000000000000005600f0000000000000005600f0000000000000005600f0000000000000005600f0000000000000005600f0000000000000005600f0000000000000005600f0000000000000005600f0000000000000005600f000000000000000
01:59:58.136 [DEBUG] [serial] Sin header 0xAA, descartando 128 bytes: f0000000000000005600f00000000000
01:59:58.147 [DEBUG] [serial] RX 128 bytes: 5600f0000000000000005600f0000000000000005600f0000000000000005600f0000000000000005600f0000000000000005600f0000000000000005600f0000000000000005600f0000000000000005600f0000000000000005600f0000000000000005600f0000000000000005600f0000000000000005600f00000000000
01:59:58.147 [DEBUG] [serial] Sin header 0xAA, descartando 128 bytes: 5600f0000000000000005600f0000000
01:59:58.158 [DEBUG] [serial] RX 128 bytes: 00005600f0000000000000005600f0000000000000005600f0000000000000005600f0000000000000005600f0000000000000005600f0000000000000005600f0000000000000005600f0000000000000005600f0000000000000005600f0000000000000005600f0000000000000005600f0000000000000005600f0000000
01:59:58.158 [DEBUG] [serial] Sin header 0xAA, descartando 128 bytes: 00005600f0000000000000005600f000
01:59:58.168 [DEBUG] [serial] RX 128 bytes: 000000005600f0000000000000005600f0000000000000005600f0000000000000005600f0000000000000005600f0000000000000005600f0000000000000005600f0000000000000005600f0000000000000005600f0000000000000005600f0000000000000005600f0000000000000005600f0000000000000005600f000
01:59:58.169 [DEBUG] [serial] Sin header 0xAA, descartando 128 bytes: 000000005600f0000000000000005600
01:59:58.179 [DEBUG] [serial] RX 128 bytes: 0000000000005600f0000000000000005600f0000000000000005600f0000000000000005600f0000000000000005600f0000000000000005600f0000000000000005600f0000000000000005600f0000000000000005600f0000000000000005600f0000000000000005600f0000000000000005600f0000000000000005600
01:59:58.179 [DEBUG] [serial] Sin header 0xAA, descartando 128 bytes: 0000000000005600f000000000000000
01:59:58.189 [DEBUG] [serial] RX 128 bytes: f0000000000000005600f0000000000000005600f0000000000000005600f0000000000000005600f0000000000000005600f0000000000000005600f0000000000000005600f0000000000000005600f0000000000000005600f0000000000000005600f0000000000000005600f0000000000000005600f000000000000000
01:59:58.190 [DEBUG] [serial] Sin header 0xAA, descartando 128 bytes: f0000000000000005600f00000000000
01:59:58.200 [DEBUG] [serial] RX 128 bytes: 5600f0000000000000005600f0000000000000005600f0000000000000005600f0000000000000005600f0000000000000005600f0000000000000005600f0000000000000005600f0000000000000005600f0000000000000005600f0000000000000005600f0000000000000005600f0000000000000005600f00000000000
01:59:58.201 [DEBUG] [serial] Sin header 0xAA, descartando 128 bytes: 5600f0000000000000005600f0000000
01:59:58.211 [DEBUG] [serial] RX 128 bytes: 00005600f0000000000000005600f0000000000000005600f0000000000000005600f0000000000000005600f0000000000000005600f0000000000000005600f0000000000000005600f0000000000000005600f0000000000000005600f0000000000000005600f0000000000000005600f0000000000000005600f0000000
01:59:58.211 [DEBUG] [serial] Sin header 0xAA, descartando 128 bytes: 00005600f0000000000000005600f000
01:59:58.222 [DEBUG] [serial] RX 128 bytes: 000000005600f0000000000000005600f0000000000000005600f0000000000000005600f0000000000000005600f0000000000000005600f0000000000000005600f0000000000000005600f0000000000000005600f0000000000000005600f0000000000000005600f0000000000000005600f0000000000000005600f000
01:59:58.222 [DEBUG] [serial] Sin header 0xAA, descartando 128 bytes: 000000005600f0000000000000005600
01:59:58.233 [DEBUG] [serial] RX 128 bytes: 0000000000005600f0000000000000005600f0000000000000005600f0000000000000005600f0000000000000005600f0000000000000005600f0000000000000005600f0000000000000005600f0000000000000005600f0000000000000005600f0000000000000005600f0000000000000005600f0000000000000005600
01:59:58.233 [DEBUG] [serial] Sin header 0xAA, descartando 128 bytes: 0000000000005600f000000000000000
01:59:58.243 [DEBUG] [serial] RX 128 bytes: f0000000000000005600f0000000000000005600f0000000000000005600f0000000000000005600f0000000000000005600f0000000000000005600f0000000000000005600f0000000000000005600f0000000000000005600f0000000000000005600f0000000000000005600f0000000000000005600f000000000000000
01:59:58.243 [DEBUG] [serial] Sin header 0xAA, descartando 128 bytes: f0000000000000005600f00000000000
01:59:58.254 [DEBUG] [serial] RX 128 bytes: 5600f0000000000000005600f0000000000000005600f0000000000000005600f0000000000000005600f0000000000000005600f0000000000000005600f0000000000000005600f0000000000000005600f0000000000000005600f0000000000000005600f0000000000000005600f0000000000000005600f00000000000
01:59:58.254 [DEBUG] [serial] Sin header 0xAA, descartando 128 bytes: 5600f0000000000000005600f0000000
01:59:58.265 [DEBUG] [serial] RX 128 bytes: 00005600f0000000000000005600f0000000000000005600f0000000000000005600f0000000000000005600f0000000000000005600f0000000000000005600f0000000000000005600f0000000000000005600f0000000000000005600f0000000000000005600f0000000000000005600f0000000000000005600f0000000
01:59:58.265 [DEBUG] [serial] Sin header 0xAA, descartando 128 bytes: 00005600f0000000000000005600f000
01:59:58.276 [DEBUG] [serial] RX 128 bytes: 000000005600f0000000000000005600f0000000000000005600f0000000000000005600f0000000000000005600f0000000000000005600f0000000000000005600f0000000000000005600f0000000000000005600f0000000000000005600f0000000000000005600f0000000000000005600f0000000000000005600f000
01:59:58.276 [DEBUG] [serial] Sin header 0xAA, descartando 128 bytes: 000000005600f0000000000000005600
01:59:58.286 [DEBUG] [serial] RX 128 bytes: 0000000000005600f0000000000000005600f0000000000000005600f0000000000000005600f0000000000000005600f0000000000000005600f0000000000000005600f0000000000000005600f0000000000000005600f0000000000000005600f0000000000000005600f0000000000000005600f0000000000000005600
01:59:58.286 [DEBUG] [serial] Sin header 0xAA, descartando 128 bytes: 0000000000005600f000000000000000
01:59:58.296 [DEBUG] [serial] RX 128 bytes: f0000000000000005600f0000000000000005600f0000000000000005600f0000000000000005600f0000000000000005600f0000000000000005600f0000000000000005600f0000000000000005600f0000000000000005600f0000000000000005600f0000000000000005600f0000000000000005600f000000000000000
01:59:58.297 [DEBUG] [serial] Sin header 0xAA, descartando 128 bytes: f0000000000000005600f00000000000
01:59:58.307 [DEBUG] [serial] RX 128 bytes: 5600f0000000000000005600f0000000000000005600f0000000000000005600f0000000000000005600f0000000000000005600f0000000000000005600f0000000000000005600f0000000000000005600f0000000000000005600f0000000000000005600f0000000000000005600f0000000000000005600f00000000000
01:59:58.307 [DEBUG] [serial] Sin header 0xAA, descartando 128 bytes: 5600f0000000000000005600f0000000
01:59:58.318 [DEBUG] [serial] RX 128 bytes: 00005600f0000000000000005600f0000000000000005600f0000000000000005600f0000000000000005600f0000000000000005600f0000000000000005600f0000000000000005600f0000000000000005600f0000000000000005600f0000000000000005600f0000000000000005600f0000000000000005600f0000000
01:59:58.318 [DEBUG] [serial] Sin header 0xAA, descartando 128 bytes: 00005600f0000000000000005600f000
01:59:58.329 [DEBUG] [serial] RX 128 bytes: 000000005600f0000000000000005600f0000000000000005600f0000000000000005600f0000000000000005600f0000000000000005600f0000000000000005600f0000000000000005600f0000000000000005600f0000000000000005600f0000000000000005600f0000000000000005600f0000000000000005600f000
01:59:58.329 [DEBUG] [serial] Sin header 0xAA, descartando 128 bytes: 000000005600f0000000000000005600
01:59:58.339 [DEBUG] [serial] RX 128 bytes: 0000000000005600f0000000000000005600f0000000000000005600f0000000000000005600f0000000000000005600f0000000000000005600f0000000000000005600f0000000000000005600f0000000000000005600f0000000000000005600f0000000000000005600f0000000000000005600f0000000000000005600
01:59:58.340 [DEBUG] [serial] Sin header 0xAA, descartando 128 bytes: 0000000000005600f000000000000000
01:59:58.350 [DEBUG] [serial] RX 128 bytes: f0000000000000005600f0000000000000005600f0000000000000005600f0000000000000005600f0000000000000005600f0000000000000005600f0000000000000005600f0000000000000005600f0000000000000005600f0000000000000005600f0000000000000005600f0000000000000005600f000000000000000
01:59:58.350 [DEBUG] [serial] Sin header 0xAA, descartando 128 bytes: f0000000000000005600f00000000000
01:59:58.360 [DEBUG] [serial] RX 128 bytes: 5600f0000000000000005600f0000000000000005600f0000000000000005600f0000000000000005600f0000000000000005600f0000000000000005600f0000000000000005600f0000000000000005600f0000000000000005600f0000000000000005600f0000000000000005600f0000000000000005600f00000000000
01:59:58.361 [DEBUG] [serial] Sin header 0xAA, descartando 128 bytes: 5600f0000000000000005600f0000000
01:59:58.371 [DEBUG] [serial] RX 128 bytes: 00005600f0000000000000005600f0000000000000005600f0000000000000005600f0000000000000005600f0000000000000005600f0000000000000005600f0000000000000005600f0000000000000005600f0000000000000005600f0000000000000005600f0000000000000005600f0000000000000005600f0000000
01:59:58.372 [DEBUG] [serial] Sin header 0xAA, descartando 128 bytes: 00005600f0000000000000005600f000
01:59:58.382 [DEBUG] [serial] RX 128 bytes: 000000005600f0000000000000005600f0000000000000005600f0000000000000005600f0000000000000005600f0000000000000005600f0000000000000005600f0000000000000005600f0000000000000005600f0000000000000005600f0000000000000005600f0000000000000005600f0000000000000005600f000
01:59:58.382 [DEBUG] [serial] Sin header 0xAA, descartando 128 bytes: 000000005600f0000000000000005600
01:59:58.393 [DEBUG] [serial] RX 128 bytes: 0000000000005600f0000000000000005600f0000000000000005600f0000000000000005600f0000000000000005600f0000000000000005600f0000000000000005600f0000000000000005600f0000000000000005600f0000000000000005600f0000000000000005600f0000000000000005600f0000000000000005600
01:59:58.393 [DEBUG] [serial] Sin header 0xAA, descartando 128 bytes: 0000000000005600f000000000000000
01:59:58.403 [DEBUG] [serial] RX 128 bytes: f0000000000000005600f0000000000000005600f0000000000000005600f0000000000000005600f0000000000000005600f0000000000000005600f0000000000000005600f0000000000000005600f0000000000000005600f0000000000000005600f0000000000000005600f0000000000000005600f000000000000000
01:59:58.403 [DEBUG] [serial] Sin header 0xAA, descartando 128 bytes: f0000000000000005600f00000000000
01:59:58.414 [DEBUG] [serial] RX 128 bytes: 5600f0000000000000005600f0000000000000005600f0000000000000005600f0000000000000005600f0000000000000005600f0000000000000005600f0000000000000005600f0000000000000005600f0000000000000005600f0000000000000005600f0000000000000005600f0000000000000005600f00000000000
01:59:58.414 [DEBUG] [serial] Sin header 0xAA, descartando 128 bytes: 5600f0000000000000005600f0000000
01:59:58.425 [DEBUG] [serial] RX 128 bytes: 00005600f0000000000000005600f0000000000000005600f0000000000000005600f0000000000000005600f0000000000000005600f0000000000000005600f0000000000000005600f0000000000000005600f0000000000000005600f0000000000000005600f0000000000000005600f0000000000000005600f0000000
01:59:58.425 [DEBUG] [serial] Sin header 0xAA, descartando 128 bytes: 00005600f0000000000000005600f000
01:59:58.435 [DEBUG] [serial] RX 128 bytes: 000000005600f0000000000000005600f0000000000000005600f0000000000000005600f0000000000000005600f0000000000000005600f0000000000000005600f0000000000000005600f0000000000000005600f0000000000000005600f0000000000000005600f0000000000000005600f0000000000000005600f000
01:59:58.436 [DEBUG] [serial] Sin header 0xAA, descartando 128 bytes: 000000005600f0000000000000005600
01:59:58.446 [DEBUG] [serial] RX 128 bytes: 0000000000005600f0000000000000005600f0000000000000005600f0000000000000005600f0000000000000005600f0000000000000005600f0000000000000005600f0000000000000005600f0000000000000005600f0000000000000005600f0000000000000005600f0000000000000005600f0000000000000005600
01:59:58.446 [DEBUG] [serial] Sin header 0xAA, descartando 128 bytes: 0000000000005600f000000000000000
01:59:58.455 [INFO] [GUI] Click MuxIn -> 1
01:59:58.456 [INFO] [serial] Encolando TX CMD_MUX_IN sel=1: bb0101
01:59:58.457 [INFO] [serial] TX CMD_MUX_IN sel=1: bb0101
01:59:58.457 [DEBUG] [serial] TX OK: 3 bytes escritos
01:59:58.458 [DEBUG] [serial] RX 128 bytes: f0000000000000005600f0000000000000005600f0000000000000005600f0000000000000005600f0000000000000005600f0000000000000005600f0000000000000005600f0000000000000005600f0000000000000005600f0000000000000005600f0000000000000005600f0000000000000005600f000000000000000
01:59:58.458 [DEBUG] [serial] Sin header 0xAA, descartando 128 bytes: f0000000000000005600f00000000000
01:59:58.467 [DEBUG] [serial] RX 128 bytes: 5600f0000000000000005600f0000000000000005600f0000000000000005600f0000000000000005600f0000000000000005600f0000000000000005600f0000000000000005600f0000000000000005600f0000000000000005600f0000000000000005600f0000000000000005600f0000000000000005600f00000000000
01:59:58.468 [DEBUG] [serial] Sin header 0xAA, descartando 128 bytes: 5600f0000000000000005600f0000000
01:59:58.478 [DEBUG] [serial] RX 128 bytes: 00005600f0000000000000005600f0000000000000005600f0000000000000005600f0000000000000005600f0000000000000005600f0000000000000005600f0000000000000005600f0000000000000005600f0000000000000005600f0000000000000005600f0000000000000005600f0000000000000005600f0000000
01:59:58.479 [DEBUG] [serial] Sin header 0xAA, descartando 128 bytes: 00005600f0000000000000005600f000
01:59:58.489 [DEBUG] [serial] RX 128 bytes: 000000005600f0000000000000005600f0000000000000005600f0000000000000005600f0000000000000005600f0000000000000005600f0000000000000005600f0000000000000005600f0000000000000005600f0000000000000005600f0000000000000005600f0000000000000005600f0000000000000005600f000
01:59:58.489 [DEBUG] [serial] Sin header 0xAA, descartando 128 bytes: 000000005600f0000000000000005600
01:59:58.500 [DEBUG] [serial] RX 128 bytes: 0000000000005600f0000000000000005600f0000000000000005600f0000000000000005600f0000000000000005600f0000000000000005600f0000000000000005600f0000000000000005600f0000000000000005600f0000000000000005600f0000000000000005600f0000000000000005600f0000000000000005600
01:59:58.500 [DEBUG] [serial] Sin header 0xAA, descartando 128 bytes: 0000000000005600f000000000000000
01:59:58.510 [DEBUG] [serial] RX 128 bytes: f0000000000000005600f0000000000000005600f0000000000000005600f0000000000000005600f0000000000000005600f0000000000000005600f0000000000000005600f0000000000000005600f0000000000000005600f0000000000000005600f0000000000000005600f0000000000000005600f000000000000000
01:59:58.510 [DEBUG] [serial] Sin header 0xAA, descartando 128 bytes: f0000000000000005600f00000000000
01:59:58.521 [DEBUG] [serial] RX 128 bytes: 5600f0000000000000005600f0000000000000005600f0000000000000005600f0000000000000005600f0000000000000005600f0000000000000005600f0000000000000005600f0000000000000005600f0000000000000005600f0000000000000005600f0000000000000005600f0000000000000005600f00000000000
01:59:58.521 [DEBUG] [serial] Sin header 0xAA, descartando 128 bytes: 5600f0000000000000005600f0000000
01:59:58.532 [DEBUG] [serial] RX 128 bytes: 00005600f0000000000000005600f0000000000000005600f0000000000000005600f0000000000000005600f0000000000000005600f0000000000000005600f0000000000000005600f0000000000000005600f0000000000000005600f0000000000000005600f0000000000000005600f0000000000000005600f0000000
01:59:58.532 [DEBUG] [serial] Sin header 0xAA, descartando 128 bytes: 00005600f0000000000000005600f000
01:59:58.542 [DEBUG] [serial] RX 128 bytes: 000000005600f0000000000000005600f0000000000000005600f0000000000000005600f0000000000000005600f0000000000000005600f0000000000000005600f0000000000000005600f0000000000000005600f0000000000000005600f0000000000000005600f0000000000000005600f0000000000000005600f000
01:59:58.543 [DEBUG] [serial] Sin header 0xAA, descartando 128 bytes: 000000005600f0000000000000005600
01:59:58.553 [DEBUG] [serial] RX 128 bytes: 0000000000005600f0000000000000005600f0000000000000005600f0000000000000005600f0000000000000005600f0000000000000005600f0000000000000005600f0000000000000005600f0000000000000005600f0000000000000005600f0000000000000005600f0000000000000005600f0000000000000005600
01:59:58.554 [DEBUG] [serial] Sin header 0xAA, descartando 128 bytes: 0000000000005600f000000000000000
01:59:58.563 [DEBUG] [serial] RX 128 bytes: f0000000000000005600f0000000000000005600f0000000000000005600f0000000000000005600f0000000000000005600f0000000000000005600f0000000000000005600f0000000000000005600f0000000000000005600f0000000000000005600f0000000000000005600f0000000000000005600f000000000000000
01:59:58.564 [DEBUG] [serial] Sin header 0xAA, descartando 128 bytes: f0000000000000005600f00000000000
01:59:58.574 [DEBUG] [serial] RX 128 bytes: 5600f0000000000000005600f0000000000000005600f0000000000000005600f0000000000000005600f0000000000000005600f0000000000000005600f0000000000000005600f0000000000000005600f0000000000000005600f0000000000000005600f0000000000000005600f0000000000000005600f00000000000
01:59:58.575 [DEBUG] [serial] Sin header 0xAA, descartando 128 bytes: 5600f0000000000000005600f0000000
01:59:58.585 [DEBUG] [serial] RX 128 bytes: 00005600f0000000000000005600f0000000000000005600f0000000000000005600f0000000000000005600f0000000000000005600f0000000000000005600f0000000000000005600f0000000000000005600f0000000000000005600f0000000000000005600f0000000000000005600f0000000000000005600f0000000
01:59:58.585 [DEBUG] [serial] Sin header 0xAA, descartando 128 bytes: 00005600f0000000000000005600f000
01:59:58.596 [DEBUG] [serial] RX 128 bytes: 000000005600f0000000000000005600f0000000000000005600f0000000000000005600f0000000000000005600f0000000000000005600f0000000000000005600f0000000000000005600f0000000000000005600f0000000000000005600f0000000000000005600f0000000000000005600f0000000000000005600f000
01:59:58.596 [DEBUG] [serial] Sin header 0xAA, descartando 128 bytes: 000000005600f0000000000000005600
01:59:58.607 [DEBUG] [serial] RX 128 bytes: 0000000000005600f0000000000000005600f0000000000000005600f0000000000000005600f0000000000000005600f0000000000000005600f0000000000000005600f0000000000000005600f0000000000000005600f0000000000000005600f0000000000000005600f0000000000000005600f0000000000000005600
01:59:58.607 [DEBUG] [serial] Sin header 0xAA, descartando 128 bytes: 0000000000005600f000000000000000
01:59:58.617 [DEBUG] [serial] RX 128 bytes: f0000000000000005600f0000000000000005600f0000000000000005600f0000000000000005600f0000000000000005600f0000000000000005600f0000000000000005600f0000000000000005600f0000000000000005600f0000000000000005600f0000000000000005600f0000000000000005600f000000000000000
01:59:58.617 [DEBUG] [serial] Sin header 0xAA, descartando 128 bytes: f0000000000000005600f00000000000
01:59:58.628 [DEBUG] [serial] RX 128 bytes: 5600f0000000000000005600f0000000000000005600f0000000000000005600f0000000000000005600f0000000000000005600f0000000000000005600f0000000000000005600f0000000000000005600f0000000000000005600f0000000000000005600f0000000000000005600f0000000000000005600f00000000000
01:59:58.628 [DEBUG] [serial] Sin header 0xAA, descartando 128 bytes: 5600f0000000000000005600f0000000
01:59:58.639 [DEBUG] [serial] RX 128 bytes: 00005600f0000000000000005600f0000000000000005600f0000000000000005600f0000000000000005600f0000000000000005600f0000000000000005600f0000000000000005600f0000000000000005600f0000000000000005600f0000000000000005600f0000000000000005600f0000000000000005600f0000000
01:59:58.640 [DEBUG] [serial] Sin header 0xAA, descartando 128 bytes: 00005600f0000000000000005600f000
01:59:58.649 [DEBUG] [serial] RX 128 bytes: 000000005600f0000000000000005600f0000000000000005600f0000000000000005600f0000000000000005600f0000000000000005600f0000000000000005600f0000000000000005600f0000000000000005600f0000000000000005600f0000000000000005600f0000000000000005600f0000000000000005600f000
01:59:58.650 [DEBUG] [serial] Sin header 0xAA, descartando 128 bytes: 000000005600f0000000000000005600
01:59:58.660 [DEBUG] [serial] RX 128 bytes: 0000000000005600f0000000000000005600f0000000000000005600f0000000000000005600f0000000000000005600f0000000000000005600f0000000000000005600f0000000000000005600f0000000000000005600f0000000000000005600f0000000000000005600f0000000000000005600f0000000000000005600
01:59:58.660 [DEBUG] [serial] Sin header 0xAA, descartando 128 bytes: 0000000000005600f000000000000000
01:59:58.670 [DEBUG] [serial] RX 128 bytes: f0000000000000005600f0000000000000005600f0000000000000005600f0000000000000005600f0000000000000005600f0000000000000005600f0000000000000005600f0000000000000005600f0000000000000005600f0000000000000005600f0000000000000005600f0000000000000005600f000000000000000
01:59:58.671 [DEBUG] [serial] Sin header 0xAA, descartando 128 bytes: f0000000000000005600f00000000000
01:59:58.681 [DEBUG] [serial] RX 128 bytes: 5600f0000000000000005600f0000000000000005600f0000000000000005600f0000000000000005600f0000000000000005600f0000000000000005600f0000000000000005600f0000000000000005600f0000000000000005600f0000000000000005600f0000000000000005600f0000000000000005600f00000000000
01:59:58.681 [DEBUG] [serial] Sin header 0xAA, descartando 128 bytes: 5600f0000000000000005600f0000000
01:59:58.692 [DEBUG] [serial] RX 128 bytes: 00005600f0000000000000005600f0000000000000005600f0000000000000005600f0000000000000005600f0000000000000005600f0000000000000005600f0000000000000005600f0000000000000005600f0000000000000005600f0000000000000005600f0000000000000005600f0000000000000005600f0000000
01:59:58.692 [DEBUG] [serial] Sin header 0xAA, descartando 128 bytes: 00005600f0000000000000005600f000
01:59:58.703 [DEBUG] [serial] RX 128 bytes: 000000005600f0000000000000005600f0000000000000005600f0000000000000005600f0000000000000005600f0000000000000005600f0000000000000005600f0000000000000005600f0000000000000005600f0000000000000005600f0000000000000005600f0000000000000005600f0000000000000005600f000
01:59:58.703 [DEBUG] [serial] Sin header 0xAA, descartando 128 bytes: 000000005600f0000000000000005600
01:59:58.713 [DEBUG] [serial] RX 128 bytes: 0000000000005600f0000000000000005600f0000000000000005600f0000000000000005600f0000000000000005600f0000000000000005600f0000000000000005600f0000000000000005600f0000000000000005600f0000000000000005600f0000000000000005600f0000000000000005600f0000000000000005600
01:59:58.714 [DEBUG] [serial] Sin header 0xAA, descartando 128 bytes: 0000000000005600f000000000000000
01:59:58.724 [DEBUG] [serial] RX 128 bytes: f0000000000000005600f0000000000000005600f0000000000000005600f0000000000000005600f0000000000000005600f0000000000000005600f0000000000000005600f0000000000000005600f0000000000000005600f0000000000000005600f0000000000000005600f0000000000000005600f000000000000000
01:59:58.724 [DEBUG] [serial] Sin header 0xAA, descartando 128 bytes: f0000000000000005600f00000000000
01:59:58.735 [DEBUG] [serial] RX 128 bytes: 5600f0000000000000005600f0000000000000005600f0000000000000005600f0000000000000005600f0000000000000005600f0000000000000005600f0000000000000005600f0000000000000005600f0000000000000005600f0000000000000005600f0000000000000005600f0000000000000005600f00000000000
01:59:58.735 [DEBUG] [serial] Sin header 0xAA, descartando 128 bytes: 5600f0000000000000005600f0000000
01:59:58.745 [DEBUG] [serial] RX 128 bytes: 00005600f0000000000000005600f0000000000000005600f0000000000000005600f0000000000000005600f0000000000000005600f0000000000000005600f0000000000000005600f0000000000000005600f0000000000000005600f0000000000000005600f0000000000000005600f0000000000000005600f0000000
01:59:58.746 [DEBUG] [serial] Sin header 0xAA, descartando 128 bytes: 00005600f0000000000000005600f000
01:59:58.756 [DEBUG] [serial] RX 128 bytes: 000000005600f0000000000000005600f0000000000000005600f0000000000000005600f0000000000000005600f0000000000000005600f0000000000000005600f0000000000000005600f0000000000000005600f0000000000000005600f0000000000000005600f0000000000000005600f0000000000000005600f000
01:59:58.757 [DEBUG] [serial] Sin header 0xAA, descartando 128 bytes: 000000005600f0000000000000005600
01:59:58.767 [DEBUG] [serial] RX 128 bytes: 0000000000005600f0000000000000005600f0000000000000005600f0000000000000005600f0000000000000005600f0000000000000005600f0000000000000005600f0000000000000005600f0000000000000005600f0000000000000005600f0000000000000005600f0000000000000005600f0000000000000005600
01:59:58.767 [DEBUG] [serial] Sin header 0xAA, descartando 128 bytes: 0000000000005600f000000000000000
01:59:58.777 [DEBUG] [serial] RX 128 bytes: f0000000000000005600f0000000000000005600f0000000000000005600f0000000000000005600f0000000000000005600f0000000000000005600f0000000000000005600f0000000000000005600f0000000000000005600f0000000000000005600f0000000000000005600f0000000000000005600f000000000000000
01:59:58.778 [DEBUG] [serial] Sin header 0xAA, descartando 128 bytes: f0000000000000005600f00000000000
01:59:58.788 [DEBUG] [serial] RX 128 bytes: 5600f0000000000000005600f0000000000000005600f0000000000000005600f0000000000000005600f0000000000000005600f0000000000000005600f0000000000000005600f0000000000000005600f0000000000000005600f0000000000000005600f0000000000000005600f0000000000000005600f00000000000
01:59:58.788 [DEBUG] [serial] Sin header 0xAA, descartando 128 bytes: 5600f0000000000000005600f0000000
01:59:58.799 [DEBUG] [serial] RX 128 bytes: 00005600f0000000000000005600f0000000000000005600f0000000000000005600f0000000000000005600f0000000000000005600f0000000000000005600f0000000000000005600f0000000000000005600f0000000000000005600f0000000000000005600f0000000000000005600f0000000000000005600f0000000
01:59:58.799 [DEBUG] [serial] Sin header 0xAA, descartando 128 bytes: 00005600f0000000000000005600f000
01:59:58.810 [DEBUG] [serial] RX 128 bytes: 000000005600f0000000000000005600f0000000000000005600f0000000000000005600f0000000000000005600f0000000000000005600f0000000000000005600f0000000000000005600f0000000000000005600f0000000000000005600f0000000000000005600f0000000000000005600f0000000000000005600f000
01:59:58.810 [DEBUG] [serial] Sin header 0xAA, descartando 128 bytes: 000000005600f0000000000000005600
01:59:58.820 [DEBUG] [serial] RX 128 bytes: 0000000000005600f0000000000000005600f0000000000000005600f0000000000000005600f0000000000000005600f0000000000000005600f0000000000000005600f0000000000000005600f0000000000000005600f0000000000000005600f0000000000000005600f0000000000000005600f0000000000000005600
01:59:58.821 [DEBUG] [serial] Sin header 0xAA, descartando 128 bytes: 0000000000005600f000000000000000
01:59:58.831 [DEBUG] [serial] RX 128 bytes: f0000000000000005600f0000000000000005600f0000000000000005600f0000000000000005600f0000000000000005600f0000000000000005600f0000000000000005600f0000000000000005600f0000000000000005600f0000000000000005600f0000000000000005600f0000000000000005600f000000000000000
01:59:58.831 [DEBUG] [serial] Sin header 0xAA, descartando 128 bytes: f0000000000000005600f00000000000
01:59:58.841 [DEBUG] [serial] RX 128 bytes: 5600f0000000000000005600f0000000000000005600f0000000000000005600f0000000000000005600f0000000000000005600f0000000000000005600f0000000000000005600f0000000000000005600f0000000000000005600f0000000000000005600f0000000000000005600f0000000000000005600f00000000000
01:59:58.842 [DEBUG] [serial] Sin header 0xAA, descartando 128 bytes: 5600f0000000000000005600f0000000
01:59:58.852 [DEBUG] [serial] RX 128 bytes: 00005600f0000000000000005600f0000000000000005600f0000000000000005600f0000000000000005600f0000000000000005600f0000000000000005600f0000000000000005600f0000000000000005600f0000000000000005600f0000000000000005600f0000000000000005600f0000000000000005600f0000000
01:59:58.853 [DEBUG] [serial] Sin header 0xAA, descartando 128 bytes: 00005600f0000000000000005600f000
01:59:58.863 [DEBUG] [serial] RX 128 bytes: 000000005600f0000000000000005600f0000000000000005600f0000000000000005600f0000000000000005600f0000000000000005600f0000000000000005600f0000000000000005600f0000000000000005600f0000000000000005600f0000000000000005600f0000000000000005600f0000000000000005600f000
01:59:58.863 [DEBUG] [serial] Sin header 0xAA, descartando 128 bytes: 000000005600f0000000000000005600
01:59:58.874 [DEBUG] [serial] RX 128 bytes: 0000000000005600f0000000000000005600f0000000000000005600f0000000000000005600f0000000000000005600f0000000000000005600f0000000000000005600f0000000000000005600f0000000000000005600f0000000000000005600f0000000000000005600f0000000000000005600f0000000000000005600
01:59:58.874 [DEBUG] [serial] Sin header 0xAA, descartando 128 bytes: 0000000000005600f000000000000000
01:59:58.884 [DEBUG] [serial] RX 128 bytes: f0000000000000005600f0000000000000005600f0000000000000005600f0000000000000005600f0000000000000005600f0000000000000005600f0000000000000005600f0000000000000005600f0000000000000005600f0000000000000005600f0000000000000005600f0000000000000005600f000000000000000
01:59:58.884 [DEBUG] [serial] Sin header 0xAA, descartando 128 bytes: f0000000000000005600f00000000000
01:59:58.895 [DEBUG] [serial] RX 128 bytes: 5600f0000000000000005600f0000000000000005600f0000000000000005600f0000000000000005600f0000000000000005600f0000000000000005600f0000000000000005600f0000000000000005600f0000000000000005600f0000000000000005600f0000000000000005600f0000000000000005600f00000000000
01:59:58.895 [DEBUG] [serial] Sin header 0xAA, descartando 128 bytes: 5600f0000000000000005600f0000000
01:59:58.906 [DEBUG] [serial] RX 128 bytes: 00005600f0000000000000005600f0000000000000005600f0000000000000005600f0000000000000005600f0000000000000005600f0000000000000005600f0000000000000005600f0000000000000005600f0000000000000005600f0000000000000005600f0000000000000005600f0000000000000005600f0000000
01:59:58.906 [DEBUG] [serial] Sin header 0xAA, descartando 128 bytes: 00005600f0000000000000005600f000
01:59:58.916 [DEBUG] [serial] RX 128 bytes: 000000005600f0000000000000005600f0000000000000005600f0000000000000005600f0000000000000005600f0000000000000005600f0000000000000005600f0000000000000005600f0000000000000005600f0000000000000005600f0000000000000005600f0000000000000005600f0000000000000005600f000
01:59:58.918 [DEBUG] [serial] Sin header 0xAA, descartando 128 bytes: 000000005600f0000000000000005600
01:59:58.927 [DEBUG] [serial] RX 128 bytes: 0000000000005600f0000000000000005600f0000000000000005600f0000000000000005600f0000000000000005600f0000000000000005600f0000000000000005600f0000000000000005600f0000000000000005600f0000000000000005600f0000000000000005600f0000000000000005600f0000000000000005600
01:59:58.927 [DEBUG] [serial] Sin header 0xAA, descartando 128 bytes: 0000000000005600f000000000000000
01:59:58.937 [DEBUG] [serial] RX 128 bytes: f0000000000000005600f0000000000000005600f0000000000000005600f0000000000000005600f0000000000000005600f0000000000000005600f0000000000000005600f0000000000000005600f0000000000000005600f0000000000000005600f0000000000000005600f0000000000000005600f000000000000000
01:59:58.938 [DEBUG] [serial] Sin header 0xAA, descartando 128 bytes: f0000000000000005600f00000000000
01:59:58.948 [DEBUG] [serial] RX 128 bytes: 5600f0000000000000005600f0000000000000005600f0000000000000005600f0000000000000005600f0000000000000005600f0000000000000005600f0000000000000005600f0000000000000005600f0000000000000005600f0000000000000005600f0000000000000005600f0000000000000005600f00000000000
01:59:58.948 [DEBUG] [serial] Sin header 0xAA, descartando 128 bytes: 5600f0000000000000005600f0000000
01:59:58.959 [DEBUG] [serial] RX 128 bytes: 00005600f0000000000000005600f0000000000000005600f0000000000000005600f0000000000000005600f0000000000000005600f0000000000000005600f0000000000000005600f0000000000000005600f0000000000000005600f0000000000000005600f0000000000000005600f0000000000000005600f0000000
01:59:58.959 [DEBUG] [serial] Sin header 0xAA, descartando 128 bytes: 00005600f0000000000000005600f000
01:59:58.970 [DEBUG] [serial] RX 128 bytes: 000000005600f0000000000000005600f0000000000000005600f0000000000000005600f0000000000000005600f0000000000000005600f0000000000000005600f0000000000000005600f0000000000000005600f0000000000000005600f0000000000000005600f0000000000000005600f0000000000000005600f000
01:59:58.970 [DEBUG] [serial] Sin header 0xAA, descartando 128 bytes: 000000005600f0000000000000005600
01:59:58.981 [DEBUG] [serial] RX 128 bytes: 0000000000005600f0000000000000005600f0000000000000005600f0000000000000005600f0000000000000005600f0000000000000005600f0000000000000005600f0000000000000005600f0000000000000005600f0000000000000005600f0000000000000005600f0000000000000005600f0000000000000005600
01:59:58.981 [DEBUG] [serial] Sin header 0xAA, descartando 128 bytes: 0000000000005600f000000000000000
01:59:58.991 [DEBUG] [serial] RX 128 bytes: f0000000000000005600f0000000000000005600f0000000000000005600f0000000000000005600f0000000000000005600f0000000000000005600f0000000000000005600f0000000000000005600f0000000000000005600f0000000000000005600f0000000000000005600f0000000000000005600f000000000000000
01:59:58.991 [DEBUG] [serial] Sin header 0xAA, descartando 128 bytes: f0000000000000005600f00000000000
01:59:59.002 [DEBUG] [serial] RX 128 bytes: 5600f0000000000000005600f0000000000000005600f0000000000000005600f0000000000000005600f0000000000000005600f0000000000000005600f0000000000000005600f0000000000000005600f0000000000000005600f0000000000000005600f0000000000000005600f0000000000000005600f00000000000
01:59:59.002 [DEBUG] [serial] Sin header 0xAA, descartando 128 bytes: 5600f0000000000000005600f0000000
01:59:59.013 [DEBUG] [serial] RX 128 bytes: 00005600f0000000000000005600f0000000000000005600f0000000000000005600f0000000000000005600f0000000000000005600f0000000000000005600f0000000000000005600f0000000000000005600f0000000000000005600f0000000000000005600f0000000000000005600f0000000000000005600f0000000
01:59:59.013 [DEBUG] [serial] Sin header 0xAA, descartando 128 bytes: 00005600f0000000000000005600f000
01:59:59.023 [DEBUG] [serial] RX 128 bytes: 000000005600f0000000000000005600f0000000000000005600f0000000000000005600f0000000000000005600f0000000000000005600f0000000000000005600f0000000000000005600f0000000000000005600f0000000000000005600f0000000000000005600f0000000000000005600f0000000000000005600f000
01:59:59.024 [DEBUG] [serial] Sin header 0xAA, descartando 128 bytes: 000000005600f0000000000000005600
01:59:59.034 [DEBUG] [serial] RX 128 bytes: 0000000000005600f0000000000000005600f0000000000000005600f0000000000000005600f0000000000000005600f0000000000000005600f0000000000000005600f0000000000000005600f0000000000000005600f0000000000000005600f0000000000000005600f0000000000000005600f0000000000000005600
01:59:59.034 [DEBUG] [serial] Sin header 0xAA, descartando 128 bytes: 0000000000005600f000000000000000
01:59:59.044 [DEBUG] [serial] RX 128 bytes: f0000000000000005600f0000000000000005600f0000000000000005600f0000000000000005600f0000000000000005600f0000000000000005600f0000000000000005600f0000000000000005600f0000000000000005600f0000000000000005600f0000000000000005600f0000000000000005600f000000000000000
01:59:59.045 [DEBUG] [serial] Sin header 0xAA, descartando 128 bytes: f0000000000000005600f00000000000
01:59:59.055 [DEBUG] [serial] RX 128 bytes: 5600f0000000000000005600f0000000000000005600f0000000000000005600f0000000000000005600f0000000000000005600f0000000000000005600f0000000000000005600f0000000000000005600f0000000000000005600f0000000000000005600f0000000000000005600f0000000000000005600f00000000000
01:59:59.055 [DEBUG] [serial] Sin header 0xAA, descartando 128 bytes: 5600f0000000000000005600f0000000
01:59:59.066 [DEBUG] [serial] RX 128 bytes: 00005600f0000000000000005600f0000000000000005600f0000000000000005600f0000000000000005600f0000000000000005600f0000000000000005600f0000000000000005600f0000000000000005600f0000000000000005600f0000000000000005600f0000000000000005600f0000000000000005600f0000000
01:59:59.066 [DEBUG] [serial] Sin header 0xAA, descartando 128 bytes: 00005600f0000000000000005600f000
01:59:59.077 [DEBUG] [serial] RX 128 bytes: 000000005600f0000000000000005600f0000000000000005600f0000000000000005600f0000000000000005600f0000000000000005600f0000000000000005600f0000000000000005600f0000000000000005600f0000000000000005600f0000000000000005600f0000000000000005600f0000000000000005600f000
01:59:59.077 [DEBUG] [serial] Sin header 0xAA, descartando 128 bytes: 000000005600f0000000000000005600
01:59:59.088 [DEBUG] [serial] RX 128 bytes: 0000000000005600f0000000000000005600f0000000000000005600f0000000000000005600f0000000000000005600f0000000000000005600f0000000000000005600f0000000000000005600f0000000000000005600f0000000000000005600f0000000000000005600f0000000000000005600f0000000000000005600
01:59:59.088 [DEBUG] [serial] Sin header 0xAA, descartando 128 bytes: 0000000000005600f000000000000000
01:59:59.098 [DEBUG] [serial] RX 128 bytes: f0000000000000005600f0000000000000005600f0000000000000005600f0000000000000005600f0000000000000005600f0000000000000005600f0000000000000005600f0000000000000005600f0000000000000005600f0000000000000005600f0000000000000005600f0000000000000005600f000000000000000
01:59:59.098 [DEBUG] [serial] Sin header 0xAA, descartando 128 bytes: f0000000000000005600f00000000000
01:59:59.109 [DEBUG] [serial] RX 128 bytes: 5600f0000000000000005600f0000000000000005600f0000000000000005600f0000000000000005600f0000000000000005600f0000000000000005600f0000000000000005600f0000000000000005600f0000000000000005600f0000000000000005600f0000000000000005600f0000000000000005600f00000000000
01:59:59.109 [DEBUG] [serial] Sin header 0xAA, descartando 128 bytes: 5600f0000000000000005600f0000000
01:59:59.119 [DEBUG] [serial] RX 128 bytes: 00005600f0000000000000005600f0000000000000005600f0000000000000005600f0000000000000005600f0000000000000005600f0000000000000005600f0000000000000005600f0000000000000005600f0000000000000005600f0000000000000005600f0000000000000005600f0000000000000005600f0000000
01:59:59.120 [DEBUG] [serial] Sin header 0xAA, descartando 128 bytes: 00005600f0000000000000005600f000
01:59:59.130 [DEBUG] [serial] RX 128 bytes: 000000005600f0000000000000005600f0000000000000005600f0000000000000005600f0000000000000005600f0000000000000005600f0000000000000005600f0000000000000005600f0000000000000005600f0000000000000005600f0000000000000005600f0000000000000005600f0000000000000005600f000
01:59:59.130 [DEBUG] [serial] Sin header 0xAA, descartando 128 bytes: 000000005600f0000000000000005600
01:59:59.141 [DEBUG] [serial] RX 128 bytes: 0000000000005600f0000000000000005600f0000000000000005600f0000000000000005600f0000000000000005600f0000000000000005600f0000000000000005600f0000000000000005600f0000000000000005600f0000000000000005600f0000000000000005600f0000000000000005600f0000000000000005600
01:59:59.141 [DEBUG] [serial] Sin header 0xAA, descartando 128 bytes: 0000000000005600f000000000000000
01:59:59.151 [DEBUG] [serial] RX 128 bytes: f0000000000000005600f0000000000000005600f0000000000000005600f0000000000000005600f0000000000000005600f0000000000000005600f0000000000000005600f0000000000000005600f0000000000000005600f0000000000000005600f0000000000000005600f0000000000000005600f000000000000000
01:59:59.151 [DEBUG] [serial] Sin header 0xAA, descartando 128 bytes: f0000000000000005600f00000000000
01:59:59.162 [DEBUG] [serial] RX 128 bytes: 5600f0000000000000005600f0000000000000005600f0000000000000005600f0000000000000005600f0000000000000005600f0000000000000005600f0000000000000005600f0000000000000005600f0000000000000005600f0000000000000005600f0000000000000005600f0000000000000005600f00000000000
01:59:59.162 [DEBUG] [serial] Sin header 0xAA, descartando 128 bytes: 5600f0000000000000005600f0000000
01:59:59.173 [DEBUG] [serial] RX 128 bytes: 00005600f0000000000000005600f0000000000000005600f0000000000000005600f0000000000000005600f0000000000000005600f0000000000000005600f0000000000000005600f0000000000000005600f0000000000000005600f0000000000000005600f0000000000000005600f0000000000000005600f0000000
01:59:59.173 [DEBUG] [serial] Sin header 0xAA, descartando 128 bytes: 00005600f0000000000000005600f000
01:59:59.184 [DEBUG] [serial] RX 128 bytes: 000000005600f0000000000000005600f0000000000000005600f0000000000000005600f0000000000000005600f0000000000000005600f0000000000000005600f0000000000000005600f0000000000000005600f0000000000000005600f0000000000000005600f0000000000000005600f0000000000000005600f000
01:59:59.184 [DEBUG] [serial] Sin header 0xAA, descartando 128 bytes: 000000005600f0000000000000005600
01:59:59.194 [DEBUG] [serial] RX 128 bytes: 0000000000005600f0000000000000005600f0000000000000005600f0000000000000005600f0000000000000005600f0000000000000005600f0000000000000005600f0000000000000005600f0000000000000005600f0000000000000005600f0000000000000005600f0000000000000005600f0000000000000005600
01:59:59.195 [DEBUG] [serial] Sin header 0xAA, descartando 128 bytes: 0000000000005600f000000000000000
01:59:59.205 [DEBUG] [serial] RX 128 bytes: f0000000000000005600f0000000000000005600f0000000000000005600f0000000000000005600f0000000000000005600f0000000000000005600f0000000000000005600f0000000000000005600f0000000000000005600f0000000000000005600f0000000000000005600f0000000000000005600f000000000000000
01:59:59.205 [DEBUG] [serial] Sin header 0xAA, descartando 128 bytes: f0000000000000005600f00000000000
01:59:59.215 [DEBUG] [serial] RX 128 bytes: 5600f0000000000000005600f0000000000000005600f0000000000000005600f0000000000000005600f0000000000000005600f0000000000000005600f0000000000000005600f0000000000000005600f0000000000000005600f0000000000000005600f0000000000000005600f0000000000000005600f00000000000
01:59:59.216 [DEBUG] [serial] Sin header 0xAA, descartando 128 bytes: 5600f0000000000000005600f0000000
01:59:59.226 [DEBUG] [serial] RX 128 bytes: 00005600f0000000000000005600f0000000000000005600f0000000000000005600f0000000000000005600f0000000000000005600f0000000000000005600f0000000000000005600f0000000000000005600f0000000000000005600f0000000000000005600f0000000000000005600f0000000000000005600f0000000
01:59:59.226 [DEBUG] [serial] Sin header 0xAA, descartando 128 bytes: 00005600f0000000000000005600f000
01:59:59.237 [DEBUG] [serial] RX 128 bytes: 000000005600f0000000000000005600f0000000000000005600f0000000000000005600f0000000000000005600f0000000000000005600f0000000000000005600f0000000000000005600f0000000000000005600f0000000000000005600f0000000000000005600f0000000000000005600f0000000000000005600f000
01:59:59.237 [DEBUG] [serial] Sin header 0xAA, descartando 128 bytes: 000000005600f0000000000000005600
01:59:59.248 [DEBUG] [serial] RX 128 bytes: 0000000000005600f0000000000000005600f0000000000000005600f0000000000000005600f0000000000000005600f0000000000000005600f0000000000000005600f0000000000000005600f0000000000000005600f0000000000000005600f0000000000000005600f0000000000000005600f0000000000000005600
01:59:59.248 [DEBUG] [serial] Sin header 0xAA, descartando 128 bytes: 0000000000005600f000000000000000
01:59:59.258 [DEBUG] [serial] RX 128 bytes: f0000000000000005600f0000000000000005600f0000000000000005600f0000000000000005600f0000000000000005600f0000000000000005600f0000000000000005600f0000000000000005600f0000000000000005600f0000000000000005600f0000000000000005600f0000000000000005600f000000000000000
01:59:59.258 [DEBUG] [serial] Sin header 0xAA, descartando 128 bytes: f0000000000000005600f00000000000
01:59:59.269 [DEBUG] [serial] RX 128 bytes: 5600f0000000000000005600f0000000000000005600f0000000000000005600f0000000000000005600f0000000000000005600f0000000000000005600f0000000000000005600f0000000000000005600f0000000000000005600f0000000000000005600f0000000000000005600f0000000000000005600f00000000000
01:59:59.269 [DEBUG] [serial] Sin header 0xAA, descartando 128 bytes: 5600f0000000000000005600f0000000
01:59:59.280 [DEBUG] [serial] RX 128 bytes: 00005600f0000000000000005600f0000000000000005600f0000000000000005600f0000000000000005600f0000000000000005600f0000000000000005600f0000000000000005600f0000000000000005600f0000000000000005600f0000000000000005600f0000000000000005600f0000000000000005600f0000000
01:59:59.280 [DEBUG] [serial] Sin header 0xAA, descartando 128 bytes: 00005600f0000000000000005600f000
01:59:59.291 [DEBUG] [serial] RX 128 bytes: 000000005600f0000000000000005600f0000000000000005600f0000000000000005600f0000000000000005600f0000000000000005600f0000000000000005600f0000000000000005600f0000000000000005600f0000000000000005600f0000000000000005600f0000000000000005600f0000000000000005600f000
01:59:59.291 [DEBUG] [serial] Sin header 0xAA, descartando 128 bytes: 000000005600f0000000000000005600
01:59:59.302 [DEBUG] [serial] RX 128 bytes: 0000000000005600f0000000000000005600f0000000000000005600f0000000000000005600f0000000000000005600f0000000000000005600f0000000000000005600f0000000000000005600f0000000000000005600f0000000000000005600f0000000000000005600f0000000000000005600f0000000000000005600
01:59:59.302 [DEBUG] [serial] Sin header 0xAA, descartando 128 bytes: 0000000000005600f000000000000000
01:59:59.312 [DEBUG] [serial] RX 128 bytes: f0000000000000005600f0000000000000005600f0000000000000005600f0000000000000005600f0000000000000005600f0000000000000005600f0000000000000005600f0000000000000005600f0000000000000005600f0000000000000005600f0000000000000005600f0000000000000005600f000000000000000
01:59:59.312 [DEBUG] [serial] Sin header 0xAA, descartando 128 bytes: f0000000000000005600f00000000000
01:59:59.322 [DEBUG] [serial] RX 128 bytes: 5600f0000000000000005600f0000000000000005600f0000000000000005600f0000000000000005600f0000000000000005600f0000000000000005600f0000000000000005600f0000000000000005600f0000000000000005600f0000000000000005600f0000000000000005600f0000000000000005600f00000000000
01:59:59.323 [DEBUG] [serial] Sin header 0xAA, descartando 128 bytes: 5600f0000000000000005600f0000000
01:59:59.333 [DEBUG] [serial] RX 128 bytes: 00005600f0000000000000005600f0000000000000005600f0000000000000005600f0000000000000005600f0000000000000005600f0000000000000005600f0000000000000005600f0000000000000005600f0000000000000005600f0000000000000005600f0000000000000005600f0000000000000005600f0000000
01:59:59.333 [DEBUG] [serial] Sin header 0xAA, descartando 128 bytes: 00005600f0000000000000005600f000
01:59:59.344 [DEBUG] [serial] RX 128 bytes: 000000005600f0000000000000005600f0000000000000005600f0000000000000005600f0000000000000005600f0000000000000005600f0000000000000005600f0000000000000005600f0000000000000005600f0000000000000005600f0000000000000005600f0000000000000005600f0000000000000005600f000
01:59:59.344 [DEBUG] [serial] Sin header 0xAA, descartando 128 bytes: 000000005600f0000000000000005600
01:59:59.355 [DEBUG] [serial] RX 128 bytes: 0000000000005600f0000000000000005600f0000000000000005600f0000000000000005600f0000000000000005600f0000000000000005600f0000000000000005600f0000000000000005600f0000000000000005600f0000000000000005600f0000000000000005600f0000000000000005600f0000000000000005600
01:59:59.355 [DEBUG] [serial] Sin header 0xAA, descartando 128 bytes: 0000000000005600f000000000000000
01:59:59.365 [DEBUG] [serial] RX 128 bytes: f0000000000000005600f0000000000000005600f0000000000000005600f0000000000000005600f0000000000000005600f0000000000000005600f0000000000000005600f0000000000000005600f0000000000000005600f0000000000000005600f0000000000000005600f0000000000000005600f000000000000000
01:59:59.365 [DEBUG] [serial] Sin header 0xAA, descartando 128 bytes: f0000000000000005600f00000000000
01:59:59.376 [DEBUG] [serial] RX 128 bytes: 5600f0000000000000005600f0000000000000005600f0000000000000005600f0000000000000005600f0000000000000005600f0000000000000005600f0000000000000005600f0000000000000005600f0000000000000005600f0000000000000005600f0000000000000005600f0000000000000005600f00000000000
01:59:59.376 [DEBUG] [serial] Sin header 0xAA, descartando 128 bytes: 5600f0000000000000005600f0000000
01:59:59.387 [DEBUG] [serial] RX 128 bytes: 00005600f0000000000000005600f0000000000000005600f0000000000000005600f0000000000000005600f0000000000000005600f0000000000000005600f0000000000000005600f0000000000000005600f0000000000000005600f0000000000000005600f0000000000000005600f0000000000000005600f0000000
01:59:59.387 [DEBUG] [serial] Sin header 0xAA, descartando 128 bytes: 00005600f0000000000000005600f000
01:59:59.397 [DEBUG] [serial] RX 128 bytes: 000000005600f0000000000000005600f0000000000000005600f0000000000000005600f0000000000000005600f0000000000000005600f0000000000000005600f0000000000000005600f0000000000000005600f0000000000000005600f0000000000000005600f0000000000000005600f0000000000000005600f000
01:59:59.398 [DEBUG] [serial] Sin header 0xAA, descartando 128 bytes: 000000005600f0000000000000005600
01:59:59.408 [DEBUG] [serial] RX 128 bytes: 0000000000005600f0000000000000005600f0000000000000005600f0000000000000005600f0000000000000005600f0000000000000005600f0000000000000005600f0000000000000005600f0000000000000005600f0000000000000005600f0000000000000005600f0000000000000005600f0000000000000005600
01:59:59.408 [DEBUG] [serial] Sin header 0xAA, descartando 128 bytes: 0000000000005600f000000000000000
01:59:59.418 [DEBUG] [serial] RX 128 bytes: f0000000000000005600f0000000000000005600f0000000000000005600f0000000000000005600f0000000000000005600f0000000000000005600f0000000000000005600f0000000000000005600f0000000000000005600f0000000000000005600f0000000000000005600f0000000000000005600f000000000000000
01:59:59.419 [DEBUG] [serial] Sin header 0xAA, descartando 128 bytes: f0000000000000005600f00000000000
01:59:59.429 [DEBUG] [serial] RX 128 bytes: 5600f0000000000000005600f0000000000000005600f0000000000000005600f0000000000000005600f0000000000000005600f0000000000000005600f0000000000000005600f0000000000000005600f0000000000000005600f0000000000000005600f0000000000000005600f0000000000000005600f00000000000
01:59:59.429 [DEBUG] [serial] Sin header 0xAA, descartando 128 bytes: 5600f0000000000000005600f0000000
01:59:59.440 [DEBUG] [serial] RX 128 bytes: 00005600f0000000000000005600f0000000000000005600f0000000000000005600f0000000000000005600f0000000000000005600f0000000000000005600f0000000000000005600f0000000000000005600f0000000000000005600f0000000000000005600f0000000000000005600f0000000000000005600f0000000
01:59:59.440 [DEBUG] [serial] Sin header 0xAA, descartando 128 bytes: 00005600f0000000000000005600f000
01:59:59.451 [DEBUG] [serial] RX 128 bytes: 000000005600f0000000000000005600f0000000000000005600f0000000000000005600f0000000000000005600f0000000000000005600f0000000000000005600f0000000000000005600f0000000000000005600f0000000000000005600f0000000000000005600f0000000000000005600f0000000000000005600f000
01:59:59.451 [DEBUG] [serial] Sin header 0xAA, descartando 128 bytes: 000000005600f0000000000000005600
01:59:59.462 [DEBUG] [serial] RX 128 bytes: 0000000000005600f0000000000000005600f0000000000000005600f0000000000000005600f0000000000000005600f0000000000000005600f0000000000000005600f0000000000000005600f0000000000000005600f0000000000000005600f0000000000000005600f0000000000000005600f0000000000000005600
01:59:59.462 [DEBUG] [serial] Sin header 0xAA, descartando 128 bytes: 0000000000005600f000000000000000
01:59:59.472 [DEBUG] [serial] RX 128 bytes: f0000000000000005600f0000000000000005600f0000000000000005600f0000000000000005600f0000000000000005600f0000000000000005600f0000000000000005600f0000000000000005600f0000000000000005600f0000000000000005600f0000000000000005600f0000000000000005600f000000000000000
01:59:59.472 [DEBUG] [serial] Sin header 0xAA, descartando 128 bytes: f0000000000000005600f00000000000
01:59:59.483 [DEBUG] [serial] RX 128 bytes: 5600f0000000000000005600f0000000000000005600f0000000000000005600f0000000000000005600f0000000000000005600f0000000000000005600f0000000000000005600f0000000000000005600f0000000000000005600f0000000000000005600f0000000000000005600f0000000000000005600f00000000000
01:59:59.483 [DEBUG] [serial] Sin header 0xAA, descartando 128 bytes: 5600f0000000000000005600f0000000
01:59:59.493 [DEBUG] [serial] RX 128 bytes: 00005600f0000000000000005600f0000000000000005600f0000000000000005600f0000000000000005600f0000000000000005600f0000000000000005600f0000000000000005600f0000000000000005600f0000000000000005600f0000000000000005600f0000000000000005600f0000000000000005600f0000000
01:59:59.494 [DEBUG] [serial] Sin header 0xAA, descartando 128 bytes: 00005600f0000000000000005600f000
01:59:59.504 [DEBUG] [serial] RX 128 bytes: 000000005600f0000000000000005600f0000000000000005600f0000000000000005600f0000000000000005600f0000000000000005600f0000000000000005600f0000000000000005600f0000000000000005600f0000000000000005600f0000000000000005600f0000000000000005600f0000000000000005600f000
01:59:59.504 [DEBUG] [serial] Sin header 0xAA, descartando 128 bytes: 000000005600f0000000000000005600
01:59:59.515 [DEBUG] [serial] RX 128 bytes: 0000000000005600f0000000000000005600f0000000000000005600f0000000000000005600f0000000000000005600f0000000000000005600f0000000000000005600f0000000000000005600f0000000000000005600f0000000000000005600f0000000000000005600f0000000000000005600f0000000000000005600
01:59:59.515 [DEBUG] [serial] Sin header 0xAA, descartando 128 bytes: 0000000000005600f000000000000000
01:59:59.525 [DEBUG] [serial] RX 128 bytes: f0000000000000005600f0000000000000005600f0000000000000005600f0000000000000005600f0000000000000005600f0000000000000005600f0000000000000005600f0000000000000005600f0000000000000005600f0000000000000005600f0000000000000005600f0000000000000005600f000000000000000
01:59:59.526 [DEBUG] [serial] Sin header 0xAA, descartando 128 bytes: f0000000000000005600f00000000000
01:59:59.536 [DEBUG] [serial] RX 128 bytes: 5600f0000000000000005600f0000000000000005600f0000000000000005600f0000000000000005600f0000000000000005600f0000000000000005600f0000000000000005600f0000000000000005600f0000000000000005600f0000000000000005600f0000000000000005600f0000000000000005600f00000000000
01:59:59.536 [DEBUG] [serial] Sin header 0xAA, descartando 128 bytes: 5600f0000000000000005600f0000000
01:59:59.547 [DEBUG] [serial] RX 128 bytes: 00005600f0000000000000005600f0000000000000005600f0000000000000005600f0000000000000005600f0000000000000005600f0000000000000005600f0000000000000005600f0000000000000005600f0000000000000005600f0000000000000005600f0000000000000005600f0000000000000005600f0000000
01:59:59.547 [DEBUG] [serial] Sin header 0xAA, descartando 128 bytes: 00005600f0000000000000005600f000
01:59:59.558 [DEBUG] [serial] RX 128 bytes: 000000005600f0000000000000005600f0000000000000005600f0000000000000005600f0000000000000005600f0000000000000005600f0000000000000005600f0000000000000005600f0000000000000005600f0000000000000005600f0000000000000005600f0000000000000005600f0000000000000005600f000
01:59:59.558 [DEBUG] [serial] Sin header 0xAA, descartando 128 bytes: 000000005600f0000000000000005600
01:59:59.569 [DEBUG] [serial] RX 128 bytes: 0000000000005600f0000000000000005600f0000000000000005600f0000000000000005600f0000000000000005600f0000000000000005600f0000000000000005600f0000000000000005600f0000000000000005600f0000000000000005600f0000000000000005600f0000000000000005600f0000000000000005600
01:59:59.569 [DEBUG] [serial] Sin header 0xAA, descartando 128 bytes: 0000000000005600f000000000000000
01:59:59.579 [DEBUG] [serial] RX 128 bytes: f0000000000000005600f0000000000000005600f0000000000000005600f0000000000000005600f0000000000000005600f0000000000000005600f0000000000000005600f0000000000000005600f0000000000000005600f0000000000000005600f0000000000000005600f0000000000000005600f000000000000000
01:59:59.579 [DEBUG] [serial] Sin header 0xAA, descartando 128 bytes: f0000000000000005600f00000000000
01:59:59.590 [DEBUG] [serial] RX 128 bytes: 5600f0000000000000005600f0000000000000005600f0000000000000005600f0000000000000005600f0000000000000005600f0000000000000005600f0000000000000005600f0000000000000005600f0000000000000005600f0000000000000005600f0000000000000005600f0000000000000005600f00000000000
01:59:59.590 [DEBUG] [serial] Sin header 0xAA, descartando 128 bytes: 5600f0000000000000005600f0000000
01:59:59.600 [DEBUG] [serial] RX 128 bytes: 00005600f0000000000000005600f0000000000000005600f0000000000000005600f0000000000000005600f0000000000000005600f0000000000000005600f0000000000000005600f0000000000000005600f0000000000000005600f0000000000000005600f0000000000000005600f0000000000000005600f0000000
01:59:59.601 [DEBUG] [serial] Sin header 0xAA, descartando 128 bytes: 00005600f0000000000000005600f000
01:59:59.611 [DEBUG] [serial] RX 128 bytes: 000000005600f0000000000000005600f0000000000000005600f0000000000000005600f0000000000000005600f0000000000000005600f0000000000000005600f0000000000000005600f0000000000000005600f0000000000000005600f0000000000000005600f0000000000000005600f0000000000000005600f000
01:59:59.611 [DEBUG] [serial] Sin header 0xAA, descartando 128 bytes: 000000005600f0000000000000005600
01:59:59.622 [DEBUG] [serial] RX 128 bytes: 0000000000005600f0000000000000005600f0000000000000005600f0000000000000005600f0000000000000005600f0000000000000005600f0000000000000005600f0000000000000005600f0000000000000005600f0000000000000005600f0000000000000005600f0000000000000005600f0000000000000005600
01:59:59.622 [DEBUG] [serial] Sin header 0xAA, descartando 128 bytes: 0000000000005600f000000000000000
01:59:59.632 [DEBUG] [serial] RX 128 bytes: f0000000000000005600f0000000000000005600f0000000000000005600f0000000000000005600f0000000000000005600f0000000000000005600f0000000000000005600f0000000000000005600f0000000000000005600f0000000000000005600f0000000000000005600f0000000000000005600f000000000000000
01:59:59.632 [DEBUG] [serial] Sin header 0xAA, descartando 128 bytes: f0000000000000005600f00000000000
01:59:59.643 [DEBUG] [serial] RX 128 bytes: 5600f0000000000000005600f0000000000000005600f0000000000000005600f0000000000000005600f0000000000000005600f0000000000000005600f0000000000000005600f0000000000000005600f0000000000000005600f0000000000000005600f0000000000000005600f0000000000000005600f00000000000
01:59:59.643 [DEBUG] [serial] Sin header 0xAA, descartando 128 bytes: 5600f0000000000000005600f0000000
01:59:59.654 [DEBUG] [serial] RX 128 bytes: 00005600f0000000000000005600f0000000000000005600f0000000000000005600f0000000000000005600f0000000000000005600f0000000000000005600f0000000000000005600f0000000000000005600f0000000000000005600f0000000000000005600f0000000000000005600f0000000000000005600f0000000
01:59:59.654 [DEBUG] [serial] Sin header 0xAA, descartando 128 bytes: 00005600f0000000000000005600f000
01:59:59.665 [DEBUG] [serial] RX 128 bytes: 000000005600f0000000000000005600f0000000000000005600f0000000000000005600f0000000000000005600f0000000000000005600f0000000000000005600f0000000000000005600f0000000000000005600f0000000000000005600f0000000000000005600f0000000000000005600f0000000000000005600f000
01:59:59.665 [DEBUG] [serial] Sin header 0xAA, descartando 128 bytes: 000000005600f0000000000000005600
01:59:59.676 [DEBUG] [serial] RX 128 bytes: 0000000000005600f0000000000000005600f0000000000000005600f0000000000000005600f0000000000000005600f0000000000000005600f0000000000000005600f0000000000000005600f0000000000000005600f0000000000000005600f0000000000000005600f0000000000000005600f0000000000000005600
01:59:59.677 [DEBUG] [serial] Sin header 0xAA, descartando 128 bytes: 0000000000005600f000000000000000
01:59:59.686 [DEBUG] [serial] RX 128 bytes: f0000000000000005600f0000000000000005600f0000000000000005600f0000000000000005600f0000000000000005600f0000000000000005600f0000000000000005600f0000000000000005600f0000000000000005600f0000000000000005600f0000000000000005600f0000000000000005600f000000000000000
01:59:59.686 [DEBUG] [serial] Sin header 0xAA, descartando 128 bytes: f0000000000000005600f00000000000
01:59:59.696 [DEBUG] [serial] RX 128 bytes: 5600f0000000000000005600f0000000000000005600f0000000000000005600f0000000000000005600f0000000000000005600f0000000000000005600f0000000000000005600f0000000000000005600f0000000000000005600f0000000000000005600f0000000000000005600f0000000000000005600f00000000000
01:59:59.697 [DEBUG] [serial] Sin header 0xAA, descartando 128 bytes: 5600f0000000000000005600f0000000
01:59:59.707 [DEBUG] [serial] RX 128 bytes: 00005600f0000000000000005600f0000000000000005600f0000000000000005600f0000000000000005600f0000000000000005600f0000000000000005600f0000000000000005600f0000000000000005600f0000000000000005600f0000000000000005600f0000000000000005600f0000000000000005600f0000000
01:59:59.707 [DEBUG] [serial] Sin header 0xAA, descartando 128 bytes: 00005600f0000000000000005600f000
01:59:59.718 [DEBUG] [serial] RX 128 bytes: 000000005600f0000000000000005600f0000000000000005600f0000000000000005600f0000000000000005600f0000000000000005600f0000000000000005600f0000000000000005600f0000000000000005600f0000000000000005600f0000000000000005600f0000000000000005600f0000000000000005600f000
01:59:59.718 [DEBUG] [serial] Sin header 0xAA, descartando 128 bytes: 000000005600f0000000000000005600
01:59:59.729 [DEBUG] [serial] RX 128 bytes: 0000000000005600f0000000000000005600f0000000000000005600f0000000000000005600f0000000000000005600f0000000000000005600f0000000000000005600f0000000000000005600f0000000000000005600f0000000000000005600f0000000000000005600f0000000000000005600f0000000000000005600
01:59:59.729 [DEBUG] [serial] Sin header 0xAA, descartando 128 bytes: 0000000000005600f000000000000000
01:59:59.739 [DEBUG] [serial] RX 128 bytes: f0000000000000005600f0000000000000005600f0000000000000005600f0000000000000005600f0000000000000005600f0000000000000005600f0000000000000005600f0000000000000005600f0000000000000005600f0000000000000005600f0000000000000005600f0000000000000005600f000000000000000
01:59:59.739 [DEBUG] [serial] Sin header 0xAA, descartando 128 bytes: f0000000000000005600f00000000000
01:59:59.744 [INFO] [GUI] Click MuxOut -> 1
01:59:59.744 [INFO] [serial] Encolando TX CMD_MUX_OUT sel=1: bb0201
01:59:59.750 [INFO] [serial] TX CMD_MUX_OUT sel=1: bb0201
01:59:59.750 [DEBUG] [serial] TX OK: 3 bytes escritos
01:59:59.750 [DEBUG] [serial] RX 128 bytes: 5600f0000000000000005600f0000000000000005600f0000000000000005600f0000000000000005600f0000000000000005600f0000000000000005600f0000000000000005600f0000000000000005600f0000000000000005600f0000000000000005600f0000000000000005600f0000000000000005600f00000000000
01:59:59.750 [DEBUG] [serial] Sin header 0xAA, descartando 128 bytes: 5600f0000000000000005600f0000000
01:59:59.761 [DEBUG] [serial] RX 128 bytes: 00005600f0000000000000005600f0000000000000005600f0000000000000005600f0000000000000005600f0000000000000005600f0000000000000005600f0000000000000005600f0000000000000005600f0000000000000005600f0000000000000005600f0000000000000005600f0000000000000005600f0000000
01:59:59.761 [DEBUG] [serial] Sin header 0xAA, descartando 128 bytes: 00005600f0000000000000005600f000
01:59:59.772 [DEBUG] [serial] RX 128 bytes: 000000005600f0000000000000005600f0000000000000005600f0000000000000005600f0000000000000005600f0000000000000005600f0000000000000005600f0000000000000005600f0000000000000005600f0000000000000005600f0000000000000005600f0000000000000005600f0000000000000005600f000
01:59:59.772 [DEBUG] [serial] Sin header 0xAA, descartando 128 bytes: 000000005600f0000000000000005600
01:59:59.782 [DEBUG] [serial] RX 128 bytes: 0000000000005600f0000000000000005600f0000000000000005600f0000000000000005600f0000000000000005600f0000000000000005600f0000000000000005600f0000000000000005600f0000000000000005600f0000000000000005600f0000000000000005600f0000000000000005600f0000000000000005600
01:59:59.783 [DEBUG] [serial] Sin header 0xAA, descartando 128 bytes: 0000000000005600f000000000000000
01:59:59.793 [DEBUG] [serial] RX 128 bytes: f0000000000000005600f0000000000000005600f0000000000000005600f0000000000000005600f0000000000000005600f0000000000000005600f0000000000000005600f0000000000000005600f0000000000000005600f0000000000000005600f0000000000000005600f0000000000000005600f000000000000000
01:59:59.793 [DEBUG] [serial] Sin header 0xAA, descartando 128 bytes: f0000000000000005600f00000000000
01:59:59.803 [DEBUG] [serial] RX 128 bytes: 5600f0000000000000005600f0000000000000005600f0000000000000005600f0000000000000005600f0000000000000005600f0000000000000005600f0000000000000005600f0000000000000005600f0000000000000005600f0000000000000005600f0000000000000005600f0000000000000005600f00000000000
01:59:59.804 [DEBUG] [serial] Sin header 0xAA, descartando 128 bytes: 5600f0000000000000005600f0000000
01:59:59.814 [DEBUG] [serial] RX 128 bytes: 00005600f0000000000000005600f0000000000000005600f0000000000000005600f0000000000000005600f0000000000000005600f0000000000000005600f0000000000000005600f0000000000000005600f0000000000000005600f0000000000000005600f0000000000000005600f0000000000000005600f0000000
01:59:59.814 [DEBUG] [serial] Sin header 0xAA, descartando 128 bytes: 00005600f0000000000000005600f000
01:59:59.825 [DEBUG] [serial] RX 128 bytes: 000000005600f0000000000000005600f0000000000000005600f0000000000000005600f0000000000000005600f0000000000000005600f0000000000000005600f0000000000000005600f0000000000000005600f0000000000000005600f0000000000000005600f0000000000000005600f0000000000000005600f000
01:59:59.825 [DEBUG] [serial] Sin header 0xAA, descartando 128 bytes: 000000005600f0000000000000005600
01:59:59.836 [DEBUG] [serial] RX 128 bytes: 0000000000005600f0000000000000005600f0000000000000005600f0000000000000005600f0000000000000005600f0000000000000005600f0000000000000005600f0000000000000005600f0000000000000005600f0000000000000005600f0000000000000005600f0000000000000005600f0000000000000005600
01:59:59.836 [DEBUG] [serial] Sin header 0xAA, descartando 128 bytes: 0000000000005600f000000000000000
01:59:59.846 [DEBUG] [serial] RX 128 bytes: f0000000000000005600f0000000000000005600f0000000000000005600f0000000000000005600f0000000000000005600f0000000000000005600f0000000000000005600f0000000000000005600f0000000000000005600f0000000000000005600f0000000000000005600f0000000000000005600f000000000000000
01:59:59.846 [DEBUG] [serial] Sin header 0xAA, descartando 128 bytes: f0000000000000005600f00000000000
01:59:59.857 [DEBUG] [serial] RX 128 bytes: 5600f0000000000000005600f0000000000000005600f0000000000000005600f0000000000000005600f0000000000000005600f0000000000000005600f0000000000000005600f0000000000000005600f0000000000000005600f0000000000000005600f0000000000000005600f0000000000000005600f00000000000
01:59:59.857 [DEBUG] [serial] Sin header 0xAA, descartando 128 bytes: 5600f0000000000000005600f0000000
01:59:59.868 [DEBUG] [serial] RX 128 bytes: 00005600f0000000000000005600f0000000000000005600f0000000000000005600f0000000000000005600f0000000000000005600f0000000000000005600f0000000000000005600f0000000000000005600f0000000000000005600f0000000000000005600f0000000000000005600f0000000000000005600f0000000
01:59:59.868 [DEBUG] [serial] Sin header 0xAA, descartando 128 bytes: 00005600f0000000000000005600f000
01:59:59.878 [DEBUG] [serial] RX 128 bytes: 000000005600f0000000000000005600f0000000000000005600f0000000000000005600f0000000000000005600f0000000000000005600f0000000000000005600f0000000000000005600f0000000000000005600f0000000000000005600f0000000000000005600f0000000000000005600f0000000000000005600f000
01:59:59.879 [DEBUG] [serial] Sin header 0xAA, descartando 128 bytes: 000000005600f0000000000000005600
01:59:59.889 [DEBUG] [serial] RX 128 bytes: 0000000000005600f0000000000000005600f0000000000000005600f0000000000000005600f0000000000000005600f0000000000000005600f0000000000000005600f0000000000000005600f0000000000000005600f0000000000000005600f0000000000000005600f0000000000000005600f0000000000000005600
01:59:59.889 [DEBUG] [serial] Sin header 0xAA, descartando 128 bytes: 0000000000005600f000000000000000
01:59:59.899 [DEBUG] [serial] RX 128 bytes: f0000000000000005600f0000000000000005600f0000000000000005600f0000000000000005600f0000000000000005600f0000000000000005600f0000000000000005600f0000000000000005600f0000000000000005600f0000000000000005600f0000000000000005600f0000000000000005600f000000000000000
01:59:59.900 [DEBUG] [serial] Sin header 0xAA, descartando 128 bytes: f0000000000000005600f00000000000
01:59:59.910 [DEBUG] [serial] RX 128 bytes: 5600f0000000000000005600f0000000000000005600f0000000000000005600f0000000000000005600f0000000000000005600f0000000000000005600f0000000000000005600f0000000000000005600f0000000000000005600f0000000000000005600f0000000000000005600f0000000000000005600f00000000000
01:59:59.910 [DEBUG] [serial] Sin header 0xAA, descartando 128 bytes: 5600f0000000000000005600f0000000
01:59:59.921 [DEBUG] [serial] RX 128 bytes: 00005600f0000000000000005600f0000000000000005600f0000000000000005600f0000000000000005600f0000000000000005600f0000000000000005600f0000000000000005600f0000000000000005600f0000000000000005600f0000000000000005600f0000000000000005600f0000000000000005600f0000000
01:59:59.921 [DEBUG] [serial] Sin header 0xAA, descartando 128 bytes: 00005600f0000000000000005600f000
01:59:59.932 [DEBUG] [serial] RX 128 bytes: 000000005600f0000000000000005600f0000000000000005600f0000000000000005600f0000000000000005600f0000000000000005600f0000000000000005600f0000000000000005600f0000000000000005600f0000000000000005600f0000000000000005600f0000000000000005600f0000000000000005600f000
01:59:59.932 [DEBUG] [serial] Sin header 0xAA, descartando 128 bytes: 000000005600f0000000000000005600
01:59:59.943 [DEBUG] [serial] RX 128 bytes: 0000000000005600f0000000000000005600f0000000000000005600f0000000000000005600f0000000000000005600f0000000000000005600f0000000000000005600f0000000000000005600f0000000000000005600f0000000000000005600f0000000000000005600f0000000000000005600f0000000000000005600
01:59:59.943 [DEBUG] [serial] Sin header 0xAA, descartando 128 bytes: 0000000000005600f000000000000000
01:59:59.953 [DEBUG] [serial] RX 128 bytes: f0000000000000005600f0000000000000005600f0000000000000005600f0000000000000005600f0000000000000005600f0000000000000005600f0000000000000005600f0000000000000005600f0000000000000005600f0000000000000005600f0000000000000005600f0000000000000005600f000000000000000
01:59:59.953 [DEBUG] [serial] Sin header 0xAA, descartando 128 bytes: f0000000000000005600f00000000000
01:59:59.964 [DEBUG] [serial] RX 128 bytes: 5600f0000000000000005600f0000000000000005600f0000000000000005600f0000000000000005600f0000000000000005600f0000000000000005600f0000000000000005600f0000000000000005600f0000000000000005600f0000000000000005600f0000000000000005600f0000000000000005600f00000000000
01:59:59.964 [DEBUG] [serial] Sin header 0xAA, descartando 128 bytes: 5600f0000000000000005600f0000000
01:59:59.974 [DEBUG] [serial] RX 128 bytes: 00005600f0000000000000005600f0000000000000005600f0000000000000005600f0000000000000005600f0000000000000005600f0000000000000005600f0000000000000005600f0000000000000005600f0000000000000005600f0000000000000005600f0000000000000005600f0000000000000005600f0000000
01:59:59.975 [DEBUG] [serial] Sin header 0xAA, descartando 128 bytes: 00005600f0000000000000005600f000
01:59:59.985 [DEBUG] [serial] RX 128 bytes: 000000005600f0000000000000005600f0000000000000005600f0000000000000005600f0000000000000005600f0000000000000005600f0000000000000005600f0000000000000005600f0000000000000005600f0000000000000005600f0000000000000005600f0000000000000005600f0000000000000005600f000
01:59:59.985 [DEBUG] [serial] Sin header 0xAA, descartando 128 bytes: 000000005600f0000000000000005600
01:59:59.996 [DEBUG] [serial] RX 128 bytes: 0000000000005600f0000000000000005600f0000000000000005600f0000000000000005600f0000000000000005600f0000000000000005600f0000000000000005600f0000000000000005600f0000000000000005600f0000000000000005600f0000000000000005600f0000000000000005600f0000000000000005600
01:59:59.996 [DEBUG] [serial] Sin header 0xAA, descartando 128 bytes: 0000000000005600f000000000000000
02:00:00.006 [DEBUG] [serial] RX 128 bytes: f0000000000000005600f0000000000000005600f0000000000000005600f0000000000000005600f0000000000000005600f0000000000000005600f0000000000000005600f0000000000000005600f0000000000000005600f0000000000000005600f0000000000000005600f0000000000000005600f000000000000000
02:00:00.006 [DEBUG] [serial] Sin header 0xAA, descartando 128 bytes: f0000000000000005600f00000000000
02:00:00.017 [DEBUG] [serial] RX 128 bytes: 5600f0000000000000005600f0000000000000005600f0000000000000005600f0000000000000005600f0000000000000005600f0000000000000005600f0000000000000005600f0000000000000005600f0000000000000005600f0000000000000005600f0000000000000005600f0000000000000005600f00000000000
02:00:00.017 [DEBUG] [serial] Sin header 0xAA, descartando 128 bytes: 5600f0000000000000005600f0000000
02:00:00.028 [DEBUG] [serial] RX 128 bytes: 00005600f0000000000000005600f0000000000000005600f0000000000000005600f0000000000000005600f0000000000000005600f0000000000000005600f0000000000000005600f0000000000000005600f0000000000000005600f0000000000000005600f0000000000000005600f0000000000000005600f0000000
02:00:00.028 [DEBUG] [serial] Sin header 0xAA, descartando 128 bytes: 00005600f0000000000000005600f000
02:00:00.039 [DEBUG] [serial] RX 128 bytes: 000000005600f0000000000000005600f0000000000000005600f0000000000000005600f0000000000000005600f0000000000000005600f0000000000000005600f0000000000000005600f0000000000000005600f0000000000000005600f0000000000000005600f0000000000000005600f0000000000000005600f000
02:00:00.039 [DEBUG] [serial] Sin header 0xAA, descartando 128 bytes: 000000005600f0000000000000005600
02:00:00.050 [DEBUG] [serial] RX 128 bytes: 0000000000005600f0000000000000005600f0000000000000005600f0000000000000005600f0000000000000005600f0000000000000005600f0000000000000005600f0000000000000005600f0000000000000005600f0000000000000005600f0000000000000005600f0000000000000005600f0000000000000005600
02:00:00.050 [DEBUG] [serial] Sin header 0xAA, descartando 128 bytes: 0000000000005600f000000000000000
02:00:00.060 [DEBUG] [serial] RX 128 bytes: f0000000000000005600f0000000000000005600f0000000000000005600f0000000000000005600f0000000000000005600f0000000000000005600f0000000000000005600f0000000000000005600f0000000000000005600f0000000000000005600f0000000000000005600f0000000000000005600f000000000000000
02:00:00.060 [DEBUG] [serial] Sin header 0xAA, descartando 128 bytes: f0000000000000005600f00000000000
02:00:00.071 [DEBUG] [serial] RX 128 bytes: 5600f0000000000000005600f0000000000000005600f0000000000000005600f0000000000000005600f0000000000000005600f0000000000000005600f0000000000000005600f0000000000000005600f0000000000000005600f0000000000000005600f0000000000000005600f0000000000000005600f00000000000
02:00:00.071 [DEBUG] [serial] Sin header 0xAA, descartando 128 bytes: 5600f0000000000000005600f0000000
02:00:00.081 [DEBUG] [serial] RX 128 bytes: 00005600f0000000000000005600f0000000000000005600f0000000000000005600f0000000000000005600f0000000000000005600f0000000000000005600f0000000000000005600f0000000000000005600f0000000000000005600f0000000000000005600f0000000000000005600f0000000000000005600f0000000
02:00:00.082 [DEBUG] [serial] Sin header 0xAA, descartando 128 bytes: 00005600f0000000000000005600f000
02:00:00.092 [DEBUG] [serial] RX 128 bytes: 000000005600f0000000000000005600f0000000000000005600f0000000000000005600f0000000000000005600f0000000000000005600f0000000000000005600f0000000000000005600f0000000000000005600f0000000000000005600f0000000000000005600f0000000000000005600f0000000000000005600f000
02:00:00.092 [DEBUG] [serial] Sin header 0xAA, descartando 128 bytes: 000000005600f0000000000000005600
02:00:00.103 [DEBUG] [serial] RX 128 bytes: 0000000000005600f0000000000000005600f0000000000000005600f0000000000000005600f0000000000000005600f0000000000000005600f0000000000000005600f0000000000000005600f0000000000000005600f0000000000000005600f0000000000000005600f0000000000000005600f0000000000000005600
02:00:00.103 [DEBUG] [serial] Sin header 0xAA, descartando 128 bytes: 0000000000005600f000000000000000
02:00:00.113 [DEBUG] [serial] RX 128 bytes: f0000000000000005600f0000000000000005600f0000000000000005600f0000000000000005600f0000000000000005600f0000000000000005600f0000000000000005600f0000000000000005600f0000000000000005600f0000000000000005600f0000000000000005600f0000000000000005600f000000000000000
02:00:00.113 [DEBUG] [serial] Sin header 0xAA, descartando 128 bytes: f0000000000000005600f00000000000
02:00:00.124 [DEBUG] [serial] RX 128 bytes: 5600f0000000000000005600f0000000000000005600f0000000000000005600f0000000000000005600f0000000000000005600f0000000000000005600f0000000000000005600f0000000000000005600f0000000000000005600f0000000000000005600f0000000000000005600f0000000000000005600f00000000000
02:00:00.124 [DEBUG] [serial] Sin header 0xAA, descartando 128 bytes: 5600f0000000000000005600f0000000
02:00:00.135 [DEBUG] [serial] RX 128 bytes: 00005600f0000000000000005600f0000000000000005600f0000000000000005600f0000000000000005600f0000000000000005600f0000000000000005600f0000000000000005600f0000000000000005600f0000000000000005600f0000000000000005600f0000000000000005600f0000000000000005600f0000000
02:00:00.135 [DEBUG] [serial] Sin header 0xAA, descartando 128 bytes: 00005600f0000000000000005600f000
02:00:00.146 [DEBUG] [serial] RX 128 bytes: 000000005600f0000000000000005600f0000000000000005600f0000000000000005600f0000000000000005600f0000000000000005600f0000000000000005600f0000000000000005600f0000000000000005600f0000000000000005600f0000000000000005600f0000000000000005600f0000000000000005600f000
02:00:00.146 [DEBUG] [serial] Sin header 0xAA, descartando 128 bytes: 000000005600f0000000000000005600
02:00:00.156 [DEBUG] [serial] RX 128 bytes: 0000000000005600f0000000000000005600f0000000000000005600f0000000000000005600f0000000000000005600f0000000000000005600f0000000000000005600f0000000000000005600f0000000000000005600f0000000000000005600f0000000000000005600f0000000000000005600f0000000000000005600
02:00:00.157 [DEBUG] [serial] Sin header 0xAA, descartando 128 bytes: 0000000000005600f000000000000000
02:00:00.167 [DEBUG] [serial] RX 128 bytes: f0000000000000005600f0000000000000005600f0000000000000005600f0000000000000005600f0000000000000005600f0000000000000005600f0000000000000005600f0000000000000005600f0000000000000005600f0000000000000005600f0000000000000005600f0000000000000005600f000000000000000
02:00:00.167 [DEBUG] [serial] Sin header 0xAA, descartando 128 bytes: f0000000000000005600f00000000000
02:00:00.177 [DEBUG] [serial] RX 128 bytes: 5600f0000000000000005600f0000000000000005600f0000000000000005600f0000000000000005600f0000000000000005600f0000000000000005600f0000000000000005600f0000000000000005600f0000000000000005600f0000000000000005600f0000000000000005600f0000000000000005600f00000000000
02:00:00.178 [DEBUG] [serial] Sin header 0xAA, descartando 128 bytes: 5600f0000000000000005600f0000000
02:00:00.188 [DEBUG] [serial] RX 128 bytes: 00005600f0000000000000005600f0000000000000005600f0000000000000005600f0000000000000005600f0000000000000005600f0000000000000005600f0000000000000005600f0000000000000005600f0000000000000005600f0000000000000005600f0000000000000005600f0000000000000005600f0000000
02:00:00.188 [DEBUG] [serial] Sin header 0xAA, descartando 128 bytes: 00005600f0000000000000005600f000
02:00:00.199 [DEBUG] [serial] RX 128 bytes: 000000005600f0000000000000005600f0000000000000005600f0000000000000005600f0000000000000005600f0000000000000005600f0000000000000005600f0000000000000005600f0000000000000005600f0000000000000005600f0000000000000005600f0000000000000005600f0000000000000005600f000
02:00:00.199 [DEBUG] [serial] Sin header 0xAA, descartando 128 bytes: 000000005600f0000000000000005600
02:00:00.210 [DEBUG] [serial] RX 128 bytes: 0000000000005600f0000000000000005600f0000000000000005600f0000000000000005600f0000000000000005600f0000000000000005600f0000000000000005600f0000000000000005600f0000000000000005600f0000000000000005600f0000000000000005600f0000000000000005600f0000000000000005600
02:00:00.210 [DEBUG] [serial] Sin header 0xAA, descartando 128 bytes: 0000000000005600f000000000000000
02:00:00.220 [DEBUG] [serial] RX 128 bytes: f0000000000000005600f0000000000000005600f0000000000000005600f0000000000000005600f0000000000000005600f0000000000000005600f0000000000000005600f0000000000000005600f0000000000000005600f0000000000000005600f0000000000000005600f0000000000000005600f000000000000000
02:00:00.220 [DEBUG] [serial] Sin header 0xAA, descartando 128 bytes: f0000000000000005600f00000000000
02:00:00.231 [DEBUG] [serial] RX 128 bytes: 5600f0000000000000005600f0000000000000005600f0000000000000005600f0000000000000005600f0000000000000005600f0000000000000005600f0000000000000005600f0000000000000005600f0000000000000005600f0000000000000005600f0000000000000005600f0000000000000005600f00000000000
02:00:00.232 [DEBUG] [serial] Sin header 0xAA, descartando 128 bytes: 5600f0000000000000005600f0000000
02:00:00.242 [DEBUG] [serial] RX 128 bytes: 00005600f0000000000000005600f0000000000000005600f0000000000000005600f0000000000000005600f0000000000000005600f0000000000000005600f0000000000000005600f0000000000000005600f0000000000000005600f0000000000000005600f0000000000000005600f0000000000000005600f0000000
02:00:00.242 [DEBUG] [serial] Sin header 0xAA, descartando 128 bytes: 00005600f0000000000000005600f000
02:00:00.252 [DEBUG] [serial] RX 128 bytes: 000000005600f0000000000000005600f0000000000000005600f0000000000000005600f0000000000000005600f0000000000000005600f0000000000000005600f0000000000000005600f0000000000000005600f0000000000000005600f0000000000000005600f0000000000000005600f0000000000000005600f000
02:00:00.253 [DEBUG] [serial] Sin header 0xAA, descartando 128 bytes: 000000005600f0000000000000005600
02:00:00.263 [DEBUG] [serial] RX 128 bytes: 0000000000005600f0000000000000005600f0000000000000005600f0000000000000005600f0000000000000005600f0000000000000005600f0000000000000005600f0000000000000005600f0000000000000005600f0000000000000005600f0000000000000005600f0000000000000005600f0000000000000005600
02:00:00.263 [DEBUG] [serial] Sin header 0xAA, descartando 128 bytes: 0000000000005600f000000000000000
02:00:00.273 [DEBUG] [serial] RX 128 bytes: f0000000000000005600f0000000000000005600f0000000000000005600f0000000000000005600f0000000000000005600f0000000000000005600f0000000000000005600f0000000000000005600f0000000000000005600f0000000000000005600f0000000000000005600f0000000000000005600f000000000000000
02:00:00.274 [DEBUG] [serial] Sin header 0xAA, descartando 128 bytes: f0000000000000005600f00000000000
02:00:00.284 [DEBUG] [serial] RX 128 bytes: 5600f0000000000000005600f0000000000000005600f0000000000000005600f0000000000000005600f0000000000000005600f0000000000000005600f0000000000000005600f0000000000000005600f0000000000000005600f0000000000000005600f0000000000000005600f0000000000000005600f00000000000
02:00:00.285 [DEBUG] [serial] Sin header 0xAA, descartando 128 bytes: 5600f0000000000000005600f0000000
02:00:00.295 [DEBUG] [serial] RX 128 bytes: 00005600f0000000000000005600f0000000000000005600f0000000000000005600f0000000000000005600f0000000000000005600f0000000000000005600f0000000000000005600f0000000000000005600f0000000000000005600f0000000000000005600f0000000000000005600f0000000000000005600f0000000
02:00:00.295 [DEBUG] [serial] Sin header 0xAA, descartando 128 bytes: 00005600f0000000000000005600f000
02:00:00.306 [DEBUG] [serial] RX 128 bytes: 000000005600f0000000000000005600f0000000000000005600f0000000000000005600f0000000000000005600f0000000000000005600f0000000000000005600f0000000000000005600f0000000000000005600f0000000000000005600f0000000000000005600f0000000000000005600f0000000000000005600f000
02:00:00.306 [DEBUG] [serial] Sin header 0xAA, descartando 128 bytes: 000000005600f0000000000000005600
02:00:00.317 [DEBUG] [serial] RX 128 bytes: 0000000000005600f0000000000000005600f0000000000000005600f0000000000000005600f0000000000000005600f0000000000000005600f0000000000000005600f0000000000000005600f0000000000000005600f0000000000000005600f0000000000000005600f0000000000000005600f0000000000000005600
02:00:00.317 [DEBUG] [serial] Sin header 0xAA, descartando 128 bytes: 0000000000005600f000000000000000
02:00:00.327 [DEBUG] [serial] RX 128 bytes: f0000000000000005600f0000000000000005600f0000000000000005600f0000000000000005600f0000000000000005600f0000000000000005600f0000000000000005600f0000000000000005600f0000000000000005600f0000000000000005600f0000000000000005600f0000000000000005600f000000000000000
02:00:00.327 [DEBUG] [serial] Sin header 0xAA, descartando 128 bytes: f0000000000000005600f00000000000
02:00:00.338 [DEBUG] [serial] RX 128 bytes: 5600f0000000000000005600f0000000000000005600f0000000000000005600f0000000000000005600f0000000000000005600f0000000000000005600f0000000000000005600f0000000000000005600f0000000000000005600f0000000000000005600f0000000000000005600f0000000000000005600f00000000000
02:00:00.338 [DEBUG] [serial] Sin header 0xAA, descartando 128 bytes: 5600f0000000000000005600f0000000
02:00:00.348 [DEBUG] [serial] RX 128 bytes: 00005600f0000000000000005600f0000000000000005600f0000000000000005600f0000000000000005600f0000000000000005600f0000000000000005600f0000000000000005600f0000000000000005600f0000000000000005600f0000000000000005600f0000000000000005600f0000000000000005600f0000000
02:00:00.349 [DEBUG] [serial] Sin header 0xAA, descartando 128 bytes: 00005600f0000000000000005600f000
02:00:00.359 [DEBUG] [serial] RX 128 bytes: 000000005600f0000000000000005600f0000000000000005600f0000000000000005600f0000000000000005600f0000000000000005600f0000000000000005600f0000000000000005600f0000000000000005600f0000000000000005600f0000000000000005600f0000000000000005600f0000000000000005600f000
02:00:00.360 [DEBUG] [serial] Sin header 0xAA, descartando 128 bytes: 000000005600f0000000000000005600
02:00:00.370 [DEBUG] [serial] RX 128 bytes: 0000000000005600f0000000000000005600f0000000000000005600f0000000000000005600f0000000000000005600f0000000000000005600f0000000000000005600f0000000000000005600f0000000000000005600f0000000000000005600f0000000000000005600f0000000000000005600f0000000000000005600
02:00:00.370 [DEBUG] [serial] Sin header 0xAA, descartando 128 bytes: 0000000000005600f000000000000000
02:00:00.380 [DEBUG] [serial] RX 128 bytes: f0000000000000005600f0000000000000005600f0000000000000005600f0000000000000005600f0000000000000005600f0000000000000005600f0000000000000005600f0000000000000005600f0000000000000005600f0000000000000005600f0000000000000005600f0000000000000005600f000000000000000
02:00:00.380 [DEBUG] [serial] Sin header 0xAA, descartando 128 bytes: f0000000000000005600f00000000000
02:00:00.391 [DEBUG] [serial] RX 128 bytes: 5600f0000000000000005600f0000000000000005600f0000000000000005600f0000000000000005600f0000000000000005600f0000000000000005600f0000000000000005600f0000000000000005600f0000000000000005600f0000000000000005600f0000000000000005600f0000000000000005600f00000000000
02:00:00.391 [DEBUG] [serial] Sin header 0xAA, descartando 128 bytes: 5600f0000000000000005600f0000000
02:00:00.402 [DEBUG] [serial] RX 128 bytes: 00005600f0000000000000005600f0000000000000005600f0000000000000005600f0000000000000005600f0000000000000005600f0000000000000005600f0000000000000005600f0000000000000005600f0000000000000005600f0000000000000005600f0000000000000005600f0000000000000005600f0000000
02:00:00.402 [DEBUG] [serial] Sin header 0xAA, descartando 128 bytes: 00005600f0000000000000005600f000
02:00:00.413 [DEBUG] [serial] RX 128 bytes: 000000005600f0000000000000005600f0000000000000005600f0000000000000005600f0000000000000005600f0000000000000005600f0000000000000005600f0000000000000005600f0000000000000005600f0000000000000005600f0000000000000005600f0000000000000005600f0000000000000005600f000
02:00:00.413 [DEBUG] [serial] Sin header 0xAA, descartando 128 bytes: 000000005600f0000000000000005600
02:00:00.423 [DEBUG] [serial] RX 128 bytes: 0000000000005600f0000000000000005600f0000000000000005600f0000000000000005600f0000000000000005600f0000000000000005600f0000000000000005600f0000000000000005600f0000000000000005600f0000000000000005600f0000000000000005600f0000000000000005600f0000000000000005600
02:00:00.424 [DEBUG] [serial] Sin header 0xAA, descartando 128 bytes: 0000000000005600f000000000000000
02:00:00.434 [DEBUG] [serial] RX 128 bytes: f0000000000000005600f0000000000000005600f0000000000000005600f0000000000000005600f0000000000000005600f0000000000000005600f0000000000000005600f0000000000000005600f0000000000000005600f0000000000000005600f0000000000000005600f0000000000000005600f000000000000000
02:00:00.434 [DEBUG] [serial] Sin header 0xAA, descartando 128 bytes: f0000000000000005600f00000000000
02:00:00.444 [DEBUG] [serial] RX 128 bytes: 5600f0000000000000005600f0000000000000005600f0000000000000005600f0000000000000005600f0000000000000005600f0000000000000005600f0000000000000005600f0000000000000005600f0000000000000005600f0000000000000005600f0000000000000005600f0000000000000005600f00000000000
02:00:00.445 [DEBUG] [serial] Sin header 0xAA, descartando 128 bytes: 5600f0000000000000005600f0000000
02:00:00.455 [DEBUG] [serial] RX 128 bytes: 00005600f0000000000000005600f0000000000000005600f0000000000000005600f0000000000000005600f0000000000000005600f0000000000000005600f0000000000000005600f0000000000000005600f0000000000000005600f0000000000000005600f0000000000000005600f0000000000000005600f0000000
02:00:00.456 [DEBUG] [serial] Sin header 0xAA, descartando 128 bytes: 00005600f0000000000000005600f000
02:00:00.466 [DEBUG] [serial] RX 128 bytes: 000000005600f0000000000000005600f0000000000000005600f0000000000000005600f0000000000000005600f0000000000000005600f0000000000000005600f0000000000000005600f0000000000000005600f0000000000000005600f0000000000000005600f0000000000000005600f0000000000000005600f000
02:00:00.466 [DEBUG] [serial] Sin header 0xAA, descartando 128 bytes: 000000005600f0000000000000005600
02:00:00.477 [DEBUG] [serial] RX 128 bytes: 0000000000005600f0000000000000005600f0000000000000005600f0000000000000005600f0000000000000005600f0000000000000005600f0000000000000005600f0000000000000005600f0000000000000005600f0000000000000005600f0000000000000005600f0000000000000005600f0000000000000005600
02:00:00.477 [DEBUG] [serial] Sin header 0xAA, descartando 128 bytes: 0000000000005600f000000000000000
02:00:00.487 [DEBUG] [serial] RX 128 bytes: f0000000000000005600f0000000000000005600f0000000000000005600f0000000000000005600f0000000000000005600f0000000000000005600f0000000000000005600f0000000000000005600f0000000000000005600f0000000000000005600f0000000000000005600f0000000000000005600f000000000000000
02:00:00.487 [DEBUG] [serial] Sin header 0xAA, descartando 128 bytes: f0000000000000005600f00000000000
02:00:00.498 [DEBUG] [serial] RX 128 bytes: 5600f0000000000000005600f0000000000000005600f0000000000000005600f0000000000000005600f0000000000000005600f0000000000000005600f0000000000000005600f0000000000000005600f0000000000000005600f0000000000000005600f0000000000000005600f0000000000000005600f00000000000
02:00:00.498 [DEBUG] [serial] Sin header 0xAA, descartando 128 bytes: 5600f0000000000000005600f0000000
02:00:00.509 [DEBUG] [serial] RX 128 bytes: 00005600f0000000000000005600f0000000000000005600f0000000000000005600f0000000000000005600f0000000000000005600f0000000000000005600f0000000000000005600f0000000000000005600f0000000000000005600f0000000000000005600f0000000000000005600f0000000000000005600f0000000
02:00:00.509 [DEBUG] [serial] Sin header 0xAA, descartando 128 bytes: 00005600f0000000000000005600f000
02:00:00.520 [DEBUG] [serial] RX 128 bytes: 000000005600f0000000000000005600f0000000000000005600f0000000000000005600f0000000000000005600f0000000000000005600f0000000000000005600f0000000000000005600f0000000000000005600f0000000000000005600f0000000000000005600f0000000000000005600f0000000000000005600f000
02:00:00.520 [DEBUG] [serial] Sin header 0xAA, descartando 128 bytes: 000000005600f0000000000000005600
02:00:00.530 [DEBUG] [serial] RX 128 bytes: 0000000000005600f0000000000000005600f0000000000000005600f0000000000000005600f0000000000000005600f0000000000000005600f0000000000000005600f0000000000000005600f0000000000000005600f0000000000000005600f0000000000000005600f0000000000000005600f0000000000000005600
02:00:00.531 [DEBUG] [serial] Sin header 0xAA, descartando 128 bytes: 0000000000005600f000000000000000
02:00:00.541 [DEBUG] [serial] RX 128 bytes: f0000000000000005600f0000000000000005600f0000000000000005600f0000000000000005600f0000000000000005600f0000000000000005600f0000000000000005600f0000000000000005600f0000000000000005600f0000000000000005600f0000000000000005600f0000000000000005600f000000000000000
02:00:00.541 [DEBUG] [serial] Sin header 0xAA, descartando 128 bytes: f0000000000000005600f00000000000
02:00:00.551 [DEBUG] [serial] RX 128 bytes: 5600f0000000000000005600f0000000000000005600f0000000000000005600f0000000000000005600f0000000000000005600f0000000000000005600f0000000000000005600f0000000000000005600f0000000000000005600f0000000000000005600f0000000000000005600f0000000000000005600f00000000000
02:00:00.552 [DEBUG] [serial] Sin header 0xAA, descartando 128 bytes: 5600f0000000000000005600f0000000
02:00:00.562 [DEBUG] [serial] RX 128 bytes: 00005600f0000000000000005600f0000000000000005600f0000000000000005600f0000000000000005600f0000000000000005600f0000000000000005600f0000000000000005600f0000000000000005600f0000000000000005600f0000000000000005600f0000000000000005600f0000000000000005600f0000000
02:00:00.562 [DEBUG] [serial] Sin header 0xAA, descartando 128 bytes: 00005600f0000000000000005600f000
02:00:00.573 [DEBUG] [serial] RX 128 bytes: 000000005600f0000000000000005600f0000000000000005600f0000000000000005600f0000000000000005600f0000000000000005600f0000000000000005600f0000000000000005600f0000000000000005600f0000000000000005600f0000000000000005600f0000000000000005600f0000000000000005600f000
02:00:00.573 [DEBUG] [serial] Sin header 0xAA, descartando 128 bytes: 000000005600f0000000000000005600
02:00:00.584 [DEBUG] [serial] RX 128 bytes: 0000000000005600f0000000000000005600f0000000000000005600f0000000000000005600f0000000000000005600f0000000000000005600f0000000000000005600f0000000000000005600f0000000000000005600f0000000000000005600f0000000000000005600f0000000000000005600f0000000000000005600
02:00:00.584 [DEBUG] [serial] Sin header 0xAA, descartando 128 bytes: 0000000000005600f000000000000000
02:00:00.594 [DEBUG] [serial] RX 128 bytes: f0000000000000005600f0000000000000005600f0000000000000005600f0000000000000005600f0000000000000005600f0000000000000005600f0000000000000005600f0000000000000005600f0000000000000005600f0000000000000005600f0000000000000005600f0000000000000005600f000000000000000
02:00:00.594 [DEBUG] [serial] Sin header 0xAA, descartando 128 bytes: f0000000000000005600f00000000000
02:00:00.605 [DEBUG] [serial] RX 128 bytes: 5600f0000000000000005600f0000000000000005600f0000000000000005600f0000000000000005600f0000000000000005600f0000000000000005600f0000000000000005600f0000000000000005600f0000000000000005600f0000000000000005600f0000000000000005600f0000000000000005600f00000000000
02:00:00.606 [DEBUG] [serial] Sin header 0xAA, descartando 128 bytes: 5600f0000000000000005600f0000000
02:00:00.616 [DEBUG] [serial] RX 128 bytes: 00005600f0000000000000005600f0000000000000005600f0000000000000005600f0000000000000005600f0000000000000005600f0000000000000005600f0000000000000005600f0000000000000005600f0000000000000005600f0000000000000005600f0000000000000005600f0000000000000005600f0000000
02:00:00.616 [DEBUG] [serial] Sin header 0xAA, descartando 128 bytes: 00005600f0000000000000005600f000
02:00:00.626 [DEBUG] [serial] RX 128 bytes: 000000005600f0000000000000005600f0000000000000005600f0000000000000005600f0000000000000005600f0000000000000005600f0000000000000005600f0000000000000005600f0000000000000005600f0000000000000005600f0000000000000005600f0000000000000005600f0000000000000005600f000
02:00:00.627 [DEBUG] [serial] Sin header 0xAA, descartando 128 bytes: 000000005600f0000000000000005600
02:00:00.637 [DEBUG] [serial] RX 128 bytes: 0000000000005600f0000000000000005600f0000000000000005600f0000000000000005600f0000000000000005600f0000000000000005600f0000000000000005600f0000000000000005600f0000000000000005600f0000000000000005600f0000000000000005600f0000000000000005600f0000000000000005600
02:00:00.638 [DEBUG] [serial] Sin header 0xAA, descartando 128 bytes: 0000000000005600f000000000000000
02:00:00.647 [DEBUG] [serial] RX 128 bytes: f0000000000000005600f0000000000000005600f0000000000000005600f0000000000000005600f0000000000000005600f0000000000000005600f0000000000000005600f0000000000000005600f0000000000000005600f0000000000000005600f0000000000000005600f0000000000000005600f000000000000000
02:00:00.648 [DEBUG] [serial] Sin header 0xAA, descartando 128 bytes: f0000000000000005600f00000000000
02:00:00.658 [DEBUG] [serial] RX 128 bytes: 5600f0000000000000005600f0000000000000005600f0000000000000005600f0000000000000005600f0000000000000005600f0000000000000005600f0000000000000005600f0000000000000005600f0000000000000005600f0000000000000005600f0000000000000005600f0000000000000005600f00000000000
02:00:00.658 [DEBUG] [serial] Sin header 0xAA, descartando 128 bytes: 5600f0000000000000005600f0000000
02:00:00.659 [INFO] [GUI] Click STOP
02:00:00.659 [INFO] [serial] Encolando TX CMD_STOP: bb05
02:00:00.669 [INFO] [serial] TX CMD_STOP: bb05
02:00:00.669 [DEBUG] [serial] TX OK: 2 bytes escritos
02:00:00.669 [DEBUG] [serial] RX 128 bytes: 00005600f0000000000000005600f0000000000000005600f0000000000000005600f0000000000000005600f0000000000000005600f0000000000000005600f0000000000000005600f0000000000000005600f0000000000000005600f0000000000000005600f0000000000000005600f0000000000000005600f0000000
02:00:00.670 [DEBUG] [serial] Sin header 0xAA, descartando 128 bytes: 00005600f0000000000000005600f000
02:00:00.680 [DEBUG] [serial] RX 128 bytes: 000000005600f0000000000000005600f0000000000000005600f0000000000000005600f0000000000000005600f0000000000000005600f0000000000000005600f0000000000000005600f0000000000000005600f0000000000000005600f0000000000000005600f0000000000000005600f0000000000000005600f000
02:00:00.680 [DEBUG] [serial] Sin header 0xAA, descartando 128 bytes: 000000005600f0000000000000005600
02:00:00.691 [DEBUG] [serial] RX 128 bytes: 0000000000005600f0000000000000005600f0000000000000005600f0000000000000005600f0000000000000005600f0000000000000005600f0000000000000005600f0000000000000005600f0000000000000005600f0000000000000005600f0000000000000005600f0000000000000005600f0000000000000005600
02:00:00.691 [DEBUG] [serial] Sin header 0xAA, descartando 128 bytes: 0000000000005600f000000000000000
02:00:00.701 [DEBUG] [serial] RX 128 bytes: f0000000000000005600f0000000000000005600f0000000000000005600f0000000000000005600f0000000000000005600f0000000000000005600f0000000000000005600f0000000000000005600f0000000000000005600f0000000000000005600f0000000000000005600f0000000000000005600f000000000000000
02:00:00.702 [DEBUG] [serial] Sin header 0xAA, descartando 128 bytes: f0000000000000005600f00000000000
02:00:00.712 [DEBUG] [serial] RX 128 bytes: 5600f0000000000000005600f0000000000000005600f0000000000000005600f0000000000000005600f0000000000000005600f0000000000000005600f0000000000000005600f0000000000000005600f0000000000000005600f0000000000000005600f0000000000000005600f0000000000000005600f00000000000
02:00:00.712 [DEBUG] [serial] Sin header 0xAA, descartando 128 bytes: 5600f0000000000000005600f0000000
02:00:00.722 [DEBUG] [serial] RX 128 bytes: 00005600f0000000000000005600f0000000000000005600f0000000000000005600f0000000000000005600f0000000000000005600f0000000000000005600f0000000000000005600f0000000000000005600f0000000000000005600f0000000000000005600f0000000000000005600f0000000000000005600f0000000
02:00:00.723 [DEBUG] [serial] Sin header 0xAA, descartando 128 bytes: 00005600f0000000000000005600f000
02:00:00.733 [DEBUG] [serial] RX 128 bytes: 000000005600f0000000000000005600f0000000000000005600f0000000000000005600f0000000000000005600f0000000000000005600f0000000000000005600f0000000000000005600f0000000000000005600f0000000000000005600f0000000000000005600f0000000000000005600f0000000000000005600f000
02:00:00.733 [DEBUG] [serial] Sin header 0xAA, descartando 128 bytes: 000000005600f0000000000000005600
02:00:00.744 [DEBUG] [serial] RX 128 bytes: 0000000000005600f0000000000000005600f0000000000000005600f0000000000000005600f0000000000000005600f0000000000000005600f0000000000000005600f0000000000000005600f0000000000000005600f0000000000000005600f0000000000000005600f0000000000000005600f0000000000000005600
02:00:00.744 [DEBUG] [serial] Sin header 0xAA, descartando 128 bytes: 0000000000005600f000000000000000
02:00:00.754 [DEBUG] [serial] RX 128 bytes: f0000000000000005600f0000000000000005600f0000000000000005600f0000000000000005600f0000000000000005600f0000000000000005600f0000000000000005600f0000000000000005600f0000000000000005600f0000000000000005600f0000000000000005600f0000000000000005600f000000000000000
02:00:00.754 [DEBUG] [serial] Sin header 0xAA, descartando 128 bytes: f0000000000000005600f00000000000
02:00:00.765 [DEBUG] [serial] RX 128 bytes: 5600f0000000000000005600f0000000000000005600f0000000000000005600f0000000000000005600f0000000000000005600f0000000000000005600f0000000000000005600f0000000000000005600f0000000000000005600f0000000000000005600f0000000000000005600f0000000000000005600f00000000000
02:00:00.765 [DEBUG] [serial] Sin header 0xAA, descartando 128 bytes: 5600f0000000000000005600f0000000
02:00:00.776 [DEBUG] [serial] RX 128 bytes: 00005600f0000000000000005600f0000000000000005600f0000000000000005600f0000000000000005600f0000000000000005600f0000000000000005600f0000000000000005600f0000000000000005600f0000000000000005600f0000000000000005600f0000000000000005600f0000000000000005600f0000000
02:00:00.776 [DEBUG] [serial] Sin header 0xAA, descartando 128 bytes: 00005600f0000000000000005600f000
02:00:00.787 [DEBUG] [serial] RX 128 bytes: 000000005600f0000000000000005600f0000000000000005600f0000000000000005600f0000000000000005600f0000000000000005600f0000000000000005600f0000000000000005600f0000000000000005600f0000000000000005600f0000000000000005600f0000000000000005600f0000000000000005600f000
02:00:00.787 [DEBUG] [serial] Sin header 0xAA, descartando 128 bytes: 000000005600f0000000000000005600
02:00:00.798 [DEBUG] [serial] RX 128 bytes: 0000000000005600f0000000000000005600f0000000000000005600f0000000000000005600f0000000000000005600f0000000000000005600f0000000000000005600f0000000000000005600f0000000000000005600f0000000000000005600f0000000000000005600f0000000000000005600f0000000000000005600
02:00:00.798 [DEBUG] [serial] Sin header 0xAA, descartando 128 bytes: 0000000000005600f000000000000000
02:00:00.808 [DEBUG] [serial] RX 128 bytes: f0000000000000005600f0000000000000005600f0000000000000005600f0000000000000005600f0000000000000005600f0000000000000005600f0000000000000005600f0000000000000005600f0000000000000005600f0000000000000005600f0000000000000005600f0000000000000005600f000000000000000
02:00:00.808 [DEBUG] [serial] Sin header 0xAA, descartando 128 bytes: f0000000000000005600f00000000000
02:00:00.819 [DEBUG] [serial] RX 128 bytes: 5600f0000000000000005600f0000000000000005600f0000000000000005600f0000000000000005600f0000000000000005600f0000000000000005600f0000000000000005600f0000000000000005600f0000000000000005600f0000000000000005600f0000000000000005600f0000000000000005600f00000000000
02:00:00.819 [DEBUG] [serial] Sin header 0xAA, descartando 128 bytes: 5600f0000000000000005600f0000000
02:00:00.829 [DEBUG] [serial] RX 128 bytes: 00005600f0000000000000005600f0000000000000005600f0000000000000005600f0000000000000005600f0000000000000005600f0000000000000005600f0000000000000005600f0000000000000005600f0000000000000005600f0000000000000005600f0000000000000005600f0000000000000005600f0000000
02:00:00.830 [DEBUG] [serial] Sin header 0xAA, descartando 128 bytes: 00005600f0000000000000005600f000
02:00:00.840 [DEBUG] [serial] RX 128 bytes: 000000005600f0000000000000005600f0000000000000005600f0000000000000005600f0000000000000005600f0000000000000005600f0000000000000005600f0000000000000005600f0000000000000005600f0000000000000005600f0000000000000005600f0000000000000005600f0000000000000005600f000
02:00:00.840 [DEBUG] [serial] Sin header 0xAA, descartando 128 bytes: 000000005600f0000000000000005600
02:00:00.851 [DEBUG] [serial] RX 128 bytes: 0000000000005600f0000000000000005600f0000000000000005600f0000000000000005600f0000000000000005600f0000000000000005600f0000000000000005600f0000000000000005600f0000000000000005600f0000000000000005600f0000000000000005600f0000000000000005600f0000000000000005600
02:00:00.851 [DEBUG] [serial] Sin header 0xAA, descartando 128 bytes: 0000000000005600f000000000000000
02:00:00.861 [DEBUG] [serial] RX 128 bytes: f0000000000000005600f0000000000000005600f0000000000000005600f0000000000000005600f0000000000000005600f0000000000000005600f0000000000000005600f0000000000000005600f0000000000000005600f0000000000000005600f0000000000000005600f0000000000000005600f000000000000000
02:00:00.861 [DEBUG] [serial] Sin header 0xAA, descartando 128 bytes: f0000000000000005600f00000000000
02:00:00.872 [DEBUG] [serial] RX 128 bytes: 5600f0000000000000005600f0000000000000005600f0000000000000005600f0000000000000005600f0000000000000005600f0000000000000005600f0000000000000005600f0000000000000005600f0000000000000005600f0000000000000005600f0000000000000005600f0000000000000005600f00000000000
02:00:00.872 [DEBUG] [serial] Sin header 0xAA, descartando 128 bytes: 5600f0000000000000005600f0000000
02:00:00.883 [DEBUG] [serial] RX 128 bytes: 00005600f0000000000000005600f0000000000000005600f0000000000000005600f0000000000000005600f0000000000000005600f0000000000000005600f0000000000000005600f0000000000000005600f0000000000000005600f0000000000000005600f0000000000000005600f0000000000000005600f0000000
02:00:00.883 [DEBUG] [serial] Sin header 0xAA, descartando 128 bytes: 00005600f0000000000000005600f000
02:00:00.894 [DEBUG] [serial] RX 128 bytes: 000000005600f0000000000000005600f0000000000000005600f0000000000000005600f0000000000000005600f0000000000000005600f0000000000000005600f0000000000000005600f0000000000000005600f0000000000000005600f0000000000000005600f0000000000000005600f0000000000000005600f000
02:00:00.894 [DEBUG] [serial] Sin header 0xAA, descartando 128 bytes: 000000005600f0000000000000005600
02:00:00.904 [DEBUG] [serial] RX 128 bytes: 0000000000005600f0000000000000005600f0000000000000005600f0000000000000005600f0000000000000005600f0000000000000005600f0000000000000005600f0000000000000005600f0000000000000005600f0000000000000005600f0000000000000005600f0000000000000005600f0000000000000005600
02:00:00.905 [DEBUG] [serial] Sin header 0xAA, descartando 128 bytes: 0000000000005600f000000000000000
02:00:00.915 [DEBUG] [serial] RX 128 bytes: f0000000000000005600f0000000000000005600f0000000000000005600f0000000000000005600f0000000000000005600f0000000000000005600f0000000000000005600f0000000000000005600f0000000000000005600f0000000000000005600f0000000000000005600f0000000000000005600f000000000000000
02:00:00.915 [DEBUG] [serial] Sin header 0xAA, descartando 128 bytes: f0000000000000005600f00000000000
02:00:00.925 [DEBUG] [serial] RX 128 bytes: 5600f0000000000000005600f0000000000000005600f0000000000000005600f0000000000000005600f0000000000000005600f0000000000000005600f0000000000000005600f0000000000000005600f0000000000000005600f0000000000000005600f0000000000000005600f0000000000000005600f00000000000
02:00:00.926 [DEBUG] [serial] Sin header 0xAA, descartando 128 bytes: 5600f0000000000000005600f0000000
02:00:00.936 [DEBUG] [serial] RX 128 bytes: 00005600f0000000000000005600f0000000000000005600f0000000000000005600f0000000000000005600f0000000000000005600f0000000000000005600f0000000000000005600f0000000000000005600f0000000000000005600f0000000000000005600f0000000000000005600f0000000000000005600f0000000
02:00:00.936 [DEBUG] [serial] Sin header 0xAA, descartando 128 bytes: 00005600f0000000000000005600f000
02:00:00.947 [DEBUG] [serial] RX 128 bytes: 000000005600f0000000000000005600f0000000000000005600f0000000000000005600f0000000000000005600f0000000000000005600f0000000000000005600f0000000000000005600f0000000000000005600f0000000000000005600f0000000000000005600f0000000000000005600f0000000000000005600f000
02:00:00.947 [DEBUG] [serial] Sin header 0xAA, descartando 128 bytes: 000000005600f0000000000000005600
02:00:00.958 [DEBUG] [serial] RX 128 bytes: 0000000000005600f0000000000000005600f0000000000000005600f0000000000000005600f0000000000000005600f0000000000000005600f0000000000000005600f0000000000000005600f0000000000000005600f0000000000000005600f0000000000000005600f0000000000000005600f0000000000000005600
02:00:00.958 [DEBUG] [serial] Sin header 0xAA, descartando 128 bytes: 0000000000005600f000000000000000
02:00:00.968 [DEBUG] [serial] RX 128 bytes: f0000000000000005600f0000000000000005600f0000000000000005600f0000000000000005600f0000000000000005600f0000000000000005600f0000000000000005600f0000000000000005600f0000000000000005600f0000000000000005600f0000000000000005600f0000000000000005600f000000000000000
02:00:00.968 [DEBUG] [serial] Sin header 0xAA, descartando 128 bytes: f0000000000000005600f00000000000
02:00:00.979 [DEBUG] [serial] RX 128 bytes: 5600f0000000000000005600f0000000000000005600f0000000000000005600f0000000000000005600f0000000000000005600f0000000000000005600f0000000000000005600f0000000000000005600f0000000000000005600f0000000000000005600f0000000000000005600f0000000000000005600f00000000000
02:00:00.979 [DEBUG] [serial] Sin header 0xAA, descartando 128 bytes: 5600f0000000000000005600f0000000
02:00:00.990 [DEBUG] [serial] RX 128 bytes: 00005600f0000000000000005600f0000000000000005600f0000000000000005600f0000000000000005600f0000000000000005600f0000000000000005600f0000000000000005600f0000000000000005600f0000000000000005600f0000000000000005600f0000000000000005600f0000000000000005600f0000000
02:00:00.990 [DEBUG] [serial] Sin header 0xAA, descartando 128 bytes: 00005600f0000000000000005600f000
02:00:01.000 [DEBUG] [serial] RX 128 bytes: 000000005600f0000000000000005600f0000000000000005600f0000000000000005600f0000000000000005600f0000000000000005600f0000000000000005600f0000000000000005600f0000000000000005600f0000000000000005600f0000000000000005600f0000000000000005600f0000000000000005600f000
02:00:01.001 [DEBUG] [serial] Sin header 0xAA, descartando 128 bytes: 000000005600f0000000000000005600
02:00:01.011 [DEBUG] [serial] RX 128 bytes: 0000000000005600f0000000000000005600f0000000000000005600f0000000000000005600f0000000000000005600f0000000000000005600f0000000000000005600f0000000000000005600f0000000000000005600f0000000000000005600f0000000000000005600f0000000000000005600f0000000000000005600
02:00:01.011 [DEBUG] [serial] Sin header 0xAA, descartando 128 bytes: 0000000000005600f000000000000000
02:00:01.021 [DEBUG] [serial] RX 128 bytes: f0000000000000005600f0000000000000005600f0000000000000005600f0000000000000005600f0000000000000005600f0000000000000005600f0000000000000005600f0000000000000005600f0000000000000005600f0000000000000005600f0000000000000005600f0000000000000005600f000000000000000
02:00:01.022 [DEBUG] [serial] Sin header 0xAA, descartando 128 bytes: f0000000000000005600f00000000000
02:00:01.032 [DEBUG] [serial] RX 128 bytes: 5600f0000000000000005600f0000000000000005600f0000000000000005600f0000000000000005600f0000000000000005600f0000000000000005600f0000000000000005600f0000000000000005600f0000000000000005600f0000000000000005600f0000000000000005600f0000000000000005600f00000000000
02:00:01.032 [DEBUG] [serial] Sin header 0xAA, descartando 128 bytes: 5600f0000000000000005600f0000000
02:00:01.043 [DEBUG] [serial] RX 128 bytes: 00005600f0000000000000005600f0000000000000005600f0000000000000005600f0000000000000005600f0000000000000005600f0000000000000005600f0000000000000005600f0000000000000005600f0000000000000005600f0000000000000005600f0000000000000005600f0000000000000005600f0000000
02:00:01.043 [DEBUG] [serial] Sin header 0xAA, descartando 128 bytes: 00005600f0000000000000005600f000
02:00:01.054 [DEBUG] [serial] RX 128 bytes: 000000005600f0000000000000005600f0000000000000005600f0000000000000005600f0000000000000005600f0000000000000005600f0000000000000005600f0000000000000005600f0000000000000005600f0000000000000005600f0000000000000005600f0000000000000005600f0000000000000005600f000
02:00:01.054 [DEBUG] [serial] Sin header 0xAA, descartando 128 bytes: 000000005600f0000000000000005600
02:00:01.065 [DEBUG] [serial] RX 128 bytes: 0000000000005600f0000000000000005600f0000000000000005600f0000000000000005600f0000000000000005600f0000000000000005600f0000000000000005600f0000000000000005600f0000000000000005600f0000000000000005600f0000000000000005600f0000000000000005600f0000000000000005600
02:00:01.065 [DEBUG] [serial] Sin header 0xAA, descartando 128 bytes: 0000000000005600f000000000000000
02:00:01.075 [DEBUG] [serial] RX 128 bytes: f0000000000000005600f0000000000000005600f0000000000000005600f0000000000000005600f0000000000000005600f0000000000000005600f0000000000000005600f0000000000000005600f0000000000000005600f0000000000000005600f0000000000000005600f0000000000000005600f000000000000000
02:00:01.075 [DEBUG] [serial] Sin header 0xAA, descartando 128 bytes: f0000000000000005600f00000000000
02:00:01.087 [DEBUG] [serial] RX 128 bytes: 5600f0000000000000005600f0000000000000005600f0000000000000005600f0000000000000005600f0000000000000005600f0000000000000005600f0000000000000005600f0000000000000005600f0000000000000005600f0000000000000005600f0000000000000005600f0000000000000005600f00000000000
02:00:01.087 [DEBUG] [serial] Sin header 0xAA, descartando 128 bytes: 5600f0000000000000005600f0000000
02:00:01.097 [DEBUG] [serial] RX 128 bytes: 00005600f0000000000000005600f0000000000000005600f0000000000000005600f0000000000000005600f0000000000000005600f0000000000000005600f0000000000000005600f0000000000000005600f0000000000000005600f0000000000000005600f0000000000000005600f0000000000000005600f0000000
02:00:01.097 [DEBUG] [serial] Sin header 0xAA, descartando 128 bytes: 00005600f0000000000000005600f000
02:00:01.107 [DEBUG] [serial] RX 128 bytes: 000000005600f0000000000000005600f0000000000000005600f0000000000000005600f0000000000000005600f0000000000000005600f0000000000000005600f0000000000000005600f0000000000000005600f0000000000000005600f0000000000000005600f0000000000000005600f0000000000000005600f000
02:00:01.108 [DEBUG] [serial] Sin header 0xAA, descartando 128 bytes: 000000005600f0000000000000005600
02:00:01.118 [DEBUG] [serial] RX 128 bytes: 0000000000005600f0000000000000005600f0000000000000005600f0000000000000005600f0000000000000005600f0000000000000005600f0000000000000005600f0000000000000005600f0000000000000005600f0000000000000005600f0000000000000005600f0000000000000005600f0000000000000005600
02:00:01.118 [DEBUG] [serial] Sin header 0xAA, descartando 128 bytes: 0000000000005600f000000000000000
02:00:01.127 [INFO] [GUI] Click START
02:00:01.127 [INFO] [serial] Encolando TX CMD_START: bb04
02:00:01.128 [INFO] [serial] TX CMD_START: bb04
02:00:01.129 [DEBUG] [serial] TX OK: 2 bytes escritos
02:00:01.129 [DEBUG] [serial] RX 128 bytes: f0000000000000005600f0000000000000005600f0000000000000005600f0000000000000005600f0000000000000005600f0000000000000005600f0000000000000005600f0000000000000005600f0000000000000005600f0000000000000005600f0000000000000005600f0000000000000005600f000000000000000
02:00:01.129 [DEBUG] [serial] Sin header 0xAA, descartando 128 bytes: f0000000000000005600f00000000000
02:00:01.139 [DEBUG] [serial] RX 128 bytes: 5600f0000000000000005600f0000000000000005600f0000000000000005600f0000000000000005600f0000000000000005600f0000000000000005600f0000000000000005600f0000000000000005600f0000000000000005600f0000000000000005600f0000000000000005600f0000000000000005600f00000000000
02:00:01.139 [DEBUG] [serial] Sin header 0xAA, descartando 128 bytes: 5600f0000000000000005600f0000000
02:00:01.150 [DEBUG] [serial] RX 128 bytes: 00005600f0000000000000005600f0000000000000005600f0000000000000005600f0000000000000005600f0000000000000005600f0000000000000005600f0000000000000005600f0000000000000005600f0000000000000005600f0000000000000005600f0000000000000005600f0000000000000005600f0000000
02:00:01.150 [DEBUG] [serial] Sin header 0xAA, descartando 128 bytes: 00005600f0000000000000005600f000
02:00:01.161 [DEBUG] [serial] RX 128 bytes: 000000005600f0000000000000005600f0000000000000005600f0000000000000005600f0000000000000005600f0000000000000005600f0000000000000005600f0000000000000005600f0000000000000005600f0000000000000005600f0000000000000005600f0000000000000005600f0000000000000005600f000
02:00:01.161 [DEBUG] [serial] Sin header 0xAA, descartando 128 bytes: 000000005600f0000000000000005600
02:00:01.172 [DEBUG] [serial] RX 128 bytes: 0000000000005600f0000000000000005600f0000000000000005600f0000000000000005600f0000000000000005600f0000000000000005600f0000000000000005600f0000000000000005600f0000000000000005600f0000000000000005600f0000000000000005600f0000000000000005600f0000000000000005600
02:00:01.172 [DEBUG] [serial] Sin header 0xAA, descartando 128 bytes: 0000000000005600f000000000000000
02:00:01.182 [DEBUG] [serial] RX 128 bytes: f0000000000000005600f0000000000000005600f0000000000000005600f0000000000000005600f0000000000000005600f0000000000000005600f0000000000000005600f0000000000000005600f0000000000000005600f0000000000000005600f0000000000000005600f0000000000000005600f000000000000000
02:00:01.182 [DEBUG] [serial] Sin header 0xAA, descartando 128 bytes: f0000000000000005600f00000000000
02:00:01.193 [DEBUG] [serial] RX 128 bytes: 5600f0000000000000005600f0000000000000005600f0000000000000005600f0000000000000005600f0000000000000005600f0000000000000005600f0000000000000005600f0000000000000005600f0000000000000005600f0000000000000005600f0000000000000005600f0000000000000005600f00000000000
02:00:01.193 [DEBUG] [serial] Sin header 0xAA, descartando 128 bytes: 5600f0000000000000005600f0000000
02:00:01.203 [DEBUG] [serial] RX 128 bytes: 00005600f0000000000000005600f0000000000000005600f0000000000000005600f0000000000000005600f0000000000000005600f0000000000000005600f0000000000000005600f0000000000000005600f0000000000000005600f0000000000000005600f0000000000000005600f0000000000000005600f0000000
02:00:01.204 [DEBUG] [serial] Sin header 0xAA, descartando 128 bytes: 00005600f0000000000000005600f000
02:00:01.214 [DEBUG] [serial] RX 128 bytes: 000000005600f0000000000000005600f0000000000000005600f0000000000000005600f0000000000000005600f0000000000000005600f0000000000000005600f0000000000000005600f0000000000000005600f0000000000000005600f0000000000000005600f0000000000000005600f0000000000000005600f000
02:00:01.214 [DEBUG] [serial] Sin header 0xAA, descartando 128 bytes: 000000005600f0000000000000005600
02:00:01.225 [DEBUG] [serial] RX 128 bytes: 0000000000005600f0000000000000005600f0000000000000005600f0000000000000005600f0000000000000005600f0000000000000005600f0000000000000005600f0000000000000005600f0000000000000005600f0000000000000005600f0000000000000005600f0000000000000005600f0000000000000005600
02:00:01.225 [DEBUG] [serial] Sin header 0xAA, descartando 128 bytes: 0000000000005600f000000000000000
02:00:01.235 [DEBUG] [serial] RX 128 bytes: f0000000000000005600f0000000000000005600f0000000000000005600f0000000000000005600f0000000000000005600f0000000000000005600f0000000000000005600f0000000000000005600f0000000000000005600f0000000000000005600f0000000000000005600f0000000000000005600f000000000000000
02:00:01.236 [DEBUG] [serial] Sin header 0xAA, descartando 128 bytes: f0000000000000005600f00000000000
02:00:01.246 [DEBUG] [serial] RX 128 bytes: 5600f0000000000000005600f0000000000000005600f0000000000000005600f0000000000000005600f0000000000000005600f0000000000000005600f0000000000000005600f0000000000000005600f0000000000000005600f0000000000000005600f0000000000000005600f0000000000000005600f00000000000
02:00:01.246 [DEBUG] [serial] Sin header 0xAA, descartando 128 bytes: 5600f0000000000000005600f0000000
02:00:01.257 [DEBUG] [serial] RX 128 bytes: 00005600f0000000000000005600f0000000000000005600f0000000000000005600f0000000000000005600f0000000000000005600f0000000000000005600f0000000000000005600f0000000000000005600f0000000000000005600f0000000000000005600f0000000000000005600f0000000000000005600f0000000
02:00:01.257 [DEBUG] [serial] Sin header 0xAA, descartando 128 bytes: 00005600f0000000000000005600f000
02:00:01.268 [DEBUG] [serial] RX 128 bytes: 000000005600f0000000000000005600f0000000000000005600f0000000000000005600f0000000000000005600f0000000000000005600f0000000000000005600f0000000000000005600f0000000000000005600f0000000000000005600f0000000000000005600f0000000000000005600f0000000000000005600f000
02:00:01.268 [DEBUG] [serial] Sin header 0xAA, descartando 128 bytes: 000000005600f0000000000000005600
02:00:01.278 [DEBUG] [serial] RX 128 bytes: 0000000000005600f0000000000000005600f0000000000000005600f0000000000000005600f0000000000000005600f0000000000000005600f0000000000000005600f0000000000000005600f0000000000000005600f0000000000000005600f0000000000000005600f0000000000000005600f0000000000000005600
02:00:01.279 [DEBUG] [serial] Sin header 0xAA, descartando 128 bytes: 0000000000005600f000000000000000
02:00:01.289 [DEBUG] [serial] RX 128 bytes: f0000000000000005600f0000000000000005600f0000000000000005600f0000000000000005600f0000000000000005600f0000000000000005600f0000000000000005600f0000000000000005600f0000000000000005600f0000000000000005600f0000000000000005600f0000000000000005600f000000000000000
02:00:01.289 [DEBUG] [serial] Sin header 0xAA, descartando 128 bytes: f0000000000000005600f00000000000
02:00:01.299 [DEBUG] [serial] RX 128 bytes: 5600f0000000000000005600f0000000000000005600f0000000000000005600f0000000000000005600f0000000000000005600f0000000000000005600f0000000000000005600f0000000000000005600f0000000000000005600f0000000000000005600f0000000000000005600f0000000000000005600f00000000000
02:00:01.300 [DEBUG] [serial] Sin header 0xAA, descartando 128 bytes: 5600f0000000000000005600f0000000
02:00:01.310 [DEBUG] [serial] RX 128 bytes: 00005600f0000000000000005600f0000000000000005600f0000000000000005600f0000000000000005600f0000000000000005600f0000000000000005600f0000000000000005600f0000000000000005600f0000000000000005600f0000000000000005600f0000000000000005600f0000000000000005600f0000000
02:00:01.311 [DEBUG] [serial] Sin header 0xAA, descartando 128 bytes: 00005600f0000000000000005600f000
02:00:01.321 [DEBUG] [serial] RX 128 bytes: 000000005600f0000000000000005600f0000000000000005600f0000000000000005600f0000000000000005600f0000000000000005600f0000000000000005600f0000000000000005600f0000000000000005600f0000000000000005600f0000000000000005600f0000000000000005600f0000000000000005600f000
02:00:01.321 [DEBUG] [serial] Sin header 0xAA, descartando 128 bytes: 000000005600f0000000000000005600
02:00:01.332 [DEBUG] [serial] RX 128 bytes: 0000000000005600f0000000000000005600f0000000000000005600f0000000000000005600f0000000000000005600f0000000000000005600f0000000000000005600f0000000000000005600f0000000000000005600f0000000000000005600f0000000000000005600f0000000000000005600f0000000000000005600
02:00:01.332 [DEBUG] [serial] Sin header 0xAA, descartando 128 bytes: 0000000000005600f000000000000000
02:00:01.342 [DEBUG] [serial] RX 128 bytes: f0000000000000005600f0000000000000005600f0000000000000005600f0000000000000005600f0000000000000005600f0000000000000005600f0000000000000005600f0000000000000005600f0000000000000005600f0000000000000005600f0000000000000005600f0000000000000005600f000000000000000
02:00:01.342 [DEBUG] [serial] Sin header 0xAA, descartando 128 bytes: f0000000000000005600f00000000000
02:00:01.353 [DEBUG] [serial] RX 128 bytes: 5600f0000000000000005600f0000000000000005600f0000000000000005600f0000000000000005600f0000000000000005600f0000000000000005600f0000000000000005600f0000000000000005600f0000000000000005600f0000000000000005600f0000000000000005600f0000000000000005600f00000000000
02:00:01.353 [DEBUG] [serial] Sin header 0xAA, descartando 128 bytes: 5600f0000000000000005600f0000000
02:00:01.364 [DEBUG] [serial] RX 128 bytes: 00005600f0000000000000005600f0000000000000005600f0000000000000005600f0000000000000005600f0000000000000005600f0000000000000005600f0000000000000005600f0000000000000005600f0000000000000005600f0000000000000005600f0000000000000005600f0000000000000005600f0000000
02:00:01.365 [DEBUG] [serial] Sin header 0xAA, descartando 128 bytes: 00005600f0000000000000005600f000
02:00:01.375 [DEBUG] [serial] RX 128 bytes: 000000005600f0000000000000005600f0000000000000005600f0000000000000005600f0000000000000005600f0000000000000005600f0000000000000005600f0000000000000005600f0000000000000005600f0000000000000005600f0000000000000005600f0000000000000005600f0000000000000005600f000
02:00:01.375 [DEBUG] [serial] Sin header 0xAA, descartando 128 bytes: 000000005600f0000000000000005600
02:00:01.385 [DEBUG] [serial] RX 128 bytes: 0000000000005600f0000000000000005600f0000000000000005600f0000000000000005600f0000000000000005600f0000000000000005600f0000000000000005600f0000000000000005600f0000000000000005600f0000000000000005600f0000000000000005600f0000000000000005600f0000000000000005600
02:00:01.386 [DEBUG] [serial] Sin header 0xAA, descartando 128 bytes: 0000000000005600f000000000000000
02:00:01.396 [DEBUG] [serial] RX 128 bytes: f0000000000000005600f0000000000000005600f0000000000000005600f0000000000000005600f0000000000000005600f0000000000000005600f0000000000000005600f0000000000000005600f0000000000000005600f0000000000000005600f0000000000000005600f0000000000000005600f000000000000000
02:00:01.396 [DEBUG] [serial] Sin header 0xAA, descartando 128 bytes: f0000000000000005600f00000000000
02:00:01.406 [DEBUG] [serial] RX 128 bytes: 5600f0000000000000005600f0000000000000005600f0000000000000005600f0000000000000005600f0000000000000005600f0000000000000005600f0000000000000005600f0000000000000005600f0000000000000005600f0000000000000005600f0000000000000005600f0000000000000005600f00000000000
02:00:01.407 [DEBUG] [serial] Sin header 0xAA, descartando 128 bytes: 5600f0000000000000005600f0000000
02:00:01.417 [DEBUG] [serial] RX 128 bytes: 00005600f0000000000000005600f0000000000000005600f0000000000000005600f0000000000000005600f0000000000000005600f0000000000000005600f0000000000000005600f0000000000000005600f0000000000000005600f0000000000000005600f0000000000000005600f0000000000000005600f0000000
02:00:01.417 [DEBUG] [serial] Sin header 0xAA, descartando 128 bytes: 00005600f0000000000000005600f000
02:00:01.428 [DEBUG] [serial] RX 128 bytes: 000000005600f0000000000000005600f0000000000000005600f0000000000000005600f0000000000000005600f0000000000000005600f0000000000000005600f0000000000000005600f0000000000000005600f0000000000000005600f0000000000000005600f0000000000000005600f0000000000000005600f000
02:00:01.428 [DEBUG] [serial] Sin header 0xAA, descartando 128 bytes: 000000005600f0000000000000005600
02:00:01.439 [DEBUG] [serial] RX 128 bytes: 0000000000005600f0000000000000005600f0000000000000005600f0000000000000005600f0000000000000005600f0000000000000005600f0000000000000005600f0000000000000005600f0000000000000005600f0000000000000005600f0000000000000005600f0000000000000005600f0000000000000005600
02:00:01.439 [DEBUG] [serial] Sin header 0xAA, descartando 128 bytes: 0000000000005600f000000000000000
02:00:01.449 [DEBUG] [serial] RX 128 bytes: f0000000000000005600f0000000000000005600f0000000000000005600f0000000000000005600f0000000000000005600f0000000000000005600f0000000000000005600f0000000000000005600f0000000000000005600f0000000000000005600f0000000000000005600f0000000000000005600f000000000000000
02:00:01.450 [DEBUG] [serial] Sin header 0xAA, descartando 128 bytes: f0000000000000005600f00000000000
02:00:01.460 [DEBUG] [serial] RX 128 bytes: 5600f0000000000000005600f0000000000000005600f0000000000000005600f0000000000000005600f0000000000000005600f0000000000000005600f0000000000000005600f0000000000000005600f0000000000000005600f0000000000000005600f0000000000000005600f0000000000000005600f00000000000
02:00:01.460 [DEBUG] [serial] Sin header 0xAA, descartando 128 bytes: 5600f0000000000000005600f0000000
02:00:01.471 [DEBUG] [serial] RX 128 bytes: 00005600f0000000000000005600f0000000000000005600f0000000000000005600f0000000000000005600f0000000000000005600f0000000000000005600f0000000000000005600f0000000000000005600f0000000000000005600f0000000000000005600f0000000000000005600f0000000000000005600f0000000
02:00:01.471 [DEBUG] [serial] Sin header 0xAA, descartando 128 bytes: 00005600f0000000000000005600f000
02:00:01.481 [DEBUG] [serial] RX 128 bytes: 000000005600f0000000000000005600f0000000000000005600f0000000000000005600f0000000000000005600f0000000000000005600f0000000000000005600f0000000000000005600f0000000000000005600f0000000000000005600f0000000000000005600f0000000000000005600f0000000000000005600f000
02:00:01.481 [DEBUG] [serial] Sin header 0xAA, descartando 128 bytes: 000000005600f0000000000000005600
02:00:01.492 [DEBUG] [serial] RX 128 bytes: 0000000000005600f0000000000000005600f0000000000000005600f0000000000000005600f0000000000000005600f0000000000000005600f0000000000000005600f0000000000000005600f0000000000000005600f0000000000000005600f0000000000000005600f0000000000000005600f0000000000000005600
02:00:01.492 [DEBUG] [serial] Sin header 0xAA, descartando 128 bytes: 0000000000005600f000000000000000
02:00:01.502 [DEBUG] [serial] RX 128 bytes: f0000000000000005600f0000000000000005600f0000000000000005600f0000000000000005600f0000000000000005600f0000000000000005600f0000000000000005600f0000000000000005600f0000000000000005600f0000000000000005600f0000000000000005600f0000000000000005600f000000000000000
02:00:01.503 [DEBUG] [serial] Sin header 0xAA, descartando 128 bytes: f0000000000000005600f00000000000
02:00:01.513 [DEBUG] [serial] RX 128 bytes: 5600f0000000000000005600f0000000000000005600f0000000000000005600f0000000000000005600f0000000000000005600f0000000000000005600f0000000000000005600f0000000000000005600f0000000000000005600f0000000000000005600f0000000000000005600f0000000000000005600f00000000000
02:00:01.513 [DEBUG] [serial] Sin header 0xAA, descartando 128 bytes: 5600f0000000000000005600f0000000
02:00:01.524 [DEBUG] [serial] RX 128 bytes: 00005600f0000000000000005600f0000000000000005600f0000000000000005600f0000000000000005600f0000000000000005600f0000000000000005600f0000000000000005600f0000000000000005600f0000000000000005600f0000000000000005600f0000000000000005600f0000000000000005600f0000000
02:00:01.524 [DEBUG] [serial] Sin header 0xAA, descartando 128 bytes: 00005600f0000000000000005600f000
02:00:01.535 [DEBUG] [serial] RX 128 bytes: 000000005600f0000000000000005600f0000000000000005600f0000000000000005600f0000000000000005600f0000000000000005600f0000000000000005600f0000000000000005600f0000000000000005600f0000000000000005600f0000000000000005600f0000000000000005600f0000000000000005600f000
02:00:01.535 [DEBUG] [serial] Sin header 0xAA, descartando 128 bytes: 000000005600f0000000000000005600
02:00:01.546 [DEBUG] [serial] RX 128 bytes: 0000000000005600f0000000000000005600f0000000000000005600f0000000000000005600f0000000000000005600f0000000000000005600f0000000000000005600f0000000000000005600f0000000000000005600f0000000000000005600f0000000000000005600f0000000000000005600f0000000000000005600
02:00:01.546 [DEBUG] [serial] Sin header 0xAA, descartando 128 bytes: 0000000000005600f000000000000000
02:00:01.556 [DEBUG] [serial] RX 128 bytes: f0000000000000005600f0000000000000005600f0000000000000005600f0000000000000005600f0000000000000005600f0000000000000005600f0000000000000005600f0000000000000005600f0000000000000005600f0000000000000005600f0000000000000005600f0000000000000005600f000000000000000
02:00:01.556 [DEBUG] [serial] Sin header 0xAA, descartando 128 bytes: f0000000000000005600f00000000000
02:00:01.567 [DEBUG] [serial] RX 128 bytes: 5600f0000000000000005600f0000000000000005600f0000000000000005600f0000000000000005600f0000000000000005600f0000000000000005600f0000000000000005600f0000000000000005600f0000000000000005600f0000000000000005600f0000000000000005600f0000000000000005600f00000000000
02:00:01.567 [DEBUG] [serial] Sin header 0xAA, descartando 128 bytes: 5600f0000000000000005600f0000000
02:00:01.578 [DEBUG] [serial] RX 128 bytes: 00005600f0000000000000005600f0000000000000005600f0000000000000005600f0000000000000005600f0000000000000005600f0000000000000005600f0000000000000005600f0000000000000005600f0000000000000005600f0000000000000005600f0000000000000005600f0000000000000005600f0000000
02:00:01.578 [DEBUG] [serial] Sin header 0xAA, descartando 128 bytes: 00005600f0000000000000005600f000
02:00:01.588 [DEBUG] [serial] RX 128 bytes: 000000005600f0000000000000005600f0000000000000005600f0000000000000005600f0000000000000005600f0000000000000005600f0000000000000005600f0000000000000005600f0000000000000005600f0000000000000005600f0000000000000005600f0000000000000005600f0000000000000005600f000
02:00:01.589 [DEBUG] [serial] Sin header 0xAA, descartando 128 bytes: 000000005600f0000000000000005600
02:00:01.599 [DEBUG] [serial] RX 128 bytes: 0000000000005600f0000000000000005600f0000000000000005600f0000000000000005600f0000000000000005600f0000000000000005600f0000000000000005600f0000000000000005600f0000000000000005600f0000000000000005600f0000000000000005600f0000000000000005600f0000000000000005600
02:00:01.599 [DEBUG] [serial] Sin header 0xAA, descartando 128 bytes: 0000000000005600f000000000000000
02:00:01.609 [DEBUG] [serial] RX 128 bytes: f0000000000000005600f0000000000000005600f0000000000000005600f0000000000000005600f0000000000000005600f0000000000000005600f0000000000000005600f0000000000000005600f0000000000000005600f0000000000000005600f0000000000000005600f0000000000000005600f000000000000000
02:00:01.610 [DEBUG] [serial] Sin header 0xAA, descartando 128 bytes: f0000000000000005600f00000000000
02:00:01.620 [DEBUG] [serial] RX 128 bytes: 5600f0000000000000005600f0000000000000005600f0000000000000005600f0000000000000005600f0000000000000005600f0000000000000005600f0000000000000005600f0000000000000005600f0000000000000005600f0000000000000005600f0000000000000005600f0000000000000005600f00000000000
02:00:01.620 [DEBUG] [serial] Sin header 0xAA, descartando 128 bytes: 5600f0000000000000005600f0000000
02:00:01.631 [DEBUG] [serial] RX 128 bytes: 00005600f0000000000000005600f0000000000000005600f0000000000000005600f0000000000000005600f0000000000000005600f0000000000000005600f0000000000000005600f0000000000000005600f0000000000000005600f0000000000000005600f0000000000000005600f0000000000000005600f0000000
02:00:01.631 [DEBUG] [serial] Sin header 0xAA, descartando 128 bytes: 00005600f0000000000000005600f000
02:00:01.642 [DEBUG] [serial] RX 128 bytes: 000000005600f0000000000000005600f0000000000000005600f0000000000000005600f0000000000000005600f0000000000000005600f0000000000000005600f0000000000000005600f0000000000000005600f0000000000000005600f0000000000000005600f0000000000000005600f0000000000000005600f000
02:00:01.643 [DEBUG] [serial] Sin header 0xAA, descartando 128 bytes: 000000005600f0000000000000005600
02:00:01.653 [DEBUG] [serial] RX 128 bytes: 0000000000005600f0000000000000005600f0000000000000005600f0000000000000005600f0000000000000005600f0000000000000005600f0000000000000005600f0000000000000005600f0000000000000005600f0000000000000005600f0000000000000005600f0000000000000005600f0000000000000005600
02:00:01.653 [DEBUG] [serial] Sin header 0xAA, descartando 128 bytes: 0000000000005600f000000000000000
02:00:01.663 [DEBUG] [serial] RX 128 bytes: f0000000000000005600f0000000000000005600f0000000000000005600f0000000000000005600f0000000000000005600f0000000000000005600f0000000000000005600f0000000000000005600f0000000000000005600f0000000000000005600f0000000000000005600f0000000000000005600f000000000000000
02:00:01.663 [DEBUG] [serial] Sin header 0xAA, descartando 128 bytes: f0000000000000005600f00000000000
02:00:01.673 [DEBUG] [serial] RX 128 bytes: 5600f0000000000000005600f0000000000000005600f0000000000000005600f0000000000000005600f0000000000000005600f0000000000000005600f0000000000000005600f0000000000000005600f0000000000000005600f0000000000000005600f0000000000000005600f0000000000000005600f00000000000
02:00:01.674 [DEBUG] [serial] Sin header 0xAA, descartando 128 bytes: 5600f0000000000000005600f0000000
02:00:01.684 [DEBUG] [serial] RX 128 bytes: 00005600f0000000000000005600f0000000000000005600f0000000000000005600f0000000000000005600f0000000000000005600f0000000000000005600f0000000000000005600f0000000000000005600f0000000000000005600f0000000000000005600f0000000000000005600f0000000000000005600f0000000
02:00:01.685 [DEBUG] [serial] Sin header 0xAA, descartando 128 bytes: 00005600f0000000000000005600f000
02:00:01.695 [DEBUG] [serial] RX 128 bytes: 000000005600f0000000000000005600f0000000000000005600f0000000000000005600f0000000000000005600f0000000000000005600f0000000000000005600f0000000000000005600f0000000000000005600f0000000000000005600f0000000000000005600f0000000000000005600f0000000000000005600f000
02:00:01.695 [DEBUG] [serial] Sin header 0xAA, descartando 128 bytes: 000000005600f0000000000000005600
02:00:01.706 [DEBUG] [serial] RX 128 bytes: 0000000000005600f0000000000000005600f0000000000000005600f0000000000000005600f0000000000000005600f0000000000000005600f0000000000000005600f0000000000000005600f0000000000000005600f0000000000000005600f0000000000000005600f0000000000000005600f0000000000000005600
02:00:01.706 [DEBUG] [serial] Sin header 0xAA, descartando 128 bytes: 0000000000005600f000000000000000
02:00:01.716 [DEBUG] [serial] RX 128 bytes: f0000000000000005600f0000000000000005600f0000000000000005600f0000000000000005600f0000000000000005600f0000000000000005600f0000000000000005600f0000000000000005600f0000000000000005600f0000000000000005600f0000000000000005600f0000000000000005600f000000000000000
02:00:01.716 [DEBUG] [serial] Sin header 0xAA, descartando 128 bytes: f0000000000000005600f00000000000
02:00:01.727 [DEBUG] [serial] RX 128 bytes: 5600f0000000000000005600f0000000000000005600f0000000000000005600f0000000000000005600f0000000000000005600f0000000000000005600f0000000000000005600f0000000000000005600f0000000000000005600f0000000000000005600f0000000000000005600f0000000000000005600f00000000000
02:00:01.727 [DEBUG] [serial] Sin header 0xAA, descartando 128 bytes: 5600f0000000000000005600f0000000
02:00:01.738 [DEBUG] [serial] RX 128 bytes: 00005600f0000000000000005600f0000000000000005600f0000000000000005600f0000000000000005600f0000000000000005600f0000000000000005600f0000000000000005600f0000000000000005600f0000000000000005600f0000000000000005600f0000000000000005600f0000000000000005600f0000000
02:00:01.738 [DEBUG] [serial] Sin header 0xAA, descartando 128 bytes: 00005600f0000000000000005600f000
02:00:01.748 [DEBUG] [serial] RX 128 bytes: 000000005600f0000000000000005600f0000000000000005600f0000000000000005600f0000000000000005600f0000000000000005600f0000000000000005600f0000000000000005600f0000000000000005600f0000000000000005600f0000000000000005600f0000000000000005600f0000000000000005600f000
02:00:01.749 [DEBUG] [serial] Sin header 0xAA, descartando 128 bytes: 000000005600f0000000000000005600
02:00:01.759 [DEBUG] [serial] RX 128 bytes: 0000000000005600f0000000000000005600f0000000000000005600f0000000000000005600f0000000000000005600f0000000000000005600f0000000000000005600f0000000000000005600f0000000000000005600f0000000000000005600f0000000000000005600f0000000000000005600f0000000000000005600
02:00:01.760 [DEBUG] [serial] Sin header 0xAA, descartando 128 bytes: 0000000000005600f000000000000000
02:00:01.769 [DEBUG] [serial] RX 128 bytes: f0000000000000005600f0000000000000005600f0000000000000005600f0000000000000005600f0000000000000005600f0000000000000005600f0000000000000005600f0000000000000005600f0000000000000005600f0000000000000005600f0000000000000005600f0000000000000005600f000000000000000
02:00:01.770 [DEBUG] [serial] Sin header 0xAA, descartando 128 bytes: f0000000000000005600f00000000000
02:00:01.780 [DEBUG] [serial] RX 128 bytes: 5600f0000000000000005600f0000000000000005600f0000000000000005600f0000000000000005600f0000000000000005600f0000000000000005600f0000000000000005600f0000000000000005600f0000000000000005600f0000000000000005600f0000000000000005600f0000000000000005600f00000000000
02:00:01.781 [DEBUG] [serial] Sin header 0xAA, descartando 128 bytes: 5600f0000000000000005600f0000000
02:00:01.791 [DEBUG] [serial] RX 128 bytes: 00005600f0000000000000005600f0000000000000005600f0000000000000005600f0000000000000005600f0000000000000005600f0000000000000005600f0000000000000005600f0000000000000005600f0000000000000005600f0000000000000005600f0000000000000005600f0000000000000005600f0000000
02:00:01.792 [DEBUG] [serial] Sin header 0xAA, descartando 128 bytes: 00005600f0000000000000005600f000
02:00:01.802 [DEBUG] [serial] RX 128 bytes: 000000005600f0000000000000005600f0000000000000005600f0000000000000005600f0000000000000005600f0000000000000005600f0000000000000005600f0000000000000005600f0000000000000005600f0000000000000005600f0000000000000005600f0000000000000005600f0000000000000005600f000
02:00:01.802 [DEBUG] [serial] Sin header 0xAA, descartando 128 bytes: 000000005600f0000000000000005600
02:00:01.813 [DEBUG] [serial] RX 128 bytes: 0000000000005600f0000000000000005600f0000000000000005600f0000000000000005600f0000000000000005600f0000000000000005600f0000000000000005600f0000000000000005600f0000000000000005600f0000000000000005600f0000000000000005600f0000000000000005600f0000000000000005600
02:00:01.813 [DEBUG] [serial] Sin header 0xAA, descartando 128 bytes: 0000000000005600f000000000000000
02:00:01.823 [DEBUG] [serial] RX 128 bytes: f0000000000000005600f0000000000000005600f0000000000000005600f0000000000000005600f0000000000000005600f0000000000000005600f0000000000000005600f0000000000000005600f0000000000000005600f0000000000000005600f0000000000000005600f0000000000000005600f000000000000000
02:00:01.824 [DEBUG] [serial] Sin header 0xAA, descartando 128 bytes: f0000000000000005600f00000000000
02:00:01.834 [DEBUG] [serial] RX 128 bytes: 5600f0000000000000005600f0000000000000005600f0000000000000005600f0000000000000005600f0000000000000005600f0000000000000005600f0000000000000005600f0000000000000005600f0000000000000005600f0000000000000005600f0000000000000005600f0000000000000005600f00000000000
02:00:01.834 [DEBUG] [serial] Sin header 0xAA, descartando 128 bytes: 5600f0000000000000005600f0000000
02:00:01.845 [DEBUG] [serial] RX 128 bytes: 00005600f0000000000000005600f0000000000000005600f0000000000000005600f0000000000000005600f0000000000000005600f0000000000000005600f0000000000000005600f0000000000000005600f0000000000000005600f0000000000000005600f0000000000000005600f0000000000000005600f0000000
02:00:01.845 [DEBUG] [serial] Sin header 0xAA, descartando 128 bytes: 00005600f0000000000000005600f000
02:00:01.855 [DEBUG] [serial] RX 128 bytes: 000000005600f0000000000000005600f0000000000000005600f0000000000000005600f0000000000000005600f0000000000000005600f0000000000000005600f0000000000000005600f0000000000000005600f0000000000000005600f0000000000000005600f0000000000000005600f0000000000000005600f000
02:00:01.856 [DEBUG] [serial] Sin header 0xAA, descartando 128 bytes: 000000005600f0000000000000005600
02:00:01.866 [DEBUG] [serial] RX 128 bytes: 0000000000005600f0000000000000005600f0000000000000005600f0000000000000005600f0000000000000005600f0000000000000005600f0000000000000005600f0000000000000005600f0000000000000005600f0000000000000005600f0000000000000005600f0000000000000005600f0000000000000005600
02:00:01.867 [DEBUG] [serial] Sin header 0xAA, descartando 128 bytes: 0000000000005600f000000000000000
02:00:01.876 [DEBUG] [serial] RX 128 bytes: f0000000000000005600f0000000000000005600f0000000000000005600f0000000000000005600f0000000000000005600f0000000000000005600f0000000000000005600f0000000000000005600f0000000000000005600f0000000000000005600f0000000000000005600f0000000000000005600f000000000000000
02:00:01.877 [DEBUG] [serial] Sin header 0xAA, descartando 128 bytes: f0000000000000005600f00000000000
02:00:01.887 [DEBUG] [serial] RX 128 bytes: 5600f0000000000000005600f0000000000000005600f0000000000000005600f0000000000000005600f0000000000000005600f0000000000000005600f0000000000000005600f0000000000000005600f0000000000000005600f0000000000000005600f0000000000000005600f0000000000000005600f00000000000
02:00:01.887 [DEBUG] [serial] Sin header 0xAA, descartando 128 bytes: 5600f0000000000000005600f0000000
02:00:01.898 [DEBUG] [serial] RX 128 bytes: 00005600f0000000000000005600f0000000000000005600f0000000000000005600f0000000000000005600f0000000000000005600f0000000000000005600f0000000000000005600f0000000000000005600f0000000000000005600f0000000000000005600f0000000000000005600f0000000000000005600f0000000
02:00:01.898 [DEBUG] [serial] Sin header 0xAA, descartando 128 bytes: 00005600f0000000000000005600f000
02:00:01.909 [DEBUG] [serial] RX 128 bytes: 000000005600f0000000000000005600f0000000000000005600f0000000000000005600f0000000000000005600f0000000000000005600f0000000000000005600f0000000000000005600f0000000000000005600f0000000000000005600f0000000000000005600f0000000000000005600f0000000000000005600f000
02:00:01.909 [DEBUG] [serial] Sin header 0xAA, descartando 128 bytes: 000000005600f0000000000000005600
02:00:01.920 [DEBUG] [serial] RX 128 bytes: 0000000000005600f0000000000000005600f0000000000000005600f0000000000000005600f0000000000000005600f0000000000000005600f0000000000000005600f0000000000000005600f0000000000000005600f0000000000000005600f0000000000000005600f0000000000000005600f0000000000000005600
02:00:01.920 [DEBUG] [serial] Sin header 0xAA, descartando 128 bytes: 0000000000005600f000000000000000
02:00:01.930 [DEBUG] [serial] RX 128 bytes: f0000000000000005600f0000000000000005600f0000000000000005600f0000000000000005600f0000000000000005600f0000000000000005600f0000000000000005600f0000000000000005600f0000000000000005600f0000000000000005600f0000000000000005600f0000000000000005600f000000000000000
02:00:01.930 [DEBUG] [serial] Sin header 0xAA, descartando 128 bytes: f0000000000000005600f00000000000
02:00:01.941 [DEBUG] [serial] RX 128 bytes: 5600f0000000000000005600f0000000000000005600f0000000000000005600f0000000000000005600f0000000000000005600f0000000000000005600f0000000000000005600f0000000000000005600f0000000000000005600f0000000000000005600f0000000000000005600f0000000000000005600f00000000000
02:00:01.941 [DEBUG] [serial] Sin header 0xAA, descartando 128 bytes: 5600f0000000000000005600f0000000
02:00:01.951 [DEBUG] [serial] RX 128 bytes: 00005600f0000000000000005600f0000000000000005600f0000000000000005600f0000000000000005600f0000000000000005600f0000000000000005600f0000000000000005600f0000000000000005600f0000000000000005600f0000000000000005600f0000000000000005600f0000000000000005600f0000000
02:00:01.952 [DEBUG] [serial] Sin header 0xAA, descartando 128 bytes: 00005600f0000000000000005600f000
02:00:01.962 [DEBUG] [serial] RX 128 bytes: 000000005600f0000000000000005600f0000000000000005600f0000000000000005600f0000000000000005600f0000000000000005600f0000000000000005600f0000000000000005600f0000000000000005600f0000000000000005600f0000000000000005600f0000000000000005600f0000000000000005600f000
02:00:01.962 [DEBUG] [serial] Sin header 0xAA, descartando 128 bytes: 000000005600f0000000000000005600
02:00:01.973 [DEBUG] [serial] RX 128 bytes: 0000000000005600f0000000000000005600f0000000000000005600f0000000000000005600f0000000000000005600f0000000000000005600f0000000000000005600f0000000000000005600f0000000000000005600f0000000000000005600f0000000000000005600f0000000000000005600f0000000000000005600
02:00:01.973 [DEBUG] [serial] Sin header 0xAA, descartando 128 bytes: 0000000000005600f000000000000000
02:00:01.983 [DEBUG] [serial] RX 128 bytes: f0000000000000005600f0000000000000005600f0000000000000005600f0000000000000005600f0000000000000005600f0000000000000005600f0000000000000005600f0000000000000005600f0000000000000005600f0000000000000005600f0000000000000005600f0000000000000005600f000000000000000
02:00:01.983 [DEBUG] [serial] Sin header 0xAA, descartando 128 bytes: f0000000000000005600f00000000000
02:00:01.994 [DEBUG] [serial] RX 128 bytes: 5600f0000000000000005600f0000000000000005600f0000000000000005600f0000000000000005600f0000000000000005600f0000000000000005600f0000000000000005600f0000000000000005600f0000000000000005600f0000000000000005600f0000000000000005600f0000000000000005600f00000000000
02:00:01.994 [DEBUG] [serial] Sin header 0xAA, descartando 128 bytes: 5600f0000000000000005600f0000000
02:00:02.005 [DEBUG] [serial] RX 128 bytes: 00005600f0000000000000005600f0000000000000005600f0000000000000005600f0000000000000005600f0000000000000005600f0000000000000005600f0000000000000005600f0000000000000005600f0000000000000005600f0000000000000005600f0000000000000005600f0000000000000005600f0000000
02:00:02.005 [DEBUG] [serial] Sin header 0xAA, descartando 128 bytes: 00005600f0000000000000005600f000
02:00:02.016 [DEBUG] [serial] RX 128 bytes: 000000005600f0000000000000005600f0000000000000005600f0000000000000005600f0000000000000005600f0000000000000005600f0000000000000005600f0000000000000005600f0000000000000005600f0000000000000005600f0000000000000005600f0000000000000005600f0000000000000005600f000
02:00:02.016 [DEBUG] [serial] Sin header 0xAA, descartando 128 bytes: 000000005600f0000000000000005600
02:00:02.027 [DEBUG] [serial] RX 128 bytes: 0000000000005600f0000000000000005600f0000000000000005600f0000000000000005600f0000000000000005600f0000000000000005600f0000000000000005600f0000000000000005600f0000000000000005600f0000000000000005600f0000000000000005600f0000000000000005600f0000000000000005600
02:00:02.027 [DEBUG] [serial] Sin header 0xAA, descartando 128 bytes: 0000000000005600f000000000000000
02:00:02.037 [DEBUG] [serial] RX 128 bytes: f0000000000000005600f0000000000000005600f0000000000000005600f0000000000000005600f0000000000000005600f0000000000000005600f0000000000000005600f0000000000000005600f0000000000000005600f0000000000000005600f0000000000000005600f0000000000000005600f000000000000000
02:00:02.037 [DEBUG] [serial] Sin header 0xAA, descartando 128 bytes: f0000000000000005600f00000000000
02:00:02.048 [DEBUG] [serial] RX 128 bytes: 5600f0000000000000005600f0000000000000005600f0000000000000005600f0000000000000005600f0000000000000005600f0000000000000005600f0000000000000005600f0000000000000005600f0000000000000005600f0000000000000005600f0000000000000005600f0000000000000005600f00000000000
02:00:02.048 [DEBUG] [serial] Sin header 0xAA, descartando 128 bytes: 5600f0000000000000005600f0000000
02:00:02.058 [DEBUG] [serial] RX 128 bytes: 00005600f0000000000000005600f0000000000000005600f0000000000000005600f0000000000000005600f0000000000000005600f0000000000000005600f0000000000000005600f0000000000000005600f0000000000000005600f0000000000000005600f0000000000000005600f0000000000000005600f0000000
02:00:02.059 [DEBUG] [serial] Sin header 0xAA, descartando 128 bytes: 00005600f0000000000000005600f000
02:00:02.069 [DEBUG] [serial] RX 128 bytes: 000000005600f0000000000000005600f0000000000000005600f0000000000000005600f0000000000000005600f0000000000000005600f0000000000000005600f0000000000000005600f0000000000000005600f0000000000000005600f0000000000000005600f0000000000000005600f0000000000000005600f000
02:00:02.069 [DEBUG] [serial] Sin header 0xAA, descartando 128 bytes: 000000005600f0000000000000005600
02:00:02.080 [DEBUG] [serial] RX 128 bytes: 0000000000005600f0000000000000005600f0000000000000005600f0000000000000005600f0000000000000005600f0000000000000005600f0000000000000005600f0000000000000005600f0000000000000005600f0000000000000005600f0000000000000005600f0000000000000005600f0000000000000005600
02:00:02.080 [DEBUG] [serial] Sin header 0xAA, descartando 128 bytes: 0000000000005600f000000000000000
02:00:02.090 [DEBUG] [serial] RX 128 bytes: f0000000000000005600f0000000000000005600f0000000000000005600f0000000000000005600f0000000000000005600f0000000000000005600f0000000000000005600f0000000000000005600f0000000000000005600f0000000000000005600f0000000000000005600f0000000000000005600f000000000000000
02:00:02.090 [DEBUG] [serial] Sin header 0xAA, descartando 128 bytes: f0000000000000005600f00000000000
02:00:02.101 [DEBUG] [serial] RX 128 bytes: 5600f0000000000000005600f0000000000000005600f0000000000000005600f0000000000000005600f0000000000000005600f0000000000000005600f0000000000000005600f0000000000000005600f0000000000000005600f0000000000000005600f0000000000000005600f0000000000000005600f00000000000
02:00:02.101 [DEBUG] [serial] Sin header 0xAA, descartando 128 bytes: 5600f0000000000000005600f0000000
02:00:02.112 [DEBUG] [serial] RX 128 bytes: 00005600f0000000000000005600f0000000000000005600f0000000000000005600f0000000000000005600f0000000000000005600f0000000000000005600f0000000000000005600f0000000000000005600f0000000000000005600f0000000000000005600f0000000000000005600f0000000000000005600f0000000
02:00:02.112 [DEBUG] [serial] Sin header 0xAA, descartando 128 bytes: 00005600f0000000000000005600f000
02:00:02.123 [DEBUG] [serial] RX 128 bytes: 000000005600f0000000000000005600f0000000000000005600f0000000000000005600f0000000000000005600f0000000000000005600f0000000000000005600f0000000000000005600f0000000000000005600f0000000000000005600f0000000000000005600f0000000000000005600f0000000000000005600f000
02:00:02.123 [DEBUG] [serial] Sin header 0xAA, descartando 128 bytes: 000000005600f0000000000000005600
02:00:02.133 [DEBUG] [serial] RX 128 bytes: 0000000000005600f0000000000000005600f0000000000000005600f0000000000000005600f0000000000000005600f0000000000000005600f0000000000000005600f0000000000000005600f0000000000000005600f0000000000000005600f0000000000000005600f0000000000000005600f0000000000000005600
02:00:02.134 [DEBUG] [serial] Sin header 0xAA, descartando 128 bytes: 0000000000005600f000000000000000
02:00:02.144 [DEBUG] [serial] RX 128 bytes: f0000000000000005600f0000000000000005600f0000000000000005600f0000000000000005600f0000000000000005600f0000000000000005600f0000000000000005600f0000000000000005600f0000000000000005600f0000000000000005600f0000000000000005600f0000000000000005600f000000000000000
02:00:02.144 [DEBUG] [serial] Sin header 0xAA, descartando 128 bytes: f0000000000000005600f00000000000
02:00:02.154 [DEBUG] [serial] RX 128 bytes: 5600f0000000000000005600f0000000000000005600f0000000000000005600f0000000000000005600f0000000000000005600f0000000000000005600f0000000000000005600f0000000000000005600f0000000000000005600f0000000000000005600f0000000000000005600f0000000000000005600f00000000000
02:00:02.155 [DEBUG] [serial] Sin header 0xAA, descartando 128 bytes: 5600f0000000000000005600f0000000
02:00:02.165 [DEBUG] [serial] RX 128 bytes: 00005600f0000000000000005600f0000000000000005600f0000000000000005600f0000000000000005600f0000000000000005600f0000000000000005600f0000000000000005600f0000000000000005600f0000000000000005600f0000000000000005600f0000000000000005600f0000000000000005600f0000000
02:00:02.165 [DEBUG] [serial] Sin header 0xAA, descartando 128 bytes: 00005600f0000000000000005600f000
02:00:02.176 [DEBUG] [serial] RX 128 bytes: 000000005600f0000000000000005600f0000000000000005600f0000000000000005600f0000000000000005600f0000000000000005600f0000000000000005600f0000000000000005600f0000000000000005600f0000000000000005600f0000000000000005600f0000000000000005600f0000000000000005600f000
02:00:02.176 [DEBUG] [serial] Sin header 0xAA, descartando 128 bytes: 000000005600f0000000000000005600
02:00:02.187 [DEBUG] [serial] RX 128 bytes: 0000000000005600f0000000000000005600f0000000000000005600f0000000000000005600f0000000000000005600f0000000000000005600f0000000000000005600f0000000000000005600f0000000000000005600f0000000000000005600f0000000000000005600f0000000000000005600f0000000000000005600
02:00:02.187 [DEBUG] [serial] Sin header 0xAA, descartando 128 bytes: 0000000000005600f000000000000000
02:00:02.197 [DEBUG] [serial] RX 128 bytes: f0000000000000005600f0000000000000005600f0000000000000005600f0000000000000005600f0000000000000005600f0000000000000005600f0000000000000005600f0000000000000005600f0000000000000005600f0000000000000005600f0000000000000005600f0000000000000005600f000000000000000
02:00:02.197 [DEBUG] [serial] Sin header 0xAA, descartando 128 bytes: f0000000000000005600f00000000000
02:00:02.208 [DEBUG] [serial] RX 128 bytes: 5600f0000000000000005600f0000000000000005600f0000000000000005600f0000000000000005600f0000000000000005600f0000000000000005600f0000000000000005600f0000000000000005600f0000000000000005600f0000000000000005600f0000000000000005600f0000000000000005600f00000000000
02:00:02.208 [DEBUG] [serial] Sin header 0xAA, descartando 128 bytes: 5600f0000000000000005600f0000000
02:00:02.219 [DEBUG] [serial] RX 128 bytes: 00005600f0000000000000005600f0000000000000005600f0000000000000005600f0000000000000005600f0000000000000005600f0000000000000005600f0000000000000005600f0000000000000005600f0000000000000005600f0000000000000005600f0000000000000005600f0000000000000005600f0000000
02:00:02.219 [DEBUG] [serial] Sin header 0xAA, descartando 128 bytes: 00005600f0000000000000005600f000
02:00:02.229 [DEBUG] [serial] RX 128 bytes: 000000005600f0000000000000005600f0000000000000005600f0000000000000005600f0000000000000005600f0000000000000005600f0000000000000005600f0000000000000005600f0000000000000005600f0000000000000005600f0000000000000005600f0000000000000005600f0000000000000005600f000
02:00:02.230 [DEBUG] [serial] Sin header 0xAA, descartando 128 bytes: 000000005600f0000000000000005600
02:00:02.240 [DEBUG] [serial] RX 128 bytes: 0000000000005600f0000000000000005600f0000000000000005600f0000000000000005600f0000000000000005600f0000000000000005600f0000000000000005600f0000000000000005600f0000000000000005600f0000000000000005600f0000000000000005600f0000000000000005600f0000000000000005600
02:00:02.240 [DEBUG] [serial] Sin header 0xAA, descartando 128 bytes: 0000000000005600f000000000000000
02:00:02.250 [DEBUG] [serial] RX 128 bytes: f0000000000000005600f0000000000000005600f0000000000000005600f0000000000000005600f0000000000000005600f0000000000000005600f0000000000000005600f0000000000000005600f0000000000000005600f0000000000000005600f0000000000000005600f0000000000000005600f000000000000000
02:00:02.251 [DEBUG] [serial] Sin header 0xAA, descartando 128 bytes: f0000000000000005600f00000000000
02:00:02.261 [DEBUG] [serial] RX 128 bytes: 5600f0000000000000005600f0000000000000005600f0000000000000005600f0000000000000005600f0000000000000005600f0000000000000005600f0000000000000005600f0000000000000005600f0000000000000005600f0000000000000005600f0000000000000005600f0000000000000005600f00000000000
02:00:02.262 [DEBUG] [serial] Sin header 0xAA, descartando 128 bytes: 5600f0000000000000005600f0000000
02:00:02.272 [DEBUG] [serial] RX 128 bytes: 00005600f0000000000000005600f0000000000000005600f0000000000000005600f0000000000000005600f0000000000000005600f0000000000000005600f0000000000000005600f0000000000000005600f0000000000000005600f0000000000000005600f0000000000000005600f0000000000000005600f0000000
02:00:02.272 [DEBUG] [serial] Sin header 0xAA, descartando 128 bytes: 00005600f0000000000000005600f000
02:00:02.283 [DEBUG] [serial] RX 128 bytes: 000000005600f0000000000000005600f0000000000000005600f0000000000000005600f0000000000000005600f0000000000000005600f0000000000000005600f0000000000000005600f0000000000000005600f0000000000000005600f0000000000000005600f0000000000000005600f0000000000000005600f000
02:00:02.283 [DEBUG] [serial] Sin header 0xAA, descartando 128 bytes: 000000005600f0000000000000005600
02:00:02.294 [DEBUG] [serial] RX 128 bytes: 0000000000005600f0000000000000005600f0000000000000005600f0000000000000005600f0000000000000005600f0000000000000005600f0000000000000005600f0000000000000005600f0000000000000005600f0000000000000005600f0000000000000005600f0000000000000005600f0000000000000005600
02:00:02.294 [DEBUG] [serial] Sin header 0xAA, descartando 128 bytes: 0000000000005600f000000000000000
02:00:02.304 [DEBUG] [serial] RX 128 bytes: f0000000000000005600f0000000000000005600f0000000000000005600f0000000000000005600f0000000000000005600f0000000000000005600f0000000000000005600f0000000000000005600f0000000000000005600f0000000000000005600f0000000000000005600f0000000000000005600f000000000000000
02:00:02.304 [DEBUG] [serial] Sin header 0xAA, descartando 128 bytes: f0000000000000005600f00000000000
02:00:02.315 [DEBUG] [serial] RX 128 bytes: 5600f0000000000000005600f0000000000000005600f0000000000000005600f0000000000000005600f0000000000000005600f0000000000000005600f0000000000000005600f0000000000000005600f0000000000000005600f0000000000000005600f0000000000000005600f0000000000000005600f00000000000
02:00:02.315 [DEBUG] [serial] Sin header 0xAA, descartando 128 bytes: 5600f0000000000000005600f0000000
02:00:02.326 [DEBUG] [serial] RX 128 bytes: 00005600f0000000000000005600f0000000000000005600f0000000000000005600f0000000000000005600f0000000000000005600f0000000000000005600f0000000000000005600f0000000000000005600f0000000000000005600f0000000000000005600f0000000000000005600f0000000000000005600f0000000
02:00:02.326 [DEBUG] [serial] Sin header 0xAA, descartando 128 bytes: 00005600f0000000000000005600f000
02:00:02.336 [DEBUG] [serial] RX 128 bytes: 000000005600f0000000000000005600f0000000000000005600f0000000000000005600f0000000000000005600f0000000000000005600f0000000000000005600f0000000000000005600f0000000000000005600f0000000000000005600f0000000000000005600f0000000000000005600f0000000000000005600f000
02:00:02.337 [DEBUG] [serial] Sin header 0xAA, descartando 128 bytes: 000000005600f0000000000000005600
02:00:02.347 [DEBUG] [serial] RX 128 bytes: 0000000000005600f0000000000000005600f0000000000000005600f0000000000000005600f0000000000000005600f0000000000000005600f0000000000000005600f0000000000000005600f0000000000000005600f0000000000000005600f0000000000000005600f0000000000000005600f0000000000000005600
02:00:02.347 [DEBUG] [serial] Sin header 0xAA, descartando 128 bytes: 0000000000005600f000000000000000
02:00:02.357 [DEBUG] [serial] RX 128 bytes: f0000000000000005600f0000000000000005600f0000000000000005600f0000000000000005600f0000000000000005600f0000000000000005600f0000000000000005600f0000000000000005600f0000000000000005600f0000000000000005600f0000000000000005600f0000000000000005600f000000000000000
02:00:02.358 [DEBUG] [serial] Sin header 0xAA, descartando 128 bytes: f0000000000000005600f00000000000
02:00:02.368 [DEBUG] [serial] RX 128 bytes: 5600f0000000000000005600f0000000000000005600f0000000000000005600f0000000000000005600f0000000000000005600f0000000000000005600f0000000000000005600f0000000000000005600f0000000000000005600f0000000000000005600f0000000000000005600f0000000000000005600f00000000000
02:00:02.369 [DEBUG] [serial] Sin header 0xAA, descartando 128 bytes: 5600f0000000000000005600f0000000
02:00:02.379 [DEBUG] [serial] RX 128 bytes: 00005600f0000000000000005600f0000000000000005600f0000000000000005600f0000000000000005600f0000000000000005600f0000000000000005600f0000000000000005600f0000000000000005600f0000000000000005600f0000000000000005600f0000000000000005600f0000000000000005600f0000000
02:00:02.379 [DEBUG] [serial] Sin header 0xAA, descartando 128 bytes: 00005600f0000000000000005600f000
02:00:02.390 [DEBUG] [serial] RX 128 bytes: 000000005600f0000000000000005600f0000000000000005600f0000000000000005600f0000000000000005600f0000000000000005600f0000000000000005600f0000000000000005600f0000000000000005600f0000000000000005600f0000000000000005600f0000000000000005600f0000000000000005600f000
02:00:02.390 [DEBUG] [serial] Sin header 0xAA, descartando 128 bytes: 000000005600f0000000000000005600
02:00:02.401 [DEBUG] [serial] RX 128 bytes: 0000000000005600f0000000000000005600f0000000000000005600f0000000000000005600f0000000000000005600f0000000000000005600f0000000000000005600f0000000000000005600f0000000000000005600f0000000000000005600f0000000000000005600f0000000000000005600f0000000000000005600
02:00:02.401 [DEBUG] [serial] Sin header 0xAA, descartando 128 bytes: 0000000000005600f000000000000000
02:00:02.411 [DEBUG] [serial] RX 128 bytes: f0000000000000005600f0000000000000005600f0000000000000005600f0000000000000005600f0000000000000005600f0000000000000005600f0000000000000005600f0000000000000005600f0000000000000005600f0000000000000005600f0000000000000005600f0000000000000005600f000000000000000
02:00:02.411 [DEBUG] [serial] Sin header 0xAA, descartando 128 bytes: f0000000000000005600f00000000000
02:00:02.422 [DEBUG] [serial] RX 128 bytes: 5600f0000000000000005600f0000000000000005600f0000000000000005600f0000000000000005600f0000000000000005600f0000000000000005600f0000000000000005600f0000000000000005600f0000000000000005600f0000000000000005600f0000000000000005600f0000000000000005600f00000000000
02:00:02.422 [DEBUG] [serial] Sin header 0xAA, descartando 128 bytes: 5600f0000000000000005600f0000000
02:00:02.432 [DEBUG] [serial] RX 128 bytes: 00005600f0000000000000005600f0000000000000005600f0000000000000005600f0000000000000005600f0000000000000005600f0000000000000005600f0000000000000005600f0000000000000005600f0000000000000005600f0000000000000005600f0000000000000005600f0000000000000005600f0000000
02:00:02.433 [DEBUG] [serial] Sin header 0xAA, descartando 128 bytes: 00005600f0000000000000005600f000
02:00:02.443 [DEBUG] [serial] RX 128 bytes: 000000005600f0000000000000005600f0000000000000005600f0000000000000005600f0000000000000005600f0000000000000005600f0000000000000005600f0000000000000005600f0000000000000005600f0000000000000005600f0000000000000005600f0000000000000005600f0000000000000005600f000
02:00:02.443 [DEBUG] [serial] Sin header 0xAA, descartando 128 bytes: 000000005600f0000000000000005600
02:00:02.454 [DEBUG] [serial] RX 128 bytes: 0000000000005600f0000000000000005600f0000000000000005600f0000000000000005600f0000000000000005600f0000000000000005600f0000000000000005600f0000000000000005600f0000000000000005600f0000000000000005600f0000000000000005600f0000000000000005600f0000000000000005600
02:00:02.454 [DEBUG] [serial] Sin header 0xAA, descartando 128 bytes: 0000000000005600f000000000000000
02:00:02.464 [DEBUG] [serial] RX 128 bytes: f0000000000000005600f0000000000000005600f0000000000000005600f0000000000000005600f0000000000000005600f0000000000000005600f0000000000000005600f0000000000000005600f0000000000000005600f0000000000000005600f0000000000000005600f0000000000000005600f000000000000000
02:00:02.464 [DEBUG] [serial] Sin header 0xAA, descartando 128 bytes: f0000000000000005600f00000000000
02:00:02.475 [DEBUG] [serial] RX 128 bytes: 5600f0000000000000005600f0000000000000005600f0000000000000005600f0000000000000005600f0000000000000005600f0000000000000005600f0000000000000005600f0000000000000005600f0000000000000005600f0000000000000005600f0000000000000005600f0000000000000005600f00000000000
02:00:02.475 [DEBUG] [serial] Sin header 0xAA, descartando 128 bytes: 5600f0000000000000005600f0000000
02:00:02.486 [DEBUG] [serial] RX 128 bytes: 00005600f0000000000000005600f0000000000000005600f0000000000000005600f0000000000000005600f0000000000000005600f0000000000000005600f0000000000000005600f0000000000000005600f0000000000000005600f0000000000000005600f0000000000000005600f0000000000000005600f0000000
02:00:02.486 [DEBUG] [serial] Sin header 0xAA, descartando 128 bytes: 00005600f0000000000000005600f000
02:00:02.497 [DEBUG] [serial] RX 128 bytes: 000000005600f0000000000000005600f0000000000000005600f0000000000000005600f0000000000000005600f0000000000000005600f0000000000000005600f0000000000000005600f0000000000000005600f0000000000000005600f0000000000000005600f0000000000000005600f0000000000000005600f000
02:00:02.497 [DEBUG] [serial] Sin header 0xAA, descartando 128 bytes: 000000005600f0000000000000005600
02:00:02.507 [DEBUG] [serial] RX 128 bytes: 0000000000005600f0000000000000005600f0000000000000005600f0000000000000005600f0000000000000005600f0000000000000005600f0000000000000005600f0000000000000005600f0000000000000005600f0000000000000005600f0000000000000005600f0000000000000005600f0000000000000005600
02:00:02.508 [DEBUG] [serial] Sin header 0xAA, descartando 128 bytes: 0000000000005600f000000000000000
02:00:02.518 [DEBUG] [serial] RX 128 bytes: f0000000000000005600f0000000000000005600f0000000000000005600f0000000000000005600f0000000000000005600f0000000000000005600f0000000000000005600f0000000000000005600f0000000000000005600f0000000000000005600f0000000000000005600f0000000000000005600f000000000000000
02:00:02.518 [DEBUG] [serial] Sin header 0xAA, descartando 128 bytes: f0000000000000005600f00000000000
02:00:02.528 [DEBUG] [serial] RX 128 bytes: 5600f0000000000000005600f0000000000000005600f0000000000000005600f0000000000000005600f0000000000000005600f0000000000000005600f0000000000000005600f0000000000000005600f0000000000000005600f0000000000000005600f0000000000000005600f0000000000000005600f00000000000
02:00:02.529 [DEBUG] [serial] Sin header 0xAA, descartando 128 bytes: 5600f0000000000000005600f0000000
02:00:02.539 [DEBUG] [serial] RX 128 bytes: 00005600f0000000000000005600f0000000000000005600f0000000000000005600f0000000000000005600f0000000000000005600f0000000000000005600f0000000000000005600f0000000000000005600f0000000000000005600f0000000000000005600f0000000000000005600f0000000000000005600f0000000
02:00:02.539 [DEBUG] [serial] Sin header 0xAA, descartando 128 bytes: 00005600f0000000000000005600f000
02:00:02.550 [DEBUG] [serial] RX 128 bytes: 000000005600f0000000000000005600f0000000000000005600f0000000000000005600f0000000000000005600f0000000000000005600f0000000000000005600f0000000000000005600f0000000000000005600f0000000000000005600f0000000000000005600f0000000000000005600f0000000000000005600f000
02:00:02.550 [DEBUG] [serial] Sin header 0xAA, descartando 128 bytes: 000000005600f0000000000000005600
02:00:02.561 [DEBUG] [serial] RX 128 bytes: 0000000000005600f0000000000000005600f0000000000000005600f0000000000000005600f0000000000000005600f0000000000000005600f0000000000000005600f0000000000000005600f0000000000000005600f0000000000000005600f0000000000000005600f0000000000000005600f0000000000000005600
02:00:02.561 [DEBUG] [serial] Sin header 0xAA, descartando 128 bytes: 0000000000005600f000000000000000
02:00:02.571 [DEBUG] [serial] RX 128 bytes: f0000000000000005600f0000000000000005600f0000000000000005600f0000000000000005600f0000000000000005600f0000000000000005600f0000000000000005600f0000000000000005600f0000000000000005600f0000000000000005600f0000000000000005600f0000000000000005600f000000000000000
02:00:02.571 [DEBUG] [serial] Sin header 0xAA, descartando 128 bytes: f0000000000000005600f00000000000
02:00:02.582 [DEBUG] [serial] RX 128 bytes: 5600f0000000000000005600f0000000000000005600f0000000000000005600f0000000000000005600f0000000000000005600f0000000000000005600f0000000000000005600f0000000000000005600f0000000000000005600f0000000000000005600f0000000000000005600f0000000000000005600f00000000000
02:00:02.582 [DEBUG] [serial] Sin header 0xAA, descartando 128 bytes: 5600f0000000000000005600f0000000
02:00:02.593 [DEBUG] [serial] RX 128 bytes: 00005600f0000000000000005600f0000000000000005600f0000000000000005600f0000000000000005600f0000000000000005600f0000000000000005600f0000000000000005600f0000000000000005600f0000000000000005600f0000000000000005600f0000000000000005600f0000000000000005600f0000000
02:00:02.593 [DEBUG] [serial] Sin header 0xAA, descartando 128 bytes: 00005600f0000000000000005600f000
02:00:02.604 [DEBUG] [serial] RX 128 bytes: 000000005600f0000000000000005600f0000000000000005600f0000000000000005600f0000000000000005600f0000000000000005600f0000000000000005600f0000000000000005600f0000000000000005600f0000000000000005600f0000000000000005600f0000000000000005600f0000000000000005600f000
02:00:02.604 [DEBUG] [serial] Sin header 0xAA, descartando 128 bytes: 000000005600f0000000000000005600
02:00:02.614 [DEBUG] [serial] RX 128 bytes: 0000000000005600f0000000000000005600f0000000000000005600f0000000000000005600f0000000000000005600f0000000000000005600f0000000000000005600f0000000000000005600f0000000000000005600f0000000000000005600f0000000000000005600f0000000000000005600f0000000000000005600
02:00:02.615 [DEBUG] [serial] Sin header 0xAA, descartando 128 bytes: 0000000000005600f000000000000000
02:00:02.625 [DEBUG] [serial] RX 128 bytes: f0000000000000005600f0000000000000005600f0000000000000005600f0000000000000005600f0000000000000005600f0000000000000005600f0000000000000005600f0000000000000005600f0000000000000005600f0000000000000005600f0000000000000005600f0000000000000005600f000000000000000
02:00:02.625 [DEBUG] [serial] Sin header 0xAA, descartando 128 bytes: f0000000000000005600f00000000000
02:00:02.635 [DEBUG] [serial] RX 128 bytes: 5600f0000000000000005600f0000000000000005600f0000000000000005600f0000000000000005600f0000000000000005600f0000000000000005600f0000000000000005600f0000000000000005600f0000000000000005600f0000000000000005600f0000000000000005600f0000000000000005600f00000000000
02:00:02.636 [DEBUG] [serial] Sin header 0xAA, descartando 128 bytes: 5600f0000000000000005600f0000000
02:00:02.646 [DEBUG] [serial] RX 128 bytes: 00005600f0000000000000005600f0000000000000005600f0000000000000005600f0000000000000005600f0000000000000005600f0000000000000005600f0000000000000005600f0000000000000005600f0000000000000005600f0000000000000005600f0000000000000005600f0000000000000005600f0000000
02:00:02.646 [DEBUG] [serial] Sin header 0xAA, descartando 128 bytes: 00005600f0000000000000005600f000
02:00:02.657 [DEBUG] [serial] RX 128 bytes: 000000005600f0000000000000005600f0000000000000005600f0000000000000005600f0000000000000005600f0000000000000005600f0000000000000005600f0000000000000005600f0000000000000005600f0000000000000005600f0000000000000005600f0000000000000005600f0000000000000005600f000
02:00:02.657 [DEBUG] [serial] Sin header 0xAA, descartando 128 bytes: 000000005600f0000000000000005600
02:00:02.669 [DEBUG] [serial] RX 128 bytes: 0000000000005600f0000000000000005600f0000000000000005600f0000000000000005600f0000000000000005600f0000000000000005600f0000000000000005600f0000000000000005600f0000000000000005600f0000000000000005600f0000000000000005600f0000000000000005600f0000000000000005600
02:00:02.669 [DEBUG] [serial] Sin header 0xAA, descartando 128 bytes: 0000000000005600f000000000000000
02:00:02.678 [DEBUG] [serial] RX 128 bytes: f0000000000000005600f0000000000000005600f0000000000000005600f0000000000000005600f0000000000000005600f0000000000000005600f0000000000000005600f0000000000000005600f0000000000000005600f0000000000000005600f0000000000000005600f0000000000000005600f000000000000000
02:00:02.678 [DEBUG] [serial] Sin header 0xAA, descartando 128 bytes: f0000000000000005600f00000000000
02:00:02.689 [DEBUG] [serial] RX 128 bytes: 5600f0000000000000005600f0000000000000005600f0000000000000005600f0000000000000005600f0000000000000005600f0000000000000005600f0000000000000005600f0000000000000005600f0000000000000005600f0000000000000005600f0000000000000005600f0000000000000005600f00000000000
02:00:02.689 [DEBUG] [serial] Sin header 0xAA, descartando 128 bytes: 5600f0000000000000005600f0000000
02:00:02.700 [DEBUG] [serial] RX 128 bytes: 00005600f0000000000000005600f0000000000000005600f0000000000000005600f0000000000000005600f0000000000000005600f0000000000000005600f0000000000000005600f0000000000000005600f0000000000000005600f0000000000000005600f0000000000000005600f0000000000000005600f0000000
02:00:02.700 [DEBUG] [serial] Sin header 0xAA, descartando 128 bytes: 00005600f0000000000000005600f000
02:00:02.710 [DEBUG] [serial] RX 128 bytes: 000000005600f0000000000000005600f0000000000000005600f0000000000000005600f0000000000000005600f0000000000000005600f0000000000000005600f0000000000000005600f0000000000000005600f0000000000000005600f0000000000000005600f0000000000000005600f0000000000000005600f000
02:00:02.711 [DEBUG] [serial] Sin header 0xAA, descartando 128 bytes: 000000005600f0000000000000005600
02:00:02.721 [DEBUG] [serial] RX 128 bytes: 0000000000005600f0000000000000005600f0000000000000005600f0000000000000005600f0000000000000005600f0000000000000005600f0000000000000005600f0000000000000005600f0000000000000005600f0000000000000005600f0000000000000005600f0000000000000005600f0000000000000005600
02:00:02.721 [DEBUG] [serial] Sin header 0xAA, descartando 128 bytes: 0000000000005600f000000000000000
02:00:02.731 [DEBUG] [serial] RX 128 bytes: f0000000000000005600f0000000000000005600f0000000000000005600f0000000000000005600f0000000000000005600f0000000000000005600f0000000000000005600f0000000000000005600f0000000000000005600f0000000000000005600f0000000000000005600f0000000000000005600f000000000000000
02:00:02.732 [DEBUG] [serial] Sin header 0xAA, descartando 128 bytes: f0000000000000005600f00000000000
02:00:02.742 [DEBUG] [serial] RX 128 bytes: 5600f0000000000000005600f0000000000000005600f0000000000000005600f0000000000000005600f0000000000000005600f0000000000000005600f0000000000000005600f0000000000000005600f0000000000000005600f0000000000000005600f0000000000000005600f0000000000000005600f00000000000
02:00:02.742 [DEBUG] [serial] Sin header 0xAA, descartando 128 bytes: 5600f0000000000000005600f0000000
02:00:02.753 [DEBUG] [serial] RX 128 bytes: 00005600f0000000000000005600f0000000000000005600f0000000000000005600f0000000000000005600f0000000000000005600f0000000000000005600f0000000000000005600f0000000000000005600f0000000000000005600f0000000000000005600f0000000000000005600f0000000000000005600f0000000
02:00:02.753 [DEBUG] [serial] Sin header 0xAA, descartando 128 bytes: 00005600f0000000000000005600f000
02:00:02.764 [DEBUG] [serial] RX 128 bytes: 000000005600f0000000000000005600f0000000000000005600f0000000000000005600f0000000000000005600f0000000000000005600f0000000000000005600f0000000000000005600f0000000000000005600f0000000000000005600f0000000000000005600f0000000000000005600f0000000000000005600f000
02:00:02.765 [DEBUG] [serial] Sin header 0xAA, descartando 128 bytes: 000000005600f0000000000000005600
02:00:02.775 [DEBUG] [serial] RX 128 bytes: 0000000000005600f0000000000000005600f0000000000000005600f0000000000000005600f0000000000000005600f0000000000000005600f0000000000000005600f0000000000000005600f0000000000000005600f0000000000000005600f0000000000000005600f0000000000000005600f0000000000000005600
02:00:02.775 [DEBUG] [serial] Sin header 0xAA, descartando 128 bytes: 0000000000005600f000000000000000
02:00:02.785 [DEBUG] [serial] RX 128 bytes: f0000000000000005600f0000000000000005600f0000000000000005600f0000000000000005600f0000000000000005600f0000000000000005600f0000000000000005600f0000000000000005600f0000000000000005600f0000000000000005600f0000000000000005600f0000000000000005600f000000000000000
02:00:02.785 [DEBUG] [serial] Sin header 0xAA, descartando 128 bytes: f0000000000000005600f00000000000
02:00:02.796 [DEBUG] [serial] RX 128 bytes: 5600f0000000000000005600f0000000000000005600f0000000000000005600f0000000000000005600f0000000000000005600f0000000000000005600f0000000000000005600f0000000000000005600f0000000000000005600f0000000000000005600f0000000000000005600f0000000000000005600f00000000000
02:00:02.796 [DEBUG] [serial] Sin header 0xAA, descartando 128 bytes: 5600f0000000000000005600f0000000
02:00:02.806 [DEBUG] [serial] RX 128 bytes: 00005600f0000000000000005600f0000000000000005600f0000000000000005600f0000000000000005600f0000000000000005600f0000000000000005600f0000000000000005600f0000000000000005600f0000000000000005600f0000000000000005600f0000000000000005600f0000000000000005600f0000000
02:00:02.807 [DEBUG] [serial] Sin header 0xAA, descartando 128 bytes: 00005600f0000000000000005600f000
02:00:02.817 [DEBUG] [serial] RX 128 bytes: 000000005600f0000000000000005600f0000000000000005600f0000000000000005600f0000000000000005600f0000000000000005600f0000000000000005600f0000000000000005600f0000000000000005600f0000000000000005600f0000000000000005600f0000000000000005600f0000000000000005600f000
02:00:02.818 [DEBUG] [serial] Sin header 0xAA, descartando 128 bytes: 000000005600f0000000000000005600
02:00:02.818 [INFO] [serial] Stats: 0 pkts, 117504 bytes rx
02:00:02.828 [DEBUG] [serial] RX 128 bytes: 0000000000005600f0000000000000005600f0000000000000005600f0000000000000005600f0000000000000005600f0000000000000005600f0000000000000005600f0000000000000005600f0000000000000005600f0000000000000005600f0000000000000005600f0000000000000005600f0000000000000005600
02:00:02.828 [DEBUG] [serial] Sin header 0xAA, descartando 128 bytes: 0000000000005600f000000000000000
02:00:02.838 [DEBUG] [serial] RX 128 bytes: f0000000000000005600f0000000000000005600f0000000000000005600f0000000000000005600f0000000000000005600f0000000000000005600f0000000000000005600f0000000000000005600f0000000000000005600f0000000000000005600f0000000000000005600f0000000000000005600f000000000000000
02:00:02.839 [DEBUG] [serial] Sin header 0xAA, descartando 128 bytes: f0000000000000005600f00000000000
02:00:02.849 [DEBUG] [serial] RX 128 bytes: 5600f0000000000000005600f0000000000000005600f0000000000000005600f0000000000000005600f0000000000000005600f0000000000000005600f0000000000000005600f0000000000000005600f0000000000000005600f0000000000000005600f0000000000000005600f0000000000000005600f00000000000
02:00:02.849 [DEBUG] [serial] Sin header 0xAA, descartando 128 bytes: 5600f0000000000000005600f0000000
02:00:02.860 [DEBUG] [serial] RX 128 bytes: 00005600f0000000000000005600f0000000000000005600f0000000000000005600f0000000000000005600f0000000000000005600f0000000000000005600f0000000000000005600f0000000000000005600f0000000000000005600f0000000000000005600f0000000000000005600f0000000000000005600f0000000
02:00:02.860 [DEBUG] [serial] Sin header 0xAA, descartando 128 bytes: 00005600f0000000000000005600f000
02:00:02.871 [DEBUG] [serial] RX 128 bytes: 000000005600f0000000000000005600f0000000000000005600f0000000000000005600f0000000000000005600f0000000000000005600f0000000000000005600f0000000000000005600f0000000000000005600f0000000000000005600f0000000000000005600f0000000000000005600f0000000000000005600f000
02:00:02.871 [DEBUG] [serial] Sin header 0xAA, descartando 128 bytes: 000000005600f0000000000000005600
02:00:02.882 [DEBUG] [serial] RX 128 bytes: 0000000000005600f0000000000000005600f0000000000000005600f0000000000000005600f0000000000000005600f0000000000000005600f0000000000000005600f0000000000000005600f0000000000000005600f0000000000000005600f0000000000000005600f0000000000000005600f0000000000000005600
02:00:02.882 [DEBUG] [serial] Sin header 0xAA, descartando 128 bytes: 0000000000005600f000000000000000
02:00:02.892 [DEBUG] [serial] RX 128 bytes: f0000000000000005600f0000000000000005600f0000000000000005600f0000000000000005600f0000000000000005600f0000000000000005600f0000000000000005600f0000000000000005600f0000000000000005600f0000000000000005600f0000000000000005600f0000000000000005600f000000000000000
02:00:02.892 [DEBUG] [serial] Sin header 0xAA, descartando 128 bytes: f0000000000000005600f00000000000
02:00:02.903 [DEBUG] [serial] RX 128 bytes: 5600f0000000000000005600f0000000000000005600f0000000000000005600f0000000000000005600f0000000000000005600f0000000000000005600f0000000000000005600f0000000000000005600f0000000000000005600f0000000000000005600f0000000000000005600f0000000000000005600f00000000000
02:00:02.903 [DEBUG] [serial] Sin header 0xAA, descartando 128 bytes: 5600f0000000000000005600f0000000
02:00:02.913 [DEBUG] [serial] RX 128 bytes: 00005600f0000000000000005600f0000000000000005600f0000000000000005600f0000000000000005600f0000000000000005600f0000000000000005600f0000000000000005600f0000000000000005600f0000000000000005600f0000000000000005600f0000000000000005600f0000000000000005600f0000000
02:00:02.914 [DEBUG] [serial] Sin header 0xAA, descartando 128 bytes: 00005600f0000000000000005600f000
02:00:02.924 [DEBUG] [serial] RX 128 bytes: 000000005600f0000000000000005600f0000000000000005600f0000000000000005600f0000000000000005600f0000000000000005600f0000000000000005600f0000000000000005600f0000000000000005600f0000000000000005600f0000000000000005600f0000000000000005600f0000000000000005600f000
02:00:02.924 [DEBUG] [serial] Sin header 0xAA, descartando 128 bytes: 000000005600f0000000000000005600
02:00:02.935 [DEBUG] [serial] RX 128 bytes: 0000000000005600f0000000000000005600f0000000000000005600f0000000000000005600f0000000000000005600f0000000000000005600f0000000000000005600f0000000000000005600f0000000000000005600f0000000000000005600f0000000000000005600f0000000000000005600f0000000000000005600
02:00:02.935 [DEBUG] [serial] Sin header 0xAA, descartando 128 bytes: 0000000000005600f000000000000000
02:00:02.945 [DEBUG] [serial] RX 128 bytes: f0000000000000005600f0000000000000005600f0000000000000005600f0000000000000005600f0000000000000005600f0000000000000005600f0000000000000005600f0000000000000005600f0000000000000005600f0000000000000005600f0000000000000005600f0000000000000005600f000000000000000
02:00:02.945 [DEBUG] [serial] Sin header 0xAA, descartando 128 bytes: f0000000000000005600f00000000000
02:00:02.956 [DEBUG] [serial] RX 128 bytes: 5600f0000000000000005600f0000000000000005600f0000000000000005600f0000000000000005600f0000000000000005600f0000000000000005600f0000000000000005600f0000000000000005600f0000000000000005600f0000000000000005600f0000000000000005600f0000000000000005600f00000000000
02:00:02.956 [DEBUG] [serial] Sin header 0xAA, descartando 128 bytes: 5600f0000000000000005600f0000000
02:00:02.967 [DEBUG] [serial] RX 128 bytes: 00005600f0000000000000005600f0000000000000005600f0000000000000005600f0000000000000005600f0000000000000005600f0000000000000005600f0000000000000005600f0000000000000005600f0000000000000005600f0000000000000005600f0000000000000005600f0000000000000005600f0000000
02:00:02.967 [DEBUG] [serial] Sin header 0xAA, descartando 128 bytes: 00005600f0000000000000005600f000
02:00:02.978 [DEBUG] [serial] RX 128 bytes: 000000005600f0000000000000005600f0000000000000005600f0000000000000005600f0000000000000005600f0000000000000005600f0000000000000005600f0000000000000005600f0000000000000005600f0000000000000005600f0000000000000005600f0000000000000005600f0000000000000005600f000
02:00:02.978 [DEBUG] [serial] Sin header 0xAA, descartando 128 bytes: 000000005600f0000000000000005600
02:00:02.988 [DEBUG] [serial] RX 128 bytes: 0000000000005600f0000000000000005600f0000000000000005600f0000000000000005600f0000000000000005600f0000000000000005600f0000000000000005600f0000000000000005600f0000000000000005600f0000000000000005600f0000000000000005600f0000000000000005600f0000000000000005600
02:00:02.989 [DEBUG] [serial] Sin header 0xAA, descartando 128 bytes: 0000000000005600f000000000000000
02:00:02.999 [DEBUG] [serial] RX 128 bytes: f0000000000000005600f0000000000000005600f0000000000000005600f0000000000000005600f0000000000000005600f0000000000000005600f0000000000000005600f0000000000000005600f0000000000000005600f0000000000000005600f0000000000000005600f0000000000000005600f000000000000000
02:00:02.999 [DEBUG] [serial] Sin header 0xAA, descartando 128 bytes: f0000000000000005600f00000000000
02:00:03.009 [DEBUG] [serial] RX 128 bytes: 5600f0000000000000005600f0000000000000005600f0000000000000005600f0000000000000005600f0000000000000005600f0000000000000005600f0000000000000005600f0000000000000005600f0000000000000005600f0000000000000005600f0000000000000005600f0000000000000005600f00000000000
02:00:03.010 [DEBUG] [serial] Sin header 0xAA, descartando 128 bytes: 5600f0000000000000005600f0000000
02:00:03.020 [DEBUG] [serial] RX 128 bytes: 00005600f0000000000000005600f0000000000000005600f0000000000000005600f0000000000000005600f0000000000000005600f0000000000000005600f0000000000000005600f0000000000000005600f0000000000000005600f0000000000000005600f0000000000000005600f0000000000000005600f0000000
02:00:03.020 [DEBUG] [serial] Sin header 0xAA, descartando 128 bytes: 00005600f0000000000000005600f000
02:00:03.031 [DEBUG] [serial] RX 128 bytes: 000000005600f0000000000000005600f0000000000000005600f0000000000000005600f0000000000000005600f0000000000000005600f0000000000000005600f0000000000000005600f0000000000000005600f0000000000000005600f0000000000000005600f0000000000000005600f0000000000000005600f000
02:00:03.031 [DEBUG] [serial] Sin header 0xAA, descartando 128 bytes: 000000005600f0000000000000005600
02:00:03.042 [DEBUG] [serial] RX 128 bytes: 0000000000005600f0000000000000005600f0000000000000005600f0000000000000005600f0000000000000005600f0000000000000005600f0000000000000005600f0000000000000005600f0000000000000005600f0000000000000005600f0000000000000005600f0000000000000005600f0000000000000005600
02:00:03.042 [DEBUG] [serial] Sin header 0xAA, descartando 128 bytes: 0000000000005600f000000000000000
02:00:03.052 [DEBUG] [serial] RX 128 bytes: f0000000000000005600f0000000000000005600f0000000000000005600f0000000000000005600f0000000000000005600f0000000000000005600f0000000000000005600f0000000000000005600f0000000000000005600f0000000000000005600f0000000000000005600f0000000000000005600f000000000000000
02:00:03.052 [DEBUG] [serial] Sin header 0xAA, descartando 128 bytes: f0000000000000005600f00000000000
02:00:03.063 [DEBUG] [serial] RX 128 bytes: 5600f0000000000000005600f0000000000000005600f0000000000000005600f0000000000000005600f0000000000000005600f0000000000000005600f0000000000000005600f0000000000000005600f0000000000000005600f0000000000000005600f0000000000000005600f0000000000000005600f00000000000
02:00:03.063 [DEBUG] [serial] Sin header 0xAA, descartando 128 bytes: 5600f0000000000000005600f0000000
02:00:03.074 [DEBUG] [serial] RX 128 bytes: 00005600f0000000000000005600f0000000000000005600f0000000000000005600f0000000000000005600f0000000000000005600f0000000000000005600f0000000000000005600f0000000000000005600f0000000000000005600f0000000000000005600f0000000000000005600f0000000000000005600f0000000
02:00:03.074 [DEBUG] [serial] Sin header 0xAA, descartando 128 bytes: 00005600f0000000000000005600f000
02:00:03.084 [DEBUG] [serial] RX 128 bytes: 000000005600f0000000000000005600f0000000000000005600f0000000000000005600f0000000000000005600f0000000000000005600f0000000000000005600f0000000000000005600f0000000000000005600f0000000000000005600f0000000000000005600f0000000000000005600f0000000000000005600f000
02:00:03.085 [DEBUG] [serial] Sin header 0xAA, descartando 128 bytes: 000000005600f0000000000000005600
02:00:03.095 [DEBUG] [serial] RX 128 bytes: 0000000000005600f0000000000000005600f0000000000000005600f0000000000000005600f0000000000000005600f0000000000000005600f0000000000000005600f0000000000000005600f0000000000000005600f0000000000000005600f0000000000000005600f0000000000000005600f0000000000000005600
02:00:03.095 [DEBUG] [serial] Sin header 0xAA, descartando 128 bytes: 0000000000005600f000000000000000
02:00:03.106 [DEBUG] [serial] RX 128 bytes: f0000000000000005600f0000000000000005600f0000000000000005600f0000000000000005600f0000000000000005600f0000000000000005600f0000000000000005600f0000000000000005600f0000000000000005600f0000000000000005600f0000000000000005600f0000000000000005600f000000000000000
02:00:03.106 [DEBUG] [serial] Sin header 0xAA, descartando 128 bytes: f0000000000000005600f00000000000
02:00:03.116 [DEBUG] [serial] RX 128 bytes: 5600f0000000000000005600f0000000000000005600f0000000000000005600f0000000000000005600f0000000000000005600f0000000000000005600f0000000000000005600f0000000000000005600f0000000000000005600f0000000000000005600f0000000000000005600f0000000000000005600f00000000000
02:00:03.117 [DEBUG] [serial] Sin header 0xAA, descartando 128 bytes: 5600f0000000000000005600f0000000
02:00:03.127 [DEBUG] [serial] RX 128 bytes: 00005600f0000000000000005600f0000000000000005600f0000000000000005600f0000000000000005600f0000000000000005600f0000000000000005600f0000000000000005600f0000000000000005600f0000000000000005600f0000000000000005600f0000000000000005600f0000000000000005600f0000000
02:00:03.127 [DEBUG] [serial] Sin header 0xAA, descartando 128 bytes: 00005600f0000000000000005600f000
02:00:03.138 [DEBUG] [serial] RX 128 bytes: 000000005600f0000000000000005600f0000000000000005600f0000000000000005600f0000000000000005600f0000000000000005600f0000000000000005600f0000000000000005600f0000000000000005600f0000000000000005600f0000000000000005600f0000000000000005600f0000000000000005600f000
02:00:03.139 [DEBUG] [serial] Sin header 0xAA, descartando 128 bytes: 000000005600f0000000000000005600
02:00:03.149 [DEBUG] [serial] RX 128 bytes: 0000000000005600f0000000000000005600f0000000000000005600f0000000000000005600f0000000000000005600f0000000000000005600f0000000000000005600f0000000000000005600f0000000000000005600f0000000000000005600f0000000000000005600f0000000000000005600f0000000000000005600
02:00:03.149 [DEBUG] [serial] Sin header 0xAA, descartando 128 bytes: 0000000000005600f000000000000000
02:00:03.159 [DEBUG] [serial] RX 128 bytes: f0000000000000005600f0000000000000005600f0000000000000005600f0000000000000005600f0000000000000005600f0000000000000005600f0000000000000005600f0000000000000005600f0000000000000005600f0000000000000005600f0000000000000005600f0000000000000005600f000000000000000
02:00:03.159 [DEBUG] [serial] Sin header 0xAA, descartando 128 bytes: f0000000000000005600f00000000000
02:00:03.170 [DEBUG] [serial] RX 128 bytes: 5600f0000000000000005600f0000000000000005600f0000000000000005600f0000000000000005600f0000000000000005600f0000000000000005600f0000000000000005600f0000000000000005600f0000000000000005600f0000000000000005600f0000000000000005600f0000000000000005600f00000000000
02:00:03.170 [DEBUG] [serial] Sin header 0xAA, descartando 128 bytes: 5600f0000000000000005600f0000000
02:00:03.181 [DEBUG] [serial] RX 128 bytes: 00005600f0000000000000005600f0000000000000005600f0000000000000005600f0000000000000005600f0000000000000005600f0000000000000005600f0000000000000005600f0000000000000005600f0000000000000005600f0000000000000005600f0000000000000005600f0000000000000005600f0000000
02:00:03.181 [DEBUG] [serial] Sin header 0xAA, descartando 128 bytes: 00005600f0000000000000005600f000
02:00:03.191 [DEBUG] [serial] RX 128 bytes: 000000005600f0000000000000005600f0000000000000005600f0000000000000005600f0000000000000005600f0000000000000005600f0000000000000005600f0000000000000005600f0000000000000005600f0000000000000005600f0000000000000005600f0000000000000005600f0000000000000005600f000
02:00:03.192 [DEBUG] [serial] Sin header 0xAA, descartando 128 bytes: 000000005600f0000000000000005600
02:00:03.202 [DEBUG] [serial] RX 128 bytes: 0000000000005600f0000000000000005600f0000000000000005600f0000000000000005600f0000000000000005600f0000000000000005600f0000000000000005600f0000000000000005600f0000000000000005600f0000000000000005600f0000000000000005600f0000000000000005600f0000000000000005600
02:00:03.202 [DEBUG] [serial] Sin header 0xAA, descartando 128 bytes: 0000000000005600f000000000000000
02:00:03.212 [DEBUG] [serial] RX 128 bytes: f0000000000000005600f0000000000000005600f0000000000000005600f0000000000000005600f0000000000000005600f0000000000000005600f0000000000000005600f0000000000000005600f0000000000000005600f0000000000000005600f0000000000000005600f0000000000000005600f000000000000000
02:00:03.213 [DEBUG] [serial] Sin header 0xAA, descartando 128 bytes: f0000000000000005600f00000000000
02:00:03.223 [DEBUG] [serial] RX 128 bytes: 5600f0000000000000005600f0000000000000005600f0000000000000005600f0000000000000005600f0000000000000005600f0000000000000005600f0000000000000005600f0000000000000005600f0000000000000005600f0000000000000005600f0000000000000005600f0000000000000005600f00000000000
02:00:03.223 [DEBUG] [serial] Sin header 0xAA, descartando 128 bytes: 5600f0000000000000005600f0000000
02:00:03.234 [DEBUG] [serial] RX 128 bytes: 00005600f0000000000000005600f0000000000000005600f0000000000000005600f0000000000000005600f0000000000000005600f0000000000000005600f0000000000000005600f0000000000000005600f0000000000000005600f0000000000000005600f0000000000000005600f0000000000000005600f0000000
02:00:03.235 [DEBUG] [serial] Sin header 0xAA, descartando 128 bytes: 00005600f0000000000000005600f000
02:00:03.245 [DEBUG] [serial] RX 128 bytes: 000000005600f0000000000000005600f0000000000000005600f0000000000000005600f0000000000000005600f0000000000000005600f0000000000000005600f0000000000000005600f0000000000000005600f0000000000000005600f0000000000000005600f0000000000000005600f0000000000000005600f000
02:00:03.245 [DEBUG] [serial] Sin header 0xAA, descartando 128 bytes: 000000005600f0000000000000005600
02:00:03.256 [DEBUG] [serial] RX 128 bytes: 0000000000005600f0000000000000005600f0000000000000005600f0000000000000005600f0000000000000005600f0000000000000005600f0000000000000005600f0000000000000005600f0000000000000005600f0000000000000005600f0000000000000005600f0000000000000005600f0000000000000005600
02:00:03.256 [DEBUG] [serial] Sin header 0xAA, descartando 128 bytes: 0000000000005600f000000000000000
02:00:03.266 [DEBUG] [serial] RX 128 bytes: f0000000000000005600f0000000000000005600f0000000000000005600f0000000000000005600f0000000000000005600f0000000000000005600f0000000000000005600f0000000000000005600f0000000000000005600f0000000000000005600f0000000000000005600f0000000000000005600f000000000000000
02:00:03.266 [DEBUG] [serial] Sin header 0xAA, descartando 128 bytes: f0000000000000005600f00000000000
02:00:03.277 [DEBUG] [serial] RX 128 bytes: 5600f0000000000000005600f0000000000000005600f0000000000000005600f0000000000000005600f0000000000000005600f0000000000000005600f0000000000000005600f0000000000000005600f0000000000000005600f0000000000000005600f0000000000000005600f0000000000000005600f00000000000
02:00:03.277 [DEBUG] [serial] Sin header 0xAA, descartando 128 bytes: 5600f0000000000000005600f0000000
02:00:03.287 [DEBUG] [serial] RX 128 bytes: 00005600f0000000000000005600f0000000000000005600f0000000000000005600f0000000000000005600f0000000000000005600f0000000000000005600f0000000000000005600f0000000000000005600f0000000000000005600f0000000000000005600f0000000000000005600f0000000000000005600f0000000
02:00:03.288 [DEBUG] [serial] Sin header 0xAA, descartando 128 bytes: 00005600f0000000000000005600f000
02:00:03.298 [DEBUG] [serial] RX 128 bytes: 000000005600f0000000000000005600f0000000000000005600f0000000000000005600f0000000000000005600f0000000000000005600f0000000000000005600f0000000000000005600f0000000000000005600f0000000000000005600f0000000000000005600f0000000000000005600f0000000000000005600f000
02:00:03.298 [DEBUG] [serial] Sin header 0xAA, descartando 128 bytes: 000000005600f0000000000000005600
02:00:03.309 [DEBUG] [serial] RX 128 bytes: 0000000000005600f0000000000000005600f0000000000000005600f0000000000000005600f0000000000000005600f0000000000000005600f0000000000000005600f0000000000000005600f0000000000000005600f0000000000000005600f0000000000000005600f0000000000000005600f0000000000000005600
02:00:03.309 [DEBUG] [serial] Sin header 0xAA, descartando 128 bytes: 0000000000005600f000000000000000
02:00:03.319 [DEBUG] [serial] RX 128 bytes: f0000000000000005600f0000000000000005600f0000000000000005600f0000000000000005600f0000000000000005600f0000000000000005600f0000000000000005600f0000000000000005600f0000000000000005600f0000000000000005600f0000000000000005600f0000000000000005600f000000000000000
02:00:03.319 [DEBUG] [serial] Sin header 0xAA, descartando 128 bytes: f0000000000000005600f00000000000
02:00:03.330 [DEBUG] [serial] RX 128 bytes: 5600f0000000000000005600f0000000000000005600f0000000000000005600f0000000000000005600f0000000000000005600f0000000000000005600f0000000000000005600f0000000000000005600f0000000000000005600f0000000000000005600f0000000000000005600f0000000000000005600f00000000000
02:00:03.331 [DEBUG] [serial] Sin header 0xAA, descartando 128 bytes: 5600f0000000000000005600f0000000
02:00:03.341 [DEBUG] [serial] RX 128 bytes: 00005600f0000000000000005600f0000000000000005600f0000000000000005600f0000000000000005600f0000000000000005600f0000000000000005600f0000000000000005600f0000000000000005600f0000000000000005600f0000000000000005600f0000000000000005600f0000000000000005600f0000000
02:00:03.341 [DEBUG] [serial] Sin header 0xAA, descartando 128 bytes: 00005600f0000000000000005600f000
02:00:03.352 [DEBUG] [serial] RX 128 bytes: 000000005600f0000000000000005600f0000000000000005600f0000000000000005600f0000000000000005600f0000000000000005600f0000000000000005600f0000000000000005600f0000000000000005600f0000000000000005600f0000000000000005600f0000000000000005600f0000000000000005600f000
02:00:03.352 [DEBUG] [serial] Sin header 0xAA, descartando 128 bytes: 000000005600f0000000000000005600
02:00:03.362 [DEBUG] [serial] RX 128 bytes: 0000000000005600f0000000000000005600f0000000000000005600f0000000000000005600f0000000000000005600f0000000000000005600f0000000000000005600f0000000000000005600f0000000000000005600f0000000000000005600f0000000000000005600f0000000000000005600f0000000000000005600
02:00:03.363 [DEBUG] [serial] Sin header 0xAA, descartando 128 bytes: 0000000000005600f000000000000000
02:00:03.373 [DEBUG] [serial] RX 128 bytes: f0000000000000005600f0000000000000005600f0000000000000005600f0000000000000005600f0000000000000005600f0000000000000005600f0000000000000005600f0000000000000005600f0000000000000005600f0000000000000005600f0000000000000005600f0000000000000005600f000000000000000
02:00:03.373 [DEBUG] [serial] Sin header 0xAA, descartando 128 bytes: f0000000000000005600f00000000000
02:00:03.383 [DEBUG] [serial] RX 128 bytes: 5600f0000000000000005600f0000000000000005600f0000000000000005600f0000000000000005600f0000000000000005600f0000000000000005600f0000000000000005600f0000000000000005600f0000000000000005600f0000000000000005600f0000000000000005600f0000000000000005600f00000000000
02:00:03.384 [DEBUG] [serial] Sin header 0xAA, descartando 128 bytes: 5600f0000000000000005600f0000000
02:00:03.394 [DEBUG] [serial] RX 128 bytes: 00005600f0000000000000005600f0000000000000005600f0000000000000005600f0000000000000005600f0000000000000005600f0000000000000005600f0000000000000005600f0000000000000005600f0000000000000005600f0000000000000005600f0000000000000005600f0000000000000005600f0000000
02:00:03.395 [DEBUG] [serial] Sin header 0xAA, descartando 128 bytes: 00005600f0000000000000005600f000
02:00:03.405 [DEBUG] [serial] RX 128 bytes: 000000005600f0000000000000005600f0000000000000005600f0000000000000005600f0000000000000005600f0000000000000005600f0000000000000005600f0000000000000005600f0000000000000005600f0000000000000005600f0000000000000005600f0000000000000005600f0000000000000005600f000
02:00:03.405 [DEBUG] [serial] Sin header 0xAA, descartando 128 bytes: 000000005600f0000000000000005600
02:00:03.416 [DEBUG] [serial] RX 128 bytes: 0000000000005600f0000000000000005600f0000000000000005600f0000000000000005600f0000000000000005600f0000000000000005600f0000000000000005600f0000000000000005600f0000000000000005600f0000000000000005600f0000000000000005600f0000000000000005600f0000000000000005600
02:00:03.416 [DEBUG] [serial] Sin header 0xAA, descartando 128 bytes: 0000000000005600f000000000000000
02:00:03.426 [DEBUG] [serial] RX 128 bytes: f0000000000000005600f0000000000000005600f0000000000000005600f0000000000000005600f0000000000000005600f0000000000000005600f0000000000000005600f0000000000000005600f0000000000000005600f0000000000000005600f0000000000000005600f0000000000000005600f000000000000000
02:00:03.426 [DEBUG] [serial] Sin header 0xAA, descartando 128 bytes: f0000000000000005600f00000000000
02:00:03.437 [DEBUG] [serial] RX 128 bytes: 5600f0000000000000005600f0000000000000005600f0000000000000005600f0000000000000005600f0000000000000005600f0000000000000005600f0000000000000005600f0000000000000005600f0000000000000005600f0000000000000005600f0000000000000005600f0000000000000005600f00000000000
02:00:03.437 [DEBUG] [serial] Sin header 0xAA, descartando 128 bytes: 5600f0000000000000005600f0000000
02:00:03.448 [DEBUG] [serial] RX 128 bytes: 00005600f0000000000000005600f0000000000000005600f0000000000000005600f0000000000000005600f0000000000000005600f0000000000000005600f0000000000000005600f0000000000000005600f0000000000000005600f0000000000000005600f0000000000000005600f0000000000000005600f0000000
02:00:03.448 [DEBUG] [serial] Sin header 0xAA, descartando 128 bytes: 00005600f0000000000000005600f000
02:00:03.459 [DEBUG] [serial] RX 128 bytes: 000000005600f0000000000000005600f0000000000000005600f0000000000000005600f0000000000000005600f0000000000000005600f0000000000000005600f0000000000000005600f0000000000000005600f0000000000000005600f0000000000000005600f0000000000000005600f0000000000000005600f000
02:00:03.459 [DEBUG] [serial] Sin header 0xAA, descartando 128 bytes: 000000005600f0000000000000005600
02:00:03.469 [DEBUG] [serial] RX 128 bytes: 0000000000005600f0000000000000005600f0000000000000005600f0000000000000005600f0000000000000005600f0000000000000005600f0000000000000005600f0000000000000005600f0000000000000005600f0000000000000005600f0000000000000005600f0000000000000005600f0000000000000005600
02:00:03.470 [DEBUG] [serial] Sin header 0xAA, descartando 128 bytes: 0000000000005600f000000000000000
02:00:03.480 [DEBUG] [serial] RX 128 bytes: f0000000000000005600f0000000000000005600f0000000000000005600f0000000000000005600f0000000000000005600f0000000000000005600f0000000000000005600f0000000000000005600f0000000000000005600f0000000000000005600f0000000000000005600f0000000000000005600f000000000000000
02:00:03.480 [DEBUG] [serial] Sin header 0xAA, descartando 128 bytes: f0000000000000005600f00000000000
02:00:03.490 [DEBUG] [serial] RX 128 bytes: 5600f0000000000000005600f0000000000000005600f0000000000000005600f0000000000000005600f0000000000000005600f0000000000000005600f0000000000000005600f0000000000000005600f0000000000000005600f0000000000000005600f0000000000000005600f0000000000000005600f00000000000
02:00:03.491 [DEBUG] [serial] Sin header 0xAA, descartando 128 bytes: 5600f0000000000000005600f0000000
02:00:03.501 [DEBUG] [serial] RX 128 bytes: 00005600f0000000000000005600f0000000000000005600f0000000000000005600f0000000000000005600f0000000000000005600f0000000000000005600f0000000000000005600f0000000000000005600f0000000000000005600f0000000000000005600f0000000000000005600f0000000000000005600f0000000
02:00:03.502 [DEBUG] [serial] Sin header 0xAA, descartando 128 bytes: 00005600f0000000000000005600f000
02:00:03.512 [DEBUG] [serial] RX 128 bytes: 000000005600f0000000000000005600f0000000000000005600f0000000000000005600f0000000000000005600f0000000000000005600f0000000000000005600f0000000000000005600f0000000000000005600f0000000000000005600f0000000000000005600f0000000000000005600f0000000000000005600f000
02:00:03.512 [DEBUG] [serial] Sin header 0xAA, descartando 128 bytes: 000000005600f0000000000000005600
02:00:03.523 [DEBUG] [serial] RX 128 bytes: 0000000000005600f0000000000000005600f0000000000000005600f0000000000000005600f0000000000000005600f0000000000000005600f0000000000000005600f0000000000000005600f0000000000000005600f0000000000000005600f0000000000000005600f0000000000000005600f0000000000000005600
02:00:03.524 [INFO] [GUI] Cerrando ventana...
02:00:03.524 [DEBUG] [serial] Sin header 0xAA, descartando 128 bytes: 0000000000005600f000000000000000
02:00:03.524 [INFO] [serial] Encolando TX CMD_STOP (close): bb05
02:00:03.524 [INFO] [serial] Solicitando parada del worker...
02:00:03.533 [INFO] [serial] TX CMD_STOP (close): bb05
02:00:03.533 [DEBUG] [serial] TX OK: 2 bytes escritos
02:00:03.533 [DEBUG] [serial] RX 128 bytes: f0000000000000005600f0000000000000005600f0000000000000005600f0000000000000005600f0000000000000005600f0000000000000005600f0000000000000005600f0000000000000005600f0000000000000005600f0000000000000005600f0000000000000005600f0000000000000005600f000000000000000
02:00:03.533 [DEBUG] [serial] Sin header 0xAA, descartando 128 bytes: f0000000000000005600f00000000000
02:00:03.534 [INFO] [serial] Loop de lectura terminado.
02:00:03.534 [INFO] [serial] Puerto cerrado.
02:00:03.534 [INFO] [GUI] Worker terminado, cerrando.
02:00:03.541 [INFO] [GUI] app.exec_() retorno con codigo 0
