04:02:00.863 [INFO] Log file: C:\Github\Tesis\src\python\geophone_scope - Copy\logs\scope_min_20260420_040200.log
04:02:00.863 [INFO] ============================================================
04:02:00.863 [INFO] scope_min.py arrancando
04:02:00.863 [INFO] ============================================================
04:02:00.863 [INFO] [USB] Buscando dispositivo Cypress (VID=0x04B4)...
04:02:00.870 [INFO] [USB] Puertos encontrados: 1
04:02:00.870 [INFO] [USB]   COM7 | VID=0x04b4 | PID=0xf139 | desc=KitProg USB-UART (COM7)
04:02:00.870 [INFO] [USB] -> Cypress encontrado en COM7
04:02:00.870 [INFO] Usando puerto: COM7
04:02:00.881 [INFO] [GUI] Iniciando ScopeWindow, puerto=COM7
04:02:00.882 [INFO] [GUI] Construyendo UI...
04:02:01.065 [INFO] [GUI] UI construida OK
04:02:01.066 [INFO] [GUI] Creando SerialWorker para COM7
04:02:01.066 [INFO] [serial] Abriendo puerto COM7 ...
04:02:01.066 [INFO] [GUI] SerialWorker iniciado
04:02:01.067 [INFO] [GUI] Timer de refresh iniciado (80ms)
04:02:01.067 [INFO] [GUI] ScopeWindow lista
04:02:01.288 [INFO] [GUI] app.exec_() — entrando en event loop Qt
04:02:01.288 [INFO] [serial] Puerto abierto: Serial<id=0x2ac7bf29d20, open=True>(port='COM7', baudrate=9600, bytesize=8, parity='N', stopbits=1, timeout=0.1, xonxoff=False, rtscts=False, dsrdtr=False)
04:02:01.288 [INFO] [serial] Entrando en loop de lectura...
04:02:01.391 [DEBUG] [serial] RX 98 bytes: 00aa00f800000000000000aa00f800000000000000aa00f800000000000000aa00f800000000000000aa00f800000000000000aa00f800000000000000aa00f800000000000000aa00f800000000000000aa00f800000000000000aa00f800000000
04:02:01.391 [DEBUG] [serial] Descartando 1 bytes antes de 0xAA
04:02:01.391 [DEBUG] [serial] PKT #1: flags=0x00 in=-2048 ds=0 flt=0
04:02:01.392 [DEBUG] [serial] PKT #2: flags=0x00 in=-2048 ds=0 flt=0
04:02:01.392 [DEBUG] [serial] PKT #3: flags=0x00 in=-2048 ds=0 flt=0
04:02:01.392 [DEBUG] [serial] PKT #4: flags=0x00 in=-2048 ds=0 flt=0
04:02:01.392 [DEBUG] [serial] PKT #5: flags=0x00 in=-2048 ds=0 flt=0
04:02:01.500 [DEBUG] [serial] RX 104 bytes: 000000aa00f800000000000000aa00f800000000000000aa00f800000000000000aa00f800000000000000aa00f800000000000000aa00f800000000000000aa00f800000000000000aa00f800000000000000aa00f800000000000000aa00f800000000000000aa
04:02:01.609 [DEBUG] [serial] RX 103 bytes: 00f800000000000000aa00f800000000000000aa00f800000000000000aa00f800000000000000aa00f800000000000000aa00f800000000000000aa00f800000000000000aa00f800000000000000aa00f800000000000000aa00f800000000000000aa00f800
04:02:01.718 [DEBUG] [serial] RX 104 bytes: 000000000000aa00f800000000000000aa00f800000000000000aa00f800000000000000aa00f800000000000000aa00f800000000000000aa00f800000000000000aa00f800000000000000aa00f800000000000000aa00f800000000000000aa00f80000000000
04:02:01.826 [DEBUG] [serial] RX 103 bytes: 0000aa00f800000000000000aa00f800000000000000aa00f800000000000000aa00f800000000000000aa00f800000000000000aa00f800000000000000aa00f800000000000000aa00f800000000000000aa00f800000000000000aa00f800000000000000aa
04:02:01.935 [DEBUG] [serial] RX 103 bytes: 00f800000000000000aa00f800000000000000aa00f800000000000000aa00f800000000000000aa00f800000000000000aa00f800000000000000aa00f800000000000000aa00f800000000000000aa00f800000000000000aa00f800000000000000aa00f800
04:02:02.044 [DEBUG] [serial] RX 104 bytes: 000000000000aa00f800000000000000aa00f800000000000000aa00f800000000000000aa00f800000000000000aa00f800000000000000aa00f800000000000000aa00f800000000000000aa00f800000000000000aa00f800000000000000aa00f80000000000
04:02:02.155 [DEBUG] [serial] RX 105 bytes: 0000aa00f800000000000000aa00f800000000000000aa00f800000000000000aa00f800000000000000aa00f800000000000000aa00f800000000000000aa00f800000000000000aa00f800000000000000aa00f800000000000000aa00f800000000000000aa00f8
04:02:02.263 [DEBUG] [serial] RX 103 bytes: 00000000000000aa00f800000000000000aa00f800000000000000aa00f800000000000000aa00f800000000000000aa00f800000000000000aa00f800000000000000aa00f800000000000000aa00f800000000000000aa00f800000000000000aa00f8000000
04:02:02.374 [DEBUG] [serial] RX 106 bytes: 00000000aa00f800000000000000aa00f800000000000000aa00f800000000000000aa00f800000000000000aa00f800000000000000aa00f800000000000000aa00f800000000000000aa00f800000000000000aa00f800000000000000aa00f800000000000000aa00
04:02:02.482 [DEBUG] [serial] RX 103 bytes: f800000000000000aa00f800000000000000aa00f800000000000000aa00f800000000000000aa00f800000000000000aa00f800000000000000aa00f800000000000000aa00f800000000000000aa00f800000000000000aa00f800000000000000aa00f80000
04:02:02.591 [DEBUG] [serial] RX 103 bytes: 0000000000aa00f800000000000000aa00f800000000000000aa00f800000000000000aa00f800000000000000aa00f800000000000000aa00f800000000000000aa00f800000000000000aa00f800000000000000aa00f800000000000000aa00f80000000000
04:02:02.699 [DEBUG] [serial] RX 104 bytes: 0000aa00f800000000000000aa00f800000000000000aa00f800000000000000aa00f800000000000000aa00f800000000000000aa00f800000000000000aa00f800000000000000aa00f800000000000000aa00f800000000000000aa00f800000000000000aa00
04:02:02.809 [DEBUG] [serial] RX 103 bytes: f800000000000000aa00f800000000000000aa00f800000000000000aa00f800000000000000aa00f800000000000000aa00f800000000000000aa00f800000000000000aa00f800000000000000aa00f800000000000000aa00f800000000000000aa00f80000
04:02:02.917 [DEBUG] [serial] RX 104 bytes: 0000000000aa00f800000000000000aa00f800000000000000aa00f800000000000000aa00f800000000000000aa00f800000000000000aa00f800000000000000aa00f800000000000000aa00f800000000000000aa00f800000000000000aa00f8000000000000
04:02:03.028 [DEBUG] [serial] RX 105 bytes: 00aa00f800000000000000aa00f800000000000000aa00f800000000000000aa00f800000000000000aa00f800000000000000aa00f800000000000000aa00f800000000000000aa00f800000000000000aa00f800000000000000aa00f800000000000000aa00f800
04:02:03.136 [DEBUG] [serial] RX 103 bytes: 000000000000aa00f800000000000000aa00f800000000000000aa00f800000000000000aa00f800000000000000aa00f800000000000000aa00f800000000000000aa00f800000000000000aa00f800000000000000aa00f800000000000000aa00f800000000
04:02:03.245 [DEBUG] [serial] RX 103 bytes: 000000aa00f800000000000000aa00f800000000000000aa00f800000000000000aa00f800000000000000aa00f800000000000000aa00f800000000000000aa00f800000000000000aa00f800000000000000aa00f800000000000000aa00f800000000000000
04:02:03.354 [DEBUG] [serial] RX 104 bytes: aa00f800000000000000aa00f800000000000000aa00f800000000000000aa00f800000000000000aa00f800000000000000aa00f800000000000000aa00f800000000000000aa00f800000000000000aa00f800000000000000aa00f800000000000000aa00f800
04:02:03.463 [DEBUG] [serial] RX 104 bytes: 000000000000aa00f800000000000000aa00f800000000000000aa00f800000000000000aa00f800000000000000aa00f800000000000000aa00f800000000000000aa00f800000000000000aa00f800000000000000aa00f800000000000000aa00f80000000000
04:02:03.572 [DEBUG] [serial] RX 104 bytes: 0000aa00f800000000000000aa00f800000000000000aa00f800000000000000aa00f800000000000000aa00f800000000000000aa00f800000000000000aa00f800000000000000aa00f800000000000000aa00f800000000000000aa00f800000000000000aa00
04:02:03.680 [DEBUG] [serial] RX 102 bytes: f800000000000000aa00f800000000000000aa00f800000000000000aa00f800000000000000aa00f800000000000000aa00f800000000000000aa00f800000000000000aa00f800000000000000aa00f800000000000000aa00f800000000000000aa00f800
04:02:03.787 [DEBUG] [serial] RX 103 bytes: 000000000000aa00f800000000000000aa00f800000000000000aa00f800000000000000aa00f800000000000000aa00f800000000000000aa00f800000000000000aa00f800000000000000aa00f800000000000000aa00f800000000000000aa00f800000000
04:02:03.899 [DEBUG] [serial] RX 105 bytes: 000000aa00f800000000000000aa00f800000000000000aa00f800000000000000aa00f800000000000000aa00f800000000000000aa00f800000000000000aa00f800000000000000aa00f800000000000000aa00f800000000000000aa00f800000000000000aa00
04:02:04.007 [DEBUG] [serial] RX 104 bytes: f800000000000000aa00f800000000000000aa00f800000000000000aa00f800000000000000aa00f800000000000000aa00f800000000000000aa00f800000000000000aa00f800000000000000aa00f800000000000000aa00f800000000000000aa00f8000000
04:02:04.116 [DEBUG] [serial] RX 103 bytes: 00000000aa00f800000000000000aa00f800000000000000aa00f800000000000000aa00f800000000000000aa00f800000000000000aa00f800000000000000aa00f800000000000000aa00f800000000000000aa00f800000000000000aa00f8000000000000
04:02:04.224 [DEBUG] [serial] RX 103 bytes: 00aa00f800000000000000aa00f800000000000000aa00f800000000000000aa00f800000000000000aa00f800000000000000aa00f800000000000000aa00f800000000000000aa00f800000000000000aa00f800000000000000aa00f800000000000000aa00
04:02:04.333 [DEBUG] [serial] RX 103 bytes: f800000000000000aa00f800000000000000aa00f800000000000000aa00f800000000000000aa00f800000000000000aa00f800000000000000aa00f800000000000000aa00f800000000000000aa00f800000000000000aa00f800000000000000aa00f80000
04:02:04.441 [DEBUG] [serial] RX 103 bytes: 0000000000aa00f800000000000000aa00f800000000000000aa00f800000000000000aa00f800000000000000aa00f800000000000000aa00f800000000000000aa00f800000000000000aa00f800000000000000aa00f800000000000000aa00f80000000000
04:02:04.550 [DEBUG] [serial] RX 104 bytes: 0000aa00f800000000000000aa00f800000000000000aa00f800000000000000aa00f800000000000000aa00f800000000000000aa00f800000000000000aa00f800000000000000aa00f800000000000000aa00f800000000000000aa00f800000000000000aa00
04:02:04.660 [DEBUG] [serial] RX 105 bytes: f800000000000000aa00f800000000000000aa00f800000000000000aa00f800000000000000aa00f800000000000000aa00f800000000000000aa00f800000000000000aa00f800000000000000aa00f800000000000000aa00f800000000000000aa00f800000000
04:02:04.770 [DEBUG] [serial] RX 104 bytes: 000000aa00f800000000000000aa00f800000000000000aa00f800000000000000aa00f800000000000000aa00f800000000000000aa00f800000000000000aa00f800000000000000aa00f800000000000000aa00f800000000000000aa00f800000000000000aa
04:02:04.879 [DEBUG] [serial] RX 103 bytes: 00f800000000000000aa00f800000000000000aa00f800000000000000aa00f800000000000000aa00f800000000000000aa00f800000000000000aa00f800000000000000aa00f800000000000000aa00f800000000000000aa00f800000000000000aa00f800
04:02:04.986 [DEBUG] [serial] RX 103 bytes: 000000000000aa00f800000000000000aa00f800000000000000aa00f800000000000000aa00f800000000000000aa00f800000000000000aa00f800000000000000aa00f800000000000000aa00f800000000000000aa00f800000000000000aa00f800000000
04:02:05.096 [DEBUG] [serial] RX 105 bytes: 000000aa00f800000000000000aa00f800000000000000aa00f800000000000000aa00f800000000000000aa00f800000000000000aa00f800000000000000aa00f800000000000000aa00f800000000000000aa00f800000000000000aa00f800000000000000aa00
04:02:05.206 [DEBUG] [serial] RX 104 bytes: f800000000000000aa00f800000000000000aa00f800000000000000aa00f800000000000000aa00f800000000000000aa00f800000000000000aa00f800000000000000aa00f800000000000000aa00f800000000000000aa00f800000000000000aa00f8000000
04:02:05.315 [DEBUG] [serial] RX 104 bytes: 00000000aa00f800000000000000aa00f800000000000000aa00f800000000000000aa00f800000000000000aa00f800000000000000aa00f800000000000000aa00f800000000000000aa00f800000000000000aa00f800000000000000aa00f800000000000000
04:02:05.424 [DEBUG] [serial] RX 104 bytes: aa00f800000000000000aa00f800000000000000aa00f800000000000000aa00f800000000000000aa00f800000000000000aa00f800000000000000aa00f800000000000000aa00f800000000000000aa00f800000000000000aa00f800000000000000aa00f800
04:02:05.533 [DEBUG] [serial] RX 103 bytes: 000000000000aa00f800000000000000aa00f800000000000000aa00f800000000000000aa00f800000000000000aa00f800000000000000aa00f800000000000000aa00f800000000000000aa00f800000000000000aa00f800000000000000aa00f800000000
04:02:05.642 [DEBUG] [serial] RX 104 bytes: 000000aa00f800000000000000aa00f800000000000000aa00f800000000000000aa00f800000000000000aa00f800000000000000aa00f800000000000000aa00f800000000000000aa00f800000000000000aa00f800000000000000aa00f800000000000000aa
04:02:05.751 [DEBUG] [serial] RX 103 bytes: 00f800000000000000aa00f800000000000000aa00f800000000000000aa00f800000000000000aa00f800000000000000aa00f800000000000000aa00f800000000000000aa00f800000000000000aa00f800000000000000aa00f800000000000000aa00f800
04:02:05.860 [DEBUG] [serial] RX 104 bytes: 000000000000aa00f800000000000000aa00f800000000000000aa00f800000000000000aa00f800000000000000aa00f800000000000000aa00f800000000000000aa00f800000000000000aa00f800000000000000aa00f800000000000000aa00f80000000000
04:02:05.969 [DEBUG] [serial] RX 104 bytes: 0000aa00f800000000000000aa00f800000000000000aa00f800000000000000aa00f800000000000000aa00f800000000000000aa00f800000000000000aa00f800000000000000aa00f800000000000000aa00f800000000000000aa00f800000000000000aa00
04:02:06.078 [DEBUG] [serial] RX 104 bytes: f800000000000000aa00f800000000000000aa00f800000000000000aa00f800000000000000aa00f800000000000000aa00f800000000000000aa00f800000000000000aa00f800000000000000aa00f800000000000000aa00f800000000000000aa00f8000000
04:02:06.079 [INFO] [serial] Stats: 455 pkts, 4557 bytes rx
04:02:06.187 [DEBUG] [serial] RX 104 bytes: 00000000aa00f800000000000000aa00f800000000000000aa00f800000000000000aa00f800000000000000aa00f800000000000000aa00f800000000000000aa00f800000000000000aa00f800000000000000aa00f800000000000000aa00f800000000000000
04:02:06.297 [DEBUG] [serial] RX 104 bytes: aa00f800000000000000aa00f800000000000000aa00f800000000000000aa00f800000000000000aa00f800000000000000aa00f800000000000000aa00f800000000000000aa00f800000000000000aa00f800000000000000aa00f800000000000000aa00f800
04:02:06.406 [DEBUG] [serial] RX 103 bytes: 000000000000aa00f800000000000000aa00f800000000000000aa00f800000000000000aa00f800000000000000aa00f800000000000000aa00f800000000000000aa00f800000000000000aa00f800000000000000aa00f800000000000000aa00f800000000
04:02:06.413 [INFO] [GUI] Click MuxIn -> 1
04:02:06.413 [INFO] [serial] Encolando TX CMD_MUX_IN sel=1: bb0101
04:02:06.515 [INFO] [serial] TX CMD_MUX_IN sel=1: bb0101
04:02:06.515 [DEBUG] [serial] TX OK: 3 bytes escritos
04:02:06.515 [DEBUG] [serial] RX 104 bytes: 000000aa00f800000000000000aa00f800000000000000aa00f800000000000000aa00f800000000000000aa00f800000000000000aa00f800000000000000aa00f800000000000000aa00f800000000000000aa00f800000000000000aa00f800000000000000aa
04:02:06.623 [DEBUG] [serial] RX 103 bytes: 00f800000000000000aa00f800000000000000aa00f800000000000000aa00f800000000000000aa00f800000000000000aa00f800000000000000aa00f800000000000000aa00f800000000000000aa00f800000000000000aa00f800000000000000aa00f800
04:02:06.623 [DEBUG] [serial] PKT #500: flags=0x00 in=-2048 ds=0 flt=0
04:02:06.732 [DEBUG] [serial] RX 104 bytes: 000000000000aa00f800000000000000aa00f800000000000000aa00f800000000000000aa00f800000000000000aa00f800000000000000aa00f800000000000000aa00f800000000000000aa00f800000000000000aa00f800000000000000aa00f80000000000
04:02:06.842 [DEBUG] [serial] RX 104 bytes: 0000aa00f800000000000000aa00f800000000000000aa00f800000000000000aa00f800000000000000aa00f800000000000000aa00f800000000000000aa01f800000000000000aa01f800000000000000aa01f800000000000000aa01f800000000000000aa01
04:02:06.951 [DEBUG] [serial] RX 104 bytes: f800000000000000aa01f800000000000000aa01f800000000000000aa01f800000000000000aa01f800000000000000aa01f800000000000000aa01f800000000000000aa01f800000000000000aa01f800000000000000aa01f800000000000000aa01f8000000
04:02:07.058 [DEBUG] [serial] RX 102 bytes: 00000000aa01f800000000000000aa01f800000000000000aa01f800000000000000aa01f800000000000000aa01f800000000000000aa01f800000000000000aa01f800000000000000aa01f800000000000000aa01f800000000000000aa01f80000000000
04:02:07.167 [DEBUG] [serial] RX 104 bytes: 0000aa01f800000000000000aa01f800000000000000aa01f800000000000000aa01f800000000000000aa01f800000000000000aa01f800000000000000aa01f800000000000000aa01f800000000000000aa01f800000000000000aa01f800000000000000aa01
04:02:07.278 [DEBUG] [serial] RX 105 bytes: f800000000000000aa01f800000000000000aa01f800000000000000aa01f800000000000000aa01f800000000000000aa01f800000000000000aa01f800000000000000aa01f800000000000000aa01f800000000000000aa01f800000000000000aa01f800000000
04:02:07.388 [DEBUG] [serial] RX 104 bytes: 000000aa01f800000000000000aa01f800000000000000aa01f800000000000000aa01f800000000000000aa01f800000000000000aa01f800000000000000aa01f800000000000000aa01f800000000000000aa01f800000000000000aa01f800000000000000aa
04:02:07.498 [DEBUG] [serial] RX 105 bytes: 01f800000000000000aa01f800000000000000aa01f800000000000000aa01f800000000000000aa01f800000000000000aa01f800000000000000aa01f800000000000000aa01f800000000000000aa01f800000000000000aa01f800000000000000aa01f8000000
04:02:07.605 [DEBUG] [serial] RX 102 bytes: 00000000aa01f800000000000000aa01f800000000000000aa01f800000000000000aa01f800000000000000aa01f800000000000000aa01f800000000000000aa01f800000000000000aa01f800000000000000aa01f800000000000000aa01f80000000000
04:02:07.713 [DEBUG] [serial] RX 103 bytes: 0000aa01f800000000000000aa01f800000000000000aa01f800000000000000aa01f800000000000000aa01f800000000000000aa01f800000000000000aa01f800000000000000aa01f800000000000000aa01f800000000000000aa01f800000000000000aa
04:02:07.822 [DEBUG] [serial] RX 103 bytes: 01f800000000000000aa01f800000000000000aa01f800000000000000aa01f800000000000000aa01f800000000000000aa01f800000000000000aa01f800000000000000aa01f800000000000000aa01f800000000000000aa01f800000000000000aa01f800
04:02:07.930 [DEBUG] [serial] RX 104 bytes: 000000000000aa01f800000000000000aa01f800000000000000aa01f800000000000000aa01f800000000000000aa01f800000000000000aa01f800000000000000aa01f800000000000000aa01f800000000000000aa01f800000000000000aa01f80000000000
04:02:08.039 [DEBUG] [serial] RX 103 bytes: 0000aa01f800000000000000aa01f800000000000000aa01f800000000000000aa01f800000000000000aa01f800000000000000aa01f800000000000000aa01f800000000000000aa01f800000000000000aa01f800000000000000aa01f800000000000000aa
04:02:08.149 [DEBUG] [serial] RX 105 bytes: 01f800000000000000aa01f800000000000000aa01f800000000000000aa01f800000000000000aa01f800000000000000aa01f800000000000000aa01f800000000000000aa01f800000000000000aa01f800000000000000aa01f800000000000000aa01f8000000
04:02:08.256 [DEBUG] [serial] RX 101 bytes: 00000000aa01f800000000000000aa01f800000000000000aa01f800000000000000aa01f800000000000000aa01f800000000000000aa01f800000000000000aa01f800000000000000aa01f800000000000000aa01f800000000000000aa01f800000000
04:02:08.366 [DEBUG] [serial] RX 105 bytes: 000000aa01f800000000000000aa01f800000000000000aa01f800000000000000aa01f800000000000000aa01f800000000000000aa01f800000000000000aa01f800000000000000aa01f800000000000000aa01f800000000000000aa01f800000000000000aa01
04:02:08.476 [DEBUG] [serial] RX 105 bytes: f800000000000000aa01f800000000000000aa01f800000000000000aa01f800000000000000aa01f800000000000000aa01f800000000000000aa01f800000000000000aa01f800000000000000aa01f800000000000000aa01f800000000000000aa01f800000000
04:02:08.586 [DEBUG] [serial] RX 105 bytes: 000000aa01f800000000000000aa01f800000000000000aa01f800000000000000aa01f800000000000000aa01f800000000000000aa01f800000000000000aa01f800000000000000aa01f800000000000000aa01f800000000000000aa01f800000000000000aa01
04:02:08.696 [DEBUG] [serial] RX 104 bytes: f800000000000000aa01f800000000000000aa01f800000000000000aa01f800000000000000aa01f800000000000000aa01f800000000000000aa01f800000000000000aa01f800000000000000aa01f800000000000000aa01f800000000000000aa01f8000000
04:02:08.806 [DEBUG] [serial] RX 104 bytes: 00000000aa01f800000000000000aa01f800000000000000aa01f800000000000000aa01f800000000000000aa01f800000000000000aa01f800000000000000aa01f800000000000000aa01f800000000000000aa01f800000000000000aa01f800000000000000
04:02:08.916 [DEBUG] [serial] RX 105 bytes: aa01f800000000000000aa01f800000000000000aa01f800000000000000aa01f800000000000000aa01f800000000000000aa01f800000000000000aa01f800000000000000aa01f800000000000000aa01f800000000000000aa01f800000000000000aa01f80000
04:02:09.024 [DEBUG] [serial] RX 103 bytes: 0000000000aa01f800000000000000aa01f800000000000000aa01f800000000000000aa01f800000000000000aa01f800000000000000aa01f800000000000000aa01f800000000000000aa01f800000000000000aa01f800000000000000aa01f80000000000
04:02:09.132 [DEBUG] [serial] RX 103 bytes: 0000aa01f800000000000000aa01f800000000000000aa01f800000000000000aa01f800000000000000aa01f800000000000000aa01f800000000000000aa01f800000000000000aa01f800000000000000aa01f800000000000000aa01f800000000000000aa
04:02:09.241 [DEBUG] [serial] RX 104 bytes: 01f800000000000000aa01f800000000000000aa01f800000000000000aa01f800000000000000aa01f800000000000000aa01f800000000000000aa01f800000000000000aa01f800000000000000aa01f800000000000000aa01f800000000000000aa01f80000
04:02:09.350 [DEBUG] [serial] RX 103 bytes: 0000000000aa01f800000000000000aa01f800000000000000aa01f800000000000000aa01f800000000000000aa01f800000000000000aa01f800000000000000aa01f800000000000000aa01f800000000000000aa01f800000000000000aa01f80000000000
04:02:09.458 [DEBUG] [serial] RX 103 bytes: 0000aa01f800000000000000aa01f800000000000000aa01f800000000000000aa01f800000000000000aa01f800000000000000aa01f800000000000000aa01f800000000000000aa01f800000000000000aa01f800000000000000aa01f800000000000000aa
04:02:09.568 [DEBUG] [serial] RX 104 bytes: 01f800000000000000aa01f800000000000000aa01f800000000000000aa01f800000000000000aa01f800000000000000aa01f800000000000000aa01f800000000000000aa01f800000000000000aa01f800000000000000aa01f800000000000000aa01f80000
04:02:09.677 [DEBUG] [serial] RX 104 bytes: 0000000000aa01f800000000000000aa01f800000000000000aa01f800000000000000aa01f800000000000000aa01f800000000000000aa01f800000000000000aa01f800000000000000aa01f800000000000000aa01f800000000000000aa01f8000000000000
04:02:09.785 [DEBUG] [serial] RX 103 bytes: 00aa01f800000000000000aa01f800000000000000aa01f800000000000000aa01f800000000000000aa01f800000000000000aa01f800000000000000aa01f800000000000000aa01f800000000000000aa01f800000000000000aa01f800000000000000aa01
04:02:09.894 [DEBUG] [serial] RX 103 bytes: f800000000000000aa01f800000000000000aa01f800000000000000aa01f800000000000000aa01f800000000000000aa01f800000000000000aa01f800000000000000aa01f800000000000000aa01f800000000000000aa01f800000000000000aa01f80000
04:02:10.003 [DEBUG] [serial] RX 104 bytes: 0000000000aa01f800000000000000aa01f800000000000000aa01f800000000000000aa01f800000000000000aa01f800000000000000aa01f800000000000000aa01f800000000000000aa01f800000000000000aa01f800000000000000aa01f8000000000000
04:02:10.112 [DEBUG] [serial] RX 104 bytes: 00aa01f800000000000000aa01f800000000000000aa01f800000000000000aa01f800000000000000aa01f800000000000000aa01f800000000000000aa01f800000000000000aa01f800000000000000aa01f800000000000000aa01f800000000000000aa01f8
04:02:10.221 [DEBUG] [serial] RX 104 bytes: 00000000000000aa01f800000000000000aa01f800000000000000aa01f800000000000000aa01f800000000000000aa01f800000000000000aa01f800000000000000aa01f800000000000000aa01f800000000000000aa01f800000000000000aa01f800000000
04:02:10.321 [INFO] [GUI] Freq cambiada a 150.0 Hz (freq_dh=1500)
04:02:10.321 [INFO] [serial] Encolando TX CMD_FREQ freq=150.0Hz dh=1500: bb0305dc
04:02:10.332 [INFO] [serial] TX CMD_FREQ freq=150.0Hz dh=1500: bb0305dc
04:02:10.332 [DEBUG] [serial] TX OK: 4 bytes escritos
04:02:10.332 [DEBUG] [serial] RX 105 bytes: 000000aa01f800000000000000aa01f800000000000000aa01f800000000000000aa01f800000000000000aa01f800000000000000aa01f800000000000000aa01f800000000000000aa01f800000000000000aa01f800000000000000aa01f800000000000000aa01
04:02:10.440 [DEBUG] [serial] RX 103 bytes: f800000000000000aa01f800000000000000aa01f800000000000000aa01f800000000000000aa01f800000000000000aa01f800000000000000aa01f800000000000000aa01f800000000000000aa01f800000000000000aa01f800000000000000aa01f80000
04:02:10.550 [DEBUG] [serial] RX 105 bytes: 0000000000aa01f800000000000000aa01f800000000000000aa01f800000000000000aa01f800000000000000aa01f800000000000000aa01f800000000000000aa01f800000000000000aa01f800000000000000aa01f800000000000000aa01f800000000000000
04:02:10.661 [DEBUG] [serial] RX 61 bytes: aa01f800000000000000aa01f800000000000000aa01f800000000000000aa01f800000000000000aa01f800000000000000aa01f800000000000000aa
04:02:14.793 [INFO] [GUI] Freq cambiada a 150.0 Hz (freq_dh=1500)
04:02:14.793 [INFO] [serial] Encolando TX CMD_FREQ freq=150.0Hz dh=1500: bb0305dc
04:02:14.897 [INFO] [serial] TX CMD_FREQ freq=150.0Hz dh=1500: bb0305dc
04:02:14.897 [DEBUG] [serial] TX OK: 4 bytes escritos
04:02:16.201 [INFO] [GUI] Freq cambiada a 150.0 Hz (freq_dh=1500)
04:02:16.201 [INFO] [serial] Encolando TX CMD_FREQ freq=150.0Hz dh=1500: bb0305dc
04:02:16.202 [INFO] [serial] TX CMD_FREQ freq=150.0Hz dh=1500: bb0305dc
04:02:16.202 [DEBUG] [serial] TX OK: 4 bytes escritos
04:02:17.753 [INFO] [GUI] Freq cambiada a 150.0 Hz (freq_dh=1500)
04:02:17.754 [INFO] [serial] Encolando TX CMD_FREQ freq=150.0Hz dh=1500: bb0305dc
04:02:17.836 [INFO] [serial] TX CMD_FREQ freq=150.0Hz dh=1500: bb0305dc
04:02:17.836 [DEBUG] [serial] TX OK: 4 bytes escritos
04:02:19.092 [INFO] [GUI] Freq cambiada a 150.0 Hz (freq_dh=1500)
04:02:19.092 [INFO] [serial] Encolando TX CMD_FREQ freq=150.0Hz dh=1500: bb0305dc
04:02:19.138 [INFO] [serial] TX CMD_FREQ freq=150.0Hz dh=1500: bb0305dc
04:02:19.139 [DEBUG] [serial] TX OK: 4 bytes escritos
04:02:19.199 [INFO] [GUI] Click START
04:02:19.199 [INFO] [serial] Encolando TX CMD_START: bb04
04:02:19.247 [INFO] [serial] TX CMD_START: bb04
04:02:19.249 [DEBUG] [serial] TX OK: 2 bytes escritos
04:02:20.127 [INFO] [GUI] Click STOP
04:02:20.127 [INFO] [serial] Encolando TX CMD_STOP: bb05
04:02:20.228 [INFO] [serial] TX CMD_STOP: bb05
04:02:20.228 [DEBUG] [serial] TX OK: 2 bytes escritos
04:02:21.127 [INFO] [GUI] Click START
04:02:21.127 [INFO] [serial] Encolando TX CMD_START: bb04
04:02:21.207 [INFO] [serial] TX CMD_START: bb04
04:02:21.207 [DEBUG] [serial] TX OK: 2 bytes escritos
04:02:23.518 [INFO] [GUI] Click STOP
04:02:23.518 [INFO] [serial] Encolando TX CMD_STOP: bb05
04:02:23.604 [INFO] [serial] TX CMD_STOP: bb05
04:02:23.604 [DEBUG] [serial] TX OK: 2 bytes escritos
04:04:04.377 [INFO] [GUI] Freq cambiada a 1.0 Hz (freq_dh=10)
04:04:04.377 [INFO] [serial] Encolando TX CMD_FREQ freq=1.0Hz dh=10: bb03000a
04:04:04.383 [INFO] [serial] TX CMD_FREQ freq=1.0Hz dh=10: bb03000a
04:04:04.383 [DEBUG] [serial] TX OK: 4 bytes escritos
04:04:06.029 [INFO] [GUI] Freq cambiada a 1.0 Hz (freq_dh=10)
04:04:06.030 [INFO] [serial] Encolando TX CMD_FREQ freq=1.0Hz dh=10: bb03000a
04:04:06.128 [INFO] [serial] TX CMD_FREQ freq=1.0Hz dh=10: bb03000a
04:04:06.129 [DEBUG] [serial] TX OK: 4 bytes escritos
04:04:06.129 [INFO] [GUI] Click START
04:04:06.129 [INFO] [serial] Encolando TX CMD_START: bb04
04:04:06.238 [INFO] [serial] TX CMD_START: bb04
04:04:06.238 [DEBUG] [serial] TX OK: 2 bytes escritos
04:04:11.025 [DEBUG] [serial] RX 48 bytes: aa00f800000000000000aa00f800000000000000aa00f800000000000000aa00f800000000000000aa00f80000000000
04:04:11.025 [DEBUG] [serial] Descartando 1 bytes antes de 0xAA
04:04:11.025 [INFO] [serial] Stats: 891 pkts, 8920 bytes rx
04:04:11.136 [DEBUG] [serial] RX 105 bytes: 0000aa00f800000000000000aa00f800000000000000aa00f800000000000000aa00f800000000000000aa00f800000000000000aa00f800000000000000aa00f800000000000000aa00f800000000000000aa00f800000000000000aa00f800000000000000aa00f8
04:04:11.244 [DEBUG] [serial] RX 103 bytes: 00000000000000aa00f800000000000000aa00f800000000000000aa00f800000000000000aa00f800000000000000aa00f800000000000000aa00f800000000000000aa00f800000000000000aa00f800000000000000aa00f800000000000000aa00f8000000
04:04:11.353 [DEBUG] [serial] RX 104 bytes: 00000000aa00f800000000000000aa00f800000000000000aa00f800000000000000aa00f800000000000000aa00f800000000000000aa00f800000000000000aa00f800000000000000aa00f800000000000000aa00f800000000000000aa00f800000000000000
04:04:11.461 [DEBUG] [serial] RX 103 bytes: aa00f800000000000000aa00f800000000000000aa00f800000000000000aa00f800000000000000aa00f800000000000000aa00f800000000000000aa00f800000000000000aa00f800000000000000aa00f800000000000000aa00f800000000000000aa00f8
04:04:11.570 [DEBUG] [serial] RX 103 bytes: 00000000000000aa00f800000000000000aa00f800000000000000aa00f800000000000000aa00f800000000000000aa00f800000000000000aa00f800000000000000aa00f800000000000000aa00f800000000000000aa00f800000000000000aa00f8000000
04:04:11.679 [DEBUG] [serial] RX 104 bytes: 00000000aa00f800000000000000aa00f800000000000000aa00f800000000000000aa00f800000000000000aa00f800000000000000aa00f800000000000000aa00f800000000000000aa00f800000000000000aa00f800000000000000aa00f800000000000000
04:04:11.788 [DEBUG] [serial] RX 104 bytes: aa00f800000000000000aa00f800000000000000aa00f800000000000000aa00f800000000000000aa00f800000000000000aa00f800000000000000aa00f800000000000000aa00f800000000000000aa00f800000000000000aa00f800000000000000aa00f800
04:04:11.898 [DEBUG] [serial] RX 104 bytes: 000000000000aa00f800000000000000aa00f800000000000000aa00f800000000000000aa00f800000000000000aa00f800000000000000aa00f800000000000000aa00f800000000000000aa00f800000000000000aa00f800000000000000aa00f80000000000
04:04:12.006 [DEBUG] [serial] RX 103 bytes: 0000aa00f800000000000000aa00f800000000000000aa00f800000000000000aa00f800000000000000aa00f800000000000000aa00f800000000000000aa00f800000000000000aa00f800000000000000aa00f800000000000000aa00f800000000000000aa
04:04:12.115 [DEBUG] [serial] RX 98 bytes: 00f800000000000000aa00f800000000000000aa00f800000000000000aa00f800000000000000aa00f800000000000000aa00f800000000000000aa00f800000000000000aa00f800000000000000aa00f800000000000000aa00f8000000000000
04:04:12.549 [DEBUG] [serial] RX 84 bytes: aa00f800000000000000aa00f800000000000000aa00f800000000000000aa00f800000000000000aa00f800000000000000aa00f800000000000000aa00f800000000000000aa00f800000000000000aa00f800
04:04:12.550 [DEBUG] [serial] Descartando 9 bytes antes de 0xAA
04:04:12.550 [DEBUG] [serial] PKT #1000: flags=0x00 in=-2048 ds=0 flt=0
04:04:12.660 [DEBUG] [serial] RX 106 bytes: 000000000000aa00f800000000000000aa00f800000000000000aa00f800000000000000aa00f800000000000000aa00f800000000000000aa00f800000000000000aa00f800000000000000aa00f800000000000000aa00f800000000000000aa00f800000000000000
04:04:12.767 [DEBUG] [serial] RX 102 bytes: aa00f800000000000000aa00f800000000000000aa00f800000000000000aa00f800000000000000aa00f800000000000000aa00f800000000000000aa00f800000000000000aa00f800000000000000aa00f800000000000000aa00f800000000000000aa00
04:04:12.876 [DEBUG] [serial] RX 103 bytes: f800000000000000aa00f800000000000000aa00f800000000000000aa00f800000000000000aa00f800000000000000aa00f800000000000000aa00f800000000000000aa00f800000000000000aa00f800000000000000aa00f800000000000000aa00f80000
04:04:12.985 [DEBUG] [serial] RX 104 bytes: 0000000000aa00f800000000000000aa00f800000000000000aa00f800000000000000aa00f800000000000000aa00f800000000000000aa00f800000000000000aa00f800000000000000aa00f800000000000000aa00f800000000000000aa00f8000000000000
04:04:13.095 [DEBUG] [serial] RX 105 bytes: 00aa00f800000000000000aa00f800000000000000aa00f800000000000000aa00f800000000000000aa00f800000000000000aa00f800000000000000aa00f800000000000000aa00f800000000000000aa00f800000000000000aa00f800000000000000aa00f800
04:04:13.202 [DEBUG] [serial] RX 101 bytes: 000000000000aa00f800000000000000aa00f800000000000000aa00f800000000000000aa00f800000000000000aa00f800000000000000aa00f800000000000000aa00f800000000000000aa00f800000000000000aa00f800000000000000aa00f80000
04:04:13.312 [DEBUG] [serial] RX 105 bytes: 0000000000aa00f800000000000000aa00f800000000000000aa00f800000000000000aa00f800000000000000aa00f800000000000000aa00f800000000000000aa00f800000000000000aa00f800000000000000aa00f800000000000000aa00f800000000000000
04:04:13.421 [DEBUG] [serial] RX 104 bytes: aa00f800000000000000aa00f800000000000000aa00f800000000000000aa00f800000000000000aa00f800000000000000aa00f800000000000000aa00f800000000000000aa00f800000000000000aa00f800000000000000aa00f800000000000000aa00f800
04:04:13.529 [DEBUG] [serial] RX 103 bytes: 000000000000aa00f800000000000000aa00f800000000000000aa00f800000000000000aa00f800000000000000aa00f800000000000000aa00f800000000000000aa00f800000000000000aa00f800000000000000aa00f800000000000000aa00f800000000
04:04:13.637 [DEBUG] [serial] RX 103 bytes: 000000aa00f800000000000000aa00f800000000000000aa00f800000000000000aa00f800000000000000aa00f800000000000000aa00f800000000000000aa00f800000000000000aa00f800000000000000aa00f800000000000000aa00f800000000000000
04:04:13.746 [DEBUG] [serial] RX 103 bytes: aa00f800000000000000aa00f800000000000000aa00f800000000000000aa00f800000000000000aa00f800000000000000aa00f800000000000000aa00f800000000000000aa00f800000000000000aa00f800000000000000aa00f800000000000000aa00f8
04:04:13.857 [DEBUG] [serial] RX 105 bytes: 00000000000000aa00f800000000000000aa00f800000000000000aa00f800000000000000aa00f800000000000000aa00f800000000000000aa00f800000000000000aa00f800000000000000aa00f800000000000000aa00f800000000000000aa00f80000000000
04:04:13.965 [DEBUG] [serial] RX 103 bytes: 0000aa00f800000000000000aa00f800000000000000aa00f800000000000000aa00f800000000000000aa00f800000000000000aa00f800000000000000aa00f800000000000000aa00f800000000000000aa00f800000000000000aa00f800000000000000aa
04:04:14.074 [DEBUG] [serial] RX 104 bytes: 00f800000000000000aa00f800000000000000aa00f800000000000000aa00f800000000000000aa00f800000000000000aa00f800000000000000aa00f800000000000000aa00f800000000000000aa00f800000000000000aa00f800000000000000aa00f80000
04:04:14.182 [DEBUG] [serial] RX 103 bytes: 0000000000aa00f800000000000000aa00f800000000000000aa00f800000000000000aa00f800000000000000aa00f800000000000000aa00f800000000000000aa00f800000000000000aa00f800000000000000aa00f800000000000000aa00f80000000000
04:04:14.290 [DEBUG] [serial] RX 103 bytes: 0000aa00f800000000000000aa00f800000000000000aa00f800000000000000aa00f800000000000000aa00f800000000000000aa00f800000000000000aa00f800000000000000aa00f800000000000000aa00f800000000000000aa00f800000000000000aa
04:04:14.399 [DEBUG] [serial] RX 104 bytes: 00f800000000000000aa00f800000000000000aa00f800000000000000aa00f800000000000000aa00f800000000000000aa00f800000000000000aa00f800000000000000aa00f800000000000000aa00f800000000000000aa00f800000000000000aa00f80000
04:04:14.509 [DEBUG] [serial] RX 104 bytes: 0000000000aa00f800000000000000aa00f800000000000000aa00f800000000000000aa00f800000000000000aa00f800000000000000aa00f800000000000000aa00f800000000000000aa00f800000000000000aa00f800000000000000aa00f8000000000000
04:04:14.619 [DEBUG] [serial] RX 104 bytes: 00aa00f800000000000000aa00f800000000000000aa00f800000000000000aa00f800000000000000aa00f800000000000000aa00f800000000000000aa00f800000000000000aa00f800000000000000aa00f800000000000000aa00f800000000000000aa00f8
04:04:14.728 [DEBUG] [serial] RX 104 bytes: 00000000000000aa00f800000000000000aa00f800000000000000aa00f800000000000000aa00f800000000000000aa00f800000000000000aa00f800000000000000aa00f800000000000000aa00f800000000000000aa00f800000000000000aa00f800000000
04:04:14.836 [DEBUG] [serial] RX 103 bytes: 000000aa00f800000000000000aa00f800000000000000aa00f800000000000000aa00f800000000000000aa00f800000000000000aa00f800000000000000aa00f800000000000000aa00f800000000000000aa00f800000000000000aa00f800000000000000
04:04:14.946 [DEBUG] [serial] RX 104 bytes: aa00f800000000000000aa00f800000000000000aa00f800000000000000aa00f800000000000000aa00f800000000000000aa00f800000000000000aa00f800000000000000aa00f800000000000000aa00f800000000000000aa00f800000000000000aa00f800
04:04:15.054 [DEBUG] [serial] RX 103 bytes: 000000000000aa00f800000000000000aa00f800000000000000aa00f800000000000000aa00f800000000000000aa00f800000000000000aa00f800000000000000aa00f800000000000000aa00f800000000000000aa00f800000000000000aa00f800000000
04:04:15.164 [DEBUG] [serial] RX 105 bytes: 000000aa00f800000000000000aa00f800000000000000aa00f800000000000000aa00f800000000000000aa00f800000000000000aa00f800000000000000aa00f800000000000000aa00f800000000000000aa00f800000000000000aa00f800000000000000aa00
04:04:15.273 [DEBUG] [serial] RX 104 bytes: f800000000000000aa00f800000000000000aa00f800000000000000aa00f800000000000000aa00f800000000000000aa00f800000000000000aa00f800000000000000aa00f800000000000000aa00f800000000000000aa00f800000000000000aa00f8000000
04:04:15.383 [DEBUG] [serial] RX 104 bytes: 00000000aa00f800000000000000aa00f800000000000000aa00f800000000000000aa00f800000000000000aa00f800000000000000aa00f800000000000000aa00f800000000000000aa00f800000000000000aa00f800000000000000aa00f800000000000000
04:04:15.490 [DEBUG] [serial] RX 102 bytes: aa00f800000000000000aa00f800000000000000aa00f800000000000000aa00f800000000000000aa00f800000000000000aa00f800000000000000aa00f800000000000000aa00f800000000000000aa00f800000000000000aa00f800000000000000aa00
04:04:15.599 [DEBUG] [serial] RX 104 bytes: f800000000000000aa00f800000000000000aa00f800000000000000aa00f800000000000000aa00f800000000000000aa00f800000000000000aa00f800000000000000aa00f800000000000000aa00f800000000000000aa00f800000000000000aa00f8000000
04:04:15.710 [DEBUG] [serial] RX 105 bytes: 00000000aa00f800000000000000aa00f800000000000000aa00f800000000000000aa00f800000000000000aa00f800000000000000aa00f800000000000000aa00f800000000000000aa00f800000000000000aa00f800000000000000aa00f800000000000000aa
04:04:15.818 [DEBUG] [serial] RX 104 bytes: 00f800000000000000aa00f800000000000000aa00f800000000000000aa00f800000000000000aa00f800000000000000aa00f800000000000000aa00f800000000000000aa00f800000000000000aa00f800000000000000aa00f800000000000000aa00f80000
04:04:15.927 [DEBUG] [serial] RX 103 bytes: 0000000000aa00f800000000000000aa00f800000000000000aa00f800000000000000aa00f800000000000000aa00f800000000000000aa00f800000000000000aa00f800000000000000aa00f800000000000000aa00f800000000000000aa00f80000000000
04:04:16.036 [DEBUG] [serial] RX 104 bytes: 0000aa00f800000000000000aa00f800000000000000aa00f800000000000000aa00f800000000000000aa00f800000000000000aa00f800000000000000aa00f800000000000000aa00f800000000000000aa00f800000000000000aa00f800000000000000aa00
04:04:16.037 [INFO] [serial] Stats: 1334 pkts, 13353 bytes rx
04:04:16.145 [DEBUG] [serial] RX 103 bytes: f800000000000000aa00f800000000000000aa00f800000000000000aa00f800000000000000aa00f800000000000000aa00f800000000000000aa00f800000000000000aa00f800000000000000aa00f800000000000000aa00f800000000000000aa00f80000
04:04:16.254 [DEBUG] [serial] RX 104 bytes: 0000000000aa00f800000000000000aa00f800000000000000aa00f800000000000000aa00f800000000000000aa00f800000000000000aa00f800000000000000aa00f800000000000000aa00f800000000000000aa00f800000000000000aa00f8000000000000
04:04:16.364 [DEBUG] [serial] RX 104 bytes: 00aa00f800000000000000aa00f800000000000000aa00f800000000000000aa00f800000000000000aa00f800000000000000aa00f800000000000000aa00f800000000000000aa00f800000000000000aa00f800000000000000aa00f800000000000000aa00f8
04:04:16.471 [DEBUG] [serial] RX 102 bytes: 00000000000000aa00f800000000000000aa00f800000000000000aa00f800000000000000aa00f800000000000000aa00f800000000000000aa00f800000000000000aa00f800000000000000aa00f800000000000000aa00f800000000000000aa00f80000
04:04:16.579 [DEBUG] [serial] RX 104 bytes: 0000000000aa00f800000000000000aa00f800000000000000aa00f800000000000000aa00f800000000000000aa00f800000000000000aa00f800000000000000aa00f800000000000000aa00f800000000000000aa00f800000000000000aa00f8000000000000
04:04:16.688 [DEBUG] [serial] RX 103 bytes: 00aa00f800000000000000aa00f800000000000000aa00f800000000000000aa00f800000000000000aa00f800000000000000aa00f800000000000000aa00f800000000000000aa00f800000000000000aa00f800000000000000aa00f800000000000000aa00
04:04:16.797 [DEBUG] [serial] RX 104 bytes: f800000000000000aa00f800000000000000aa00f800000000000000aa00f800000000000000aa00f800000000000000aa00f800000000000000aa00f800000000000000aa00f800000000000000aa00f800000000000000aa00f800000000000000aa00f8000000
04:04:16.906 [DEBUG] [serial] RX 103 bytes: 00000000aa00f800000000000000aa00f800000000000000aa00f800000000000000aa00f800000000000000aa00f800000000000000aa00f800000000000000aa00f800000000000000aa00f800000000000000aa00f800000000000000aa00f8000000000000
04:04:17.015 [DEBUG] [serial] RX 104 bytes: 00aa00f800000000000000aa00f800000000000000aa00f800000000000000aa00f800000000000000aa00f800000000000000aa00f800000000000000aa00f800000000000000aa00f800000000000000aa00f800000000000000aa00f800000000000000aa00f8
04:04:17.124 [DEBUG] [serial] RX 104 bytes: 00000000000000aa00f800000000000000aa00f800000000000000aa00f800000000000000aa00f800000000000000aa00f800000000000000aa00f800000000000000aa00f800000000000000aa00f800000000000000aa00f800000000000000aa00f800000000
04:04:17.233 [DEBUG] [serial] RX 103 bytes: 000000aa00f800000000000000aa00f800000000000000aa00f800000000000000aa00f800000000000000aa00f800000000000000aa00f800000000000000aa00f800000000000000aa00f800000000000000aa00f800000000000000aa00f800000000000000
04:04:17.342 [DEBUG] [serial] RX 105 bytes: aa00f800000000000000aa00f800000000000000aa00f800000000000000aa00f800000000000000aa00f800000000000000aa00f800000000000000aa00f800000000000000aa00f800000000000000aa00f800000000000000aa00f800000000000000aa00f80000
04:04:17.451 [DEBUG] [serial] RX 102 bytes: 0000000000aa00f800000000000000aa00f800000000000000aa00f800000000000000aa00f800000000000000aa00f800000000000000aa00f800000000000000aa00f800000000000000aa00f800000000000000aa00f800000000000000aa00f800000000
04:04:17.560 [DEBUG] [serial] RX 104 bytes: 000000aa00f800000000000000aa00f800000000000000aa00f800000000000000aa00f800000000000000aa00f800000000000000aa00f800000000000000aa00f800000000000000aa00f800000000000000aa00f800000000000000aa00f800000000000000aa
04:04:17.669 [DEBUG] [serial] RX 105 bytes: 00f800000000000000aa00f800000000000000aa00f800000000000000aa00f800000000000000aa00f800000000000000aa00f800000000000000aa00f800000000000000aa00f800000000000000aa00f800000000000000aa00f800000000000000aa00f8000000
04:04:17.780 [DEBUG] [serial] RX 104 bytes: 00000000aa00f800000000000000aa00f800000000000000aa00f800000000000000aa00f800000000000000aa00f800000000000000aa00f800000000000000aa00f800000000000000aa00f800000000000000aa00f800000000000000aa00f800000000000000
04:04:17.780 [DEBUG] [serial] PKT #1500: flags=0x00 in=-2048 ds=0 flt=0
04:04:17.889 [DEBUG] [serial] RX 105 bytes: aa00f800000000000000aa00f800000000000000aa00f800000000000000aa00f800000000000000aa00f800000000000000aa00f800000000000000aa00f800000000000000aa00f800000000000000aa00f800000000000000aa00f800000000000000aa00f80000
04:04:17.999 [DEBUG] [serial] RX 104 bytes: 0000000000aa00f800000000000000aa00f800000000000000aa00f800000000000000aa00f800000000000000aa00f800000000000000aa00f800000000000000aa00f800000000000000aa00f800000000000000aa00f800000000000000aa00f8000000000000
04:04:18.106 [DEBUG] [serial] RX 102 bytes: 00aa00f800000000000000aa00f800000000000000aa00f800000000000000aa00f800000000000000aa00f800000000000000aa00f800000000000000aa00f800000000000000aa00f800000000000000aa00f800000000000000aa00f800000000000000aa
04:04:18.215 [DEBUG] [serial] RX 104 bytes: 00f800000000000000aa00f800000000000000aa00f800000000000000aa00f800000000000000aa00f800000000000000aa00f800000000000000aa00f800000000000000aa00f800000000000000aa00f800000000000000aa00f800000000000000aa00f80000
04:04:18.324 [DEBUG] [serial] RX 103 bytes: 0000000000aa00f800000000000000aa00f800000000000000aa00f800000000000000aa00f800000000000000aa00f800000000000000aa00f800000000000000aa00f800000000000000aa00f800000000000000aa00f800000000000000aa00f80000000000
04:04:18.433 [DEBUG] [serial] RX 105 bytes: 0000aa00f800000000000000aa00f800000000000000aa00f800000000000000aa00f800000000000000aa00f800000000000000aa00f800000000000000aa00f800000000000000aa00f800000000000000aa00f800000000000000aa00f800000000000000aa00f8
04:04:18.542 [DEBUG] [serial] RX 102 bytes: 00000000000000aa00f800000000000000aa00f800000000000000aa00f800000000000000aa00f800000000000000aa00f800000000000000aa00f800000000000000aa00f800000000000000aa00f800000000000000aa00f800000000000000aa00f80000
04:04:18.651 [DEBUG] [serial] RX 104 bytes: 0000000000aa00f800000000000000aa00f800000000000000aa00f800000000000000aa00f800000000000000aa00f800000000000000aa00f800000000000000aa00f800000000000000aa00f800000000000000aa00f800000000000000aa00f8000000000000
04:04:18.759 [DEBUG] [serial] RX 104 bytes: 00aa00f800000000000000aa00f800000000000000aa00f800000000000000aa00f800000000000000aa00f800000000000000aa00f800000000000000aa00f800000000000000aa00f800000000000000aa00f800000000000000aa00f800000000000000aa00f8
04:04:18.868 [DEBUG] [serial] RX 103 bytes: 00000000000000aa00f800000000000000aa00f800000000000000aa00f800000000000000aa00f800000000000000aa00f800000000000000aa00f800000000000000aa00f800000000000000aa00f800000000000000aa00f800000000000000aa00f8000000
04:04:18.977 [DEBUG] [serial] RX 103 bytes: 00000000aa00f800000000000000aa00f800000000000000aa00f800000000000000aa00f800000000000000aa00f800000000000000aa00f800000000000000aa00f800000000000000aa00f800000000000000aa00f800000000000000aa00f8000000000000
04:04:19.086 [DEBUG] [serial] RX 104 bytes: 00aa00f800000000000000aa00f800000000000000aa00f800000000000000aa00f800000000000000aa00f800000000000000aa00f800000000000000aa00f800000000000000aa00f800000000000000aa00f800000000000000aa00f800000000000000aa00f8
04:04:19.195 [DEBUG] [serial] RX 104 bytes: 00000000000000aa00f800000000000000aa00f800000000000000aa00f800000000000000aa00f800000000000000aa00f800000000000000aa00f800000000000000aa00f800000000000000aa00f800000000000000aa00f800000000000000aa00f800000000
04:04:19.304 [DEBUG] [serial] RX 103 bytes: 000000aa00f800000000000000aa00f800000000000000aa00f800000000000000aa00f800000000000000aa00f800000000000000aa00f800000000000000aa00f800000000000000aa00f800000000000000aa00f800000000000000aa00f800000000000000
04:04:19.413 [DEBUG] [serial] RX 104 bytes: aa00f800000000000000aa00f800000000000000aa00f800000000000000aa00f800000000000000aa00f800000000000000aa00f800000000000000aa00f800000000000000aa00f800000000000000aa00f800000000000000aa00f800000000000000aa00f800
04:04:19.522 [DEBUG] [serial] RX 104 bytes: 000000000000aa00f800000000000000aa00f800000000000000aa00f800000000000000aa00f800000000000000aa00f800000000000000aa00f800000000000000aa00f800000000000000aa00f800000000000000aa00f800000000000000aa00f80000000000
04:04:19.631 [DEBUG] [serial] RX 103 bytes: 0000aa00f800000000000000aa00f800000000000000aa00f800000000000000aa00f800000000000000aa00f800000000000000aa00f800000000000000aa00f800000000000000aa00f800000000000000aa00f800000000000000aa00f800000000000000aa
04:04:19.740 [DEBUG] [serial] RX 105 bytes: 00f800000000000000aa00f800000000000000aa00f800000000000000aa00f800000000000000aa00f800000000000000aa00f800000000000000aa00f800000000000000aa00f800000000000000aa00f800000000000000aa00f800000000000000aa00f8000000
04:04:19.848 [DEBUG] [serial] RX 103 bytes: 00000000aa00f800000000000000aa00f800000000000000aa00f800000000000000aa00f800000000000000aa00f800000000000000aa00f800000000000000aa00f800000000000000aa00f800000000000000aa00f800000000000000aa00f8000000000000
04:04:19.958 [DEBUG] [serial] RX 104 bytes: 00aa00f800000000000000aa00f800000000000000aa00f800000000000000aa00f800000000000000aa00f800000000000000aa00f800000000000000aa00f800000000000000aa00f800000000000000aa00f800000000000000aa00f800000000000000aa00f8
04:04:20.067 [DEBUG] [serial] RX 104 bytes: 00000000000000aa00f800000000000000aa00f800000000000000aa00f800000000000000aa00f800000000000000aa00f800000000000000aa00f800000000000000aa00f800000000000000aa00f800000000000000aa00f800000000000000aa00f800000000
04:04:20.175 [DEBUG] [serial] RX 103 bytes: 000000aa00f800000000000000aa00f800000000000000aa00f800000000000000aa00f800000000000000aa00f800000000000000aa00f800000000000000aa00f800000000000000aa00f800000000000000aa00f800000000000000aa00f800000000000000
04:04:20.285 [DEBUG] [serial] RX 104 bytes: aa00f800000000000000aa00f800000000000000aa00f800000000000000aa00f800000000000000aa00f800000000000000aa00f800000000000000aa00f800000000000000aa00f800000000000000aa00f800000000000000aa00f800000000000000aa00f800
04:04:20.395 [DEBUG] [serial] RX 104 bytes: 000000000000aa00f800000000000000aa00f800000000000000aa00f800000000000000aa00f800000000000000aa00f800000000000000aa00f800000000000000aa00f800000000000000aa00f800000000000000aa00f800000000000000aa00f80000000000
04:04:20.503 [DEBUG] [serial] RX 103 bytes: 0000aa00f800000000000000aa00f800000000000000aa00f800000000000000aa00f800000000000000aa00f800000000000000aa00f800000000000000aa00f800000000000000aa00f800000000000000aa00f800000000000000aa00f800000000000000aa
04:04:20.610 [DEBUG] [serial] RX 103 bytes: 00f800000000000000aa00f800000000000000aa00f800000000000000aa00f800000000000000aa00f800000000000000aa00f800000000000000aa00f800000000000000aa00f800000000000000aa00f800000000000000aa00f800000000000000aa00f800
04:04:20.719 [DEBUG] [serial] RX 103 bytes: 000000000000aa00f800000000000000aa00f800000000000000aa00f800000000000000aa00f800000000000000aa00f800000000000000aa00f800000000000000aa00f800000000000000aa00f800000000000000aa00f800000000000000aa00f800000000
04:04:20.830 [DEBUG] [serial] RX 105 bytes: 000000aa00f800000000000000aa00f800000000000000aa00f800000000000000aa00f800000000000000aa00f800000000000000aa00f800000000000000aa00f800000000000000aa00f800000000000000aa00f800000000000000aa00f800000000000000aa00
04:04:20.938 [DEBUG] [serial] RX 103 bytes: f800000000000000aa00f800000000000000aa00f800000000000000aa00f800000000000000aa00f800000000000000aa00f800000000000000aa00f800000000000000aa00f800000000000000aa00f800000000000000aa00f800000000000000aa00f80000
04:04:21.047 [DEBUG] [serial] RX 104 bytes: 0000000000aa00f800000000000000aa00f800000000000000aa00f800000000000000aa00f800000000000000aa00f800000000000000aa00f800000000000000aa00f800000000000000aa00f800000000000000aa00f800000000000000aa00f8000000000000
04:04:21.048 [INFO] [serial] Stats: 1810 pkts, 18120 bytes rx
04:04:21.156 [DEBUG] [serial] RX 103 bytes: 00aa00f800000000000000aa00f800000000000000aa00f800000000000000aa00f800000000000000aa00f800000000000000aa00f800000000000000aa00f800000000000000aa00f800000000000000aa00f800000000000000aa00f800000000000000aa00
04:04:21.266 [DEBUG] [serial] RX 105 bytes: f800000000000000aa00f800000000000000aa00f800000000000000aa00f800000000000000aa00f800000000000000aa00f800000000000000aa00f800000000000000aa00f800000000000000aa00f800000000000000aa00f800000000000000aa00f800000000
04:04:21.375 [DEBUG] [serial] RX 104 bytes: 000000aa00f800000000000000aa00f800000000000000aa00f800000000000000aa00f800000000000000aa00f800000000000000aa00f800000000000000aa00f800000000000000aa00f800000000000000aa00f800000000000000aa00f800000000000000aa
04:04:21.483 [DEBUG] [serial] RX 103 bytes: 00f800000000000000aa00f800000000000000aa00f800000000000000aa00f800000000000000aa00f800000000000000aa00f800000000000000aa00f800000000000000aa00f800000000000000aa00f800000000000000aa00f800000000000000aa00f800
04:04:21.590 [DEBUG] [serial] RX 101 bytes: 000000000000aa00f800000000000000aa00f800000000000000aa00f800000000000000aa00f800000000000000aa00f800000000000000aa00f800000000000000aa00f800000000000000aa00f800000000000000aa00f800000000000000aa00f80000
04:04:21.700 [DEBUG] [serial] RX 105 bytes: 0000000000aa00f800000000000000aa00f800000000000000aa00f800000000000000aa00f800000000000000aa00f800000000000000aa00f800000000000000aa00f800000000000000aa00f800000000000000aa00f800000000000000aa00f800000000000000
04:04:21.808 [DEBUG] [serial] RX 103 bytes: aa00f800000000000000aa00f800000000000000aa00f800000000000000aa00f800000000000000aa00f800000000000000aa00f800000000000000aa00f800000000000000aa00f800000000000000aa00f800000000000000aa00f800000000000000aa00f8
04:04:21.916 [DEBUG] [serial] RX 102 bytes: 00000000000000aa00f800000000000000aa00f800000000000000aa00f800000000000000aa00f800000000000000aa00f800000000000000aa00f800000000000000aa00f800000000000000aa00f800000000000000aa00f800000000000000aa00f80000
04:04:22.026 [DEBUG] [serial] RX 106 bytes: 0000000000aa00f800000000000000aa00f800000000000000aa00f800000000000000aa00f800000000000000aa00f800000000000000aa00f800000000000000aa00f800000000000000aa00f800000000000000aa00f800000000000000aa00f800000000000000aa
04:04:22.135 [DEBUG] [serial] RX 103 bytes: 00f800000000000000aa00f800000000000000aa00f800000000000000aa00f800000000000000aa00f800000000000000aa00f800000000000000aa00f800000000000000aa00f800000000000000aa00f800000000000000aa00f800000000000000aa00f800
04:04:22.245 [DEBUG] [serial] RX 104 bytes: 000000000000aa00f800000000000000aa00f800000000000000aa00f800000000000000aa00f800000000000000aa00f800000000000000aa00f800000000000000aa00f800000000000000aa00f800000000000000aa00f800000000000000aa00f80000000000
04:04:22.354 [DEBUG] [serial] RX 104 bytes: 0000aa00f800000000000000aa00f800000000000000aa00f800000000000000aa00f800000000000000aa00f800000000000000aa00f800000000000000aa00f800000000000000aa00f800000000000000aa00f800000000000000aa00f800000000000000aa00
04:04:22.463 [DEBUG] [serial] RX 105 bytes: f800000000000000aa00f800000000000000aa00f800000000000000aa00f800000000000000aa00f800000000000000aa00f800000000000000aa00f800000000000000aa00f800000000000000aa00f800000000000000aa00f800000000000000aa00f800000000
04:04:22.573 [DEBUG] [serial] RX 103 bytes: 000000aa00f800000000000000aa00f800000000000000aa00f800000000000000aa00f800000000000000aa00f800000000000000aa00f800000000000000aa00f800000000000000aa00f800000000000000aa00f800000000000000aa00f800000000000000
04:04:22.681 [DEBUG] [serial] RX 103 bytes: aa00f800000000000000aa00f800000000000000aa00f800000000000000aa00f800000000000000aa00f800000000000000aa00f800000000000000aa00f800000000000000aa00f800000000000000aa00f800000000000000aa00f800000000000000aa00f8
04:04:22.789 [DEBUG] [serial] RX 103 bytes: 00000000000000aa00f800000000000000aa00f800000000000000aa00f800000000000000aa00f800000000000000aa00f800000000000000aa00f800000000000000aa00f800000000000000aa00f800000000000000aa00f800000000000000aa00f8000000
04:04:22.898 [DEBUG] [serial] RX 104 bytes: 00000000aa00f800000000000000aa00f800000000000000aa00f800000000000000aa00f800000000000000aa00f800000000000000aa00f800000000000000aa00f800000000000000aa00f800000000000000aa00f800000000000000aa00f800000000000000
04:04:23.008 [DEBUG] [serial] RX 104 bytes: aa00f800000000000000aa00f800000000000000aa00f800000000000000aa00f800000000000000aa00f800000000000000aa00f800000000000000aa00f800000000000000aa00f800000000000000aa00f800000000000000aa00f800000000000000aa00f800
04:04:23.115 [DEBUG] [serial] RX 103 bytes: 000000000000aa00f800000000000000aa00f800000000000000aa00f800000000000000aa00f800000000000000aa00f800000000000000aa00f800000000000000aa00f800000000000000aa00f800000000000000aa00f800000000000000aa00f800000000
04:04:23.116 [DEBUG] [serial] PKT #2000: flags=0x00 in=-2048 ds=0 flt=0
04:04:23.224 [DEBUG] [serial] RX 103 bytes: 000000aa00f800000000000000aa00f800000000000000aa00f800000000000000aa00f800000000000000aa00f800000000000000aa00f800000000000000aa00f800000000000000aa00f800000000000000aa00f800000000000000aa00f800000000000000
04:04:23.334 [DEBUG] [serial] RX 105 bytes: aa00f800000000000000aa00f800000000000000aa00f800000000000000aa00f800000000000000aa00f800000000000000aa00f800000000000000aa00f800000000000000aa00f800000000000000aa00f800000000000000aa00f800000000000000aa00f80000
04:04:23.444 [DEBUG] [serial] RX 104 bytes: 0000000000aa00f800000000000000aa00f800000000000000aa00f800000000000000aa00f800000000000000aa00f800000000000000aa00f800000000000000aa00f800000000000000aa00f800000000000000aa00f800000000000000aa00f8000000000000
04:04:23.553 [DEBUG] [serial] RX 104 bytes: 00aa00f800000000000000aa00f800000000000000aa00f800000000000000aa00f800000000000000aa00f800000000000000aa00f800000000000000aa00f800000000000000aa00f800000000000000aa00f800000000000000aa00f800000000000000aa00f8
04:04:23.661 [DEBUG] [serial] RX 103 bytes: 00000000000000aa00f800000000000000aa00f800000000000000aa00f800000000000000aa00f800000000000000aa00f800000000000000aa00f800000000000000aa00f800000000000000aa00f800000000000000aa00f800000000000000aa00f8000000
04:04:23.771 [DEBUG] [serial] RX 104 bytes: 00000000aa00f800000000000000aa00f800000000000000aa00f800000000000000aa00f800000000000000aa00f800000000000000aa00f800000000000000aa00f800000000000000aa00f800000000000000aa00f800000000000000aa00f800000000000000
04:04:23.881 [DEBUG] [serial] RX 105 bytes: aa00f800000000000000aa00f800000000000000aa00f800000000000000aa00f800000000000000aa00f800000000000000aa00f800000000000000aa00f800000000000000aa00f800000000000000aa00f800000000000000aa00f800000000000000aa00f80000
04:04:23.990 [DEBUG] [serial] RX 104 bytes: 0000000000aa00f800000000000000aa00f800000000000000aa00f800000000000000aa00f800000000000000aa00f800000000000000aa00f800000000000000aa00f800000000000000aa00f800000000000000aa00f800000000000000aa00f8000000000000
04:04:24.099 [DEBUG] [serial] RX 104 bytes: 00aa00f800000000000000aa00f800000000000000aa00f800000000000000aa00f800000000000000aa00f800000000000000aa00f800000000000000aa00f800000000000000aa00f800000000000000aa00f800000000000000aa00f800000000000000aa00f8
04:04:24.208 [DEBUG] [serial] RX 103 bytes: 00000000000000aa00f800000000000000aa00f800000000000000aa00f800000000000000aa00f800000000000000aa00f800000000000000aa00f800000000000000aa00f800000000000000aa00f800000000000000aa00f800000000000000aa00f8000000
04:04:24.317 [DEBUG] [serial] RX 104 bytes: 00000000aa00f800000000000000aa00f800000000000000aa00f800000000000000aa00f800000000000000aa00f800000000000000aa00f800000000000000aa00f800000000000000aa00f800000000000000aa00f800000000000000aa00f800000000000000
04:04:24.425 [DEBUG] [serial] RX 103 bytes: aa00f800000000000000aa00f800000000000000aa00f800000000000000aa00f800000000000000aa00f800000000000000aa00f800000000000000aa00f800000000000000aa00f800000000000000aa00f800000000000000aa00f800000000000000aa00f8
04:04:24.535 [DEBUG] [serial] RX 104 bytes: 00000000000000aa00f800000000000000aa00f800000000000000aa00f800000000000000aa00f800000000000000aa00f800000000000000aa00f800000000000000aa00f800000000000000aa00f800000000000000aa00f800000000000000aa00f800000000
04:04:24.645 [DEBUG] [serial] RX 105 bytes: 000000aa00f800000000000000aa00f800000000000000aa00f800000000000000aa00f800000000000000aa00f800000000000000aa00f800000000000000aa00f800000000000000aa00f800000000000000aa00f800000000000000aa00f800000000000000aa00
04:04:24.753 [DEBUG] [serial] RX 102 bytes: f800000000000000aa00f800000000000000aa00f800000000000000aa00f800000000000000aa00f800000000000000aa00f800000000000000aa00f800000000000000aa00f800000000000000aa00f800000000000000aa00f800000000000000aa00f800
04:04:24.862 [DEBUG] [serial] RX 104 bytes: 000000000000aa00f800000000000000aa00f800000000000000aa00f800000000000000aa00f800000000000000aa00f800000000000000aa00f800000000000000aa00f800000000000000aa00f800000000000000aa00f800000000000000aa00f80000000000
04:04:24.972 [DEBUG] [serial] RX 105 bytes: 0000aa00f800000000000000aa00f800000000000000aa00f800000000000000aa00f800000000000000aa00f800000000000000aa00f800000000000000aa00f800000000000000aa00f800000000000000aa00f800000000000000aa00f800000000000000aa00f8
04:04:25.080 [DEBUG] [serial] RX 103 bytes: 00000000000000aa00f800000000000000aa00f800000000000000aa00f800000000000000aa00f800000000000000aa00f800000000000000aa00f800000000000000aa00f800000000000000aa00f800000000000000aa00f800000000000000aa00f8000000
04:04:25.190 [DEBUG] [serial] RX 104 bytes: 00000000aa00f800000000000000aa00f800000000000000aa00f800000000000000aa00f800000000000000aa00f800000000000000aa00f800000000000000aa00f800000000000000aa00f800000000000000aa00f800000000000000aa00f800000000000000
04:04:25.298 [DEBUG] [serial] RX 103 bytes: aa00f800000000000000aa00f800000000000000aa00f800000000000000aa00f800000000000000aa00f800000000000000aa00f800000000000000aa00f800000000000000aa00f800000000000000aa00f800000000000000aa00f800000000000000aa00f8
04:04:25.408 [DEBUG] [serial] RX 104 bytes: 00000000000000aa00f800000000000000aa00f800000000000000aa00f800000000000000aa00f800000000000000aa00f800000000000000aa00f800000000000000aa00f800000000000000aa00f800000000000000aa00f800000000000000aa00f800000000
04:04:25.507 [INFO] [GUI] Click STOP
04:04:25.507 [INFO] [serial] Encolando TX CMD_STOP: bb05
04:04:25.517 [INFO] [serial] TX CMD_STOP: bb05
04:04:25.518 [DEBUG] [serial] TX OK: 2 bytes escritos
04:04:25.518 [DEBUG] [serial] RX 105 bytes: 000000aa00f800000000000000aa00f800000000000000aa00f800000000000000aa00f800000000000000aa00f800000000000000aa00f800000000000000aa00f800000000000000aa00f800000000000000aa00f800000000000000aa00f800000000000000aa00
04:04:25.626 [DEBUG] [serial] RX 103 bytes: f800000000000000aa00f800000000000000aa00f800000000000000aa00f800000000000000aa00f800000000000000aa00f800000000000000aa00f800000000000000aa00f800000000000000aa00f800000000000000aa00f800000000000000aa00f80000
04:04:25.736 [DEBUG] [serial] RX 104 bytes: 0000000000aa00f800000000000000aa00f800000000000000aa00f800000000000000aa00f800000000000000aa00f800000000000000aa00f800000000000000aa00f800000000000000aa00f800000000000000aa00f800000000000000aa00f8000000000000
04:04:25.846 [DEBUG] [serial] RX 105 bytes: 00aa00f800000000000000aa00f800000000000000aa00f800000000000000aa00f800000000000000aa00f800000000000000aa00f800000000000000aa00f800000000000000aa00f800000000000000aa00f800000000000000aa00f800000000000000aa00f800
04:04:25.952 [INFO] [GUI] Click START
04:04:25.952 [INFO] [serial] Encolando TX CMD_START: bb04
04:04:25.956 [INFO] [serial] TX CMD_START: bb04
04:04:25.957 [DEBUG] [serial] TX OK: 2 bytes escritos
04:04:25.957 [DEBUG] [serial] RX 105 bytes: 000000000000aa00f800000000000000aa00f800000000000000aa00f800000000000000aa00f800000000000000aa00f800000000000000aa00f800000000000000aa00f800000000000000aa00f800000000000000aa00f800000000000000aa00f8000000000000
04:04:26.065 [DEBUG] [serial] RX 104 bytes: 00aa00f800000000000000aa00f800000000000000aa00f800000000000000aa00f800000000000000aa00f800000000000000aa00f800000000000000aa00f800000000000000aa00f800000000000000aa00f800000000000000aa00f800000000000000aa00f8
04:04:26.067 [INFO] [serial] Stats: 2288 pkts, 22894 bytes rx
04:04:26.175 [DEBUG] [serial] RX 104 bytes: 00000000000000aa00f800000000000000aa00f800000000000000aa00f800000000000000aa00f800000000000000aa00f800000000000000aa00f800000000000000aa00f800000000000000aa00f800000000000000aa00f800000000000000aa00f800000000
04:04:26.285 [DEBUG] [serial] RX 105 bytes: 000000aa00f800000000000000aa00f800000000000000aa00f800000000000000aa00f800000000000000aa00f800000000000000aa00f800000000000000aa00f800000000000000aa00f800000000000000aa00f800000000000000aa00f800000000000000aa00
04:04:26.393 [DEBUG] [serial] RX 102 bytes: f800000000000000aa00f800000000000000aa00f800000000000000aa00f800000000000000aa00f800000000000000aa00f800000000000000aa00f800000000000000aa00f800000000000000aa00f800000000000000aa00f800000000000000aa00f800
04:04:26.501 [DEBUG] [serial] RX 103 bytes: 000000000000aa00f800000000000000aa00f800000000000000aa00f800000000000000aa00f800000000000000aa00f800000000000000aa00f800000000000000aa00f800000000000000aa00f800000000000000aa00f800000000000000aa00f800000000
04:04:26.612 [DEBUG] [serial] RX 106 bytes: 000000aa00f800000000000000aa00f800000000000000aa00f800000000000000aa00f800000000000000aa00f800000000000000aa00f800000000000000aa00f800000000000000aa00f800000000000000aa00f800000000000000aa00f800000000000000aa00f8
04:04:26.719 [DEBUG] [serial] RX 102 bytes: 00000000000000aa00f800000000000000aa00f800000000000000aa00f800000000000000aa00f800000000000000aa00f800000000000000aa00f800000000000000aa00f800000000000000aa00f800000000000000aa00f800000000000000aa00f80000
04:04:26.830 [DEBUG] [serial] RX 105 bytes: 0000000000aa00f800000000000000aa00f800000000000000aa00f800000000000000aa00f800000000000000aa00f800000000000000aa00f800000000000000aa00f800000000000000aa00f800000000000000aa00f800000000000000aa00f800000000000000
04:04:26.939 [DEBUG] [serial] RX 104 bytes: aa00f800000000000000aa00f800000000000000aa00f800000000000000aa00f800000000000000aa00f800000000000000aa00f800000000000000aa00f800000000000000aa00f800000000000000aa00f800000000000000aa00f800000000000000aa00f800
04:04:27.047 [DEBUG] [serial] RX 103 bytes: 000000000000aa00f800000000000000aa00f800000000000000aa00f800000000000000aa00f800000000000000aa00f800000000000000aa00f800000000000000aa00f800000000000000aa00f800000000000000aa00f800000000000000aa00f800000000
04:04:27.158 [DEBUG] [serial] RX 105 bytes: 000000aa00f800000000000000aa00f800000000000000aa00f800000000000000aa00f800000000000000aa00f800000000000000aa00f800000000000000aa00f800000000000000aa00f800000000000000aa00f800000000000000aa00f800000000000000aa00
04:04:27.267 [DEBUG] [serial] RX 105 bytes: f800000000000000aa00f800000000000000aa00f800000000000000aa00f800000000000000aa00f800000000000000aa00f800000000000000aa00f800000000000000aa00f800000000000000aa00f800000000000000aa00f800000000000000aa00f800000000
04:04:27.375 [DEBUG] [serial] RX 102 bytes: 000000aa00f800000000000000aa00f800000000000000aa00f800000000000000aa00f800000000000000aa00f800000000000000aa00f800000000000000aa00f800000000000000aa00f800000000000000aa00f800000000000000aa00f8000000000000
04:04:27.484 [DEBUG] [serial] RX 103 bytes: 00aa00f800000000000000aa00f800000000000000aa00f800000000000000aa00f800000000000000aa00f800000000000000aa00f800000000000000aa00f800000000000000aa00f800000000000000aa00f800000000000000aa00f800000000000000aa00
04:04:27.592 [DEBUG] [serial] RX 103 bytes: f800000000000000aa00f800000000000000aa00f800000000000000aa00f800000000000000aa00f800000000000000aa00f800000000000000aa00f800000000000000aa00f800000000000000aa00f800000000000000aa00f800000000000000aa00f80000
04:04:27.700 [DEBUG] [serial] RX 103 bytes: 0000000000aa00f800000000000000aa00f800000000000000aa00f800000000000000aa00f800000000000000aa00f800000000000000aa00f800000000000000aa00f800000000000000aa00f800000000000000aa00f800000000000000aa00f80000000000
04:04:27.807 [DEBUG] [serial] RX 102 bytes: 0000aa00f800000000000000aa00f800000000000000aa00f800000000000000aa00f800000000000000aa00f800000000000000aa00f800000000000000aa00f800000000000000aa00f800000000000000aa00f800000000000000aa00f800000000000000
04:04:27.916 [DEBUG] [serial] RX 103 bytes: aa00f800000000000000aa00f800000000000000aa00f800000000000000aa00f800000000000000aa00f800000000000000aa00f800000000000000aa00f800000000000000aa00f800000000000000aa00f800000000000000aa00f800000000000000aa00f8
04:04:28.026 [DEBUG] [serial] RX 105 bytes: 00000000000000aa00f800000000000000aa00f800000000000000aa00f800000000000000aa00f800000000000000aa00f800000000000000aa00f800000000000000aa00f800000000000000aa00f800000000000000aa00f800000000000000aa00f80000000000
04:04:28.135 [DEBUG] [serial] RX 104 bytes: 0000aa00f800000000000000aa00f800000000000000aa00f800000000000000aa00f800000000000000aa00f800000000000000aa00f800000000000000aa00f800000000000000aa00f800000000000000aa00f800000000000000aa00f800000000000000aa00
04:04:28.245 [DEBUG] [serial] RX 104 bytes: f800000000000000aa00f800000000000000aa00f800000000000000aa00f800000000000000aa00f800000000000000aa00f800000000000000aa00f800000000000000aa00f800000000000000aa00f800000000000000aa00f800000000000000aa00f8000000
04:04:28.355 [DEBUG] [serial] RX 105 bytes: 00000000aa00f800000000000000aa00f800000000000000aa00f800000000000000aa00f800000000000000aa00f800000000000000aa00f800000000000000aa00f800000000000000aa00f800000000000000aa00f800000000000000aa00f800000000000000aa
04:04:28.355 [DEBUG] [serial] PKT #2500: flags=0x00 in=-2048 ds=0 flt=0
04:04:28.463 [DEBUG] [serial] RX 103 bytes: 00f800000000000000aa00f800000000000000aa00f800000000000000aa00f800000000000000aa00f800000000000000aa00f800000000000000aa00f800000000000000aa00f800000000000000aa00f800000000000000aa00f800000000000000aa00f800
04:04:28.571 [DEBUG] [serial] RX 103 bytes: 000000000000aa00f800000000000000aa00f800000000000000aa00f800000000000000aa00f800000000000000aa00f800000000000000aa00f800000000000000aa00f800000000000000aa00f800000000000000aa00f800000000000000aa00f800000000
04:04:28.679 [DEBUG] [serial] RX 102 bytes: 000000aa00f800000000000000aa00f800000000000000aa00f800000000000000aa00f800000000000000aa00f800000000000000aa00f800000000000000aa00f800000000000000aa00f800000000000000aa00f800000000000000aa00f8000000000000
04:04:28.788 [DEBUG] [serial] RX 104 bytes: 00aa00f800000000000000aa00f800000000000000aa00f800000000000000aa00f800000000000000aa00f800000000000000aa00f800000000000000aa00f800000000000000aa00f800000000000000aa00f800000000000000aa00f800000000000000aa00f8
04:04:28.896 [DEBUG] [serial] RX 103 bytes: 00000000000000aa00f800000000000000aa00f800000000000000aa00f800000000000000aa00f800000000000000aa00f800000000000000aa00f800000000000000aa00f800000000000000aa00f800000000000000aa00f800000000000000aa00f8000000
04:04:29.006 [DEBUG] [serial] RX 104 bytes: 00000000aa00f800000000000000aa00f800000000000000aa00f800000000000000aa00f800000000000000aa00f800000000000000aa00f800000000000000aa00f800000000000000aa00f800000000000000aa00f800000000000000aa00f800000000000000
04:04:29.114 [DEBUG] [serial] RX 103 bytes: aa00f800000000000000aa00f800000000000000aa00f800000000000000aa00f800000000000000aa00f800000000000000aa00f800000000000000aa00f800000000000000aa00f800000000000000aa00f800000000000000aa00f800000000000000aa00f8
04:04:29.222 [DEBUG] [serial] RX 104 bytes: 00000000000000aa00f800000000000000aa00f800000000000000aa00f800000000000000aa00f800000000000000aa00f800000000000000aa00f800000000000000aa00f800000000000000aa00f800000000000000aa00f800000000000000aa00f800000000
04:04:29.333 [DEBUG] [serial] RX 104 bytes: 000000aa00f800000000000000aa00f800000000000000aa00f800000000000000aa00f800000000000000aa00f800000000000000aa00f800000000000000aa00f800000000000000aa00f800000000000000aa00f800000000000000aa00f800000000000000aa
04:04:29.441 [DEBUG] [serial] RX 103 bytes: 00f800000000000000aa00f800000000000000aa00f800000000000000aa00f800000000000000aa00f800000000000000aa00f800000000000000aa00f800000000000000aa00f800000000000000aa00f800000000000000aa00f800000000000000aa00f800
04:04:29.550 [DEBUG] [serial] RX 104 bytes: 000000000000aa00f800000000000000aa00f800000000000000aa00f800000000000000aa00f800000000000000aa00f800000000000000aa00f800000000000000aa00f800000000000000aa00f800000000000000aa00f800000000000000aa00f80000000000
04:04:29.659 [DEBUG] [serial] RX 104 bytes: 0000aa00f800000000000000aa00f800000000000000aa00f800000000000000aa00f800000000000000aa00f800000000000000aa00f800000000000000aa00f800000000000000aa00f800000000000000aa00f800000000000000aa00f800000000000000aa00
04:04:29.767 [DEBUG] [serial] RX 103 bytes: f800000000000000aa00f800000000000000aa00f800000000000000aa00f800000000000000aa00f800000000000000aa00f800000000000000aa00f800000000000000aa00f800000000000000aa00f800000000000000aa00f800000000000000aa00f80000
04:04:29.878 [DEBUG] [serial] RX 105 bytes: 0000000000aa00f800000000000000aa00f800000000000000aa00f800000000000000aa00f800000000000000aa00f800000000000000aa00f800000000000000aa00f800000000000000aa00f800000000000000aa00f800000000000000aa00f800000000000000
04:04:29.988 [DEBUG] [serial] RX 105 bytes: aa00f800000000000000aa00f800000000000000aa00f800000000000000aa00f800000000000000aa00f800000000000000aa00f800000000000000aa00f800000000000000aa00f800000000000000aa00f800000000000000aa00f800000000000000aa00f80000
04:04:30.096 [DEBUG] [serial] RX 102 bytes: 0000000000aa00f800000000000000aa00f800000000000000aa00f800000000000000aa00f800000000000000aa00f800000000000000aa00f800000000000000aa00f800000000000000aa00f800000000000000aa00f800000000000000aa00f800000000
04:04:30.204 [DEBUG] [serial] RX 104 bytes: 000000aa00f800000000000000aa00f800000000000000aa00f800000000000000aa00f800000000000000aa00f800000000000000aa00f800000000000000aa00f800000000000000aa00f800000000000000aa00f800000000000000aa00f800000000000000aa
04:04:30.314 [DEBUG] [serial] RX 104 bytes: 00f800000000000000aa00f800000000000000aa00f800000000000000aa00f800000000000000aa00f800000000000000aa00f800000000000000aa00f800000000000000aa00f800000000000000aa00f800000000000000aa00f800000000000000aa00f80000
04:04:30.423 [DEBUG] [serial] RX 104 bytes: 0000000000aa00f800000000000000aa00f800000000000000aa00f800000000000000aa00f800000000000000aa00f800000000000000aa00f800000000000000aa00f800000000000000aa00f800000000000000aa00f800000000000000aa00f8000000000000
04:04:30.532 [DEBUG] [serial] RX 103 bytes: 00aa00f800000000000000aa00f800000000000000aa00f800000000000000aa00f800000000000000aa00f800000000000000aa00f800000000000000aa00f800000000000000aa00f800000000000000aa00f800000000000000aa00f800000000000000aa00
04:04:30.640 [DEBUG] [serial] RX 103 bytes: f800000000000000aa00f800000000000000aa00f800000000000000aa00f800000000000000aa00f800000000000000aa00f800000000000000aa00f800000000000000aa00f800000000000000aa00f800000000000000aa00f800000000000000aa00f80000
04:04:30.750 [DEBUG] [serial] RX 104 bytes: 0000000000aa00f800000000000000aa00f800000000000000aa00f800000000000000aa00f800000000000000aa00f800000000000000aa00f800000000000000aa00f800000000000000aa00f800000000000000aa00f800000000000000aa00f8000000000000
04:04:30.859 [DEBUG] [serial] RX 105 bytes: 00aa00f800000000000000aa00f800000000000000aa00f800000000000000aa00f800000000000000aa00f800000000000000aa00f800000000000000aa00f800000000000000aa00f800000000000000aa00f800000000000000aa00f800000000000000aa00f800
04:04:30.969 [DEBUG] [serial] RX 104 bytes: 000000000000aa00f800000000000000aa00f800000000000000aa00f800000000000000aa00f800000000000000aa00f800000000000000aa00f800000000000000aa00f800000000000000aa00f800000000000000aa00f800000000000000aa00f80000000000
04:04:31.077 [DEBUG] [serial] RX 103 bytes: 0000aa00f800000000000000aa00f800000000000000aa00f800000000000000aa00f800000000000000aa00f800000000000000aa00f800000000000000aa00f800000000000000aa00f800000000000000aa00f800000000000000aa00f800000000000000aa
04:04:31.078 [INFO] [serial] Stats: 2765 pkts, 27662 bytes rx
04:04:31.186 [DEBUG] [serial] RX 104 bytes: 00f800000000000000aa00f800000000000000aa00f800000000000000aa00f800000000000000aa00f800000000000000aa00f800000000000000aa00f800000000000000aa00f800000000000000aa00f800000000000000aa00f800000000000000aa00f80000
04:04:31.297 [DEBUG] [serial] RX 105 bytes: 0000000000aa00f800000000000000aa00f800000000000000aa00f800000000000000aa00f800000000000000aa00f800000000000000aa00f800000000000000aa00f800000000000000aa00f800000000000000aa00f800000000000000aa00f800000000000000
04:04:31.404 [DEBUG] [serial] RX 102 bytes: aa00f800000000000000aa00f800000000000000aa00f800000000000000aa00f800000000000000aa00f800000000000000aa00f800000000000000aa00f800000000000000aa00f800000000000000aa00f800000000000000aa00f800000000000000aa00
04:04:31.513 [DEBUG] [serial] RX 104 bytes: f800000000000000aa00f800000000000000aa00f800000000000000aa00f800000000000000aa00f800000000000000aa00f800000000000000aa00f800000000000000aa00f800000000000000aa00f800000000000000aa00f800000000000000aa00f8000000
04:04:31.623 [DEBUG] [serial] RX 104 bytes: 00000000aa00f800000000000000aa00f800000000000000aa00f800000000000000aa00f800000000000000aa00f800000000000000aa00f800000000000000aa00f800000000000000aa00f800000000000000aa00f800000000000000aa00f800000000000000
04:04:31.731 [DEBUG] [serial] RX 103 bytes: aa00f800000000000000aa00f800000000000000aa00f800000000000000aa00f800000000000000aa00f800000000000000aa00f800000000000000aa00f800000000000000aa00f800000000000000aa00f800000000000000aa00f800000000000000aa00f8
04:04:31.840 [DEBUG] [serial] RX 103 bytes: 00000000000000aa00f800000000000000aa00f800000000000000aa00f800000000000000aa00f800000000000000aa00f800000000000000aa00f800000000000000aa00f800000000000000aa00f800000000000000aa00f800000000000000aa00f8000000
04:04:31.949 [DEBUG] [serial] RX 105 bytes: 00000000aa00f800000000000000aa00f800000000000000aa00f800000000000000aa00f800000000000000aa00f800000000000000aa00f800000000000000aa00f800000000000000aa00f800000000000000aa00f800000000000000aa00f800000000000000aa
04:04:32.057 [DEBUG] [serial] RX 102 bytes: 00f800000000000000aa00f800000000000000aa00f800000000000000aa00f800000000000000aa00f800000000000000aa00f800000000000000aa00f800000000000000aa00f800000000000000aa00f800000000000000aa00f800000000000000aa00f8
04:04:32.167 [DEBUG] [serial] RX 105 bytes: 00000000000000aa00f800000000000000aa00f800000000000000aa00f800000000000000aa00f800000000000000aa00f800000000000000aa00f800000000000000aa00f800000000000000aa00f800000000000000aa00f800000000000000aa00f80000000000
04:04:32.275 [DEBUG] [serial] RX 102 bytes: 0000aa00f800000000000000aa00f800000000000000aa00f800000000000000aa00f800000000000000aa00f800000000000000aa00f800000000000000aa00f800000000000000aa00f800000000000000aa00f800000000000000aa00f800000000000000
04:04:32.383 [DEBUG] [serial] RX 103 bytes: aa00f800000000000000aa00f800000000000000aa00f800000000000000aa00f800000000000000aa00f800000000000000aa00f800000000000000aa00f800000000000000aa00f800000000000000aa00f800000000000000aa00f800000000000000aa00f8
04:04:32.492 [DEBUG] [serial] RX 104 bytes: 00000000000000aa00f800000000000000aa00f800000000000000aa00f800000000000000aa00f800000000000000aa00f800000000000000aa00f800000000000000aa00f800000000000000aa00f800000000000000aa00f800000000000000aa00f800000000
04:04:32.600 [DEBUG] [serial] RX 103 bytes: 000000aa00f800000000000000aa00f800000000000000aa00f800000000000000aa00f800000000000000aa00f800000000000000aa00f800000000000000aa00f800000000000000aa00f800000000000000aa00f800000000000000aa00f800000000000000
04:04:32.709 [DEBUG] [serial] RX 103 bytes: aa00f800000000000000aa00f800000000000000aa00f800000000000000aa00f800000000000000aa00f800000000000000aa00f800000000000000aa00f800000000000000aa00f800000000000000aa00f800000000000000aa00f800000000000000aa00f8
04:04:32.817 [DEBUG] [serial] RX 104 bytes: 00000000000000aa00f800000000000000aa00f800000000000000aa00f800000000000000aa00f800000000000000aa00f800000000000000aa00f800000000000000aa00f800000000000000aa00f800000000000000aa00f800000000000000aa00f800000000
04:04:32.926 [DEBUG] [serial] RX 103 bytes: 000000aa00f800000000000000aa00f800000000000000aa00f800000000000000aa00f800000000000000aa00f800000000000000aa00f800000000000000aa00f800000000000000aa00f800000000000000aa00f800000000000000aa00f800000000000000
04:04:33.036 [DEBUG] [serial] RX 104 bytes: aa00f800000000000000aa00f800000000000000aa00f800000000000000aa00f800000000000000aa00f800000000000000aa00f800000000000000aa00f800000000000000aa00f800000000000000aa00f800000000000000aa00f800000000000000aa00f800
04:04:33.144 [DEBUG] [serial] RX 103 bytes: 000000000000aa00f800000000000000aa00f800000000000000aa00f800000000000000aa00f800000000000000aa00f800000000000000aa00f800000000000000aa00f800000000000000aa00f800000000000000aa00f800000000000000aa00f800000000
04:04:33.253 [DEBUG] [serial] RX 105 bytes: 000000aa00f800000000000000aa00f800000000000000aa00f800000000000000aa00f800000000000000aa00f800000000000000aa00f800000000000000aa00f800000000000000aa00f800000000000000aa00f800000000000000aa00f800000000000000aa00
04:04:33.362 [DEBUG] [serial] RX 103 bytes: f800000000000000aa00f800000000000000aa00f800000000000000aa00f800000000000000aa00f800000000000000aa00f800000000000000aa00f800000000000000aa00f800000000000000aa00f800000000000000aa00f800000000000000aa00f80000
04:04:33.470 [DEBUG] [serial] RX 103 bytes: 0000000000aa00f800000000000000aa00f800000000000000aa00f800000000000000aa00f800000000000000aa00f800000000000000aa00f800000000000000aa00f800000000000000aa00f800000000000000aa00f800000000000000aa00f80000000000
04:04:33.581 [DEBUG] [serial] RX 105 bytes: 0000aa00f800000000000000aa00f800000000000000aa00f800000000000000aa00f800000000000000aa00f800000000000000aa00f800000000000000aa00f800000000000000aa00f800000000000000aa00f800000000000000aa00f800000000000000aa00f8
04:04:33.582 [DEBUG] [serial] PKT #3000: flags=0x00 in=-2048 ds=0 flt=0
04:04:33.690 [DEBUG] [serial] RX 103 bytes: 00000000000000aa00f800000000000000aa00f800000000000000aa00f800000000000000aa00f800000000000000aa00f800000000000000aa00f800000000000000aa00f800000000000000aa00f800000000000000aa00f800000000000000aa00f8000000
04:04:33.799 [DEBUG] [serial] RX 105 bytes: 00000000aa00f800000000000000aa00f800000000000000aa00f800000000000000aa00f800000000000000aa00f800000000000000aa00f800000000000000aa00f800000000000000aa00f800000000000000aa00f800000000000000aa00f800000000000000aa
04:04:33.908 [DEBUG] [serial] RX 104 bytes: 00f800000000000000aa00f800000000000000aa00f800000000000000aa00f800000000000000aa00f800000000000000aa00f800000000000000aa00f800000000000000aa00f800000000000000aa00f800000000000000aa00f800000000000000aa00f80000
04:04:34.018 [DEBUG] [serial] RX 104 bytes: 0000000000aa00f800000000000000aa00f800000000000000aa00f800000000000000aa00f800000000000000aa00f800000000000000aa00f800000000000000aa00f800000000000000aa00f800000000000000aa00f800000000000000aa00f8000000000000
04:04:34.127 [DEBUG] [serial] RX 103 bytes: 00aa00f800000000000000aa00f800000000000000aa00f800000000000000aa00f800000000000000aa00f800000000000000aa00f800000000000000aa00f800000000000000aa00f800000000000000aa00f800000000000000aa00f800000000000000aa00
04:04:34.235 [DEBUG] [serial] RX 103 bytes: f800000000000000aa00f800000000000000aa00f800000000000000aa00f800000000000000aa00f800000000000000aa00f800000000000000aa00f800000000000000aa00f800000000000000aa00f800000000000000aa00f800000000000000aa00f80000
04:04:34.344 [DEBUG] [serial] RX 104 bytes: 0000000000aa00f800000000000000aa00f800000000000000aa00f800000000000000aa00f800000000000000aa00f800000000000000aa00f800000000000000aa00f800000000000000aa00f800000000000000aa00f800000000000000aa00f8000000000000
04:04:34.453 [DEBUG] [serial] RX 103 bytes: 00aa00f800000000000000aa00f800000000000000aa00f800000000000000aa00f800000000000000aa00f800000000000000aa00f800000000000000aa00f800000000000000aa00f800000000000000aa00f800000000000000aa00f800000000000000aa00
04:04:34.560 [DEBUG] [serial] RX 103 bytes: f800000000000000aa00f800000000000000aa00f800000000000000aa00f800000000000000aa00f800000000000000aa00f800000000000000aa00f800000000000000aa00f800000000000000aa00f800000000000000aa00f800000000000000aa00f80000
04:04:34.670 [DEBUG] [serial] RX 104 bytes: 0000000000aa00f800000000000000aa00f800000000000000aa00f800000000000000aa00f800000000000000aa00f800000000000000aa00f800000000000000aa00f800000000000000aa00f800000000000000aa00f800000000000000aa00f8000000000000
04:04:34.779 [DEBUG] [serial] RX 103 bytes: 00aa00f800000000000000aa00f800000000000000aa00f800000000000000aa00f800000000000000aa00f800000000000000aa00f800000000000000aa00f800000000000000aa00f800000000000000aa00f800000000000000aa00f800000000000000aa00
04:04:34.793 [INFO] [GUI] Freq cambiada a 150.0 Hz (freq_dh=1500)
04:04:34.793 [INFO] [serial] Encolando TX CMD_FREQ freq=150.0Hz dh=1500: bb0305dc
04:04:34.889 [INFO] [serial] TX CMD_FREQ freq=150.0Hz dh=1500: bb0305dc
04:04:34.890 [DEBUG] [serial] TX OK: 4 bytes escritos
04:04:34.890 [DEBUG] [serial] RX 105 bytes: f800000000000000aa00f800000000000000aa00f800000000000000aa00f800000000000000aa00f800000000000000aa00f800000000000000aa00f800000000000000aa00f800000000000000aa00f800000000000000aa00f800000000000000aa00f800000000
04:04:34.998 [DEBUG] [serial] RX 105 bytes: 000000aa00f800000000000000aa00f800000000000000aa00f800000000000000aa00f800000000000000aa00f800000000000000aa00f800000000000000aa00f800000000000000aa00f800000000000000aa00f800000000000000aa00f800000000000000aa00
04:04:35.000 [INFO] [GUI] Freq cambiada a 150.0 Hz (freq_dh=1500)
04:04:35.000 [INFO] [serial] Encolando TX CMD_FREQ freq=150.0Hz dh=1500: bb0305dc
04:04:35.109 [INFO] [serial] TX CMD_FREQ freq=150.0Hz dh=1500: bb0305dc
04:04:35.109 [DEBUG] [serial] TX OK: 4 bytes escritos
04:04:35.109 [DEBUG] [serial] RX 104 bytes: f800000000000000aa00f800000000000000aa00f800000000000000aa00f800000000000000aa00f800000000000000aa00f800000000000000aa00f800000000000000aa00f800000000000000aa00f800000000000000aa00f800000000000000aa00f8000000
04:04:35.217 [DEBUG] [serial] RX 57 bytes: 00000000aa00f800000000000000aa00f800000000000000aa00f800000000000000aa00f800000000000000aa00f800000000000000aa00f8
04:04:38.299 [INFO] [GUI] Freq cambiada a 150.0 Hz (freq_dh=1500)
04:04:38.299 [INFO] [serial] Encolando TX CMD_FREQ freq=150.0Hz dh=1500: bb0305dc
04:04:38.376 [INFO] [serial] TX CMD_FREQ freq=150.0Hz dh=1500: bb0305dc
04:04:38.376 [DEBUG] [serial] TX OK: 4 bytes escritos
04:04:38.416 [INFO] [GUI] Click STOP
04:04:38.416 [INFO] [serial] Encolando TX CMD_STOP: bb05
04:04:38.486 [INFO] [serial] TX CMD_STOP: bb05
04:04:38.486 [DEBUG] [serial] TX OK: 2 bytes escritos
04:04:39.248 [INFO] [GUI] Click START
04:04:39.249 [INFO] [serial] Encolando TX CMD_START: bb04
04:04:39.355 [INFO] [serial] TX CMD_START: bb04
04:04:39.355 [DEBUG] [serial] TX OK: 2 bytes escritos
04:04:43.274 [DEBUG] [serial] RX 13 bytes: aa00f800000000000000aa00f8
04:04:43.274 [DEBUG] [serial] Descartando 3 bytes antes de 0xAA
04:04:43.274 [INFO] [serial] Stats: 3155 pkts, 31567 bytes rx
04:04:43.383 [DEBUG] [serial] RX 104 bytes: 00000000000000aa00f800000000000000aa00f800000000000000aa00f800000000000000aa00f800000000000000aa00f800000000000000aa00f800000000000000aa00f800000000000000aa00f800000000000000aa00f800000000000000aa00f800000000
04:04:43.492 [DEBUG] [serial] RX 103 bytes: 000000aa00f800000000000000aa00f800000000000000aa00f800000000000000aa00f800000000000000aa00f800000000000000aa00f800000000000000aa00f800000000000000aa00f800000000000000aa00f800000000000000aa00f800000000000000
04:04:43.603 [DEBUG] [serial] RX 106 bytes: aa00f800000000000000aa00f800000000000000aa00f800000000000000aa00f800000000000000aa00f800000000000000aa00f800000000000000aa00f800000000000000aa00f800000000000000aa00f800000000000000aa00f800000000000000aa00f8000000
04:04:43.711 [DEBUG] [serial] RX 102 bytes: 00000000aa00f800000000000000aa00f800000000000000aa00f800000000000000aa00f800000000000000aa00f800000000000000aa00f800000000000000aa00f800000000000000aa00f800000000000000aa00f800000000000000aa00f80000000000
04:04:43.820 [DEBUG] [serial] RX 104 bytes: 0000aa00f800000000000000aa00f800000000000000aa00f800000000000000aa00f800000000000000aa00f800000000000000aa00f800000000000000aa00f800000000000000aa00f800000000000000aa00f800000000000000aa00f800000000000000aa00
04:04:43.930 [DEBUG] [serial] RX 105 bytes: f800000000000000aa00f800000000000000aa00f800000000000000aa00f800000000000000aa00f800000000000000aa00f800000000000000aa00f800000000000000aa00f800000000000000aa00f800000000000000aa00f800000000000000aa00f800000000
04:04:44.041 [DEBUG] [serial] RX 105 bytes: 000000aa00f800000000000000aa00f800000000000000aa00f800000000000000aa00f800000000000000aa00f800000000000000aa00f800000000000000aa00f800000000000000aa00f800000000000000aa00f800000000000000aa00f800000000000000aa00
04:04:44.150 [DEBUG] [serial] RX 104 bytes: f800000000000000aa00f800000000000000aa00f800000000000000aa00f800000000000000aa00f800000000000000aa00f800000000000000aa00f800000000000000aa00f800000000000000aa00f800000000000000aa00f800000000000000aa00f8000000
04:04:44.260 [DEBUG] [serial] RX 105 bytes: 00000000aa00f800000000000000aa00f800000000000000aa00f800000000000000aa00f800000000000000aa00f800000000000000aa00f800000000000000aa00f800000000000000aa00f800000000000000aa00f800000000000000aa00f800000000000000aa
04:04:44.369 [DEBUG] [serial] RX 104 bytes: 00f800000000000000aa00f800000000000000aa00f800000000000000aa00f800000000000000aa00f800000000000000aa00f800000000000000aa00f800000000000000aa00f800000000000000aa00f800000000000000aa00f800000000000000aa00f80000
04:04:44.478 [DEBUG] [serial] RX 104 bytes: 0000000000aa00f800000000000000aa00f800000000000000aa00f800000000000000aa00f800000000000000aa00f800000000000000aa00f800000000000000aa00f800000000000000aa00f800000000000000aa00f800000000000000aa00f8000000000000
04:04:44.586 [DEBUG] [serial] RX 102 bytes: 00aa00f800000000000000aa00f800000000000000aa00f800000000000000aa00f800000000000000aa00f800000000000000aa00f800000000000000aa00f800000000000000aa00f800000000000000aa00f800000000000000aa00f800000000000000aa
04:04:44.695 [DEBUG] [serial] RX 104 bytes: 00f800000000000000aa00f800000000000000aa00f800000000000000aa00f800000000000000aa00f800000000000000aa00f800000000000000aa00f800000000000000aa00f800000000000000aa00f800000000000000aa00f800000000000000aa00f80000
04:04:44.803 [DEBUG] [serial] RX 102 bytes: 0000000000aa00f800000000000000aa00f800000000000000aa00f800000000000000aa00f800000000000000aa00f800000000000000aa00f800000000000000aa00f800000000000000aa00f800000000000000aa00f800000000000000aa00f800000000
04:04:44.912 [DEBUG] [serial] RX 105 bytes: 000000aa00f800000000000000aa00f800000000000000aa00f800000000000000aa00f800000000000000aa00f800000000000000aa00f800000000000000aa00f800000000000000aa00f800000000000000aa00f800000000000000aa00f800000000000000aa00
04:04:45.020 [DEBUG] [serial] RX 102 bytes: f800000000000000aa00f800000000000000aa00f800000000000000aa00f800000000000000aa00f800000000000000aa00f800000000000000aa00f800000000000000aa00f800000000000000aa00f800000000000000aa00f800000000000000aa00f800
04:04:45.131 [DEBUG] [serial] RX 105 bytes: 000000000000aa00f800000000000000aa00f800000000000000aa00f800000000000000aa00f800000000000000aa00f800000000000000aa00f800000000000000aa00f800000000000000aa00f800000000000000aa00f800000000000000aa00f8000000000000
04:04:45.240 [DEBUG] [serial] RX 105 bytes: 00aa00f800000000000000aa00f800000000000000aa00f800000000000000aa00f800000000000000aa00f800000000000000aa00f800000000000000aa00f800000000000000aa00f800000000000000aa00f800000000000000aa00f800000000000000aa00f800
04:04:45.350 [DEBUG] [serial] RX 104 bytes: 000000000000aa00f800000000000000aa00f800000000000000aa00f800000000000000aa00f800000000000000aa00f800000000000000aa00f800000000000000aa00f800000000000000aa00f800000000000000aa00f800000000000000aa00f80000000000
04:04:45.458 [DEBUG] [serial] RX 103 bytes: 0000aa00f800000000000000aa00f800000000000000aa00f800000000000000aa00f800000000000000aa00f800000000000000aa00f800000000000000aa00f800000000000000aa00f800000000000000aa00f800000000000000aa00f800000000000000aa
04:04:45.567 [DEBUG] [serial] RX 104 bytes: 00f800000000000000aa00f800000000000000aa00f800000000000000aa00f800000000000000aa00f800000000000000aa00f800000000000000aa00f800000000000000aa00f800000000000000aa00f800000000000000aa00f800000000000000aa00f80000
04:04:45.676 [DEBUG] [serial] RX 103 bytes: 0000000000aa00f800000000000000aa00f800000000000000aa00f800000000000000aa00f800000000000000aa00f800000000000000aa00f800000000000000aa00f800000000000000aa00f800000000000000aa00f800000000000000aa00f80000000000
04:04:45.785 [DEBUG] [serial] RX 103 bytes: 0000aa00f800000000000000aa00f800000000000000aa00f800000000000000aa00f800000000000000aa00f800000000000000aa00f800000000000000aa00f800000000000000aa00f800000000000000aa00f800000000000000aa00f800000000000000aa
04:04:45.896 [DEBUG] [serial] RX 107 bytes: 00f800000000000000aa00f800000000000000aa00f800000000000000aa00f800000000000000aa00f800000000000000aa00f800000000000000aa00f800000000000000aa00f800000000000000aa00f800000000000000aa00f800000000000000aa00f80000000000
04:04:46.004 [DEBUG] [serial] RX 102 bytes: 0000aa00f800000000000000aa00f800000000000000aa00f800000000000000aa00f800000000000000aa00f800000000000000aa00f800000000000000aa00f800000000000000aa00f800000000000000aa00f800000000000000aa00f800000000000000
04:04:46.113 [DEBUG] [serial] RX 104 bytes: aa00f800000000000000aa00f800000000000000aa00f800000000000000aa00f800000000000000aa00f800000000000000aa00f800000000000000aa00f800000000000000aa00f800000000000000aa00f800000000000000aa00f800000000000000aa00f800
04:04:46.223 [DEBUG] [serial] RX 105 bytes: 000000000000aa00f800000000000000aa00f800000000000000aa00f800000000000000aa00f800000000000000aa00f800000000000000aa00f800000000000000aa00f800000000000000aa00f800000000000000aa00f800000000000000aa00f8000000000000
04:04:46.332 [DEBUG] [serial] RX 104 bytes: 00aa00f800000000000000aa00f800000000000000aa00f800000000000000aa00f800000000000000aa00f800000000000000aa00f800000000000000aa00f800000000000000aa00f800000000000000aa00f800000000000000aa00f800000000000000aa00f8
04:04:46.440 [DEBUG] [serial] RX 102 bytes: 00000000000000aa00f800000000000000aa00f800000000000000aa00f800000000000000aa00f800000000000000aa00f800000000000000aa00f800000000000000aa00f800000000000000aa00f800000000000000aa00f800000000000000aa00f80000
04:04:46.550 [DEBUG] [serial] RX 104 bytes: 0000000000aa00f800000000000000aa00f800000000000000aa00f800000000000000aa00f800000000000000aa00f800000000000000aa00f800000000000000aa00f800000000000000aa00f800000000000000aa00f800000000000000aa00f8000000000000
04:04:46.658 [DEBUG] [serial] RX 104 bytes: 00aa00f800000000000000aa00f800000000000000aa00f800000000000000aa00f800000000000000aa00f800000000000000aa00f800000000000000aa00f800000000000000aa00f800000000000000aa00f800000000000000aa00f800000000000000aa00f8
04:04:46.768 [DEBUG] [serial] RX 104 bytes: 00000000000000aa00f800000000000000aa00f800000000000000aa00f800000000000000aa00f800000000000000aa00f800000000000000aa00f800000000000000aa00f800000000000000aa00f800000000000000aa00f800000000000000aa00f800000000
04:04:46.877 [DEBUG] [serial] RX 103 bytes: 000000aa00f800000000000000aa00f800000000000000aa00f800000000000000aa00f800000000000000aa00f800000000000000aa00f800000000000000aa00f800000000000000aa00f800000000000000aa00f800000000000000aa00f800000000000000
04:04:46.985 [DEBUG] [serial] RX 103 bytes: aa00f800000000000000aa00f800000000000000aa00f800000000000000aa00f800000000000000aa00f800000000000000aa00f800000000000000aa00f800000000000000aa00f800000000000000aa00f800000000000000aa00f800000000000000aa00f8
04:04:46.985 [DEBUG] [serial] PKT #3500: flags=0x00 in=-2048 ds=0 flt=0
04:04:47.095 [DEBUG] [serial] RX 105 bytes: 00000000000000aa00f800000000000000aa00f800000000000000aa00f800000000000000aa00f800000000000000aa00f800000000000000aa00f800000000000000aa00f800000000000000aa00f800000000000000aa00f800000000000000aa00f80000000000
04:04:47.205 [DEBUG] [serial] RX 104 bytes: 0000aa00f800000000000000aa00f800000000000000aa00f800000000000000aa00f800000000000000aa00f800000000000000aa00f800000000000000aa00f800000000000000aa00f800000000000000aa00f800000000000000aa00f800000000000000aa00
04:04:47.314 [DEBUG] [serial] RX 104 bytes: f800000000000000aa00f800000000000000aa00f800000000000000aa00f800000000000000aa00f800000000000000aa00f800000000000000aa00f800000000000000aa00f800000000000000aa00f800000000000000aa00f800000000000000aa00f8000000
04:04:47.422 [DEBUG] [serial] RX 103 bytes: 00000000aa00f800000000000000aa00f800000000000000aa00f800000000000000aa00f800000000000000aa00f800000000000000aa00f800000000000000aa00f800000000000000aa00f800000000000000aa00f800000000000000aa00f8000000000000
04:04:47.530 [DEBUG] [serial] RX 103 bytes: 00aa00f800000000000000aa00f800000000000000aa00f800000000000000aa00f800000000000000aa00f800000000000000aa00f800000000000000aa00f800000000000000aa00f800000000000000aa00f800000000000000aa00f800000000000000aa00
04:04:47.641 [DEBUG] [serial] RX 105 bytes: f800000000000000aa00f800000000000000aa00f800000000000000aa00f800000000000000aa00f800000000000000aa00f800000000000000aa00f800000000000000aa00f800000000000000aa00f800000000000000aa00f800000000000000aa00f800000000
04:04:47.750 [DEBUG] [serial] RX 104 bytes: 000000aa00f800000000000000aa00f800000000000000aa00f800000000000000aa00f800000000000000aa00f800000000000000aa00f800000000000000aa00f800000000000000aa00f800000000000000aa00f800000000000000aa00f800000000000000aa
04:04:47.860 [DEBUG] [serial] RX 105 bytes: 00f800000000000000aa00f800000000000000aa00f800000000000000aa00f800000000000000aa00f800000000000000aa00f800000000000000aa00f800000000000000aa00f800000000000000aa00f800000000000000aa00f800000000000000aa00f8000000
04:04:47.969 [DEBUG] [serial] RX 104 bytes: 00000000aa00f800000000000000aa00f800000000000000aa00f800000000000000aa00f800000000000000aa00f800000000000000aa00f800000000000000aa00f800000000000000aa00f800000000000000aa00f800000000000000aa00f800000000000000
04:04:48.078 [DEBUG] [serial] RX 104 bytes: aa00f800000000000000aa00f800000000000000aa00f800000000000000aa00f800000000000000aa00f800000000000000aa00f800000000000000aa00f800000000000000aa00f800000000000000aa00f800000000000000aa00f800000000000000aa00f800
04:04:48.187 [DEBUG] [serial] RX 103 bytes: 000000000000aa00f800000000000000aa00f800000000000000aa00f800000000000000aa00f800000000000000aa00f800000000000000aa00f800000000000000aa00f800000000000000aa00f800000000000000aa00f800000000000000aa00f800000000
04:04:48.296 [DEBUG] [serial] RX 103 bytes: 000000aa00f800000000000000aa00f800000000000000aa00f800000000000000aa00f800000000000000aa00f800000000000000aa00f800000000000000aa00f800000000000000aa00f800000000000000aa00f800000000000000aa00f800000000000000
04:04:48.296 [INFO] [serial] Stats: 3633 pkts, 36344 bytes rx
04:04:48.406 [DEBUG] [serial] RX 105 bytes: aa00f800000000000000aa00f800000000000000aa00f800000000000000aa00f800000000000000aa00f800000000000000aa00f800000000000000aa00f800000000000000aa00f800000000000000aa00f800000000000000aa00f800000000000000aa00f80000
04:04:48.516 [DEBUG] [serial] RX 105 bytes: 0000000000aa00f800000000000000aa00f800000000000000aa00f800000000000000aa00f800000000000000aa00f800000000000000aa00f800000000000000aa00f800000000000000aa00f800000000000000aa00f800000000000000aa00f800000000000000
04:04:48.624 [DEBUG] [serial] RX 103 bytes: aa00f800000000000000aa00f800000000000000aa00f800000000000000aa00f800000000000000aa00f800000000000000aa00f800000000000000aa00f800000000000000aa00f800000000000000aa00f800000000000000aa00f800000000000000aa00f8
04:04:48.732 [DEBUG] [serial] RX 102 bytes: 00000000000000aa00f800000000000000aa00f800000000000000aa00f800000000000000aa00f800000000000000aa00f800000000000000aa00f800000000000000aa00f800000000000000aa00f800000000000000aa00f800000000000000aa00f80000
04:04:48.840 [DEBUG] [serial] RX 103 bytes: 0000000000aa00f800000000000000aa00f800000000000000aa00f800000000000000aa00f800000000000000aa00f800000000000000aa00f800000000000000aa00f800000000000000aa00f800000000000000aa00f800000000000000aa00f80000000000
04:04:48.950 [DEBUG] [serial] RX 105 bytes: 0000aa00f800000000000000aa00f800000000000000aa00f800000000000000aa00f800000000000000aa00f800000000000000aa00f800000000000000aa00f800000000000000aa00f800000000000000aa00f800000000000000aa00f800000000000000aa00f8
04:04:49.059 [DEBUG] [serial] RX 104 bytes: 00000000000000aa00f800000000000000aa00f800000000000000aa00f800000000000000aa00f800000000000000aa00f800000000000000aa00f800000000000000aa00f800000000000000aa00f800000000000000aa00f800000000000000aa00f800000000
04:04:49.168 [DEBUG] [serial] RX 104 bytes: 000000aa00f800000000000000aa00f800000000000000aa00f800000000000000aa00f800000000000000aa00f800000000000000aa00f800000000000000aa00f800000000000000aa00f800000000000000aa00f800000000000000aa00f800000000000000aa
04:04:49.278 [DEBUG] [serial] RX 103 bytes: 00f800000000000000aa00f800000000000000aa00f800000000000000aa00f800000000000000aa00f800000000000000aa00f800000000000000aa00f800000000000000aa00f800000000000000aa00f800000000000000aa00f800000000000000aa00f800
04:04:49.388 [DEBUG] [serial] RX 105 bytes: 000000000000aa00f800000000000000aa00f800000000000000aa00f800000000000000aa00f800000000000000aa00f800000000000000aa00f800000000000000aa00f800000000000000aa00f800000000000000aa00f800000000000000aa00f8000000000000
04:04:49.496 [DEBUG] [serial] RX 103 bytes: 00aa00f800000000000000aa00f800000000000000aa00f800000000000000aa00f800000000000000aa00f800000000000000aa00f800000000000000aa00f800000000000000aa00f800000000000000aa00f800000000000000aa00f800000000000000aa00
04:04:49.605 [DEBUG] [serial] RX 104 bytes: f800000000000000aa00f800000000000000aa00f800000000000000aa00f800000000000000aa00f800000000000000aa00f800000000000000aa00f800000000000000aa00f800000000000000aa00f800000000000000aa00f800000000000000aa00f8000000
04:04:49.716 [DEBUG] [serial] RX 106 bytes: 00000000aa00f800000000000000aa00f800000000000000aa00f800000000000000aa00f800000000000000aa00f800000000000000aa00f800000000000000aa00f800000000000000aa00f800000000000000aa00f800000000000000aa00f800000000000000aa00
04:04:49.825 [DEBUG] [serial] RX 103 bytes: f800000000000000aa00f800000000000000aa00f800000000000000aa00f800000000000000aa00f800000000000000aa00f800000000000000aa00f800000000000000aa00f800000000000000aa00f800000000000000aa00f800000000000000aa00f80000
04:04:49.933 [DEBUG] [serial] RX 104 bytes: 0000000000aa00f800000000000000aa00f800000000000000aa00f800000000000000aa00f800000000000000aa00f800000000000000aa00f800000000000000aa00f800000000000000aa00f800000000000000aa00f800000000000000aa00f8000000000000
04:04:50.042 [DEBUG] [serial] RX 103 bytes: 00aa00f800000000000000aa00f800000000000000aa00f800000000000000aa00f800000000000000aa00f800000000000000aa00f800000000000000aa00f800000000000000aa00f800000000000000aa00f800000000000000aa00f800000000000000aa00
04:04:50.153 [DEBUG] [serial] RX 106 bytes: f800000000000000aa00f800000000000000aa00f800000000000000aa00f800000000000000aa00f800000000000000aa00f800000000000000aa00f800000000000000aa00f800000000000000aa00f800000000000000aa00f800000000000000aa00f80000000000
04:04:50.262 [DEBUG] [serial] RX 104 bytes: 0000aa00f800000000000000aa00f800000000000000aa00f800000000000000aa00f800000000000000aa00f800000000000000aa00f800000000000000aa00f800000000000000aa00f800000000000000aa00f800000000000000aa00f800000000000000aa00
04:04:50.370 [DEBUG] [serial] RX 102 bytes: f800000000000000aa00f800000000000000aa00f800000000000000aa00f800000000000000aa00f800000000000000aa00f800000000000000aa00f800000000000000aa00f800000000000000aa00f800000000000000aa00f800000000000000aa00f800
04:04:50.480 [DEBUG] [serial] RX 105 bytes: 000000000000aa00f800000000000000aa00f800000000000000aa00f800000000000000aa00f800000000000000aa00f800000000000000aa00f800000000000000aa00f800000000000000aa00f800000000000000aa00f800000000000000aa00f8000000000000
04:04:50.590 [DEBUG] [serial] RX 105 bytes: 00aa00f800000000000000aa00f800000000000000aa00f800000000000000aa00f800000000000000aa00f800000000000000aa00f800000000000000aa00f800000000000000aa00f800000000000000aa00f800000000000000aa00f800000000000000aa00f800
04:04:50.699 [DEBUG] [serial] RX 103 bytes: 000000000000aa00f800000000000000aa00f800000000000000aa00f800000000000000aa00f800000000000000aa00f800000000000000aa00f800000000000000aa00f800000000000000aa00f800000000000000aa00f800000000000000aa00f800000000
04:04:50.808 [DEBUG] [serial] RX 103 bytes: 000000aa00f800000000000000aa00f800000000000000aa00f800000000000000aa00f800000000000000aa00f800000000000000aa00f800000000000000aa00f800000000000000aa00f800000000000000aa00f800000000000000aa00f800000000000000
04:04:50.916 [DEBUG] [serial] RX 103 bytes: aa00f800000000000000aa00f800000000000000aa00f800000000000000aa00f800000000000000aa00f800000000000000aa00f800000000000000aa00f800000000000000aa00f800000000000000aa00f800000000000000aa00f800000000000000aa00f8
04:04:51.026 [DEBUG] [serial] RX 105 bytes: 00000000000000aa00f800000000000000aa00f800000000000000aa00f800000000000000aa00f800000000000000aa00f800000000000000aa00f800000000000000aa00f800000000000000aa00f800000000000000aa00f800000000000000aa00f80000000000
04:04:51.135 [DEBUG] [serial] RX 104 bytes: 0000aa00f800000000000000aa00f800000000000000aa00f800000000000000aa00f800000000000000aa00f800000000000000aa00f800000000000000aa00f800000000000000aa00f800000000000000aa00f800000000000000aa00f800000000000000aa00
04:04:51.244 [DEBUG] [serial] RX 103 bytes: f800000000000000aa00f800000000000000aa00f800000000000000aa00f800000000000000aa00f800000000000000aa00f800000000000000aa00f800000000000000aa00f800000000000000aa00f800000000000000aa00f800000000000000aa00f80000
04:04:51.355 [DEBUG] [serial] RX 106 bytes: 0000000000aa00f800000000000000aa00f800000000000000aa00f800000000000000aa00f800000000000000aa00f800000000000000aa00f800000000000000aa00f800000000000000aa00f800000000000000aa00f800000000000000aa00f800000000000000aa
04:04:51.465 [DEBUG] [serial] RX 104 bytes: 00f800000000000000aa00f800000000000000aa00f800000000000000aa00f800000000000000aa00f800000000000000aa00f800000000000000aa00f800000000000000aa00f800000000000000aa00f800000000000000aa00f800000000000000aa00f80000
04:04:51.573 [DEBUG] [serial] RX 103 bytes: 0000000000aa00f800000000000000aa00f800000000000000aa00f800000000000000aa00f800000000000000aa00f800000000000000aa00f800000000000000aa00f800000000000000aa00f800000000000000aa00f800000000000000aa00f80000000000
04:04:51.682 [DEBUG] [serial] RX 104 bytes: 0000aa00f800000000000000aa00f800000000000000aa00f800000000000000aa00f800000000000000aa00f800000000000000aa00f800000000000000aa00f800000000000000aa00f800000000000000aa00f800000000000000aa00f800000000000000aa00
04:04:51.790 [DEBUG] [serial] RX 103 bytes: f800000000000000aa00f800000000000000aa00f800000000000000aa00f800000000000000aa00f800000000000000aa00f800000000000000aa00f800000000000000aa00f800000000000000aa00f800000000000000aa00f800000000000000aa00f80000
04:04:51.899 [DEBUG] [serial] RX 104 bytes: 0000000000aa00f800000000000000aa00f800000000000000aa00f800000000000000aa00f800000000000000aa00f800000000000000aa00f800000000000000aa00f800000000000000aa00f800000000000000aa00f800000000000000aa00f8000000000000
04:04:52.009 [DEBUG] [serial] RX 105 bytes: 00aa00f800000000000000aa00f800000000000000aa00f800000000000000aa00f800000000000000aa00f800000000000000aa00f800000000000000aa00f800000000000000aa00f800000000000000aa00f800000000000000aa00f800000000000000aa00f800
04:04:52.118 [DEBUG] [serial] RX 103 bytes: 000000000000aa00f800000000000000aa00f800000000000000aa00f800000000000000aa00f800000000000000aa00f800000000000000aa00f800000000000000aa00f800000000000000aa00f800000000000000aa00f800000000000000aa00f800000000
04:04:52.228 [DEBUG] [serial] RX 104 bytes: 000000aa00f800000000000000aa00f800000000000000aa00f800000000000000aa00f800000000000000aa00f800000000000000aa00f800000000000000aa00f800000000000000aa00f800000000000000aa00f800000000000000aa00f800000000000000aa
04:04:52.228 [DEBUG] [serial] PKT #4000: flags=0x00 in=-2048 ds=0 flt=0
04:04:52.337 [DEBUG] [serial] RX 104 bytes: 00f800000000000000aa00f800000000000000aa00f800000000000000aa00f800000000000000aa00f800000000000000aa00f800000000000000aa00f800000000000000aa00f800000000000000aa00f800000000000000aa00f800000000000000aa00f80000
04:04:52.446 [DEBUG] [serial] RX 104 bytes: 0000000000aa00f800000000000000aa00f800000000000000aa00f800000000000000aa00f800000000000000aa00f800000000000000aa00f800000000000000aa00f800000000000000aa00f800000000000000aa00f800000000000000aa00f8000000000000
04:04:52.555 [DEBUG] [serial] RX 104 bytes: 00aa00f800000000000000aa00f800000000000000aa00f800000000000000aa00f800000000000000aa00f800000000000000aa00f800000000000000aa00f800000000000000aa00f800000000000000aa00f800000000000000aa00f800000000000000aa00f8
04:04:52.664 [DEBUG] [serial] RX 103 bytes: 00000000000000aa00f800000000000000aa00f800000000000000aa00f800000000000000aa00f800000000000000aa00f800000000000000aa00f800000000000000aa00f800000000000000aa00f800000000000000aa00f800000000000000aa00f8000000
04:04:52.773 [DEBUG] [serial] RX 104 bytes: 00000000aa00f800000000000000aa00f800000000000000aa00f800000000000000aa00f800000000000000aa00f800000000000000aa00f800000000000000aa00f800000000000000aa00f800000000000000aa00f800000000000000aa00f800000000000000
04:04:52.882 [DEBUG] [serial] RX 104 bytes: aa00f800000000000000aa00f800000000000000aa00f800000000000000aa00f800000000000000aa00f800000000000000aa00f800000000000000aa00f800000000000000aa00f800000000000000aa00f800000000000000aa00f800000000000000aa00f800
04:04:52.992 [DEBUG] [serial] RX 104 bytes: 000000000000aa00f800000000000000aa00f800000000000000aa00f800000000000000aa00f800000000000000aa00f800000000000000aa00f800000000000000aa00f800000000000000aa00f800000000000000aa00f800000000000000aa00f80000000000
04:04:53.101 [DEBUG] [serial] RX 105 bytes: 0000aa00f800000000000000aa00f800000000000000aa00f800000000000000aa00f800000000000000aa00f800000000000000aa00f800000000000000aa00f800000000000000aa00f800000000000000aa00f800000000000000aa00f800000000000000aa00f8
04:04:53.209 [DEBUG] [serial] RX 102 bytes: 00000000000000aa00f800000000000000aa00f800000000000000aa00f800000000000000aa00f800000000000000aa00f800000000000000aa00f800000000000000aa00f800000000000000aa00f800000000000000aa00f800000000000000aa00f80000
04:04:53.317 [DEBUG] [serial] RX 103 bytes: 0000000000aa00f800000000000000aa00f800000000000000aa00f800000000000000aa00f800000000000000aa00f800000000000000aa00f800000000000000aa00f800000000000000aa00f800000000000000aa00f800000000000000aa00f80000000000
04:04:53.318 [INFO] [serial] Stats: 4110 pkts, 41122 bytes rx
04:04:53.426 [DEBUG] [serial] RX 103 bytes: 0000aa00f800000000000000aa00f800000000000000aa00f800000000000000aa00f800000000000000aa00f800000000000000aa00f800000000000000aa00f800000000000000aa00f800000000000000aa00f800000000000000aa00f800000000000000aa
04:04:53.535 [DEBUG] [serial] RX 104 bytes: 00f800000000000000aa00f800000000000000aa00f800000000000000aa00f800000000000000aa00f800000000000000aa00f800000000000000aa00f800000000000000aa00f800000000000000aa00f800000000000000aa00f800000000000000aa00f80000
04:04:53.645 [DEBUG] [serial] RX 105 bytes: 0000000000aa00f800000000000000aa00f800000000000000aa00f800000000000000aa00f800000000000000aa00f800000000000000aa00f800000000000000aa00f800000000000000aa00f800000000000000aa00f800000000000000aa00f800000000000000
04:04:53.753 [DEBUG] [serial] RX 103 bytes: aa00f800000000000000aa00f800000000000000aa00f800000000000000aa00f800000000000000aa00f800000000000000aa00f800000000000000aa00f800000000000000aa00f800000000000000aa00f800000000000000aa00f800000000000000aa00f8
04:04:53.861 [DEBUG] [serial] RX 103 bytes: 00000000000000aa00f800000000000000aa00f800000000000000aa00f800000000000000aa00f800000000000000aa00f800000000000000aa00f800000000000000aa00f800000000000000aa00f800000000000000aa00f800000000000000aa00f8000000
04:04:53.970 [DEBUG] [serial] RX 104 bytes: 00000000aa00f800000000000000aa00f800000000000000aa00f800000000000000aa00f800000000000000aa00f800000000000000aa00f800000000000000aa00f800000000000000aa00f800000000000000aa00f800000000000000aa00f800000000000000
04:04:53.987 [INFO] [GUI] Freq cambiada a 150.0 Hz (freq_dh=1500)
04:04:53.987 [INFO] [serial] Encolando TX CMD_FREQ freq=150.0Hz dh=1500: bb0305dc
04:04:54.080 [INFO] [serial] TX CMD_FREQ freq=150.0Hz dh=1500: bb0305dc
04:04:54.080 [DEBUG] [serial] TX OK: 4 bytes escritos
04:04:54.080 [DEBUG] [serial] RX 103 bytes: aa00f800000000000000aa00f800000000000000aa00f800000000000000aa00f800000000000000aa00f800000000000000aa00f800000000000000aa00f800000000000000aa00f800000000000000aa00f800000000000000aa00f800000000000000aa00f8
04:04:54.188 [DEBUG] [serial] RX 104 bytes: 00000000000000aa00f800000000000000aa00f800000000000000aa00f800000000000000aa00f800000000000000aa00f800000000000000aa00f800000000000000aa00f800000000000000aa00f800000000000000aa00f800000000000000aa00f800000000
04:04:54.297 [DEBUG] [serial] RX 103 bytes: 000000aa00f800000000000000aa00f800000000000000aa00f800000000000000aa00f800000000000000aa00f800000000000000aa00f800000000000000aa00f800000000000000aa00f800000000000000aa00f800000000000000aa00f800000000000000
04:04:54.407 [DEBUG] [serial] RX 63 bytes: aa00f800000000000000aa00f800000000000000aa00f800000000000000aa00f800000000000000aa00f800000000000000aa00f800000000000000aa00f8
04:06:33.219 [INFO] [GUI] Cerrando ventana...
04:06:33.219 [INFO] [serial] Encolando TX CMD_STOP (close): bb05
04:06:33.219 [INFO] [serial] Solicitando parada del worker...
04:06:33.224 [INFO] [serial] TX CMD_STOP (close): bb05
04:06:33.224 [DEBUG] [serial] TX OK: 2 bytes escritos
04:06:33.229 [INFO] [serial] Loop de lectura terminado.
04:06:33.230 [INFO] [serial] Puerto cerrado.
04:06:33.230 [INFO] [GUI] Worker terminado, cerrando.
04:06:33.231 [INFO] [GUI] Freq cambiada a 150.0 Hz (freq_dh=1500)
04:06:33.231 [WARNING] [serial] TX ignorado (puerto no abierto): CMD_FREQ freq=150.0Hz dh=1500
04:06:33.235 [INFO] [GUI] app.exec_() retorno con codigo 0
