02:26:20.000 [INFO] Log file: C:\Github\Tesis\src\python\geophone_scope - Copy\logs\scope_min_20260420_022620.log
02:26:20.001 [INFO] ============================================================
02:26:20.001 [INFO] scope_min.py arrancando
02:26:20.001 [INFO] ============================================================
02:26:20.001 [INFO] [USB] Buscando dispositivo Cypress (VID=0x04B4)...
02:26:20.008 [INFO] [USB] Puertos encontrados: 1
02:26:20.008 [INFO] [USB]   COM7 | VID=0x04b4 | PID=0xf139 | desc=KitProg USB-UART (COM7)
02:26:20.008 [INFO] [USB] -> Cypress encontrado en COM7
02:26:20.008 [INFO] Usando puerto: COM7
02:26:20.019 [INFO] [GUI] Iniciando ScopeWindow, puerto=COM7
02:26:20.020 [INFO] [GUI] Construyendo UI...
02:26:20.194 [INFO] [GUI] UI construida OK
02:26:20.194 [INFO] [GUI] Creando SerialWorker para COM7
02:26:20.195 [INFO] [serial] Abriendo puerto COM7 ...
02:26:20.195 [INFO] [GUI] SerialWorker iniciado
02:26:20.195 [INFO] [GUI] Timer de refresh iniciado (80ms)
02:26:20.195 [INFO] [GUI] ScopeWindow lista
02:26:20.399 [INFO] [GUI] app.exec_() — entrando en event loop Qt
02:26:20.399 [INFO] [serial] Puerto abierto: Serial<id=0x1f3ffa55180, open=True>(port='COM7', baudrate=9600, bytesize=8, parity='N', stopbits=1, timeout=0.1, xonxoff=False, rtscts=False, dsrdtr=False)
02:26:20.399 [INFO] [serial] Entrando en loop de lectura...
02:26:20.503 [DEBUG] [serial] RX 99 bytes: 000000000000aa00f800000000000000aa00f800000000000000aa00f800000000000000aa00f800000000000000aa00f800000000000000aa00f800000000000000aa00f800000000000000aa00f800000000000000aa00f800000000000000aa00f8
02:26:20.504 [DEBUG] [serial] Descartando 6 bytes antes de 0xAA
02:26:20.504 [DEBUG] [serial] PKT #1: flags=0x00 in=-2048 ds=0 flt=0
02:26:20.504 [DEBUG] [serial] PKT #2: flags=0x00 in=-2048 ds=0 flt=0
02:26:20.504 [DEBUG] [serial] PKT #3: flags=0x00 in=-2048 ds=0 flt=0
02:26:20.504 [DEBUG] [serial] PKT #4: flags=0x00 in=-2048 ds=0 flt=0
02:26:20.504 [DEBUG] [serial] PKT #5: flags=0x00 in=-2048 ds=0 flt=0
02:26:20.612 [DEBUG] [serial] RX 104 bytes: 00000000000000aa00f800000000000000aa00f800000000000000aa00f800000000000000aa00f800000000000000aa00f800000000000000aa00f800000000000000aa00f800000000000000aa00f800000000000000aa00f800000000000000aa00f800000000
02:26:20.720 [DEBUG] [serial] RX 102 bytes: 000000aa00f800000000000000aa00f800000000000000aa00f800000000000000aa00f800000000000000aa00f800000000000000aa00f800000000000000aa00f800000000000000aa00f800000000000000aa00f800000000000000aa00f8000000000000
02:26:20.828 [DEBUG] [serial] RX 104 bytes: 00aa00f800000000000000aa00f800000000000000aa00f800000000000000aa00f800000000000000aa00f800000000000000aa00f800000000000000aa00f800000000000000aa00f800000000000000aa00f800000000000000aa00f800000000000000aa00f8
02:26:20.938 [DEBUG] [serial] RX 104 bytes: 00000000000000aa00f800000000000000aa00f800000000000000aa00f800000000000000aa00f800000000000000aa00f800000000000000aa00f800000000000000aa00f800000000000000aa00f800000000000000aa00f800000000000000aa00f800000000
02:26:21.046 [DEBUG] [serial] RX 102 bytes: 000000aa00f800000000000000aa00f800000000000000aa00f800000000000000aa00f800000000000000aa00f800000000000000aa00f800000000000000aa00f800000000000000aa00f800000000000000aa00f800000000000000aa00f8000000000000
02:26:21.155 [DEBUG] [serial] RX 104 bytes: 00aa00f800000000000000aa00f800000000000000aa00f800000000000000aa00f800000000000000aa00f800000000000000aa00f800000000000000aa00f800000000000000aa00f800000000000000aa00f800000000000000aa00f800000000000000aa00f8
02:26:21.264 [DEBUG] [serial] RX 104 bytes: 00000000000000aa00f800000000000000aa00f800000000000000aa00f800000000000000aa00f800000000000000aa00f800000000000000aa00f800000000000000aa00f800000000000000aa00f800000000000000aa00f800000000000000aa00f800000000
02:26:21.374 [DEBUG] [serial] RX 104 bytes: 000000aa00f800000000000000aa00f800000000000000aa00f800000000000000aa00f800000000000000aa00f800000000000000aa00f800000000000000aa00f800000000000000aa00f800000000000000aa00f800000000000000aa00f800000000000000aa
02:26:21.483 [DEBUG] [serial] RX 104 bytes: 00f800000000000000aa00f800000000000000aa00f800000000000000aa00f800000000000000aa00f800000000000000aa00f800000000000000aa00f800000000000000aa00f800000000000000aa00f800000000000000aa00f800000000000000aa00f80000
02:26:21.593 [DEBUG] [serial] RX 105 bytes: 0000000000aa00f800000000000000aa00f800000000000000aa00f800000000000000aa00f800000000000000aa00f800000000000000aa00f800000000000000aa00f800000000000000aa00f800000000000000aa00f800000000000000aa00f800000000000000
02:26:21.702 [DEBUG] [serial] RX 104 bytes: aa00f800000000000000aa00f800000000000000aa00f800000000000000aa00f800000000000000aa00f800000000000000aa00f800000000000000aa00f800000000000000aa00f800000000000000aa00f800000000000000aa00f800000000000000aa00f800
02:26:21.810 [DEBUG] [serial] RX 103 bytes: 000000000000aa00f800000000000000aa00f800000000000000aa00f800000000000000aa00f800000000000000aa00f800000000000000aa00f800000000000000aa00f800000000000000aa00f800000000000000aa00f800000000000000aa00f800000000
02:26:21.919 [DEBUG] [serial] RX 104 bytes: 000000aa00f800000000000000aa00f800000000000000aa00f800000000000000aa00f800000000000000aa00f800000000000000aa00f800000000000000aa00f800000000000000aa00f800000000000000aa00f800000000000000aa00f800000000000000aa
02:26:22.028 [DEBUG] [serial] RX 103 bytes: 00f800000000000000aa00f800000000000000aa00f800000000000000aa00f800000000000000aa00f800000000000000aa00f800000000000000aa00f800000000000000aa00f800000000000000aa00f800000000000000aa00f800000000000000aa00f800
02:26:22.136 [DEBUG] [serial] RX 103 bytes: 000000000000aa00f800000000000000aa00f800000000000000aa00f800000000000000aa00f800000000000000aa00f800000000000000aa00f800000000000000aa00f800000000000000aa00f800000000000000aa00f800000000000000aa00f800000000
02:26:22.247 [DEBUG] [serial] RX 105 bytes: 000000aa00f800000000000000aa00f800000000000000aa00f800000000000000aa00f800000000000000aa00f800000000000000aa00f800000000000000aa00f800000000000000aa00f800000000000000aa00f800000000000000aa00f800000000000000aa00
02:26:22.357 [DEBUG] [serial] RX 105 bytes: f800000000000000aa00f800000000000000aa00f800000000000000aa00f800000000000000aa00f800000000000000aa00f800000000000000aa00f800000000000000aa00f800000000000000aa00f800000000000000aa00f800000000000000aa00f800000000
02:26:22.465 [DEBUG] [serial] RX 102 bytes: 000000aa00f800000000000000aa00f800000000000000aa00f800000000000000aa00f800000000000000aa00f800000000000000aa00f800000000000000aa00f800000000000000aa00f800000000000000aa00f800000000000000aa00f8000000000000
02:26:22.524 [INFO] [GUI] Click MuxIn -> 1
02:26:22.524 [INFO] [serial] Encolando TX CMD_MUX_IN sel=1: bb0101
02:26:22.575 [INFO] [serial] TX CMD_MUX_IN sel=1: bb0101
02:26:22.575 [DEBUG] [serial] TX OK: 3 bytes escritos
02:26:22.575 [DEBUG] [serial] RX 105 bytes: 00aa00f800000000000000aa00f800000000000000aa00f800000000000000aa00f800000000000000aa00f800000000000000aa00f800000000000000aa00f800000000000000aa00f800000000000000aa00f800000000000000aa00f800000000000000aa00f800
02:26:22.684 [DEBUG] [serial] RX 12 bytes: 000000000000aa00f8000000
02:27:00.966 [DEBUG] [serial] RX 27 bytes: 00000000aa00f800000000000000aa00f800000000000000aa00f8
02:27:00.967 [INFO] [serial] Stats: 210 pkts, 2109 bytes rx
02:27:01.075 [DEBUG] [serial] RX 104 bytes: 00000000000000aa00f800000000000000aa00f800000000000000aa00f800000000000000aa00f800000000000000aa00f800000000000000aa00f800000000000000aa00f800000000000000aa00f800000000000000aa00f800000000000000aa00f800000000
02:27:01.187 [DEBUG] [serial] RX 106 bytes: 000000aa00f800000000000000aa00f800000000000000aa00f800000000000000aa00f800000000000000aa00f800000000000000aa00f800000000000000aa00f800000000000000aa00f800000000000000aa00f800000000000000aa00f800000000000000aa00f8
02:27:01.296 [DEBUG] [serial] RX 104 bytes: 00000000000000aa00f800000000000000aa01f800000000000000aa01f800000000000000aa01f800000000000000aa01f800000000000000aa01f800000000000000aa01f800000000000000aa01f800000000000000aa01f800000000000000aa01f800000000
02:27:01.405 [DEBUG] [serial] RX 104 bytes: 000000aa01f800000000000000aa01f800000000000000aa01f800000000000000aa01f800000000000000aa01f800000000000000aa01f800000000000000aa01f800000000000000aa01f800000000000000aa01f800000000000000aa01f800000000000000aa
02:27:01.515 [DEBUG] [serial] RX 104 bytes: 01f800000000000000aa01f800000000000000aa01f800000000000000aa01f800000000000000aa01f800000000000000aa01f800000000000000aa01f800000000000000aa01f800000000000000aa01f800000000000000aa01f800000000000000aa01f80000
02:27:01.624 [DEBUG] [serial] RX 104 bytes: 0000000000aa01f800000000000000aa01f800000000000000aa01f800000000000000aa01f800000000000000aa01f800000000000000aa01f800000000000000aa01f800000000000000aa01f800000000000000aa01f800000000000000aa01f8000000000000
02:27:01.733 [DEBUG] [serial] RX 104 bytes: 00aa01f800000000000000aa01f800000000000000aa01f800000000000000aa01f800000000000000aa01f800000000000000aa01f800000000000000aa01f800000000000000aa01f800000000000000aa01f800000000000000aa01f800000000000000aa01f8
02:27:01.842 [DEBUG] [serial] RX 104 bytes: 00000000000000aa01f800000000000000aa01f800000000000000aa01f800000000000000aa01f800000000000000aa01f800000000000000aa01f800000000000000aa01f800000000000000aa01f800000000000000aa01f800000000000000aa01f800000000
02:27:01.952 [DEBUG] [serial] RX 104 bytes: 000000aa01f800000000000000aa01f800000000000000aa01f800000000000000aa01f800000000000000aa01f800000000000000aa01f800000000000000aa01f800000000000000aa01f800000000000000aa01f800000000000000aa01f800000000000000aa
02:27:02.060 [DEBUG] [serial] RX 103 bytes: 01f800000000000000aa01f800000000000000aa01f800000000000000aa01f800000000000000aa01f800000000000000aa01f800000000000000aa01f800000000000000aa01f800000000000000aa01f800000000000000aa01f800000000000000aa01f800
02:27:02.169 [DEBUG] [serial] RX 104 bytes: 000000000000aa01f800000000000000aa01f800000000000000aa01f800000000000000aa01f800000000000000aa01f800000000000000aa01f800000000000000aa01f800000000000000aa01f800000000000000aa01f800000000000000aa01f80000000000
02:27:02.278 [DEBUG] [serial] RX 104 bytes: 0000aa01f800000000000000aa01f800000000000000aa01f800000000000000aa01f800000000000000aa01f800000000000000aa01f800000000000000aa01f800000000000000aa01f800000000000000aa01f800000000000000aa01f800000000000000aa01
02:27:02.387 [DEBUG] [serial] RX 103 bytes: f800000000000000aa01f800000000000000aa01f800000000000000aa01f800000000000000aa01f800000000000000aa01f800000000000000aa01f800000000000000aa01f800000000000000aa01f800000000000000aa01f800000000000000aa01f80000
02:27:02.494 [DEBUG] [serial] RX 103 bytes: 0000000000aa01f800000000000000aa01f800000000000000aa01f800000000000000aa01f800000000000000aa01f800000000000000aa01f800000000000000aa01f800000000000000aa01f800000000000000aa01f800000000000000aa01f80000000000
02:27:02.604 [DEBUG] [serial] RX 104 bytes: 0000aa01f800000000000000aa01f800000000000000aa01f800000000000000aa01f800000000000000aa01f800000000000000aa01f800000000000000aa01f800000000000000aa01f800000000000000aa01f800000000000000aa01f800000000000000aa01
02:27:02.714 [DEBUG] [serial] RX 104 bytes: f800000000000000aa01f800000000000000aa01f800000000000000aa01f800000000000000aa01f800000000000000aa01f800000000000000aa01f800000000000000aa01f800000000000000aa01f800000000000000aa01f800000000000000aa01f8000000
02:27:02.823 [DEBUG] [serial] RX 104 bytes: 00000000aa01f800000000000000aa01f800000000000000aa01f800000000000000aa01f800000000000000aa01f800000000000000aa01f800000000000000aa01f800000000000000aa01f800000000000000aa01f800000000000000aa01f800000000000000
02:27:02.932 [DEBUG] [serial] RX 104 bytes: aa01f800000000000000aa01f800000000000000aa01f800000000000000aa01f800000000000000aa01f800000000000000aa01f800000000000000aa01f800000000000000aa01f800000000000000aa01f800000000000000aa01f800000000000000aa01f800
02:27:03.041 [DEBUG] [serial] RX 104 bytes: 000000000000aa01f800000000000000aa01f800000000000000aa01f800000000000000aa01f800000000000000aa01f800000000000000aa01f800000000000000aa01f800000000000000aa01f800000000000000aa01f800000000000000aa01f80000000000
02:27:03.150 [DEBUG] [serial] RX 104 bytes: 0000aa01f800000000000000aa01f800000000000000aa01f800000000000000aa01f800000000000000aa01f800000000000000aa01f800000000000000aa01f800000000000000aa01f800000000000000aa01f800000000000000aa01f800000000000000aa01
02:27:03.259 [DEBUG] [serial] RX 103 bytes: f800000000000000aa01f800000000000000aa01f800000000000000aa01f800000000000000aa01f800000000000000aa01f800000000000000aa01f800000000000000aa01f800000000000000aa01f800000000000000aa01f800000000000000aa01f80000
02:27:03.369 [DEBUG] [serial] RX 105 bytes: 0000000000aa01f800000000000000aa01f800000000000000aa01f800000000000000aa01f800000000000000aa01f800000000000000aa01f800000000000000aa01f800000000000000aa01f800000000000000aa01f800000000000000aa01f800000000000000
02:27:03.478 [DEBUG] [serial] RX 104 bytes: aa01f800000000000000aa01f800000000000000aa01f800000000000000aa01f800000000000000aa01f800000000000000aa01f800000000000000aa01f800000000000000aa01f800000000000000aa01f800000000000000aa01f800000000000000aa01f800
02:27:03.586 [DEBUG] [serial] RX 103 bytes: 000000000000aa01f800000000000000aa01f800000000000000aa01f800000000000000aa01f800000000000000aa01f800000000000000aa01f800000000000000aa01f800000000000000aa01f800000000000000aa01f800000000000000aa01f800000000
02:27:03.696 [DEBUG] [serial] RX 105 bytes: 000000aa01f800000000000000aa01f800000000000000aa01f800000000000000aa01f800000000000000aa01f800000000000000aa01f800000000000000aa01f800000000000000aa01f800000000000000aa01f800000000000000aa01f800000000000000aa01
02:27:03.805 [DEBUG] [serial] RX 103 bytes: f800000000000000aa01f800000000000000aa01f800000000000000aa01f800000000000000aa01f800000000000000aa01f800000000000000aa01f800000000000000aa01f800000000000000aa01f800000000000000aa01f800000000000000aa01f80000
02:27:03.912 [DEBUG] [serial] RX 102 bytes: 0000000000aa01f800000000000000aa01f800000000000000aa01f800000000000000aa01f800000000000000aa01f800000000000000aa01f800000000000000aa01f800000000000000aa01f800000000000000aa01f800000000000000aa01f800000000
02:27:04.020 [DEBUG] [serial] RX 103 bytes: 000000aa01f800000000000000aa01f800000000000000aa01f800000000000000aa01f800000000000000aa01f800000000000000aa01f800000000000000aa01f800000000000000aa01f800000000000000aa01f800000000000000aa01f800000000000000
02:27:04.021 [DEBUG] [serial] PKT #500: flags=0x01 in=-2048 ds=0 flt=0
02:27:04.131 [DEBUG] [serial] RX 105 bytes: aa01f800000000000000aa01f800000000000000aa01f800000000000000aa01f800000000000000aa01f800000000000000aa01f800000000000000aa01f800000000000000aa01f800000000000000aa01f800000000000000aa01f800000000000000aa01f80000
02:27:04.239 [DEBUG] [serial] RX 103 bytes: 0000000000aa01f800000000000000aa01f800000000000000aa01f800000000000000aa01f800000000000000aa01f800000000000000aa01f800000000000000aa01f800000000000000aa01f800000000000000aa01f800000000000000aa01f80000000000
02:27:04.347 [DEBUG] [serial] RX 103 bytes: 0000aa01f800000000000000aa01f800000000000000aa01f800000000000000aa01f800000000000000aa01f800000000000000aa01f800000000000000aa01f800000000000000aa01f800000000000000aa01f800000000000000aa01f800000000000000aa
02:27:04.457 [DEBUG] [serial] RX 105 bytes: 01f800000000000000aa01f800000000000000aa01f800000000000000aa01f800000000000000aa01f800000000000000aa01f800000000000000aa01f800000000000000aa01f800000000000000aa01f800000000000000aa01f800000000000000aa01f8000000
02:27:04.567 [DEBUG] [serial] RX 104 bytes: 00000000aa01f800000000000000aa01f800000000000000aa01f800000000000000aa01f800000000000000aa01f800000000000000aa01f800000000000000aa01f800000000000000aa01f800000000000000aa01f800000000000000aa01f800000000000000
02:27:04.676 [DEBUG] [serial] RX 103 bytes: aa01f800000000000000aa01f800000000000000aa01f800000000000000aa01f800000000000000aa01f800000000000000aa01f800000000000000aa01f800000000000000aa01f800000000000000aa01f800000000000000aa01f800000000000000aa01f8
02:27:04.789 [DEBUG] [serial] RX 108 bytes: 00000000000000aa01f800000000000000aa01f800000000000000aa01f800000000000000aa01f800000000000000aa01f800000000000000aa01f800000000000000aa01f800000000000000aa01f800000000000000aa01f800000000000000aa01f800000000000000aa
02:27:04.896 [DEBUG] [serial] RX 102 bytes: 01f800000000000000aa01f800000000000000aa01f800000000000000aa01f800000000000000aa01f800000000000000aa01f800000000000000aa01f800000000000000aa01f800000000000000aa01f800000000000000aa01f800000000000000aa01f8
02:27:05.004 [DEBUG] [serial] RX 103 bytes: 00000000000000aa01f800000000000000aa01f800000000000000aa01f800000000000000aa01f800000000000000aa01f800000000000000aa01f800000000000000aa01f800000000000000aa01f800000000000000aa01f800000000000000aa01f8000000
02:27:05.115 [DEBUG] [serial] RX 105 bytes: 00000000aa01f800000000000000aa01f800000000000000aa01f800000000000000aa01f800000000000000aa01f800000000000000aa01f800000000000000aa01f800000000000000aa01f800000000000000aa01f800000000000000aa01f800000000000000aa
02:27:05.222 [DEBUG] [serial] RX 103 bytes: 01f800000000000000aa01f800000000000000aa01f800000000000000aa01f800000000000000aa01f800000000000000aa01f800000000000000aa01f800000000000000aa01f800000000000000aa01f800000000000000aa01f800000000000000aa01f800
02:27:05.331 [DEBUG] [serial] RX 103 bytes: 000000000000aa01f800000000000000aa01f800000000000000aa01f800000000000000aa01f800000000000000aa01f800000000000000aa01f800000000000000aa01f800000000000000aa01f800000000000000aa01f800000000000000aa01f800000000
02:27:05.438 [DEBUG] [serial] RX 102 bytes: 000000aa01f800000000000000aa01f800000000000000aa01f800000000000000aa01f800000000000000aa01f800000000000000aa01f800000000000000aa01f800000000000000aa01f800000000000000aa01f800000000000000aa01f8000000000000
02:27:05.547 [DEBUG] [serial] RX 104 bytes: 00aa01f800000000000000aa01f800000000000000aa01f800000000000000aa01f800000000000000aa01f800000000000000aa01f800000000000000aa01f800000000000000aa01f800000000000000aa01f800000000000000aa01f800000000000000aa01f8
02:27:05.656 [DEBUG] [serial] RX 103 bytes: 00000000000000aa01f800000000000000aa01f800000000000000aa01f800000000000000aa01f800000000000000aa01f800000000000000aa01f800000000000000aa01f800000000000000aa01f800000000000000aa01f800000000000000aa01f8000000
02:27:05.765 [DEBUG] [serial] RX 104 bytes: 00000000aa01f800000000000000aa01f800000000000000aa01f800000000000000aa01f800000000000000aa01f800000000000000aa01f800000000000000aa01f800000000000000aa01f800000000000000aa01f800000000000000aa01f800000000000000
02:27:05.874 [DEBUG] [serial] RX 103 bytes: aa01f800000000000000aa01f800000000000000aa01f800000000000000aa01f800000000000000aa01f800000000000000aa01f800000000000000aa01f800000000000000aa01f800000000000000aa01f800000000000000aa01f800000000000000aa01f8
02:27:05.982 [DEBUG] [serial] RX 104 bytes: 00000000000000aa01f800000000000000aa01f800000000000000aa01f800000000000000aa01f800000000000000aa01f800000000000000aa01f800000000000000aa01f800000000000000aa01f800000000000000aa01f800000000000000aa01f800000000
02:27:05.983 [INFO] [serial] Stats: 687 pkts, 6883 bytes rx
02:27:06.090 [DEBUG] [serial] RX 103 bytes: 000000aa01f800000000000000aa01f800000000000000aa01f800000000000000aa01f800000000000000aa01f800000000000000aa01f800000000000000aa01f800000000000000aa01f800000000000000aa01f800000000000000aa01f800000000000000
02:27:06.170 [INFO] [GUI] Click MuxIn -> 0
02:27:06.170 [INFO] [serial] Encolando TX CMD_MUX_IN sel=0: bb0100
02:27:06.198 [INFO] [serial] TX CMD_MUX_IN sel=0: bb0100
02:27:06.199 [DEBUG] [serial] TX OK: 3 bytes escritos
02:27:06.199 [DEBUG] [serial] RX 102 bytes: aa01f800000000000000aa01f800000000000000aa01f800000000000000aa01f800000000000000aa01f800000000000000aa01f800000000000000aa01f800000000000000aa01f800000000000000aa01f800000000000000aa01f800000000000000aa01
02:27:06.306 [DEBUG] [serial] RX 14 bytes: f800000000000000aa01f8000000
02:27:21.873 [DEBUG] [serial] RX 4 bytes: 00000000
02:27:21.874 [INFO] [serial] Stats: 710 pkts, 7106 bytes rx
02:27:24.048 [DEBUG] [serial] RX 42 bytes: aa01f800000000000000aa01f800000000000000aa01f800000000000000aa01f800000000000000aa01
02:27:24.158 [DEBUG] [serial] RX 105 bytes: f800000000000000aa01f800000000000000aa01f800000000000000aa01f800000000000000aa01f800000000000000aa01f800000000000000aa01f800000000000000aa01f800000000000000aa01f800000000000000aa01f800000000000000aa01f800000000
02:27:24.266 [DEBUG] [serial] RX 103 bytes: 000000aa01f800000000000000aa01f800000000000000aa01f800000000000000aa01f800000000000000aa01f800000000000000aa01f800000000000000aa01f800000000000000aa01f800000000000000aa01f800000000000000aa01f800000000000000
02:27:24.375 [DEBUG] [serial] RX 104 bytes: aa00f800000000000000aa00f800000000000000aa00f800000000000000aa00f800000000000000aa00f800000000000000aa00f800000000000000aa00f800000000000000aa00f800000000000000aa00f800000000000000aa00f800000000000000aa00f800
02:27:24.484 [DEBUG] [serial] RX 103 bytes: 000000000000aa00f800000000000000aa00f800000000000000aa00f800000000000000aa00f800000000000000aa00f800000000000000aa00f800000000000000aa00f800000000000000aa00f800000000000000aa00f800000000000000aa00f800000000
02:27:24.593 [DEBUG] [serial] RX 104 bytes: 000000aa00f800000000000000aa00f800000000000000aa00f800000000000000aa00f800000000000000aa00f800000000000000aa00f800000000000000aa00f800000000000000aa00f800000000000000aa00f800000000000000aa00f800000000000000aa
02:27:24.702 [DEBUG] [serial] RX 105 bytes: 00f800000000000000aa00f800000000000000aa00f800000000000000aa00f800000000000000aa00f800000000000000aa00f800000000000000aa00f800000000000000aa00f800000000000000aa00f800000000000000aa00f800000000000000aa00f8000000
02:27:24.810 [DEBUG] [serial] RX 102 bytes: 00000000aa00f800000000000000aa00f800000000000000aa00f800000000000000aa00f800000000000000aa00f800000000000000aa00f800000000000000aa00f800000000000000aa00f800000000000000aa00f800000000000000aa00f80000000000
02:27:24.919 [DEBUG] [serial] RX 103 bytes: 0000aa00f800000000000000aa00f800000000000000aa00f800000000000000aa00f800000000000000aa00f800000000000000aa00f800000000000000aa00f800000000000000aa00f800000000000000aa00f800000000000000aa00f800000000000000aa
02:27:25.028 [DEBUG] [serial] RX 104 bytes: 00f800000000000000aa00f800000000000000aa00f800000000000000aa00f800000000000000aa00f800000000000000aa00f800000000000000aa00f800000000000000aa00f800000000000000aa00f800000000000000aa00f800000000000000aa00f80000
02:27:25.135 [DEBUG] [serial] RX 102 bytes: 0000000000aa00f800000000000000aa00f800000000000000aa00f800000000000000aa00f800000000000000aa00f800000000000000aa00f800000000000000aa00f800000000000000aa00f800000000000000aa00f800000000000000aa00f800000000
02:27:25.244 [DEBUG] [serial] RX 104 bytes: 000000aa00f800000000000000aa00f800000000000000aa00f800000000000000aa00f800000000000000aa00f800000000000000aa00f800000000000000aa00f800000000000000aa00f800000000000000aa00f800000000000000aa00f800000000000000aa
02:27:25.353 [DEBUG] [serial] RX 103 bytes: 00f800000000000000aa00f800000000000000aa00f800000000000000aa00f800000000000000aa00f800000000000000aa00f800000000000000aa00f800000000000000aa00f800000000000000aa00f800000000000000aa00f800000000000000aa00f800
02:27:25.461 [DEBUG] [serial] RX 103 bytes: 000000000000aa00f800000000000000aa00f800000000000000aa00f800000000000000aa00f800000000000000aa00f800000000000000aa00f800000000000000aa00f800000000000000aa00f800000000000000aa00f800000000000000aa00f800000000
02:27:25.570 [DEBUG] [serial] RX 104 bytes: 000000aa00f800000000000000aa00f800000000000000aa00f800000000000000aa00f800000000000000aa00f800000000000000aa00f800000000000000aa00f800000000000000aa00f800000000000000aa00f800000000000000aa00f800000000000000aa
02:27:25.680 [DEBUG] [serial] RX 105 bytes: 00f800000000000000aa00f800000000000000aa00f800000000000000aa00f800000000000000aa00f800000000000000aa00f800000000000000aa00f800000000000000aa00f800000000000000aa00f800000000000000aa00f800000000000000aa00f8000000
02:27:25.790 [DEBUG] [serial] RX 104 bytes: 00000000aa00f800000000000000aa00f800000000000000aa00f800000000000000aa00f800000000000000aa00f800000000000000aa00f800000000000000aa00f800000000000000aa00f800000000000000aa00f800000000000000aa00f800000000000000
02:27:25.898 [DEBUG] [serial] RX 103 bytes: aa00f800000000000000aa00f800000000000000aa00f800000000000000aa00f800000000000000aa00f800000000000000aa00f800000000000000aa00f800000000000000aa00f800000000000000aa00f800000000000000aa00f800000000000000aa00f8
02:27:26.006 [DEBUG] [serial] RX 103 bytes: 00000000000000aa00f800000000000000aa00f800000000000000aa00f800000000000000aa00f800000000000000aa00f800000000000000aa00f800000000000000aa00f800000000000000aa00f800000000000000aa00f800000000000000aa00f8000000
02:27:26.116 [DEBUG] [serial] RX 104 bytes: 00000000aa00f800000000000000aa00f800000000000000aa00f800000000000000aa00f800000000000000aa00f800000000000000aa00f800000000000000aa00f800000000000000aa00f800000000000000aa00f800000000000000aa00f800000000000000
02:27:26.224 [DEBUG] [serial] RX 103 bytes: aa00f800000000000000aa00f800000000000000aa00f800000000000000aa00f800000000000000aa00f800000000000000aa00f800000000000000aa00f800000000000000aa00f800000000000000aa00f800000000000000aa00f800000000000000aa00f8
02:27:26.331 [DEBUG] [serial] RX 103 bytes: 00000000000000aa00f800000000000000aa00f800000000000000aa00f800000000000000aa00f800000000000000aa00f800000000000000aa00f800000000000000aa00f800000000000000aa00f800000000000000aa00f800000000000000aa00f8000000
02:27:26.439 [DEBUG] [serial] RX 102 bytes: 00000000aa00f800000000000000aa00f800000000000000aa00f800000000000000aa00f800000000000000aa00f800000000000000aa00f800000000000000aa00f800000000000000aa00f800000000000000aa00f800000000000000aa00f80000000000
02:27:26.548 [DEBUG] [serial] RX 104 bytes: 0000aa00f800000000000000aa00f800000000000000aa00f800000000000000aa00f800000000000000aa00f800000000000000aa00f800000000000000aa00f800000000000000aa00f800000000000000aa00f800000000000000aa00f800000000000000aa00
02:27:26.657 [DEBUG] [serial] RX 104 bytes: f800000000000000aa00f800000000000000aa00f800000000000000aa00f800000000000000aa00f800000000000000aa00f800000000000000aa00f800000000000000aa00f800000000000000aa00f800000000000000aa00f800000000000000aa00f8000000
02:27:26.766 [DEBUG] [serial] RX 103 bytes: 00000000aa00f800000000000000aa00f800000000000000aa00f800000000000000aa00f800000000000000aa00f800000000000000aa00f800000000000000aa00f800000000000000aa00f800000000000000aa00f800000000000000aa00f8000000000000
02:27:26.875 [DEBUG] [serial] RX 104 bytes: 00aa00f800000000000000aa00f800000000000000aa00f800000000000000aa00f800000000000000aa00f800000000000000aa00f800000000000000aa00f800000000000000aa00f800000000000000aa00f800000000000000aa00f800000000000000aa00f8
02:27:26.876 [INFO] [serial] Stats: 983 pkts, 9839 bytes rx
02:27:26.984 [DEBUG] [serial] RX 104 bytes: 00000000000000aa00f800000000000000aa00f800000000000000aa00f800000000000000aa00f800000000000000aa00f800000000000000aa00f800000000000000aa00f800000000000000aa00f800000000000000aa00f800000000000000aa00f800000000
02:27:27.093 [DEBUG] [serial] RX 103 bytes: 000000aa00f800000000000000aa00f800000000000000aa00f800000000000000aa00f800000000000000aa00f800000000000000aa00f800000000000000aa00f800000000000000aa00f800000000000000aa00f800000000000000aa00f800000000000000
02:27:27.093 [DEBUG] [serial] PKT #1000: flags=0x00 in=-2048 ds=0 flt=0
02:27:27.201 [DEBUG] [serial] RX 104 bytes: aa00f800000000000000aa00f800000000000000aa00f800000000000000aa00f800000000000000aa00f800000000000000aa00f800000000000000aa00f800000000000000aa00f800000000000000aa00f800000000000000aa00f800000000000000aa00f800
02:27:27.310 [DEBUG] [serial] RX 103 bytes: 000000000000aa00f800000000000000aa00f800000000000000aa00f800000000000000aa00f800000000000000aa00f800000000000000aa00f800000000000000aa00f800000000000000aa00f800000000000000aa00f800000000000000aa00f800000000
02:27:27.419 [DEBUG] [serial] RX 104 bytes: 000000aa00f800000000000000aa00f800000000000000aa00f800000000000000aa00f800000000000000aa00f800000000000000aa00f800000000000000aa00f800000000000000aa00f800000000000000aa00f800000000000000aa00f800000000000000aa
02:27:27.527 [DEBUG] [serial] RX 103 bytes: 00f800000000000000aa00f800000000000000aa00f800000000000000aa00f800000000000000aa00f800000000000000aa00f800000000000000aa00f800000000000000aa00f800000000000000aa00f800000000000000aa00f800000000000000aa00f800
02:27:27.636 [DEBUG] [serial] RX 103 bytes: 000000000000aa00f800000000000000aa00f800000000000000aa00f800000000000000aa00f800000000000000aa00f800000000000000aa00f800000000000000aa00f800000000000000aa00f800000000000000aa00f800000000000000aa00f800000000
02:27:27.745 [DEBUG] [serial] RX 104 bytes: 000000aa00f800000000000000aa00f800000000000000aa00f800000000000000aa00f800000000000000aa00f800000000000000aa00f800000000000000aa00f800000000000000aa00f800000000000000aa00f800000000000000aa00f800000000000000aa
02:27:27.855 [DEBUG] [serial] RX 104 bytes: 00f800000000000000aa00f800000000000000aa00f800000000000000aa00f800000000000000aa00f800000000000000aa00f800000000000000aa00f800000000000000aa00f800000000000000aa00f800000000000000aa00f800000000000000aa00f80000
02:27:27.964 [DEBUG] [serial] RX 104 bytes: 0000000000aa00f800000000000000aa00f800000000000000aa00f800000000000000aa00f800000000000000aa00f800000000000000aa00f800000000000000aa00f800000000000000aa00f800000000000000aa00f800000000000000aa00f8000000000000
02:27:28.073 [DEBUG] [serial] RX 104 bytes: 00aa00f800000000000000aa00f800000000000000aa00f800000000000000aa00f800000000000000aa00f800000000000000aa00f800000000000000aa00f800000000000000aa00f800000000000000aa00f800000000000000aa00f800000000000000aa00f8
02:27:28.182 [DEBUG] [serial] RX 104 bytes: 00000000000000aa00f800000000000000aa00f800000000000000aa00f800000000000000aa00f800000000000000aa00f800000000000000aa00f800000000000000aa00f800000000000000aa00f800000000000000aa00f800000000000000aa00f800000000
02:27:28.290 [DEBUG] [serial] RX 103 bytes: 000000aa00f800000000000000aa00f800000000000000aa00f800000000000000aa00f800000000000000aa00f800000000000000aa00f800000000000000aa00f800000000000000aa00f800000000000000aa00f800000000000000aa00f800000000000000
02:27:28.399 [DEBUG] [serial] RX 103 bytes: aa00f800000000000000aa00f800000000000000aa00f800000000000000aa00f800000000000000aa00f800000000000000aa00f800000000000000aa00f800000000000000aa00f800000000000000aa00f800000000000000aa00f800000000000000aa00f8
02:27:28.508 [DEBUG] [serial] RX 104 bytes: 00000000000000aa00f800000000000000aa00f800000000000000aa00f800000000000000aa00f800000000000000aa00f800000000000000aa00f800000000000000aa00f800000000000000aa00f800000000000000aa00f800000000000000aa00f800000000
02:27:28.617 [DEBUG] [serial] RX 104 bytes: 000000aa00f800000000000000aa00f800000000000000aa00f800000000000000aa00f800000000000000aa00f800000000000000aa00f800000000000000aa00f800000000000000aa00f800000000000000aa00f800000000000000aa00f800000000000000aa
02:27:28.727 [DEBUG] [serial] RX 105 bytes: 00f800000000000000aa00f800000000000000aa00f800000000000000aa00f800000000000000aa00f800000000000000aa00f800000000000000aa00f800000000000000aa00f800000000000000aa00f800000000000000aa00f800000000000000aa00f8000000
02:27:28.836 [DEBUG] [serial] RX 103 bytes: 00000000aa00f800000000000000aa00f800000000000000aa00f800000000000000aa00f800000000000000aa00f800000000000000aa00f800000000000000aa00f800000000000000aa00f800000000000000aa00f800000000000000aa00f8000000000000
02:27:28.944 [DEBUG] [serial] RX 102 bytes: 00aa00f800000000000000aa00f800000000000000aa00f800000000000000aa00f800000000000000aa00f800000000000000aa00f800000000000000aa00f800000000000000aa00f800000000000000aa00f800000000000000aa00f800000000000000aa
02:27:29.053 [DEBUG] [serial] RX 104 bytes: 00f800000000000000aa00f800000000000000aa00f800000000000000aa00f800000000000000aa00f800000000000000aa00f800000000000000aa00f800000000000000aa00f800000000000000aa00f800000000000000aa00f800000000000000aa00f80000
02:27:29.160 [DEBUG] [serial] RX 103 bytes: 0000000000aa00f800000000000000aa00f800000000000000aa00f800000000000000aa00f800000000000000aa00f800000000000000aa00f800000000000000aa00f800000000000000aa00f800000000000000aa00f800000000000000aa00f80000000000
02:27:29.269 [DEBUG] [serial] RX 103 bytes: 0000aa00f800000000000000aa00f800000000000000aa00f800000000000000aa00f800000000000000aa00f800000000000000aa00f800000000000000aa00f800000000000000aa00f800000000000000aa00f800000000000000aa00f800000000000000aa
02:27:29.377 [DEBUG] [serial] RX 103 bytes: 00f800000000000000aa00f800000000000000aa00f800000000000000aa00f800000000000000aa00f800000000000000aa00f800000000000000aa00f800000000000000aa00f800000000000000aa00f800000000000000aa00f800000000000000aa00f800
02:27:29.486 [DEBUG] [serial] RX 104 bytes: 000000000000aa00f800000000000000aa00f800000000000000aa00f800000000000000aa00f800000000000000aa00f800000000000000aa00f800000000000000aa00f800000000000000aa00f800000000000000aa00f800000000000000aa00f80000000000
02:27:29.595 [DEBUG] [serial] RX 103 bytes: 0000aa00f800000000000000aa00f800000000000000aa00f800000000000000aa00f800000000000000aa00f800000000000000aa00f800000000000000aa00f800000000000000aa00f800000000000000aa00f800000000000000aa00f800000000000000aa
02:27:29.704 [DEBUG] [serial] RX 104 bytes: 00f800000000000000aa00f800000000000000aa00f800000000000000aa00f800000000000000aa00f800000000000000aa00f800000000000000aa00f800000000000000aa00f800000000000000aa00f800000000000000aa00f800000000000000aa00f80000
02:27:29.813 [DEBUG] [serial] RX 104 bytes: 0000000000aa00f800000000000000aa00f800000000000000aa00f800000000000000aa00f800000000000000aa00f800000000000000aa00f800000000000000aa00f800000000000000aa00f800000000000000aa00f800000000000000aa00f8000000000000
02:27:29.922 [DEBUG] [serial] RX 103 bytes: 00aa00f800000000000000aa00f800000000000000aa00f800000000000000aa00f800000000000000aa00f800000000000000aa00f800000000000000aa00f800000000000000aa00f800000000000000aa00f800000000000000aa00f800000000000000aa00
02:27:30.029 [DEBUG] [serial] RX 103 bytes: f800000000000000aa00f800000000000000aa00f800000000000000aa00f800000000000000aa00f800000000000000aa00f800000000000000aa00f800000000000000aa00f800000000000000aa00f800000000000000aa00f800000000000000aa00f80000
02:27:30.138 [DEBUG] [serial] RX 103 bytes: 0000000000aa00f800000000000000aa00f800000000000000aa00f800000000000000aa00f800000000000000aa00f800000000000000aa00f800000000000000aa00f800000000000000aa00f800000000000000aa00f800000000000000aa00f80000000000
02:27:30.247 [DEBUG] [serial] RX 104 bytes: 0000aa00f800000000000000aa00f800000000000000aa00f800000000000000aa00f800000000000000aa00f800000000000000aa00f800000000000000aa00f800000000000000aa00f800000000000000aa00f800000000000000aa00f800000000000000aa00
02:27:30.356 [DEBUG] [serial] RX 103 bytes: f800000000000000aa00f800000000000000aa00f800000000000000aa00f800000000000000aa00f800000000000000aa00f800000000000000aa00f800000000000000aa00f800000000000000aa00f800000000000000aa00f800000000000000aa00f80000
02:27:30.466 [DEBUG] [serial] RX 105 bytes: 0000000000aa00f800000000000000aa00f800000000000000aa00f800000000000000aa00f800000000000000aa00f800000000000000aa00f800000000000000aa00f800000000000000aa00f800000000000000aa00f800000000000000aa00f800000000000000
02:27:30.575 [DEBUG] [serial] RX 104 bytes: aa00f800000000000000aa00f800000000000000aa00f800000000000000aa00f800000000000000aa00f800000000000000aa00f800000000000000aa00f800000000000000aa00f800000000000000aa00f800000000000000aa00f800000000000000aa00f800
02:27:30.684 [DEBUG] [serial] RX 104 bytes: 000000000000aa00f800000000000000aa00f800000000000000aa00f800000000000000aa00f800000000000000aa00f800000000000000aa00f800000000000000aa00f800000000000000aa00f800000000000000aa00f800000000000000aa00f80000000000
02:27:30.794 [DEBUG] [serial] RX 104 bytes: 0000aa00f800000000000000aa00f800000000000000aa00f800000000000000aa00f800000000000000aa00f800000000000000aa00f800000000000000aa00f800000000000000aa00f800000000000000aa00f800000000000000aa00f800000000000000aa00
02:27:30.903 [DEBUG] [serial] RX 104 bytes: f800000000000000aa00f800000000000000aa00f800000000000000aa00f800000000000000aa00f800000000000000aa00f800000000000000aa00f800000000000000aa00f800000000000000aa00f800000000000000aa00f800000000000000aa00f8000000
02:27:31.011 [DEBUG] [serial] RX 103 bytes: 00000000aa00f800000000000000aa00f800000000000000aa00f800000000000000aa00f800000000000000aa00f800000000000000aa00f800000000000000aa00f800000000000000aa00f800000000000000aa00f800000000000000aa00f8000000000000
02:27:31.120 [DEBUG] [serial] RX 104 bytes: 00aa00f800000000000000aa00f800000000000000aa00f800000000000000aa00f800000000000000aa00f800000000000000aa00f800000000000000aa00f800000000000000aa00f800000000000000aa00f800000000000000aa00f800000000000000aa00f8
02:27:31.230 [DEBUG] [serial] RX 104 bytes: 00000000000000aa00f800000000000000aa00f800000000000000aa00f800000000000000aa00f800000000000000aa00f800000000000000aa00f800000000000000aa00f800000000000000aa00f800000000000000aa00f800000000000000aa00f800000000
02:27:31.339 [DEBUG] [serial] RX 104 bytes: 000000aa00f800000000000000aa00f800000000000000aa00f800000000000000aa00f800000000000000aa00f800000000000000aa00f800000000000000aa00f800000000000000aa00f800000000000000aa00f800000000000000aa00f800000000000000aa
02:27:31.447 [DEBUG] [serial] RX 103 bytes: 00f800000000000000aa00f800000000000000aa00f800000000000000aa00f800000000000000aa00f800000000000000aa00f800000000000000aa00f800000000000000aa00f800000000000000aa00f800000000000000aa00f800000000000000aa00f800
02:27:31.557 [DEBUG] [serial] RX 105 bytes: 000000000000aa00f800000000000000aa00f800000000000000aa00f800000000000000aa00f800000000000000aa00f800000000000000aa00f800000000000000aa00f800000000000000aa00f800000000000000aa00f800000000000000aa00f8000000000000
02:27:31.666 [DEBUG] [serial] RX 104 bytes: 00aa00f800000000000000aa00f800000000000000aa00f800000000000000aa00f800000000000000aa00f800000000000000aa00f800000000000000aa00f800000000000000aa00f800000000000000aa00f800000000000000aa00f800000000000000aa00f8
02:27:31.776 [DEBUG] [serial] RX 103 bytes: 00000000000000aa00f800000000000000aa00f800000000000000aa00f800000000000000aa00f800000000000000aa00f800000000000000aa00f800000000000000aa00f800000000000000aa00f800000000000000aa00f800000000000000aa00f8000000
02:27:31.884 [DEBUG] [serial] RX 104 bytes: 00000000aa00f800000000000000aa00f800000000000000aa00f800000000000000aa00f800000000000000aa00f800000000000000aa00f800000000000000aa00f800000000000000aa00f800000000000000aa00f800000000000000aa00f800000000000000
02:27:31.885 [INFO] [serial] Stats: 1460 pkts, 14606 bytes rx
02:27:31.992 [DEBUG] [serial] RX 103 bytes: aa00f800000000000000aa00f800000000000000aa00f800000000000000aa00f800000000000000aa00f800000000000000aa00f800000000000000aa00f800000000000000aa00f800000000000000aa00f800000000000000aa00f800000000000000aa00f8
02:27:32.102 [DEBUG] [serial] RX 104 bytes: 00000000000000aa00f800000000000000aa00f800000000000000aa00f800000000000000aa00f800000000000000aa00f800000000000000aa00f800000000000000aa00f800000000000000aa00f800000000000000aa00f800000000000000aa00f800000000
02:27:32.210 [DEBUG] [serial] RX 103 bytes: 000000aa00f800000000000000aa00f800000000000000aa00f800000000000000aa00f800000000000000aa00f800000000000000aa00f800000000000000aa00f800000000000000aa00f800000000000000aa00f800000000000000aa00f800000000000000
02:27:32.319 [DEBUG] [serial] RX 104 bytes: aa00f800000000000000aa00f800000000000000aa00f800000000000000aa00f800000000000000aa00f800000000000000aa00f800000000000000aa00f800000000000000aa00f800000000000000aa00f800000000000000aa00f800000000000000aa00f800
02:27:32.320 [DEBUG] [serial] PKT #1500: flags=0x00 in=-2048 ds=0 flt=0
02:27:32.429 [DEBUG] [serial] RX 104 bytes: 000000000000aa00f800000000000000aa00f800000000000000aa00f800000000000000aa00f800000000000000aa00f800000000000000aa00f800000000000000aa00f800000000000000aa00f800000000000000aa00f800000000000000aa00f80000000000
02:27:32.539 [DEBUG] [serial] RX 105 bytes: 0000aa00f800000000000000aa00f800000000000000aa00f800000000000000aa00f800000000000000aa00f800000000000000aa00f800000000000000aa00f800000000000000aa00f800000000000000aa00f800000000000000aa00f800000000000000aa00f8
02:27:32.648 [DEBUG] [serial] RX 104 bytes: 00000000000000aa00f800000000000000aa00f800000000000000aa00f800000000000000aa00f800000000000000aa00f800000000000000aa00f800000000000000aa00f800000000000000aa00f800000000000000aa00f800000000000000aa00f800000000
02:27:32.760 [DEBUG] [serial] RX 106 bytes: 000000aa00f800000000000000aa00f800000000000000aa00f800000000000000aa00f800000000000000aa00f800000000000000aa00f800000000000000aa00f800000000000000aa00f800000000000000aa00f800000000000000aa00f800000000000000aa00f8
02:27:32.869 [DEBUG] [serial] RX 104 bytes: 00000000000000aa00f800000000000000aa00f800000000000000aa00f800000000000000aa00f800000000000000aa00f800000000000000aa00f800000000000000aa00f800000000000000aa00f800000000000000aa00f800000000000000aa00f800000000
02:27:32.980 [DEBUG] [serial] RX 106 bytes: 000000aa00f800000000000000aa00f800000000000000aa00f800000000000000aa00f800000000000000aa00f800000000000000aa00f800000000000000aa00f800000000000000aa00f800000000000000aa00f800000000000000aa00f800000000000000aa00f8
02:27:33.090 [DEBUG] [serial] RX 104 bytes: 00000000000000aa00f800000000000000aa00f800000000000000aa00f800000000000000aa00f800000000000000aa00f800000000000000aa00f800000000000000aa00f800000000000000aa00f800000000000000aa00f800000000000000aa00f800000000
02:27:33.198 [DEBUG] [serial] RX 103 bytes: 000000aa00f800000000000000aa00f800000000000000aa00f800000000000000aa00f800000000000000aa00f800000000000000aa00f800000000000000aa00f800000000000000aa00f800000000000000aa00f800000000000000aa00f800000000000000
02:27:33.307 [DEBUG] [serial] RX 104 bytes: aa00f800000000000000aa00f800000000000000aa00f800000000000000aa00f800000000000000aa00f800000000000000aa00f800000000000000aa00f800000000000000aa00f800000000000000aa00f800000000000000aa00f800000000000000aa00f800
02:27:33.416 [DEBUG] [serial] RX 103 bytes: 000000000000aa00f800000000000000aa00f800000000000000aa00f800000000000000aa00f800000000000000aa00f800000000000000aa00f800000000000000aa00f800000000000000aa00f800000000000000aa00f800000000000000aa00f800000000
02:27:33.524 [DEBUG] [serial] RX 104 bytes: 000000aa00f800000000000000aa00f800000000000000aa00f800000000000000aa00f800000000000000aa00f800000000000000aa00f800000000000000aa00f800000000000000aa00f800000000000000aa00f800000000000000aa00f800000000000000aa
02:27:33.634 [DEBUG] [serial] RX 104 bytes: 00f800000000000000aa00f800000000000000aa00f800000000000000aa00f800000000000000aa00f800000000000000aa00f800000000000000aa00f800000000000000aa00f800000000000000aa00f800000000000000aa00f800000000000000aa00f80000
02:27:33.744 [DEBUG] [serial] RX 104 bytes: 0000000000aa00f800000000000000aa00f800000000000000aa00f800000000000000aa00f800000000000000aa00f800000000000000aa00f800000000000000aa00f800000000000000aa00f800000000000000aa00f800000000000000aa00f8000000000000
02:27:33.853 [DEBUG] [serial] RX 104 bytes: 00aa00f800000000000000aa00f800000000000000aa00f800000000000000aa00f800000000000000aa00f800000000000000aa00f800000000000000aa00f800000000000000aa00f800000000000000aa00f800000000000000aa00f800000000000000aa00f8
02:27:33.961 [DEBUG] [serial] RX 103 bytes: 00000000000000aa00f800000000000000aa00f800000000000000aa00f800000000000000aa00f800000000000000aa00f800000000000000aa00f800000000000000aa00f800000000000000aa00f800000000000000aa00f800000000000000aa00f8000000
02:27:34.070 [DEBUG] [serial] RX 104 bytes: 00000000aa00f800000000000000aa00f800000000000000aa00f800000000000000aa00f800000000000000aa00f800000000000000aa00f800000000000000aa00f800000000000000aa00f800000000000000aa00f800000000000000aa00f800000000000000
02:27:34.179 [DEBUG] [serial] RX 104 bytes: aa00f800000000000000aa00f800000000000000aa00f800000000000000aa00f800000000000000aa00f800000000000000aa00f800000000000000aa00f800000000000000aa00f800000000000000aa00f800000000000000aa00f800000000000000aa00f800
02:27:34.287 [DEBUG] [serial] RX 103 bytes: 000000000000aa00f800000000000000aa00f800000000000000aa00f800000000000000aa00f800000000000000aa00f800000000000000aa00f800000000000000aa00f800000000000000aa00f800000000000000aa00f800000000000000aa00f800000000
02:27:34.396 [DEBUG] [serial] RX 103 bytes: 000000aa00f800000000000000aa00f800000000000000aa00f800000000000000aa00f800000000000000aa00f800000000000000aa00f800000000000000aa00f800000000000000aa00f800000000000000aa00f800000000000000aa00f800000000000000
02:27:34.505 [DEBUG] [serial] RX 103 bytes: aa00f800000000000000aa00f800000000000000aa00f800000000000000aa00f800000000000000aa00f800000000000000aa00f800000000000000aa00f800000000000000aa00f800000000000000aa00f800000000000000aa00f800000000000000aa00f8
02:27:34.613 [DEBUG] [serial] RX 103 bytes: 00000000000000aa00f800000000000000aa00f800000000000000aa00f800000000000000aa00f800000000000000aa00f800000000000000aa00f800000000000000aa00f800000000000000aa00f800000000000000aa00f800000000000000aa00f8000000
02:27:34.723 [DEBUG] [serial] RX 105 bytes: 00000000aa00f800000000000000aa00f800000000000000aa00f800000000000000aa00f800000000000000aa00f800000000000000aa00f800000000000000aa00f800000000000000aa00f800000000000000aa00f800000000000000aa00f800000000000000aa
02:27:34.832 [DEBUG] [serial] RX 103 bytes: 00f800000000000000aa00f800000000000000aa00f800000000000000aa00f800000000000000aa00f800000000000000aa00f800000000000000aa00f800000000000000aa00f800000000000000aa00f800000000000000aa00f800000000000000aa00f800
02:27:34.941 [DEBUG] [serial] RX 104 bytes: 000000000000aa00f800000000000000aa00f800000000000000aa00f800000000000000aa00f800000000000000aa00f800000000000000aa00f800000000000000aa00f800000000000000aa00f800000000000000aa00f800000000000000aa00f80000000000
02:27:35.050 [DEBUG] [serial] RX 104 bytes: 0000aa00f800000000000000aa00f800000000000000aa00f800000000000000aa00f800000000000000aa00f800000000000000aa00f800000000000000aa00f800000000000000aa00f800000000000000aa00f800000000000000aa00f800000000000000aa00
02:27:35.159 [DEBUG] [serial] RX 104 bytes: f800000000000000aa00f800000000000000aa00f800000000000000aa00f800000000000000aa00f800000000000000aa00f800000000000000aa00f800000000000000aa00f800000000000000aa00f800000000000000aa00f800000000000000aa00f8000000
02:27:35.268 [DEBUG] [serial] RX 104 bytes: 00000000aa00f800000000000000aa00f800000000000000aa00f800000000000000aa00f800000000000000aa00f800000000000000aa00f800000000000000aa00f800000000000000aa00f800000000000000aa00f800000000000000aa00f800000000000000
02:27:35.377 [DEBUG] [serial] RX 104 bytes: aa00f800000000000000aa00f800000000000000aa00f800000000000000aa00f800000000000000aa00f800000000000000aa00f800000000000000aa00f800000000000000aa00f800000000000000aa00f800000000000000aa00f800000000000000aa00f800
02:27:35.486 [DEBUG] [serial] RX 103 bytes: 000000000000aa00f800000000000000aa00f800000000000000aa00f800000000000000aa00f800000000000000aa00f800000000000000aa00f800000000000000aa00f800000000000000aa00f800000000000000aa00f800000000000000aa00f800000000
02:27:35.594 [DEBUG] [serial] RX 103 bytes: 000000aa00f800000000000000aa00f800000000000000aa00f800000000000000aa00f800000000000000aa00f800000000000000aa00f800000000000000aa00f800000000000000aa00f800000000000000aa00f800000000000000aa00f800000000000000
02:27:35.703 [DEBUG] [serial] RX 104 bytes: aa00f800000000000000aa00f800000000000000aa00f800000000000000aa00f800000000000000aa00f800000000000000aa00f800000000000000aa00f800000000000000aa00f800000000000000aa00f800000000000000aa00f800000000000000aa00f800
02:27:35.810 [DEBUG] [serial] RX 102 bytes: 000000000000aa00f800000000000000aa00f800000000000000aa00f800000000000000aa00f800000000000000aa00f800000000000000aa00f800000000000000aa00f800000000000000aa00f800000000000000aa00f800000000000000aa00f8000000
02:27:35.919 [DEBUG] [serial] RX 104 bytes: 00000000aa00f800000000000000aa00f800000000000000aa00f800000000000000aa00f800000000000000aa00f800000000000000aa00f800000000000000aa00f800000000000000aa00f800000000000000aa00f800000000000000aa00f800000000000000
02:27:36.027 [DEBUG] [serial] RX 103 bytes: aa00f800000000000000aa00f800000000000000aa00f800000000000000aa00f800000000000000aa00f800000000000000aa00f800000000000000aa00f800000000000000aa00f800000000000000aa00f800000000000000aa00f800000000000000aa00f8
02:27:36.136 [DEBUG] [serial] RX 103 bytes: 00000000000000aa00f800000000000000aa00f800000000000000aa00f800000000000000aa00f800000000000000aa00f800000000000000aa00f800000000000000aa00f800000000000000aa00f800000000000000aa00f800000000000000aa00f8000000
02:27:36.244 [DEBUG] [serial] RX 103 bytes: 00000000aa00f800000000000000aa00f800000000000000aa00f800000000000000aa00f800000000000000aa00f800000000000000aa00f800000000000000aa00f800000000000000aa00f800000000000000aa00f800000000000000aa00f8000000000000
02:27:36.355 [DEBUG] [serial] RX 105 bytes: 00aa00f800000000000000aa00f800000000000000aa00f800000000000000aa00f800000000000000aa00f800000000000000aa00f800000000000000aa00f800000000000000aa00f800000000000000aa00f800000000000000aa00f800000000000000aa00f800
02:27:36.464 [DEBUG] [serial] RX 104 bytes: 000000000000aa00f800000000000000aa00f800000000000000aa00f800000000000000aa00f800000000000000aa00f800000000000000aa00f800000000000000aa00f800000000000000aa00f800000000000000aa00f800000000000000aa00f80000000000
02:27:36.573 [DEBUG] [serial] RX 104 bytes: 0000aa00f800000000000000aa00f800000000000000aa00f800000000000000aa00f800000000000000aa00f800000000000000aa00f800000000000000aa00f800000000000000aa00f800000000000000aa00f800000000000000aa00f800000000000000aa00
02:27:36.681 [DEBUG] [serial] RX 103 bytes: f800000000000000aa00f800000000000000aa00f800000000000000aa00f800000000000000aa00f800000000000000aa00f800000000000000aa00f800000000000000aa00f800000000000000aa00f800000000000000aa00f800000000000000aa00f80000
02:27:36.789 [DEBUG] [serial] RX 103 bytes: 0000000000aa00f800000000000000aa00f800000000000000aa00f800000000000000aa00f800000000000000aa00f800000000000000aa00f800000000000000aa00f800000000000000aa00f800000000000000aa00f800000000000000aa00f80000000000
02:27:36.898 [DEBUG] [serial] RX 103 bytes: 0000aa00f800000000000000aa00f800000000000000aa00f800000000000000aa00f800000000000000aa00f800000000000000aa00f800000000000000aa00f800000000000000aa00f800000000000000aa00f800000000000000aa00f800000000000000aa
02:27:36.899 [INFO] [serial] Stats: 1937 pkts, 19377 bytes rx
02:27:37.009 [DEBUG] [serial] RX 106 bytes: 00f800000000000000aa00f800000000000000aa00f800000000000000aa00f800000000000000aa00f800000000000000aa00f800000000000000aa00f800000000000000aa00f800000000000000aa00f800000000000000aa00f800000000000000aa00f800000000
02:27:37.118 [DEBUG] [serial] RX 104 bytes: 000000aa00f800000000000000aa00f800000000000000aa00f800000000000000aa00f800000000000000aa00f800000000000000aa00f800000000000000aa00f800000000000000aa00f800000000000000aa00f800000000000000aa00f800000000000000aa
02:27:37.227 [DEBUG] [serial] RX 103 bytes: 00f800000000000000aa00f800000000000000aa00f800000000000000aa00f800000000000000aa00f800000000000000aa00f800000000000000aa00f800000000000000aa00f800000000000000aa00f800000000000000aa00f800000000000000aa00f800
02:27:37.336 [DEBUG] [serial] RX 104 bytes: 000000000000aa00f800000000000000aa00f800000000000000aa00f800000000000000aa00f800000000000000aa00f800000000000000aa00f800000000000000aa00f800000000000000aa00f800000000000000aa00f800000000000000aa00f80000000000
02:27:37.446 [DEBUG] [serial] RX 104 bytes: 0000aa00f800000000000000aa00f800000000000000aa00f800000000000000aa00f800000000000000aa00f800000000000000aa00f800000000000000aa00f800000000000000aa00f800000000000000aa00f800000000000000aa00f800000000000000aa00
02:27:37.555 [DEBUG] [serial] RX 105 bytes: f800000000000000aa00f800000000000000aa00f800000000000000aa00f800000000000000aa00f800000000000000aa00f800000000000000aa00f800000000000000aa00f800000000000000aa00f800000000000000aa00f800000000000000aa00f800000000
02:27:37.666 [DEBUG] [serial] RX 105 bytes: 000000aa00f800000000000000aa00f800000000000000aa00f800000000000000aa00f800000000000000aa00f800000000000000aa00f800000000000000aa00f800000000000000aa00f800000000000000aa00f800000000000000aa00f800000000000000aa00
02:27:37.666 [DEBUG] [serial] PKT #2000: flags=0x00 in=-2048 ds=0 flt=0
02:27:37.775 [DEBUG] [serial] RX 104 bytes: f800000000000000aa00f800000000000000aa00f800000000000000aa00f800000000000000aa00f800000000000000aa00f800000000000000aa00f800000000000000aa00f800000000000000aa00f800000000000000aa00f800000000000000aa00f8000000
02:27:37.885 [DEBUG] [serial] RX 104 bytes: 00000000aa00f800000000000000aa00f800000000000000aa00f800000000000000aa00f800000000000000aa00f800000000000000aa00f800000000000000aa00f800000000000000aa00f800000000000000aa00f800000000000000aa00f800000000000000
02:27:37.993 [DEBUG] [serial] RX 104 bytes: aa00f800000000000000aa00f800000000000000aa00f800000000000000aa00f800000000000000aa00f800000000000000aa00f800000000000000aa00f800000000000000aa00f800000000000000aa00f800000000000000aa00f800000000000000aa00f800
02:27:38.063 [INFO] [GUI] Click MuxIn -> 1
02:27:38.063 [INFO] [serial] Encolando TX CMD_MUX_IN sel=1: bb0101
02:27:38.103 [INFO] [serial] TX CMD_MUX_IN sel=1: bb0101
02:27:38.103 [DEBUG] [serial] TX OK: 3 bytes escritos
02:27:38.103 [DEBUG] [serial] RX 104 bytes: 000000000000aa00f800000000000000aa00f800000000000000aa00f800000000000000aa00f800000000000000aa00f800000000000000aa00f800000000000000aa00f800000000000000aa00f800000000000000aa00f800000000000000aa00f80000000000
02:27:38.211 [DEBUG] [serial] RX 10 bytes: 0000aa00f80000000000
02:27:40.926 [DEBUG] [serial] RX 28 bytes: 0000aa00f800000000000000aa00f800000000000000aa00f8000000
02:27:41.035 [DEBUG] [serial] RX 103 bytes: 00000000aa00f800000000000000aa00f800000000000000aa00f800000000000000aa00f800000000000000aa00f800000000000000aa00f800000000000000aa00f800000000000000aa00f800000000000000aa00f800000000000000aa00f8000000000000
02:27:41.143 [DEBUG] [serial] RX 103 bytes: 00aa00f800000000000000aa00f800000000000000aa00f800000000000000aa00f800000000000000aa00f800000000000000aa00f800000000000000aa00f800000000000000aa00f800000000000000aa00f800000000000000aa00f800000000000000aa00
02:27:41.251 [DEBUG] [serial] RX 104 bytes: f800000000000000aa00f800000000000000aa01f800000000000000aa01f800000000000000aa01f800000000000000aa01f800000000000000aa01f800000000000000aa01f800000000000000aa01f800000000000000aa01f800000000000000aa01f8000000
02:27:41.360 [DEBUG] [serial] RX 103 bytes: 00000000aa01f800000000000000aa01f800000000000000aa01f800000000000000aa01f800000000000000aa01f800000000000000aa01f800000000000000aa01f800000000000000aa01f800000000000000aa01f800000000000000aa01f8000000000000
02:27:41.469 [DEBUG] [serial] RX 103 bytes: 00aa01f800000000000000aa01f800000000000000aa01f800000000000000aa01f800000000000000aa01f800000000000000aa01f800000000000000aa01f800000000000000aa01f800000000000000aa01f800000000000000aa01f800000000000000aa01
02:27:41.578 [DEBUG] [serial] RX 105 bytes: f800000000000000aa01f800000000000000aa01f800000000000000aa01f800000000000000aa01f800000000000000aa01f800000000000000aa01f800000000000000aa01f800000000000000aa01f800000000000000aa01f800000000000000aa01f800000000
02:27:41.688 [DEBUG] [serial] RX 104 bytes: 000000aa01f800000000000000aa01f800000000000000aa01f800000000000000aa01f800000000000000aa01f800000000000000aa01f800000000000000aa01f800000000000000aa01f800000000000000aa01f800000000000000aa01f800000000000000aa
02:27:41.798 [DEBUG] [serial] RX 104 bytes: 01f800000000000000aa01f800000000000000aa01f800000000000000aa01f800000000000000aa01f800000000000000aa01f800000000000000aa01f800000000000000aa01f800000000000000aa01f800000000000000aa01f800000000000000aa01f80000
02:27:41.905 [DEBUG] [serial] RX 102 bytes: 0000000000aa01f800000000000000aa01f800000000000000aa01f800000000000000aa01f800000000000000aa01f800000000000000aa01f800000000000000aa01f800000000000000aa01f800000000000000aa01f800000000000000aa01f800000000
02:27:41.905 [INFO] [serial] Stats: 2148 pkts, 21493 bytes rx
02:27:42.015 [DEBUG] [serial] RX 105 bytes: 000000aa01f800000000000000aa01f800000000000000aa01f800000000000000aa01f800000000000000aa01f800000000000000aa01f800000000000000aa01f800000000000000aa01f800000000000000aa01f800000000000000aa01f800000000000000aa01
02:27:42.125 [DEBUG] [serial] RX 105 bytes: f800000000000000aa01f800000000000000aa01f800000000000000aa01f800000000000000aa01f800000000000000aa01f800000000000000aa01f800000000000000aa01f800000000000000aa01f800000000000000aa01f800000000000000aa01f800000000
02:27:42.233 [DEBUG] [serial] RX 103 bytes: 000000aa01f800000000000000aa01f800000000000000aa01f800000000000000aa01f800000000000000aa01f800000000000000aa01f800000000000000aa01f800000000000000aa01f800000000000000aa01f800000000000000aa01f800000000000000
02:27:42.342 [DEBUG] [serial] RX 103 bytes: aa01f800000000000000aa01f800000000000000aa01f800000000000000aa01f800000000000000aa01f800000000000000aa01f800000000000000aa01f800000000000000aa01f800000000000000aa01f800000000000000aa01f800000000000000aa01f8
02:27:42.450 [DEBUG] [serial] RX 103 bytes: 00000000000000aa01f800000000000000aa01f800000000000000aa01f800000000000000aa01f800000000000000aa01f800000000000000aa01f800000000000000aa01f800000000000000aa01f800000000000000aa01f800000000000000aa01f8000000
02:27:42.558 [DEBUG] [serial] RX 103 bytes: 00000000aa01f800000000000000aa01f800000000000000aa01f800000000000000aa01f800000000000000aa01f800000000000000aa01f800000000000000aa01f800000000000000aa01f800000000000000aa01f800000000000000aa01f8000000000000
02:27:42.667 [DEBUG] [serial] RX 104 bytes: 00aa01f800000000000000aa01f800000000000000aa01f800000000000000aa01f800000000000000aa01f800000000000000aa01f800000000000000aa01f800000000000000aa01f800000000000000aa01f800000000000000aa01f800000000000000aa01f8
02:27:42.774 [DEBUG] [serial] RX 102 bytes: 00000000000000aa01f800000000000000aa01f800000000000000aa01f800000000000000aa01f800000000000000aa01f800000000000000aa01f800000000000000aa01f800000000000000aa01f800000000000000aa01f800000000000000aa01f80000
02:27:42.884 [DEBUG] [serial] RX 104 bytes: 0000000000aa01f800000000000000aa01f800000000000000aa01f800000000000000aa01f800000000000000aa01f800000000000000aa01f800000000000000aa01f800000000000000aa01f800000000000000aa01f800000000000000aa01f8000000000000
02:27:42.992 [DEBUG] [serial] RX 103 bytes: 00aa01f800000000000000aa01f800000000000000aa01f800000000000000aa01f800000000000000aa01f800000000000000aa01f800000000000000aa01f800000000000000aa01f800000000000000aa01f800000000000000aa01f800000000000000aa01
02:27:43.100 [DEBUG] [serial] RX 103 bytes: f800000000000000aa01f800000000000000aa01f800000000000000aa01f800000000000000aa01f800000000000000aa01f800000000000000aa01f800000000000000aa01f800000000000000aa01f800000000000000aa01f800000000000000aa01f80000
02:27:43.210 [DEBUG] [serial] RX 105 bytes: 0000000000aa01f800000000000000aa01f800000000000000aa01f800000000000000aa01f800000000000000aa01f800000000000000aa01f800000000000000aa01f800000000000000aa01f800000000000000aa01f800000000000000aa01f800000000000000
02:27:43.319 [DEBUG] [serial] RX 103 bytes: aa01f800000000000000aa01f800000000000000aa01f800000000000000aa01f800000000000000aa01f800000000000000aa01f800000000000000aa01f800000000000000aa01f800000000000000aa01f800000000000000aa01f800000000000000aa01f8
02:27:43.427 [DEBUG] [serial] RX 103 bytes: 00000000000000aa01f800000000000000aa01f800000000000000aa01f800000000000000aa01f800000000000000aa01f800000000000000aa01f800000000000000aa01f800000000000000aa01f800000000000000aa01f800000000000000aa01f8000000
02:27:43.537 [DEBUG] [serial] RX 105 bytes: 00000000aa01f800000000000000aa01f800000000000000aa01f800000000000000aa01f800000000000000aa01f800000000000000aa01f800000000000000aa01f800000000000000aa01f800000000000000aa01f800000000000000aa01f800000000000000aa
02:27:43.646 [DEBUG] [serial] RX 103 bytes: 01f800000000000000aa01f800000000000000aa01f800000000000000aa01f800000000000000aa01f800000000000000aa01f800000000000000aa01f800000000000000aa01f800000000000000aa01f800000000000000aa01f800000000000000aa01f800
02:27:43.756 [DEBUG] [serial] RX 105 bytes: 000000000000aa01f800000000000000aa01f800000000000000aa01f800000000000000aa01f800000000000000aa01f800000000000000aa01f800000000000000aa01f800000000000000aa01f800000000000000aa01f800000000000000aa01f8000000000000
02:27:43.864 [DEBUG] [serial] RX 102 bytes: 00aa01f800000000000000aa01f800000000000000aa01f800000000000000aa01f800000000000000aa01f800000000000000aa01f800000000000000aa01f800000000000000aa01f800000000000000aa01f800000000000000aa01f800000000000000aa
02:27:43.973 [DEBUG] [serial] RX 104 bytes: 01f800000000000000aa01f800000000000000aa01f800000000000000aa01f800000000000000aa01f800000000000000aa01f800000000000000aa01f800000000000000aa01f800000000000000aa01f800000000000000aa01f800000000000000aa01f80000
02:27:44.082 [DEBUG] [serial] RX 105 bytes: 0000000000aa01f800000000000000aa01f800000000000000aa01f800000000000000aa01f800000000000000aa01f800000000000000aa01f800000000000000aa01f800000000000000aa01f800000000000000aa01f800000000000000aa01f800000000000000
02:27:44.193 [DEBUG] [serial] RX 104 bytes: aa01f800000000000000aa01f800000000000000aa01f800000000000000aa01f800000000000000aa01f800000000000000aa01f800000000000000aa01f800000000000000aa01f800000000000000aa01f800000000000000aa01f800000000000000aa01f800
02:27:44.301 [DEBUG] [serial] RX 104 bytes: 000000000000aa01f800000000000000aa01f800000000000000aa01f800000000000000aa01f800000000000000aa01f800000000000000aa01f800000000000000aa01f800000000000000aa01f800000000000000aa01f800000000000000aa01f80000000000
02:27:44.412 [DEBUG] [serial] RX 106 bytes: 0000aa01f800000000000000aa01f800000000000000aa01f800000000000000aa01f800000000000000aa01f800000000000000aa01f800000000000000aa01f800000000000000aa01f800000000000000aa01f800000000000000aa01f800000000000000aa01f800
02:27:44.519 [DEBUG] [serial] RX 101 bytes: 000000000000aa01f800000000000000aa01f800000000000000aa01f800000000000000aa01f800000000000000aa01f800000000000000aa01f800000000000000aa01f800000000000000aa01f800000000000000aa01f800000000000000aa01f80000
02:27:44.628 [DEBUG] [serial] RX 104 bytes: 0000000000aa01f800000000000000aa01f800000000000000aa01f800000000000000aa01f800000000000000aa01f800000000000000aa01f800000000000000aa01f800000000000000aa01f800000000000000aa01f800000000000000aa01f8000000000000
02:27:44.736 [DEBUG] [serial] RX 102 bytes: 00aa01f800000000000000aa01f800000000000000aa01f800000000000000aa01f800000000000000aa01f800000000000000aa01f800000000000000aa01f800000000000000aa01f800000000000000aa01f800000000000000aa01f800000000000000aa
02:27:44.845 [DEBUG] [serial] RX 104 bytes: 01f800000000000000aa01f800000000000000aa01f800000000000000aa01f800000000000000aa01f800000000000000aa01f800000000000000aa01f800000000000000aa01f800000000000000aa01f800000000000000aa01f800000000000000aa01f80000
02:27:44.954 [DEBUG] [serial] RX 104 bytes: 0000000000aa01f800000000000000aa01f800000000000000aa01f800000000000000aa01f800000000000000aa01f800000000000000aa01f800000000000000aa01f800000000000000aa01f800000000000000aa01f800000000000000aa01f8000000000000
02:27:45.063 [DEBUG] [serial] RX 103 bytes: 00aa01f800000000000000aa01f800000000000000aa01f800000000000000aa01f800000000000000aa01f800000000000000aa01f800000000000000aa01f800000000000000aa01f800000000000000aa01f800000000000000aa01f800000000000000aa01
02:27:45.170 [DEBUG] [serial] RX 103 bytes: f800000000000000aa01f800000000000000aa01f800000000000000aa01f800000000000000aa01f800000000000000aa01f800000000000000aa01f800000000000000aa01f800000000000000aa01f800000000000000aa01f800000000000000aa01f80000
02:27:45.279 [DEBUG] [serial] RX 104 bytes: 0000000000aa01f800000000000000aa01f800000000000000aa01f800000000000000aa01f800000000000000aa01f800000000000000aa01f800000000000000aa01f800000000000000aa01f800000000000000aa01f800000000000000aa01f8000000000000
02:27:45.389 [DEBUG] [serial] RX 104 bytes: 00aa01f800000000000000aa01f800000000000000aa01f800000000000000aa01f800000000000000aa01f800000000000000aa01f800000000000000aa01f800000000000000aa01f800000000000000aa01f800000000000000aa01f800000000000000aa01f8
02:27:45.499 [DEBUG] [serial] RX 105 bytes: 00000000000000aa01f800000000000000aa01f800000000000000aa01f800000000000000aa01f800000000000000aa01f800000000000000aa01f800000000000000aa01f800000000000000aa01f800000000000000aa01f800000000000000aa01f80000000000
02:27:45.608 [DEBUG] [serial] RX 104 bytes: 0000aa01f800000000000000aa01f800000000000000aa01f800000000000000aa01f800000000000000aa01f800000000000000aa01f800000000000000aa01f800000000000000aa01f800000000000000aa01f800000000000000aa01f800000000000000aa01
02:27:45.609 [DEBUG] [serial] PKT #2500: flags=0x01 in=-2048 ds=0 flt=0
02:27:45.718 [DEBUG] [serial] RX 104 bytes: f800000000000000aa01f800000000000000aa01f800000000000000aa01f800000000000000aa01f800000000000000aa01f800000000000000aa01f800000000000000aa01f800000000000000aa01f800000000000000aa01f800000000000000aa01f8000000
02:27:45.827 [DEBUG] [serial] RX 104 bytes: 00000000aa01f800000000000000aa01f800000000000000aa01f800000000000000aa01f800000000000000aa01f800000000000000aa01f800000000000000aa01f800000000000000aa01f800000000000000aa01f800000000000000aa01f800000000000000
02:27:45.936 [DEBUG] [serial] RX 103 bytes: aa01f800000000000000aa01f800000000000000aa01f800000000000000aa01f800000000000000aa01f800000000000000aa01f800000000000000aa01f800000000000000aa01f800000000000000aa01f800000000000000aa01f800000000000000aa01f8
02:27:46.045 [DEBUG] [serial] RX 104 bytes: 00000000000000aa01f800000000000000aa01f800000000000000aa01f800000000000000aa01f800000000000000aa01f800000000000000aa01f800000000000000aa01f800000000000000aa01f800000000000000aa01f800000000000000aa01f800000000
02:27:46.155 [DEBUG] [serial] RX 104 bytes: 000000aa01f800000000000000aa01f800000000000000aa01f800000000000000aa01f800000000000000aa01f800000000000000aa01f800000000000000aa01f800000000000000aa01f800000000000000aa01f800000000000000aa01f800000000000000aa
02:27:46.263 [DEBUG] [serial] RX 103 bytes: 01f800000000000000aa01f800000000000000aa01f800000000000000aa01f800000000000000aa01f800000000000000aa01f800000000000000aa01f800000000000000aa01f800000000000000aa01f800000000000000aa01f800000000000000aa01f800
02:27:46.370 [DEBUG] [serial] RX 103 bytes: 000000000000aa01f800000000000000aa01f800000000000000aa01f800000000000000aa01f800000000000000aa01f800000000000000aa01f800000000000000aa01f800000000000000aa01f800000000000000aa01f800000000000000aa01f800000000
02:27:46.480 [DEBUG] [serial] RX 105 bytes: 000000aa01f800000000000000aa01f800000000000000aa01f800000000000000aa01f800000000000000aa01f800000000000000aa01f800000000000000aa01f800000000000000aa01f800000000000000aa01f800000000000000aa01f800000000000000aa01
02:27:46.590 [DEBUG] [serial] RX 104 bytes: f800000000000000aa01f800000000000000aa01f800000000000000aa01f800000000000000aa01f800000000000000aa01f800000000000000aa01f800000000000000aa01f800000000000000aa01f800000000000000aa01f800000000000000aa01f8000000
02:27:46.700 [DEBUG] [serial] RX 105 bytes: 00000000aa01f800000000000000aa01f800000000000000aa01f800000000000000aa01f800000000000000aa01f800000000000000aa01f800000000000000aa01f800000000000000aa01f800000000000000aa01f800000000000000aa01f800000000000000aa
02:27:46.809 [DEBUG] [serial] RX 104 bytes: 01f800000000000000aa01f800000000000000aa01f800000000000000aa01f800000000000000aa01f800000000000000aa01f800000000000000aa01f800000000000000aa01f800000000000000aa01f800000000000000aa01f800000000000000aa01f80000
02:27:46.919 [DEBUG] [serial] RX 104 bytes: 0000000000aa01f800000000000000aa01f800000000000000aa01f800000000000000aa01f800000000000000aa01f800000000000000aa01f800000000000000aa01f800000000000000aa01f800000000000000aa01f800000000000000aa01f8000000000000
02:27:46.920 [INFO] [serial] Stats: 2625 pkts, 26265 bytes rx
02:27:47.028 [DEBUG] [serial] RX 104 bytes: 00aa01f800000000000000aa01f800000000000000aa01f800000000000000aa01f800000000000000aa01f800000000000000aa01f800000000000000aa01f800000000000000aa01f800000000000000aa01f800000000000000aa01f800000000000000aa01f8
02:27:47.139 [DEBUG] [serial] RX 104 bytes: 00000000000000aa01f800000000000000aa01f800000000000000aa01f800000000000000aa01f800000000000000aa01f800000000000000aa01f800000000000000aa01f800000000000000aa01f800000000000000aa01f800000000000000aa01f800000000
02:27:47.246 [DEBUG] [serial] RX 103 bytes: 000000aa01f800000000000000aa01f800000000000000aa01f800000000000000aa01f800000000000000aa01f800000000000000aa01f800000000000000aa01f800000000000000aa01f800000000000000aa01f800000000000000aa01f800000000000000
02:27:47.355 [DEBUG] [serial] RX 104 bytes: aa01f800000000000000aa01f800000000000000aa01f800000000000000aa01f800000000000000aa01f800000000000000aa01f800000000000000aa01f800000000000000aa01f800000000000000aa01f800000000000000aa01f800000000000000aa01f800
02:27:47.463 [DEBUG] [serial] RX 102 bytes: 000000000000aa01f800000000000000aa01f800000000000000aa01f800000000000000aa01f800000000000000aa01f800000000000000aa01f800000000000000aa01f800000000000000aa01f800000000000000aa01f800000000000000aa01f8000000
02:27:47.572 [DEBUG] [serial] RX 104 bytes: 00000000aa01f800000000000000aa01f800000000000000aa01f800000000000000aa01f800000000000000aa01f800000000000000aa01f800000000000000aa01f800000000000000aa01f800000000000000aa01f800000000000000aa01f800000000000000
02:27:47.680 [DEBUG] [serial] RX 104 bytes: aa01f800000000000000aa01f800000000000000aa01f800000000000000aa01f800000000000000aa01f800000000000000aa01f800000000000000aa01f800000000000000aa01f800000000000000aa01f800000000000000aa01f800000000000000aa01f800
02:27:47.789 [DEBUG] [serial] RX 103 bytes: 000000000000aa01f800000000000000aa01f800000000000000aa01f800000000000000aa01f800000000000000aa01f800000000000000aa01f800000000000000aa01f800000000000000aa01f800000000000000aa01f800000000000000aa01f800000000
02:27:47.898 [DEBUG] [serial] RX 104 bytes: 000000aa01f800000000000000aa01f800000000000000aa01f800000000000000aa01f800000000000000aa01f800000000000000aa01f800000000000000aa01f800000000000000aa01f800000000000000aa01f800000000000000aa01f800000000000000aa
02:27:48.007 [DEBUG] [serial] RX 104 bytes: 01f800000000000000aa01f800000000000000aa01f800000000000000aa01f800000000000000aa01f800000000000000aa01f800000000000000aa01f800000000000000aa01f800000000000000aa01f800000000000000aa01f800000000000000aa01f80000
02:27:48.116 [DEBUG] [serial] RX 103 bytes: 0000000000aa01f800000000000000aa01f800000000000000aa01f800000000000000aa01f800000000000000aa01f800000000000000aa01f800000000000000aa01f800000000000000aa01f800000000000000aa01f800000000000000aa01f80000000000
02:27:48.225 [DEBUG] [serial] RX 103 bytes: 0000aa01f800000000000000aa01f800000000000000aa01f800000000000000aa01f800000000000000aa01f800000000000000aa01f800000000000000aa01f800000000000000aa01f800000000000000aa01f800000000000000aa01f800000000000000aa
02:27:48.336 [DEBUG] [serial] RX 106 bytes: 01f800000000000000aa01f800000000000000aa01f800000000000000aa01f800000000000000aa01f800000000000000aa01f800000000000000aa01f800000000000000aa01f800000000000000aa01f800000000000000aa01f800000000000000aa01f800000000
02:27:48.444 [DEBUG] [serial] RX 103 bytes: 000000aa01f800000000000000aa01f800000000000000aa01f800000000000000aa01f800000000000000aa01f800000000000000aa01f800000000000000aa01f800000000000000aa01f800000000000000aa01f800000000000000aa01f800000000000000
02:27:48.553 [DEBUG] [serial] RX 104 bytes: aa01f800000000000000aa01f800000000000000aa01f800000000000000aa01f800000000000000aa01f800000000000000aa01f800000000000000aa01f800000000000000aa01f800000000000000aa01f800000000000000aa01f800000000000000aa01f800
02:27:48.662 [DEBUG] [serial] RX 104 bytes: 000000000000aa01f800000000000000aa01f800000000000000aa01f800000000000000aa01f800000000000000aa01f800000000000000aa01f800000000000000aa01f800000000000000aa01f800000000000000aa01f800000000000000aa01f80000000000
02:27:48.772 [DEBUG] [serial] RX 105 bytes: 0000aa01f800000000000000aa01f800000000000000aa01f800000000000000aa01f800000000000000aa01f800000000000000aa01f800000000000000aa01f800000000000000aa01f800000000000000aa01f800000000000000aa01f800000000000000aa01f8
02:27:48.882 [DEBUG] [serial] RX 104 bytes: 00000000000000aa01f800000000000000aa01f800000000000000aa01f800000000000000aa01f800000000000000aa01f800000000000000aa01f800000000000000aa01f800000000000000aa01f800000000000000aa01f800000000000000aa01f800000000
02:27:48.990 [DEBUG] [serial] RX 103 bytes: 000000aa01f800000000000000aa01f800000000000000aa01f800000000000000aa01f800000000000000aa01f800000000000000aa01f800000000000000aa01f800000000000000aa01f800000000000000aa01f800000000000000aa01f800000000000000
02:27:49.099 [DEBUG] [serial] RX 104 bytes: aa01f800000000000000aa01f800000000000000aa01f800000000000000aa01f800000000000000aa01f800000000000000aa01f800000000000000aa01f800000000000000aa01f800000000000000aa01f800000000000000aa01f800000000000000aa01f800
02:27:49.209 [DEBUG] [serial] RX 104 bytes: 000000000000aa01f800000000000000aa01f800000000000000aa01f800000000000000aa01f800000000000000aa01f800000000000000aa01f800000000000000aa01f800000000000000aa01f800000000000000aa01f800000000000000aa01f80000000000
02:27:49.317 [DEBUG] [serial] RX 103 bytes: 0000aa01f800000000000000aa01f800000000000000aa01f800000000000000aa01f800000000000000aa01f800000000000000aa01f800000000000000aa01f800000000000000aa01f800000000000000aa01f800000000000000aa01f800000000000000aa
02:27:49.426 [DEBUG] [serial] RX 103 bytes: 01f800000000000000aa01f800000000000000aa01f800000000000000aa01f800000000000000aa01f800000000000000aa01f800000000000000aa01f800000000000000aa01f800000000000000aa01f800000000000000aa01f800000000000000aa01f800
02:27:49.536 [DEBUG] [serial] RX 105 bytes: 000000000000aa01f800000000000000aa01f800000000000000aa01f800000000000000aa01f800000000000000aa01f800000000000000aa01f800000000000000aa01f800000000000000aa01f800000000000000aa01f800000000000000aa01f8000000000000
02:27:49.644 [DEBUG] [serial] RX 103 bytes: 00aa01f800000000000000aa01f800000000000000aa01f800000000000000aa01f800000000000000aa01f800000000000000aa01f800000000000000aa01f800000000000000aa01f800000000000000aa01f800000000000000aa01f800000000000000aa01
02:27:49.754 [DEBUG] [serial] RX 104 bytes: f800000000000000aa01f800000000000000aa01f800000000000000aa01f800000000000000aa01f800000000000000aa01f800000000000000aa01f800000000000000aa01f800000000000000aa01f800000000000000aa01f800000000000000aa01f8000000
02:27:49.863 [DEBUG] [serial] RX 104 bytes: 00000000aa01f800000000000000aa01f800000000000000aa01f800000000000000aa01f800000000000000aa01f800000000000000aa01f800000000000000aa01f800000000000000aa01f800000000000000aa01f800000000000000aa01f800000000000000
02:27:49.972 [DEBUG] [serial] RX 104 bytes: aa01f800000000000000aa01f800000000000000aa01f800000000000000aa01f800000000000000aa01f800000000000000aa01f800000000000000aa01f800000000000000aa01f800000000000000aa01f800000000000000aa01f800000000000000aa01f800
02:27:50.080 [DEBUG] [serial] RX 103 bytes: 000000000000aa01f800000000000000aa01f800000000000000aa01f800000000000000aa01f800000000000000aa01f800000000000000aa01f800000000000000aa01f800000000000000aa01f800000000000000aa01f800000000000000aa01f800000000
02:27:50.190 [DEBUG] [serial] RX 105 bytes: 000000aa01f800000000000000aa01f800000000000000aa01f800000000000000aa01f800000000000000aa01f800000000000000aa01f800000000000000aa01f800000000000000aa01f800000000000000aa01f800000000000000aa01f800000000000000aa01
02:27:50.299 [DEBUG] [serial] RX 103 bytes: f800000000000000aa01f800000000000000aa01f800000000000000aa01f800000000000000aa01f800000000000000aa01f800000000000000aa01f800000000000000aa01f800000000000000aa01f800000000000000aa01f800000000000000aa01f80000
02:27:50.407 [DEBUG] [serial] RX 103 bytes: 0000000000aa01f800000000000000aa01f800000000000000aa01f800000000000000aa01f800000000000000aa01f800000000000000aa01f800000000000000aa01f800000000000000aa01f800000000000000aa01f800000000000000aa01f80000000000
02:27:50.515 [DEBUG] [serial] RX 103 bytes: 0000aa01f800000000000000aa01f800000000000000aa01f800000000000000aa01f800000000000000aa01f800000000000000aa01f800000000000000aa01f800000000000000aa01f800000000000000aa01f800000000000000aa01f800000000000000aa
02:27:50.625 [DEBUG] [serial] RX 104 bytes: 01f800000000000000aa01f800000000000000aa01f800000000000000aa01f800000000000000aa01f800000000000000aa01f800000000000000aa01f800000000000000aa01f800000000000000aa01f800000000000000aa01f800000000000000aa01f80000
02:27:50.734 [DEBUG] [serial] RX 104 bytes: 0000000000aa01f800000000000000aa01f800000000000000aa01f800000000000000aa01f800000000000000aa01f800000000000000aa01f800000000000000aa01f800000000000000aa01f800000000000000aa01f800000000000000aa01f8000000000000
02:27:50.844 [DEBUG] [serial] RX 105 bytes: 00aa01f800000000000000aa01f800000000000000aa01f800000000000000aa01f800000000000000aa01f800000000000000aa01f800000000000000aa01f800000000000000aa01f800000000000000aa01f800000000000000aa01f800000000000000aa01f800
02:27:50.954 [DEBUG] [serial] RX 104 bytes: 000000000000aa01f800000000000000aa01f800000000000000aa01f800000000000000aa01f800000000000000aa01f800000000000000aa01f800000000000000aa01f800000000000000aa01f800000000000000aa01f800000000000000aa01f80000000000
02:27:50.954 [DEBUG] [serial] PKT #3000: flags=0x01 in=-2048 ds=0 flt=0
02:27:51.062 [DEBUG] [serial] RX 103 bytes: 0000aa01f800000000000000aa01f800000000000000aa01f800000000000000aa01f800000000000000aa01f800000000000000aa01f800000000000000aa01f800000000000000aa01f800000000000000aa01f800000000000000aa01f800000000000000aa
02:27:51.171 [DEBUG] [serial] RX 103 bytes: 01f800000000000000aa01f800000000000000aa01f800000000000000aa01f800000000000000aa01f800000000000000aa01f800000000000000aa01f800000000000000aa01f800000000000000aa01f800000000000000aa01f800000000000000aa01f800
02:27:51.278 [DEBUG] [serial] RX 103 bytes: 000000000000aa01f800000000000000aa01f800000000000000aa01f800000000000000aa01f800000000000000aa01f800000000000000aa01f800000000000000aa01f800000000000000aa01f800000000000000aa01f800000000000000aa01f800000000
02:27:51.387 [DEBUG] [serial] RX 103 bytes: 000000aa01f800000000000000aa01f800000000000000aa01f800000000000000aa01f800000000000000aa01f800000000000000aa01f800000000000000aa01f800000000000000aa01f800000000000000aa01f800000000000000aa01f800000000000000
02:27:51.496 [DEBUG] [serial] RX 105 bytes: aa01f800000000000000aa01f800000000000000aa01f800000000000000aa01f800000000000000aa01f800000000000000aa01f800000000000000aa01f800000000000000aa01f800000000000000aa01f800000000000000aa01f800000000000000aa01f80000
02:27:51.606 [DEBUG] [serial] RX 104 bytes: 0000000000aa01f800000000000000aa01f800000000000000aa01f800000000000000aa01f800000000000000aa01f800000000000000aa01f800000000000000aa01f800000000000000aa01f800000000000000aa01f800000000000000aa01f8000000000000
02:27:51.716 [DEBUG] [serial] RX 104 bytes: 00aa01f800000000000000aa01f800000000000000aa01f800000000000000aa01f800000000000000aa01f800000000000000aa01f800000000000000aa01f800000000000000aa01f800000000000000aa01f800000000000000aa01f800000000000000aa01f8
02:27:51.826 [DEBUG] [serial] RX 105 bytes: 00000000000000aa01f800000000000000aa01f800000000000000aa01f800000000000000aa01f800000000000000aa01f800000000000000aa01f800000000000000aa01f800000000000000aa01f800000000000000aa01f800000000000000aa01f80000000000
02:27:51.934 [DEBUG] [serial] RX 104 bytes: 0000aa01f800000000000000aa01f800000000000000aa01f800000000000000aa01f800000000000000aa01f800000000000000aa01f800000000000000aa01f800000000000000aa01f800000000000000aa01f800000000000000aa01f800000000000000aa01
02:27:51.935 [INFO] [serial] Stats: 3103 pkts, 31038 bytes rx
02:27:52.043 [DEBUG] [serial] RX 103 bytes: f800000000000000aa01f800000000000000aa01f800000000000000aa01f800000000000000aa01f800000000000000aa01f800000000000000aa01f800000000000000aa01f800000000000000aa01f800000000000000aa01f800000000000000aa01f80000
02:27:52.151 [DEBUG] [serial] RX 103 bytes: 0000000000aa01f800000000000000aa01f800000000000000aa01f800000000000000aa01f800000000000000aa01f800000000000000aa01f800000000000000aa01f800000000000000aa01f800000000000000aa01f800000000000000aa01f80000000000
02:27:52.260 [DEBUG] [serial] RX 104 bytes: 0000aa01f800000000000000aa01f800000000000000aa01f800000000000000aa01f800000000000000aa01f800000000000000aa01f800000000000000aa01f800000000000000aa01f800000000000000aa01f800000000000000aa01f800000000000000aa01
02:27:52.369 [DEBUG] [serial] RX 103 bytes: f800000000000000aa01f800000000000000aa01f800000000000000aa01f800000000000000aa01f800000000000000aa01f800000000000000aa01f800000000000000aa01f800000000000000aa01f800000000000000aa01f800000000000000aa01f80000
02:27:52.480 [DEBUG] [serial] RX 106 bytes: 0000000000aa01f800000000000000aa01f800000000000000aa01f800000000000000aa01f800000000000000aa01f800000000000000aa01f800000000000000aa01f800000000000000aa01f800000000000000aa01f800000000000000aa01f800000000000000aa
02:27:52.588 [DEBUG] [serial] RX 103 bytes: 01f800000000000000aa01f800000000000000aa01f800000000000000aa01f800000000000000aa01f800000000000000aa01f800000000000000aa01f800000000000000aa01f800000000000000aa01f800000000000000aa01f800000000000000aa01f800
02:27:52.697 [DEBUG] [serial] RX 103 bytes: 000000000000aa01f800000000000000aa01f800000000000000aa01f800000000000000aa01f800000000000000aa01f800000000000000aa01f800000000000000aa01f800000000000000aa01f800000000000000aa01f800000000000000aa01f800000000
02:27:52.805 [DEBUG] [serial] RX 103 bytes: 000000aa01f800000000000000aa01f800000000000000aa01f800000000000000aa01f800000000000000aa01f800000000000000aa01f800000000000000aa01f800000000000000aa01f800000000000000aa01f800000000000000aa01f800000000000000
02:27:52.916 [DEBUG] [serial] RX 106 bytes: aa01f800000000000000aa01f800000000000000aa01f800000000000000aa01f800000000000000aa01f800000000000000aa01f800000000000000aa01f800000000000000aa01f800000000000000aa01f800000000000000aa01f800000000000000aa01f8000000
02:27:53.025 [DEBUG] [serial] RX 103 bytes: 00000000aa01f800000000000000aa01f800000000000000aa01f800000000000000aa01f800000000000000aa01f800000000000000aa01f800000000000000aa01f800000000000000aa01f800000000000000aa01f800000000000000aa01f8000000000000
02:27:53.134 [DEBUG] [serial] RX 104 bytes: 00aa01f800000000000000aa01f800000000000000aa01f800000000000000aa01f800000000000000aa01f800000000000000aa01f800000000000000aa01f800000000000000aa01f800000000000000aa01f800000000000000aa01f800000000000000aa01f8
02:27:53.242 [DEBUG] [serial] RX 103 bytes: 00000000000000aa01f800000000000000aa01f800000000000000aa01f800000000000000aa01f800000000000000aa01f800000000000000aa01f800000000000000aa01f800000000000000aa01f800000000000000aa01f800000000000000aa01f8000000
02:27:53.352 [DEBUG] [serial] RX 104 bytes: 00000000aa01f800000000000000aa01f800000000000000aa01f800000000000000aa01f800000000000000aa01f800000000000000aa01f800000000000000aa01f800000000000000aa01f800000000000000aa01f800000000000000aa01f800000000000000
02:27:53.460 [DEBUG] [serial] RX 103 bytes: aa01f800000000000000aa01f800000000000000aa01f800000000000000aa01f800000000000000aa01f800000000000000aa01f800000000000000aa01f800000000000000aa01f800000000000000aa01f800000000000000aa01f800000000000000aa01f8
02:27:53.569 [DEBUG] [serial] RX 104 bytes: 00000000000000aa01f800000000000000aa01f800000000000000aa01f800000000000000aa01f800000000000000aa01f800000000000000aa01f800000000000000aa01f800000000000000aa01f800000000000000aa01f800000000000000aa01f800000000
02:27:53.679 [DEBUG] [serial] RX 104 bytes: 000000aa01f800000000000000aa01f800000000000000aa01f800000000000000aa01f800000000000000aa01f800000000000000aa01f800000000000000aa01f800000000000000aa01f800000000000000aa01f800000000000000aa01f800000000000000aa
02:27:53.787 [DEBUG] [serial] RX 104 bytes: 01f800000000000000aa01f800000000000000aa01f800000000000000aa01f800000000000000aa01f800000000000000aa01f800000000000000aa01f800000000000000aa01f800000000000000aa01f800000000000000aa01f800000000000000aa01f80000
02:27:53.895 [DEBUG] [serial] RX 102 bytes: 0000000000aa01f800000000000000aa01f800000000000000aa01f800000000000000aa01f800000000000000aa01f800000000000000aa01f800000000000000aa01f800000000000000aa01f800000000000000aa01f800000000000000aa01f800000000
02:27:54.004 [DEBUG] [serial] RX 103 bytes: 000000aa01f800000000000000aa01f800000000000000aa01f800000000000000aa01f800000000000000aa01f800000000000000aa01f800000000000000aa01f800000000000000aa01f800000000000000aa01f800000000000000aa01f800000000000000
02:27:54.114 [DEBUG] [serial] RX 106 bytes: aa01f800000000000000aa01f800000000000000aa01f800000000000000aa01f800000000000000aa01f800000000000000aa01f800000000000000aa01f800000000000000aa01f800000000000000aa01f800000000000000aa01f800000000000000aa01f8000000
02:27:54.223 [DEBUG] [serial] RX 103 bytes: 00000000aa01f800000000000000aa01f800000000000000aa01f800000000000000aa01f800000000000000aa01f800000000000000aa01f800000000000000aa01f800000000000000aa01f800000000000000aa01f800000000000000aa01f8000000000000
02:27:54.333 [DEBUG] [serial] RX 105 bytes: 00aa01f800000000000000aa01f800000000000000aa01f800000000000000aa01f800000000000000aa01f800000000000000aa01f800000000000000aa01f800000000000000aa01f800000000000000aa01f800000000000000aa01f800000000000000aa01f800
02:27:54.442 [DEBUG] [serial] RX 104 bytes: 000000000000aa01f800000000000000aa01f800000000000000aa01f800000000000000aa01f800000000000000aa01f800000000000000aa01f800000000000000aa01f800000000000000aa01f800000000000000aa01f800000000000000aa01f80000000000
02:27:54.551 [DEBUG] [serial] RX 104 bytes: 0000aa01f800000000000000aa01f800000000000000aa01f800000000000000aa01f800000000000000aa01f800000000000000aa01f800000000000000aa01f800000000000000aa01f800000000000000aa01f800000000000000aa01f800000000000000aa01
02:27:54.662 [DEBUG] [serial] RX 105 bytes: f800000000000000aa01f800000000000000aa01f800000000000000aa01f800000000000000aa01f800000000000000aa01f800000000000000aa01f800000000000000aa01f800000000000000aa01f800000000000000aa01f800000000000000aa01f800000000
02:27:54.771 [DEBUG] [serial] RX 104 bytes: 000000aa01f800000000000000aa01f800000000000000aa01f800000000000000aa01f800000000000000aa01f800000000000000aa01f800000000000000aa01f800000000000000aa01f800000000000000aa01f800000000000000aa01f800000000000000aa
02:27:54.882 [DEBUG] [serial] RX 105 bytes: 01f800000000000000aa01f800000000000000aa01f800000000000000aa01f800000000000000aa01f800000000000000aa01f800000000000000aa01f800000000000000aa01f800000000000000aa01f800000000000000aa01f800000000000000aa01f8000000
02:27:54.992 [DEBUG] [serial] RX 104 bytes: 00000000aa01f800000000000000aa01f800000000000000aa01f800000000000000aa01f800000000000000aa01f800000000000000aa01f800000000000000aa01f800000000000000aa01f800000000000000aa01f800000000000000aa01f800000000000000
02:27:55.100 [DEBUG] [serial] RX 103 bytes: aa01f800000000000000aa01f800000000000000aa01f800000000000000aa01f800000000000000aa01f800000000000000aa01f800000000000000aa01f800000000000000aa01f800000000000000aa01f800000000000000aa01f800000000000000aa01f8
02:27:55.209 [DEBUG] [serial] RX 105 bytes: 00000000000000aa01f800000000000000aa01f800000000000000aa01f800000000000000aa01f800000000000000aa01f800000000000000aa01f800000000000000aa01f800000000000000aa01f800000000000000aa01f800000000000000aa01f80000000000
02:27:55.318 [DEBUG] [serial] RX 103 bytes: 0000aa01f800000000000000aa01f800000000000000aa01f800000000000000aa01f800000000000000aa01f800000000000000aa01f800000000000000aa01f800000000000000aa01f800000000000000aa01f800000000000000aa01f800000000000000aa
02:27:55.426 [DEBUG] [serial] RX 103 bytes: 01f800000000000000aa01f800000000000000aa01f800000000000000aa01f800000000000000aa01f800000000000000aa01f800000000000000aa01f800000000000000aa01f800000000000000aa01f800000000000000aa01f800000000000000aa01f800
02:27:55.535 [DEBUG] [serial] RX 103 bytes: 000000000000aa01f800000000000000aa01f800000000000000aa01f800000000000000aa01f800000000000000aa01f800000000000000aa01f800000000000000aa01f800000000000000aa01f800000000000000aa01f800000000000000aa01f800000000
02:27:55.644 [DEBUG] [serial] RX 104 bytes: 000000aa01f800000000000000aa01f800000000000000aa01f800000000000000aa01f800000000000000aa01f800000000000000aa01f800000000000000aa01f800000000000000aa01f800000000000000aa01f800000000000000aa01f800000000000000aa
02:27:55.752 [DEBUG] [serial] RX 103 bytes: 01f800000000000000aa01f800000000000000aa01f800000000000000aa01f800000000000000aa01f800000000000000aa01f800000000000000aa01f800000000000000aa01f800000000000000aa01f800000000000000aa01f800000000000000aa01f800
02:27:55.861 [DEBUG] [serial] RX 103 bytes: 000000000000aa01f800000000000000aa01f800000000000000aa01f800000000000000aa01f800000000000000aa01f800000000000000aa01f800000000000000aa01f800000000000000aa01f800000000000000aa01f800000000000000aa01f800000000
02:27:55.970 [DEBUG] [serial] RX 105 bytes: 000000aa01f800000000000000aa01f800000000000000aa01f800000000000000aa01f800000000000000aa01f800000000000000aa01f800000000000000aa01f800000000000000aa01f800000000000000aa01f800000000000000aa01f800000000000000aa01
02:27:56.079 [DEBUG] [serial] RX 104 bytes: f800000000000000aa01f800000000000000aa01f800000000000000aa01f800000000000000aa01f800000000000000aa01f800000000000000aa01f800000000000000aa01f800000000000000aa01f800000000000000aa01f800000000000000aa01f8000000
02:27:56.188 [DEBUG] [serial] RX 104 bytes: 00000000aa01f800000000000000aa01f800000000000000aa01f800000000000000aa01f800000000000000aa01f800000000000000aa01f800000000000000aa01f800000000000000aa01f800000000000000aa01f800000000000000aa01f800000000000000
02:27:56.189 [DEBUG] [serial] PKT #3500: flags=0x01 in=-2048 ds=0 flt=0
02:27:56.297 [DEBUG] [serial] RX 103 bytes: aa01f800000000000000aa01f800000000000000aa01f800000000000000aa01f800000000000000aa01f800000000000000aa01f800000000000000aa01f800000000000000aa01f800000000000000aa01f800000000000000aa01f800000000000000aa01f8
02:27:56.407 [DEBUG] [serial] RX 105 bytes: 00000000000000aa01f800000000000000aa01f800000000000000aa01f800000000000000aa01f800000000000000aa01f800000000000000aa01f800000000000000aa01f800000000000000aa01f800000000000000aa01f800000000000000aa01f80000000000
02:27:56.516 [DEBUG] [serial] RX 103 bytes: 0000aa01f800000000000000aa01f800000000000000aa01f800000000000000aa01f800000000000000aa01f800000000000000aa01f800000000000000aa01f800000000000000aa01f800000000000000aa01f800000000000000aa01f800000000000000aa
02:27:56.625 [DEBUG] [serial] RX 104 bytes: 01f800000000000000aa01f800000000000000aa01f800000000000000aa01f800000000000000aa01f800000000000000aa01f800000000000000aa01f800000000000000aa01f800000000000000aa01f800000000000000aa01f800000000000000aa01f80000
02:27:56.735 [DEBUG] [serial] RX 104 bytes: 0000000000aa01f800000000000000aa01f800000000000000aa01f800000000000000aa01f800000000000000aa01f800000000000000aa01f800000000000000aa01f800000000000000aa01f800000000000000aa01f800000000000000aa01f8000000000000
02:27:56.844 [DEBUG] [serial] RX 104 bytes: 00aa01f800000000000000aa01f800000000000000aa01f800000000000000aa01f800000000000000aa01f800000000000000aa01f800000000000000aa01f800000000000000aa01f800000000000000aa01f800000000000000aa01f800000000000000aa01f8
02:27:56.953 [DEBUG] [serial] RX 104 bytes: 00000000000000aa01f800000000000000aa01f800000000000000aa01f800000000000000aa01f800000000000000aa01f800000000000000aa01f800000000000000aa01f800000000000000aa01f800000000000000aa01f800000000000000aa01f800000000
02:27:56.953 [INFO] [serial] Stats: 3580 pkts, 35813 bytes rx
02:27:57.062 [DEBUG] [serial] RX 104 bytes: 000000aa01f800000000000000aa01f800000000000000aa01f800000000000000aa01f800000000000000aa01f800000000000000aa01f800000000000000aa01f800000000000000aa01f800000000000000aa01f800000000000000aa01f800000000000000aa
02:27:57.172 [DEBUG] [serial] RX 104 bytes: 01f800000000000000aa01f800000000000000aa01f800000000000000aa01f800000000000000aa01f800000000000000aa01f800000000000000aa01f800000000000000aa01f800000000000000aa01f800000000000000aa01f800000000000000aa01f80000
02:27:57.280 [DEBUG] [serial] RX 104 bytes: 0000000000aa01f800000000000000aa01f800000000000000aa01f800000000000000aa01f800000000000000aa01f800000000000000aa01f800000000000000aa01f800000000000000aa01f800000000000000aa01f800000000000000aa01f8000000000000
02:27:57.389 [DEBUG] [serial] RX 103 bytes: 00aa01f800000000000000aa01f800000000000000aa01f800000000000000aa01f800000000000000aa01f800000000000000aa01f800000000000000aa01f800000000000000aa01f800000000000000aa01f800000000000000aa01f800000000000000aa01
02:27:57.498 [DEBUG] [serial] RX 104 bytes: f800000000000000aa01f800000000000000aa01f800000000000000aa01f800000000000000aa01f800000000000000aa01f800000000000000aa01f800000000000000aa01f800000000000000aa01f800000000000000aa01f800000000000000aa01f8000000
02:27:57.607 [DEBUG] [serial] RX 103 bytes: 00000000aa01f800000000000000aa01f800000000000000aa01f800000000000000aa01f800000000000000aa01f800000000000000aa01f800000000000000aa01f800000000000000aa01f800000000000000aa01f800000000000000aa01f8000000000000
02:27:57.716 [DEBUG] [serial] RX 104 bytes: 00aa01f800000000000000aa01f800000000000000aa01f800000000000000aa01f800000000000000aa01f800000000000000aa01f800000000000000aa01f800000000000000aa01f800000000000000aa01f800000000000000aa01f800000000000000aa01f8
02:27:57.825 [DEBUG] [serial] RX 104 bytes: 00000000000000aa01f800000000000000aa01f800000000000000aa01f800000000000000aa01f800000000000000aa01f800000000000000aa01f800000000000000aa01f800000000000000aa01f800000000000000aa01f800000000000000aa01f800000000
02:27:57.934 [DEBUG] [serial] RX 103 bytes: 000000aa01f800000000000000aa01f800000000000000aa01f800000000000000aa01f800000000000000aa01f800000000000000aa01f800000000000000aa01f800000000000000aa01f800000000000000aa01f800000000000000aa01f800000000000000
02:27:58.042 [DEBUG] [serial] RX 103 bytes: aa01f800000000000000aa01f800000000000000aa01f800000000000000aa01f800000000000000aa01f800000000000000aa01f800000000000000aa01f800000000000000aa01f800000000000000aa01f800000000000000aa01f800000000000000aa01f8
02:27:58.150 [DEBUG] [serial] RX 103 bytes: 00000000000000aa01f800000000000000aa01f800000000000000aa01f800000000000000aa01f800000000000000aa01f800000000000000aa01f800000000000000aa01f800000000000000aa01f800000000000000aa01f800000000000000aa01f8000000
02:27:58.260 [DEBUG] [serial] RX 104 bytes: 00000000aa01f800000000000000aa01f800000000000000aa01f800000000000000aa01f800000000000000aa01f800000000000000aa01f800000000000000aa01f800000000000000aa01f800000000000000aa01f800000000000000aa01f800000000000000
02:27:58.369 [DEBUG] [serial] RX 105 bytes: aa01f800000000000000aa01f800000000000000aa01f800000000000000aa01f800000000000000aa01f800000000000000aa01f800000000000000aa01f800000000000000aa01f800000000000000aa01f800000000000000aa01f800000000000000aa01f80000
02:27:58.478 [DEBUG] [serial] RX 103 bytes: 0000000000aa01f800000000000000aa01f800000000000000aa01f800000000000000aa01f800000000000000aa01f800000000000000aa01f800000000000000aa01f800000000000000aa01f800000000000000aa01f800000000000000aa01f80000000000
02:27:58.588 [DEBUG] [serial] RX 104 bytes: 0000aa01f800000000000000aa01f800000000000000aa01f800000000000000aa01f800000000000000aa01f800000000000000aa01f800000000000000aa01f800000000000000aa01f800000000000000aa01f800000000000000aa01f800000000000000aa01
02:27:58.695 [DEBUG] [serial] RX 103 bytes: f800000000000000aa01f800000000000000aa01f800000000000000aa01f800000000000000aa01f800000000000000aa01f800000000000000aa01f800000000000000aa01f800000000000000aa01f800000000000000aa01f800000000000000aa01f80000
02:27:58.805 [DEBUG] [serial] RX 104 bytes: 0000000000aa01f800000000000000aa01f800000000000000aa01f800000000000000aa01f800000000000000aa01f800000000000000aa01f800000000000000aa01f800000000000000aa01f800000000000000aa01f800000000000000aa01f8000000000000
02:27:58.914 [DEBUG] [serial] RX 104 bytes: 00aa01f800000000000000aa01f800000000000000aa01f800000000000000aa01f800000000000000aa01f800000000000000aa01f800000000000000aa01f800000000000000aa01f800000000000000aa01f800000000000000aa01f800000000000000aa01f8
02:27:59.023 [DEBUG] [serial] RX 104 bytes: 00000000000000aa01f800000000000000aa01f800000000000000aa01f800000000000000aa01f800000000000000aa01f800000000000000aa01f800000000000000aa01f800000000000000aa01f800000000000000aa01f800000000000000aa01f800000000
02:27:59.132 [DEBUG] [serial] RX 103 bytes: 000000aa01f800000000000000aa01f800000000000000aa01f800000000000000aa01f800000000000000aa01f800000000000000aa01f800000000000000aa01f800000000000000aa01f800000000000000aa01f800000000000000aa01f800000000000000
02:27:59.240 [DEBUG] [serial] RX 104 bytes: aa01f800000000000000aa01f800000000000000aa01f800000000000000aa01f800000000000000aa01f800000000000000aa01f800000000000000aa01f800000000000000aa01f800000000000000aa01f800000000000000aa01f800000000000000aa01f800
02:27:59.350 [DEBUG] [serial] RX 104 bytes: 000000000000aa01f800000000000000aa01f800000000000000aa01f800000000000000aa01f800000000000000aa01f800000000000000aa01f800000000000000aa01f800000000000000aa01f800000000000000aa01f800000000000000aa01f80000000000
02:27:59.459 [DEBUG] [serial] RX 104 bytes: 0000aa01f800000000000000aa01f800000000000000aa01f800000000000000aa01f800000000000000aa01f800000000000000aa01f800000000000000aa01f800000000000000aa01f800000000000000aa01f800000000000000aa01f800000000000000aa01
02:27:59.568 [DEBUG] [serial] RX 103 bytes: f800000000000000aa01f800000000000000aa01f800000000000000aa01f800000000000000aa01f800000000000000aa01f800000000000000aa01f800000000000000aa01f800000000000000aa01f800000000000000aa01f800000000000000aa01f80000
02:27:59.677 [DEBUG] [serial] RX 104 bytes: 0000000000aa01f800000000000000aa01f800000000000000aa01f800000000000000aa01f800000000000000aa01f800000000000000aa01f800000000000000aa01f800000000000000aa01f800000000000000aa01f800000000000000aa01f8000000000000
02:27:59.785 [DEBUG] [serial] RX 103 bytes: 00aa01f800000000000000aa01f800000000000000aa01f800000000000000aa01f800000000000000aa01f800000000000000aa01f800000000000000aa01f800000000000000aa01f800000000000000aa01f800000000000000aa01f800000000000000aa01
02:27:59.894 [DEBUG] [serial] RX 104 bytes: f800000000000000aa01f800000000000000aa01f800000000000000aa01f800000000000000aa01f800000000000000aa01f800000000000000aa01f800000000000000aa01f800000000000000aa01f800000000000000aa01f800000000000000aa01f8000000
02:28:00.003 [DEBUG] [serial] RX 103 bytes: 00000000aa01f800000000000000aa01f800000000000000aa01f800000000000000aa01f800000000000000aa01f800000000000000aa01f800000000000000aa01f800000000000000aa01f800000000000000aa01f800000000000000aa01f8000000000000
02:28:00.112 [DEBUG] [serial] RX 105 bytes: 00aa01f800000000000000aa01f800000000000000aa01f800000000000000aa01f800000000000000aa01f800000000000000aa01f800000000000000aa01f800000000000000aa01f800000000000000aa01f800000000000000aa01f800000000000000aa01f800
02:28:00.221 [DEBUG] [serial] RX 103 bytes: 000000000000aa01f800000000000000aa01f800000000000000aa01f800000000000000aa01f800000000000000aa01f800000000000000aa01f800000000000000aa01f800000000000000aa01f800000000000000aa01f800000000000000aa01f800000000
02:28:00.329 [DEBUG] [serial] RX 103 bytes: 000000aa01f800000000000000aa01f800000000000000aa01f800000000000000aa01f800000000000000aa01f800000000000000aa01f800000000000000aa01f800000000000000aa01f800000000000000aa01f800000000000000aa01f800000000000000
02:28:00.438 [DEBUG] [serial] RX 103 bytes: aa01f800000000000000aa01f800000000000000aa01f800000000000000aa01f800000000000000aa01f800000000000000aa01f800000000000000aa01f800000000000000aa01f800000000000000aa01f800000000000000aa01f800000000000000aa01f8
02:28:00.549 [DEBUG] [serial] RX 106 bytes: 00000000000000aa01f800000000000000aa01f800000000000000aa01f800000000000000aa01f800000000000000aa01f800000000000000aa01f800000000000000aa01f800000000000000aa01f800000000000000aa01f800000000000000aa01f8000000000000
02:28:00.658 [DEBUG] [serial] RX 104 bytes: 00aa01f800000000000000aa01f800000000000000aa01f800000000000000aa01f800000000000000aa01f800000000000000aa01f800000000000000aa01f800000000000000aa01f800000000000000aa01f800000000000000aa01f800000000000000aa01f8
02:28:00.766 [DEBUG] [serial] RX 102 bytes: 00000000000000aa01f800000000000000aa01f800000000000000aa01f800000000000000aa01f800000000000000aa01f800000000000000aa01f800000000000000aa01f800000000000000aa01f800000000000000aa01f800000000000000aa01f80000
02:28:00.874 [DEBUG] [serial] RX 103 bytes: 0000000000aa01f800000000000000aa01f800000000000000aa01f800000000000000aa01f800000000000000aa01f800000000000000aa01f800000000000000aa01f800000000000000aa01f800000000000000aa01f800000000000000aa01f80000000000
02:28:00.983 [DEBUG] [serial] RX 104 bytes: 0000aa01f800000000000000aa01f800000000000000aa01f800000000000000aa01f800000000000000aa01f800000000000000aa01f800000000000000aa01f800000000000000aa01f800000000000000aa01f800000000000000aa01f800000000000000aa01
02:28:01.092 [DEBUG] [serial] RX 103 bytes: f800000000000000aa01f800000000000000aa01f800000000000000aa01f800000000000000aa01f800000000000000aa01f800000000000000aa01f800000000000000aa01f800000000000000aa01f800000000000000aa01f800000000000000aa01f80000
02:28:01.201 [DEBUG] [serial] RX 104 bytes: 0000000000aa01f800000000000000aa01f800000000000000aa01f800000000000000aa01f800000000000000aa01f800000000000000aa01f800000000000000aa01f800000000000000aa01f800000000000000aa01f800000000000000aa01f8000000000000
02:28:01.309 [DEBUG] [serial] RX 103 bytes: 00aa01f800000000000000aa01f800000000000000aa01f800000000000000aa01f800000000000000aa01f800000000000000aa01f800000000000000aa01f800000000000000aa01f800000000000000aa01f800000000000000aa01f800000000000000aa01
02:28:01.420 [DEBUG] [serial] RX 105 bytes: f800000000000000aa01f800000000000000aa01f800000000000000aa01f800000000000000aa01f800000000000000aa01f800000000000000aa01f800000000000000aa01f800000000000000aa01f800000000000000aa01f800000000000000aa01f800000000
02:28:01.420 [DEBUG] [serial] PKT #4000: flags=0x01 in=-2048 ds=0 flt=0
02:28:01.528 [DEBUG] [serial] RX 104 bytes: 000000aa01f800000000000000aa01f800000000000000aa01f800000000000000aa01f800000000000000aa01f800000000000000aa01f800000000000000aa01f800000000000000aa01f800000000000000aa01f800000000000000aa01f800000000000000aa
02:28:01.638 [DEBUG] [serial] RX 104 bytes: 01f800000000000000aa01f800000000000000aa01f800000000000000aa01f800000000000000aa01f800000000000000aa01f800000000000000aa01f800000000000000aa01f800000000000000aa01f800000000000000aa01f800000000000000aa01f80000
02:28:01.748 [DEBUG] [serial] RX 105 bytes: 0000000000aa01f800000000000000aa01f800000000000000aa01f800000000000000aa01f800000000000000aa01f800000000000000aa01f800000000000000aa01f800000000000000aa01f800000000000000aa01f800000000000000aa01f800000000000000
02:28:01.857 [DEBUG] [serial] RX 104 bytes: aa01f800000000000000aa01f800000000000000aa01f800000000000000aa01f800000000000000aa01f800000000000000aa01f800000000000000aa01f800000000000000aa01f800000000000000aa01f800000000000000aa01f800000000000000aa01f800
02:28:01.965 [DEBUG] [serial] RX 102 bytes: 000000000000aa01f800000000000000aa01f800000000000000aa01f800000000000000aa01f800000000000000aa01f800000000000000aa01f800000000000000aa01f800000000000000aa01f800000000000000aa01f800000000000000aa01f8000000
02:28:01.966 [INFO] [serial] Stats: 4057 pkts, 40582 bytes rx
02:28:02.076 [DEBUG] [serial] RX 105 bytes: 00000000aa01f800000000000000aa01f800000000000000aa01f800000000000000aa01f800000000000000aa01f800000000000000aa01f800000000000000aa01f800000000000000aa01f800000000000000aa01f800000000000000aa01f800000000000000aa
02:28:02.183 [DEBUG] [serial] RX 103 bytes: 01f800000000000000aa01f800000000000000aa01f800000000000000aa01f800000000000000aa01f800000000000000aa01f800000000000000aa01f800000000000000aa01f800000000000000aa01f800000000000000aa01f800000000000000aa01f800
02:28:02.292 [DEBUG] [serial] RX 104 bytes: 000000000000aa01f800000000000000aa01f800000000000000aa01f800000000000000aa01f800000000000000aa01f800000000000000aa01f800000000000000aa01f800000000000000aa01f800000000000000aa01f800000000000000aa01f80000000000
02:28:02.402 [DEBUG] [serial] RX 105 bytes: 0000aa01f800000000000000aa01f800000000000000aa01f800000000000000aa01f800000000000000aa01f800000000000000aa01f800000000000000aa01f800000000000000aa01f800000000000000aa01f800000000000000aa01f800000000000000aa01f8
02:28:02.512 [DEBUG] [serial] RX 103 bytes: 00000000000000aa01f800000000000000aa01f800000000000000aa01f800000000000000aa01f800000000000000aa01f800000000000000aa01f800000000000000aa01f800000000000000aa01f800000000000000aa01f800000000000000aa01f8000000
02:28:02.620 [DEBUG] [serial] RX 103 bytes: 00000000aa01f800000000000000aa01f800000000000000aa01f800000000000000aa01f800000000000000aa01f800000000000000aa01f800000000000000aa01f800000000000000aa01f800000000000000aa01f800000000000000aa01f8000000000000
02:28:02.729 [DEBUG] [serial] RX 105 bytes: 00aa01f800000000000000aa01f800000000000000aa01f800000000000000aa01f800000000000000aa01f800000000000000aa01f800000000000000aa01f800000000000000aa01f800000000000000aa01f800000000000000aa01f800000000000000aa01f800
02:28:02.838 [DEBUG] [serial] RX 103 bytes: 000000000000aa01f800000000000000aa01f800000000000000aa01f800000000000000aa01f800000000000000aa01f800000000000000aa01f800000000000000aa01f800000000000000aa01f800000000000000aa01f800000000000000aa01f800000000
02:28:02.947 [DEBUG] [serial] RX 104 bytes: 000000aa01f800000000000000aa01f800000000000000aa01f800000000000000aa01f800000000000000aa01f800000000000000aa01f800000000000000aa01f800000000000000aa01f800000000000000aa01f800000000000000aa01f800000000000000aa
02:28:03.056 [DEBUG] [serial] RX 103 bytes: 01f800000000000000aa01f800000000000000aa01f800000000000000aa01f800000000000000aa01f800000000000000aa01f800000000000000aa01f800000000000000aa01f800000000000000aa01f800000000000000aa01f800000000000000aa01f800
02:28:03.166 [DEBUG] [serial] RX 105 bytes: 000000000000aa01f800000000000000aa01f800000000000000aa01f800000000000000aa01f800000000000000aa01f800000000000000aa01f800000000000000aa01f800000000000000aa01f800000000000000aa01f800000000000000aa01f8000000000000
02:28:03.275 [DEBUG] [serial] RX 104 bytes: 00aa01f800000000000000aa01f800000000000000aa01f800000000000000aa01f800000000000000aa01f800000000000000aa01f800000000000000aa01f800000000000000aa01f800000000000000aa01f800000000000000aa01f800000000000000aa01f8
02:28:03.384 [DEBUG] [serial] RX 103 bytes: 00000000000000aa01f800000000000000aa01f800000000000000aa01f800000000000000aa01f800000000000000aa01f800000000000000aa01f800000000000000aa01f800000000000000aa01f800000000000000aa01f800000000000000aa01f8000000
02:28:03.493 [DEBUG] [serial] RX 104 bytes: 00000000aa01f800000000000000aa01f800000000000000aa01f800000000000000aa01f800000000000000aa01f800000000000000aa01f800000000000000aa01f800000000000000aa01f800000000000000aa01f800000000000000aa01f800000000000000
02:28:03.602 [DEBUG] [serial] RX 104 bytes: aa01f800000000000000aa01f800000000000000aa01f800000000000000aa01f800000000000000aa01f800000000000000aa01f800000000000000aa01f800000000000000aa01f800000000000000aa01f800000000000000aa01f800000000000000aa01f800
02:28:03.710 [DEBUG] [serial] RX 103 bytes: 000000000000aa01f800000000000000aa01f800000000000000aa01f800000000000000aa01f800000000000000aa01f800000000000000aa01f800000000000000aa01f800000000000000aa01f800000000000000aa01f800000000000000aa01f800000000
02:28:03.819 [DEBUG] [serial] RX 104 bytes: 000000aa01f800000000000000aa01f800000000000000aa01f800000000000000aa01f800000000000000aa01f800000000000000aa01f800000000000000aa01f800000000000000aa01f800000000000000aa01f800000000000000aa01f800000000000000aa
02:28:03.928 [DEBUG] [serial] RX 103 bytes: 01f800000000000000aa01f800000000000000aa01f800000000000000aa01f800000000000000aa01f800000000000000aa01f800000000000000aa01f800000000000000aa01f800000000000000aa01f800000000000000aa01f800000000000000aa01f800
02:28:04.037 [DEBUG] [serial] RX 104 bytes: 000000000000aa01f800000000000000aa01f800000000000000aa01f800000000000000aa01f800000000000000aa01f800000000000000aa01f800000000000000aa01f800000000000000aa01f800000000000000aa01f800000000000000aa01f80000000000
02:28:04.147 [DEBUG] [serial] RX 105 bytes: 0000aa01f800000000000000aa01f800000000000000aa01f800000000000000aa01f800000000000000aa01f800000000000000aa01f800000000000000aa01f800000000000000aa01f800000000000000aa01f800000000000000aa01f800000000000000aa01f8
02:28:04.256 [DEBUG] [serial] RX 104 bytes: 00000000000000aa01f800000000000000aa01f800000000000000aa01f800000000000000aa01f800000000000000aa01f800000000000000aa01f800000000000000aa01f800000000000000aa01f800000000000000aa01f800000000000000aa01f800000000
02:28:04.364 [DEBUG] [serial] RX 102 bytes: 000000aa01f800000000000000aa01f800000000000000aa01f800000000000000aa01f800000000000000aa01f800000000000000aa01f800000000000000aa01f800000000000000aa01f800000000000000aa01f800000000000000aa01f8000000000000
02:28:04.473 [DEBUG] [serial] RX 104 bytes: 00aa01f800000000000000aa01f800000000000000aa01f800000000000000aa01f800000000000000aa01f800000000000000aa01f800000000000000aa01f800000000000000aa01f800000000000000aa01f800000000000000aa01f800000000000000aa01f8
02:28:04.582 [DEBUG] [serial] RX 103 bytes: 00000000000000aa01f800000000000000aa01f800000000000000aa01f800000000000000aa01f800000000000000aa01f800000000000000aa01f800000000000000aa01f800000000000000aa01f800000000000000aa01f800000000000000aa01f8000000
02:28:04.691 [DEBUG] [serial] RX 104 bytes: 00000000aa01f800000000000000aa01f800000000000000aa01f800000000000000aa01f800000000000000aa01f800000000000000aa01f800000000000000aa01f800000000000000aa01f800000000000000aa01f800000000000000aa01f800000000000000
02:28:04.801 [DEBUG] [serial] RX 105 bytes: aa01f800000000000000aa01f800000000000000aa01f800000000000000aa01f800000000000000aa01f800000000000000aa01f800000000000000aa01f800000000000000aa01f800000000000000aa01f800000000000000aa01f800000000000000aa01f80000
02:28:04.910 [DEBUG] [serial] RX 104 bytes: 0000000000aa01f800000000000000aa01f800000000000000aa01f800000000000000aa01f800000000000000aa01f800000000000000aa01f800000000000000aa01f800000000000000aa01f800000000000000aa01f800000000000000aa01f8000000000000
02:28:05.020 [DEBUG] [serial] RX 104 bytes: 00aa01f800000000000000aa01f800000000000000aa01f800000000000000aa01f800000000000000aa01f800000000000000aa01f800000000000000aa01f800000000000000aa01f800000000000000aa01f800000000000000aa01f800000000000000aa01f8
02:28:05.129 [DEBUG] [serial] RX 104 bytes: 00000000000000aa01f800000000000000aa01f800000000000000aa01f800000000000000aa01f800000000000000aa01f800000000000000aa01f800000000000000aa01f800000000000000aa01f800000000000000aa01f800000000000000aa01f800000000
02:28:05.238 [DEBUG] [serial] RX 104 bytes: 000000aa01f800000000000000aa01f800000000000000aa01f800000000000000aa01f800000000000000aa01f800000000000000aa01f800000000000000aa01f800000000000000aa01f800000000000000aa01f800000000000000aa01f800000000000000aa
02:28:05.348 [DEBUG] [serial] RX 104 bytes: 01f800000000000000aa01f800000000000000aa01f800000000000000aa01f800000000000000aa01f800000000000000aa01f800000000000000aa01f800000000000000aa01f800000000000000aa01f800000000000000aa01f800000000000000aa01f80000
02:28:05.457 [DEBUG] [serial] RX 104 bytes: 0000000000aa01f800000000000000aa01f800000000000000aa01f800000000000000aa01f800000000000000aa01f800000000000000aa01f800000000000000aa01f800000000000000aa01f800000000000000aa01f800000000000000aa01f8000000000000
02:28:05.566 [DEBUG] [serial] RX 104 bytes: 00aa01f800000000000000aa01f800000000000000aa01f800000000000000aa01f800000000000000aa01f800000000000000aa01f800000000000000aa01f800000000000000aa01f800000000000000aa01f800000000000000aa01f800000000000000aa01f8
02:28:05.674 [DEBUG] [serial] RX 103 bytes: 00000000000000aa01f800000000000000aa01f800000000000000aa01f800000000000000aa01f800000000000000aa01f800000000000000aa01f800000000000000aa01f800000000000000aa01f800000000000000aa01f800000000000000aa01f8000000
02:28:05.785 [DEBUG] [serial] RX 105 bytes: 00000000aa01f800000000000000aa01f800000000000000aa01f800000000000000aa01f800000000000000aa01f800000000000000aa01f800000000000000aa01f800000000000000aa01f800000000000000aa01f800000000000000aa01f800000000000000aa
02:28:05.894 [DEBUG] [serial] RX 105 bytes: 01f800000000000000aa01f800000000000000aa01f800000000000000aa01f800000000000000aa01f800000000000000aa01f800000000000000aa01f800000000000000aa01f800000000000000aa01f800000000000000aa01f800000000000000aa01f8000000
02:28:06.004 [DEBUG] [serial] RX 103 bytes: 00000000aa01f800000000000000aa01f800000000000000aa01f800000000000000aa01f800000000000000aa01f800000000000000aa01f800000000000000aa01f800000000000000aa01f800000000000000aa01f800000000000000aa01f8000000000000
02:28:06.112 [DEBUG] [serial] RX 104 bytes: 00aa01f800000000000000aa01f800000000000000aa01f800000000000000aa01f800000000000000aa01f800000000000000aa01f800000000000000aa01f800000000000000aa01f800000000000000aa01f800000000000000aa01f800000000000000aa01f8
02:28:06.222 [DEBUG] [serial] RX 105 bytes: 00000000000000aa01f800000000000000aa01f800000000000000aa01f800000000000000aa01f800000000000000aa01f800000000000000aa01f800000000000000aa01f800000000000000aa01f800000000000000aa01f800000000000000aa01f80000000000
02:28:06.330 [DEBUG] [serial] RX 102 bytes: 0000aa01f800000000000000aa01f800000000000000aa01f800000000000000aa01f800000000000000aa01f800000000000000aa01f800000000000000aa01f800000000000000aa01f800000000000000aa01f800000000000000aa01f800000000000000
02:28:06.441 [DEBUG] [serial] RX 106 bytes: aa01f800000000000000aa01f800000000000000aa01f800000000000000aa01f800000000000000aa01f800000000000000aa01f800000000000000aa01f800000000000000aa01f800000000000000aa01f800000000000000aa01f800000000000000aa01f8000000
02:28:06.551 [DEBUG] [serial] RX 104 bytes: 00000000aa01f800000000000000aa01f800000000000000aa01f800000000000000aa01f800000000000000aa01f800000000000000aa01f800000000000000aa01f800000000000000aa01f800000000000000aa01f800000000000000aa01f800000000000000
02:28:06.659 [DEBUG] [serial] RX 103 bytes: aa01f800000000000000aa01f800000000000000aa01f800000000000000aa01f800000000000000aa01f800000000000000aa01f800000000000000aa01f800000000000000aa01f800000000000000aa01f800000000000000aa01f800000000000000aa01f8
02:28:06.660 [DEBUG] [serial] PKT #4500: flags=0x01 in=-2048 ds=0 flt=0
02:28:06.767 [DEBUG] [serial] RX 103 bytes: 00000000000000aa01f800000000000000aa01f800000000000000aa01f800000000000000aa01f800000000000000aa01f800000000000000aa01f800000000000000aa01f800000000000000aa01f800000000000000aa01f800000000000000aa01f8000000
02:28:06.876 [DEBUG] [serial] RX 103 bytes: 00000000aa01f800000000000000aa01f800000000000000aa01f800000000000000aa01f800000000000000aa01f800000000000000aa01f800000000000000aa01f800000000000000aa01f800000000000000aa01f800000000000000aa01f8000000000000
02:28:06.985 [DEBUG] [serial] RX 104 bytes: 00aa01f800000000000000aa01f800000000000000aa01f800000000000000aa01f800000000000000aa01f800000000000000aa01f800000000000000aa01f800000000000000aa01f800000000000000aa01f800000000000000aa01f800000000000000aa01f8
02:28:06.985 [INFO] [serial] Stats: 4535 pkts, 45359 bytes rx
02:28:07.094 [DEBUG] [serial] RX 104 bytes: 00000000000000aa01f800000000000000aa01f800000000000000aa01f800000000000000aa01f800000000000000aa01f800000000000000aa01f800000000000000aa01f800000000000000aa01f800000000000000aa01f800000000000000aa01f800000000
02:28:07.201 [DEBUG] [serial] RX 102 bytes: 000000aa01f800000000000000aa01f800000000000000aa01f800000000000000aa01f800000000000000aa01f800000000000000aa01f800000000000000aa01f800000000000000aa01f800000000000000aa01f800000000000000aa01f8000000000000
02:28:07.310 [DEBUG] [serial] RX 103 bytes: 00aa01f800000000000000aa01f800000000000000aa01f800000000000000aa01f800000000000000aa01f800000000000000aa01f800000000000000aa01f800000000000000aa01f800000000000000aa01f800000000000000aa01f800000000000000aa01
02:28:07.418 [DEBUG] [serial] RX 104 bytes: f800000000000000aa01f800000000000000aa01f800000000000000aa01f800000000000000aa01f800000000000000aa01f800000000000000aa01f800000000000000aa01f800000000000000aa01f800000000000000aa01f800000000000000aa01f8000000
02:28:07.525 [DEBUG] [serial] RX 101 bytes: 00000000aa01f800000000000000aa01f800000000000000aa01f800000000000000aa01f800000000000000aa01f800000000000000aa01f800000000000000aa01f800000000000000aa01f800000000000000aa01f800000000000000aa01f800000000
02:28:07.635 [DEBUG] [serial] RX 105 bytes: 000000aa01f800000000000000aa01f800000000000000aa01f800000000000000aa01f800000000000000aa01f800000000000000aa01f800000000000000aa01f800000000000000aa01f800000000000000aa01f800000000000000aa01f800000000000000aa01
02:28:07.744 [DEBUG] [serial] RX 104 bytes: f800000000000000aa01f800000000000000aa01f800000000000000aa01f800000000000000aa01f800000000000000aa01f800000000000000aa01f800000000000000aa01f800000000000000aa01f800000000000000aa01f800000000000000aa01f8000000
02:28:07.853 [DEBUG] [serial] RX 103 bytes: 00000000aa01f800000000000000aa01f800000000000000aa01f800000000000000aa01f800000000000000aa01f800000000000000aa01f800000000000000aa01f800000000000000aa01f800000000000000aa01f800000000000000aa01f8000000000000
02:28:07.962 [DEBUG] [serial] RX 104 bytes: 00aa01f800000000000000aa01f800000000000000aa01f800000000000000aa01f800000000000000aa01f800000000000000aa01f800000000000000aa01f800000000000000aa01f800000000000000aa01f800000000000000aa01f800000000000000aa01f8
02:28:08.070 [DEBUG] [serial] RX 103 bytes: 00000000000000aa01f800000000000000aa01f800000000000000aa01f800000000000000aa01f800000000000000aa01f800000000000000aa01f800000000000000aa01f800000000000000aa01f800000000000000aa01f800000000000000aa01f8000000
02:28:08.180 [DEBUG] [serial] RX 104 bytes: 00000000aa01f800000000000000aa01f800000000000000aa01f800000000000000aa01f800000000000000aa01f800000000000000aa01f800000000000000aa01f800000000000000aa01f800000000000000aa01f800000000000000aa01f800000000000000
02:28:08.289 [DEBUG] [serial] RX 104 bytes: aa01f800000000000000aa01f800000000000000aa01f800000000000000aa01f800000000000000aa01f800000000000000aa01f800000000000000aa01f800000000000000aa01f800000000000000aa01f800000000000000aa01f800000000000000aa01f800
02:28:08.396 [DEBUG] [serial] RX 102 bytes: 000000000000aa01f800000000000000aa01f800000000000000aa01f800000000000000aa01f800000000000000aa01f800000000000000aa01f800000000000000aa01f800000000000000aa01f800000000000000aa01f800000000000000aa01f8000000
02:28:08.505 [DEBUG] [serial] RX 104 bytes: 00000000aa01f800000000000000aa01f800000000000000aa01f800000000000000aa01f800000000000000aa01f800000000000000aa01f800000000000000aa01f800000000000000aa01f800000000000000aa01f800000000000000aa01f800000000000000
02:28:08.613 [DEBUG] [serial] RX 102 bytes: aa01f800000000000000aa01f800000000000000aa01f800000000000000aa01f800000000000000aa01f800000000000000aa01f800000000000000aa01f800000000000000aa01f800000000000000aa01f800000000000000aa01f800000000000000aa01
02:28:08.720 [DEBUG] [serial] RX 103 bytes: f800000000000000aa01f800000000000000aa01f800000000000000aa01f800000000000000aa01f800000000000000aa01f800000000000000aa01f800000000000000aa01f800000000000000aa01f800000000000000aa01f800000000000000aa01f80000
02:28:08.829 [DEBUG] [serial] RX 103 bytes: 0000000000aa01f800000000000000aa01f800000000000000aa01f800000000000000aa01f800000000000000aa01f800000000000000aa01f800000000000000aa01f800000000000000aa01f800000000000000aa01f800000000000000aa01f80000000000
02:28:08.939 [DEBUG] [serial] RX 105 bytes: 0000aa01f800000000000000aa01f800000000000000aa01f800000000000000aa01f800000000000000aa01f800000000000000aa01f800000000000000aa01f800000000000000aa01f800000000000000aa01f800000000000000aa01f800000000000000aa01f8
02:28:09.050 [DEBUG] [serial] RX 105 bytes: 00000000000000aa01f800000000000000aa01f800000000000000aa01f800000000000000aa01f800000000000000aa01f800000000000000aa01f800000000000000aa01f800000000000000aa01f800000000000000aa01f800000000000000aa01f80000000000
02:28:09.157 [DEBUG] [serial] RX 102 bytes: 0000aa01f800000000000000aa01f800000000000000aa01f800000000000000aa01f800000000000000aa01f800000000000000aa01f800000000000000aa01f800000000000000aa01f800000000000000aa01f800000000000000aa01f800000000000000
02:28:09.266 [DEBUG] [serial] RX 104 bytes: aa01f800000000000000aa01f800000000000000aa01f800000000000000aa01f800000000000000aa01f800000000000000aa01f800000000000000aa01f800000000000000aa01f800000000000000aa01f800000000000000aa01f800000000000000aa01f800
02:28:09.375 [DEBUG] [serial] RX 104 bytes: 000000000000aa01f800000000000000aa01f800000000000000aa01f800000000000000aa01f800000000000000aa01f800000000000000aa01f800000000000000aa01f800000000000000aa01f800000000000000aa01f800000000000000aa01f80000000000
02:28:09.484 [DEBUG] [serial] RX 103 bytes: 0000aa01f800000000000000aa01f800000000000000aa01f800000000000000aa01f800000000000000aa01f800000000000000aa01f800000000000000aa01f800000000000000aa01f800000000000000aa01f800000000000000aa01f800000000000000aa
02:28:09.593 [DEBUG] [serial] RX 104 bytes: 01f800000000000000aa01f800000000000000aa01f800000000000000aa01f800000000000000aa01f800000000000000aa01f800000000000000aa01f800000000000000aa01f800000000000000aa01f800000000000000aa01f800000000000000aa01f80000
02:28:09.702 [DEBUG] [serial] RX 103 bytes: 0000000000aa01f800000000000000aa01f800000000000000aa01f800000000000000aa01f800000000000000aa01f800000000000000aa01f800000000000000aa01f800000000000000aa01f800000000000000aa01f800000000000000aa01f80000000000
02:28:09.810 [DEBUG] [serial] RX 104 bytes: 0000aa01f800000000000000aa01f800000000000000aa01f800000000000000aa01f800000000000000aa01f800000000000000aa01f800000000000000aa01f800000000000000aa01f800000000000000aa01f800000000000000aa01f800000000000000aa01
02:28:09.919 [DEBUG] [serial] RX 103 bytes: f800000000000000aa01f800000000000000aa01f800000000000000aa01f800000000000000aa01f800000000000000aa01f800000000000000aa01f800000000000000aa01f800000000000000aa01f800000000000000aa01f800000000000000aa01f80000
02:28:10.028 [DEBUG] [serial] RX 104 bytes: 0000000000aa01f800000000000000aa01f800000000000000aa01f800000000000000aa01f800000000000000aa01f800000000000000aa01f800000000000000aa01f800000000000000aa01f800000000000000aa01f800000000000000aa01f8000000000000
02:28:10.137 [DEBUG] [serial] RX 104 bytes: 00aa01f800000000000000aa01f800000000000000aa01f800000000000000aa01f800000000000000aa01f800000000000000aa01f800000000000000aa01f800000000000000aa01f800000000000000aa01f800000000000000aa01f800000000000000aa01f8
02:28:10.246 [DEBUG] [serial] RX 103 bytes: 00000000000000aa01f800000000000000aa01f800000000000000aa01f800000000000000aa01f800000000000000aa01f800000000000000aa01f800000000000000aa01f800000000000000aa01f800000000000000aa01f800000000000000aa01f8000000
02:28:10.356 [DEBUG] [serial] RX 105 bytes: 00000000aa01f800000000000000aa01f800000000000000aa01f800000000000000aa01f800000000000000aa01f800000000000000aa01f800000000000000aa01f800000000000000aa01f800000000000000aa01f800000000000000aa01f800000000000000aa
02:28:10.464 [DEBUG] [serial] RX 103 bytes: 01f800000000000000aa01f800000000000000aa01f800000000000000aa01f800000000000000aa01f800000000000000aa01f800000000000000aa01f800000000000000aa01f800000000000000aa01f800000000000000aa01f800000000000000aa01f800
02:28:10.574 [DEBUG] [serial] RX 104 bytes: 000000000000aa01f800000000000000aa01f800000000000000aa01f800000000000000aa01f800000000000000aa01f800000000000000aa01f800000000000000aa01f800000000000000aa01f800000000000000aa01f800000000000000aa01f80000000000
02:28:10.685 [DEBUG] [serial] RX 106 bytes: 0000aa01f800000000000000aa01f800000000000000aa01f800000000000000aa01f800000000000000aa01f800000000000000aa01f800000000000000aa01f800000000000000aa01f800000000000000aa01f800000000000000aa01f800000000000000aa01f800
02:28:10.793 [DEBUG] [serial] RX 103 bytes: 000000000000aa01f800000000000000aa01f800000000000000aa01f800000000000000aa01f800000000000000aa01f800000000000000aa01f800000000000000aa01f800000000000000aa01f800000000000000aa01f800000000000000aa01f800000000
02:28:10.904 [DEBUG] [serial] RX 106 bytes: 000000aa01f800000000000000aa01f800000000000000aa01f800000000000000aa01f800000000000000aa01f800000000000000aa01f800000000000000aa01f800000000000000aa01f800000000000000aa01f800000000000000aa01f800000000000000aa01f8
02:28:11.013 [DEBUG] [serial] RX 103 bytes: 00000000000000aa01f800000000000000aa01f800000000000000aa01f800000000000000aa01f800000000000000aa01f800000000000000aa01f800000000000000aa01f800000000000000aa01f800000000000000aa01f800000000000000aa01f8000000
02:28:11.120 [DEBUG] [serial] RX 102 bytes: 00000000aa01f800000000000000aa01f800000000000000aa01f800000000000000aa01f800000000000000aa01f800000000000000aa01f800000000000000aa01f800000000000000aa01f800000000000000aa01f800000000000000aa01f80000000000
02:28:11.229 [DEBUG] [serial] RX 104 bytes: 0000aa01f800000000000000aa01f800000000000000aa01f800000000000000aa01f800000000000000aa01f800000000000000aa01f800000000000000aa01f800000000000000aa01f800000000000000aa01f800000000000000aa01f800000000000000aa01
02:28:11.339 [DEBUG] [serial] RX 105 bytes: f800000000000000aa01f800000000000000aa01f800000000000000aa01f800000000000000aa01f800000000000000aa01f800000000000000aa01f800000000000000aa01f800000000000000aa01f800000000000000aa01f800000000000000aa01f800000000
02:28:11.448 [DEBUG] [serial] RX 104 bytes: 000000aa01f800000000000000aa01f800000000000000aa01f800000000000000aa01f800000000000000aa01f800000000000000aa01f800000000000000aa01f800000000000000aa01f800000000000000aa01f800000000000000aa01f800000000000000aa
02:28:11.556 [DEBUG] [serial] RX 102 bytes: 01f800000000000000aa01f800000000000000aa01f800000000000000aa01f800000000000000aa01f800000000000000aa01f800000000000000aa01f800000000000000aa01f800000000000000aa01f800000000000000aa01f800000000000000aa01f8
02:28:11.665 [DEBUG] [serial] RX 104 bytes: 00000000000000aa01f800000000000000aa01f800000000000000aa01f800000000000000aa01f800000000000000aa01f800000000000000aa01f800000000000000aa01f800000000000000aa01f800000000000000aa01f800000000000000aa01f800000000
02:28:11.773 [DEBUG] [serial] RX 102 bytes: 000000aa01f800000000000000aa01f800000000000000aa01f800000000000000aa01f800000000000000aa01f800000000000000aa01f800000000000000aa01f800000000000000aa01f800000000000000aa01f800000000000000aa01f8000000000000
02:28:11.883 [DEBUG] [serial] RX 105 bytes: 00aa01f800000000000000aa01f800000000000000aa01f800000000000000aa01f800000000000000aa01f800000000000000aa01f800000000000000aa01f800000000000000aa01f800000000000000aa01f800000000000000aa01f800000000000000aa01f800
02:28:11.883 [DEBUG] [serial] PKT #5000: flags=0x01 in=-2048 ds=0 flt=0
02:28:11.994 [DEBUG] [serial] RX 106 bytes: 000000000000aa01f800000000000000aa01f800000000000000aa01f800000000000000aa01f800000000000000aa01f800000000000000aa01f800000000000000aa01f800000000000000aa01f800000000000000aa01f800000000000000aa01f800000000000000
02:28:11.994 [INFO] [serial] Stats: 5012 pkts, 50126 bytes rx
02:28:12.103 [DEBUG] [serial] RX 104 bytes: aa01f800000000000000aa01f800000000000000aa01f800000000000000aa01f800000000000000aa01f800000000000000aa01f800000000000000aa01f800000000000000aa01f800000000000000aa01f800000000000000aa01f800000000000000aa01f800
02:28:12.212 [DEBUG] [serial] RX 103 bytes: 000000000000aa01f800000000000000aa01f800000000000000aa01f800000000000000aa01f800000000000000aa01f800000000000000aa01f800000000000000aa01f800000000000000aa01f800000000000000aa01f800000000000000aa01f800000000
02:28:12.320 [DEBUG] [serial] RX 103 bytes: 000000aa01f800000000000000aa01f800000000000000aa01f800000000000000aa01f800000000000000aa01f800000000000000aa01f800000000000000aa01f800000000000000aa01f800000000000000aa01f800000000000000aa01f800000000000000
02:28:12.429 [DEBUG] [serial] RX 104 bytes: aa01f800000000000000aa01f800000000000000aa01f800000000000000aa01f800000000000000aa01f800000000000000aa01f800000000000000aa01f800000000000000aa01f800000000000000aa01f800000000000000aa01f800000000000000aa01f800
02:28:12.539 [DEBUG] [serial] RX 105 bytes: 000000000000aa01f800000000000000aa01f800000000000000aa01f800000000000000aa01f800000000000000aa01f800000000000000aa01f800000000000000aa01f800000000000000aa01f800000000000000aa01f800000000000000aa01f8000000000000
02:28:12.648 [DEBUG] [serial] RX 104 bytes: 00aa01f800000000000000aa01f800000000000000aa01f800000000000000aa01f800000000000000aa01f800000000000000aa01f800000000000000aa01f800000000000000aa01f800000000000000aa01f800000000000000aa01f800000000000000aa01f8
02:28:12.758 [DEBUG] [serial] RX 104 bytes: 00000000000000aa01f800000000000000aa01f800000000000000aa01f800000000000000aa01f800000000000000aa01f800000000000000aa01f800000000000000aa01f800000000000000aa01f800000000000000aa01f800000000000000aa01f800000000
02:28:12.867 [DEBUG] [serial] RX 104 bytes: 000000aa01f800000000000000aa01f800000000000000aa01f800000000000000aa01f800000000000000aa01f800000000000000aa01f800000000000000aa01f800000000000000aa01f800000000000000aa01f800000000000000aa01f800000000000000aa
02:28:12.976 [DEBUG] [serial] RX 103 bytes: 01f800000000000000aa01f800000000000000aa01f800000000000000aa01f800000000000000aa01f800000000000000aa01f800000000000000aa01f800000000000000aa01f800000000000000aa01f800000000000000aa01f800000000000000aa01f800
02:28:13.083 [DEBUG] [serial] RX 103 bytes: 000000000000aa01f800000000000000aa01f800000000000000aa01f800000000000000aa01f800000000000000aa01f800000000000000aa01f800000000000000aa01f800000000000000aa01f800000000000000aa01f800000000000000aa01f800000000
02:28:13.193 [DEBUG] [serial] RX 104 bytes: 000000aa01f800000000000000aa01f800000000000000aa01f800000000000000aa01f800000000000000aa01f800000000000000aa01f800000000000000aa01f800000000000000aa01f800000000000000aa01f800000000000000aa01f800000000000000aa
02:28:13.302 [DEBUG] [serial] RX 104 bytes: 01f800000000000000aa01f800000000000000aa01f800000000000000aa01f800000000000000aa01f800000000000000aa01f800000000000000aa01f800000000000000aa01f800000000000000aa01f800000000000000aa01f800000000000000aa01f80000
02:28:13.410 [DEBUG] [serial] RX 103 bytes: 0000000000aa01f800000000000000aa01f800000000000000aa01f800000000000000aa01f800000000000000aa01f800000000000000aa01f800000000000000aa01f800000000000000aa01f800000000000000aa01f800000000000000aa01f80000000000
02:28:13.520 [DEBUG] [serial] RX 104 bytes: 0000aa01f800000000000000aa01f800000000000000aa01f800000000000000aa01f800000000000000aa01f800000000000000aa01f800000000000000aa01f800000000000000aa01f800000000000000aa01f800000000000000aa01f800000000000000aa01
02:28:13.630 [DEBUG] [serial] RX 104 bytes: f800000000000000aa01f800000000000000aa01f800000000000000aa01f800000000000000aa01f800000000000000aa01f800000000000000aa01f800000000000000aa01f800000000000000aa01f800000000000000aa01f800000000000000aa01f8000000
02:28:13.738 [DEBUG] [serial] RX 104 bytes: 00000000aa01f800000000000000aa01f800000000000000aa01f800000000000000aa01f800000000000000aa01f800000000000000aa01f800000000000000aa01f800000000000000aa01f800000000000000aa01f800000000000000aa01f800000000000000
02:28:13.847 [DEBUG] [serial] RX 103 bytes: aa01f800000000000000aa01f800000000000000aa01f800000000000000aa01f800000000000000aa01f800000000000000aa01f800000000000000aa01f800000000000000aa01f800000000000000aa01f800000000000000aa01f800000000000000aa01f8
02:28:13.956 [DEBUG] [serial] RX 104 bytes: 00000000000000aa01f800000000000000aa01f800000000000000aa01f800000000000000aa01f800000000000000aa01f800000000000000aa01f800000000000000aa01f800000000000000aa01f800000000000000aa01f800000000000000aa01f800000000
02:28:14.064 [DEBUG] [serial] RX 103 bytes: 000000aa01f800000000000000aa01f800000000000000aa01f800000000000000aa01f800000000000000aa01f800000000000000aa01f800000000000000aa01f800000000000000aa01f800000000000000aa01f800000000000000aa01f800000000000000
02:28:14.174 [DEBUG] [serial] RX 104 bytes: aa01f800000000000000aa01f800000000000000aa01f800000000000000aa01f800000000000000aa01f800000000000000aa01f800000000000000aa01f800000000000000aa01f800000000000000aa01f800000000000000aa01f800000000000000aa01f800
02:28:14.283 [DEBUG] [serial] RX 105 bytes: 000000000000aa01f800000000000000aa01f800000000000000aa01f800000000000000aa01f800000000000000aa01f800000000000000aa01f800000000000000aa01f800000000000000aa01f800000000000000aa01f800000000000000aa01f8000000000000
02:28:14.393 [DEBUG] [serial] RX 104 bytes: 00aa01f800000000000000aa01f800000000000000aa01f800000000000000aa01f800000000000000aa01f800000000000000aa01f800000000000000aa01f800000000000000aa01f800000000000000aa01f800000000000000aa01f800000000000000aa01f8
02:28:14.502 [DEBUG] [serial] RX 103 bytes: 00000000000000aa01f800000000000000aa01f800000000000000aa01f800000000000000aa01f800000000000000aa01f800000000000000aa01f800000000000000aa01f800000000000000aa01f800000000000000aa01f800000000000000aa01f8000000
02:28:14.610 [DEBUG] [serial] RX 103 bytes: 00000000aa01f800000000000000aa01f800000000000000aa01f800000000000000aa01f800000000000000aa01f800000000000000aa01f800000000000000aa01f800000000000000aa01f800000000000000aa01f800000000000000aa01f8000000000000
02:28:14.719 [DEBUG] [serial] RX 104 bytes: 00aa01f800000000000000aa01f800000000000000aa01f800000000000000aa01f800000000000000aa01f800000000000000aa01f800000000000000aa01f800000000000000aa01f800000000000000aa01f800000000000000aa01f800000000000000aa01f8
02:28:14.829 [DEBUG] [serial] RX 105 bytes: 00000000000000aa01f800000000000000aa01f800000000000000aa01f800000000000000aa01f800000000000000aa01f800000000000000aa01f800000000000000aa01f800000000000000aa01f800000000000000aa01f800000000000000aa01f80000000000
02:28:14.938 [DEBUG] [serial] RX 103 bytes: 0000aa01f800000000000000aa01f800000000000000aa01f800000000000000aa01f800000000000000aa01f800000000000000aa01f800000000000000aa01f800000000000000aa01f800000000000000aa01f800000000000000aa01f800000000000000aa
02:28:15.048 [DEBUG] [serial] RX 105 bytes: 01f800000000000000aa01f800000000000000aa01f800000000000000aa01f800000000000000aa01f800000000000000aa01f800000000000000aa01f800000000000000aa01f800000000000000aa01f800000000000000aa01f800000000000000aa01f8000000
02:28:15.156 [DEBUG] [serial] RX 103 bytes: 00000000aa01f800000000000000aa01f800000000000000aa01f800000000000000aa01f800000000000000aa01f800000000000000aa01f800000000000000aa01f800000000000000aa01f800000000000000aa01f800000000000000aa01f8000000000000
02:28:15.265 [DEBUG] [serial] RX 103 bytes: 00aa01f800000000000000aa01f800000000000000aa01f800000000000000aa01f800000000000000aa01f800000000000000aa01f800000000000000aa01f800000000000000aa01f800000000000000aa01f800000000000000aa01f800000000000000aa01
02:28:15.374 [DEBUG] [serial] RX 104 bytes: f800000000000000aa01f800000000000000aa01f800000000000000aa01f800000000000000aa01f800000000000000aa01f800000000000000aa01f800000000000000aa01f800000000000000aa01f800000000000000aa01f800000000000000aa01f8000000
02:28:15.482 [DEBUG] [serial] RX 103 bytes: 00000000aa01f800000000000000aa01f800000000000000aa01f800000000000000aa01f800000000000000aa01f800000000000000aa01f800000000000000aa01f800000000000000aa01f800000000000000aa01f800000000000000aa01f8000000000000
02:28:15.591 [DEBUG] [serial] RX 104 bytes: 00aa01f800000000000000aa01f800000000000000aa01f800000000000000aa01f800000000000000aa01f800000000000000aa01f800000000000000aa01f800000000000000aa01f800000000000000aa01f800000000000000aa01f800000000000000aa01f8
02:28:15.700 [DEBUG] [serial] RX 104 bytes: 00000000000000aa01f800000000000000aa01f800000000000000aa01f800000000000000aa01f800000000000000aa01f800000000000000aa01f800000000000000aa01f800000000000000aa01f800000000000000aa01f800000000000000aa01f800000000
02:28:15.812 [DEBUG] [serial] RX 107 bytes: 000000aa01f800000000000000aa01f800000000000000aa01f800000000000000aa01f800000000000000aa01f800000000000000aa01f800000000000000aa01f800000000000000aa01f800000000000000aa01f800000000000000aa01f800000000000000aa01f800
02:28:15.921 [DEBUG] [serial] RX 103 bytes: 000000000000aa01f800000000000000aa01f800000000000000aa01f800000000000000aa01f800000000000000aa01f800000000000000aa01f800000000000000aa01f800000000000000aa01f800000000000000aa01f800000000000000aa01f800000000
02:28:16.030 [DEBUG] [serial] RX 104 bytes: 000000aa01f800000000000000aa01f800000000000000aa01f800000000000000aa01f800000000000000aa01f800000000000000aa01f800000000000000aa01f800000000000000aa01f800000000000000aa01f800000000000000aa01f800000000000000aa
02:28:16.140 [DEBUG] [serial] RX 105 bytes: 01f800000000000000aa01f800000000000000aa01f800000000000000aa01f800000000000000aa01f800000000000000aa01f800000000000000aa01f800000000000000aa01f800000000000000aa01f800000000000000aa01f800000000000000aa01f8000000
02:28:16.248 [DEBUG] [serial] RX 102 bytes: 00000000aa01f800000000000000aa01f800000000000000aa01f800000000000000aa01f800000000000000aa01f800000000000000aa01f800000000000000aa01f800000000000000aa01f800000000000000aa01f800000000000000aa01f80000000000
02:28:16.357 [DEBUG] [serial] RX 103 bytes: 0000aa01f800000000000000aa01f800000000000000aa01f800000000000000aa01f800000000000000aa01f800000000000000aa01f800000000000000aa01f800000000000000aa01f800000000000000aa01f800000000000000aa01f800000000000000aa
02:28:16.465 [DEBUG] [serial] RX 103 bytes: 01f800000000000000aa01f800000000000000aa01f800000000000000aa01f800000000000000aa01f800000000000000aa01f800000000000000aa01f800000000000000aa01f800000000000000aa01f800000000000000aa01f800000000000000aa01f800
02:28:16.575 [DEBUG] [serial] RX 105 bytes: 000000000000aa01f800000000000000aa01f800000000000000aa01f800000000000000aa01f800000000000000aa01f800000000000000aa01f800000000000000aa01f800000000000000aa01f800000000000000aa01f800000000000000aa01f8000000000000
02:28:16.684 [DEBUG] [serial] RX 104 bytes: 00aa01f800000000000000aa01f800000000000000aa01f800000000000000aa01f800000000000000aa01f800000000000000aa01f800000000000000aa01f800000000000000aa01f800000000000000aa01f800000000000000aa01f800000000000000aa01f8
02:28:16.791 [DEBUG] [serial] RX 102 bytes: 00000000000000aa01f800000000000000aa01f800000000000000aa01f800000000000000aa01f800000000000000aa01f800000000000000aa01f800000000000000aa01f800000000000000aa01f800000000000000aa01f800000000000000aa01f80000
02:28:16.901 [DEBUG] [serial] RX 104 bytes: 0000000000aa01f800000000000000aa01f800000000000000aa01f800000000000000aa01f800000000000000aa01f800000000000000aa01f800000000000000aa01f800000000000000aa01f800000000000000aa01f800000000000000aa01f8000000000000
02:28:17.012 [DEBUG] [serial] RX 106 bytes: 00aa01f800000000000000aa01f800000000000000aa01f800000000000000aa01f800000000000000aa01f800000000000000aa01f800000000000000aa01f800000000000000aa01f800000000000000aa01f800000000000000aa01f800000000000000aa01f80000
02:28:17.012 [INFO] [serial] Stats: 5489 pkts, 54901 bytes rx
02:28:17.121 [DEBUG] [serial] RX 104 bytes: 0000000000aa01f800000000000000aa01f800000000000000aa01f800000000000000aa01f800000000000000aa01f800000000000000aa01f800000000000000aa01f800000000000000aa01f800000000000000aa01f800000000000000aa01f8000000000000
02:28:17.229 [DEBUG] [serial] RX 103 bytes: 00aa01f800000000000000aa01f800000000000000aa01f800000000000000aa01f800000000000000aa01f800000000000000aa01f800000000000000aa01f800000000000000aa01f800000000000000aa01f800000000000000aa01f800000000000000aa01
02:28:17.230 [DEBUG] [serial] PKT #5500: flags=0x01 in=-2048 ds=0 flt=0
02:28:17.339 [DEBUG] [serial] RX 105 bytes: f800000000000000aa01f800000000000000aa01f800000000000000aa01f800000000000000aa01f800000000000000aa01f800000000000000aa01f800000000000000aa01f800000000000000aa01f800000000000000aa01f800000000000000aa01f800000000
02:28:17.448 [DEBUG] [serial] RX 103 bytes: 000000aa01f800000000000000aa01f800000000000000aa01f800000000000000aa01f800000000000000aa01f800000000000000aa01f800000000000000aa01f800000000000000aa01f800000000000000aa01f800000000000000aa01f800000000000000
02:28:17.556 [DEBUG] [serial] RX 103 bytes: aa01f800000000000000aa01f800000000000000aa01f800000000000000aa01f800000000000000aa01f800000000000000aa01f800000000000000aa01f800000000000000aa01f800000000000000aa01f800000000000000aa01f800000000000000aa01f8
02:28:17.666 [DEBUG] [serial] RX 104 bytes: 00000000000000aa01f800000000000000aa01f800000000000000aa01f800000000000000aa01f800000000000000aa01f800000000000000aa01f800000000000000aa01f800000000000000aa01f800000000000000aa01f800000000000000aa01f800000000
02:28:17.773 [DEBUG] [serial] RX 103 bytes: 000000aa01f800000000000000aa01f800000000000000aa01f800000000000000aa01f800000000000000aa01f800000000000000aa01f800000000000000aa01f800000000000000aa01f800000000000000aa01f800000000000000aa01f800000000000000
02:28:17.883 [DEBUG] [serial] RX 104 bytes: aa01f800000000000000aa01f800000000000000aa01f800000000000000aa01f800000000000000aa01f800000000000000aa01f800000000000000aa01f800000000000000aa01f800000000000000aa01f800000000000000aa01f800000000000000aa01f800
02:28:17.992 [DEBUG] [serial] RX 104 bytes: 000000000000aa01f800000000000000aa01f800000000000000aa01f800000000000000aa01f800000000000000aa01f800000000000000aa01f800000000000000aa01f800000000000000aa01f800000000000000aa01f800000000000000aa01f80000000000
02:28:18.101 [DEBUG] [serial] RX 104 bytes: 0000aa01f800000000000000aa01f800000000000000aa01f800000000000000aa01f800000000000000aa01f800000000000000aa01f800000000000000aa01f800000000000000aa01f800000000000000aa01f800000000000000aa01f800000000000000aa01
02:28:18.211 [DEBUG] [serial] RX 104 bytes: f800000000000000aa01f800000000000000aa01f800000000000000aa01f800000000000000aa01f800000000000000aa01f800000000000000aa01f800000000000000aa01f800000000000000aa01f800000000000000aa01f800000000000000aa01f8000000
02:28:18.319 [DEBUG] [serial] RX 103 bytes: 00000000aa01f800000000000000aa01f800000000000000aa01f800000000000000aa01f800000000000000aa01f800000000000000aa01f800000000000000aa01f800000000000000aa01f800000000000000aa01f800000000000000aa01f8000000000000
02:28:18.429 [DEBUG] [serial] RX 105 bytes: 00aa01f800000000000000aa01f800000000000000aa01f800000000000000aa01f800000000000000aa01f800000000000000aa01f800000000000000aa01f800000000000000aa01f800000000000000aa01f800000000000000aa01f800000000000000aa01f800
02:28:18.538 [DEBUG] [serial] RX 104 bytes: 000000000000aa01f800000000000000aa01f800000000000000aa01f800000000000000aa01f800000000000000aa01f800000000000000aa01f800000000000000aa01f800000000000000aa01f800000000000000aa01f800000000000000aa01f80000000000
02:28:18.647 [DEBUG] [serial] RX 103 bytes: 0000aa01f800000000000000aa01f800000000000000aa01f800000000000000aa01f800000000000000aa01f800000000000000aa01f800000000000000aa01f800000000000000aa01f800000000000000aa01f800000000000000aa01f800000000000000aa
02:28:18.756 [DEBUG] [serial] RX 104 bytes: 01f800000000000000aa01f800000000000000aa01f800000000000000aa01f800000000000000aa01f800000000000000aa01f800000000000000aa01f800000000000000aa01f800000000000000aa01f800000000000000aa01f800000000000000aa01f80000
02:28:18.865 [DEBUG] [serial] RX 104 bytes: 0000000000aa01f800000000000000aa01f800000000000000aa01f800000000000000aa01f800000000000000aa01f800000000000000aa01f800000000000000aa01f800000000000000aa01f800000000000000aa01f800000000000000aa01f8000000000000
02:28:18.975 [DEBUG] [serial] RX 104 bytes: 00aa01f800000000000000aa01f800000000000000aa01f800000000000000aa01f800000000000000aa01f800000000000000aa01f800000000000000aa01f800000000000000aa01f800000000000000aa01f800000000000000aa01f800000000000000aa01f8
02:28:19.083 [DEBUG] [serial] RX 103 bytes: 00000000000000aa01f800000000000000aa01f800000000000000aa01f800000000000000aa01f800000000000000aa01f800000000000000aa01f800000000000000aa01f800000000000000aa01f800000000000000aa01f800000000000000aa01f8000000
02:28:19.191 [DEBUG] [serial] RX 102 bytes: 00000000aa01f800000000000000aa01f800000000000000aa01f800000000000000aa01f800000000000000aa01f800000000000000aa01f800000000000000aa01f800000000000000aa01f800000000000000aa01f800000000000000aa01f80000000000
02:28:19.299 [DEBUG] [serial] RX 104 bytes: 0000aa01f800000000000000aa01f800000000000000aa01f800000000000000aa01f800000000000000aa01f800000000000000aa01f800000000000000aa01f800000000000000aa01f800000000000000aa01f800000000000000aa01f800000000000000aa01
02:28:19.407 [DEBUG] [serial] RX 103 bytes: f800000000000000aa01f800000000000000aa01f800000000000000aa01f800000000000000aa01f800000000000000aa01f800000000000000aa01f800000000000000aa01f800000000000000aa01f800000000000000aa01f800000000000000aa01f80000
02:28:19.517 [DEBUG] [serial] RX 104 bytes: 0000000000aa01f800000000000000aa01f800000000000000aa01f800000000000000aa01f800000000000000aa01f800000000000000aa01f800000000000000aa01f800000000000000aa01f800000000000000aa01f800000000000000aa01f8000000000000
02:28:19.626 [DEBUG] [serial] RX 104 bytes: 00aa01f800000000000000aa01f800000000000000aa01f800000000000000aa01f800000000000000aa01f800000000000000aa01f800000000000000aa01f800000000000000aa01f800000000000000aa01f800000000000000aa01f800000000000000aa01f8
02:28:19.736 [DEBUG] [serial] RX 104 bytes: 00000000000000aa01f800000000000000aa01f800000000000000aa01f800000000000000aa01f800000000000000aa01f800000000000000aa01f800000000000000aa01f800000000000000aa01f800000000000000aa01f800000000000000aa01f800000000
02:28:19.845 [DEBUG] [serial] RX 104 bytes: 000000aa01f800000000000000aa01f800000000000000aa01f800000000000000aa01f800000000000000aa01f800000000000000aa01f800000000000000aa01f800000000000000aa01f800000000000000aa01f800000000000000aa01f800000000000000aa
02:28:19.956 [DEBUG] [serial] RX 105 bytes: 01f800000000000000aa01f800000000000000aa01f800000000000000aa01f800000000000000aa01f800000000000000aa01f800000000000000aa01f800000000000000aa01f800000000000000aa01f800000000000000aa01f800000000000000aa01f8000000
02:28:20.065 [DEBUG] [serial] RX 104 bytes: 00000000aa01f800000000000000aa01f800000000000000aa01f800000000000000aa01f800000000000000aa01f800000000000000aa01f800000000000000aa01f800000000000000aa01f800000000000000aa01f800000000000000aa01f800000000000000
02:28:20.175 [DEBUG] [serial] RX 105 bytes: aa01f800000000000000aa01f800000000000000aa01f800000000000000aa01f800000000000000aa01f800000000000000aa01f800000000000000aa01f800000000000000aa01f800000000000000aa01f800000000000000aa01f800000000000000aa01f80000
02:28:20.283 [DEBUG] [serial] RX 103 bytes: 0000000000aa01f800000000000000aa01f800000000000000aa01f800000000000000aa01f800000000000000aa01f800000000000000aa01f800000000000000aa01f800000000000000aa01f800000000000000aa01f800000000000000aa01f80000000000
02:28:20.391 [DEBUG] [serial] RX 103 bytes: 0000aa01f800000000000000aa01f800000000000000aa01f800000000000000aa01f800000000000000aa01f800000000000000aa01f800000000000000aa01f800000000000000aa01f800000000000000aa01f800000000000000aa01f800000000000000aa
02:28:20.500 [DEBUG] [serial] RX 104 bytes: 01f800000000000000aa01f800000000000000aa01f800000000000000aa01f800000000000000aa01f800000000000000aa01f800000000000000aa01f800000000000000aa01f800000000000000aa01f800000000000000aa01f800000000000000aa01f80000
02:28:20.609 [DEBUG] [serial] RX 103 bytes: 0000000000aa01f800000000000000aa01f800000000000000aa01f800000000000000aa01f800000000000000aa01f800000000000000aa01f800000000000000aa01f800000000000000aa01f800000000000000aa01f800000000000000aa01f80000000000
02:28:20.718 [DEBUG] [serial] RX 104 bytes: 0000aa01f800000000000000aa01f800000000000000aa01f800000000000000aa01f800000000000000aa01f800000000000000aa01f800000000000000aa01f800000000000000aa01f800000000000000aa01f800000000000000aa01f800000000000000aa01
02:28:20.827 [DEBUG] [serial] RX 104 bytes: f800000000000000aa01f800000000000000aa01f800000000000000aa01f800000000000000aa01f800000000000000aa01f800000000000000aa01f800000000000000aa01f800000000000000aa01f800000000000000aa01f800000000000000aa01f8000000
02:28:20.938 [DEBUG] [serial] RX 106 bytes: 00000000aa01f800000000000000aa01f800000000000000aa01f800000000000000aa01f800000000000000aa01f800000000000000aa01f800000000000000aa01f800000000000000aa01f800000000000000aa01f800000000000000aa01f800000000000000aa01
02:28:21.046 [DEBUG] [serial] RX 102 bytes: f800000000000000aa01f800000000000000aa01f800000000000000aa01f800000000000000aa01f800000000000000aa01f800000000000000aa01f800000000000000aa01f800000000000000aa01f800000000000000aa01f800000000000000aa01f800
02:28:21.155 [DEBUG] [serial] RX 103 bytes: 000000000000aa01f800000000000000aa01f800000000000000aa01f800000000000000aa01f800000000000000aa01f800000000000000aa01f800000000000000aa01f800000000000000aa01f800000000000000aa01f800000000000000aa01f800000000
02:28:21.264 [DEBUG] [serial] RX 104 bytes: 000000aa01f800000000000000aa01f800000000000000aa01f800000000000000aa01f800000000000000aa01f800000000000000aa01f800000000000000aa01f800000000000000aa01f800000000000000aa01f800000000000000aa01f800000000000000aa
02:28:21.372 [DEBUG] [serial] RX 103 bytes: 01f800000000000000aa01f800000000000000aa01f800000000000000aa01f800000000000000aa01f800000000000000aa01f800000000000000aa01f800000000000000aa01f800000000000000aa01f800000000000000aa01f800000000000000aa01f800
02:28:21.478 [DEBUG] [serial] RX 101 bytes: 000000000000aa01f800000000000000aa01f800000000000000aa01f800000000000000aa01f800000000000000aa01f800000000000000aa01f800000000000000aa01f800000000000000aa01f800000000000000aa01f800000000000000aa01f80000
02:28:21.587 [DEBUG] [serial] RX 104 bytes: 0000000000aa01f800000000000000aa01f800000000000000aa01f800000000000000aa01f800000000000000aa01f800000000000000aa01f800000000000000aa01f800000000000000aa01f800000000000000aa01f800000000000000aa01f8000000000000
02:28:21.696 [DEBUG] [serial] RX 104 bytes: 00aa01f800000000000000aa01f800000000000000aa01f800000000000000aa01f800000000000000aa01f800000000000000aa01f800000000000000aa01f800000000000000aa01f800000000000000aa01f800000000000000aa01f800000000000000aa01f8
02:28:21.804 [DEBUG] [serial] RX 102 bytes: 00000000000000aa01f800000000000000aa01f800000000000000aa01f800000000000000aa01f800000000000000aa01f800000000000000aa01f800000000000000aa01f800000000000000aa01f800000000000000aa01f800000000000000aa01f80000
02:28:21.912 [DEBUG] [serial] RX 104 bytes: 0000000000aa01f800000000000000aa01f800000000000000aa01f800000000000000aa01f800000000000000aa01f800000000000000aa01f800000000000000aa01f800000000000000aa01f800000000000000aa01f800000000000000aa01f8000000000000
02:28:22.021 [DEBUG] [serial] RX 103 bytes: 00aa01f800000000000000aa01f800000000000000aa01f800000000000000aa01f800000000000000aa01f800000000000000aa01f800000000000000aa01f800000000000000aa01f800000000000000aa01f800000000000000aa01f800000000000000aa01
02:28:22.022 [INFO] [serial] Stats: 5966 pkts, 59668 bytes rx
02:28:22.130 [DEBUG] [serial] RX 103 bytes: f800000000000000aa01f800000000000000aa01f800000000000000aa01f800000000000000aa01f800000000000000aa01f800000000000000aa01f800000000000000aa01f800000000000000aa01f800000000000000aa01f800000000000000aa01f80000
02:28:22.238 [DEBUG] [serial] RX 104 bytes: 0000000000aa01f800000000000000aa01f800000000000000aa01f800000000000000aa01f800000000000000aa01f800000000000000aa01f800000000000000aa01f800000000000000aa01f800000000000000aa01f800000000000000aa01f8000000000000
02:28:22.347 [DEBUG] [serial] RX 103 bytes: 00aa01f800000000000000aa01f800000000000000aa01f800000000000000aa01f800000000000000aa01f800000000000000aa01f800000000000000aa01f800000000000000aa01f800000000000000aa01f800000000000000aa01f800000000000000aa01
02:28:22.456 [DEBUG] [serial] RX 104 bytes: f800000000000000aa01f800000000000000aa01f800000000000000aa01f800000000000000aa01f800000000000000aa01f800000000000000aa01f800000000000000aa01f800000000000000aa01f800000000000000aa01f800000000000000aa01f8000000
02:28:22.456 [DEBUG] [serial] PKT #6000: flags=0x01 in=-2048 ds=0 flt=0
02:28:22.566 [DEBUG] [serial] RX 104 bytes: 00000000aa01f800000000000000aa01f800000000000000aa01f800000000000000aa01f800000000000000aa01f800000000000000aa01f800000000000000aa01f800000000000000aa01f800000000000000aa01f800000000000000aa01f800000000000000
02:28:22.675 [DEBUG] [serial] RX 104 bytes: aa01f800000000000000aa01f800000000000000aa01f800000000000000aa01f800000000000000aa01f800000000000000aa01f800000000000000aa01f800000000000000aa01f800000000000000aa01f800000000000000aa01f800000000000000aa01f800
02:28:22.783 [DEBUG] [serial] RX 103 bytes: 000000000000aa01f800000000000000aa01f800000000000000aa01f800000000000000aa01f800000000000000aa01f800000000000000aa01f800000000000000aa01f800000000000000aa01f800000000000000aa01f800000000000000aa01f800000000
02:28:22.891 [DEBUG] [serial] RX 103 bytes: 000000aa01f800000000000000aa01f800000000000000aa01f800000000000000aa01f800000000000000aa01f800000000000000aa01f800000000000000aa01f800000000000000aa01f800000000000000aa01f800000000000000aa01f800000000000000
02:28:23.000 [DEBUG] [serial] RX 104 bytes: aa01f800000000000000aa01f800000000000000aa01f800000000000000aa01f800000000000000aa01f800000000000000aa01f800000000000000aa01f800000000000000aa01f800000000000000aa01f800000000000000aa01f800000000000000aa01f800
02:28:23.109 [DEBUG] [serial] RX 103 bytes: 000000000000aa01f800000000000000aa01f800000000000000aa01f800000000000000aa01f800000000000000aa01f800000000000000aa01f800000000000000aa01f800000000000000aa01f800000000000000aa01f800000000000000aa01f800000000
02:28:23.218 [DEBUG] [serial] RX 104 bytes: 000000aa01f800000000000000aa01f800000000000000aa01f800000000000000aa01f800000000000000aa01f800000000000000aa01f800000000000000aa01f800000000000000aa01f800000000000000aa01f800000000000000aa01f800000000000000aa
02:28:23.327 [DEBUG] [serial] RX 104 bytes: 01f800000000000000aa01f800000000000000aa01f800000000000000aa01f800000000000000aa01f800000000000000aa01f800000000000000aa01f800000000000000aa01f800000000000000aa01f800000000000000aa01f800000000000000aa01f80000
02:28:23.437 [DEBUG] [serial] RX 104 bytes: 0000000000aa01f800000000000000aa01f800000000000000aa01f800000000000000aa01f800000000000000aa01f800000000000000aa01f800000000000000aa01f800000000000000aa01f800000000000000aa01f800000000000000aa01f8000000000000
02:28:23.544 [DEBUG] [serial] RX 103 bytes: 00aa01f800000000000000aa01f800000000000000aa01f800000000000000aa01f800000000000000aa01f800000000000000aa01f800000000000000aa01f800000000000000aa01f800000000000000aa01f800000000000000aa01f800000000000000aa01
02:28:23.654 [DEBUG] [serial] RX 104 bytes: f800000000000000aa01f800000000000000aa01f800000000000000aa01f800000000000000aa01f800000000000000aa01f800000000000000aa01f800000000000000aa01f800000000000000aa01f800000000000000aa01f800000000000000aa01f8000000
02:28:23.762 [DEBUG] [serial] RX 103 bytes: 00000000aa01f800000000000000aa01f800000000000000aa01f800000000000000aa01f800000000000000aa01f800000000000000aa01f800000000000000aa01f800000000000000aa01f800000000000000aa01f800000000000000aa01f8000000000000
02:28:23.871 [DEBUG] [serial] RX 103 bytes: 00aa01f800000000000000aa01f800000000000000aa01f800000000000000aa01f800000000000000aa01f800000000000000aa01f800000000000000aa01f800000000000000aa01f800000000000000aa01f800000000000000aa01f800000000000000aa01
02:28:23.979 [DEBUG] [serial] RX 103 bytes: f800000000000000aa01f800000000000000aa01f800000000000000aa01f800000000000000aa01f800000000000000aa01f800000000000000aa01f800000000000000aa01f800000000000000aa01f800000000000000aa01f800000000000000aa01f80000
02:28:24.088 [DEBUG] [serial] RX 104 bytes: 0000000000aa01f800000000000000aa01f800000000000000aa01f800000000000000aa01f800000000000000aa01f800000000000000aa01f800000000000000aa01f800000000000000aa01f800000000000000aa01f800000000000000aa01f8000000000000
02:28:24.197 [DEBUG] [serial] RX 104 bytes: 00aa01f800000000000000aa01f800000000000000aa01f800000000000000aa01f800000000000000aa01f800000000000000aa01f800000000000000aa01f800000000000000aa01f800000000000000aa01f800000000000000aa01f800000000000000aa01f8
02:28:24.306 [DEBUG] [serial] RX 103 bytes: 00000000000000aa01f800000000000000aa01f800000000000000aa01f800000000000000aa01f800000000000000aa01f800000000000000aa01f800000000000000aa01f800000000000000aa01f800000000000000aa01f800000000000000aa01f8000000
02:28:24.416 [DEBUG] [serial] RX 105 bytes: 00000000aa01f800000000000000aa01f800000000000000aa01f800000000000000aa01f800000000000000aa01f800000000000000aa01f800000000000000aa01f800000000000000aa01f800000000000000aa01f800000000000000aa01f800000000000000aa
02:28:24.526 [DEBUG] [serial] RX 104 bytes: 01f800000000000000aa01f800000000000000aa01f800000000000000aa01f800000000000000aa01f800000000000000aa01f800000000000000aa01f800000000000000aa01f800000000000000aa01f800000000000000aa01f800000000000000aa01f80000
02:28:24.635 [DEBUG] [serial] RX 104 bytes: 0000000000aa01f800000000000000aa01f800000000000000aa01f800000000000000aa01f800000000000000aa01f800000000000000aa01f800000000000000aa01f800000000000000aa01f800000000000000aa01f800000000000000aa01f8000000000000
02:28:24.744 [DEBUG] [serial] RX 104 bytes: 00aa01f800000000000000aa01f800000000000000aa01f800000000000000aa01f800000000000000aa01f800000000000000aa01f800000000000000aa01f800000000000000aa01f800000000000000aa01f800000000000000aa01f800000000000000aa01f8
02:28:24.852 [DEBUG] [serial] RX 102 bytes: 00000000000000aa01f800000000000000aa01f800000000000000aa01f800000000000000aa01f800000000000000aa01f800000000000000aa01f800000000000000aa01f800000000000000aa01f800000000000000aa01f800000000000000aa01f80000
02:28:24.960 [DEBUG] [serial] RX 104 bytes: 0000000000aa01f800000000000000aa01f800000000000000aa01f800000000000000aa01f800000000000000aa01f800000000000000aa01f800000000000000aa01f800000000000000aa01f800000000000000aa01f800000000000000aa01f8000000000000
02:28:25.070 [DEBUG] [serial] RX 105 bytes: 00aa01f800000000000000aa01f800000000000000aa01f800000000000000aa01f800000000000000aa01f800000000000000aa01f800000000000000aa01f800000000000000aa01f800000000000000aa01f800000000000000aa01f800000000000000aa01f800
02:28:25.179 [DEBUG] [serial] RX 103 bytes: 000000000000aa01f800000000000000aa01f800000000000000aa01f800000000000000aa01f800000000000000aa01f800000000000000aa01f800000000000000aa01f800000000000000aa01f800000000000000aa01f800000000000000aa01f800000000
02:28:25.287 [DEBUG] [serial] RX 102 bytes: 000000aa01f800000000000000aa01f800000000000000aa01f800000000000000aa01f800000000000000aa01f800000000000000aa01f800000000000000aa01f800000000000000aa01f800000000000000aa01f800000000000000aa01f8000000000000
02:28:25.396 [DEBUG] [serial] RX 104 bytes: 00aa01f800000000000000aa01f800000000000000aa01f800000000000000aa01f800000000000000aa01f800000000000000aa01f800000000000000aa01f800000000000000aa01f800000000000000aa01f800000000000000aa01f800000000000000aa01f8
02:28:25.504 [DEBUG] [serial] RX 104 bytes: 00000000000000aa01f800000000000000aa01f800000000000000aa01f800000000000000aa01f800000000000000aa01f800000000000000aa01f800000000000000aa01f800000000000000aa01f800000000000000aa01f800000000000000aa01f800000000
02:28:25.614 [DEBUG] [serial] RX 104 bytes: 000000aa01f800000000000000aa01f800000000000000aa01f800000000000000aa01f800000000000000aa01f800000000000000aa01f800000000000000aa01f800000000000000aa01f800000000000000aa01f800000000000000aa01f800000000000000aa
02:28:25.722 [DEBUG] [serial] RX 102 bytes: 01f800000000000000aa01f800000000000000aa01f800000000000000aa01f800000000000000aa01f800000000000000aa01f800000000000000aa01f800000000000000aa01f800000000000000aa01f800000000000000aa01f800000000000000aa01f8
02:28:25.830 [DEBUG] [serial] RX 103 bytes: 00000000000000aa01f800000000000000aa01f800000000000000aa01f800000000000000aa01f800000000000000aa01f800000000000000aa01f800000000000000aa01f800000000000000aa01f800000000000000aa01f800000000000000aa01f8000000
02:28:25.940 [DEBUG] [serial] RX 106 bytes: 00000000aa01f800000000000000aa01f800000000000000aa01f800000000000000aa01f800000000000000aa01f800000000000000aa01f800000000000000aa01f800000000000000aa01f800000000000000aa01f800000000000000aa01f800000000000000aa01
02:28:26.049 [DEBUG] [serial] RX 103 bytes: f800000000000000aa01f800000000000000aa01f800000000000000aa01f800000000000000aa01f800000000000000aa01f800000000000000aa01f800000000000000aa01f800000000000000aa01f800000000000000aa01f800000000000000aa01f80000
02:28:26.158 [DEBUG] [serial] RX 104 bytes: 0000000000aa01f800000000000000aa01f800000000000000aa01f800000000000000aa01f800000000000000aa01f800000000000000aa01f800000000000000aa01f800000000000000aa01f800000000000000aa01f800000000000000aa01f8000000000000
02:28:26.268 [DEBUG] [serial] RX 104 bytes: 00aa01f800000000000000aa01f800000000000000aa01f800000000000000aa01f800000000000000aa01f800000000000000aa01f800000000000000aa01f800000000000000aa01f800000000000000aa01f800000000000000aa01f800000000000000aa01f8
02:28:26.377 [DEBUG] [serial] RX 104 bytes: 00000000000000aa01f800000000000000aa01f800000000000000aa01f800000000000000aa01f800000000000000aa01f800000000000000aa01f800000000000000aa01f800000000000000aa01f800000000000000aa01f800000000000000aa01f800000000
02:28:26.486 [DEBUG] [serial] RX 104 bytes: 000000aa01f800000000000000aa01f800000000000000aa01f800000000000000aa01f800000000000000aa01f800000000000000aa01f800000000000000aa01f800000000000000aa01f800000000000000aa01f800000000000000aa01f800000000000000aa
02:28:26.595 [DEBUG] [serial] RX 103 bytes: 01f800000000000000aa01f800000000000000aa01f800000000000000aa01f800000000000000aa01f800000000000000aa01f800000000000000aa01f800000000000000aa01f800000000000000aa01f800000000000000aa01f800000000000000aa01f800
02:28:26.704 [DEBUG] [serial] RX 104 bytes: 000000000000aa01f800000000000000aa01f800000000000000aa01f800000000000000aa01f800000000000000aa01f800000000000000aa01f800000000000000aa01f800000000000000aa01f800000000000000aa01f800000000000000aa01f80000000000
02:28:26.812 [DEBUG] [serial] RX 103 bytes: 0000aa01f800000000000000aa01f800000000000000aa01f800000000000000aa01f800000000000000aa01f800000000000000aa01f800000000000000aa01f800000000000000aa01f800000000000000aa01f800000000000000aa01f800000000000000aa
02:28:26.921 [DEBUG] [serial] RX 104 bytes: 01f800000000000000aa01f800000000000000aa01f800000000000000aa01f800000000000000aa01f800000000000000aa01f800000000000000aa01f800000000000000aa01f800000000000000aa01f800000000000000aa01f800000000000000aa01f80000
02:28:27.029 [DEBUG] [serial] RX 103 bytes: 0000000000aa01f800000000000000aa01f800000000000000aa01f800000000000000aa01f800000000000000aa01f800000000000000aa01f800000000000000aa01f800000000000000aa01f800000000000000aa01f800000000000000aa01f80000000000
02:28:27.030 [INFO] [serial] Stats: 6442 pkts, 64434 bytes rx
02:28:27.138 [DEBUG] [serial] RX 104 bytes: 0000aa01f800000000000000aa01f800000000000000aa01f800000000000000aa01f800000000000000aa01f800000000000000aa01f800000000000000aa01f800000000000000aa01f800000000000000aa01f800000000000000aa01f800000000000000aa01
02:28:27.247 [DEBUG] [serial] RX 103 bytes: f800000000000000aa01f800000000000000aa01f800000000000000aa01f800000000000000aa01f800000000000000aa01f800000000000000aa01f800000000000000aa01f800000000000000aa01f800000000000000aa01f800000000000000aa01f80000
02:28:27.356 [DEBUG] [serial] RX 103 bytes: 0000000000aa01f800000000000000aa01f800000000000000aa01f800000000000000aa01f800000000000000aa01f800000000000000aa01f800000000000000aa01f800000000000000aa01f800000000000000aa01f800000000000000aa01f80000000000
02:28:27.464 [DEBUG] [serial] RX 104 bytes: 0000aa01f800000000000000aa01f800000000000000aa01f800000000000000aa01f800000000000000aa01f800000000000000aa01f800000000000000aa01f800000000000000aa01f800000000000000aa01f800000000000000aa01f800000000000000aa01
02:28:27.574 [DEBUG] [serial] RX 104 bytes: f800000000000000aa01f800000000000000aa01f800000000000000aa01f800000000000000aa01f800000000000000aa01f800000000000000aa01f800000000000000aa01f800000000000000aa01f800000000000000aa01f800000000000000aa01f8000000
02:28:27.684 [DEBUG] [serial] RX 104 bytes: 00000000aa01f800000000000000aa01f800000000000000aa01f800000000000000aa01f800000000000000aa01f800000000000000aa01f800000000000000aa01f800000000000000aa01f800000000000000aa01f800000000000000aa01f800000000000000
02:28:27.684 [DEBUG] [serial] PKT #6500: flags=0x01 in=-2048 ds=0 flt=0
02:28:27.793 [DEBUG] [serial] RX 105 bytes: aa01f800000000000000aa01f800000000000000aa01f800000000000000aa01f800000000000000aa01f800000000000000aa01f800000000000000aa01f800000000000000aa01f800000000000000aa01f800000000000000aa01f800000000000000aa01f80000
02:28:27.904 [DEBUG] [serial] RX 105 bytes: 0000000000aa01f800000000000000aa01f800000000000000aa01f800000000000000aa01f800000000000000aa01f800000000000000aa01f800000000000000aa01f800000000000000aa01f800000000000000aa01f800000000000000aa01f800000000000000
02:28:28.013 [DEBUG] [serial] RX 104 bytes: aa01f800000000000000aa01f800000000000000aa01f800000000000000aa01f800000000000000aa01f800000000000000aa01f800000000000000aa01f800000000000000aa01f800000000000000aa01f800000000000000aa01f800000000000000aa01f800
02:28:28.122 [DEBUG] [serial] RX 104 bytes: 000000000000aa01f800000000000000aa01f800000000000000aa01f800000000000000aa01f800000000000000aa01f800000000000000aa01f800000000000000aa01f800000000000000aa01f800000000000000aa01f800000000000000aa01f80000000000
02:28:28.232 [DEBUG] [serial] RX 104 bytes: 0000aa01f800000000000000aa01f800000000000000aa01f800000000000000aa01f800000000000000aa01f800000000000000aa01f800000000000000aa01f800000000000000aa01f800000000000000aa01f800000000000000aa01f800000000000000aa01
02:28:28.339 [DEBUG] [serial] RX 102 bytes: f800000000000000aa01f800000000000000aa01f800000000000000aa01f800000000000000aa01f800000000000000aa01f800000000000000aa01f800000000000000aa01f800000000000000aa01f800000000000000aa01f800000000000000aa01f800
02:28:28.449 [DEBUG] [serial] RX 104 bytes: 000000000000aa01f800000000000000aa01f800000000000000aa01f800000000000000aa01f800000000000000aa01f800000000000000aa01f800000000000000aa01f800000000000000aa01f800000000000000aa01f800000000000000aa01f80000000000
02:28:28.557 [DEBUG] [serial] RX 104 bytes: 0000aa01f800000000000000aa01f800000000000000aa01f800000000000000aa01f800000000000000aa01f800000000000000aa01f800000000000000aa01f800000000000000aa01f800000000000000aa01f800000000000000aa01f800000000000000aa01
02:28:28.666 [DEBUG] [serial] RX 103 bytes: f800000000000000aa01f800000000000000aa01f800000000000000aa01f800000000000000aa01f800000000000000aa01f800000000000000aa01f800000000000000aa01f800000000000000aa01f800000000000000aa01f800000000000000aa01f80000
02:28:28.775 [DEBUG] [serial] RX 104 bytes: 0000000000aa01f800000000000000aa01f800000000000000aa01f800000000000000aa01f800000000000000aa01f800000000000000aa01f800000000000000aa01f800000000000000aa01f800000000000000aa01f800000000000000aa01f8000000000000
02:28:28.884 [DEBUG] [serial] RX 104 bytes: 00aa01f800000000000000aa01f800000000000000aa01f800000000000000aa01f800000000000000aa01f800000000000000aa01f800000000000000aa01f800000000000000aa01f800000000000000aa01f800000000000000aa01f800000000000000aa01f8
02:28:28.994 [DEBUG] [serial] RX 104 bytes: 00000000000000aa01f800000000000000aa01f800000000000000aa01f800000000000000aa01f800000000000000aa01f800000000000000aa01f800000000000000aa01f800000000000000aa01f800000000000000aa01f800000000000000aa01f800000000
02:28:29.103 [DEBUG] [serial] RX 104 bytes: 000000aa01f800000000000000aa01f800000000000000aa01f800000000000000aa01f800000000000000aa01f800000000000000aa01f800000000000000aa01f800000000000000aa01f800000000000000aa01f800000000000000aa01f800000000000000aa
02:28:29.211 [DEBUG] [serial] RX 102 bytes: 01f800000000000000aa01f800000000000000aa01f800000000000000aa01f800000000000000aa01f800000000000000aa01f800000000000000aa01f800000000000000aa01f800000000000000aa01f800000000000000aa01f800000000000000aa01f8
02:28:29.319 [DEBUG] [serial] RX 104 bytes: 00000000000000aa01f800000000000000aa01f800000000000000aa01f800000000000000aa01f800000000000000aa01f800000000000000aa01f800000000000000aa01f800000000000000aa01f800000000000000aa01f800000000000000aa01f800000000
02:28:29.429 [DEBUG] [serial] RX 105 bytes: 000000aa01f800000000000000aa01f800000000000000aa01f800000000000000aa01f800000000000000aa01f800000000000000aa01f800000000000000aa01f800000000000000aa01f800000000000000aa01f800000000000000aa01f800000000000000aa01
02:28:29.538 [DEBUG] [serial] RX 103 bytes: f800000000000000aa01f800000000000000aa01f800000000000000aa01f800000000000000aa01f800000000000000aa01f800000000000000aa01f800000000000000aa01f800000000000000aa01f800000000000000aa01f800000000000000aa01f80000
02:28:29.646 [DEBUG] [serial] RX 103 bytes: 0000000000aa01f800000000000000aa01f800000000000000aa01f800000000000000aa01f800000000000000aa01f800000000000000aa01f800000000000000aa01f800000000000000aa01f800000000000000aa01f800000000000000aa01f80000000000
02:28:29.755 [DEBUG] [serial] RX 103 bytes: 0000aa01f800000000000000aa01f800000000000000aa01f800000000000000aa01f800000000000000aa01f800000000000000aa01f800000000000000aa01f800000000000000aa01f800000000000000aa01f800000000000000aa01f800000000000000aa
02:28:29.863 [DEBUG] [serial] RX 104 bytes: 01f800000000000000aa01f800000000000000aa01f800000000000000aa01f800000000000000aa01f800000000000000aa01f800000000000000aa01f800000000000000aa01f800000000000000aa01f800000000000000aa01f800000000000000aa01f80000
02:28:29.973 [DEBUG] [serial] RX 103 bytes: 0000000000aa01f800000000000000aa01f800000000000000aa01f800000000000000aa01f800000000000000aa01f800000000000000aa01f800000000000000aa01f800000000000000aa01f800000000000000aa01f800000000000000aa01f80000000000
02:28:30.082 [DEBUG] [serial] RX 104 bytes: 0000aa01f800000000000000aa01f800000000000000aa01f800000000000000aa01f800000000000000aa01f800000000000000aa01f800000000000000aa01f800000000000000aa01f800000000000000aa01f800000000000000aa01f800000000000000aa01
02:28:30.190 [DEBUG] [serial] RX 104 bytes: f800000000000000aa01f800000000000000aa01f800000000000000aa01f800000000000000aa01f800000000000000aa01f800000000000000aa01f800000000000000aa01f800000000000000aa01f800000000000000aa01f800000000000000aa01f8000000
02:28:30.299 [DEBUG] [serial] RX 103 bytes: 00000000aa01f800000000000000aa01f800000000000000aa01f800000000000000aa01f800000000000000aa01f800000000000000aa01f800000000000000aa01f800000000000000aa01f800000000000000aa01f800000000000000aa01f8000000000000
02:28:30.408 [DEBUG] [serial] RX 104 bytes: 00aa01f800000000000000aa01f800000000000000aa01f800000000000000aa01f800000000000000aa01f800000000000000aa01f800000000000000aa01f800000000000000aa01f800000000000000aa01f800000000000000aa01f800000000000000aa01f8
02:28:30.516 [DEBUG] [serial] RX 103 bytes: 00000000000000aa01f800000000000000aa01f800000000000000aa01f800000000000000aa01f800000000000000aa01f800000000000000aa01f800000000000000aa01f800000000000000aa01f800000000000000aa01f800000000000000aa01f8000000
02:28:30.625 [DEBUG] [serial] RX 103 bytes: 00000000aa01f800000000000000aa01f800000000000000aa01f800000000000000aa01f800000000000000aa01f800000000000000aa01f800000000000000aa01f800000000000000aa01f800000000000000aa01f800000000000000aa01f8000000000000
02:28:30.735 [DEBUG] [serial] RX 105 bytes: 00aa01f800000000000000aa01f800000000000000aa01f800000000000000aa01f800000000000000aa01f800000000000000aa01f800000000000000aa01f800000000000000aa01f800000000000000aa01f800000000000000aa01f800000000000000aa01f800
02:28:30.843 [DEBUG] [serial] RX 103 bytes: 000000000000aa01f800000000000000aa01f800000000000000aa01f800000000000000aa01f800000000000000aa01f800000000000000aa01f800000000000000aa01f800000000000000aa01f800000000000000aa01f800000000000000aa01f800000000
02:28:30.953 [DEBUG] [serial] RX 104 bytes: 000000aa01f800000000000000aa01f800000000000000aa01f800000000000000aa01f800000000000000aa01f800000000000000aa01f800000000000000aa01f800000000000000aa01f800000000000000aa01f800000000000000aa01f800000000000000aa
02:28:31.062 [DEBUG] [serial] RX 104 bytes: 01f800000000000000aa01f800000000000000aa01f800000000000000aa01f800000000000000aa01f800000000000000aa01f800000000000000aa01f800000000000000aa01f800000000000000aa01f800000000000000aa01f800000000000000aa01f80000
02:28:31.170 [DEBUG] [serial] RX 103 bytes: 0000000000aa01f800000000000000aa01f800000000000000aa01f800000000000000aa01f800000000000000aa01f800000000000000aa01f800000000000000aa01f800000000000000aa01f800000000000000aa01f800000000000000aa01f80000000000
02:28:31.281 [DEBUG] [serial] RX 106 bytes: 0000aa01f800000000000000aa01f800000000000000aa01f800000000000000aa01f800000000000000aa01f800000000000000aa01f800000000000000aa01f800000000000000aa01f800000000000000aa01f800000000000000aa01f800000000000000aa01f800
02:28:31.390 [DEBUG] [serial] RX 104 bytes: 000000000000aa01f800000000000000aa01f800000000000000aa01f800000000000000aa01f800000000000000aa01f800000000000000aa01f800000000000000aa01f800000000000000aa01f800000000000000aa01f800000000000000aa01f80000000000
02:28:31.499 [DEBUG] [serial] RX 103 bytes: 0000aa01f800000000000000aa01f800000000000000aa01f800000000000000aa01f800000000000000aa01f800000000000000aa01f800000000000000aa01f800000000000000aa01f800000000000000aa01f800000000000000aa01f800000000000000aa
02:28:31.608 [DEBUG] [serial] RX 104 bytes: 01f800000000000000aa01f800000000000000aa01f800000000000000aa01f800000000000000aa01f800000000000000aa01f800000000000000aa01f800000000000000aa01f800000000000000aa01f800000000000000aa01f800000000000000aa01f80000
02:28:31.716 [DEBUG] [serial] RX 103 bytes: 0000000000aa01f800000000000000aa01f800000000000000aa01f800000000000000aa01f800000000000000aa01f800000000000000aa01f800000000000000aa01f800000000000000aa01f800000000000000aa01f800000000000000aa01f80000000000
02:28:31.825 [DEBUG] [serial] RX 103 bytes: 0000aa01f800000000000000aa01f800000000000000aa01f800000000000000aa01f800000000000000aa01f800000000000000aa01f800000000000000aa01f800000000000000aa01f800000000000000aa01f800000000000000aa01f800000000000000aa
02:28:31.933 [DEBUG] [serial] RX 103 bytes: 01f800000000000000aa01f800000000000000aa01f800000000000000aa01f800000000000000aa01f800000000000000aa01f800000000000000aa01f800000000000000aa01f800000000000000aa01f800000000000000aa01f800000000000000aa01f800
02:28:32.042 [DEBUG] [serial] RX 104 bytes: 000000000000aa01f800000000000000aa01f800000000000000aa01f800000000000000aa01f800000000000000aa01f800000000000000aa01f800000000000000aa01f800000000000000aa01f800000000000000aa01f800000000000000aa01f80000000000
02:28:32.043 [INFO] [serial] Stats: 6919 pkts, 69204 bytes rx
02:28:32.152 [DEBUG] [serial] RX 104 bytes: 0000aa01f800000000000000aa01f800000000000000aa01f800000000000000aa01f800000000000000aa01f800000000000000aa01f800000000000000aa01f800000000000000aa01f800000000000000aa01f800000000000000aa01f800000000000000aa01
02:28:32.260 [DEBUG] [serial] RX 103 bytes: f800000000000000aa01f800000000000000aa01f800000000000000aa01f800000000000000aa01f800000000000000aa01f800000000000000aa01f800000000000000aa01f800000000000000aa01f800000000000000aa01f800000000000000aa01f80000
02:28:32.369 [DEBUG] [serial] RX 104 bytes: 0000000000aa01f800000000000000aa01f800000000000000aa01f800000000000000aa01f800000000000000aa01f800000000000000aa01f800000000000000aa01f800000000000000aa01f800000000000000aa01f800000000000000aa01f8000000000000
02:28:32.478 [DEBUG] [serial] RX 104 bytes: 00aa01f800000000000000aa01f800000000000000aa01f800000000000000aa01f800000000000000aa01f800000000000000aa01f800000000000000aa01f800000000000000aa01f800000000000000aa01f800000000000000aa01f800000000000000aa01f8
02:28:32.588 [DEBUG] [serial] RX 104 bytes: 00000000000000aa01f800000000000000aa01f800000000000000aa01f800000000000000aa01f800000000000000aa01f800000000000000aa01f800000000000000aa01f800000000000000aa01f800000000000000aa01f800000000000000aa01f800000000
02:28:32.696 [DEBUG] [serial] RX 103 bytes: 000000aa01f800000000000000aa01f800000000000000aa01f800000000000000aa01f800000000000000aa01f800000000000000aa01f800000000000000aa01f800000000000000aa01f800000000000000aa01f800000000000000aa01f800000000000000
02:28:32.805 [DEBUG] [serial] RX 103 bytes: aa01f800000000000000aa01f800000000000000aa01f800000000000000aa01f800000000000000aa01f800000000000000aa01f800000000000000aa01f800000000000000aa01f800000000000000aa01f800000000000000aa01f800000000000000aa01f8
02:28:32.914 [DEBUG] [serial] RX 104 bytes: 00000000000000aa01f800000000000000aa01f800000000000000aa01f800000000000000aa01f800000000000000aa01f800000000000000aa01f800000000000000aa01f800000000000000aa01f800000000000000aa01f800000000000000aa01f800000000
02:28:32.914 [DEBUG] [serial] PKT #7000: flags=0x01 in=-2048 ds=0 flt=0
02:28:33.022 [DEBUG] [serial] RX 103 bytes: 000000aa01f800000000000000aa01f800000000000000aa01f800000000000000aa01f800000000000000aa01f800000000000000aa01f800000000000000aa01f800000000000000aa01f800000000000000aa01f800000000000000aa01f800000000000000
02:28:33.129 [DEBUG] [serial] RX 103 bytes: aa01f800000000000000aa01f800000000000000aa01f800000000000000aa01f800000000000000aa01f800000000000000aa01f800000000000000aa01f800000000000000aa01f800000000000000aa01f800000000000000aa01f800000000000000aa01f8
02:28:33.238 [DEBUG] [serial] RX 103 bytes: 00000000000000aa01f800000000000000aa01f800000000000000aa01f800000000000000aa01f800000000000000aa01f800000000000000aa01f800000000000000aa01f800000000000000aa01f800000000000000aa01f800000000000000aa01f8000000
02:28:33.346 [DEBUG] [serial] RX 103 bytes: 00000000aa01f800000000000000aa01f800000000000000aa01f800000000000000aa01f800000000000000aa01f800000000000000aa01f800000000000000aa01f800000000000000aa01f800000000000000aa01f800000000000000aa01f8000000000000
02:28:33.455 [DEBUG] [serial] RX 103 bytes: 00aa01f800000000000000aa01f800000000000000aa01f800000000000000aa01f800000000000000aa01f800000000000000aa01f800000000000000aa01f800000000000000aa01f800000000000000aa01f800000000000000aa01f800000000000000aa01
02:28:33.562 [DEBUG] [serial] RX 102 bytes: f800000000000000aa01f800000000000000aa01f800000000000000aa01f800000000000000aa01f800000000000000aa01f800000000000000aa01f800000000000000aa01f800000000000000aa01f800000000000000aa01f800000000000000aa01f800
02:28:33.671 [DEBUG] [serial] RX 103 bytes: 000000000000aa01f800000000000000aa01f800000000000000aa01f800000000000000aa01f800000000000000aa01f800000000000000aa01f800000000000000aa01f800000000000000aa01f800000000000000aa01f800000000000000aa01f800000000
02:28:33.779 [DEBUG] [serial] RX 103 bytes: 000000aa01f800000000000000aa01f800000000000000aa01f800000000000000aa01f800000000000000aa01f800000000000000aa01f800000000000000aa01f800000000000000aa01f800000000000000aa01f800000000000000aa01f800000000000000
02:28:33.889 [DEBUG] [serial] RX 105 bytes: aa01f800000000000000aa01f800000000000000aa01f800000000000000aa01f800000000000000aa01f800000000000000aa01f800000000000000aa01f800000000000000aa01f800000000000000aa01f800000000000000aa01f800000000000000aa01f80000
02:28:33.998 [DEBUG] [serial] RX 104 bytes: 0000000000aa01f800000000000000aa01f800000000000000aa01f800000000000000aa01f800000000000000aa01f800000000000000aa01f800000000000000aa01f800000000000000aa01f800000000000000aa01f800000000000000aa01f8000000000000
02:28:34.106 [DEBUG] [serial] RX 103 bytes: 00aa01f800000000000000aa01f800000000000000aa01f800000000000000aa01f800000000000000aa01f800000000000000aa01f800000000000000aa01f800000000000000aa01f800000000000000aa01f800000000000000aa01f800000000000000aa01
02:28:34.215 [DEBUG] [serial] RX 103 bytes: f800000000000000aa01f800000000000000aa01f800000000000000aa01f800000000000000aa01f800000000000000aa01f800000000000000aa01f800000000000000aa01f800000000000000aa01f800000000000000aa01f800000000000000aa01f80000
02:28:34.326 [DEBUG] [serial] RX 106 bytes: 0000000000aa01f800000000000000aa01f800000000000000aa01f800000000000000aa01f800000000000000aa01f800000000000000aa01f800000000000000aa01f800000000000000aa01f800000000000000aa01f800000000000000aa01f800000000000000aa
02:28:34.434 [DEBUG] [serial] RX 103 bytes: 01f800000000000000aa01f800000000000000aa01f800000000000000aa01f800000000000000aa01f800000000000000aa01f800000000000000aa01f800000000000000aa01f800000000000000aa01f800000000000000aa01f800000000000000aa01f800
02:28:34.541 [DEBUG] [serial] RX 102 bytes: 000000000000aa01f800000000000000aa01f800000000000000aa01f800000000000000aa01f800000000000000aa01f800000000000000aa01f800000000000000aa01f800000000000000aa01f800000000000000aa01f800000000000000aa01f8000000
02:28:34.651 [DEBUG] [serial] RX 104 bytes: 00000000aa01f800000000000000aa01f800000000000000aa01f800000000000000aa01f800000000000000aa01f800000000000000aa01f800000000000000aa01f800000000000000aa01f800000000000000aa01f800000000000000aa01f800000000000000
02:28:34.759 [DEBUG] [serial] RX 103 bytes: aa01f800000000000000aa01f800000000000000aa01f800000000000000aa01f800000000000000aa01f800000000000000aa01f800000000000000aa01f800000000000000aa01f800000000000000aa01f800000000000000aa01f800000000000000aa01f8
02:28:34.868 [DEBUG] [serial] RX 104 bytes: 00000000000000aa01f800000000000000aa01f800000000000000aa01f800000000000000aa01f800000000000000aa01f800000000000000aa01f800000000000000aa01f800000000000000aa01f800000000000000aa01f800000000000000aa01f800000000
02:28:34.977 [DEBUG] [serial] RX 104 bytes: 000000aa01f800000000000000aa01f800000000000000aa01f800000000000000aa01f800000000000000aa01f800000000000000aa01f800000000000000aa01f800000000000000aa01f800000000000000aa01f800000000000000aa01f800000000000000aa
02:28:35.086 [DEBUG] [serial] RX 103 bytes: 01f800000000000000aa01f800000000000000aa01f800000000000000aa01f800000000000000aa01f800000000000000aa01f800000000000000aa01f800000000000000aa01f800000000000000aa01f800000000000000aa01f800000000000000aa01f800
02:28:35.194 [DEBUG] [serial] RX 103 bytes: 000000000000aa01f800000000000000aa01f800000000000000aa01f800000000000000aa01f800000000000000aa01f800000000000000aa01f800000000000000aa01f800000000000000aa01f800000000000000aa01f800000000000000aa01f800000000
02:28:35.303 [DEBUG] [serial] RX 104 bytes: 000000aa01f800000000000000aa01f800000000000000aa01f800000000000000aa01f800000000000000aa01f800000000000000aa01f800000000000000aa01f800000000000000aa01f800000000000000aa01f800000000000000aa01f800000000000000aa
02:28:35.411 [DEBUG] [serial] RX 102 bytes: 01f800000000000000aa01f800000000000000aa01f800000000000000aa01f800000000000000aa01f800000000000000aa01f800000000000000aa01f800000000000000aa01f800000000000000aa01f800000000000000aa01f800000000000000aa01f8
02:28:35.519 [DEBUG] [serial] RX 104 bytes: 00000000000000aa01f800000000000000aa01f800000000000000aa01f800000000000000aa01f800000000000000aa01f800000000000000aa01f800000000000000aa01f800000000000000aa01f800000000000000aa01f800000000000000aa01f800000000
02:28:35.627 [DEBUG] [serial] RX 102 bytes: 000000aa01f800000000000000aa01f800000000000000aa01f800000000000000aa01f800000000000000aa01f800000000000000aa01f800000000000000aa01f800000000000000aa01f800000000000000aa01f800000000000000aa01f8000000000000
02:28:35.736 [DEBUG] [serial] RX 104 bytes: 00aa01f800000000000000aa01f800000000000000aa01f800000000000000aa01f800000000000000aa01f800000000000000aa01f800000000000000aa01f800000000000000aa01f800000000000000aa01f800000000000000aa01f800000000000000aa01f8
02:28:35.845 [DEBUG] [serial] RX 103 bytes: 00000000000000aa01f800000000000000aa01f800000000000000aa01f800000000000000aa01f800000000000000aa01f800000000000000aa01f800000000000000aa01f800000000000000aa01f800000000000000aa01f800000000000000aa01f8000000
02:28:35.954 [DEBUG] [serial] RX 104 bytes: 00000000aa01f800000000000000aa01f800000000000000aa01f800000000000000aa01f800000000000000aa01f800000000000000aa01f800000000000000aa01f800000000000000aa01f800000000000000aa01f800000000000000aa01f800000000000000
02:28:36.062 [DEBUG] [serial] RX 104 bytes: aa01f800000000000000aa01f800000000000000aa01f800000000000000aa01f800000000000000aa01f800000000000000aa01f800000000000000aa01f800000000000000aa01f800000000000000aa01f800000000000000aa01f800000000000000aa01f800
02:28:36.172 [DEBUG] [serial] RX 104 bytes: 000000000000aa01f800000000000000aa01f800000000000000aa01f800000000000000aa01f800000000000000aa01f800000000000000aa01f800000000000000aa01f800000000000000aa01f800000000000000aa01f800000000000000aa01f80000000000
02:28:36.282 [DEBUG] [serial] RX 104 bytes: 0000aa01f800000000000000aa01f800000000000000aa01f800000000000000aa01f800000000000000aa01f800000000000000aa01f800000000000000aa01f800000000000000aa01f800000000000000aa01f800000000000000aa01f800000000000000aa01
02:28:36.390 [DEBUG] [serial] RX 104 bytes: f800000000000000aa01f800000000000000aa01f800000000000000aa01f800000000000000aa01f800000000000000aa01f800000000000000aa01f800000000000000aa01f800000000000000aa01f800000000000000aa01f800000000000000aa01f8000000
02:28:36.499 [DEBUG] [serial] RX 103 bytes: 00000000aa01f800000000000000aa01f800000000000000aa01f800000000000000aa01f800000000000000aa01f800000000000000aa01f800000000000000aa01f800000000000000aa01f800000000000000aa01f800000000000000aa01f8000000000000
02:28:36.607 [DEBUG] [serial] RX 103 bytes: 00aa01f800000000000000aa01f800000000000000aa01f800000000000000aa01f800000000000000aa01f800000000000000aa01f800000000000000aa01f800000000000000aa01f800000000000000aa01f800000000000000aa01f800000000000000aa01
02:28:36.716 [DEBUG] [serial] RX 104 bytes: f800000000000000aa01f800000000000000aa01f800000000000000aa01f800000000000000aa01f800000000000000aa01f800000000000000aa01f800000000000000aa01f800000000000000aa01f800000000000000aa01f800000000000000aa01f8000000
02:28:36.825 [DEBUG] [serial] RX 103 bytes: 00000000aa01f800000000000000aa01f800000000000000aa01f800000000000000aa01f800000000000000aa01f800000000000000aa01f800000000000000aa01f800000000000000aa01f800000000000000aa01f800000000000000aa01f8000000000000
02:28:36.935 [DEBUG] [serial] RX 104 bytes: 00aa01f800000000000000aa01f800000000000000aa01f800000000000000aa01f800000000000000aa01f800000000000000aa01f800000000000000aa01f800000000000000aa01f800000000000000aa01f800000000000000aa01f800000000000000aa01f8
02:28:37.044 [DEBUG] [serial] RX 104 bytes: 00000000000000aa01f800000000000000aa01f800000000000000aa01f800000000000000aa01f800000000000000aa01f800000000000000aa01f800000000000000aa01f800000000000000aa01f800000000000000aa01f800000000000000aa01f800000000
02:28:37.044 [INFO] [serial] Stats: 7395 pkts, 73963 bytes rx
02:28:37.153 [DEBUG] [serial] RX 104 bytes: 000000aa01f800000000000000aa01f800000000000000aa01f800000000000000aa01f800000000000000aa01f800000000000000aa01f800000000000000aa01f800000000000000aa01f800000000000000aa01f800000000000000aa01f800000000000000aa
02:28:37.261 [DEBUG] [serial] RX 103 bytes: 01f800000000000000aa01f800000000000000aa01f800000000000000aa01f800000000000000aa01f800000000000000aa01f800000000000000aa01f800000000000000aa01f800000000000000aa01f800000000000000aa01f800000000000000aa01f800
02:28:37.370 [DEBUG] [serial] RX 104 bytes: 000000000000aa01f800000000000000aa01f800000000000000aa01f800000000000000aa01f800000000000000aa01f800000000000000aa01f800000000000000aa01f800000000000000aa01f800000000000000aa01f800000000000000aa01f80000000000
02:28:37.479 [DEBUG] [serial] RX 104 bytes: 0000aa01f800000000000000aa01f800000000000000aa01f800000000000000aa01f800000000000000aa01f800000000000000aa01f800000000000000aa01f800000000000000aa01f800000000000000aa01f800000000000000aa01f800000000000000aa01
02:28:37.591 [DEBUG] [serial] RX 106 bytes: f800000000000000aa01f800000000000000aa01f800000000000000aa01f800000000000000aa01f800000000000000aa01f800000000000000aa01f800000000000000aa01f800000000000000aa01f800000000000000aa01f800000000000000aa01f80000000000
02:28:37.699 [DEBUG] [serial] RX 103 bytes: 0000aa01f800000000000000aa01f800000000000000aa01f800000000000000aa01f800000000000000aa01f800000000000000aa01f800000000000000aa01f800000000000000aa01f800000000000000aa01f800000000000000aa01f800000000000000aa
02:28:37.808 [DEBUG] [serial] RX 104 bytes: 01f800000000000000aa01f800000000000000aa01f800000000000000aa01f800000000000000aa01f800000000000000aa01f800000000000000aa01f800000000000000aa01f800000000000000aa01f800000000000000aa01f800000000000000aa01f80000
02:28:37.917 [DEBUG] [serial] RX 104 bytes: 0000000000aa01f800000000000000aa01f800000000000000aa01f800000000000000aa01f800000000000000aa01f800000000000000aa01f800000000000000aa01f800000000000000aa01f800000000000000aa01f800000000000000aa01f8000000000000
02:28:38.024 [DEBUG] [serial] RX 101 bytes: 00aa01f800000000000000aa01f800000000000000aa01f800000000000000aa01f800000000000000aa01f800000000000000aa01f800000000000000aa01f800000000000000aa01f800000000000000aa01f800000000000000aa01f800000000000000
02:28:38.134 [DEBUG] [serial] RX 105 bytes: aa01f800000000000000aa01f800000000000000aa01f800000000000000aa01f800000000000000aa01f800000000000000aa01f800000000000000aa01f800000000000000aa01f800000000000000aa01f800000000000000aa01f800000000000000aa01f80000
02:28:38.244 [DEBUG] [serial] RX 104 bytes: 0000000000aa01f800000000000000aa01f800000000000000aa01f800000000000000aa01f800000000000000aa01f800000000000000aa01f800000000000000aa01f800000000000000aa01f800000000000000aa01f800000000000000aa01f8000000000000
02:28:38.244 [DEBUG] [serial] PKT #7500: flags=0x01 in=-2048 ds=0 flt=0
02:28:38.355 [DEBUG] [serial] RX 106 bytes: 00aa01f800000000000000aa01f800000000000000aa01f800000000000000aa01f800000000000000aa01f800000000000000aa01f800000000000000aa01f800000000000000aa01f800000000000000aa01f800000000000000aa01f800000000000000aa01f80000
02:28:38.463 [DEBUG] [serial] RX 103 bytes: 0000000000aa01f800000000000000aa01f800000000000000aa01f800000000000000aa01f800000000000000aa01f800000000000000aa01f800000000000000aa01f800000000000000aa01f800000000000000aa01f800000000000000aa01f80000000000
02:28:38.573 [DEBUG] [serial] RX 105 bytes: 0000aa01f800000000000000aa01f800000000000000aa01f800000000000000aa01f800000000000000aa01f800000000000000aa01f800000000000000aa01f800000000000000aa01f800000000000000aa01f800000000000000aa01f800000000000000aa01f8
02:28:38.682 [DEBUG] [serial] RX 103 bytes: 00000000000000aa01f800000000000000aa01f800000000000000aa01f800000000000000aa01f800000000000000aa01f800000000000000aa01f800000000000000aa01f800000000000000aa01f800000000000000aa01f800000000000000aa01f8000000
02:28:38.790 [DEBUG] [serial] RX 103 bytes: 00000000aa01f800000000000000aa01f800000000000000aa01f800000000000000aa01f800000000000000aa01f800000000000000aa01f800000000000000aa01f800000000000000aa01f800000000000000aa01f800000000000000aa01f8000000000000
02:28:38.899 [DEBUG] [serial] RX 103 bytes: 00aa01f800000000000000aa01f800000000000000aa01f800000000000000aa01f800000000000000aa01f800000000000000aa01f800000000000000aa01f800000000000000aa01f800000000000000aa01f800000000000000aa01f800000000000000aa01
02:28:39.008 [DEBUG] [serial] RX 105 bytes: f800000000000000aa01f800000000000000aa01f800000000000000aa01f800000000000000aa01f800000000000000aa01f800000000000000aa01f800000000000000aa01f800000000000000aa01f800000000000000aa01f800000000000000aa01f800000000
02:28:39.117 [DEBUG] [serial] RX 104 bytes: 000000aa01f800000000000000aa01f800000000000000aa01f800000000000000aa01f800000000000000aa01f800000000000000aa01f800000000000000aa01f800000000000000aa01f800000000000000aa01f800000000000000aa01f800000000000000aa
02:28:39.226 [DEBUG] [serial] RX 103 bytes: 01f800000000000000aa01f800000000000000aa01f800000000000000aa01f800000000000000aa01f800000000000000aa01f800000000000000aa01f800000000000000aa01f800000000000000aa01f800000000000000aa01f800000000000000aa01f800
02:28:39.335 [DEBUG] [serial] RX 104 bytes: 000000000000aa01f800000000000000aa01f800000000000000aa01f800000000000000aa01f800000000000000aa01f800000000000000aa01f800000000000000aa01f800000000000000aa01f800000000000000aa01f800000000000000aa01f80000000000
02:28:39.445 [DEBUG] [serial] RX 104 bytes: 0000aa01f800000000000000aa01f800000000000000aa01f800000000000000aa01f800000000000000aa01f800000000000000aa01f800000000000000aa01f800000000000000aa01f800000000000000aa01f800000000000000aa01f800000000000000aa01
02:28:39.554 [DEBUG] [serial] RX 104 bytes: f800000000000000aa01f800000000000000aa01f800000000000000aa01f800000000000000aa01f800000000000000aa01f800000000000000aa01f800000000000000aa01f800000000000000aa01f800000000000000aa01f800000000000000aa01f8000000
02:28:39.664 [DEBUG] [serial] RX 104 bytes: 00000000aa01f800000000000000aa01f800000000000000aa01f800000000000000aa01f800000000000000aa01f800000000000000aa01f800000000000000aa01f800000000000000aa01f800000000000000aa01f800000000000000aa01f800000000000000
02:28:39.774 [DEBUG] [serial] RX 105 bytes: aa01f800000000000000aa01f800000000000000aa01f800000000000000aa01f800000000000000aa01f800000000000000aa01f800000000000000aa01f800000000000000aa01f800000000000000aa01f800000000000000aa01f800000000000000aa01f80000
02:28:39.885 [DEBUG] [serial] RX 106 bytes: 0000000000aa01f800000000000000aa01f800000000000000aa01f800000000000000aa01f800000000000000aa01f800000000000000aa01f800000000000000aa01f800000000000000aa01f800000000000000aa01f800000000000000aa01f800000000000000aa
02:28:39.995 [DEBUG] [serial] RX 104 bytes: 01f800000000000000aa01f800000000000000aa01f800000000000000aa01f800000000000000aa01f800000000000000aa01f800000000000000aa01f800000000000000aa01f800000000000000aa01f800000000000000aa01f800000000000000aa01f80000
02:28:40.103 [DEBUG] [serial] RX 104 bytes: 0000000000aa01f800000000000000aa01f800000000000000aa01f800000000000000aa01f800000000000000aa01f800000000000000aa01f800000000000000aa01f800000000000000aa01f800000000000000aa01f800000000000000aa01f8000000000000
02:28:40.213 [DEBUG] [serial] RX 104 bytes: 00aa01f800000000000000aa01f800000000000000aa01f800000000000000aa01f800000000000000aa01f800000000000000aa01f800000000000000aa01f800000000000000aa01f800000000000000aa01f800000000000000aa01f800000000000000aa01f8
02:28:40.321 [DEBUG] [serial] RX 103 bytes: 00000000000000aa01f800000000000000aa01f800000000000000aa01f800000000000000aa01f800000000000000aa01f800000000000000aa01f800000000000000aa01f800000000000000aa01f800000000000000aa01f800000000000000aa01f8000000
02:28:40.430 [DEBUG] [serial] RX 104 bytes: 00000000aa01f800000000000000aa01f800000000000000aa01f800000000000000aa01f800000000000000aa01f800000000000000aa01f800000000000000aa01f800000000000000aa01f800000000000000aa01f800000000000000aa01f800000000000000
02:28:40.539 [DEBUG] [serial] RX 103 bytes: aa01f800000000000000aa01f800000000000000aa01f800000000000000aa01f800000000000000aa01f800000000000000aa01f800000000000000aa01f800000000000000aa01f800000000000000aa01f800000000000000aa01f800000000000000aa01f8
02:28:40.647 [DEBUG] [serial] RX 103 bytes: 00000000000000aa01f800000000000000aa01f800000000000000aa01f800000000000000aa01f800000000000000aa01f800000000000000aa01f800000000000000aa01f800000000000000aa01f800000000000000aa01f800000000000000aa01f8000000
02:28:40.754 [DEBUG] [serial] RX 102 bytes: 00000000aa01f800000000000000aa01f800000000000000aa01f800000000000000aa01f800000000000000aa01f800000000000000aa01f800000000000000aa01f800000000000000aa01f800000000000000aa01f800000000000000aa01f80000000000
02:28:40.862 [DEBUG] [serial] RX 103 bytes: 0000aa01f800000000000000aa01f800000000000000aa01f800000000000000aa01f800000000000000aa01f800000000000000aa01f800000000000000aa01f800000000000000aa01f800000000000000aa01f800000000000000aa01f800000000000000aa
02:28:40.972 [DEBUG] [serial] RX 104 bytes: 01f800000000000000aa01f800000000000000aa01f800000000000000aa01f800000000000000aa01f800000000000000aa01f800000000000000aa01f800000000000000aa01f800000000000000aa01f800000000000000aa01f800000000000000aa01f80000
02:28:41.080 [DEBUG] [serial] RX 103 bytes: 0000000000aa01f800000000000000aa01f800000000000000aa01f800000000000000aa01f800000000000000aa01f800000000000000aa01f800000000000000aa01f800000000000000aa01f800000000000000aa01f800000000000000aa01f80000000000
02:28:41.189 [DEBUG] [serial] RX 104 bytes: 0000aa01f800000000000000aa01f800000000000000aa01f800000000000000aa01f800000000000000aa01f800000000000000aa01f800000000000000aa01f800000000000000aa01f800000000000000aa01f800000000000000aa01f800000000000000aa01
02:28:41.299 [DEBUG] [serial] RX 104 bytes: f800000000000000aa01f800000000000000aa01f800000000000000aa01f800000000000000aa01f800000000000000aa01f800000000000000aa01f800000000000000aa01f800000000000000aa01f800000000000000aa01f800000000000000aa01f8000000
02:28:41.407 [DEBUG] [serial] RX 103 bytes: 00000000aa01f800000000000000aa01f800000000000000aa01f800000000000000aa01f800000000000000aa01f800000000000000aa01f800000000000000aa01f800000000000000aa01f800000000000000aa01f800000000000000aa01f8000000000000
02:28:41.515 [DEBUG] [serial] RX 103 bytes: 00aa01f800000000000000aa01f800000000000000aa01f800000000000000aa01f800000000000000aa01f800000000000000aa01f800000000000000aa01f800000000000000aa01f800000000000000aa01f800000000000000aa01f800000000000000aa01
02:28:41.625 [DEBUG] [serial] RX 104 bytes: f800000000000000aa01f800000000000000aa01f800000000000000aa01f800000000000000aa01f800000000000000aa01f800000000000000aa01f800000000000000aa01f800000000000000aa01f800000000000000aa01f800000000000000aa01f8000000
02:28:41.733 [DEBUG] [serial] RX 103 bytes: 00000000aa01f800000000000000aa01f800000000000000aa01f800000000000000aa01f800000000000000aa01f800000000000000aa01f800000000000000aa01f800000000000000aa01f800000000000000aa01f800000000000000aa01f8000000000000
02:28:41.842 [DEBUG] [serial] RX 104 bytes: 00aa01f800000000000000aa01f800000000000000aa01f800000000000000aa01f800000000000000aa01f800000000000000aa01f800000000000000aa01f800000000000000aa01f800000000000000aa01f800000000000000aa01f800000000000000aa01f8
02:28:41.949 [DEBUG] [serial] RX 102 bytes: 00000000000000aa01f800000000000000aa01f800000000000000aa01f800000000000000aa01f800000000000000aa01f800000000000000aa01f800000000000000aa01f800000000000000aa01f800000000000000aa01f800000000000000aa01f80000
02:28:42.058 [DEBUG] [serial] RX 104 bytes: 0000000000aa01f800000000000000aa01f800000000000000aa01f800000000000000aa01f800000000000000aa01f800000000000000aa01f800000000000000aa01f800000000000000aa01f800000000000000aa01f800000000000000aa01f8000000000000
02:28:42.059 [INFO] [serial] Stats: 7872 pkts, 78735 bytes rx
02:28:42.168 [DEBUG] [serial] RX 104 bytes: 00aa01f800000000000000aa01f800000000000000aa01f800000000000000aa01f800000000000000aa01f800000000000000aa01f800000000000000aa01f800000000000000aa01f800000000000000aa01f800000000000000aa01f800000000000000aa01f8
02:28:42.277 [DEBUG] [serial] RX 104 bytes: 00000000000000aa01f800000000000000aa01f800000000000000aa01f800000000000000aa01f800000000000000aa01f800000000000000aa01f800000000000000aa01f800000000000000aa01f800000000000000aa01f800000000000000aa01f800000000
02:28:42.386 [DEBUG] [serial] RX 104 bytes: 000000aa01f800000000000000aa01f800000000000000aa01f800000000000000aa01f800000000000000aa01f800000000000000aa01f800000000000000aa01f800000000000000aa01f800000000000000aa01f800000000000000aa01f800000000000000aa
02:28:42.495 [DEBUG] [serial] RX 103 bytes: 01f800000000000000aa01f800000000000000aa01f800000000000000aa01f800000000000000aa01f800000000000000aa01f800000000000000aa01f800000000000000aa01f800000000000000aa01f800000000000000aa01f800000000000000aa01f800
02:28:42.603 [DEBUG] [serial] RX 104 bytes: 000000000000aa01f800000000000000aa01f800000000000000aa01f800000000000000aa01f800000000000000aa01f800000000000000aa01f800000000000000aa01f800000000000000aa01f800000000000000aa01f800000000000000aa01f80000000000
02:28:42.712 [DEBUG] [serial] RX 104 bytes: 0000aa01f800000000000000aa01f800000000000000aa01f800000000000000aa01f800000000000000aa01f800000000000000aa01f800000000000000aa01f800000000000000aa01f800000000000000aa01f800000000000000aa01f800000000000000aa01
02:28:42.822 [DEBUG] [serial] RX 103 bytes: f800000000000000aa01f800000000000000aa01f800000000000000aa01f800000000000000aa01f800000000000000aa01f800000000000000aa01f800000000000000aa01f800000000000000aa01f800000000000000aa01f800000000000000aa01f80000
02:28:42.931 [DEBUG] [serial] RX 104 bytes: 0000000000aa01f800000000000000aa01f800000000000000aa01f800000000000000aa01f800000000000000aa01f800000000000000aa01f800000000000000aa01f800000000000000aa01f800000000000000aa01f800000000000000aa01f8000000000000
02:28:43.039 [DEBUG] [serial] RX 104 bytes: 00aa01f800000000000000aa01f800000000000000aa01f800000000000000aa01f800000000000000aa01f800000000000000aa01f800000000000000aa01f800000000000000aa01f800000000000000aa01f800000000000000aa01f800000000000000aa01f8
02:28:43.148 [DEBUG] [serial] RX 103 bytes: 00000000000000aa01f800000000000000aa01f800000000000000aa01f800000000000000aa01f800000000000000aa01f800000000000000aa01f800000000000000aa01f800000000000000aa01f800000000000000aa01f800000000000000aa01f8000000
02:28:43.257 [DEBUG] [serial] RX 104 bytes: 00000000aa01f800000000000000aa01f800000000000000aa01f800000000000000aa01f800000000000000aa01f800000000000000aa01f800000000000000aa01f800000000000000aa01f800000000000000aa01f800000000000000aa01f800000000000000
02:28:43.365 [DEBUG] [serial] RX 102 bytes: aa01f800000000000000aa01f800000000000000aa01f800000000000000aa01f800000000000000aa01f800000000000000aa01f800000000000000aa01f800000000000000aa01f800000000000000aa01f800000000000000aa01f800000000000000aa01
02:28:43.475 [DEBUG] [serial] RX 105 bytes: f800000000000000aa01f800000000000000aa01f800000000000000aa01f800000000000000aa01f800000000000000aa01f800000000000000aa01f800000000000000aa01f800000000000000aa01f800000000000000aa01f800000000000000aa01f800000000
02:28:43.475 [DEBUG] [serial] PKT #8000: flags=0x01 in=-2048 ds=0 flt=0
02:28:43.585 [DEBUG] [serial] RX 104 bytes: 000000aa01f800000000000000aa01f800000000000000aa01f800000000000000aa01f800000000000000aa01f800000000000000aa01f800000000000000aa01f800000000000000aa01f800000000000000aa01f800000000000000aa01f800000000000000aa
02:28:43.693 [DEBUG] [serial] RX 103 bytes: 01f800000000000000aa01f800000000000000aa01f800000000000000aa01f800000000000000aa01f800000000000000aa01f800000000000000aa01f800000000000000aa01f800000000000000aa01f800000000000000aa01f800000000000000aa01f800
02:28:43.802 [DEBUG] [serial] RX 105 bytes: 000000000000aa01f800000000000000aa01f800000000000000aa01f800000000000000aa01f800000000000000aa01f800000000000000aa01f800000000000000aa01f800000000000000aa01f800000000000000aa01f800000000000000aa01f8000000000000
02:28:43.913 [DEBUG] [serial] RX 105 bytes: 00aa01f800000000000000aa01f800000000000000aa01f800000000000000aa01f800000000000000aa01f800000000000000aa01f800000000000000aa01f800000000000000aa01f800000000000000aa01f800000000000000aa01f800000000000000aa01f800
02:28:44.021 [DEBUG] [serial] RX 102 bytes: 000000000000aa01f800000000000000aa01f800000000000000aa01f800000000000000aa01f800000000000000aa01f800000000000000aa01f800000000000000aa01f800000000000000aa01f800000000000000aa01f800000000000000aa01f8000000
02:28:44.129 [DEBUG] [serial] RX 104 bytes: 00000000aa01f800000000000000aa01f800000000000000aa01f800000000000000aa01f800000000000000aa01f800000000000000aa01f800000000000000aa01f800000000000000aa01f800000000000000aa01f800000000000000aa01f800000000000000
02:28:44.239 [DEBUG] [serial] RX 104 bytes: aa01f800000000000000aa01f800000000000000aa01f800000000000000aa01f800000000000000aa01f800000000000000aa01f800000000000000aa01f800000000000000aa01f800000000000000aa01f800000000000000aa01f800000000000000aa01f800
02:28:44.347 [DEBUG] [serial] RX 103 bytes: 000000000000aa01f800000000000000aa01f800000000000000aa01f800000000000000aa01f800000000000000aa01f800000000000000aa01f800000000000000aa01f800000000000000aa01f800000000000000aa01f800000000000000aa01f800000000
02:28:44.457 [DEBUG] [serial] RX 105 bytes: 000000aa01f800000000000000aa01f800000000000000aa01f800000000000000aa01f800000000000000aa01f800000000000000aa01f800000000000000aa01f800000000000000aa01f800000000000000aa01f800000000000000aa01f800000000000000aa01
02:28:44.565 [DEBUG] [serial] RX 103 bytes: f800000000000000aa01f800000000000000aa01f800000000000000aa01f800000000000000aa01f800000000000000aa01f800000000000000aa01f800000000000000aa01f800000000000000aa01f800000000000000aa01f800000000000000aa01f80000
02:28:44.673 [DEBUG] [serial] RX 102 bytes: 0000000000aa01f800000000000000aa01f800000000000000aa01f800000000000000aa01f800000000000000aa01f800000000000000aa01f800000000000000aa01f800000000000000aa01f800000000000000aa01f800000000000000aa01f800000000
02:28:44.783 [DEBUG] [serial] RX 104 bytes: 000000aa01f800000000000000aa01f800000000000000aa01f800000000000000aa01f800000000000000aa01f800000000000000aa01f800000000000000aa01f800000000000000aa01f800000000000000aa01f800000000000000aa01f800000000000000aa
02:28:44.891 [DEBUG] [serial] RX 103 bytes: 01f800000000000000aa01f800000000000000aa01f800000000000000aa01f800000000000000aa01f800000000000000aa01f800000000000000aa01f800000000000000aa01f800000000000000aa01f800000000000000aa01f800000000000000aa01f800
02:28:45.000 [DEBUG] [serial] RX 105 bytes: 000000000000aa01f800000000000000aa01f800000000000000aa01f800000000000000aa01f800000000000000aa01f800000000000000aa01f800000000000000aa01f800000000000000aa01f800000000000000aa01f800000000000000aa01f8000000000000
02:28:45.109 [DEBUG] [serial] RX 103 bytes: 00aa01f800000000000000aa01f800000000000000aa01f800000000000000aa01f800000000000000aa01f800000000000000aa01f800000000000000aa01f800000000000000aa01f800000000000000aa01f800000000000000aa01f800000000000000aa01
02:28:45.219 [DEBUG] [serial] RX 105 bytes: f800000000000000aa01f800000000000000aa01f800000000000000aa01f800000000000000aa01f800000000000000aa01f800000000000000aa01f800000000000000aa01f800000000000000aa01f800000000000000aa01f800000000000000aa01f800000000
02:28:45.327 [DEBUG] [serial] RX 103 bytes: 000000aa01f800000000000000aa01f800000000000000aa01f800000000000000aa01f800000000000000aa01f800000000000000aa01f800000000000000aa01f800000000000000aa01f800000000000000aa01f800000000000000aa01f800000000000000
02:28:45.437 [DEBUG] [serial] RX 104 bytes: aa01f800000000000000aa01f800000000000000aa01f800000000000000aa01f800000000000000aa01f800000000000000aa01f800000000000000aa01f800000000000000aa01f800000000000000aa01f800000000000000aa01f800000000000000aa01f800
02:28:45.547 [DEBUG] [serial] RX 105 bytes: 000000000000aa01f800000000000000aa01f800000000000000aa01f800000000000000aa01f800000000000000aa01f800000000000000aa01f800000000000000aa01f800000000000000aa01f800000000000000aa01f800000000000000aa01f8000000000000
02:28:45.656 [DEBUG] [serial] RX 103 bytes: 00aa01f800000000000000aa01f800000000000000aa01f800000000000000aa01f800000000000000aa01f800000000000000aa01f800000000000000aa01f800000000000000aa01f800000000000000aa01f800000000000000aa01f800000000000000aa01
02:28:45.766 [DEBUG] [serial] RX 105 bytes: f800000000000000aa01f800000000000000aa01f800000000000000aa01f800000000000000aa01f800000000000000aa01f800000000000000aa01f800000000000000aa01f800000000000000aa01f800000000000000aa01f800000000000000aa01f800000000
02:28:45.874 [DEBUG] [serial] RX 103 bytes: 000000aa01f800000000000000aa01f800000000000000aa01f800000000000000aa01f800000000000000aa01f800000000000000aa01f800000000000000aa01f800000000000000aa01f800000000000000aa01f800000000000000aa01f800000000000000
02:28:45.982 [DEBUG] [serial] RX 103 bytes: aa01f800000000000000aa01f800000000000000aa01f800000000000000aa01f800000000000000aa01f800000000000000aa01f800000000000000aa01f800000000000000aa01f800000000000000aa01f800000000000000aa01f800000000000000aa01f8
02:28:46.090 [DEBUG] [serial] RX 103 bytes: 00000000000000aa01f800000000000000aa01f800000000000000aa01f800000000000000aa01f800000000000000aa01f800000000000000aa01f800000000000000aa01f800000000000000aa01f800000000000000aa01f800000000000000aa01f8000000
02:28:46.198 [DEBUG] [serial] RX 103 bytes: 00000000aa01f800000000000000aa01f800000000000000aa01f800000000000000aa01f800000000000000aa01f800000000000000aa01f800000000000000aa01f800000000000000aa01f800000000000000aa01f800000000000000aa01f8000000000000
02:28:46.307 [DEBUG] [serial] RX 103 bytes: 00aa01f800000000000000aa01f800000000000000aa01f800000000000000aa01f800000000000000aa01f800000000000000aa01f800000000000000aa01f800000000000000aa01f800000000000000aa01f800000000000000aa01f800000000000000aa01
02:28:46.416 [DEBUG] [serial] RX 103 bytes: f800000000000000aa01f800000000000000aa01f800000000000000aa01f800000000000000aa01f800000000000000aa01f800000000000000aa01f800000000000000aa01f800000000000000aa01f800000000000000aa01f800000000000000aa01f80000
02:28:46.525 [DEBUG] [serial] RX 104 bytes: 0000000000aa01f800000000000000aa01f800000000000000aa01f800000000000000aa01f800000000000000aa01f800000000000000aa01f800000000000000aa01f800000000000000aa01f800000000000000aa01f800000000000000aa01f8000000000000
02:28:46.635 [DEBUG] [serial] RX 105 bytes: 00aa01f800000000000000aa01f800000000000000aa01f800000000000000aa01f800000000000000aa01f800000000000000aa01f800000000000000aa01f800000000000000aa01f800000000000000aa01f800000000000000aa01f800000000000000aa01f800
02:28:46.744 [DEBUG] [serial] RX 104 bytes: 000000000000aa01f800000000000000aa01f800000000000000aa01f800000000000000aa01f800000000000000aa01f800000000000000aa01f800000000000000aa01f800000000000000aa01f800000000000000aa01f800000000000000aa01f80000000000
02:28:46.853 [DEBUG] [serial] RX 103 bytes: 0000aa01f800000000000000aa01f800000000000000aa01f800000000000000aa01f800000000000000aa01f800000000000000aa01f800000000000000aa01f800000000000000aa01f800000000000000aa01f800000000000000aa01f800000000000000aa
02:28:46.962 [DEBUG] [serial] RX 104 bytes: 01f800000000000000aa01f800000000000000aa01f800000000000000aa01f800000000000000aa01f800000000000000aa01f800000000000000aa01f800000000000000aa01f800000000000000aa01f800000000000000aa01f800000000000000aa01f80000
02:28:47.069 [DEBUG] [serial] RX 102 bytes: 0000000000aa01f800000000000000aa01f800000000000000aa01f800000000000000aa01f800000000000000aa01f800000000000000aa01f800000000000000aa01f800000000000000aa01f800000000000000aa01f800000000000000aa01f800000000
02:28:47.070 [INFO] [serial] Stats: 8349 pkts, 83503 bytes rx
02:28:47.178 [DEBUG] [serial] RX 104 bytes: 000000aa01f800000000000000aa01f800000000000000aa01f800000000000000aa01f800000000000000aa01f800000000000000aa01f800000000000000aa01f800000000000000aa01f800000000000000aa01f800000000000000aa01f800000000000000aa
02:28:47.287 [DEBUG] [serial] RX 104 bytes: 01f800000000000000aa01f800000000000000aa01f800000000000000aa01f800000000000000aa01f800000000000000aa01f800000000000000aa01f800000000000000aa01f800000000000000aa01f800000000000000aa01f800000000000000aa01f80000
02:28:47.395 [DEBUG] [serial] RX 103 bytes: 0000000000aa01f800000000000000aa01f800000000000000aa01f800000000000000aa01f800000000000000aa01f800000000000000aa01f800000000000000aa01f800000000000000aa01f800000000000000aa01f800000000000000aa01f80000000000
02:28:47.505 [DEBUG] [serial] RX 104 bytes: 0000aa01f800000000000000aa01f800000000000000aa01f800000000000000aa01f800000000000000aa01f800000000000000aa01f800000000000000aa01f800000000000000aa01f800000000000000aa01f800000000000000aa01f800000000000000aa01
02:28:47.614 [DEBUG] [serial] RX 103 bytes: f800000000000000aa01f800000000000000aa01f800000000000000aa01f800000000000000aa01f800000000000000aa01f800000000000000aa01f800000000000000aa01f800000000000000aa01f800000000000000aa01f800000000000000aa01f80000
02:28:47.722 [DEBUG] [serial] RX 104 bytes: 0000000000aa01f800000000000000aa01f800000000000000aa01f800000000000000aa01f800000000000000aa01f800000000000000aa01f800000000000000aa01f800000000000000aa01f800000000000000aa01f800000000000000aa01f8000000000000
02:28:47.830 [DEBUG] [serial] RX 103 bytes: 00aa01f800000000000000aa01f800000000000000aa01f800000000000000aa01f800000000000000aa01f800000000000000aa01f800000000000000aa01f800000000000000aa01f800000000000000aa01f800000000000000aa01f800000000000000aa01
02:28:47.938 [DEBUG] [serial] RX 102 bytes: f800000000000000aa01f800000000000000aa01f800000000000000aa01f800000000000000aa01f800000000000000aa01f800000000000000aa01f800000000000000aa01f800000000000000aa01f800000000000000aa01f800000000000000aa01f800
02:28:48.048 [DEBUG] [serial] RX 104 bytes: 000000000000aa01f800000000000000aa01f800000000000000aa01f800000000000000aa01f800000000000000aa01f800000000000000aa01f800000000000000aa01f800000000000000aa01f800000000000000aa01f800000000000000aa01f80000000000
02:28:48.157 [DEBUG] [serial] RX 105 bytes: 0000aa01f800000000000000aa01f800000000000000aa01f800000000000000aa01f800000000000000aa01f800000000000000aa01f800000000000000aa01f800000000000000aa01f800000000000000aa01f800000000000000aa01f800000000000000aa01f8
02:28:48.266 [DEBUG] [serial] RX 103 bytes: 00000000000000aa01f800000000000000aa01f800000000000000aa01f800000000000000aa01f800000000000000aa01f800000000000000aa01f800000000000000aa01f800000000000000aa01f800000000000000aa01f800000000000000aa01f8000000
02:28:48.374 [DEBUG] [serial] RX 103 bytes: 00000000aa01f800000000000000aa01f800000000000000aa01f800000000000000aa01f800000000000000aa01f800000000000000aa01f800000000000000aa01f800000000000000aa01f800000000000000aa01f800000000000000aa01f8000000000000
02:28:48.485 [DEBUG] [serial] RX 105 bytes: 00aa01f800000000000000aa01f800000000000000aa01f800000000000000aa01f800000000000000aa01f800000000000000aa01f800000000000000aa01f800000000000000aa01f800000000000000aa01f800000000000000aa01f800000000000000aa01f800
02:28:48.594 [DEBUG] [serial] RX 104 bytes: 000000000000aa01f800000000000000aa01f800000000000000aa01f800000000000000aa01f800000000000000aa01f800000000000000aa01f800000000000000aa01f800000000000000aa01f800000000000000aa01f800000000000000aa01f80000000000
02:28:48.702 [DEBUG] [serial] RX 103 bytes: 0000aa01f800000000000000aa01f800000000000000aa01f800000000000000aa01f800000000000000aa01f800000000000000aa01f800000000000000aa01f800000000000000aa01f800000000000000aa01f800000000000000aa01f800000000000000aa
02:28:48.702 [DEBUG] [serial] PKT #8500: flags=0x01 in=-2048 ds=0 flt=0
02:28:48.812 [DEBUG] [serial] RX 104 bytes: 01f800000000000000aa01f800000000000000aa01f800000000000000aa01f800000000000000aa01f800000000000000aa01f800000000000000aa01f800000000000000aa01f800000000000000aa01f800000000000000aa01f800000000000000aa01f80000
02:28:48.919 [DEBUG] [serial] RX 102 bytes: 0000000000aa01f800000000000000aa01f800000000000000aa01f800000000000000aa01f800000000000000aa01f800000000000000aa01f800000000000000aa01f800000000000000aa01f800000000000000aa01f800000000000000aa01f800000000
02:28:49.029 [DEBUG] [serial] RX 106 bytes: 000000aa01f800000000000000aa01f800000000000000aa01f800000000000000aa01f800000000000000aa01f800000000000000aa01f800000000000000aa01f800000000000000aa01f800000000000000aa01f800000000000000aa01f800000000000000aa01f8
02:28:49.138 [DEBUG] [serial] RX 103 bytes: 00000000000000aa01f800000000000000aa01f800000000000000aa01f800000000000000aa01f800000000000000aa01f800000000000000aa01f800000000000000aa01f800000000000000aa01f800000000000000aa01f800000000000000aa01f8000000
02:28:49.247 [DEBUG] [serial] RX 104 bytes: 00000000aa01f800000000000000aa01f800000000000000aa01f800000000000000aa01f800000000000000aa01f800000000000000aa01f800000000000000aa01f800000000000000aa01f800000000000000aa01f800000000000000aa01f800000000000000
02:28:49.355 [DEBUG] [serial] RX 103 bytes: aa01f800000000000000aa01f800000000000000aa01f800000000000000aa01f800000000000000aa01f800000000000000aa01f800000000000000aa01f800000000000000aa01f800000000000000aa01f800000000000000aa01f800000000000000aa01f8
02:28:49.465 [DEBUG] [serial] RX 104 bytes: 00000000000000aa01f800000000000000aa01f800000000000000aa01f800000000000000aa01f800000000000000aa01f800000000000000aa01f800000000000000aa01f800000000000000aa01f800000000000000aa01f800000000000000aa01f800000000
02:28:49.574 [DEBUG] [serial] RX 104 bytes: 000000aa01f800000000000000aa01f800000000000000aa01f800000000000000aa01f800000000000000aa01f800000000000000aa01f800000000000000aa01f800000000000000aa01f800000000000000aa01f800000000000000aa01f800000000000000aa
02:28:49.684 [DEBUG] [serial] RX 105 bytes: 01f800000000000000aa01f800000000000000aa01f800000000000000aa01f800000000000000aa01f800000000000000aa01f800000000000000aa01f800000000000000aa01f800000000000000aa01f800000000000000aa01f800000000000000aa01f8000000
02:28:49.793 [DEBUG] [serial] RX 104 bytes: 00000000aa01f800000000000000aa01f800000000000000aa01f800000000000000aa01f800000000000000aa01f800000000000000aa01f800000000000000aa01f800000000000000aa01f800000000000000aa01f800000000000000aa01f800000000000000
02:28:49.902 [DEBUG] [serial] RX 103 bytes: aa01f800000000000000aa01f800000000000000aa01f800000000000000aa01f800000000000000aa01f800000000000000aa01f800000000000000aa01f800000000000000aa01f800000000000000aa01f800000000000000aa01f800000000000000aa01f8
02:28:50.010 [DEBUG] [serial] RX 103 bytes: 00000000000000aa01f800000000000000aa01f800000000000000aa01f800000000000000aa01f800000000000000aa01f800000000000000aa01f800000000000000aa01f800000000000000aa01f800000000000000aa01f800000000000000aa01f8000000
02:28:50.119 [DEBUG] [serial] RX 104 bytes: 00000000aa01f800000000000000aa01f800000000000000aa01f800000000000000aa01f800000000000000aa01f800000000000000aa01f800000000000000aa01f800000000000000aa01f800000000000000aa01f800000000000000aa01f800000000000000
02:28:50.228 [DEBUG] [serial] RX 104 bytes: aa01f800000000000000aa01f800000000000000aa01f800000000000000aa01f800000000000000aa01f800000000000000aa01f800000000000000aa01f800000000000000aa01f800000000000000aa01f800000000000000aa01f800000000000000aa01f800
02:28:50.336 [DEBUG] [serial] RX 102 bytes: 000000000000aa01f800000000000000aa01f800000000000000aa01f800000000000000aa01f800000000000000aa01f800000000000000aa01f800000000000000aa01f800000000000000aa01f800000000000000aa01f800000000000000aa01f8000000
02:28:50.444 [DEBUG] [serial] RX 103 bytes: 00000000aa01f800000000000000aa01f800000000000000aa01f800000000000000aa01f800000000000000aa01f800000000000000aa01f800000000000000aa01f800000000000000aa01f800000000000000aa01f800000000000000aa01f8000000000000
02:28:50.554 [DEBUG] [serial] RX 104 bytes: 00aa01f800000000000000aa01f800000000000000aa01f800000000000000aa01f800000000000000aa01f800000000000000aa01f800000000000000aa01f800000000000000aa01f800000000000000aa01f800000000000000aa01f800000000000000aa01f8
02:28:50.662 [DEBUG] [serial] RX 103 bytes: 00000000000000aa01f800000000000000aa01f800000000000000aa01f800000000000000aa01f800000000000000aa01f800000000000000aa01f800000000000000aa01f800000000000000aa01f800000000000000aa01f800000000000000aa01f8000000
02:28:50.770 [DEBUG] [serial] RX 103 bytes: 00000000aa01f800000000000000aa01f800000000000000aa01f800000000000000aa01f800000000000000aa01f800000000000000aa01f800000000000000aa01f800000000000000aa01f800000000000000aa01f800000000000000aa01f8000000000000
02:28:50.879 [DEBUG] [serial] RX 103 bytes: 00aa01f800000000000000aa01f800000000000000aa01f800000000000000aa01f800000000000000aa01f800000000000000aa01f800000000000000aa01f800000000000000aa01f800000000000000aa01f800000000000000aa01f800000000000000aa01
02:28:50.986 [DEBUG] [serial] RX 102 bytes: f800000000000000aa01f800000000000000aa01f800000000000000aa01f800000000000000aa01f800000000000000aa01f800000000000000aa01f800000000000000aa01f800000000000000aa01f800000000000000aa01f800000000000000aa01f800
02:28:51.094 [DEBUG] [serial] RX 104 bytes: 000000000000aa01f800000000000000aa01f800000000000000aa01f800000000000000aa01f800000000000000aa01f800000000000000aa01f800000000000000aa01f800000000000000aa01f800000000000000aa01f800000000000000aa01f80000000000
02:28:51.204 [DEBUG] [serial] RX 104 bytes: 0000aa01f800000000000000aa01f800000000000000aa01f800000000000000aa01f800000000000000aa01f800000000000000aa01f800000000000000aa01f800000000000000aa01f800000000000000aa01f800000000000000aa01f800000000000000aa01
02:28:51.313 [DEBUG] [serial] RX 103 bytes: f800000000000000aa01f800000000000000aa01f800000000000000aa01f800000000000000aa01f800000000000000aa01f800000000000000aa01f800000000000000aa01f800000000000000aa01f800000000000000aa01f800000000000000aa01f80000
02:28:51.421 [DEBUG] [serial] RX 104 bytes: 0000000000aa01f800000000000000aa01f800000000000000aa01f800000000000000aa01f800000000000000aa01f800000000000000aa01f800000000000000aa01f800000000000000aa01f800000000000000aa01f800000000000000aa01f8000000000000
02:28:51.530 [DEBUG] [serial] RX 103 bytes: 00aa01f800000000000000aa01f800000000000000aa01f800000000000000aa01f800000000000000aa01f800000000000000aa01f800000000000000aa01f800000000000000aa01f800000000000000aa01f800000000000000aa01f800000000000000aa01
02:28:51.639 [DEBUG] [serial] RX 104 bytes: f800000000000000aa01f800000000000000aa01f800000000000000aa01f800000000000000aa01f800000000000000aa01f800000000000000aa01f800000000000000aa01f800000000000000aa01f800000000000000aa01f800000000000000aa01f8000000
02:28:51.748 [DEBUG] [serial] RX 104 bytes: 00000000aa01f800000000000000aa01f800000000000000aa01f800000000000000aa01f800000000000000aa01f800000000000000aa01f800000000000000aa01f800000000000000aa01f800000000000000aa01f800000000000000aa01f800000000000000
02:28:51.858 [DEBUG] [serial] RX 104 bytes: aa01f800000000000000aa01f800000000000000aa01f800000000000000aa01f800000000000000aa01f800000000000000aa01f800000000000000aa01f800000000000000aa01f800000000000000aa01f800000000000000aa01f800000000000000aa01f800
02:28:51.968 [DEBUG] [serial] RX 105 bytes: 000000000000aa01f800000000000000aa01f800000000000000aa01f800000000000000aa01f800000000000000aa01f800000000000000aa01f800000000000000aa01f800000000000000aa01f800000000000000aa01f800000000000000aa01f8000000000000
02:28:52.079 [DEBUG] [serial] RX 105 bytes: 00aa01f800000000000000aa01f800000000000000aa01f800000000000000aa01f800000000000000aa01f800000000000000aa01f800000000000000aa01f800000000000000aa01f800000000000000aa01f800000000000000aa01f800000000000000aa01f800
02:28:52.079 [INFO] [serial] Stats: 8826 pkts, 88270 bytes rx
02:28:52.188 [DEBUG] [serial] RX 104 bytes: 000000000000aa01f800000000000000aa01f800000000000000aa01f800000000000000aa01f800000000000000aa01f800000000000000aa01f800000000000000aa01f800000000000000aa01f800000000000000aa01f800000000000000aa01f80000000000
02:28:52.295 [DEBUG] [serial] RX 102 bytes: 0000aa01f800000000000000aa01f800000000000000aa01f800000000000000aa01f800000000000000aa01f800000000000000aa01f800000000000000aa01f800000000000000aa01f800000000000000aa01f800000000000000aa01f800000000000000
02:28:52.404 [DEBUG] [serial] RX 104 bytes: aa01f800000000000000aa01f800000000000000aa01f800000000000000aa01f800000000000000aa01f800000000000000aa01f800000000000000aa01f800000000000000aa01f800000000000000aa01f800000000000000aa01f800000000000000aa01f800
02:28:52.512 [DEBUG] [serial] RX 103 bytes: 000000000000aa01f800000000000000aa01f800000000000000aa01f800000000000000aa01f800000000000000aa01f800000000000000aa01f800000000000000aa01f800000000000000aa01f800000000000000aa01f800000000000000aa01f800000000
02:28:52.622 [DEBUG] [serial] RX 105 bytes: 000000aa01f800000000000000aa01f800000000000000aa01f800000000000000aa01f800000000000000aa01f800000000000000aa01f800000000000000aa01f800000000000000aa01f800000000000000aa01f800000000000000aa01f800000000000000aa01
02:28:52.730 [DEBUG] [serial] RX 102 bytes: f800000000000000aa01f800000000000000aa01f800000000000000aa01f800000000000000aa01f800000000000000aa01f800000000000000aa01f800000000000000aa01f800000000000000aa01f800000000000000aa01f800000000000000aa01f800
02:28:52.839 [DEBUG] [serial] RX 104 bytes: 000000000000aa01f800000000000000aa01f800000000000000aa01f800000000000000aa01f800000000000000aa01f800000000000000aa01f800000000000000aa01f800000000000000aa01f800000000000000aa01f800000000000000aa01f80000000000
02:28:52.948 [DEBUG] [serial] RX 104 bytes: 0000aa01f800000000000000aa01f800000000000000aa01f800000000000000aa01f800000000000000aa01f800000000000000aa01f800000000000000aa01f800000000000000aa01f800000000000000aa01f800000000000000aa01f800000000000000aa01
02:28:53.057 [DEBUG] [serial] RX 103 bytes: f800000000000000aa01f800000000000000aa01f800000000000000aa01f800000000000000aa01f800000000000000aa01f800000000000000aa01f800000000000000aa01f800000000000000aa01f800000000000000aa01f800000000000000aa01f80000
02:28:53.165 [DEBUG] [serial] RX 103 bytes: 0000000000aa01f800000000000000aa01f800000000000000aa01f800000000000000aa01f800000000000000aa01f800000000000000aa01f800000000000000aa01f800000000000000aa01f800000000000000aa01f800000000000000aa01f80000000000
02:28:53.274 [DEBUG] [serial] RX 103 bytes: 0000aa01f800000000000000aa01f800000000000000aa01f800000000000000aa01f800000000000000aa01f800000000000000aa01f800000000000000aa01f800000000000000aa01f800000000000000aa01f800000000000000aa01f800000000000000aa
02:28:53.384 [DEBUG] [serial] RX 105 bytes: 01f800000000000000aa01f800000000000000aa01f800000000000000aa01f800000000000000aa01f800000000000000aa01f800000000000000aa01f800000000000000aa01f800000000000000aa01f800000000000000aa01f800000000000000aa01f8000000
02:28:53.493 [DEBUG] [serial] RX 104 bytes: 00000000aa01f800000000000000aa01f800000000000000aa01f800000000000000aa01f800000000000000aa01f800000000000000aa01f800000000000000aa01f800000000000000aa01f800000000000000aa01f800000000000000aa01f800000000000000
02:28:53.602 [DEBUG] [serial] RX 103 bytes: aa01f800000000000000aa01f800000000000000aa01f800000000000000aa01f800000000000000aa01f800000000000000aa01f800000000000000aa01f800000000000000aa01f800000000000000aa01f800000000000000aa01f800000000000000aa01f8
02:28:53.710 [DEBUG] [serial] RX 104 bytes: 00000000000000aa01f800000000000000aa01f800000000000000aa01f800000000000000aa01f800000000000000aa01f800000000000000aa01f800000000000000aa01f800000000000000aa01f800000000000000aa01f800000000000000aa01f800000000
02:28:53.819 [DEBUG] [serial] RX 104 bytes: 000000aa01f800000000000000aa01f800000000000000aa01f800000000000000aa01f800000000000000aa01f800000000000000aa01f800000000000000aa01f800000000000000aa01f800000000000000aa01f800000000000000aa01f800000000000000aa
02:28:53.928 [DEBUG] [serial] RX 103 bytes: 01f800000000000000aa01f800000000000000aa01f800000000000000aa01f800000000000000aa01f800000000000000aa01f800000000000000aa01f800000000000000aa01f800000000000000aa01f800000000000000aa01f800000000000000aa01f800
02:28:53.929 [DEBUG] [serial] PKT #9000: flags=0x01 in=-2048 ds=0 flt=0
02:28:54.038 [DEBUG] [serial] RX 104 bytes: 000000000000aa01f800000000000000aa01f800000000000000aa01f800000000000000aa01f800000000000000aa01f800000000000000aa01f800000000000000aa01f800000000000000aa01f800000000000000aa01f800000000000000aa01f80000000000
02:28:54.145 [DEBUG] [serial] RX 102 bytes: 0000aa01f800000000000000aa01f800000000000000aa01f800000000000000aa01f800000000000000aa01f800000000000000aa01f800000000000000aa01f800000000000000aa01f800000000000000aa01f800000000000000aa01f800000000000000
02:28:54.253 [DEBUG] [serial] RX 104 bytes: aa01f800000000000000aa01f800000000000000aa01f800000000000000aa01f800000000000000aa01f800000000000000aa01f800000000000000aa01f800000000000000aa01f800000000000000aa01f800000000000000aa01f800000000000000aa01f800
02:28:54.365 [DEBUG] [serial] RX 105 bytes: 000000000000aa01f800000000000000aa01f800000000000000aa01f800000000000000aa01f800000000000000aa01f800000000000000aa01f800000000000000aa01f800000000000000aa01f800000000000000aa01f800000000000000aa01f8000000000000
02:28:54.473 [DEBUG] [serial] RX 103 bytes: 00aa01f800000000000000aa01f800000000000000aa01f800000000000000aa01f800000000000000aa01f800000000000000aa01f800000000000000aa01f800000000000000aa01f800000000000000aa01f800000000000000aa01f800000000000000aa01
02:28:54.582 [DEBUG] [serial] RX 104 bytes: f800000000000000aa01f800000000000000aa01f800000000000000aa01f800000000000000aa01f800000000000000aa01f800000000000000aa01f800000000000000aa01f800000000000000aa01f800000000000000aa01f800000000000000aa01f8000000
02:28:54.690 [DEBUG] [serial] RX 103 bytes: 00000000aa01f800000000000000aa01f800000000000000aa01f800000000000000aa01f800000000000000aa01f800000000000000aa01f800000000000000aa01f800000000000000aa01f800000000000000aa01f800000000000000aa01f8000000000000
02:28:54.800 [DEBUG] [serial] RX 105 bytes: 00aa01f800000000000000aa01f800000000000000aa01f800000000000000aa01f800000000000000aa01f800000000000000aa01f800000000000000aa01f800000000000000aa01f800000000000000aa01f800000000000000aa01f800000000000000aa01f800
02:28:54.908 [DEBUG] [serial] RX 102 bytes: 000000000000aa01f800000000000000aa01f800000000000000aa01f800000000000000aa01f800000000000000aa01f800000000000000aa01f800000000000000aa01f800000000000000aa01f800000000000000aa01f800000000000000aa01f8000000
02:28:55.017 [DEBUG] [serial] RX 105 bytes: 00000000aa01f800000000000000aa01f800000000000000aa01f800000000000000aa01f800000000000000aa01f800000000000000aa01f800000000000000aa01f800000000000000aa01f800000000000000aa01f800000000000000aa01f800000000000000aa
02:28:55.125 [DEBUG] [serial] RX 102 bytes: 01f800000000000000aa01f800000000000000aa01f800000000000000aa01f800000000000000aa01f800000000000000aa01f800000000000000aa01f800000000000000aa01f800000000000000aa01f800000000000000aa01f800000000000000aa01f8
02:28:55.234 [DEBUG] [serial] RX 103 bytes: 00000000000000aa01f800000000000000aa01f800000000000000aa01f800000000000000aa01f800000000000000aa01f800000000000000aa01f800000000000000aa01f800000000000000aa01f800000000000000aa01f800000000000000aa01f8000000
02:28:55.342 [DEBUG] [serial] RX 104 bytes: 00000000aa01f800000000000000aa01f800000000000000aa01f800000000000000aa01f800000000000000aa01f800000000000000aa01f800000000000000aa01f800000000000000aa01f800000000000000aa01f800000000000000aa01f800000000000000
02:28:55.452 [DEBUG] [serial] RX 105 bytes: aa01f800000000000000aa01f800000000000000aa01f800000000000000aa01f800000000000000aa01f800000000000000aa01f800000000000000aa01f800000000000000aa01f800000000000000aa01f800000000000000aa01f800000000000000aa01f80000
02:28:55.560 [DEBUG] [serial] RX 102 bytes: 0000000000aa01f800000000000000aa01f800000000000000aa01f800000000000000aa01f800000000000000aa01f800000000000000aa01f800000000000000aa01f800000000000000aa01f800000000000000aa01f800000000000000aa01f800000000
02:28:55.669 [DEBUG] [serial] RX 103 bytes: 000000aa01f800000000000000aa01f800000000000000aa01f800000000000000aa01f800000000000000aa01f800000000000000aa01f800000000000000aa01f800000000000000aa01f800000000000000aa01f800000000000000aa01f800000000000000
02:28:55.777 [DEBUG] [serial] RX 104 bytes: aa01f800000000000000aa01f800000000000000aa01f800000000000000aa01f800000000000000aa01f800000000000000aa01f800000000000000aa01f800000000000000aa01f800000000000000aa01f800000000000000aa01f800000000000000aa01f800
02:28:55.887 [DEBUG] [serial] RX 104 bytes: 000000000000aa01f800000000000000aa01f800000000000000aa01f800000000000000aa01f800000000000000aa01f800000000000000aa01f800000000000000aa01f800000000000000aa01f800000000000000aa01f800000000000000aa01f80000000000
02:28:55.996 [DEBUG] [serial] RX 104 bytes: 0000aa01f800000000000000aa01f800000000000000aa01f800000000000000aa01f800000000000000aa01f800000000000000aa01f800000000000000aa01f800000000000000aa01f800000000000000aa01f800000000000000aa01f800000000000000aa01
02:28:56.105 [DEBUG] [serial] RX 103 bytes: f800000000000000aa01f800000000000000aa01f800000000000000aa01f800000000000000aa01f800000000000000aa01f800000000000000aa01f800000000000000aa01f800000000000000aa01f800000000000000aa01f800000000000000aa01f80000
02:28:56.213 [DEBUG] [serial] RX 104 bytes: 0000000000aa01f800000000000000aa01f800000000000000aa01f800000000000000aa01f800000000000000aa01f800000000000000aa01f800000000000000aa01f800000000000000aa01f800000000000000aa01f800000000000000aa01f8000000000000
02:28:56.322 [DEBUG] [serial] RX 103 bytes: 00aa01f800000000000000aa01f800000000000000aa01f800000000000000aa01f800000000000000aa01f800000000000000aa01f800000000000000aa01f800000000000000aa01f800000000000000aa01f800000000000000aa01f800000000000000aa01
02:28:56.429 [DEBUG] [serial] RX 102 bytes: f800000000000000aa01f800000000000000aa01f800000000000000aa01f800000000000000aa01f800000000000000aa01f800000000000000aa01f800000000000000aa01f800000000000000aa01f800000000000000aa01f800000000000000aa01f800
02:28:56.538 [DEBUG] [serial] RX 104 bytes: 000000000000aa01f800000000000000aa01f800000000000000aa01f800000000000000aa01f800000000000000aa01f800000000000000aa01f800000000000000aa01f800000000000000aa01f800000000000000aa01f800000000000000aa01f80000000000
02:28:56.647 [DEBUG] [serial] RX 104 bytes: 0000aa01f800000000000000aa01f800000000000000aa01f800000000000000aa01f800000000000000aa01f800000000000000aa01f800000000000000aa01f800000000000000aa01f800000000000000aa01f800000000000000aa01f800000000000000aa01
02:28:56.756 [DEBUG] [serial] RX 103 bytes: f800000000000000aa01f800000000000000aa01f800000000000000aa01f800000000000000aa01f800000000000000aa01f800000000000000aa01f800000000000000aa01f800000000000000aa01f800000000000000aa01f800000000000000aa01f80000
02:28:56.865 [DEBUG] [serial] RX 103 bytes: 0000000000aa01f800000000000000aa01f800000000000000aa01f800000000000000aa01f800000000000000aa01f800000000000000aa01f800000000000000aa01f800000000000000aa01f800000000000000aa01f800000000000000aa01f80000000000
02:28:56.973 [DEBUG] [serial] RX 104 bytes: 0000aa01f800000000000000aa01f800000000000000aa01f800000000000000aa01f800000000000000aa01f800000000000000aa01f800000000000000aa01f800000000000000aa01f800000000000000aa01f800000000000000aa01f800000000000000aa01
02:28:57.083 [DEBUG] [serial] RX 105 bytes: f800000000000000aa01f800000000000000aa01f800000000000000aa01f800000000000000aa01f800000000000000aa01f800000000000000aa01f800000000000000aa01f800000000000000aa01f800000000000000aa01f800000000000000aa01f800000000
02:28:57.084 [INFO] [serial] Stats: 9302 pkts, 93033 bytes rx
02:28:57.193 [DEBUG] [serial] RX 103 bytes: 000000aa01f800000000000000aa01f800000000000000aa01f800000000000000aa01f800000000000000aa01f800000000000000aa01f800000000000000aa01f800000000000000aa01f800000000000000aa01f800000000000000aa01f800000000000000
02:28:57.302 [DEBUG] [serial] RX 104 bytes: aa01f800000000000000aa01f800000000000000aa01f800000000000000aa01f800000000000000aa01f800000000000000aa01f800000000000000aa01f800000000000000aa01f800000000000000aa01f800000000000000aa01f800000000000000aa01f800
02:28:57.410 [DEBUG] [serial] RX 104 bytes: 000000000000aa01f800000000000000aa01f800000000000000aa01f800000000000000aa01f800000000000000aa01f800000000000000aa01f800000000000000aa01f800000000000000aa01f800000000000000aa01f800000000000000aa01f80000000000
02:28:57.518 [DEBUG] [serial] RX 102 bytes: 0000aa01f800000000000000aa01f800000000000000aa01f800000000000000aa01f800000000000000aa01f800000000000000aa01f800000000000000aa01f800000000000000aa01f800000000000000aa01f800000000000000aa01f800000000000000
02:28:57.627 [DEBUG] [serial] RX 104 bytes: aa01f800000000000000aa01f800000000000000aa01f800000000000000aa01f800000000000000aa01f800000000000000aa01f800000000000000aa01f800000000000000aa01f800000000000000aa01f800000000000000aa01f800000000000000aa01f800
02:28:57.736 [DEBUG] [serial] RX 103 bytes: 000000000000aa01f800000000000000aa01f800000000000000aa01f800000000000000aa01f800000000000000aa01f800000000000000aa01f800000000000000aa01f800000000000000aa01f800000000000000aa01f800000000000000aa01f800000000
02:28:57.845 [DEBUG] [serial] RX 104 bytes: 000000aa01f800000000000000aa01f800000000000000aa01f800000000000000aa01f800000000000000aa01f800000000000000aa01f800000000000000aa01f800000000000000aa01f800000000000000aa01f800000000000000aa01f800000000000000aa
02:28:57.953 [DEBUG] [serial] RX 104 bytes: 01f800000000000000aa01f800000000000000aa01f800000000000000aa01f800000000000000aa01f800000000000000aa01f800000000000000aa01f800000000000000aa01f800000000000000aa01f800000000000000aa01f800000000000000aa01f80000
02:28:58.063 [DEBUG] [serial] RX 104 bytes: 0000000000aa01f800000000000000aa01f800000000000000aa01f800000000000000aa01f800000000000000aa01f800000000000000aa01f800000000000000aa01f800000000000000aa01f800000000000000aa01f800000000000000aa01f8000000000000
02:28:58.172 [DEBUG] [serial] RX 103 bytes: 00aa01f800000000000000aa01f800000000000000aa01f800000000000000aa01f800000000000000aa01f800000000000000aa01f800000000000000aa01f800000000000000aa01f800000000000000aa01f800000000000000aa01f800000000000000aa01
02:28:58.281 [DEBUG] [serial] RX 104 bytes: f800000000000000aa01f800000000000000aa01f800000000000000aa01f800000000000000aa01f800000000000000aa01f800000000000000aa01f800000000000000aa01f800000000000000aa01f800000000000000aa01f800000000000000aa01f8000000
02:28:58.389 [DEBUG] [serial] RX 103 bytes: 00000000aa01f800000000000000aa01f800000000000000aa01f800000000000000aa01f800000000000000aa01f800000000000000aa01f800000000000000aa01f800000000000000aa01f800000000000000aa01f800000000000000aa01f8000000000000
02:28:58.498 [DEBUG] [serial] RX 104 bytes: 00aa01f800000000000000aa01f800000000000000aa01f800000000000000aa01f800000000000000aa01f800000000000000aa01f800000000000000aa01f800000000000000aa01f800000000000000aa01f800000000000000aa01f800000000000000aa01f8
02:28:58.609 [DEBUG] [serial] RX 105 bytes: 00000000000000aa01f800000000000000aa01f800000000000000aa01f800000000000000aa01f800000000000000aa01f800000000000000aa01f800000000000000aa01f800000000000000aa01f800000000000000aa01f800000000000000aa01f80000000000
02:28:58.717 [DEBUG] [serial] RX 104 bytes: 0000aa01f800000000000000aa01f800000000000000aa01f800000000000000aa01f800000000000000aa01f800000000000000aa01f800000000000000aa01f800000000000000aa01f800000000000000aa01f800000000000000aa01f800000000000000aa01
02:28:58.826 [DEBUG] [serial] RX 103 bytes: f800000000000000aa01f800000000000000aa01f800000000000000aa01f800000000000000aa01f800000000000000aa01f800000000000000aa01f800000000000000aa01f800000000000000aa01f800000000000000aa01f800000000000000aa01f80000
02:28:58.936 [DEBUG] [serial] RX 104 bytes: 0000000000aa01f800000000000000aa01f800000000000000aa01f800000000000000aa01f800000000000000aa01f800000000000000aa01f800000000000000aa01f800000000000000aa01f800000000000000aa01f800000000000000aa01f8000000000000
02:28:59.045 [DEBUG] [serial] RX 104 bytes: 00aa01f800000000000000aa01f800000000000000aa01f800000000000000aa01f800000000000000aa01f800000000000000aa01f800000000000000aa01f800000000000000aa01f800000000000000aa01f800000000000000aa01f800000000000000aa01f8
02:28:59.154 [DEBUG] [serial] RX 104 bytes: 00000000000000aa01f800000000000000aa01f800000000000000aa01f800000000000000aa01f800000000000000aa01f800000000000000aa01f800000000000000aa01f800000000000000aa01f800000000000000aa01f800000000000000aa01f800000000
02:28:59.263 [DEBUG] [serial] RX 103 bytes: 000000aa01f800000000000000aa01f800000000000000aa01f800000000000000aa01f800000000000000aa01f800000000000000aa01f800000000000000aa01f800000000000000aa01f800000000000000aa01f800000000000000aa01f800000000000000
02:28:59.263 [DEBUG] [serial] PKT #9500: flags=0x01 in=-2048 ds=0 flt=0
02:28:59.372 [DEBUG] [serial] RX 105 bytes: aa01f800000000000000aa01f800000000000000aa01f800000000000000aa01f800000000000000aa01f800000000000000aa01f800000000000000aa01f800000000000000aa01f800000000000000aa01f800000000000000aa01f800000000000000aa01f80000
02:28:59.482 [DEBUG] [serial] RX 104 bytes: 0000000000aa01f800000000000000aa01f800000000000000aa01f800000000000000aa01f800000000000000aa01f800000000000000aa01f800000000000000aa01f800000000000000aa01f800000000000000aa01f800000000000000aa01f8000000000000
02:28:59.591 [DEBUG] [serial] RX 104 bytes: 00aa01f800000000000000aa01f800000000000000aa01f800000000000000aa01f800000000000000aa01f800000000000000aa01f800000000000000aa01f800000000000000aa01f800000000000000aa01f800000000000000aa01f800000000000000aa01f8
02:28:59.700 [DEBUG] [serial] RX 104 bytes: 00000000000000aa01f800000000000000aa01f800000000000000aa01f800000000000000aa01f800000000000000aa01f800000000000000aa01f800000000000000aa01f800000000000000aa01f800000000000000aa01f800000000000000aa01f800000000
02:28:59.809 [DEBUG] [serial] RX 103 bytes: 000000aa01f800000000000000aa01f800000000000000aa01f800000000000000aa01f800000000000000aa01f800000000000000aa01f800000000000000aa01f800000000000000aa01f800000000000000aa01f800000000000000aa01f800000000000000
02:28:59.920 [DEBUG] [serial] RX 106 bytes: aa01f800000000000000aa01f800000000000000aa01f800000000000000aa01f800000000000000aa01f800000000000000aa01f800000000000000aa01f800000000000000aa01f800000000000000aa01f800000000000000aa01f800000000000000aa01f8000000
02:29:00.029 [DEBUG] [serial] RX 104 bytes: 00000000aa01f800000000000000aa01f800000000000000aa01f800000000000000aa01f800000000000000aa01f800000000000000aa01f800000000000000aa01f800000000000000aa01f800000000000000aa01f800000000000000aa01f800000000000000
02:29:00.137 [DEBUG] [serial] RX 103 bytes: aa01f800000000000000aa01f800000000000000aa01f800000000000000aa01f800000000000000aa01f800000000000000aa01f800000000000000aa01f800000000000000aa01f800000000000000aa01f800000000000000aa01f800000000000000aa01f8
02:29:00.246 [DEBUG] [serial] RX 103 bytes: 00000000000000aa01f800000000000000aa01f800000000000000aa01f800000000000000aa01f800000000000000aa01f800000000000000aa01f800000000000000aa01f800000000000000aa01f800000000000000aa01f800000000000000aa01f8000000
02:29:00.354 [DEBUG] [serial] RX 103 bytes: 00000000aa01f800000000000000aa01f800000000000000aa01f800000000000000aa01f800000000000000aa01f800000000000000aa01f800000000000000aa01f800000000000000aa01f800000000000000aa01f800000000000000aa01f8000000000000
02:29:00.464 [DEBUG] [serial] RX 105 bytes: 00aa01f800000000000000aa01f800000000000000aa01f800000000000000aa01f800000000000000aa01f800000000000000aa01f800000000000000aa01f800000000000000aa01f800000000000000aa01f800000000000000aa01f800000000000000aa01f800
02:29:00.575 [DEBUG] [serial] RX 105 bytes: 000000000000aa01f800000000000000aa01f800000000000000aa01f800000000000000aa01f800000000000000aa01f800000000000000aa01f800000000000000aa01f800000000000000aa01f800000000000000aa01f800000000000000aa01f8000000000000
02:29:00.685 [DEBUG] [serial] RX 105 bytes: 00aa01f800000000000000aa01f800000000000000aa01f800000000000000aa01f800000000000000aa01f800000000000000aa01f800000000000000aa01f800000000000000aa01f800000000000000aa01f800000000000000aa01f800000000000000aa01f800
02:29:00.793 [DEBUG] [serial] RX 103 bytes: 000000000000aa01f800000000000000aa01f800000000000000aa01f800000000000000aa01f800000000000000aa01f800000000000000aa01f800000000000000aa01f800000000000000aa01f800000000000000aa01f800000000000000aa01f800000000
02:29:00.902 [DEBUG] [serial] RX 103 bytes: 000000aa01f800000000000000aa01f800000000000000aa01f800000000000000aa01f800000000000000aa01f800000000000000aa01f800000000000000aa01f800000000000000aa01f800000000000000aa01f800000000000000aa01f800000000000000
02:29:01.011 [DEBUG] [serial] RX 104 bytes: aa01f800000000000000aa01f800000000000000aa01f800000000000000aa01f800000000000000aa01f800000000000000aa01f800000000000000aa01f800000000000000aa01f800000000000000aa01f800000000000000aa01f800000000000000aa01f800
02:29:01.120 [DEBUG] [serial] RX 104 bytes: 000000000000aa01f800000000000000aa01f800000000000000aa01f800000000000000aa01f800000000000000aa01f800000000000000aa01f800000000000000aa01f800000000000000aa01f800000000000000aa01f800000000000000aa01f80000000000
02:29:01.229 [DEBUG] [serial] RX 104 bytes: 0000aa01f800000000000000aa01f800000000000000aa01f800000000000000aa01f800000000000000aa01f800000000000000aa01f800000000000000aa01f800000000000000aa01f800000000000000aa01f800000000000000aa01f800000000000000aa01
02:29:01.338 [DEBUG] [serial] RX 104 bytes: f800000000000000aa01f800000000000000aa01f800000000000000aa01f800000000000000aa01f800000000000000aa01f800000000000000aa01f800000000000000aa01f800000000000000aa01f800000000000000aa01f800000000000000aa01f8000000
02:29:01.447 [DEBUG] [serial] RX 103 bytes: 00000000aa01f800000000000000aa01f800000000000000aa01f800000000000000aa01f800000000000000aa01f800000000000000aa01f800000000000000aa01f800000000000000aa01f800000000000000aa01f800000000000000aa01f8000000000000
02:29:01.557 [DEBUG] [serial] RX 105 bytes: 00aa01f800000000000000aa01f800000000000000aa01f800000000000000aa01f800000000000000aa01f800000000000000aa01f800000000000000aa01f800000000000000aa01f800000000000000aa01f800000000000000aa01f800000000000000aa01f800
02:29:01.665 [DEBUG] [serial] RX 102 bytes: 000000000000aa01f800000000000000aa01f800000000000000aa01f800000000000000aa01f800000000000000aa01f800000000000000aa01f800000000000000aa01f800000000000000aa01f800000000000000aa01f800000000000000aa01f8000000
02:29:01.773 [DEBUG] [serial] RX 104 bytes: 00000000aa01f800000000000000aa01f800000000000000aa01f800000000000000aa01f800000000000000aa01f800000000000000aa01f800000000000000aa01f800000000000000aa01f800000000000000aa01f800000000000000aa01f800000000000000
02:29:01.882 [DEBUG] [serial] RX 104 bytes: aa01f800000000000000aa01f800000000000000aa01f800000000000000aa01f800000000000000aa01f800000000000000aa01f800000000000000aa01f800000000000000aa01f800000000000000aa01f800000000000000aa01f800000000000000aa01f800
02:29:01.992 [DEBUG] [serial] RX 104 bytes: 000000000000aa01f800000000000000aa01f800000000000000aa01f800000000000000aa01f800000000000000aa01f800000000000000aa01f800000000000000aa01f800000000000000aa01f800000000000000aa01f800000000000000aa01f80000000000
02:29:02.100 [DEBUG] [serial] RX 103 bytes: 0000aa01f800000000000000aa01f800000000000000aa01f800000000000000aa01f800000000000000aa01f800000000000000aa01f800000000000000aa01f800000000000000aa01f800000000000000aa01f800000000000000aa01f800000000000000aa
02:29:02.102 [INFO] [serial] Stats: 9780 pkts, 97807 bytes rx
02:29:02.212 [DEBUG] [serial] RX 107 bytes: 01f800000000000000aa01f800000000000000aa01f800000000000000aa01f800000000000000aa01f800000000000000aa01f800000000000000aa01f800000000000000aa01f800000000000000aa01f800000000000000aa01f800000000000000aa01f80000000000
02:29:02.323 [DEBUG] [serial] RX 104 bytes: 0000aa01f800000000000000aa01f800000000000000aa01f800000000000000aa01f800000000000000aa01f800000000000000aa01f800000000000000aa01f800000000000000aa01f800000000000000aa01f800000000000000aa01f800000000000000aa01
02:29:02.431 [DEBUG] [serial] RX 103 bytes: f800000000000000aa01f800000000000000aa01f800000000000000aa01f800000000000000aa01f800000000000000aa01f800000000000000aa01f800000000000000aa01f800000000000000aa01f800000000000000aa01f800000000000000aa01f80000
02:29:02.540 [DEBUG] [serial] RX 104 bytes: 0000000000aa01f800000000000000aa01f800000000000000aa01f800000000000000aa01f800000000000000aa01f800000000000000aa01f800000000000000aa01f800000000000000aa01f800000000000000aa01f800000000000000aa01f8000000000000
02:29:02.649 [DEBUG] [serial] RX 104 bytes: 00aa01f800000000000000aa01f800000000000000aa01f800000000000000aa01f800000000000000aa01f800000000000000aa01f800000000000000aa01f800000000000000aa01f800000000000000aa01f800000000000000aa01f800000000000000aa01f8
02:29:02.758 [DEBUG] [serial] RX 104 bytes: 00000000000000aa01f800000000000000aa01f800000000000000aa01f800000000000000aa01f800000000000000aa01f800000000000000aa01f800000000000000aa01f800000000000000aa01f800000000000000aa01f800000000000000aa01f800000000
02:29:02.866 [DEBUG] [serial] RX 103 bytes: 000000aa01f800000000000000aa01f800000000000000aa01f800000000000000aa01f800000000000000aa01f800000000000000aa01f800000000000000aa01f800000000000000aa01f800000000000000aa01f800000000000000aa01f800000000000000
02:29:02.975 [DEBUG] [serial] RX 103 bytes: aa01f800000000000000aa01f800000000000000aa01f800000000000000aa01f800000000000000aa01f800000000000000aa01f800000000000000aa01f800000000000000aa01f800000000000000aa01f800000000000000aa01f800000000000000aa01f8
02:29:03.084 [DEBUG] [serial] RX 105 bytes: 00000000000000aa01f800000000000000aa01f800000000000000aa01f800000000000000aa01f800000000000000aa01f800000000000000aa01f800000000000000aa01f800000000000000aa01f800000000000000aa01f800000000000000aa01f80000000000
02:29:03.193 [DEBUG] [serial] RX 103 bytes: 0000aa01f800000000000000aa01f800000000000000aa01f800000000000000aa01f800000000000000aa01f800000000000000aa01f800000000000000aa01f800000000000000aa01f800000000000000aa01f800000000000000aa01f800000000000000aa
02:29:03.302 [DEBUG] [serial] RX 104 bytes: 01f800000000000000aa01f800000000000000aa01f800000000000000aa01f800000000000000aa01f800000000000000aa01f800000000000000aa01f800000000000000aa01f800000000000000aa01f800000000000000aa01f800000000000000aa01f80000
02:29:03.409 [DEBUG] [serial] RX 102 bytes: 0000000000aa01f800000000000000aa01f800000000000000aa01f800000000000000aa01f800000000000000aa01f800000000000000aa01f800000000000000aa01f800000000000000aa01f800000000000000aa01f800000000000000aa01f800000000
02:29:03.518 [DEBUG] [serial] RX 103 bytes: 000000aa01f800000000000000aa01f800000000000000aa01f800000000000000aa01f800000000000000aa01f800000000000000aa01f800000000000000aa01f800000000000000aa01f800000000000000aa01f800000000000000aa01f800000000000000
02:29:03.628 [DEBUG] [serial] RX 104 bytes: aa01f800000000000000aa01f800000000000000aa01f800000000000000aa01f800000000000000aa01f800000000000000aa01f800000000000000aa01f800000000000000aa01f800000000000000aa01f800000000000000aa01f800000000000000aa01f800
02:29:03.736 [DEBUG] [serial] RX 103 bytes: 000000000000aa01f800000000000000aa01f800000000000000aa01f800000000000000aa01f800000000000000aa01f800000000000000aa01f800000000000000aa01f800000000000000aa01f800000000000000aa01f800000000000000aa01f800000000
02:29:03.845 [DEBUG] [serial] RX 104 bytes: 000000aa01f800000000000000aa01f800000000000000aa01f800000000000000aa01f800000000000000aa01f800000000000000aa01f800000000000000aa01f800000000000000aa01f800000000000000aa01f800000000000000aa01f800000000000000aa
02:29:03.954 [DEBUG] [serial] RX 104 bytes: 01f800000000000000aa01f800000000000000aa01f800000000000000aa01f800000000000000aa01f800000000000000aa01f800000000000000aa01f800000000000000aa01f800000000000000aa01f800000000000000aa01f800000000000000aa01f80000
02:29:04.063 [DEBUG] [serial] RX 103 bytes: 0000000000aa01f800000000000000aa01f800000000000000aa01f800000000000000aa01f800000000000000aa01f800000000000000aa01f800000000000000aa01f800000000000000aa01f800000000000000aa01f800000000000000aa01f80000000000
02:29:04.171 [DEBUG] [serial] RX 104 bytes: 0000aa01f800000000000000aa01f800000000000000aa01f800000000000000aa01f800000000000000aa01f800000000000000aa01f800000000000000aa01f800000000000000aa01f800000000000000aa01f800000000000000aa01f800000000000000aa01
02:29:04.282 [DEBUG] [serial] RX 105 bytes: f800000000000000aa01f800000000000000aa01f800000000000000aa01f800000000000000aa01f800000000000000aa01f800000000000000aa01f800000000000000aa01f800000000000000aa01f800000000000000aa01f800000000000000aa01f800000000
02:29:04.390 [DEBUG] [serial] RX 102 bytes: 000000aa01f800000000000000aa01f800000000000000aa01f800000000000000aa01f800000000000000aa01f800000000000000aa01f800000000000000aa01f800000000000000aa01f800000000000000aa01f800000000000000aa01f8000000000000
02:29:04.499 [DEBUG] [serial] RX 105 bytes: 00aa01f800000000000000aa01f800000000000000aa01f800000000000000aa01f800000000000000aa01f800000000000000aa01f800000000000000aa01f800000000000000aa01f800000000000000aa01f800000000000000aa01f800000000000000aa01f800
02:29:04.500 [DEBUG] [serial] PKT #10000: flags=0x01 in=-2048 ds=0 flt=0
02:29:04.609 [DEBUG] [serial] RX 104 bytes: 000000000000aa01f800000000000000aa01f800000000000000aa01f800000000000000aa01f800000000000000aa01f800000000000000aa01f800000000000000aa01f800000000000000aa01f800000000000000aa01f800000000000000aa01f80000000000
02:29:04.717 [DEBUG] [serial] RX 103 bytes: 0000aa01f800000000000000aa01f800000000000000aa01f800000000000000aa01f800000000000000aa01f800000000000000aa01f800000000000000aa01f800000000000000aa01f800000000000000aa01f800000000000000aa01f800000000000000aa
02:29:04.827 [DEBUG] [serial] RX 105 bytes: 01f800000000000000aa01f800000000000000aa01f800000000000000aa01f800000000000000aa01f800000000000000aa01f800000000000000aa01f800000000000000aa01f800000000000000aa01f800000000000000aa01f800000000000000aa01f8000000
02:29:04.936 [DEBUG] [serial] RX 103 bytes: 00000000aa01f800000000000000aa01f800000000000000aa01f800000000000000aa01f800000000000000aa01f800000000000000aa01f800000000000000aa01f800000000000000aa01f800000000000000aa01f800000000000000aa01f8000000000000
02:29:05.045 [DEBUG] [serial] RX 104 bytes: 00aa01f800000000000000aa01f800000000000000aa01f800000000000000aa01f800000000000000aa01f800000000000000aa01f800000000000000aa01f800000000000000aa01f800000000000000aa01f800000000000000aa01f800000000000000aa01f8
02:29:05.155 [DEBUG] [serial] RX 105 bytes: 00000000000000aa01f800000000000000aa01f800000000000000aa01f800000000000000aa01f800000000000000aa01f800000000000000aa01f800000000000000aa01f800000000000000aa01f800000000000000aa01f800000000000000aa01f80000000000
02:29:05.263 [DEBUG] [serial] RX 103 bytes: 0000aa01f800000000000000aa01f800000000000000aa01f800000000000000aa01f800000000000000aa01f800000000000000aa01f800000000000000aa01f800000000000000aa01f800000000000000aa01f800000000000000aa01f800000000000000aa
02:29:05.372 [DEBUG] [serial] RX 103 bytes: 01f800000000000000aa01f800000000000000aa01f800000000000000aa01f800000000000000aa01f800000000000000aa01f800000000000000aa01f800000000000000aa01f800000000000000aa01f800000000000000aa01f800000000000000aa01f800
02:29:05.482 [DEBUG] [serial] RX 105 bytes: 000000000000aa01f800000000000000aa01f800000000000000aa01f800000000000000aa01f800000000000000aa01f800000000000000aa01f800000000000000aa01f800000000000000aa01f800000000000000aa01f800000000000000aa01f8000000000000
02:29:05.591 [DEBUG] [serial] RX 103 bytes: 00aa01f800000000000000aa01f800000000000000aa01f800000000000000aa01f800000000000000aa01f800000000000000aa01f800000000000000aa01f800000000000000aa01f800000000000000aa01f800000000000000aa01f800000000000000aa01
02:29:05.699 [DEBUG] [serial] RX 104 bytes: f800000000000000aa01f800000000000000aa01f800000000000000aa01f800000000000000aa01f800000000000000aa01f800000000000000aa01f800000000000000aa01f800000000000000aa01f800000000000000aa01f800000000000000aa01f8000000
02:29:05.809 [DEBUG] [serial] RX 104 bytes: 00000000aa01f800000000000000aa01f800000000000000aa01f800000000000000aa01f800000000000000aa01f800000000000000aa01f800000000000000aa01f800000000000000aa01f800000000000000aa01f800000000000000aa01f800000000000000
02:29:05.919 [DEBUG] [serial] RX 105 bytes: aa01f800000000000000aa01f800000000000000aa01f800000000000000aa01f800000000000000aa01f800000000000000aa01f800000000000000aa01f800000000000000aa01f800000000000000aa01f800000000000000aa01f800000000000000aa01f80000
02:29:06.026 [DEBUG] [serial] RX 101 bytes: 0000000000aa01f800000000000000aa01f800000000000000aa01f800000000000000aa01f800000000000000aa01f800000000000000aa01f800000000000000aa01f800000000000000aa01f800000000000000aa01f800000000000000aa01f8000000
02:29:06.136 [DEBUG] [serial] RX 105 bytes: 00000000aa01f800000000000000aa01f800000000000000aa01f800000000000000aa01f800000000000000aa01f800000000000000aa01f800000000000000aa01f800000000000000aa01f800000000000000aa01f800000000000000aa01f800000000000000aa
02:29:06.245 [DEBUG] [serial] RX 104 bytes: 01f800000000000000aa01f800000000000000aa01f800000000000000aa01f800000000000000aa01f800000000000000aa01f800000000000000aa01f800000000000000aa01f800000000000000aa01f800000000000000aa01f800000000000000aa01f80000
02:29:06.353 [DEBUG] [serial] RX 103 bytes: 0000000000aa01f800000000000000aa01f800000000000000aa01f800000000000000aa01f800000000000000aa01f800000000000000aa01f800000000000000aa01f800000000000000aa01f800000000000000aa01f800000000000000aa01f80000000000
02:29:06.462 [DEBUG] [serial] RX 104 bytes: 0000aa01f800000000000000aa01f800000000000000aa01f800000000000000aa01f800000000000000aa01f800000000000000aa01f800000000000000aa01f800000000000000aa01f800000000000000aa01f800000000000000aa01f800000000000000aa01
02:29:06.572 [DEBUG] [serial] RX 104 bytes: f800000000000000aa01f800000000000000aa01f800000000000000aa01f800000000000000aa01f800000000000000aa01f800000000000000aa01f800000000000000aa01f800000000000000aa01f800000000000000aa01f800000000000000aa01f8000000
02:29:06.682 [DEBUG] [serial] RX 104 bytes: 00000000aa01f800000000000000aa01f800000000000000aa01f800000000000000aa01f800000000000000aa01f800000000000000aa01f800000000000000aa01f800000000000000aa01f800000000000000aa01f800000000000000aa01f800000000000000
02:29:06.790 [DEBUG] [serial] RX 103 bytes: aa01f800000000000000aa01f800000000000000aa01f800000000000000aa01f800000000000000aa01f800000000000000aa01f800000000000000aa01f800000000000000aa01f800000000000000aa01f800000000000000aa01f800000000000000aa01f8
02:29:06.900 [DEBUG] [serial] RX 106 bytes: 00000000000000aa01f800000000000000aa01f800000000000000aa01f800000000000000aa01f800000000000000aa01f800000000000000aa01f800000000000000aa01f800000000000000aa01f800000000000000aa01f800000000000000aa01f8000000000000
02:29:07.009 [DEBUG] [serial] RX 103 bytes: 00aa01f800000000000000aa01f800000000000000aa01f800000000000000aa01f800000000000000aa01f800000000000000aa01f800000000000000aa01f800000000000000aa01f800000000000000aa01f800000000000000aa01f800000000000000aa01
02:29:07.118 [DEBUG] [serial] RX 104 bytes: f800000000000000aa01f800000000000000aa01f800000000000000aa01f800000000000000aa01f800000000000000aa01f800000000000000aa01f800000000000000aa01f800000000000000aa01f800000000000000aa01f800000000000000aa01f8000000
02:29:07.119 [INFO] [serial] Stats: 10257 pkts, 102582 bytes rx
02:29:07.227 [DEBUG] [serial] RX 104 bytes: 00000000aa01f800000000000000aa01f800000000000000aa01f800000000000000aa01f800000000000000aa01f800000000000000aa01f800000000000000aa01f800000000000000aa01f800000000000000aa01f800000000000000aa01f800000000000000
02:29:07.336 [DEBUG] [serial] RX 104 bytes: aa01f800000000000000aa01f800000000000000aa01f800000000000000aa01f800000000000000aa01f800000000000000aa01f800000000000000aa01f800000000000000aa01f800000000000000aa01f800000000000000aa01f800000000000000aa01f800
02:29:07.445 [DEBUG] [serial] RX 103 bytes: 000000000000aa01f800000000000000aa01f800000000000000aa01f800000000000000aa01f800000000000000aa01f800000000000000aa01f800000000000000aa01f800000000000000aa01f800000000000000aa01f800000000000000aa01f800000000
02:29:07.553 [DEBUG] [serial] RX 102 bytes: 000000aa01f800000000000000aa01f800000000000000aa01f800000000000000aa01f800000000000000aa01f800000000000000aa01f800000000000000aa01f800000000000000aa01f800000000000000aa01f800000000000000aa01f8000000000000
02:29:07.662 [DEBUG] [serial] RX 104 bytes: 00aa01f800000000000000aa01f800000000000000aa01f800000000000000aa01f800000000000000aa01f800000000000000aa01f800000000000000aa01f800000000000000aa01f800000000000000aa01f800000000000000aa01f800000000000000aa01f8
02:29:07.770 [DEBUG] [serial] RX 104 bytes: 00000000000000aa01f800000000000000aa01f800000000000000aa01f800000000000000aa01f800000000000000aa01f800000000000000aa01f800000000000000aa01f800000000000000aa01f800000000000000aa01f800000000000000aa01f800000000
02:29:07.879 [DEBUG] [serial] RX 103 bytes: 000000aa01f800000000000000aa01f800000000000000aa01f800000000000000aa01f800000000000000aa01f800000000000000aa01f800000000000000aa01f800000000000000aa01f800000000000000aa01f800000000000000aa01f800000000000000
02:29:07.989 [DEBUG] [serial] RX 105 bytes: aa01f800000000000000aa01f800000000000000aa01f800000000000000aa01f800000000000000aa01f800000000000000aa01f800000000000000aa01f800000000000000aa01f800000000000000aa01f800000000000000aa01f800000000000000aa01f80000
02:29:08.098 [DEBUG] [serial] RX 103 bytes: 0000000000aa01f800000000000000aa01f800000000000000aa01f800000000000000aa01f800000000000000aa01f800000000000000aa01f800000000000000aa01f800000000000000aa01f800000000000000aa01f800000000000000aa01f80000000000
02:29:08.206 [DEBUG] [serial] RX 103 bytes: 0000aa01f800000000000000aa01f800000000000000aa01f800000000000000aa01f800000000000000aa01f800000000000000aa01f800000000000000aa01f800000000000000aa01f800000000000000aa01f800000000000000aa01f800000000000000aa
02:29:08.313 [DEBUG] [serial] RX 102 bytes: 01f800000000000000aa01f800000000000000aa01f800000000000000aa01f800000000000000aa01f800000000000000aa01f800000000000000aa01f800000000000000aa01f800000000000000aa01f800000000000000aa01f800000000000000aa01f8
02:29:08.422 [DEBUG] [serial] RX 103 bytes: 00000000000000aa01f800000000000000aa01f800000000000000aa01f800000000000000aa01f800000000000000aa01f800000000000000aa01f800000000000000aa01f800000000000000aa01f800000000000000aa01f800000000000000aa01f8000000
02:29:08.529 [DEBUG] [serial] RX 103 bytes: 00000000aa01f800000000000000aa01f800000000000000aa01f800000000000000aa01f800000000000000aa01f800000000000000aa01f800000000000000aa01f800000000000000aa01f800000000000000aa01f800000000000000aa01f8000000000000
02:29:08.638 [DEBUG] [serial] RX 104 bytes: 00aa01f800000000000000aa01f800000000000000aa01f800000000000000aa01f800000000000000aa01f800000000000000aa01f800000000000000aa01f800000000000000aa01f800000000000000aa01f800000000000000aa01f800000000000000aa01f8
02:29:08.747 [DEBUG] [serial] RX 103 bytes: 00000000000000aa01f800000000000000aa01f800000000000000aa01f800000000000000aa01f800000000000000aa01f800000000000000aa01f800000000000000aa01f800000000000000aa01f800000000000000aa01f800000000000000aa01f8000000
02:29:08.855 [DEBUG] [serial] RX 103 bytes: 00000000aa01f800000000000000aa01f800000000000000aa01f800000000000000aa01f800000000000000aa01f800000000000000aa01f800000000000000aa01f800000000000000aa01f800000000000000aa01f800000000000000aa01f8000000000000
02:29:08.963 [DEBUG] [serial] RX 103 bytes: 00aa01f800000000000000aa01f800000000000000aa01f800000000000000aa01f800000000000000aa01f800000000000000aa01f800000000000000aa01f800000000000000aa01f800000000000000aa01f800000000000000aa01f800000000000000aa01
02:29:09.073 [DEBUG] [serial] RX 105 bytes: f800000000000000aa01f800000000000000aa01f800000000000000aa01f800000000000000aa01f800000000000000aa01f800000000000000aa01f800000000000000aa01f800000000000000aa01f800000000000000aa01f800000000000000aa01f800000000
02:29:09.182 [DEBUG] [serial] RX 103 bytes: 000000aa01f800000000000000aa01f800000000000000aa01f800000000000000aa01f800000000000000aa01f800000000000000aa01f800000000000000aa01f800000000000000aa01f800000000000000aa01f800000000000000aa01f800000000000000
02:29:09.291 [DEBUG] [serial] RX 103 bytes: aa01f800000000000000aa01f800000000000000aa01f800000000000000aa01f800000000000000aa01f800000000000000aa01f800000000000000aa01f800000000000000aa01f800000000000000aa01f800000000000000aa01f800000000000000aa01f8
02:29:09.400 [DEBUG] [serial] RX 104 bytes: 00000000000000aa01f800000000000000aa01f800000000000000aa01f800000000000000aa01f800000000000000aa01f800000000000000aa01f800000000000000aa01f800000000000000aa01f800000000000000aa01f800000000000000aa01f800000000
02:29:09.509 [DEBUG] [serial] RX 104 bytes: 000000aa01f800000000000000aa01f800000000000000aa01f800000000000000aa01f800000000000000aa01f800000000000000aa01f800000000000000aa01f800000000000000aa01f800000000000000aa01f800000000000000aa01f800000000000000aa
02:29:09.617 [DEBUG] [serial] RX 103 bytes: 01f800000000000000aa01f800000000000000aa01f800000000000000aa01f800000000000000aa01f800000000000000aa01f800000000000000aa01f800000000000000aa01f800000000000000aa01f800000000000000aa01f800000000000000aa01f800
02:29:09.725 [DEBUG] [serial] RX 103 bytes: 000000000000aa01f800000000000000aa01f800000000000000aa01f800000000000000aa01f800000000000000aa01f800000000000000aa01f800000000000000aa01f800000000000000aa01f800000000000000aa01f800000000000000aa01f800000000
02:29:09.726 [DEBUG] [serial] PKT #10500: flags=0x01 in=-2048 ds=0 flt=0
02:29:09.833 [DEBUG] [serial] RX 103 bytes: 000000aa01f800000000000000aa01f800000000000000aa01f800000000000000aa01f800000000000000aa01f800000000000000aa01f800000000000000aa01f800000000000000aa01f800000000000000aa01f800000000000000aa01f800000000000000
02:29:09.942 [DEBUG] [serial] RX 104 bytes: aa01f800000000000000aa01f800000000000000aa01f800000000000000aa01f800000000000000aa01f800000000000000aa01f800000000000000aa01f800000000000000aa01f800000000000000aa01f800000000000000aa01f800000000000000aa01f800
02:29:10.052 [DEBUG] [serial] RX 104 bytes: 000000000000aa01f800000000000000aa01f800000000000000aa01f800000000000000aa01f800000000000000aa01f800000000000000aa01f800000000000000aa01f800000000000000aa01f800000000000000aa01f800000000000000aa01f80000000000
02:29:10.160 [DEBUG] [serial] RX 103 bytes: 0000aa01f800000000000000aa01f800000000000000aa01f800000000000000aa01f800000000000000aa01f800000000000000aa01f800000000000000aa01f800000000000000aa01f800000000000000aa01f800000000000000aa01f800000000000000aa
02:29:10.271 [DEBUG] [serial] RX 105 bytes: 01f800000000000000aa01f800000000000000aa01f800000000000000aa01f800000000000000aa01f800000000000000aa01f800000000000000aa01f800000000000000aa01f800000000000000aa01f800000000000000aa01f800000000000000aa01f8000000
02:29:10.379 [DEBUG] [serial] RX 103 bytes: 00000000aa01f800000000000000aa01f800000000000000aa01f800000000000000aa01f800000000000000aa01f800000000000000aa01f800000000000000aa01f800000000000000aa01f800000000000000aa01f800000000000000aa01f8000000000000
02:29:10.489 [DEBUG] [serial] RX 105 bytes: 00aa01f800000000000000aa01f800000000000000aa01f800000000000000aa01f800000000000000aa01f800000000000000aa01f800000000000000aa01f800000000000000aa01f800000000000000aa01f800000000000000aa01f800000000000000aa01f800
02:29:10.598 [DEBUG] [serial] RX 104 bytes: 000000000000aa01f800000000000000aa01f800000000000000aa01f800000000000000aa01f800000000000000aa01f800000000000000aa01f800000000000000aa01f800000000000000aa01f800000000000000aa01f800000000000000aa01f80000000000
02:29:10.705 [DEBUG] [serial] RX 102 bytes: 0000aa01f800000000000000aa01f800000000000000aa01f800000000000000aa01f800000000000000aa01f800000000000000aa01f800000000000000aa01f800000000000000aa01f800000000000000aa01f800000000000000aa01f800000000000000
02:29:10.813 [DEBUG] [serial] RX 103 bytes: aa01f800000000000000aa01f800000000000000aa01f800000000000000aa01f800000000000000aa01f800000000000000aa01f800000000000000aa01f800000000000000aa01f800000000000000aa01f800000000000000aa01f800000000000000aa01f8
02:29:10.924 [DEBUG] [serial] RX 105 bytes: 00000000000000aa01f800000000000000aa01f800000000000000aa01f800000000000000aa01f800000000000000aa01f800000000000000aa01f800000000000000aa01f800000000000000aa01f800000000000000aa01f800000000000000aa01f80000000000
02:29:11.034 [DEBUG] [serial] RX 104 bytes: 0000aa01f800000000000000aa01f800000000000000aa01f800000000000000aa01f800000000000000aa01f800000000000000aa01f800000000000000aa01f800000000000000aa01f800000000000000aa01f800000000000000aa01f800000000000000aa01
02:29:11.143 [DEBUG] [serial] RX 104 bytes: f800000000000000aa01f800000000000000aa01f800000000000000aa01f800000000000000aa01f800000000000000aa01f800000000000000aa01f800000000000000aa01f800000000000000aa01f800000000000000aa01f800000000000000aa01f8000000
02:29:11.252 [DEBUG] [serial] RX 103 bytes: 00000000aa01f800000000000000aa01f800000000000000aa01f800000000000000aa01f800000000000000aa01f800000000000000aa01f800000000000000aa01f800000000000000aa01f800000000000000aa01f800000000000000aa01f8000000000000
02:29:11.360 [DEBUG] [serial] RX 104 bytes: 00aa01f800000000000000aa01f800000000000000aa01f800000000000000aa01f800000000000000aa01f800000000000000aa01f800000000000000aa01f800000000000000aa01f800000000000000aa01f800000000000000aa01f800000000000000aa01f8
02:29:11.469 [DEBUG] [serial] RX 104 bytes: 00000000000000aa01f800000000000000aa01f800000000000000aa01f800000000000000aa01f800000000000000aa01f800000000000000aa01f800000000000000aa01f800000000000000aa01f800000000000000aa01f800000000000000aa01f800000000
02:29:11.578 [DEBUG] [serial] RX 103 bytes: 000000aa01f800000000000000aa01f800000000000000aa01f800000000000000aa01f800000000000000aa01f800000000000000aa01f800000000000000aa01f800000000000000aa01f800000000000000aa01f800000000000000aa01f800000000000000
02:29:11.686 [DEBUG] [serial] RX 102 bytes: aa01f800000000000000aa01f800000000000000aa01f800000000000000aa01f800000000000000aa01f800000000000000aa01f800000000000000aa01f800000000000000aa01f800000000000000aa01f800000000000000aa01f800000000000000aa01
02:29:11.794 [DEBUG] [serial] RX 104 bytes: f800000000000000aa01f800000000000000aa01f800000000000000aa01f800000000000000aa01f800000000000000aa01f800000000000000aa01f800000000000000aa01f800000000000000aa01f800000000000000aa01f800000000000000aa01f8000000
02:29:11.904 [DEBUG] [serial] RX 105 bytes: 00000000aa01f800000000000000aa01f800000000000000aa01f800000000000000aa01f800000000000000aa01f800000000000000aa01f800000000000000aa01f800000000000000aa01f800000000000000aa01f800000000000000aa01f800000000000000aa
02:29:12.013 [DEBUG] [serial] RX 103 bytes: 01f800000000000000aa01f800000000000000aa01f800000000000000aa01f800000000000000aa01f800000000000000aa01f800000000000000aa01f800000000000000aa01f800000000000000aa01f800000000000000aa01f800000000000000aa01f800
02:29:12.121 [DEBUG] [serial] RX 103 bytes: 000000000000aa01f800000000000000aa01f800000000000000aa01f800000000000000aa01f800000000000000aa01f800000000000000aa01f800000000000000aa01f800000000000000aa01f800000000000000aa01f800000000000000aa01f800000000
02:29:12.123 [INFO] [serial] Stats: 10733 pkts, 107343 bytes rx
02:29:12.230 [DEBUG] [serial] RX 104 bytes: 000000aa01f800000000000000aa01f800000000000000aa01f800000000000000aa01f800000000000000aa01f800000000000000aa01f800000000000000aa01f800000000000000aa01f800000000000000aa01f800000000000000aa01f800000000000000aa
02:29:12.339 [DEBUG] [serial] RX 103 bytes: 01f800000000000000aa01f800000000000000aa01f800000000000000aa01f800000000000000aa01f800000000000000aa01f800000000000000aa01f800000000000000aa01f800000000000000aa01f800000000000000aa01f800000000000000aa01f800
02:29:12.448 [DEBUG] [serial] RX 104 bytes: 000000000000aa01f800000000000000aa01f800000000000000aa01f800000000000000aa01f800000000000000aa01f800000000000000aa01f800000000000000aa01f800000000000000aa01f800000000000000aa01f800000000000000aa01f80000000000
02:29:12.558 [DEBUG] [serial] RX 104 bytes: 0000aa01f800000000000000aa01f800000000000000aa01f800000000000000aa01f800000000000000aa01f800000000000000aa01f800000000000000aa01f800000000000000aa01f800000000000000aa01f800000000000000aa01f800000000000000aa01
02:29:12.666 [DEBUG] [serial] RX 104 bytes: f800000000000000aa01f800000000000000aa01f800000000000000aa01f800000000000000aa01f800000000000000aa01f800000000000000aa01f800000000000000aa01f800000000000000aa01f800000000000000aa01f800000000000000aa01f8000000
02:29:12.774 [DEBUG] [serial] RX 102 bytes: 00000000aa01f800000000000000aa01f800000000000000aa01f800000000000000aa01f800000000000000aa01f800000000000000aa01f800000000000000aa01f800000000000000aa01f800000000000000aa01f800000000000000aa01f80000000000
02:29:12.881 [DEBUG] [serial] RX 103 bytes: 0000aa01f800000000000000aa01f800000000000000aa01f800000000000000aa01f800000000000000aa01f800000000000000aa01f800000000000000aa01f800000000000000aa01f800000000000000aa01f800000000000000aa01f800000000000000aa
02:29:12.992 [DEBUG] [serial] RX 104 bytes: 01f800000000000000aa01f800000000000000aa01f800000000000000aa01f800000000000000aa01f800000000000000aa01f800000000000000aa01f800000000000000aa01f800000000000000aa01f800000000000000aa01f800000000000000aa01f80000
02:29:13.100 [DEBUG] [serial] RX 104 bytes: 0000000000aa01f800000000000000aa01f800000000000000aa01f800000000000000aa01f800000000000000aa01f800000000000000aa01f800000000000000aa01f800000000000000aa01f800000000000000aa01f800000000000000aa01f8000000000000
02:29:13.210 [DEBUG] [serial] RX 104 bytes: 00aa01f800000000000000aa01f800000000000000aa01f800000000000000aa01f800000000000000aa01f800000000000000aa01f800000000000000aa01f800000000000000aa01f800000000000000aa01f800000000000000aa01f800000000000000aa01f8
02:29:13.320 [DEBUG] [serial] RX 105 bytes: 00000000000000aa01f800000000000000aa01f800000000000000aa01f800000000000000aa01f800000000000000aa01f800000000000000aa01f800000000000000aa01f800000000000000aa01f800000000000000aa01f800000000000000aa01f80000000000
02:29:13.429 [DEBUG] [serial] RX 104 bytes: 0000aa01f800000000000000aa01f800000000000000aa01f800000000000000aa01f800000000000000aa01f800000000000000aa01f800000000000000aa01f800000000000000aa01f800000000000000aa01f800000000000000aa01f800000000000000aa01
02:29:13.538 [DEBUG] [serial] RX 103 bytes: f800000000000000aa01f800000000000000aa01f800000000000000aa01f800000000000000aa01f800000000000000aa01f800000000000000aa01f800000000000000aa01f800000000000000aa01f800000000000000aa01f800000000000000aa01f80000
02:29:13.647 [DEBUG] [serial] RX 104 bytes: 0000000000aa01f800000000000000aa01f800000000000000aa01f800000000000000aa01f800000000000000aa01f800000000000000aa01f800000000000000aa01f800000000000000aa01f800000000000000aa01f800000000000000aa01f8000000000000
02:29:13.756 [DEBUG] [serial] RX 103 bytes: 00aa01f800000000000000aa01f800000000000000aa01f800000000000000aa01f800000000000000aa01f800000000000000aa01f800000000000000aa01f800000000000000aa01f800000000000000aa01f800000000000000aa01f800000000000000aa01
02:29:13.865 [DEBUG] [serial] RX 104 bytes: f800000000000000aa01f800000000000000aa01f800000000000000aa01f800000000000000aa01f800000000000000aa01f800000000000000aa01f800000000000000aa01f800000000000000aa01f800000000000000aa01f800000000000000aa01f8000000
02:29:13.974 [DEBUG] [serial] RX 105 bytes: 00000000aa01f800000000000000aa01f800000000000000aa01f800000000000000aa01f800000000000000aa01f800000000000000aa01f800000000000000aa01f800000000000000aa01f800000000000000aa01f800000000000000aa01f800000000000000aa
02:29:14.083 [DEBUG] [serial] RX 103 bytes: 01f800000000000000aa01f800000000000000aa01f800000000000000aa01f800000000000000aa01f800000000000000aa01f800000000000000aa01f800000000000000aa01f800000000000000aa01f800000000000000aa01f800000000000000aa01f800
02:29:14.190 [DEBUG] [serial] RX 102 bytes: 000000000000aa01f800000000000000aa01f800000000000000aa01f800000000000000aa01f800000000000000aa01f800000000000000aa01f800000000000000aa01f800000000000000aa01f800000000000000aa01f800000000000000aa01f8000000
02:29:14.299 [DEBUG] [serial] RX 104 bytes: 00000000aa01f800000000000000aa01f800000000000000aa01f800000000000000aa01f800000000000000aa01f800000000000000aa01f800000000000000aa01f800000000000000aa01f800000000000000aa01f800000000000000aa01f800000000000000
02:29:14.409 [DEBUG] [serial] RX 104 bytes: aa01f800000000000000aa01f800000000000000aa01f800000000000000aa01f800000000000000aa01f800000000000000aa01f800000000000000aa01f800000000000000aa01f800000000000000aa01f800000000000000aa01f800000000000000aa01f800
02:29:14.519 [DEBUG] [serial] RX 105 bytes: 000000000000aa01f800000000000000aa01f800000000000000aa01f800000000000000aa01f800000000000000aa01f800000000000000aa01f800000000000000aa01f800000000000000aa01f800000000000000aa01f800000000000000aa01f8000000000000
02:29:14.629 [DEBUG] [serial] RX 105 bytes: 00aa01f800000000000000aa01f800000000000000aa01f800000000000000aa01f800000000000000aa01f800000000000000aa01f800000000000000aa01f800000000000000aa01f800000000000000aa01f800000000000000aa01f800000000000000aa01f800
02:29:14.738 [DEBUG] [serial] RX 103 bytes: 000000000000aa01f800000000000000aa01f800000000000000aa01f800000000000000aa01f800000000000000aa01f800000000000000aa01f800000000000000aa01f800000000000000aa01f800000000000000aa01f800000000000000aa01f800000000
02:29:14.848 [DEBUG] [serial] RX 105 bytes: 000000aa01f800000000000000aa01f800000000000000aa01f800000000000000aa01f800000000000000aa01f800000000000000aa01f800000000000000aa01f800000000000000aa01f800000000000000aa01f800000000000000aa01f800000000000000aa01
02:29:14.958 [DEBUG] [serial] RX 104 bytes: f800000000000000aa01f800000000000000aa01f800000000000000aa01f800000000000000aa01f800000000000000aa01f800000000000000aa01f800000000000000aa01f800000000000000aa01f800000000000000aa01f800000000000000aa01f8000000
02:29:14.958 [DEBUG] [serial] PKT #11000: flags=0x01 in=-2048 ds=0 flt=0
02:29:15.065 [DEBUG] [serial] RX 103 bytes: 00000000aa01f800000000000000aa01f800000000000000aa01f800000000000000aa01f800000000000000aa01f800000000000000aa01f800000000000000aa01f800000000000000aa01f800000000000000aa01f800000000000000aa01f8000000000000
02:29:15.175 [DEBUG] [serial] RX 104 bytes: 00aa01f800000000000000aa01f800000000000000aa01f800000000000000aa01f800000000000000aa01f800000000000000aa01f800000000000000aa01f800000000000000aa01f800000000000000aa01f800000000000000aa01f800000000000000aa01f8
02:29:15.283 [DEBUG] [serial] RX 103 bytes: 00000000000000aa01f800000000000000aa01f800000000000000aa01f800000000000000aa01f800000000000000aa01f800000000000000aa01f800000000000000aa01f800000000000000aa01f800000000000000aa01f800000000000000aa01f8000000
02:29:15.392 [DEBUG] [serial] RX 104 bytes: 00000000aa01f800000000000000aa01f800000000000000aa01f800000000000000aa01f800000000000000aa01f800000000000000aa01f800000000000000aa01f800000000000000aa01f800000000000000aa01f800000000000000aa01f800000000000000
02:29:15.501 [DEBUG] [serial] RX 103 bytes: aa01f800000000000000aa01f800000000000000aa01f800000000000000aa01f800000000000000aa01f800000000000000aa01f800000000000000aa01f800000000000000aa01f800000000000000aa01f800000000000000aa01f800000000000000aa01f8
02:29:15.609 [DEBUG] [serial] RX 103 bytes: 00000000000000aa01f800000000000000aa01f800000000000000aa01f800000000000000aa01f800000000000000aa01f800000000000000aa01f800000000000000aa01f800000000000000aa01f800000000000000aa01f800000000000000aa01f8000000
02:29:15.717 [DEBUG] [serial] RX 103 bytes: 00000000aa01f800000000000000aa01f800000000000000aa01f800000000000000aa01f800000000000000aa01f800000000000000aa01f800000000000000aa01f800000000000000aa01f800000000000000aa01f800000000000000aa01f8000000000000
02:29:15.826 [DEBUG] [serial] RX 103 bytes: 00aa01f800000000000000aa01f800000000000000aa01f800000000000000aa01f800000000000000aa01f800000000000000aa01f800000000000000aa01f800000000000000aa01f800000000000000aa01f800000000000000aa01f800000000000000aa01
02:29:15.935 [DEBUG] [serial] RX 104 bytes: f800000000000000aa01f800000000000000aa01f800000000000000aa01f800000000000000aa01f800000000000000aa01f800000000000000aa01f800000000000000aa01f800000000000000aa01f800000000000000aa01f800000000000000aa01f8000000
02:29:16.043 [DEBUG] [serial] RX 103 bytes: 00000000aa01f800000000000000aa01f800000000000000aa01f800000000000000aa01f800000000000000aa01f800000000000000aa01f800000000000000aa01f800000000000000aa01f800000000000000aa01f800000000000000aa01f8000000000000
02:29:16.153 [DEBUG] [serial] RX 104 bytes: 00aa01f800000000000000aa01f800000000000000aa01f800000000000000aa01f800000000000000aa01f800000000000000aa01f800000000000000aa01f800000000000000aa01f800000000000000aa01f800000000000000aa01f800000000000000aa01f8
02:29:16.262 [DEBUG] [serial] RX 105 bytes: 00000000000000aa01f800000000000000aa01f800000000000000aa01f800000000000000aa01f800000000000000aa01f800000000000000aa01f800000000000000aa01f800000000000000aa01f800000000000000aa01f800000000000000aa01f80000000000
02:29:16.372 [DEBUG] [serial] RX 104 bytes: 0000aa01f800000000000000aa01f800000000000000aa01f800000000000000aa01f800000000000000aa01f800000000000000aa01f800000000000000aa01f800000000000000aa01f800000000000000aa01f800000000000000aa01f800000000000000aa01
02:29:16.482 [DEBUG] [serial] RX 105 bytes: f800000000000000aa01f800000000000000aa01f800000000000000aa01f800000000000000aa01f800000000000000aa01f800000000000000aa01f800000000000000aa01f800000000000000aa01f800000000000000aa01f800000000000000aa01f800000000
02:29:16.593 [DEBUG] [serial] RX 105 bytes: 000000aa01f800000000000000aa01f800000000000000aa01f800000000000000aa01f800000000000000aa01f800000000000000aa01f800000000000000aa01f800000000000000aa01f800000000000000aa01f800000000000000aa01f800000000000000aa01
02:29:16.702 [DEBUG] [serial] RX 105 bytes: f800000000000000aa01f800000000000000aa01f800000000000000aa01f800000000000000aa01f800000000000000aa01f800000000000000aa01f800000000000000aa01f800000000000000aa01f800000000000000aa01f800000000000000aa01f800000000
02:29:16.810 [DEBUG] [serial] RX 102 bytes: 000000aa01f800000000000000aa01f800000000000000aa01f800000000000000aa01f800000000000000aa01f800000000000000aa01f800000000000000aa01f800000000000000aa01f800000000000000aa01f800000000000000aa01f8000000000000
02:29:16.920 [DEBUG] [serial] RX 104 bytes: 00aa01f800000000000000aa01f800000000000000aa01f800000000000000aa01f800000000000000aa01f800000000000000aa01f800000000000000aa01f800000000000000aa01f800000000000000aa01f800000000000000aa01f800000000000000aa01f8
02:29:17.027 [DEBUG] [serial] RX 103 bytes: 00000000000000aa01f800000000000000aa01f800000000000000aa01f800000000000000aa01f800000000000000aa01f800000000000000aa01f800000000000000aa01f800000000000000aa01f800000000000000aa01f800000000000000aa01f8000000
02:29:17.136 [DEBUG] [serial] RX 103 bytes: 00000000aa01f800000000000000aa01f800000000000000aa01f800000000000000aa01f800000000000000aa01f800000000000000aa01f800000000000000aa01f800000000000000aa01f800000000000000aa01f800000000000000aa01f8000000000000
02:29:17.136 [INFO] [serial] Stats: 11210 pkts, 112115 bytes rx
02:29:17.244 [DEBUG] [serial] RX 103 bytes: 00aa01f800000000000000aa01f800000000000000aa01f800000000000000aa01f800000000000000aa01f800000000000000aa01f800000000000000aa01f800000000000000aa01f800000000000000aa01f800000000000000aa01f800000000000000aa01
02:29:17.355 [DEBUG] [serial] RX 105 bytes: f800000000000000aa01f800000000000000aa01f800000000000000aa01f800000000000000aa01f800000000000000aa01f800000000000000aa01f800000000000000aa01f800000000000000aa01f800000000000000aa01f800000000000000aa01f800000000
02:29:17.462 [DEBUG] [serial] RX 103 bytes: 000000aa01f800000000000000aa01f800000000000000aa01f800000000000000aa01f800000000000000aa01f800000000000000aa01f800000000000000aa01f800000000000000aa01f800000000000000aa01f800000000000000aa01f800000000000000
02:29:17.571 [DEBUG] [serial] RX 103 bytes: aa01f800000000000000aa01f800000000000000aa01f800000000000000aa01f800000000000000aa01f800000000000000aa01f800000000000000aa01f800000000000000aa01f800000000000000aa01f800000000000000aa01f800000000000000aa01f8
02:29:17.682 [DEBUG] [serial] RX 106 bytes: 00000000000000aa01f800000000000000aa01f800000000000000aa01f800000000000000aa01f800000000000000aa01f800000000000000aa01f800000000000000aa01f800000000000000aa01f800000000000000aa01f800000000000000aa01f8000000000000
02:29:17.792 [DEBUG] [serial] RX 104 bytes: 00aa01f800000000000000aa01f800000000000000aa01f800000000000000aa01f800000000000000aa01f800000000000000aa01f800000000000000aa01f800000000000000aa01f800000000000000aa01f800000000000000aa01f800000000000000aa01f8
02:29:17.902 [DEBUG] [serial] RX 106 bytes: 00000000000000aa01f800000000000000aa01f800000000000000aa01f800000000000000aa01f800000000000000aa01f800000000000000aa01f800000000000000aa01f800000000000000aa01f800000000000000aa01f800000000000000aa01f8000000000000
02:29:18.011 [DEBUG] [serial] RX 103 bytes: 00aa01f800000000000000aa01f800000000000000aa01f800000000000000aa01f800000000000000aa01f800000000000000aa01f800000000000000aa01f800000000000000aa01f800000000000000aa01f800000000000000aa01f800000000000000aa01
02:29:18.120 [DEBUG] [serial] RX 103 bytes: f800000000000000aa01f800000000000000aa01f800000000000000aa01f800000000000000aa01f800000000000000aa01f800000000000000aa01f800000000000000aa01f800000000000000aa01f800000000000000aa01f800000000000000aa01f80000
02:29:18.230 [DEBUG] [serial] RX 106 bytes: 0000000000aa01f800000000000000aa01f800000000000000aa01f800000000000000aa01f800000000000000aa01f800000000000000aa01f800000000000000aa01f800000000000000aa01f800000000000000aa01f800000000000000aa01f800000000000000aa
02:29:18.340 [DEBUG] [serial] RX 104 bytes: 01f800000000000000aa01f800000000000000aa01f800000000000000aa01f800000000000000aa01f800000000000000aa01f800000000000000aa01f800000000000000aa01f800000000000000aa01f800000000000000aa01f800000000000000aa01f80000
02:29:18.449 [DEBUG] [serial] RX 104 bytes: 0000000000aa01f800000000000000aa01f800000000000000aa01f800000000000000aa01f800000000000000aa01f800000000000000aa01f800000000000000aa01f800000000000000aa01f800000000000000aa01f800000000000000aa01f8000000000000
02:29:18.559 [DEBUG] [serial] RX 105 bytes: 00aa01f800000000000000aa01f800000000000000aa01f800000000000000aa01f800000000000000aa01f800000000000000aa01f800000000000000aa01f800000000000000aa01f800000000000000aa01f800000000000000aa01f800000000000000aa01f800
02:29:18.668 [DEBUG] [serial] RX 103 bytes: 000000000000aa01f800000000000000aa01f800000000000000aa01f800000000000000aa01f800000000000000aa01f800000000000000aa01f800000000000000aa01f800000000000000aa01f800000000000000aa01f800000000000000aa01f800000000
02:29:18.777 [DEBUG] [serial] RX 104 bytes: 000000aa01f800000000000000aa01f800000000000000aa01f800000000000000aa01f800000000000000aa01f800000000000000aa01f800000000000000aa01f800000000000000aa01f800000000000000aa01f800000000000000aa01f800000000000000aa
02:29:18.887 [DEBUG] [serial] RX 105 bytes: 01f800000000000000aa01f800000000000000aa01f800000000000000aa01f800000000000000aa01f800000000000000aa01f800000000000000aa01f800000000000000aa01f800000000000000aa01f800000000000000aa01f800000000000000aa01f8000000
02:29:18.996 [DEBUG] [serial] RX 103 bytes: 00000000aa01f800000000000000aa01f800000000000000aa01f800000000000000aa01f800000000000000aa01f800000000000000aa01f800000000000000aa01f800000000000000aa01f800000000000000aa01f800000000000000aa01f8000000000000
02:29:19.104 [DEBUG] [serial] RX 103 bytes: 00aa01f800000000000000aa01f800000000000000aa01f800000000000000aa01f800000000000000aa01f800000000000000aa01f800000000000000aa01f800000000000000aa01f800000000000000aa01f800000000000000aa01f800000000000000aa01
02:29:19.214 [DEBUG] [serial] RX 105 bytes: f800000000000000aa01f800000000000000aa01f800000000000000aa01f800000000000000aa01f800000000000000aa01f800000000000000aa01f800000000000000aa01f800000000000000aa01f800000000000000aa01f800000000000000aa01f800000000
02:29:19.321 [DEBUG] [serial] RX 102 bytes: 000000aa01f800000000000000aa01f800000000000000aa01f800000000000000aa01f800000000000000aa01f800000000000000aa01f800000000000000aa01f800000000000000aa01f800000000000000aa01f800000000000000aa01f8000000000000
02:29:19.430 [DEBUG] [serial] RX 104 bytes: 00aa01f800000000000000aa01f800000000000000aa01f800000000000000aa01f800000000000000aa01f800000000000000aa01f800000000000000aa01f800000000000000aa01f800000000000000aa01f800000000000000aa01f800000000000000aa01f8
02:29:19.538 [DEBUG] [serial] RX 102 bytes: 00000000000000aa01f800000000000000aa01f800000000000000aa01f800000000000000aa01f800000000000000aa01f800000000000000aa01f800000000000000aa01f800000000000000aa01f800000000000000aa01f800000000000000aa01f80000
02:29:19.647 [DEBUG] [serial] RX 104 bytes: 0000000000aa01f800000000000000aa01f800000000000000aa01f800000000000000aa01f800000000000000aa01f800000000000000aa01f800000000000000aa01f800000000000000aa01f800000000000000aa01f800000000000000aa01f8000000000000
02:29:19.757 [DEBUG] [serial] RX 105 bytes: 00aa01f800000000000000aa01f800000000000000aa01f800000000000000aa01f800000000000000aa01f800000000000000aa01f800000000000000aa01f800000000000000aa01f800000000000000aa01f800000000000000aa01f800000000000000aa01f800
02:29:19.867 [DEBUG] [serial] RX 104 bytes: 000000000000aa01f800000000000000aa01f800000000000000aa01f800000000000000aa01f800000000000000aa01f800000000000000aa01f800000000000000aa01f800000000000000aa01f800000000000000aa01f800000000000000aa01f80000000000
02:29:19.978 [DEBUG] [serial] RX 105 bytes: 0000aa01f800000000000000aa01f800000000000000aa01f800000000000000aa01f800000000000000aa01f800000000000000aa01f800000000000000aa01f800000000000000aa01f800000000000000aa01f800000000000000aa01f800000000000000aa01f8
02:29:20.088 [DEBUG] [serial] RX 106 bytes: 00000000000000aa01f800000000000000aa01f800000000000000aa01f800000000000000aa01f800000000000000aa01f800000000000000aa01f800000000000000aa01f800000000000000aa01f800000000000000aa01f800000000000000aa01f8000000000000
02:29:20.197 [DEBUG] [serial] RX 104 bytes: 00aa01f800000000000000aa01f800000000000000aa01f800000000000000aa01f800000000000000aa01f800000000000000aa01f800000000000000aa01f800000000000000aa01f800000000000000aa01f800000000000000aa01f800000000000000aa01f8
02:29:20.198 [DEBUG] [serial] PKT #11500: flags=0x01 in=-2048 ds=0 flt=0
02:29:20.306 [DEBUG] [serial] RX 103 bytes: 00000000000000aa01f800000000000000aa01f800000000000000aa01f800000000000000aa01f800000000000000aa01f800000000000000aa01f800000000000000aa01f800000000000000aa01f800000000000000aa01f800000000000000aa01f8000000
02:29:20.415 [DEBUG] [serial] RX 103 bytes: 00000000aa01f800000000000000aa01f800000000000000aa01f800000000000000aa01f800000000000000aa01f800000000000000aa01f800000000000000aa01f800000000000000aa01f800000000000000aa01f800000000000000aa01f8000000000000
02:29:20.523 [DEBUG] [serial] RX 103 bytes: 00aa01f800000000000000aa01f800000000000000aa01f800000000000000aa01f800000000000000aa01f800000000000000aa01f800000000000000aa01f800000000000000aa01f800000000000000aa01f800000000000000aa01f800000000000000aa01
02:29:20.633 [DEBUG] [serial] RX 105 bytes: f800000000000000aa01f800000000000000aa01f800000000000000aa01f800000000000000aa01f800000000000000aa01f800000000000000aa01f800000000000000aa01f800000000000000aa01f800000000000000aa01f800000000000000aa01f800000000
02:29:20.742 [DEBUG] [serial] RX 104 bytes: 000000aa01f800000000000000aa01f800000000000000aa01f800000000000000aa01f800000000000000aa01f800000000000000aa01f800000000000000aa01f800000000000000aa01f800000000000000aa01f800000000000000aa01f800000000000000aa
02:29:20.851 [DEBUG] [serial] RX 103 bytes: 01f800000000000000aa01f800000000000000aa01f800000000000000aa01f800000000000000aa01f800000000000000aa01f800000000000000aa01f800000000000000aa01f800000000000000aa01f800000000000000aa01f800000000000000aa01f800
02:29:20.959 [DEBUG] [serial] RX 103 bytes: 000000000000aa01f800000000000000aa01f800000000000000aa01f800000000000000aa01f800000000000000aa01f800000000000000aa01f800000000000000aa01f800000000000000aa01f800000000000000aa01f800000000000000aa01f800000000
02:29:21.068 [DEBUG] [serial] RX 104 bytes: 000000aa01f800000000000000aa01f800000000000000aa01f800000000000000aa01f800000000000000aa01f800000000000000aa01f800000000000000aa01f800000000000000aa01f800000000000000aa01f800000000000000aa01f800000000000000aa
02:29:21.179 [DEBUG] [serial] RX 106 bytes: 01f800000000000000aa01f800000000000000aa01f800000000000000aa01f800000000000000aa01f800000000000000aa01f800000000000000aa01f800000000000000aa01f800000000000000aa01f800000000000000aa01f800000000000000aa01f800000000
02:29:21.288 [DEBUG] [serial] RX 104 bytes: 000000aa01f800000000000000aa01f800000000000000aa01f800000000000000aa01f800000000000000aa01f800000000000000aa01f800000000000000aa01f800000000000000aa01f800000000000000aa01f800000000000000aa01f800000000000000aa
02:29:21.397 [DEBUG] [serial] RX 104 bytes: 01f800000000000000aa01f800000000000000aa01f800000000000000aa01f800000000000000aa01f800000000000000aa01f800000000000000aa01f800000000000000aa01f800000000000000aa01f800000000000000aa01f800000000000000aa01f80000
02:29:21.506 [DEBUG] [serial] RX 103 bytes: 0000000000aa01f800000000000000aa01f800000000000000aa01f800000000000000aa01f800000000000000aa01f800000000000000aa01f800000000000000aa01f800000000000000aa01f800000000000000aa01f800000000000000aa01f80000000000
02:29:21.615 [DEBUG] [serial] RX 103 bytes: 0000aa01f800000000000000aa01f800000000000000aa01f800000000000000aa01f800000000000000aa01f800000000000000aa01f800000000000000aa01f800000000000000aa01f800000000000000aa01f800000000000000aa01f800000000000000aa
02:29:21.723 [DEBUG] [serial] RX 103 bytes: 01f800000000000000aa01f800000000000000aa01f800000000000000aa01f800000000000000aa01f800000000000000aa01f800000000000000aa01f800000000000000aa01f800000000000000aa01f800000000000000aa01f800000000000000aa01f800
02:29:21.832 [DEBUG] [serial] RX 105 bytes: 000000000000aa01f800000000000000aa01f800000000000000aa01f800000000000000aa01f800000000000000aa01f800000000000000aa01f800000000000000aa01f800000000000000aa01f800000000000000aa01f800000000000000aa01f8000000000000
02:29:21.940 [DEBUG] [serial] RX 102 bytes: 00aa01f800000000000000aa01f800000000000000aa01f800000000000000aa01f800000000000000aa01f800000000000000aa01f800000000000000aa01f800000000000000aa01f800000000000000aa01f800000000000000aa01f800000000000000aa
02:29:22.048 [DEBUG] [serial] RX 103 bytes: 01f800000000000000aa01f800000000000000aa01f800000000000000aa01f800000000000000aa01f800000000000000aa01f800000000000000aa01f800000000000000aa01f800000000000000aa01f800000000000000aa01f800000000000000aa01f800
02:29:22.157 [DEBUG] [serial] RX 104 bytes: 000000000000aa01f800000000000000aa01f800000000000000aa01f800000000000000aa01f800000000000000aa01f800000000000000aa01f800000000000000aa01f800000000000000aa01f800000000000000aa01f800000000000000aa01f80000000000
02:29:22.158 [INFO] [serial] Stats: 11688 pkts, 116894 bytes rx
02:29:22.267 [DEBUG] [serial] RX 104 bytes: 0000aa01f800000000000000aa01f800000000000000aa01f800000000000000aa01f800000000000000aa01f800000000000000aa01f800000000000000aa01f800000000000000aa01f800000000000000aa01f800000000000000aa01f800000000000000aa01
02:29:22.375 [DEBUG] [serial] RX 103 bytes: f800000000000000aa01f800000000000000aa01f800000000000000aa01f800000000000000aa01f800000000000000aa01f800000000000000aa01f800000000000000aa01f800000000000000aa01f800000000000000aa01f800000000000000aa01f80000
02:29:22.483 [DEBUG] [serial] RX 102 bytes: 0000000000aa01f800000000000000aa01f800000000000000aa01f800000000000000aa01f800000000000000aa01f800000000000000aa01f800000000000000aa01f800000000000000aa01f800000000000000aa01f800000000000000aa01f800000000
02:29:22.592 [DEBUG] [serial] RX 105 bytes: 000000aa01f800000000000000aa01f800000000000000aa01f800000000000000aa01f800000000000000aa01f800000000000000aa01f800000000000000aa01f800000000000000aa01f800000000000000aa01f800000000000000aa01f800000000000000aa01
02:29:22.702 [DEBUG] [serial] RX 104 bytes: f800000000000000aa01f800000000000000aa01f800000000000000aa01f800000000000000aa01f800000000000000aa01f800000000000000aa01f800000000000000aa01f800000000000000aa01f800000000000000aa01f800000000000000aa01f8000000
02:29:22.810 [DEBUG] [serial] RX 103 bytes: 00000000aa01f800000000000000aa01f800000000000000aa01f800000000000000aa01f800000000000000aa01f800000000000000aa01f800000000000000aa01f800000000000000aa01f800000000000000aa01f800000000000000aa01f8000000000000
02:29:22.919 [DEBUG] [serial] RX 104 bytes: 00aa01f800000000000000aa01f800000000000000aa01f800000000000000aa01f800000000000000aa01f800000000000000aa01f800000000000000aa01f800000000000000aa01f800000000000000aa01f800000000000000aa01f800000000000000aa01f8
02:29:23.028 [DEBUG] [serial] RX 104 bytes: 00000000000000aa01f800000000000000aa01f800000000000000aa01f800000000000000aa01f800000000000000aa01f800000000000000aa01f800000000000000aa01f800000000000000aa01f800000000000000aa01f800000000000000aa01f800000000
02:29:23.137 [DEBUG] [serial] RX 103 bytes: 000000aa01f800000000000000aa01f800000000000000aa01f800000000000000aa01f800000000000000aa01f800000000000000aa01f800000000000000aa01f800000000000000aa01f800000000000000aa01f800000000000000aa01f800000000000000
02:29:23.246 [DEBUG] [serial] RX 104 bytes: aa01f800000000000000aa01f800000000000000aa01f800000000000000aa01f800000000000000aa01f800000000000000aa01f800000000000000aa01f800000000000000aa01f800000000000000aa01f800000000000000aa01f800000000000000aa01f800
02:29:23.356 [DEBUG] [serial] RX 104 bytes: 000000000000aa01f800000000000000aa01f800000000000000aa01f800000000000000aa01f800000000000000aa01f800000000000000aa01f800000000000000aa01f800000000000000aa01f800000000000000aa01f800000000000000aa01f80000000000
02:29:23.465 [DEBUG] [serial] RX 105 bytes: 0000aa01f800000000000000aa01f800000000000000aa01f800000000000000aa01f800000000000000aa01f800000000000000aa01f800000000000000aa01f800000000000000aa01f800000000000000aa01f800000000000000aa01f800000000000000aa01f8
02:29:23.574 [DEBUG] [serial] RX 103 bytes: 00000000000000aa01f800000000000000aa01f800000000000000aa01f800000000000000aa01f800000000000000aa01f800000000000000aa01f800000000000000aa01f800000000000000aa01f800000000000000aa01f800000000000000aa01f8000000
02:29:23.684 [DEBUG] [serial] RX 104 bytes: 00000000aa01f800000000000000aa01f800000000000000aa01f800000000000000aa01f800000000000000aa01f800000000000000aa01f800000000000000aa01f800000000000000aa01f800000000000000aa01f800000000000000aa01f800000000000000
02:29:23.793 [DEBUG] [serial] RX 104 bytes: aa01f800000000000000aa01f800000000000000aa01f800000000000000aa01f800000000000000aa01f800000000000000aa01f800000000000000aa01f800000000000000aa01f800000000000000aa01f800000000000000aa01f800000000000000aa01f800
02:29:23.902 [DEBUG] [serial] RX 104 bytes: 000000000000aa01f800000000000000aa01f800000000000000aa01f800000000000000aa01f800000000000000aa01f800000000000000aa01f800000000000000aa01f800000000000000aa01f800000000000000aa01f800000000000000aa01f80000000000
02:29:24.010 [DEBUG] [serial] RX 103 bytes: 0000aa01f800000000000000aa01f800000000000000aa01f800000000000000aa01f800000000000000aa01f800000000000000aa01f800000000000000aa01f800000000000000aa01f800000000000000aa01f800000000000000aa01f800000000000000aa
02:29:24.119 [DEBUG] [serial] RX 104 bytes: 01f800000000000000aa01f800000000000000aa01f800000000000000aa01f800000000000000aa01f800000000000000aa01f800000000000000aa01f800000000000000aa01f800000000000000aa01f800000000000000aa01f800000000000000aa01f80000
02:29:24.228 [DEBUG] [serial] RX 104 bytes: 0000000000aa01f800000000000000aa01f800000000000000aa01f800000000000000aa01f800000000000000aa01f800000000000000aa01f800000000000000aa01f800000000000000aa01f800000000000000aa01f800000000000000aa01f8000000000000
02:29:24.336 [DEBUG] [serial] RX 102 bytes: 00aa01f800000000000000aa01f800000000000000aa01f800000000000000aa01f800000000000000aa01f800000000000000aa01f800000000000000aa01f800000000000000aa01f800000000000000aa01f800000000000000aa01f800000000000000aa
02:29:24.444 [DEBUG] [serial] RX 103 bytes: 01f800000000000000aa01f800000000000000aa01f800000000000000aa01f800000000000000aa01f800000000000000aa01f800000000000000aa01f800000000000000aa01f800000000000000aa01f800000000000000aa01f800000000000000aa01f800
02:29:24.554 [DEBUG] [serial] RX 105 bytes: 000000000000aa01f800000000000000aa01f800000000000000aa01f800000000000000aa01f800000000000000aa01f800000000000000aa01f800000000000000aa01f800000000000000aa01f800000000000000aa01f800000000000000aa01f8000000000000
02:29:24.664 [DEBUG] [serial] RX 104 bytes: 00aa01f800000000000000aa01f800000000000000aa01f800000000000000aa01f800000000000000aa01f800000000000000aa01f800000000000000aa01f800000000000000aa01f800000000000000aa01f800000000000000aa01f800000000000000aa01f8
02:29:24.773 [DEBUG] [serial] RX 104 bytes: 00000000000000aa01f800000000000000aa01f800000000000000aa01f800000000000000aa01f800000000000000aa01f800000000000000aa01f800000000000000aa01f800000000000000aa01f800000000000000aa01f800000000000000aa01f800000000
02:29:24.883 [DEBUG] [serial] RX 105 bytes: 000000aa01f800000000000000aa01f800000000000000aa01f800000000000000aa01f800000000000000aa01f800000000000000aa01f800000000000000aa01f800000000000000aa01f800000000000000aa01f800000000000000aa01f800000000000000aa01
02:29:24.991 [DEBUG] [serial] RX 103 bytes: f800000000000000aa01f800000000000000aa01f800000000000000aa01f800000000000000aa01f800000000000000aa01f800000000000000aa01f800000000000000aa01f800000000000000aa01f800000000000000aa01f800000000000000aa01f80000
02:29:25.099 [DEBUG] [serial] RX 102 bytes: 0000000000aa01f800000000000000aa01f800000000000000aa01f800000000000000aa01f800000000000000aa01f800000000000000aa01f800000000000000aa01f800000000000000aa01f800000000000000aa01f800000000000000aa01f800000000
02:29:25.209 [DEBUG] [serial] RX 104 bytes: 000000aa01f800000000000000aa01f800000000000000aa01f800000000000000aa01f800000000000000aa01f800000000000000aa01f800000000000000aa01f800000000000000aa01f800000000000000aa01f800000000000000aa01f800000000000000aa
02:29:25.318 [DEBUG] [serial] RX 105 bytes: 01f800000000000000aa01f800000000000000aa01f800000000000000aa01f800000000000000aa01f800000000000000aa01f800000000000000aa01f800000000000000aa01f800000000000000aa01f800000000000000aa01f800000000000000aa01f8000000
02:29:25.426 [DEBUG] [serial] RX 102 bytes: 00000000aa01f800000000000000aa01f800000000000000aa01f800000000000000aa01f800000000000000aa01f800000000000000aa01f800000000000000aa01f800000000000000aa01f800000000000000aa01f800000000000000aa01f80000000000
02:29:25.536 [DEBUG] [serial] RX 105 bytes: 0000aa01f800000000000000aa01f800000000000000aa01f800000000000000aa01f800000000000000aa01f800000000000000aa01f800000000000000aa01f800000000000000aa01f800000000000000aa01f800000000000000aa01f800000000000000aa01f8
02:29:25.536 [DEBUG] [serial] PKT #12000: flags=0x01 in=-2048 ds=0 flt=0
02:29:25.644 [DEBUG] [serial] RX 103 bytes: 00000000000000aa01f800000000000000aa01f800000000000000aa01f800000000000000aa01f800000000000000aa01f800000000000000aa01f800000000000000aa01f800000000000000aa01f800000000000000aa01f800000000000000aa01f8000000
02:29:25.752 [DEBUG] [serial] RX 102 bytes: 00000000aa01f800000000000000aa01f800000000000000aa01f800000000000000aa01f800000000000000aa01f800000000000000aa01f800000000000000aa01f800000000000000aa01f800000000000000aa01f800000000000000aa01f80000000000
02:29:25.859 [DEBUG] [serial] RX 103 bytes: 0000aa01f800000000000000aa01f800000000000000aa01f800000000000000aa01f800000000000000aa01f800000000000000aa01f800000000000000aa01f800000000000000aa01f800000000000000aa01f800000000000000aa01f800000000000000aa
02:29:25.969 [DEBUG] [serial] RX 104 bytes: 01f800000000000000aa01f800000000000000aa01f800000000000000aa01f800000000000000aa01f800000000000000aa01f800000000000000aa01f800000000000000aa01f800000000000000aa01f800000000000000aa01f800000000000000aa01f80000
02:29:26.079 [DEBUG] [serial] RX 105 bytes: 0000000000aa01f800000000000000aa01f800000000000000aa01f800000000000000aa01f800000000000000aa01f800000000000000aa01f800000000000000aa01f800000000000000aa01f800000000000000aa01f800000000000000aa01f800000000000000
02:29:26.189 [DEBUG] [serial] RX 104 bytes: aa01f800000000000000aa01f800000000000000aa01f800000000000000aa01f800000000000000aa01f800000000000000aa01f800000000000000aa01f800000000000000aa01f800000000000000aa01f800000000000000aa01f800000000000000aa01f800
02:29:26.299 [DEBUG] [serial] RX 105 bytes: 000000000000aa01f800000000000000aa01f800000000000000aa01f800000000000000aa01f800000000000000aa01f800000000000000aa01f800000000000000aa01f800000000000000aa01f800000000000000aa01f800000000000000aa01f8000000000000
02:29:26.406 [DEBUG] [serial] RX 102 bytes: 00aa01f800000000000000aa01f800000000000000aa01f800000000000000aa01f800000000000000aa01f800000000000000aa01f800000000000000aa01f800000000000000aa01f800000000000000aa01f800000000000000aa01f800000000000000aa
02:29:26.516 [DEBUG] [serial] RX 104 bytes: 01f800000000000000aa01f800000000000000aa01f800000000000000aa01f800000000000000aa01f800000000000000aa01f800000000000000aa01f800000000000000aa01f800000000000000aa01f800000000000000aa01f800000000000000aa01f80000
02:29:26.625 [DEBUG] [serial] RX 104 bytes: 0000000000aa01f800000000000000aa01f800000000000000aa01f800000000000000aa01f800000000000000aa01f800000000000000aa01f800000000000000aa01f800000000000000aa01f800000000000000aa01f800000000000000aa01f8000000000000
02:29:26.735 [DEBUG] [serial] RX 105 bytes: 00aa01f800000000000000aa01f800000000000000aa01f800000000000000aa01f800000000000000aa01f800000000000000aa01f800000000000000aa01f800000000000000aa01f800000000000000aa01f800000000000000aa01f800000000000000aa01f800
02:29:26.845 [DEBUG] [serial] RX 105 bytes: 000000000000aa01f800000000000000aa01f800000000000000aa01f800000000000000aa01f800000000000000aa01f800000000000000aa01f800000000000000aa01f800000000000000aa01f800000000000000aa01f800000000000000aa01f8000000000000
02:29:26.954 [DEBUG] [serial] RX 104 bytes: 00aa01f800000000000000aa01f800000000000000aa01f800000000000000aa01f800000000000000aa01f800000000000000aa01f800000000000000aa01f800000000000000aa01f800000000000000aa01f800000000000000aa01f800000000000000aa01f8
02:29:27.061 [DEBUG] [serial] RX 102 bytes: 00000000000000aa01f800000000000000aa01f800000000000000aa01f800000000000000aa01f800000000000000aa01f800000000000000aa01f800000000000000aa01f800000000000000aa01f800000000000000aa01f800000000000000aa01f80000
02:29:27.170 [DEBUG] [serial] RX 103 bytes: 0000000000aa01f800000000000000aa01f800000000000000aa01f800000000000000aa01f800000000000000aa01f800000000000000aa01f800000000000000aa01f800000000000000aa01f800000000000000aa01f800000000000000aa01f80000000000
02:29:27.171 [INFO] [serial] Stats: 12165 pkts, 121664 bytes rx
02:29:27.279 [DEBUG] [serial] RX 104 bytes: 0000aa01f800000000000000aa01f800000000000000aa01f800000000000000aa01f800000000000000aa01f800000000000000aa01f800000000000000aa01f800000000000000aa01f800000000000000aa01f800000000000000aa01f800000000000000aa01
02:29:27.386 [DEBUG] [serial] RX 102 bytes: f800000000000000aa01f800000000000000aa01f800000000000000aa01f800000000000000aa01f800000000000000aa01f800000000000000aa01f800000000000000aa01f800000000000000aa01f800000000000000aa01f800000000000000aa01f800
02:29:27.494 [DEBUG] [serial] RX 103 bytes: 000000000000aa01f800000000000000aa01f800000000000000aa01f800000000000000aa01f800000000000000aa01f800000000000000aa01f800000000000000aa01f800000000000000aa01f800000000000000aa01f800000000000000aa01f800000000
02:29:27.605 [DEBUG] [serial] RX 105 bytes: 000000aa01f800000000000000aa01f800000000000000aa01f800000000000000aa01f800000000000000aa01f800000000000000aa01f800000000000000aa01f800000000000000aa01f800000000000000aa01f800000000000000aa01f800000000000000aa01
02:29:27.714 [DEBUG] [serial] RX 103 bytes: f800000000000000aa01f800000000000000aa01f800000000000000aa01f800000000000000aa01f800000000000000aa01f800000000000000aa01f800000000000000aa01f800000000000000aa01f800000000000000aa01f800000000000000aa01f80000
02:29:27.823 [DEBUG] [serial] RX 105 bytes: 0000000000aa01f800000000000000aa01f800000000000000aa01f800000000000000aa01f800000000000000aa01f800000000000000aa01f800000000000000aa01f800000000000000aa01f800000000000000aa01f800000000000000aa01f800000000000000
02:29:27.931 [DEBUG] [serial] RX 103 bytes: aa01f800000000000000aa01f800000000000000aa01f800000000000000aa01f800000000000000aa01f800000000000000aa01f800000000000000aa01f800000000000000aa01f800000000000000aa01f800000000000000aa01f800000000000000aa01f8
02:29:28.042 [DEBUG] [serial] RX 105 bytes: 00000000000000aa01f800000000000000aa01f800000000000000aa01f800000000000000aa01f800000000000000aa01f800000000000000aa01f800000000000000aa01f800000000000000aa01f800000000000000aa01f800000000000000aa01f80000000000
02:29:28.150 [DEBUG] [serial] RX 103 bytes: 0000aa01f800000000000000aa01f800000000000000aa01f800000000000000aa01f800000000000000aa01f800000000000000aa01f800000000000000aa01f800000000000000aa01f800000000000000aa01f800000000000000aa01f800000000000000aa
02:29:28.262 [DEBUG] [serial] RX 106 bytes: 01f800000000000000aa01f800000000000000aa01f800000000000000aa01f800000000000000aa01f800000000000000aa01f800000000000000aa01f800000000000000aa01f800000000000000aa01f800000000000000aa01f800000000000000aa01f800000000
02:29:28.370 [DEBUG] [serial] RX 103 bytes: 000000aa01f800000000000000aa01f800000000000000aa01f800000000000000aa01f800000000000000aa01f800000000000000aa01f800000000000000aa01f800000000000000aa01f800000000000000aa01f800000000000000aa01f800000000000000
02:29:28.478 [DEBUG] [serial] RX 102 bytes: aa01f800000000000000aa01f800000000000000aa01f800000000000000aa01f800000000000000aa01f800000000000000aa01f800000000000000aa01f800000000000000aa01f800000000000000aa01f800000000000000aa01f800000000000000aa01
02:29:28.587 [DEBUG] [serial] RX 105 bytes: f800000000000000aa01f800000000000000aa01f800000000000000aa01f800000000000000aa01f800000000000000aa01f800000000000000aa01f800000000000000aa01f800000000000000aa01f800000000000000aa01f800000000000000aa01f800000000
02:29:28.695 [DEBUG] [serial] RX 103 bytes: 000000aa01f800000000000000aa01f800000000000000aa01f800000000000000aa01f800000000000000aa01f800000000000000aa01f800000000000000aa01f800000000000000aa01f800000000000000aa01f800000000000000aa01f800000000000000
02:29:28.804 [DEBUG] [serial] RX 103 bytes: aa01f800000000000000aa01f800000000000000aa01f800000000000000aa01f800000000000000aa01f800000000000000aa01f800000000000000aa01f800000000000000aa01f800000000000000aa01f800000000000000aa01f800000000000000aa01f8
02:29:28.913 [DEBUG] [serial] RX 104 bytes: 00000000000000aa01f800000000000000aa01f800000000000000aa01f800000000000000aa01f800000000000000aa01f800000000000000aa01f800000000000000aa01f800000000000000aa01f800000000000000aa01f800000000000000aa01f800000000
02:29:29.023 [DEBUG] [serial] RX 104 bytes: 000000aa01f800000000000000aa01f800000000000000aa01f800000000000000aa01f800000000000000aa01f800000000000000aa01f800000000000000aa01f800000000000000aa01f800000000000000aa01f800000000000000aa01f800000000000000aa
02:29:29.132 [DEBUG] [serial] RX 104 bytes: 01f800000000000000aa01f800000000000000aa01f800000000000000aa01f800000000000000aa01f800000000000000aa01f800000000000000aa01f800000000000000aa01f800000000000000aa01f800000000000000aa01f800000000000000aa01f80000
02:29:29.240 [DEBUG] [serial] RX 103 bytes: 0000000000aa01f800000000000000aa01f800000000000000aa01f800000000000000aa01f800000000000000aa01f800000000000000aa01f800000000000000aa01f800000000000000aa01f800000000000000aa01f800000000000000aa01f80000000000
02:29:29.349 [DEBUG] [serial] RX 104 bytes: 0000aa01f800000000000000aa01f800000000000000aa01f800000000000000aa01f800000000000000aa01f800000000000000aa01f800000000000000aa01f800000000000000aa01f800000000000000aa01f800000000000000aa01f800000000000000aa01
02:29:29.459 [DEBUG] [serial] RX 105 bytes: f800000000000000aa01f800000000000000aa01f800000000000000aa01f800000000000000aa01f800000000000000aa01f800000000000000aa01f800000000000000aa01f800000000000000aa01f800000000000000aa01f800000000000000aa01f800000000
02:29:29.569 [DEBUG] [serial] RX 104 bytes: 000000aa01f800000000000000aa01f800000000000000aa01f800000000000000aa01f800000000000000aa01f800000000000000aa01f800000000000000aa01f800000000000000aa01f800000000000000aa01f800000000000000aa01f800000000000000aa
02:29:29.678 [DEBUG] [serial] RX 104 bytes: 01f800000000000000aa01f800000000000000aa01f800000000000000aa01f800000000000000aa01f800000000000000aa01f800000000000000aa01f800000000000000aa01f800000000000000aa01f800000000000000aa01f800000000000000aa01f80000
02:29:29.788 [DEBUG] [serial] RX 105 bytes: 0000000000aa01f800000000000000aa01f800000000000000aa01f800000000000000aa01f800000000000000aa01f800000000000000aa01f800000000000000aa01f800000000000000aa01f800000000000000aa01f800000000000000aa01f800000000000000
02:29:29.897 [DEBUG] [serial] RX 104 bytes: aa01f800000000000000aa01f800000000000000aa01f800000000000000aa01f800000000000000aa01f800000000000000aa01f800000000000000aa01f800000000000000aa01f800000000000000aa01f800000000000000aa01f800000000000000aa01f800
02:29:30.006 [DEBUG] [serial] RX 103 bytes: 000000000000aa01f800000000000000aa01f800000000000000aa01f800000000000000aa01f800000000000000aa01f800000000000000aa01f800000000000000aa01f800000000000000aa01f800000000000000aa01f800000000000000aa01f800000000
02:29:30.116 [DEBUG] [serial] RX 104 bytes: 000000aa01f800000000000000aa01f800000000000000aa01f800000000000000aa01f800000000000000aa01f800000000000000aa01f800000000000000aa01f800000000000000aa01f800000000000000aa01f800000000000000aa01f800000000000000aa
02:29:30.225 [DEBUG] [serial] RX 104 bytes: 01f800000000000000aa01f800000000000000aa01f800000000000000aa01f800000000000000aa01f800000000000000aa01f800000000000000aa01f800000000000000aa01f800000000000000aa01f800000000000000aa01f800000000000000aa01f80000
02:29:30.335 [DEBUG] [serial] RX 105 bytes: 0000000000aa01f800000000000000aa01f800000000000000aa01f800000000000000aa01f800000000000000aa01f800000000000000aa01f800000000000000aa01f800000000000000aa01f800000000000000aa01f800000000000000aa01f800000000000000
02:29:30.445 [DEBUG] [serial] RX 104 bytes: aa01f800000000000000aa01f800000000000000aa01f800000000000000aa01f800000000000000aa01f800000000000000aa01f800000000000000aa01f800000000000000aa01f800000000000000aa01f800000000000000aa01f800000000000000aa01f800
02:29:30.553 [DEBUG] [serial] RX 103 bytes: 000000000000aa01f800000000000000aa01f800000000000000aa01f800000000000000aa01f800000000000000aa01f800000000000000aa01f800000000000000aa01f800000000000000aa01f800000000000000aa01f800000000000000aa01f800000000
02:29:30.661 [DEBUG] [serial] RX 104 bytes: 000000aa01f800000000000000aa01f800000000000000aa01f800000000000000aa01f800000000000000aa01f800000000000000aa01f800000000000000aa01f800000000000000aa01f800000000000000aa01f800000000000000aa01f800000000000000aa
02:29:30.770 [DEBUG] [serial] RX 103 bytes: 01f800000000000000aa01f800000000000000aa01f800000000000000aa01f800000000000000aa01f800000000000000aa01f800000000000000aa01f800000000000000aa01f800000000000000aa01f800000000000000aa01f800000000000000aa01f800
02:29:30.771 [DEBUG] [serial] PKT #12500: flags=0x01 in=-2048 ds=0 flt=0
02:29:30.880 [DEBUG] [serial] RX 104 bytes: 000000000000aa01f800000000000000aa01f800000000000000aa01f800000000000000aa01f800000000000000aa01f800000000000000aa01f800000000000000aa01f800000000000000aa01f800000000000000aa01f800000000000000aa01f80000000000
02:29:30.989 [DEBUG] [serial] RX 105 bytes: 0000aa01f800000000000000aa01f800000000000000aa01f800000000000000aa01f800000000000000aa01f800000000000000aa01f800000000000000aa01f800000000000000aa01f800000000000000aa01f800000000000000aa01f800000000000000aa01f8
02:29:31.099 [DEBUG] [serial] RX 104 bytes: 00000000000000aa01f800000000000000aa01f800000000000000aa01f800000000000000aa01f800000000000000aa01f800000000000000aa01f800000000000000aa01f800000000000000aa01f800000000000000aa01f800000000000000aa01f800000000
02:29:31.208 [DEBUG] [serial] RX 103 bytes: 000000aa01f800000000000000aa01f800000000000000aa01f800000000000000aa01f800000000000000aa01f800000000000000aa01f800000000000000aa01f800000000000000aa01f800000000000000aa01f800000000000000aa01f800000000000000
02:29:31.315 [DEBUG] [serial] RX 103 bytes: aa01f800000000000000aa01f800000000000000aa01f800000000000000aa01f800000000000000aa01f800000000000000aa01f800000000000000aa01f800000000000000aa01f800000000000000aa01f800000000000000aa01f800000000000000aa01f8
02:29:31.425 [DEBUG] [serial] RX 104 bytes: 00000000000000aa01f800000000000000aa01f800000000000000aa01f800000000000000aa01f800000000000000aa01f800000000000000aa01f800000000000000aa01f800000000000000aa01f800000000000000aa01f800000000000000aa01f800000000
02:29:31.534 [DEBUG] [serial] RX 104 bytes: 000000aa01f800000000000000aa01f800000000000000aa01f800000000000000aa01f800000000000000aa01f800000000000000aa01f800000000000000aa01f800000000000000aa01f800000000000000aa01f800000000000000aa01f800000000000000aa
02:29:31.642 [DEBUG] [serial] RX 103 bytes: 01f800000000000000aa01f800000000000000aa01f800000000000000aa01f800000000000000aa01f800000000000000aa01f800000000000000aa01f800000000000000aa01f800000000000000aa01f800000000000000aa01f800000000000000aa01f800
02:29:31.751 [DEBUG] [serial] RX 104 bytes: 000000000000aa01f800000000000000aa01f800000000000000aa01f800000000000000aa01f800000000000000aa01f800000000000000aa01f800000000000000aa01f800000000000000aa01f800000000000000aa01f800000000000000aa01f80000000000
02:29:31.861 [DEBUG] [serial] RX 104 bytes: 0000aa01f800000000000000aa01f800000000000000aa01f800000000000000aa01f800000000000000aa01f800000000000000aa01f800000000000000aa01f800000000000000aa01f800000000000000aa01f800000000000000aa01f800000000000000aa01
02:29:31.970 [DEBUG] [serial] RX 104 bytes: f800000000000000aa01f800000000000000aa01f800000000000000aa01f800000000000000aa01f800000000000000aa01f800000000000000aa01f800000000000000aa01f800000000000000aa01f800000000000000aa01f800000000000000aa01f8000000
02:29:32.079 [DEBUG] [serial] RX 104 bytes: 00000000aa01f800000000000000aa01f800000000000000aa01f800000000000000aa01f800000000000000aa01f800000000000000aa01f800000000000000aa01f800000000000000aa01f800000000000000aa01f800000000000000aa01f800000000000000
02:29:32.188 [DEBUG] [serial] RX 104 bytes: aa01f800000000000000aa01f800000000000000aa01f800000000000000aa01f800000000000000aa01f800000000000000aa01f800000000000000aa01f800000000000000aa01f800000000000000aa01f800000000000000aa01f800000000000000aa01f800
02:29:32.190 [INFO] [serial] Stats: 12643 pkts, 126440 bytes rx
02:29:32.296 [DEBUG] [serial] RX 103 bytes: 000000000000aa01f800000000000000aa01f800000000000000aa01f800000000000000aa01f800000000000000aa01f800000000000000aa01f800000000000000aa01f800000000000000aa01f800000000000000aa01f800000000000000aa01f800000000
02:29:32.404 [DEBUG] [serial] RX 102 bytes: 000000aa01f800000000000000aa01f800000000000000aa01f800000000000000aa01f800000000000000aa01f800000000000000aa01f800000000000000aa01f800000000000000aa01f800000000000000aa01f800000000000000aa01f8000000000000
02:29:32.515 [DEBUG] [serial] RX 105 bytes: 00aa01f800000000000000aa01f800000000000000aa01f800000000000000aa01f800000000000000aa01f800000000000000aa01f800000000000000aa01f800000000000000aa01f800000000000000aa01f800000000000000aa01f800000000000000aa01f800
02:29:32.624 [DEBUG] [serial] RX 104 bytes: 000000000000aa01f800000000000000aa01f800000000000000aa01f800000000000000aa01f800000000000000aa01f800000000000000aa01f800000000000000aa01f800000000000000aa01f800000000000000aa01f800000000000000aa01f80000000000
02:29:32.733 [DEBUG] [serial] RX 104 bytes: 0000aa01f800000000000000aa01f800000000000000aa01f800000000000000aa01f800000000000000aa01f800000000000000aa01f800000000000000aa01f800000000000000aa01f800000000000000aa01f800000000000000aa01f800000000000000aa01
02:29:32.843 [DEBUG] [serial] RX 104 bytes: f800000000000000aa01f800000000000000aa01f800000000000000aa01f800000000000000aa01f800000000000000aa01f800000000000000aa01f800000000000000aa01f800000000000000aa01f800000000000000aa01f800000000000000aa01f8000000
02:29:32.951 [DEBUG] [serial] RX 104 bytes: 00000000aa01f800000000000000aa01f800000000000000aa01f800000000000000aa01f800000000000000aa01f800000000000000aa01f800000000000000aa01f800000000000000aa01f800000000000000aa01f800000000000000aa01f800000000000000
02:29:33.059 [DEBUG] [serial] RX 103 bytes: aa01f800000000000000aa01f800000000000000aa01f800000000000000aa01f800000000000000aa01f800000000000000aa01f800000000000000aa01f800000000000000aa01f800000000000000aa01f800000000000000aa01f800000000000000aa01f8
02:29:33.169 [DEBUG] [serial] RX 104 bytes: 00000000000000aa01f800000000000000aa01f800000000000000aa01f800000000000000aa01f800000000000000aa01f800000000000000aa01f800000000000000aa01f800000000000000aa01f800000000000000aa01f800000000000000aa01f800000000
02:29:33.278 [DEBUG] [serial] RX 104 bytes: 000000aa01f800000000000000aa01f800000000000000aa01f800000000000000aa01f800000000000000aa01f800000000000000aa01f800000000000000aa01f800000000000000aa01f800000000000000aa01f800000000000000aa01f800000000000000aa
02:29:33.388 [DEBUG] [serial] RX 104 bytes: 01f800000000000000aa01f800000000000000aa01f800000000000000aa01f800000000000000aa01f800000000000000aa01f800000000000000aa01f800000000000000aa01f800000000000000aa01f800000000000000aa01f800000000000000aa01f80000
02:29:33.497 [DEBUG] [serial] RX 104 bytes: 0000000000aa01f800000000000000aa01f800000000000000aa01f800000000000000aa01f800000000000000aa01f800000000000000aa01f800000000000000aa01f800000000000000aa01f800000000000000aa01f800000000000000aa01f8000000000000
02:29:33.605 [DEBUG] [serial] RX 103 bytes: 00aa01f800000000000000aa01f800000000000000aa01f800000000000000aa01f800000000000000aa01f800000000000000aa01f800000000000000aa01f800000000000000aa01f800000000000000aa01f800000000000000aa01f800000000000000aa01
02:29:33.712 [DEBUG] [serial] RX 102 bytes: f800000000000000aa01f800000000000000aa01f800000000000000aa01f800000000000000aa01f800000000000000aa01f800000000000000aa01f800000000000000aa01f800000000000000aa01f800000000000000aa01f800000000000000aa01f800
02:29:33.822 [DEBUG] [serial] RX 105 bytes: 000000000000aa01f800000000000000aa01f800000000000000aa01f800000000000000aa01f800000000000000aa01f800000000000000aa01f800000000000000aa01f800000000000000aa01f800000000000000aa01f800000000000000aa01f8000000000000
02:29:33.931 [DEBUG] [serial] RX 103 bytes: 00aa01f800000000000000aa01f800000000000000aa01f800000000000000aa01f800000000000000aa01f800000000000000aa01f800000000000000aa01f800000000000000aa01f800000000000000aa01f800000000000000aa01f800000000000000aa01
02:29:34.040 [DEBUG] [serial] RX 104 bytes: f800000000000000aa01f800000000000000aa01f800000000000000aa01f800000000000000aa01f800000000000000aa01f800000000000000aa01f800000000000000aa01f800000000000000aa01f800000000000000aa01f800000000000000aa01f8000000
02:29:34.150 [DEBUG] [serial] RX 104 bytes: 00000000aa01f800000000000000aa01f800000000000000aa01f800000000000000aa01f800000000000000aa01f800000000000000aa01f800000000000000aa01f800000000000000aa01f800000000000000aa01f800000000000000aa01f800000000000000
02:29:34.259 [DEBUG] [serial] RX 105 bytes: aa01f800000000000000aa01f800000000000000aa01f800000000000000aa01f800000000000000aa01f800000000000000aa01f800000000000000aa01f800000000000000aa01f800000000000000aa01f800000000000000aa01f800000000000000aa01f80000
02:29:34.367 [DEBUG] [serial] RX 102 bytes: 0000000000aa01f800000000000000aa01f800000000000000aa01f800000000000000aa01f800000000000000aa01f800000000000000aa01f800000000000000aa01f800000000000000aa01f800000000000000aa01f800000000000000aa01f800000000
02:29:34.477 [DEBUG] [serial] RX 105 bytes: 000000aa01f800000000000000aa01f800000000000000aa01f800000000000000aa01f800000000000000aa01f800000000000000aa01f800000000000000aa01f800000000000000aa01f800000000000000aa01f800000000000000aa01f800000000000000aa01
02:29:34.586 [DEBUG] [serial] RX 103 bytes: f800000000000000aa01f800000000000000aa01f800000000000000aa01f800000000000000aa01f800000000000000aa01f800000000000000aa01f800000000000000aa01f800000000000000aa01f800000000000000aa01f800000000000000aa01f80000
02:29:34.695 [DEBUG] [serial] RX 104 bytes: 0000000000aa01f800000000000000aa01f800000000000000aa01f800000000000000aa01f800000000000000aa01f800000000000000aa01f800000000000000aa01f800000000000000aa01f800000000000000aa01f800000000000000aa01f8000000000000
02:29:34.803 [DEBUG] [serial] RX 103 bytes: 00aa01f800000000000000aa01f800000000000000aa01f800000000000000aa01f800000000000000aa01f800000000000000aa01f800000000000000aa01f800000000000000aa01f800000000000000aa01f800000000000000aa01f800000000000000aa01
02:29:34.912 [DEBUG] [serial] RX 104 bytes: f800000000000000aa01f800000000000000aa01f800000000000000aa01f800000000000000aa01f800000000000000aa01f800000000000000aa01f800000000000000aa01f800000000000000aa01f800000000000000aa01f800000000000000aa01f8000000
02:29:35.021 [DEBUG] [serial] RX 103 bytes: 00000000aa01f800000000000000aa01f800000000000000aa01f800000000000000aa01f800000000000000aa01f800000000000000aa01f800000000000000aa01f800000000000000aa01f800000000000000aa01f800000000000000aa01f8000000000000
02:29:35.130 [DEBUG] [serial] RX 104 bytes: 00aa01f800000000000000aa01f800000000000000aa01f800000000000000aa01f800000000000000aa01f800000000000000aa01f800000000000000aa01f800000000000000aa01f800000000000000aa01f800000000000000aa01f800000000000000aa01f8
02:29:35.239 [DEBUG] [serial] RX 103 bytes: 00000000000000aa01f800000000000000aa01f800000000000000aa01f800000000000000aa01f800000000000000aa01f800000000000000aa01f800000000000000aa01f800000000000000aa01f800000000000000aa01f800000000000000aa01f8000000
02:29:35.348 [DEBUG] [serial] RX 105 bytes: 00000000aa01f800000000000000aa01f800000000000000aa01f800000000000000aa01f800000000000000aa01f800000000000000aa01f800000000000000aa01f800000000000000aa01f800000000000000aa01f800000000000000aa01f800000000000000aa
02:29:35.457 [DEBUG] [serial] RX 103 bytes: 01f800000000000000aa01f800000000000000aa01f800000000000000aa01f800000000000000aa01f800000000000000aa01f800000000000000aa01f800000000000000aa01f800000000000000aa01f800000000000000aa01f800000000000000aa01f800
02:29:35.566 [DEBUG] [serial] RX 104 bytes: 000000000000aa01f800000000000000aa01f800000000000000aa01f800000000000000aa01f800000000000000aa01f800000000000000aa01f800000000000000aa01f800000000000000aa01f800000000000000aa01f800000000000000aa01f80000000000
02:29:35.674 [DEBUG] [serial] RX 103 bytes: 0000aa01f800000000000000aa01f800000000000000aa01f800000000000000aa01f800000000000000aa01f800000000000000aa01f800000000000000aa01f800000000000000aa01f800000000000000aa01f800000000000000aa01f800000000000000aa
02:29:35.784 [DEBUG] [serial] RX 104 bytes: 01f800000000000000aa01f800000000000000aa01f800000000000000aa01f800000000000000aa01f800000000000000aa01f800000000000000aa01f800000000000000aa01f800000000000000aa01f800000000000000aa01f800000000000000aa01f80000
02:29:35.893 [DEBUG] [serial] RX 104 bytes: 0000000000aa01f800000000000000aa01f800000000000000aa01f800000000000000aa01f800000000000000aa01f800000000000000aa01f800000000000000aa01f800000000000000aa01f800000000000000aa01f800000000000000aa01f8000000000000
02:29:36.002 [DEBUG] [serial] RX 103 bytes: 00aa01f800000000000000aa01f800000000000000aa01f800000000000000aa01f800000000000000aa01f800000000000000aa01f800000000000000aa01f800000000000000aa01f800000000000000aa01f800000000000000aa01f800000000000000aa01
02:29:36.002 [DEBUG] [serial] PKT #13000: flags=0x01 in=-2048 ds=0 flt=0
02:29:36.110 [DEBUG] [serial] RX 103 bytes: f800000000000000aa01f800000000000000aa01f800000000000000aa01f800000000000000aa01f800000000000000aa01f800000000000000aa01f800000000000000aa01f800000000000000aa01f800000000000000aa01f800000000000000aa01f80000
02:29:36.219 [DEBUG] [serial] RX 105 bytes: 0000000000aa01f800000000000000aa01f800000000000000aa01f800000000000000aa01f800000000000000aa01f800000000000000aa01f800000000000000aa01f800000000000000aa01f800000000000000aa01f800000000000000aa01f800000000000000
02:29:36.329 [DEBUG] [serial] RX 104 bytes: aa01f800000000000000aa01f800000000000000aa01f800000000000000aa01f800000000000000aa01f800000000000000aa01f800000000000000aa01f800000000000000aa01f800000000000000aa01f800000000000000aa01f800000000000000aa01f800
02:29:36.439 [DEBUG] [serial] RX 105 bytes: 000000000000aa01f800000000000000aa01f800000000000000aa01f800000000000000aa01f800000000000000aa01f800000000000000aa01f800000000000000aa01f800000000000000aa01f800000000000000aa01f800000000000000aa01f8000000000000
02:29:36.548 [DEBUG] [serial] RX 104 bytes: 00aa01f800000000000000aa01f800000000000000aa01f800000000000000aa01f800000000000000aa01f800000000000000aa01f800000000000000aa01f800000000000000aa01f800000000000000aa01f800000000000000aa01f800000000000000aa01f8
02:29:36.657 [DEBUG] [serial] RX 103 bytes: 00000000000000aa01f800000000000000aa01f800000000000000aa01f800000000000000aa01f800000000000000aa01f800000000000000aa01f800000000000000aa01f800000000000000aa01f800000000000000aa01f800000000000000aa01f8000000
02:29:36.765 [DEBUG] [serial] RX 103 bytes: 00000000aa01f800000000000000aa01f800000000000000aa01f800000000000000aa01f800000000000000aa01f800000000000000aa01f800000000000000aa01f800000000000000aa01f800000000000000aa01f800000000000000aa01f8000000000000
02:29:36.874 [DEBUG] [serial] RX 103 bytes: 00aa01f800000000000000aa01f800000000000000aa01f800000000000000aa01f800000000000000aa01f800000000000000aa01f800000000000000aa01f800000000000000aa01f800000000000000aa01f800000000000000aa01f800000000000000aa01
02:29:36.983 [DEBUG] [serial] RX 104 bytes: f800000000000000aa01f800000000000000aa01f800000000000000aa01f800000000000000aa01f800000000000000aa01f800000000000000aa01f800000000000000aa01f800000000000000aa01f800000000000000aa01f800000000000000aa01f8000000
02:29:37.092 [DEBUG] [serial] RX 104 bytes: 00000000aa01f800000000000000aa01f800000000000000aa01f800000000000000aa01f800000000000000aa01f800000000000000aa01f800000000000000aa01f800000000000000aa01f800000000000000aa01f800000000000000aa01f800000000000000
02:29:37.200 [DEBUG] [serial] RX 103 bytes: aa01f800000000000000aa01f800000000000000aa01f800000000000000aa01f800000000000000aa01f800000000000000aa01f800000000000000aa01f800000000000000aa01f800000000000000aa01f800000000000000aa01f800000000000000aa01f8
02:29:37.201 [INFO] [serial] Stats: 13120 pkts, 131209 bytes rx
02:29:37.309 [DEBUG] [serial] RX 104 bytes: 00000000000000aa01f800000000000000aa01f800000000000000aa01f800000000000000aa01f800000000000000aa01f800000000000000aa01f800000000000000aa01f800000000000000aa01f800000000000000aa01f800000000000000aa01f800000000
02:29:37.418 [DEBUG] [serial] RX 103 bytes: 000000aa01f800000000000000aa01f800000000000000aa01f800000000000000aa01f800000000000000aa01f800000000000000aa01f800000000000000aa01f800000000000000aa01f800000000000000aa01f800000000000000aa01f800000000000000
02:29:37.525 [DEBUG] [serial] RX 102 bytes: aa01f800000000000000aa01f800000000000000aa01f800000000000000aa01f800000000000000aa01f800000000000000aa01f800000000000000aa01f800000000000000aa01f800000000000000aa01f800000000000000aa01f800000000000000aa01
02:29:37.635 [DEBUG] [serial] RX 105 bytes: f800000000000000aa01f800000000000000aa01f800000000000000aa01f800000000000000aa01f800000000000000aa01f800000000000000aa01f800000000000000aa01f800000000000000aa01f800000000000000aa01f800000000000000aa01f800000000
02:29:37.745 [DEBUG] [serial] RX 105 bytes: 000000aa01f800000000000000aa01f800000000000000aa01f800000000000000aa01f800000000000000aa01f800000000000000aa01f800000000000000aa01f800000000000000aa01f800000000000000aa01f800000000000000aa01f800000000000000aa01
02:29:37.854 [DEBUG] [serial] RX 103 bytes: f800000000000000aa01f800000000000000aa01f800000000000000aa01f800000000000000aa01f800000000000000aa01f800000000000000aa01f800000000000000aa01f800000000000000aa01f800000000000000aa01f800000000000000aa01f80000
02:29:37.964 [DEBUG] [serial] RX 104 bytes: 0000000000aa01f800000000000000aa01f800000000000000aa01f800000000000000aa01f800000000000000aa01f800000000000000aa01f800000000000000aa01f800000000000000aa01f800000000000000aa01f800000000000000aa01f8000000000000
02:29:38.073 [DEBUG] [serial] RX 105 bytes: 00aa01f800000000000000aa01f800000000000000aa01f800000000000000aa01f800000000000000aa01f800000000000000aa01f800000000000000aa01f800000000000000aa01f800000000000000aa01f800000000000000aa01f800000000000000aa01f800
02:29:38.184 [DEBUG] [serial] RX 105 bytes: 000000000000aa01f800000000000000aa01f800000000000000aa01f800000000000000aa01f800000000000000aa01f800000000000000aa01f800000000000000aa01f800000000000000aa01f800000000000000aa01f800000000000000aa01f8000000000000
02:29:38.293 [DEBUG] [serial] RX 104 bytes: 00aa01f800000000000000aa01f800000000000000aa01f800000000000000aa01f800000000000000aa01f800000000000000aa01f800000000000000aa01f800000000000000aa01f800000000000000aa01f800000000000000aa01f800000000000000aa01f8
02:29:38.400 [DEBUG] [serial] RX 102 bytes: 00000000000000aa01f800000000000000aa01f800000000000000aa01f800000000000000aa01f800000000000000aa01f800000000000000aa01f800000000000000aa01f800000000000000aa01f800000000000000aa01f800000000000000aa01f80000
02:29:38.510 [DEBUG] [serial] RX 105 bytes: 0000000000aa01f800000000000000aa01f800000000000000aa01f800000000000000aa01f800000000000000aa01f800000000000000aa01f800000000000000aa01f800000000000000aa01f800000000000000aa01f800000000000000aa01f800000000000000
02:29:38.619 [DEBUG] [serial] RX 104 bytes: aa01f800000000000000aa01f800000000000000aa01f800000000000000aa01f800000000000000aa01f800000000000000aa01f800000000000000aa01f800000000000000aa01f800000000000000aa01f800000000000000aa01f800000000000000aa01f800
02:29:38.726 [DEBUG] [serial] RX 101 bytes: 000000000000aa01f800000000000000aa01f800000000000000aa01f800000000000000aa01f800000000000000aa01f800000000000000aa01f800000000000000aa01f800000000000000aa01f800000000000000aa01f800000000000000aa01f80000
02:29:38.835 [DEBUG] [serial] RX 103 bytes: 0000000000aa01f800000000000000aa01f800000000000000aa01f800000000000000aa01f800000000000000aa01f800000000000000aa01f800000000000000aa01f800000000000000aa01f800000000000000aa01f800000000000000aa01f80000000000
02:29:38.944 [DEBUG] [serial] RX 105 bytes: 0000aa01f800000000000000aa01f800000000000000aa01f800000000000000aa01f800000000000000aa01f800000000000000aa01f800000000000000aa01f800000000000000aa01f800000000000000aa01f800000000000000aa01f800000000000000aa01f8
02:29:39.052 [DEBUG] [serial] RX 103 bytes: 00000000000000aa01f800000000000000aa01f800000000000000aa01f800000000000000aa01f800000000000000aa01f800000000000000aa01f800000000000000aa01f800000000000000aa01f800000000000000aa01f800000000000000aa01f8000000
02:29:39.160 [DEBUG] [serial] RX 102 bytes: 00000000aa01f800000000000000aa01f800000000000000aa01f800000000000000aa01f800000000000000aa01f800000000000000aa01f800000000000000aa01f800000000000000aa01f800000000000000aa01f800000000000000aa01f80000000000
02:29:39.269 [DEBUG] [serial] RX 104 bytes: 0000aa01f800000000000000aa01f800000000000000aa01f800000000000000aa01f800000000000000aa01f800000000000000aa01f800000000000000aa01f800000000000000aa01f800000000000000aa01f800000000000000aa01f800000000000000aa01
02:29:39.377 [DEBUG] [serial] RX 103 bytes: f800000000000000aa01f800000000000000aa01f800000000000000aa01f800000000000000aa01f800000000000000aa01f800000000000000aa01f800000000000000aa01f800000000000000aa01f800000000000000aa01f800000000000000aa01f80000
02:29:39.487 [DEBUG] [serial] RX 104 bytes: 0000000000aa01f800000000000000aa01f800000000000000aa01f800000000000000aa01f800000000000000aa01f800000000000000aa01f800000000000000aa01f800000000000000aa01f800000000000000aa01f800000000000000aa01f8000000000000
02:29:39.597 [DEBUG] [serial] RX 105 bytes: 00aa01f800000000000000aa01f800000000000000aa01f800000000000000aa01f800000000000000aa01f800000000000000aa01f800000000000000aa01f800000000000000aa01f800000000000000aa01f800000000000000aa01f800000000000000aa01f800
02:29:39.707 [DEBUG] [serial] RX 105 bytes: 000000000000aa01f800000000000000aa01f800000000000000aa01f800000000000000aa01f800000000000000aa01f800000000000000aa01f800000000000000aa01f800000000000000aa01f800000000000000aa01f800000000000000aa01f8000000000000
02:29:39.815 [DEBUG] [serial] RX 103 bytes: 00aa01f800000000000000aa01f800000000000000aa01f800000000000000aa01f800000000000000aa01f800000000000000aa01f800000000000000aa01f800000000000000aa01f800000000000000aa01f800000000000000aa01f800000000000000aa01
02:29:39.924 [DEBUG] [serial] RX 103 bytes: f800000000000000aa01f800000000000000aa01f800000000000000aa01f800000000000000aa01f800000000000000aa01f800000000000000aa01f800000000000000aa01f800000000000000aa01f800000000000000aa01f800000000000000aa01f80000
02:29:40.034 [DEBUG] [serial] RX 104 bytes: 0000000000aa01f800000000000000aa01f800000000000000aa01f800000000000000aa01f800000000000000aa01f800000000000000aa01f800000000000000aa01f800000000000000aa01f800000000000000aa01f800000000000000aa01f8000000000000
02:29:40.144 [DEBUG] [serial] RX 105 bytes: 00aa01f800000000000000aa01f800000000000000aa01f800000000000000aa01f800000000000000aa01f800000000000000aa01f800000000000000aa01f800000000000000aa01f800000000000000aa01f800000000000000aa01f800000000000000aa01f800
02:29:40.253 [DEBUG] [serial] RX 104 bytes: 000000000000aa01f800000000000000aa01f800000000000000aa01f800000000000000aa01f800000000000000aa01f800000000000000aa01f800000000000000aa01f800000000000000aa01f800000000000000aa01f800000000000000aa01f80000000000
02:29:40.363 [DEBUG] [serial] RX 105 bytes: 0000aa01f800000000000000aa01f800000000000000aa01f800000000000000aa01f800000000000000aa01f800000000000000aa01f800000000000000aa01f800000000000000aa01f800000000000000aa01f800000000000000aa01f800000000000000aa01f8
02:29:40.472 [DEBUG] [serial] RX 103 bytes: 00000000000000aa01f800000000000000aa01f800000000000000aa01f800000000000000aa01f800000000000000aa01f800000000000000aa01f800000000000000aa01f800000000000000aa01f800000000000000aa01f800000000000000aa01f8000000
02:29:40.580 [DEBUG] [serial] RX 104 bytes: 00000000aa01f800000000000000aa01f800000000000000aa01f800000000000000aa01f800000000000000aa01f800000000000000aa01f800000000000000aa01f800000000000000aa01f800000000000000aa01f800000000000000aa01f800000000000000
02:29:40.688 [DEBUG] [serial] RX 102 bytes: aa01f800000000000000aa01f800000000000000aa01f800000000000000aa01f800000000000000aa01f800000000000000aa01f800000000000000aa01f800000000000000aa01f800000000000000aa01f800000000000000aa01f800000000000000aa01
02:29:40.797 [DEBUG] [serial] RX 104 bytes: f800000000000000aa01f800000000000000aa01f800000000000000aa01f800000000000000aa01f800000000000000aa01f800000000000000aa01f800000000000000aa01f800000000000000aa01f800000000000000aa01f800000000000000aa01f8000000
02:29:40.905 [DEBUG] [serial] RX 103 bytes: 00000000aa01f800000000000000aa01f800000000000000aa01f800000000000000aa01f800000000000000aa01f800000000000000aa01f800000000000000aa01f800000000000000aa01f800000000000000aa01f800000000000000aa01f8000000000000
02:29:41.015 [DEBUG] [serial] RX 104 bytes: 00aa01f800000000000000aa01f800000000000000aa01f800000000000000aa01f800000000000000aa01f800000000000000aa01f800000000000000aa01f800000000000000aa01f800000000000000aa01f800000000000000aa01f800000000000000aa01f8
02:29:41.125 [DEBUG] [serial] RX 105 bytes: 00000000000000aa01f800000000000000aa01f800000000000000aa01f800000000000000aa01f800000000000000aa01f800000000000000aa01f800000000000000aa01f800000000000000aa01f800000000000000aa01f800000000000000aa01f80000000000
02:29:41.233 [DEBUG] [serial] RX 103 bytes: 0000aa01f800000000000000aa01f800000000000000aa01f800000000000000aa01f800000000000000aa01f800000000000000aa01f800000000000000aa01f800000000000000aa01f800000000000000aa01f800000000000000aa01f800000000000000aa
02:29:41.234 [DEBUG] [serial] PKT #13500: flags=0x01 in=-2048 ds=0 flt=0
02:29:41.343 [DEBUG] [serial] RX 104 bytes: 01f800000000000000aa01f800000000000000aa01f800000000000000aa01f800000000000000aa01f800000000000000aa01f800000000000000aa01f800000000000000aa01f800000000000000aa01f800000000000000aa01f800000000000000aa01f80000
02:29:41.451 [DEBUG] [serial] RX 103 bytes: 0000000000aa01f800000000000000aa01f800000000000000aa01f800000000000000aa01f800000000000000aa01f800000000000000aa01f800000000000000aa01f800000000000000aa01f800000000000000aa01f800000000000000aa01f80000000000
02:29:41.559 [DEBUG] [serial] RX 103 bytes: 0000aa01f800000000000000aa01f800000000000000aa01f800000000000000aa01f800000000000000aa01f800000000000000aa01f800000000000000aa01f800000000000000aa01f800000000000000aa01f800000000000000aa01f800000000000000aa
02:29:41.669 [DEBUG] [serial] RX 105 bytes: 01f800000000000000aa01f800000000000000aa01f800000000000000aa01f800000000000000aa01f800000000000000aa01f800000000000000aa01f800000000000000aa01f800000000000000aa01f800000000000000aa01f800000000000000aa01f8000000
02:29:41.777 [DEBUG] [serial] RX 103 bytes: 00000000aa01f800000000000000aa01f800000000000000aa01f800000000000000aa01f800000000000000aa01f800000000000000aa01f800000000000000aa01f800000000000000aa01f800000000000000aa01f800000000000000aa01f8000000000000
02:29:41.884 [DEBUG] [serial] RX 102 bytes: 00aa01f800000000000000aa01f800000000000000aa01f800000000000000aa01f800000000000000aa01f800000000000000aa01f800000000000000aa01f800000000000000aa01f800000000000000aa01f800000000000000aa01f800000000000000aa
02:29:41.993 [DEBUG] [serial] RX 103 bytes: 01f800000000000000aa01f800000000000000aa01f800000000000000aa01f800000000000000aa01f800000000000000aa01f800000000000000aa01f800000000000000aa01f800000000000000aa01f800000000000000aa01f800000000000000aa01f800
02:29:42.102 [DEBUG] [serial] RX 104 bytes: 000000000000aa01f800000000000000aa01f800000000000000aa01f800000000000000aa01f800000000000000aa01f800000000000000aa01f800000000000000aa01f800000000000000aa01f800000000000000aa01f800000000000000aa01f80000000000
02:29:42.211 [DEBUG] [serial] RX 104 bytes: 0000aa01f800000000000000aa01f800000000000000aa01f800000000000000aa01f800000000000000aa01f800000000000000aa01f800000000000000aa01f800000000000000aa01f800000000000000aa01f800000000000000aa01f800000000000000aa01
02:29:42.212 [INFO] [serial] Stats: 13597 pkts, 135978 bytes rx
02:29:42.320 [DEBUG] [serial] RX 103 bytes: f800000000000000aa01f800000000000000aa01f800000000000000aa01f800000000000000aa01f800000000000000aa01f800000000000000aa01f800000000000000aa01f800000000000000aa01f800000000000000aa01f800000000000000aa01f80000
02:29:42.429 [DEBUG] [serial] RX 104 bytes: 0000000000aa01f800000000000000aa01f800000000000000aa01f800000000000000aa01f800000000000000aa01f800000000000000aa01f800000000000000aa01f800000000000000aa01f800000000000000aa01f800000000000000aa01f8000000000000
02:29:42.538 [DEBUG] [serial] RX 103 bytes: 00aa01f800000000000000aa01f800000000000000aa01f800000000000000aa01f800000000000000aa01f800000000000000aa01f800000000000000aa01f800000000000000aa01f800000000000000aa01f800000000000000aa01f800000000000000aa01
02:29:42.648 [DEBUG] [serial] RX 105 bytes: f800000000000000aa01f800000000000000aa01f800000000000000aa01f800000000000000aa01f800000000000000aa01f800000000000000aa01f800000000000000aa01f800000000000000aa01f800000000000000aa01f800000000000000aa01f800000000
02:29:42.759 [DEBUG] [serial] RX 105 bytes: 000000aa01f800000000000000aa01f800000000000000aa01f800000000000000aa01f800000000000000aa01f800000000000000aa01f800000000000000aa01f800000000000000aa01f800000000000000aa01f800000000000000aa01f800000000000000aa01
02:29:42.867 [DEBUG] [serial] RX 104 bytes: f800000000000000aa01f800000000000000aa01f800000000000000aa01f800000000000000aa01f800000000000000aa01f800000000000000aa01f800000000000000aa01f800000000000000aa01f800000000000000aa01f800000000000000aa01f8000000
02:29:42.975 [DEBUG] [serial] RX 103 bytes: 00000000aa01f800000000000000aa01f800000000000000aa01f800000000000000aa01f800000000000000aa01f800000000000000aa01f800000000000000aa01f800000000000000aa01f800000000000000aa01f800000000000000aa01f8000000000000
02:29:43.084 [DEBUG] [serial] RX 103 bytes: 00aa01f800000000000000aa01f800000000000000aa01f800000000000000aa01f800000000000000aa01f800000000000000aa01f800000000000000aa01f800000000000000aa01f800000000000000aa01f800000000000000aa01f800000000000000aa01
02:29:43.194 [DEBUG] [serial] RX 104 bytes: f800000000000000aa01f800000000000000aa01f800000000000000aa01f800000000000000aa01f800000000000000aa01f800000000000000aa01f800000000000000aa01f800000000000000aa01f800000000000000aa01f800000000000000aa01f8000000
02:29:43.302 [DEBUG] [serial] RX 104 bytes: 00000000aa01f800000000000000aa01f800000000000000aa01f800000000000000aa01f800000000000000aa01f800000000000000aa01f800000000000000aa01f800000000000000aa01f800000000000000aa01f800000000000000aa01f800000000000000
02:29:43.412 [DEBUG] [serial] RX 105 bytes: aa01f800000000000000aa01f800000000000000aa01f800000000000000aa01f800000000000000aa01f800000000000000aa01f800000000000000aa01f800000000000000aa01f800000000000000aa01f800000000000000aa01f800000000000000aa01f80000
02:29:43.520 [DEBUG] [serial] RX 102 bytes: 0000000000aa01f800000000000000aa01f800000000000000aa01f800000000000000aa01f800000000000000aa01f800000000000000aa01f800000000000000aa01f800000000000000aa01f800000000000000aa01f800000000000000aa01f800000000
02:29:43.629 [DEBUG] [serial] RX 104 bytes: 000000aa01f800000000000000aa01f800000000000000aa01f800000000000000aa01f800000000000000aa01f800000000000000aa01f800000000000000aa01f800000000000000aa01f800000000000000aa01f800000000000000aa01f800000000000000aa
02:29:43.738 [DEBUG] [serial] RX 104 bytes: 01f800000000000000aa01f800000000000000aa01f800000000000000aa01f800000000000000aa01f800000000000000aa01f800000000000000aa01f800000000000000aa01f800000000000000aa01f800000000000000aa01f800000000000000aa01f80000
02:29:43.846 [DEBUG] [serial] RX 102 bytes: 0000000000aa01f800000000000000aa01f800000000000000aa01f800000000000000aa01f800000000000000aa01f800000000000000aa01f800000000000000aa01f800000000000000aa01f800000000000000aa01f800000000000000aa01f800000000
02:29:43.955 [DEBUG] [serial] RX 104 bytes: 000000aa01f800000000000000aa01f800000000000000aa01f800000000000000aa01f800000000000000aa01f800000000000000aa01f800000000000000aa01f800000000000000aa01f800000000000000aa01f800000000000000aa01f800000000000000aa
02:29:44.065 [DEBUG] [serial] RX 104 bytes: 01f800000000000000aa01f800000000000000aa01f800000000000000aa01f800000000000000aa01f800000000000000aa01f800000000000000aa01f800000000000000aa01f800000000000000aa01f800000000000000aa01f800000000000000aa01f80000
02:29:44.173 [DEBUG] [serial] RX 103 bytes: 0000000000aa01f800000000000000aa01f800000000000000aa01f800000000000000aa01f800000000000000aa01f800000000000000aa01f800000000000000aa01f800000000000000aa01f800000000000000aa01f800000000000000aa01f80000000000
02:29:44.282 [DEBUG] [serial] RX 105 bytes: 0000aa01f800000000000000aa01f800000000000000aa01f800000000000000aa01f800000000000000aa01f800000000000000aa01f800000000000000aa01f800000000000000aa01f800000000000000aa01f800000000000000aa01f800000000000000aa01f8
02:29:44.392 [DEBUG] [serial] RX 103 bytes: 00000000000000aa01f800000000000000aa01f800000000000000aa01f800000000000000aa01f800000000000000aa01f800000000000000aa01f800000000000000aa01f800000000000000aa01f800000000000000aa01f800000000000000aa01f8000000
02:29:44.502 [DEBUG] [serial] RX 105 bytes: 00000000aa01f800000000000000aa01f800000000000000aa01f800000000000000aa01f800000000000000aa01f800000000000000aa01f800000000000000aa01f800000000000000aa01f800000000000000aa01f800000000000000aa01f800000000000000aa
02:29:44.610 [DEBUG] [serial] RX 104 bytes: 01f800000000000000aa01f800000000000000aa01f800000000000000aa01f800000000000000aa01f800000000000000aa01f800000000000000aa01f800000000000000aa01f800000000000000aa01f800000000000000aa01f800000000000000aa01f80000
02:29:44.719 [DEBUG] [serial] RX 103 bytes: 0000000000aa01f800000000000000aa01f800000000000000aa01f800000000000000aa01f800000000000000aa01f800000000000000aa01f800000000000000aa01f800000000000000aa01f800000000000000aa01f800000000000000aa01f80000000000
02:29:44.828 [DEBUG] [serial] RX 104 bytes: 0000aa01f800000000000000aa01f800000000000000aa01f800000000000000aa01f800000000000000aa01f800000000000000aa01f800000000000000aa01f800000000000000aa01f800000000000000aa01f800000000000000aa01f800000000000000aa01
02:29:44.938 [DEBUG] [serial] RX 105 bytes: f800000000000000aa01f800000000000000aa01f800000000000000aa01f800000000000000aa01f800000000000000aa01f800000000000000aa01f800000000000000aa01f800000000000000aa01f800000000000000aa01f800000000000000aa01f800000000
02:29:45.046 [DEBUG] [serial] RX 102 bytes: 000000aa01f800000000000000aa01f800000000000000aa01f800000000000000aa01f800000000000000aa01f800000000000000aa01f800000000000000aa01f800000000000000aa01f800000000000000aa01f800000000000000aa01f8000000000000
02:29:45.156 [DEBUG] [serial] RX 104 bytes: 00aa01f800000000000000aa01f800000000000000aa01f800000000000000aa01f800000000000000aa01f800000000000000aa01f800000000000000aa01f800000000000000aa01f800000000000000aa01f800000000000000aa01f800000000000000aa01f8
02:29:45.264 [DEBUG] [serial] RX 104 bytes: 00000000000000aa01f800000000000000aa01f800000000000000aa01f800000000000000aa01f800000000000000aa01f800000000000000aa01f800000000000000aa01f800000000000000aa01f800000000000000aa01f800000000000000aa01f800000000
02:29:45.373 [DEBUG] [serial] RX 103 bytes: 000000aa01f800000000000000aa01f800000000000000aa01f800000000000000aa01f800000000000000aa01f800000000000000aa01f800000000000000aa01f800000000000000aa01f800000000000000aa01f800000000000000aa01f800000000000000
02:29:45.482 [DEBUG] [serial] RX 104 bytes: aa01f800000000000000aa01f800000000000000aa01f800000000000000aa01f800000000000000aa01f800000000000000aa01f800000000000000aa01f800000000000000aa01f800000000000000aa01f800000000000000aa01f800000000000000aa01f800
02:29:45.590 [DEBUG] [serial] RX 103 bytes: 000000000000aa01f800000000000000aa01f800000000000000aa01f800000000000000aa01f800000000000000aa01f800000000000000aa01f800000000000000aa01f800000000000000aa01f800000000000000aa01f800000000000000aa01f800000000
02:29:45.699 [DEBUG] [serial] RX 104 bytes: 000000aa01f800000000000000aa01f800000000000000aa01f800000000000000aa01f800000000000000aa01f800000000000000aa01f800000000000000aa01f800000000000000aa01f800000000000000aa01f800000000000000aa01f800000000000000aa
02:29:45.808 [DEBUG] [serial] RX 103 bytes: 01f800000000000000aa01f800000000000000aa01f800000000000000aa01f800000000000000aa01f800000000000000aa01f800000000000000aa01f800000000000000aa01f800000000000000aa01f800000000000000aa01f800000000000000aa01f800
02:29:45.917 [DEBUG] [serial] RX 104 bytes: 000000000000aa01f800000000000000aa01f800000000000000aa01f800000000000000aa01f800000000000000aa01f800000000000000aa01f800000000000000aa01f800000000000000aa01f800000000000000aa01f800000000000000aa01f80000000000
02:29:46.026 [DEBUG] [serial] RX 103 bytes: 0000aa01f800000000000000aa01f800000000000000aa01f800000000000000aa01f800000000000000aa01f800000000000000aa01f800000000000000aa01f800000000000000aa01f800000000000000aa01f800000000000000aa01f800000000000000aa
02:29:46.135 [DEBUG] [serial] RX 104 bytes: 01f800000000000000aa01f800000000000000aa01f800000000000000aa01f800000000000000aa01f800000000000000aa01f800000000000000aa01f800000000000000aa01f800000000000000aa01f800000000000000aa01f800000000000000aa01f80000
02:29:46.244 [DEBUG] [serial] RX 104 bytes: 0000000000aa01f800000000000000aa01f800000000000000aa01f800000000000000aa01f800000000000000aa01f800000000000000aa01f800000000000000aa01f800000000000000aa01f800000000000000aa01f800000000000000aa01f8000000000000
02:29:46.354 [DEBUG] [serial] RX 104 bytes: 00aa01f800000000000000aa01f800000000000000aa01f800000000000000aa01f800000000000000aa01f800000000000000aa01f800000000000000aa01f800000000000000aa01f800000000000000aa01f800000000000000aa01f800000000000000aa01f8
02:29:46.463 [DEBUG] [serial] RX 104 bytes: 00000000000000aa01f800000000000000aa01f800000000000000aa01f800000000000000aa01f800000000000000aa01f800000000000000aa01f800000000000000aa01f800000000000000aa01f800000000000000aa01f800000000000000aa01f800000000
02:29:46.464 [DEBUG] [serial] PKT #14000: flags=0x01 in=-2048 ds=0 flt=0
02:29:46.571 [DEBUG] [serial] RX 104 bytes: 000000aa01f800000000000000aa01f800000000000000aa01f800000000000000aa01f800000000000000aa01f800000000000000aa01f800000000000000aa01f800000000000000aa01f800000000000000aa01f800000000000000aa01f800000000000000aa
02:29:46.682 [DEBUG] [serial] RX 105 bytes: 01f800000000000000aa01f800000000000000aa01f800000000000000aa01f800000000000000aa01f800000000000000aa01f800000000000000aa01f800000000000000aa01f800000000000000aa01f800000000000000aa01f800000000000000aa01f8000000
02:29:46.790 [DEBUG] [serial] RX 103 bytes: 00000000aa01f800000000000000aa01f800000000000000aa01f800000000000000aa01f800000000000000aa01f800000000000000aa01f800000000000000aa01f800000000000000aa01f800000000000000aa01f800000000000000aa01f8000000000000
02:29:46.899 [DEBUG] [serial] RX 103 bytes: 00aa01f800000000000000aa01f800000000000000aa01f800000000000000aa01f800000000000000aa01f800000000000000aa01f800000000000000aa01f800000000000000aa01f800000000000000aa01f800000000000000aa01f800000000000000aa01
02:29:47.007 [DEBUG] [serial] RX 104 bytes: f800000000000000aa01f800000000000000aa01f800000000000000aa01f800000000000000aa01f800000000000000aa01f800000000000000aa01f800000000000000aa01f800000000000000aa01f800000000000000aa01f800000000000000aa01f8000000
02:29:47.115 [DEBUG] [serial] RX 102 bytes: 00000000aa01f800000000000000aa01f800000000000000aa01f800000000000000aa01f800000000000000aa01f800000000000000aa01f800000000000000aa01f800000000000000aa01f800000000000000aa01f800000000000000aa01f80000000000
02:29:47.224 [DEBUG] [serial] RX 103 bytes: 0000aa01f800000000000000aa01f800000000000000aa01f800000000000000aa01f800000000000000aa01f800000000000000aa01f800000000000000aa01f800000000000000aa01f800000000000000aa01f800000000000000aa01f800000000000000aa
02:29:47.225 [INFO] [serial] Stats: 14074 pkts, 140747 bytes rx
02:29:47.333 [DEBUG] [serial] RX 104 bytes: 01f800000000000000aa01f800000000000000aa01f800000000000000aa01f800000000000000aa01f800000000000000aa01f800000000000000aa01f800000000000000aa01f800000000000000aa01f800000000000000aa01f800000000000000aa01f80000
02:29:47.442 [DEBUG] [serial] RX 105 bytes: 0000000000aa01f800000000000000aa01f800000000000000aa01f800000000000000aa01f800000000000000aa01f800000000000000aa01f800000000000000aa01f800000000000000aa01f800000000000000aa01f800000000000000aa01f800000000000000
02:29:47.551 [DEBUG] [serial] RX 103 bytes: aa01f800000000000000aa01f800000000000000aa01f800000000000000aa01f800000000000000aa01f800000000000000aa01f800000000000000aa01f800000000000000aa01f800000000000000aa01f800000000000000aa01f800000000000000aa01f8
02:29:47.660 [DEBUG] [serial] RX 104 bytes: 00000000000000aa01f800000000000000aa01f800000000000000aa01f800000000000000aa01f800000000000000aa01f800000000000000aa01f800000000000000aa01f800000000000000aa01f800000000000000aa01f800000000000000aa01f800000000
02:29:47.769 [DEBUG] [serial] RX 103 bytes: 000000aa01f800000000000000aa01f800000000000000aa01f800000000000000aa01f800000000000000aa01f800000000000000aa01f800000000000000aa01f800000000000000aa01f800000000000000aa01f800000000000000aa01f800000000000000
02:29:47.877 [DEBUG] [serial] RX 103 bytes: aa01f800000000000000aa01f800000000000000aa01f800000000000000aa01f800000000000000aa01f800000000000000aa01f800000000000000aa01f800000000000000aa01f800000000000000aa01f800000000000000aa01f800000000000000aa01f8
02:29:47.985 [DEBUG] [serial] RX 102 bytes: 00000000000000aa01f800000000000000aa01f800000000000000aa01f800000000000000aa01f800000000000000aa01f800000000000000aa01f800000000000000aa01f800000000000000aa01f800000000000000aa01f800000000000000aa01f80000
02:29:48.094 [DEBUG] [serial] RX 105 bytes: 0000000000aa01f800000000000000aa01f800000000000000aa01f800000000000000aa01f800000000000000aa01f800000000000000aa01f800000000000000aa01f800000000000000aa01f800000000000000aa01f800000000000000aa01f800000000000000
02:29:48.204 [DEBUG] [serial] RX 104 bytes: aa01f800000000000000aa01f800000000000000aa01f800000000000000aa01f800000000000000aa01f800000000000000aa01f800000000000000aa01f800000000000000aa01f800000000000000aa01f800000000000000aa01f800000000000000aa01f800
02:29:48.312 [DEBUG] [serial] RX 103 bytes: 000000000000aa01f800000000000000aa01f800000000000000aa01f800000000000000aa01f800000000000000aa01f800000000000000aa01f800000000000000aa01f800000000000000aa01f800000000000000aa01f800000000000000aa01f800000000
02:29:48.420 [DEBUG] [serial] RX 103 bytes: 000000aa01f800000000000000aa01f800000000000000aa01f800000000000000aa01f800000000000000aa01f800000000000000aa01f800000000000000aa01f800000000000000aa01f800000000000000aa01f800000000000000aa01f800000000000000
02:29:48.530 [DEBUG] [serial] RX 104 bytes: aa01f800000000000000aa01f800000000000000aa01f800000000000000aa01f800000000000000aa01f800000000000000aa01f800000000000000aa01f800000000000000aa01f800000000000000aa01f800000000000000aa01f800000000000000aa01f800
02:29:48.638 [DEBUG] [serial] RX 103 bytes: 000000000000aa01f800000000000000aa01f800000000000000aa01f800000000000000aa01f800000000000000aa01f800000000000000aa01f800000000000000aa01f800000000000000aa01f800000000000000aa01f800000000000000aa01f800000000
02:29:48.747 [DEBUG] [serial] RX 104 bytes: 000000aa01f800000000000000aa01f800000000000000aa01f800000000000000aa01f800000000000000aa01f800000000000000aa01f800000000000000aa01f800000000000000aa01f800000000000000aa01f800000000000000aa01f800000000000000aa
02:29:48.856 [DEBUG] [serial] RX 103 bytes: 01f800000000000000aa01f800000000000000aa01f800000000000000aa01f800000000000000aa01f800000000000000aa01f800000000000000aa01f800000000000000aa01f800000000000000aa01f800000000000000aa01f800000000000000aa01f800
02:29:48.965 [DEBUG] [serial] RX 104 bytes: 000000000000aa01f800000000000000aa01f800000000000000aa01f800000000000000aa01f800000000000000aa01f800000000000000aa01f800000000000000aa01f800000000000000aa01f800000000000000aa01f800000000000000aa01f80000000000
02:29:49.074 [DEBUG] [serial] RX 104 bytes: 0000aa01f800000000000000aa01f800000000000000aa01f800000000000000aa01f800000000000000aa01f800000000000000aa01f800000000000000aa01f800000000000000aa01f800000000000000aa01f800000000000000aa01f800000000000000aa01
02:29:49.183 [DEBUG] [serial] RX 104 bytes: f800000000000000aa01f800000000000000aa01f800000000000000aa01f800000000000000aa01f800000000000000aa01f800000000000000aa01f800000000000000aa01f800000000000000aa01f800000000000000aa01f800000000000000aa01f8000000
02:29:49.293 [DEBUG] [serial] RX 104 bytes: 00000000aa01f800000000000000aa01f800000000000000aa01f800000000000000aa01f800000000000000aa01f800000000000000aa01f800000000000000aa01f800000000000000aa01f800000000000000aa01f800000000000000aa01f800000000000000
02:29:49.401 [DEBUG] [serial] RX 103 bytes: aa01f800000000000000aa01f800000000000000aa01f800000000000000aa01f800000000000000aa01f800000000000000aa01f800000000000000aa01f800000000000000aa01f800000000000000aa01f800000000000000aa01f800000000000000aa01f8
02:29:49.510 [DEBUG] [serial] RX 104 bytes: 00000000000000aa01f800000000000000aa01f800000000000000aa01f800000000000000aa01f800000000000000aa01f800000000000000aa01f800000000000000aa01f800000000000000aa01f800000000000000aa01f800000000000000aa01f800000000
02:29:49.619 [DEBUG] [serial] RX 104 bytes: 000000aa01f800000000000000aa01f800000000000000aa01f800000000000000aa01f800000000000000aa01f800000000000000aa01f800000000000000aa01f800000000000000aa01f800000000000000aa01f800000000000000aa01f800000000000000aa
02:29:49.727 [DEBUG] [serial] RX 103 bytes: 01f800000000000000aa01f800000000000000aa01f800000000000000aa01f800000000000000aa01f800000000000000aa01f800000000000000aa01f800000000000000aa01f800000000000000aa01f800000000000000aa01f800000000000000aa01f800
02:29:49.837 [DEBUG] [serial] RX 104 bytes: 000000000000aa01f800000000000000aa01f800000000000000aa01f800000000000000aa01f800000000000000aa01f800000000000000aa01f800000000000000aa01f800000000000000aa01f800000000000000aa01f800000000000000aa01f80000000000
02:29:49.946 [DEBUG] [serial] RX 103 bytes: 0000aa01f800000000000000aa01f800000000000000aa01f800000000000000aa01f800000000000000aa01f800000000000000aa01f800000000000000aa01f800000000000000aa01f800000000000000aa01f800000000000000aa01f800000000000000aa
02:29:50.053 [DEBUG] [serial] RX 103 bytes: 01f800000000000000aa01f800000000000000aa01f800000000000000aa01f800000000000000aa01f800000000000000aa01f800000000000000aa01f800000000000000aa01f800000000000000aa01f800000000000000aa01f800000000000000aa01f800
02:29:50.163 [DEBUG] [serial] RX 104 bytes: 000000000000aa01f800000000000000aa01f800000000000000aa01f800000000000000aa01f800000000000000aa01f800000000000000aa01f800000000000000aa01f800000000000000aa01f800000000000000aa01f800000000000000aa01f80000000000
02:29:50.273 [DEBUG] [serial] RX 105 bytes: 0000aa01f800000000000000aa01f800000000000000aa01f800000000000000aa01f800000000000000aa01f800000000000000aa01f800000000000000aa01f800000000000000aa01f800000000000000aa01f800000000000000aa01f800000000000000aa01f8
02:29:50.380 [DEBUG] [serial] RX 101 bytes: 00000000000000aa01f800000000000000aa01f800000000000000aa01f800000000000000aa01f800000000000000aa01f800000000000000aa01f800000000000000aa01f800000000000000aa01f800000000000000aa01f800000000000000aa01f800
02:29:50.489 [DEBUG] [serial] RX 104 bytes: 000000000000aa01f800000000000000aa01f800000000000000aa01f800000000000000aa01f800000000000000aa01f800000000000000aa01f800000000000000aa01f800000000000000aa01f800000000000000aa01f800000000000000aa01f80000000000
02:29:50.597 [DEBUG] [serial] RX 103 bytes: 0000aa01f800000000000000aa01f800000000000000aa01f800000000000000aa01f800000000000000aa01f800000000000000aa01f800000000000000aa01f800000000000000aa01f800000000000000aa01f800000000000000aa01f800000000000000aa
02:29:50.706 [DEBUG] [serial] RX 104 bytes: 01f800000000000000aa01f800000000000000aa01f800000000000000aa01f800000000000000aa01f800000000000000aa01f800000000000000aa01f800000000000000aa01f800000000000000aa01f800000000000000aa01f800000000000000aa01f80000
02:29:50.815 [DEBUG] [serial] RX 103 bytes: 0000000000aa01f800000000000000aa01f800000000000000aa01f800000000000000aa01f800000000000000aa01f800000000000000aa01f800000000000000aa01f800000000000000aa01f800000000000000aa01f800000000000000aa01f80000000000
02:29:50.924 [DEBUG] [serial] RX 104 bytes: 0000aa01f800000000000000aa01f800000000000000aa01f800000000000000aa01f800000000000000aa01f800000000000000aa01f800000000000000aa01f800000000000000aa01f800000000000000aa01f800000000000000aa01f800000000000000aa01
02:29:51.032 [DEBUG] [serial] RX 103 bytes: f800000000000000aa01f800000000000000aa01f800000000000000aa01f800000000000000aa01f800000000000000aa01f800000000000000aa01f800000000000000aa01f800000000000000aa01f800000000000000aa01f800000000000000aa01f80000
02:29:51.140 [DEBUG] [serial] RX 103 bytes: 0000000000aa01f800000000000000aa01f800000000000000aa01f800000000000000aa01f800000000000000aa01f800000000000000aa01f800000000000000aa01f800000000000000aa01f800000000000000aa01f800000000000000aa01f80000000000
02:29:51.250 [DEBUG] [serial] RX 105 bytes: 0000aa01f800000000000000aa01f800000000000000aa01f800000000000000aa01f800000000000000aa01f800000000000000aa01f800000000000000aa01f800000000000000aa01f800000000000000aa01f800000000000000aa01f800000000000000aa01f8
02:29:51.360 [DEBUG] [serial] RX 104 bytes: 00000000000000aa01f800000000000000aa01f800000000000000aa01f800000000000000aa01f800000000000000aa01f800000000000000aa01f800000000000000aa01f800000000000000aa01f800000000000000aa01f800000000000000aa01f800000000
02:29:51.469 [DEBUG] [serial] RX 104 bytes: 000000aa01f800000000000000aa01f800000000000000aa01f800000000000000aa01f800000000000000aa01f800000000000000aa01f800000000000000aa01f800000000000000aa01f800000000000000aa01f800000000000000aa01f800000000000000aa
02:29:51.579 [DEBUG] [serial] RX 105 bytes: 01f800000000000000aa01f800000000000000aa01f800000000000000aa01f800000000000000aa01f800000000000000aa01f800000000000000aa01f800000000000000aa01f800000000000000aa01f800000000000000aa01f800000000000000aa01f8000000
02:29:51.688 [DEBUG] [serial] RX 104 bytes: 00000000aa01f800000000000000aa01f800000000000000aa01f800000000000000aa01f800000000000000aa01f800000000000000aa01f800000000000000aa01f800000000000000aa01f800000000000000aa01f800000000000000aa01f800000000000000
02:29:51.798 [DEBUG] [serial] RX 105 bytes: aa01f800000000000000aa01f800000000000000aa01f800000000000000aa01f800000000000000aa01f800000000000000aa01f800000000000000aa01f800000000000000aa01f800000000000000aa01f800000000000000aa01f800000000000000aa01f80000
02:29:51.799 [DEBUG] [serial] PKT #14500: flags=0x01 in=-2048 ds=0 flt=0
02:29:51.907 [DEBUG] [serial] RX 103 bytes: 0000000000aa01f800000000000000aa01f800000000000000aa01f800000000000000aa01f800000000000000aa01f800000000000000aa01f800000000000000aa01f800000000000000aa01f800000000000000aa01f800000000000000aa01f80000000000
02:29:52.014 [DEBUG] [serial] RX 102 bytes: 0000aa01f800000000000000aa01f800000000000000aa01f800000000000000aa01f800000000000000aa01f800000000000000aa01f800000000000000aa01f800000000000000aa01f800000000000000aa01f800000000000000aa01f800000000000000
02:29:52.123 [DEBUG] [serial] RX 104 bytes: aa01f800000000000000aa01f800000000000000aa01f800000000000000aa01f800000000000000aa01f800000000000000aa01f800000000000000aa01f800000000000000aa01f800000000000000aa01f800000000000000aa01f800000000000000aa01f800
02:29:52.232 [DEBUG] [serial] RX 103 bytes: 000000000000aa01f800000000000000aa01f800000000000000aa01f800000000000000aa01f800000000000000aa01f800000000000000aa01f800000000000000aa01f800000000000000aa01f800000000000000aa01f800000000000000aa01f800000000
02:29:52.233 [INFO] [serial] Stats: 14550 pkts, 145513 bytes rx
02:29:52.342 [DEBUG] [serial] RX 105 bytes: 000000aa01f800000000000000aa01f800000000000000aa01f800000000000000aa01f800000000000000aa01f800000000000000aa01f800000000000000aa01f800000000000000aa01f800000000000000aa01f800000000000000aa01f800000000000000aa01
02:29:52.450 [DEBUG] [serial] RX 103 bytes: f800000000000000aa01f800000000000000aa01f800000000000000aa01f800000000000000aa01f800000000000000aa01f800000000000000aa01f800000000000000aa01f800000000000000aa01f800000000000000aa01f800000000000000aa01f80000
02:29:52.559 [DEBUG] [serial] RX 104 bytes: 0000000000aa01f800000000000000aa01f800000000000000aa01f800000000000000aa01f800000000000000aa01f800000000000000aa01f800000000000000aa01f800000000000000aa01f800000000000000aa01f800000000000000aa01f8000000000000
02:29:52.668 [DEBUG] [serial] RX 103 bytes: 00aa01f800000000000000aa01f800000000000000aa01f800000000000000aa01f800000000000000aa01f800000000000000aa01f800000000000000aa01f800000000000000aa01f800000000000000aa01f800000000000000aa01f800000000000000aa01
02:29:52.777 [DEBUG] [serial] RX 104 bytes: f800000000000000aa01f800000000000000aa01f800000000000000aa01f800000000000000aa01f800000000000000aa01f800000000000000aa01f800000000000000aa01f800000000000000aa01f800000000000000aa01f800000000000000aa01f8000000
02:29:52.886 [DEBUG] [serial] RX 103 bytes: 00000000aa01f800000000000000aa01f800000000000000aa01f800000000000000aa01f800000000000000aa01f800000000000000aa01f800000000000000aa01f800000000000000aa01f800000000000000aa01f800000000000000aa01f8000000000000
02:29:52.994 [DEBUG] [serial] RX 103 bytes: 00aa01f800000000000000aa01f800000000000000aa01f800000000000000aa01f800000000000000aa01f800000000000000aa01f800000000000000aa01f800000000000000aa01f800000000000000aa01f800000000000000aa01f800000000000000aa01
02:29:53.104 [DEBUG] [serial] RX 105 bytes: f800000000000000aa01f800000000000000aa01f800000000000000aa01f800000000000000aa01f800000000000000aa01f800000000000000aa01f800000000000000aa01f800000000000000aa01f800000000000000aa01f800000000000000aa01f800000000
02:29:53.213 [DEBUG] [serial] RX 103 bytes: 000000aa01f800000000000000aa01f800000000000000aa01f800000000000000aa01f800000000000000aa01f800000000000000aa01f800000000000000aa01f800000000000000aa01f800000000000000aa01f800000000000000aa01f800000000000000
02:29:53.320 [DEBUG] [serial] RX 103 bytes: aa01f800000000000000aa01f800000000000000aa01f800000000000000aa01f800000000000000aa01f800000000000000aa01f800000000000000aa01f800000000000000aa01f800000000000000aa01f800000000000000aa01f800000000000000aa01f8
02:29:53.429 [DEBUG] [serial] RX 103 bytes: 00000000000000aa01f800000000000000aa01f800000000000000aa01f800000000000000aa01f800000000000000aa01f800000000000000aa01f800000000000000aa01f800000000000000aa01f800000000000000aa01f800000000000000aa01f8000000
02:29:53.538 [DEBUG] [serial] RX 104 bytes: 00000000aa01f800000000000000aa01f800000000000000aa01f800000000000000aa01f800000000000000aa01f800000000000000aa01f800000000000000aa01f800000000000000aa01f800000000000000aa01f800000000000000aa01f800000000000000
02:29:53.647 [DEBUG] [serial] RX 104 bytes: aa01f800000000000000aa01f800000000000000aa01f800000000000000aa01f800000000000000aa01f800000000000000aa01f800000000000000aa01f800000000000000aa01f800000000000000aa01f800000000000000aa01f800000000000000aa01f800
02:29:53.755 [DEBUG] [serial] RX 103 bytes: 000000000000aa01f800000000000000aa01f800000000000000aa01f800000000000000aa01f800000000000000aa01f800000000000000aa01f800000000000000aa01f800000000000000aa01f800000000000000aa01f800000000000000aa01f800000000
02:29:53.865 [DEBUG] [serial] RX 104 bytes: 000000aa01f800000000000000aa01f800000000000000aa01f800000000000000aa01f800000000000000aa01f800000000000000aa01f800000000000000aa01f800000000000000aa01f800000000000000aa01f800000000000000aa01f800000000000000aa
02:29:53.974 [DEBUG] [serial] RX 103 bytes: 01f800000000000000aa01f800000000000000aa01f800000000000000aa01f800000000000000aa01f800000000000000aa01f800000000000000aa01f800000000000000aa01f800000000000000aa01f800000000000000aa01f800000000000000aa01f800
02:29:54.082 [DEBUG] [serial] RX 104 bytes: 000000000000aa01f800000000000000aa01f800000000000000aa01f800000000000000aa01f800000000000000aa01f800000000000000aa01f800000000000000aa01f800000000000000aa01f800000000000000aa01f800000000000000aa01f80000000000
02:29:54.192 [DEBUG] [serial] RX 105 bytes: 0000aa01f800000000000000aa01f800000000000000aa01f800000000000000aa01f800000000000000aa01f800000000000000aa01f800000000000000aa01f800000000000000aa01f800000000000000aa01f800000000000000aa01f800000000000000aa01f8
02:29:54.302 [DEBUG] [serial] RX 103 bytes: 00000000000000aa01f800000000000000aa01f800000000000000aa01f800000000000000aa01f800000000000000aa01f800000000000000aa01f800000000000000aa01f800000000000000aa01f800000000000000aa01f800000000000000aa01f8000000
02:29:54.410 [DEBUG] [serial] RX 104 bytes: 00000000aa01f800000000000000aa01f800000000000000aa01f800000000000000aa01f800000000000000aa01f800000000000000aa01f800000000000000aa01f800000000000000aa01f800000000000000aa01f800000000000000aa01f800000000000000
02:29:54.519 [DEBUG] [serial] RX 103 bytes: aa01f800000000000000aa01f800000000000000aa01f800000000000000aa01f800000000000000aa01f800000000000000aa01f800000000000000aa01f800000000000000aa01f800000000000000aa01f800000000000000aa01f800000000000000aa01f8
02:29:54.627 [DEBUG] [serial] RX 103 bytes: 00000000000000aa01f800000000000000aa01f800000000000000aa01f800000000000000aa01f800000000000000aa01f800000000000000aa01f800000000000000aa01f800000000000000aa01f800000000000000aa01f800000000000000aa01f8000000
02:29:54.736 [DEBUG] [serial] RX 104 bytes: 00000000aa01f800000000000000aa01f800000000000000aa01f800000000000000aa01f800000000000000aa01f800000000000000aa01f800000000000000aa01f800000000000000aa01f800000000000000aa01f800000000000000aa01f800000000000000
02:29:54.845 [DEBUG] [serial] RX 103 bytes: aa01f800000000000000aa01f800000000000000aa01f800000000000000aa01f800000000000000aa01f800000000000000aa01f800000000000000aa01f800000000000000aa01f800000000000000aa01f800000000000000aa01f800000000000000aa01f8
02:29:54.952 [DEBUG] [serial] RX 102 bytes: 00000000000000aa01f800000000000000aa01f800000000000000aa01f800000000000000aa01f800000000000000aa01f800000000000000aa01f800000000000000aa01f800000000000000aa01f800000000000000aa01f800000000000000aa01f80000
02:29:55.060 [DEBUG] [serial] RX 103 bytes: 0000000000aa01f800000000000000aa01f800000000000000aa01f800000000000000aa01f800000000000000aa01f800000000000000aa01f800000000000000aa01f800000000000000aa01f800000000000000aa01f800000000000000aa01f80000000000
02:29:55.169 [DEBUG] [serial] RX 104 bytes: 0000aa01f800000000000000aa01f800000000000000aa01f800000000000000aa01f800000000000000aa01f800000000000000aa01f800000000000000aa01f800000000000000aa01f800000000000000aa01f800000000000000aa01f800000000000000aa01
02:29:55.278 [DEBUG] [serial] RX 104 bytes: f800000000000000aa01f800000000000000aa01f800000000000000aa01f800000000000000aa01f800000000000000aa01f800000000000000aa01f800000000000000aa01f800000000000000aa01f800000000000000aa01f800000000000000aa01f8000000
02:29:55.387 [DEBUG] [serial] RX 104 bytes: 00000000aa01f800000000000000aa01f800000000000000aa01f800000000000000aa01f800000000000000aa01f800000000000000aa01f800000000000000aa01f800000000000000aa01f800000000000000aa01f800000000000000aa01f800000000000000
02:29:55.495 [DEBUG] [serial] RX 102 bytes: aa01f800000000000000aa01f800000000000000aa01f800000000000000aa01f800000000000000aa01f800000000000000aa01f800000000000000aa01f800000000000000aa01f800000000000000aa01f800000000000000aa01f800000000000000aa01
02:29:55.604 [DEBUG] [serial] RX 104 bytes: f800000000000000aa01f800000000000000aa01f800000000000000aa01f800000000000000aa01f800000000000000aa01f800000000000000aa01f800000000000000aa01f800000000000000aa01f800000000000000aa01f800000000000000aa01f8000000
02:29:55.714 [DEBUG] [serial] RX 104 bytes: 00000000aa01f800000000000000aa01f800000000000000aa01f800000000000000aa01f800000000000000aa01f800000000000000aa01f800000000000000aa01f800000000000000aa01f800000000000000aa01f800000000000000aa01f800000000000000
02:29:55.822 [DEBUG] [serial] RX 104 bytes: aa01f800000000000000aa01f800000000000000aa01f800000000000000aa01f800000000000000aa01f800000000000000aa01f800000000000000aa01f800000000000000aa01f800000000000000aa01f800000000000000aa01f800000000000000aa01f800
02:29:55.931 [DEBUG] [serial] RX 103 bytes: 000000000000aa01f800000000000000aa01f800000000000000aa01f800000000000000aa01f800000000000000aa01f800000000000000aa01f800000000000000aa01f800000000000000aa01f800000000000000aa01f800000000000000aa01f800000000
02:29:56.039 [DEBUG] [serial] RX 103 bytes: 000000aa01f800000000000000aa01f800000000000000aa01f800000000000000aa01f800000000000000aa01f800000000000000aa01f800000000000000aa01f800000000000000aa01f800000000000000aa01f800000000000000aa01f800000000000000
02:29:56.149 [DEBUG] [serial] RX 105 bytes: aa01f800000000000000aa01f800000000000000aa01f800000000000000aa01f800000000000000aa01f800000000000000aa01f800000000000000aa01f800000000000000aa01f800000000000000aa01f800000000000000aa01f800000000000000aa01f80000
02:29:56.258 [DEBUG] [serial] RX 104 bytes: 0000000000aa01f800000000000000aa01f800000000000000aa01f800000000000000aa01f800000000000000aa01f800000000000000aa01f800000000000000aa01f800000000000000aa01f800000000000000aa01f800000000000000aa01f8000000000000
02:29:56.367 [DEBUG] [serial] RX 103 bytes: 00aa01f800000000000000aa01f800000000000000aa01f800000000000000aa01f800000000000000aa01f800000000000000aa01f800000000000000aa01f800000000000000aa01f800000000000000aa01f800000000000000aa01f800000000000000aa01
02:29:56.477 [DEBUG] [serial] RX 105 bytes: f800000000000000aa01f800000000000000aa01f800000000000000aa01f800000000000000aa01f800000000000000aa01f800000000000000aa01f800000000000000aa01f800000000000000aa01f800000000000000aa01f800000000000000aa01f800000000
02:29:56.586 [DEBUG] [serial] RX 103 bytes: 000000aa01f800000000000000aa01f800000000000000aa01f800000000000000aa01f800000000000000aa01f800000000000000aa01f800000000000000aa01f800000000000000aa01f800000000000000aa01f800000000000000aa01f800000000000000
02:29:56.695 [DEBUG] [serial] RX 104 bytes: aa01f800000000000000aa01f800000000000000aa01f800000000000000aa01f800000000000000aa01f800000000000000aa01f800000000000000aa01f800000000000000aa01f800000000000000aa01f800000000000000aa01f800000000000000aa01f800
02:29:56.804 [DEBUG] [serial] RX 103 bytes: 000000000000aa01f800000000000000aa01f800000000000000aa01f800000000000000aa01f800000000000000aa01f800000000000000aa01f800000000000000aa01f800000000000000aa01f800000000000000aa01f800000000000000aa01f800000000
02:29:56.911 [DEBUG] [serial] RX 103 bytes: 000000aa01f800000000000000aa01f800000000000000aa01f800000000000000aa01f800000000000000aa01f800000000000000aa01f800000000000000aa01f800000000000000aa01f800000000000000aa01f800000000000000aa01f800000000000000
02:29:57.022 [DEBUG] [serial] RX 105 bytes: aa01f800000000000000aa01f800000000000000aa01f800000000000000aa01f800000000000000aa01f800000000000000aa01f800000000000000aa01f800000000000000aa01f800000000000000aa01f800000000000000aa01f800000000000000aa01f80000
02:29:57.022 [DEBUG] [serial] PKT #15000: flags=0x01 in=-2048 ds=0 flt=0
02:29:57.130 [DEBUG] [serial] RX 103 bytes: 0000000000aa01f800000000000000aa01f800000000000000aa01f800000000000000aa01f800000000000000aa01f800000000000000aa01f800000000000000aa01f800000000000000aa01f800000000000000aa01f800000000000000aa01f80000000000
02:29:57.240 [DEBUG] [serial] RX 105 bytes: 0000aa01f800000000000000aa01f800000000000000aa01f800000000000000aa01f800000000000000aa01f800000000000000aa01f800000000000000aa01f800000000000000aa01f800000000000000aa01f800000000000000aa01f800000000000000aa01f8
02:29:57.241 [INFO] [serial] Stats: 15027 pkts, 150279 bytes rx
02:29:57.348 [DEBUG] [serial] RX 102 bytes: 00000000000000aa01f800000000000000aa01f800000000000000aa01f800000000000000aa01f800000000000000aa01f800000000000000aa01f800000000000000aa01f800000000000000aa01f800000000000000aa01f800000000000000aa01f80000
02:29:57.456 [DEBUG] [serial] RX 103 bytes: 0000000000aa01f800000000000000aa01f800000000000000aa01f800000000000000aa01f800000000000000aa01f800000000000000aa01f800000000000000aa01f800000000000000aa01f800000000000000aa01f800000000000000aa01f80000000000
02:29:57.566 [DEBUG] [serial] RX 105 bytes: 0000aa01f800000000000000aa01f800000000000000aa01f800000000000000aa01f800000000000000aa01f800000000000000aa01f800000000000000aa01f800000000000000aa01f800000000000000aa01f800000000000000aa01f800000000000000aa01f8
02:29:57.674 [DEBUG] [serial] RX 102 bytes: 00000000000000aa01f800000000000000aa01f800000000000000aa01f800000000000000aa01f800000000000000aa01f800000000000000aa01f800000000000000aa01f800000000000000aa01f800000000000000aa01f800000000000000aa01f80000
02:29:57.782 [DEBUG] [serial] RX 104 bytes: 0000000000aa01f800000000000000aa01f800000000000000aa01f800000000000000aa01f800000000000000aa01f800000000000000aa01f800000000000000aa01f800000000000000aa01f800000000000000aa01f800000000000000aa01f8000000000000
02:29:57.890 [DEBUG] [serial] RX 102 bytes: 00aa01f800000000000000aa01f800000000000000aa01f800000000000000aa01f800000000000000aa01f800000000000000aa01f800000000000000aa01f800000000000000aa01f800000000000000aa01f800000000000000aa01f800000000000000aa
02:29:58.000 [DEBUG] [serial] RX 105 bytes: 01f800000000000000aa01f800000000000000aa01f800000000000000aa01f800000000000000aa01f800000000000000aa01f800000000000000aa01f800000000000000aa01f800000000000000aa01f800000000000000aa01f800000000000000aa01f8000000
02:29:58.109 [DEBUG] [serial] RX 103 bytes: 00000000aa01f800000000000000aa01f800000000000000aa01f800000000000000aa01f800000000000000aa01f800000000000000aa01f800000000000000aa01f800000000000000aa01f800000000000000aa01f800000000000000aa01f8000000000000
02:29:58.218 [DEBUG] [serial] RX 105 bytes: 00aa01f800000000000000aa01f800000000000000aa01f800000000000000aa01f800000000000000aa01f800000000000000aa01f800000000000000aa01f800000000000000aa01f800000000000000aa01f800000000000000aa01f800000000000000aa01f800
02:29:58.326 [DEBUG] [serial] RX 102 bytes: 000000000000aa01f800000000000000aa01f800000000000000aa01f800000000000000aa01f800000000000000aa01f800000000000000aa01f800000000000000aa01f800000000000000aa01f800000000000000aa01f800000000000000aa01f8000000
02:29:58.436 [DEBUG] [serial] RX 104 bytes: 00000000aa01f800000000000000aa01f800000000000000aa01f800000000000000aa01f800000000000000aa01f800000000000000aa01f800000000000000aa01f800000000000000aa01f800000000000000aa01f800000000000000aa01f800000000000000
02:29:58.544 [DEBUG] [serial] RX 104 bytes: aa01f800000000000000aa01f800000000000000aa01f800000000000000aa01f800000000000000aa01f800000000000000aa01f800000000000000aa01f800000000000000aa01f800000000000000aa01f800000000000000aa01f800000000000000aa01f800
02:29:58.653 [DEBUG] [serial] RX 104 bytes: 000000000000aa01f800000000000000aa01f800000000000000aa01f800000000000000aa01f800000000000000aa01f800000000000000aa01f800000000000000aa01f800000000000000aa01f800000000000000aa01f800000000000000aa01f80000000000
02:29:58.761 [DEBUG] [serial] RX 102 bytes: 0000aa01f800000000000000aa01f800000000000000aa01f800000000000000aa01f800000000000000aa01f800000000000000aa01f800000000000000aa01f800000000000000aa01f800000000000000aa01f800000000000000aa01f800000000000000
02:29:58.871 [DEBUG] [serial] RX 105 bytes: aa01f800000000000000aa01f800000000000000aa01f800000000000000aa01f800000000000000aa01f800000000000000aa01f800000000000000aa01f800000000000000aa01f800000000000000aa01f800000000000000aa01f800000000000000aa01f80000
02:29:58.980 [DEBUG] [serial] RX 104 bytes: 0000000000aa01f800000000000000aa01f800000000000000aa01f800000000000000aa01f800000000000000aa01f800000000000000aa01f800000000000000aa01f800000000000000aa01f800000000000000aa01f800000000000000aa01f8000000000000
02:29:59.089 [DEBUG] [serial] RX 103 bytes: 00aa01f800000000000000aa01f800000000000000aa01f800000000000000aa01f800000000000000aa01f800000000000000aa01f800000000000000aa01f800000000000000aa01f800000000000000aa01f800000000000000aa01f800000000000000aa01
02:29:59.199 [DEBUG] [serial] RX 105 bytes: f800000000000000aa01f800000000000000aa01f800000000000000aa01f800000000000000aa01f800000000000000aa01f800000000000000aa01f800000000000000aa01f800000000000000aa01f800000000000000aa01f800000000000000aa01f800000000
02:29:59.306 [DEBUG] [serial] RX 102 bytes: 000000aa01f800000000000000aa01f800000000000000aa01f800000000000000aa01f800000000000000aa01f800000000000000aa01f800000000000000aa01f800000000000000aa01f800000000000000aa01f800000000000000aa01f8000000000000
02:29:59.415 [DEBUG] [serial] RX 104 bytes: 00aa01f800000000000000aa01f800000000000000aa01f800000000000000aa01f800000000000000aa01f800000000000000aa01f800000000000000aa01f800000000000000aa01f800000000000000aa01f800000000000000aa01f800000000000000aa01f8
02:29:59.524 [DEBUG] [serial] RX 103 bytes: 00000000000000aa01f800000000000000aa01f800000000000000aa01f800000000000000aa01f800000000000000aa01f800000000000000aa01f800000000000000aa01f800000000000000aa01f800000000000000aa01f800000000000000aa01f8000000
02:29:59.633 [DEBUG] [serial] RX 103 bytes: 00000000aa01f800000000000000aa01f800000000000000aa01f800000000000000aa01f800000000000000aa01f800000000000000aa01f800000000000000aa01f800000000000000aa01f800000000000000aa01f800000000000000aa01f8000000000000
02:29:59.741 [DEBUG] [serial] RX 104 bytes: 00aa01f800000000000000aa01f800000000000000aa01f800000000000000aa01f800000000000000aa01f800000000000000aa01f800000000000000aa01f800000000000000aa01f800000000000000aa01f800000000000000aa01f800000000000000aa01f8
02:29:59.852 [DEBUG] [serial] RX 105 bytes: 00000000000000aa01f800000000000000aa01f800000000000000aa01f800000000000000aa01f800000000000000aa01f800000000000000aa01f800000000000000aa01f800000000000000aa01f800000000000000aa01f800000000000000aa01f80000000000
02:29:59.959 [DEBUG] [serial] RX 103 bytes: 0000aa01f800000000000000aa01f800000000000000aa01f800000000000000aa01f800000000000000aa01f800000000000000aa01f800000000000000aa01f800000000000000aa01f800000000000000aa01f800000000000000aa01f800000000000000aa
02:30:00.069 [DEBUG] [serial] RX 104 bytes: 01f800000000000000aa01f800000000000000aa01f800000000000000aa01f800000000000000aa01f800000000000000aa01f800000000000000aa01f800000000000000aa01f800000000000000aa01f800000000000000aa01f800000000000000aa01f80000
02:30:00.177 [DEBUG] [serial] RX 103 bytes: 0000000000aa01f800000000000000aa01f800000000000000aa01f800000000000000aa01f800000000000000aa01f800000000000000aa01f800000000000000aa01f800000000000000aa01f800000000000000aa01f800000000000000aa01f80000000000
02:30:00.285 [DEBUG] [serial] RX 103 bytes: 0000aa01f800000000000000aa01f800000000000000aa01f800000000000000aa01f800000000000000aa01f800000000000000aa01f800000000000000aa01f800000000000000aa01f800000000000000aa01f800000000000000aa01f800000000000000aa
02:30:00.394 [DEBUG] [serial] RX 103 bytes: 01f800000000000000aa01f800000000000000aa01f800000000000000aa01f800000000000000aa01f800000000000000aa01f800000000000000aa01f800000000000000aa01f800000000000000aa01f800000000000000aa01f800000000000000aa01f800
02:30:00.504 [DEBUG] [serial] RX 105 bytes: 000000000000aa01f800000000000000aa01f800000000000000aa01f800000000000000aa01f800000000000000aa01f800000000000000aa01f800000000000000aa01f800000000000000aa01f800000000000000aa01f800000000000000aa01f8000000000000
02:30:00.614 [DEBUG] [serial] RX 104 bytes: 00aa01f800000000000000aa01f800000000000000aa01f800000000000000aa01f800000000000000aa01f800000000000000aa01f800000000000000aa01f800000000000000aa01f800000000000000aa01f800000000000000aa01f800000000000000aa01f8
02:30:00.722 [DEBUG] [serial] RX 104 bytes: 00000000000000aa01f800000000000000aa01f800000000000000aa01f800000000000000aa01f800000000000000aa01f800000000000000aa01f800000000000000aa01f800000000000000aa01f800000000000000aa01f800000000000000aa01f800000000
02:30:00.830 [DEBUG] [serial] RX 102 bytes: 000000aa01f800000000000000aa01f800000000000000aa01f800000000000000aa01f800000000000000aa01f800000000000000aa01f800000000000000aa01f800000000000000aa01f800000000000000aa01f800000000000000aa01f8000000000000
02:30:00.938 [DEBUG] [serial] RX 103 bytes: 00aa01f800000000000000aa01f800000000000000aa01f800000000000000aa01f800000000000000aa01f800000000000000aa01f800000000000000aa01f800000000000000aa01f800000000000000aa01f800000000000000aa01f800000000000000aa01
02:30:01.048 [DEBUG] [serial] RX 105 bytes: f800000000000000aa01f800000000000000aa01f800000000000000aa01f800000000000000aa01f800000000000000aa01f800000000000000aa01f800000000000000aa01f800000000000000aa01f800000000000000aa01f800000000000000aa01f800000000
02:30:01.157 [DEBUG] [serial] RX 103 bytes: 000000aa01f800000000000000aa01f800000000000000aa01f800000000000000aa01f800000000000000aa01f800000000000000aa01f800000000000000aa01f800000000000000aa01f800000000000000aa01f800000000000000aa01f800000000000000
02:30:01.266 [DEBUG] [serial] RX 104 bytes: aa01f800000000000000aa01f800000000000000aa01f800000000000000aa01f800000000000000aa01f800000000000000aa01f800000000000000aa01f800000000000000aa01f800000000000000aa01f800000000000000aa01f800000000000000aa01f800
02:30:01.375 [DEBUG] [serial] RX 103 bytes: 000000000000aa01f800000000000000aa01f800000000000000aa01f800000000000000aa01f800000000000000aa01f800000000000000aa01f800000000000000aa01f800000000000000aa01f800000000000000aa01f800000000000000aa01f800000000
02:30:01.485 [DEBUG] [serial] RX 105 bytes: 000000aa01f800000000000000aa01f800000000000000aa01f800000000000000aa01f800000000000000aa01f800000000000000aa01f800000000000000aa01f800000000000000aa01f800000000000000aa01f800000000000000aa01f800000000000000aa01
02:30:01.594 [DEBUG] [serial] RX 104 bytes: f800000000000000aa01f800000000000000aa01f800000000000000aa01f800000000000000aa01f800000000000000aa01f800000000000000aa01f800000000000000aa01f800000000000000aa01f800000000000000aa01f800000000000000aa01f8000000
02:30:01.702 [DEBUG] [serial] RX 103 bytes: 00000000aa01f800000000000000aa01f800000000000000aa01f800000000000000aa01f800000000000000aa01f800000000000000aa01f800000000000000aa01f800000000000000aa01f800000000000000aa01f800000000000000aa01f8000000000000
02:30:01.810 [DEBUG] [serial] RX 103 bytes: 00aa01f800000000000000aa01f800000000000000aa01f800000000000000aa01f800000000000000aa01f800000000000000aa01f800000000000000aa01f800000000000000aa01f800000000000000aa01f800000000000000aa01f800000000000000aa01
02:30:01.919 [DEBUG] [serial] RX 104 bytes: f800000000000000aa01f800000000000000aa01f800000000000000aa01f800000000000000aa01f800000000000000aa01f800000000000000aa01f800000000000000aa01f800000000000000aa01f800000000000000aa01f800000000000000aa01f8000000
02:30:02.027 [DEBUG] [serial] RX 103 bytes: 00000000aa01f800000000000000aa01f800000000000000aa01f800000000000000aa01f800000000000000aa01f800000000000000aa01f800000000000000aa01f800000000000000aa01f800000000000000aa01f800000000000000aa01f8000000000000
02:30:02.137 [DEBUG] [serial] RX 104 bytes: 00aa01f800000000000000aa01f800000000000000aa01f800000000000000aa01f800000000000000aa01f800000000000000aa01f800000000000000aa01f800000000000000aa01f800000000000000aa01f800000000000000aa01f800000000000000aa01f8
02:30:02.246 [DEBUG] [serial] RX 103 bytes: 00000000000000aa01f800000000000000aa01f800000000000000aa01f800000000000000aa01f800000000000000aa01f800000000000000aa01f800000000000000aa01f800000000000000aa01f800000000000000aa01f800000000000000aa01f8000000
02:30:02.246 [DEBUG] [serial] PKT #15500: flags=0x01 in=-2048 ds=0 flt=0
02:30:02.246 [INFO] [serial] Stats: 15503 pkts, 155042 bytes rx
02:30:02.355 [DEBUG] [serial] RX 104 bytes: 00000000aa01f800000000000000aa01f800000000000000aa01f800000000000000aa01f800000000000000aa01f800000000000000aa01f800000000000000aa01f800000000000000aa01f800000000000000aa01f800000000000000aa01f800000000000000
02:30:02.465 [DEBUG] [serial] RX 105 bytes: aa01f800000000000000aa01f800000000000000aa01f800000000000000aa01f800000000000000aa01f800000000000000aa01f800000000000000aa01f800000000000000aa01f800000000000000aa01f800000000000000aa01f800000000000000aa01f80000
02:30:02.573 [DEBUG] [serial] RX 102 bytes: 0000000000aa01f800000000000000aa01f800000000000000aa01f800000000000000aa01f800000000000000aa01f800000000000000aa01f800000000000000aa01f800000000000000aa01f800000000000000aa01f800000000000000aa01f800000000
02:30:02.682 [DEBUG] [serial] RX 105 bytes: 000000aa01f800000000000000aa01f800000000000000aa01f800000000000000aa01f800000000000000aa01f800000000000000aa01f800000000000000aa01f800000000000000aa01f800000000000000aa01f800000000000000aa01f800000000000000aa01
02:30:02.792 [DEBUG] [serial] RX 104 bytes: f800000000000000aa01f800000000000000aa01f800000000000000aa01f800000000000000aa01f800000000000000aa01f800000000000000aa01f800000000000000aa01f800000000000000aa01f800000000000000aa01f800000000000000aa01f8000000
02:30:02.899 [DEBUG] [serial] RX 102 bytes: 00000000aa01f800000000000000aa01f800000000000000aa01f800000000000000aa01f800000000000000aa01f800000000000000aa01f800000000000000aa01f800000000000000aa01f800000000000000aa01f800000000000000aa01f80000000000
02:30:03.009 [DEBUG] [serial] RX 105 bytes: 0000aa01f800000000000000aa01f800000000000000aa01f800000000000000aa01f800000000000000aa01f800000000000000aa01f800000000000000aa01f800000000000000aa01f800000000000000aa01f800000000000000aa01f800000000000000aa01f8
02:30:03.117 [DEBUG] [serial] RX 103 bytes: 00000000000000aa01f800000000000000aa01f800000000000000aa01f800000000000000aa01f800000000000000aa01f800000000000000aa01f800000000000000aa01f800000000000000aa01f800000000000000aa01f800000000000000aa01f8000000
02:30:03.227 [DEBUG] [serial] RX 104 bytes: 00000000aa01f800000000000000aa01f800000000000000aa01f800000000000000aa01f800000000000000aa01f800000000000000aa01f800000000000000aa01f800000000000000aa01f800000000000000aa01f800000000000000aa01f800000000000000
02:30:03.336 [DEBUG] [serial] RX 103 bytes: aa01f800000000000000aa01f800000000000000aa01f800000000000000aa01f800000000000000aa01f800000000000000aa01f800000000000000aa01f800000000000000aa01f800000000000000aa01f800000000000000aa01f800000000000000aa01f8
02:30:03.444 [DEBUG] [serial] RX 103 bytes: 00000000000000aa01f800000000000000aa01f800000000000000aa01f800000000000000aa01f800000000000000aa01f800000000000000aa01f800000000000000aa01f800000000000000aa01f800000000000000aa01f800000000000000aa01f8000000
02:30:03.553 [DEBUG] [serial] RX 105 bytes: 00000000aa01f800000000000000aa01f800000000000000aa01f800000000000000aa01f800000000000000aa01f800000000000000aa01f800000000000000aa01f800000000000000aa01f800000000000000aa01f800000000000000aa01f800000000000000aa
02:30:03.662 [DEBUG] [serial] RX 104 bytes: 01f800000000000000aa01f800000000000000aa01f800000000000000aa01f800000000000000aa01f800000000000000aa01f800000000000000aa01f800000000000000aa01f800000000000000aa01f800000000000000aa01f800000000000000aa01f80000
02:30:03.770 [DEBUG] [serial] RX 102 bytes: 0000000000aa01f800000000000000aa01f800000000000000aa01f800000000000000aa01f800000000000000aa01f800000000000000aa01f800000000000000aa01f800000000000000aa01f800000000000000aa01f800000000000000aa01f800000000
02:30:03.881 [DEBUG] [serial] RX 105 bytes: 000000aa01f800000000000000aa01f800000000000000aa01f800000000000000aa01f800000000000000aa01f800000000000000aa01f800000000000000aa01f800000000000000aa01f800000000000000aa01f800000000000000aa01f800000000000000aa01
02:30:03.991 [DEBUG] [serial] RX 105 bytes: f800000000000000aa01f800000000000000aa01f800000000000000aa01f800000000000000aa01f800000000000000aa01f800000000000000aa01f800000000000000aa01f800000000000000aa01f800000000000000aa01f800000000000000aa01f800000000
02:30:04.102 [DEBUG] [serial] RX 106 bytes: 000000aa01f800000000000000aa01f800000000000000aa01f800000000000000aa01f800000000000000aa01f800000000000000aa01f800000000000000aa01f800000000000000aa01f800000000000000aa01f800000000000000aa01f800000000000000aa01f8
02:30:04.210 [DEBUG] [serial] RX 103 bytes: 00000000000000aa01f800000000000000aa01f800000000000000aa01f800000000000000aa01f800000000000000aa01f800000000000000aa01f800000000000000aa01f800000000000000aa01f800000000000000aa01f800000000000000aa01f8000000
02:30:04.319 [DEBUG] [serial] RX 104 bytes: 00000000aa01f800000000000000aa01f800000000000000aa01f800000000000000aa01f800000000000000aa01f800000000000000aa01f800000000000000aa01f800000000000000aa01f800000000000000aa01f800000000000000aa01f800000000000000
02:30:04.429 [DEBUG] [serial] RX 104 bytes: aa01f800000000000000aa01f800000000000000aa01f800000000000000aa01f800000000000000aa01f800000000000000aa01f800000000000000aa01f800000000000000aa01f800000000000000aa01f800000000000000aa01f800000000000000aa01f800
02:30:04.537 [DEBUG] [serial] RX 103 bytes: 000000000000aa01f800000000000000aa01f800000000000000aa01f800000000000000aa01f800000000000000aa01f800000000000000aa01f800000000000000aa01f800000000000000aa01f800000000000000aa01f800000000000000aa01f800000000
02:30:04.646 [DEBUG] [serial] RX 104 bytes: 000000aa01f800000000000000aa01f800000000000000aa01f800000000000000aa01f800000000000000aa01f800000000000000aa01f800000000000000aa01f800000000000000aa01f800000000000000aa01f800000000000000aa01f800000000000000aa
02:30:04.755 [DEBUG] [serial] RX 103 bytes: 01f800000000000000aa01f800000000000000aa01f800000000000000aa01f800000000000000aa01f800000000000000aa01f800000000000000aa01f800000000000000aa01f800000000000000aa01f800000000000000aa01f800000000000000aa01f800
02:30:04.864 [DEBUG] [serial] RX 104 bytes: 000000000000aa01f800000000000000aa01f800000000000000aa01f800000000000000aa01f800000000000000aa01f800000000000000aa01f800000000000000aa01f800000000000000aa01f800000000000000aa01f800000000000000aa01f80000000000
02:30:04.974 [DEBUG] [serial] RX 105 bytes: 0000aa01f800000000000000aa01f800000000000000aa01f800000000000000aa01f800000000000000aa01f800000000000000aa01f800000000000000aa01f800000000000000aa01f800000000000000aa01f800000000000000aa01f800000000000000aa01f8
02:30:05.083 [DEBUG] [serial] RX 103 bytes: 00000000000000aa01f800000000000000aa01f800000000000000aa01f800000000000000aa01f800000000000000aa01f800000000000000aa01f800000000000000aa01f800000000000000aa01f800000000000000aa01f800000000000000aa01f8000000
02:30:05.190 [DEBUG] [serial] RX 102 bytes: 00000000aa01f800000000000000aa01f800000000000000aa01f800000000000000aa01f800000000000000aa01f800000000000000aa01f800000000000000aa01f800000000000000aa01f800000000000000aa01f800000000000000aa01f80000000000
02:30:05.299 [DEBUG] [serial] RX 104 bytes: 0000aa01f800000000000000aa01f800000000000000aa01f800000000000000aa01f800000000000000aa01f800000000000000aa01f800000000000000aa01f800000000000000aa01f800000000000000aa01f800000000000000aa01f800000000000000aa01
02:30:05.409 [DEBUG] [serial] RX 105 bytes: f800000000000000aa01f800000000000000aa01f800000000000000aa01f800000000000000aa01f800000000000000aa01f800000000000000aa01f800000000000000aa01f800000000000000aa01f800000000000000aa01f800000000000000aa01f800000000
02:30:05.519 [DEBUG] [serial] RX 104 bytes: 000000aa01f800000000000000aa01f800000000000000aa01f800000000000000aa01f800000000000000aa01f800000000000000aa01f800000000000000aa01f800000000000000aa01f800000000000000aa01f800000000000000aa01f800000000000000aa
02:30:05.626 [DEBUG] [serial] RX 102 bytes: 01f800000000000000aa01f800000000000000aa01f800000000000000aa01f800000000000000aa01f800000000000000aa01f800000000000000aa01f800000000000000aa01f800000000000000aa01f800000000000000aa01f800000000000000aa01f8
02:30:05.735 [DEBUG] [serial] RX 104 bytes: 00000000000000aa01f800000000000000aa01f800000000000000aa01f800000000000000aa01f800000000000000aa01f800000000000000aa01f800000000000000aa01f800000000000000aa01f800000000000000aa01f800000000000000aa01f800000000
02:30:05.844 [DEBUG] [serial] RX 104 bytes: 000000aa01f800000000000000aa01f800000000000000aa01f800000000000000aa01f800000000000000aa01f800000000000000aa01f800000000000000aa01f800000000000000aa01f800000000000000aa01f800000000000000aa01f800000000000000aa
02:30:05.954 [DEBUG] [serial] RX 104 bytes: 01f800000000000000aa01f800000000000000aa01f800000000000000aa01f800000000000000aa01f800000000000000aa01f800000000000000aa01f800000000000000aa01f800000000000000aa01f800000000000000aa01f800000000000000aa01f80000
02:30:06.063 [DEBUG] [serial] RX 104 bytes: 0000000000aa01f800000000000000aa01f800000000000000aa01f800000000000000aa01f800000000000000aa01f800000000000000aa01f800000000000000aa01f800000000000000aa01f800000000000000aa01f800000000000000aa01f8000000000000
02:30:06.173 [DEBUG] [serial] RX 105 bytes: 00aa01f800000000000000aa01f800000000000000aa01f800000000000000aa01f800000000000000aa01f800000000000000aa01f800000000000000aa01f800000000000000aa01f800000000000000aa01f800000000000000aa01f800000000000000aa01f800
02:30:06.281 [DEBUG] [serial] RX 103 bytes: 000000000000aa01f800000000000000aa01f800000000000000aa01f800000000000000aa01f800000000000000aa01f800000000000000aa01f800000000000000aa01f800000000000000aa01f800000000000000aa01f800000000000000aa01f800000000
02:30:06.390 [DEBUG] [serial] RX 104 bytes: 000000aa01f800000000000000aa01f800000000000000aa01f800000000000000aa01f800000000000000aa01f800000000000000aa01f800000000000000aa01f800000000000000aa01f800000000000000aa01f800000000000000aa01f800000000000000aa
02:30:06.499 [DEBUG] [serial] RX 103 bytes: 01f800000000000000aa01f800000000000000aa01f800000000000000aa01f800000000000000aa01f800000000000000aa01f800000000000000aa01f800000000000000aa01f800000000000000aa01f800000000000000aa01f800000000000000aa01f800
02:30:06.608 [DEBUG] [serial] RX 103 bytes: 000000000000aa01f800000000000000aa01f800000000000000aa01f800000000000000aa01f800000000000000aa01f800000000000000aa01f800000000000000aa01f800000000000000aa01f800000000000000aa01f800000000000000aa01f800000000
02:30:06.715 [DEBUG] [serial] RX 103 bytes: 000000aa01f800000000000000aa01f800000000000000aa01f800000000000000aa01f800000000000000aa01f800000000000000aa01f800000000000000aa01f800000000000000aa01f800000000000000aa01f800000000000000aa01f800000000000000
02:30:06.824 [DEBUG] [serial] RX 103 bytes: aa01f800000000000000aa01f800000000000000aa01f800000000000000aa01f800000000000000aa01f800000000000000aa01f800000000000000aa01f800000000000000aa01f800000000000000aa01f800000000000000aa01f800000000000000aa01f8
02:30:06.933 [DEBUG] [serial] RX 104 bytes: 00000000000000aa01f800000000000000aa01f800000000000000aa01f800000000000000aa01f800000000000000aa01f800000000000000aa01f800000000000000aa01f800000000000000aa01f800000000000000aa01f800000000000000aa01f800000000
02:30:07.042 [DEBUG] [serial] RX 103 bytes: 000000aa01f800000000000000aa01f800000000000000aa01f800000000000000aa01f800000000000000aa01f800000000000000aa01f800000000000000aa01f800000000000000aa01f800000000000000aa01f800000000000000aa01f800000000000000
02:30:07.154 [DEBUG] [serial] RX 108 bytes: aa01f800000000000000aa01f800000000000000aa01f800000000000000aa01f800000000000000aa01f800000000000000aa01f800000000000000aa01f800000000000000aa01f800000000000000aa01f800000000000000aa01f800000000000000aa01f80000000000
02:30:07.266 [DEBUG] [serial] RX 106 bytes: 0000aa01f800000000000000aa01f800000000000000aa01f800000000000000aa01f800000000000000aa01f800000000000000aa01f800000000000000aa01f800000000000000aa01f800000000000000aa01f800000000000000aa01f800000000000000aa01f800
02:30:07.266 [INFO] [serial] Stats: 15981 pkts, 159820 bytes rx
02:30:07.375 [DEBUG] [serial] RX 103 bytes: 000000000000aa01f800000000000000aa01f800000000000000aa01f800000000000000aa01f800000000000000aa01f800000000000000aa01f800000000000000aa01f800000000000000aa01f800000000000000aa01f800000000000000aa01f800000000
02:30:07.485 [DEBUG] [serial] RX 105 bytes: 000000aa01f800000000000000aa01f800000000000000aa01f800000000000000aa01f800000000000000aa01f800000000000000aa01f800000000000000aa01f800000000000000aa01f800000000000000aa01f800000000000000aa01f800000000000000aa01
02:30:07.486 [DEBUG] [serial] PKT #16000: flags=0x01 in=-2048 ds=0 flt=0
02:30:07.593 [DEBUG] [serial] RX 103 bytes: f800000000000000aa01f800000000000000aa01f800000000000000aa01f800000000000000aa01f800000000000000aa01f800000000000000aa01f800000000000000aa01f800000000000000aa01f800000000000000aa01f800000000000000aa01f80000
02:30:07.703 [DEBUG] [serial] RX 105 bytes: 0000000000aa01f800000000000000aa01f800000000000000aa01f800000000000000aa01f800000000000000aa01f800000000000000aa01f800000000000000aa01f800000000000000aa01f800000000000000aa01f800000000000000aa01f800000000000000
02:30:07.812 [DEBUG] [serial] RX 104 bytes: aa01f800000000000000aa01f800000000000000aa01f800000000000000aa01f800000000000000aa01f800000000000000aa01f800000000000000aa01f800000000000000aa01f800000000000000aa01f800000000000000aa01f800000000000000aa01f800
02:30:07.919 [DEBUG] [serial] RX 102 bytes: 000000000000aa01f800000000000000aa01f800000000000000aa01f800000000000000aa01f800000000000000aa01f800000000000000aa01f800000000000000aa01f800000000000000aa01f800000000000000aa01f800000000000000aa01f8000000
02:30:08.029 [DEBUG] [serial] RX 104 bytes: 00000000aa01f800000000000000aa01f800000000000000aa01f800000000000000aa01f800000000000000aa01f800000000000000aa01f800000000000000aa01f800000000000000aa01f800000000000000aa01f800000000000000aa01f800000000000000
02:30:08.139 [DEBUG] [serial] RX 104 bytes: aa01f800000000000000aa01f800000000000000aa01f800000000000000aa01f800000000000000aa01f800000000000000aa01f800000000000000aa01f800000000000000aa01f800000000000000aa01f800000000000000aa01f800000000000000aa01f800
02:30:08.247 [DEBUG] [serial] RX 104 bytes: 000000000000aa01f800000000000000aa01f800000000000000aa01f800000000000000aa01f800000000000000aa01f800000000000000aa01f800000000000000aa01f800000000000000aa01f800000000000000aa01f800000000000000aa01f80000000000
02:30:08.355 [DEBUG] [serial] RX 102 bytes: 0000aa01f800000000000000aa01f800000000000000aa01f800000000000000aa01f800000000000000aa01f800000000000000aa01f800000000000000aa01f800000000000000aa01f800000000000000aa01f800000000000000aa01f800000000000000
02:30:08.464 [DEBUG] [serial] RX 104 bytes: aa01f800000000000000aa01f800000000000000aa01f800000000000000aa01f800000000000000aa01f800000000000000aa01f800000000000000aa01f800000000000000aa01f800000000000000aa01f800000000000000aa01f800000000000000aa01f800
02:30:08.573 [DEBUG] [serial] RX 103 bytes: 000000000000aa01f800000000000000aa01f800000000000000aa01f800000000000000aa01f800000000000000aa01f800000000000000aa01f800000000000000aa01f800000000000000aa01f800000000000000aa01f800000000000000aa01f800000000
02:30:08.682 [DEBUG] [serial] RX 105 bytes: 000000aa01f800000000000000aa01f800000000000000aa01f800000000000000aa01f800000000000000aa01f800000000000000aa01f800000000000000aa01f800000000000000aa01f800000000000000aa01f800000000000000aa01f800000000000000aa01
02:30:08.793 [DEBUG] [serial] RX 105 bytes: f800000000000000aa01f800000000000000aa01f800000000000000aa01f800000000000000aa01f800000000000000aa01f800000000000000aa01f800000000000000aa01f800000000000000aa01f800000000000000aa01f800000000000000aa01f800000000
02:30:08.901 [DEBUG] [serial] RX 102 bytes: 000000aa01f800000000000000aa01f800000000000000aa01f800000000000000aa01f800000000000000aa01f800000000000000aa01f800000000000000aa01f800000000000000aa01f800000000000000aa01f800000000000000aa01f8000000000000
02:30:09.011 [DEBUG] [serial] RX 105 bytes: 00aa01f800000000000000aa01f800000000000000aa01f800000000000000aa01f800000000000000aa01f800000000000000aa01f800000000000000aa01f800000000000000aa01f800000000000000aa01f800000000000000aa01f800000000000000aa01f800
02:30:09.120 [DEBUG] [serial] RX 104 bytes: 000000000000aa01f800000000000000aa01f800000000000000aa01f800000000000000aa01f800000000000000aa01f800000000000000aa01f800000000000000aa01f800000000000000aa01f800000000000000aa01f800000000000000aa01f80000000000
02:30:09.229 [DEBUG] [serial] RX 103 bytes: 0000aa01f800000000000000aa01f800000000000000aa01f800000000000000aa01f800000000000000aa01f800000000000000aa01f800000000000000aa01f800000000000000aa01f800000000000000aa01f800000000000000aa01f800000000000000aa
02:30:09.337 [DEBUG] [serial] RX 104 bytes: 01f800000000000000aa01f800000000000000aa01f800000000000000aa01f800000000000000aa01f800000000000000aa01f800000000000000aa01f800000000000000aa01f800000000000000aa01f800000000000000aa01f800000000000000aa01f80000
02:30:09.446 [DEBUG] [serial] RX 104 bytes: 0000000000aa01f800000000000000aa01f800000000000000aa01f800000000000000aa01f800000000000000aa01f800000000000000aa01f800000000000000aa01f800000000000000aa01f800000000000000aa01f800000000000000aa01f8000000000000
02:30:09.555 [DEBUG] [serial] RX 103 bytes: 00aa01f800000000000000aa01f800000000000000aa01f800000000000000aa01f800000000000000aa01f800000000000000aa01f800000000000000aa01f800000000000000aa01f800000000000000aa01f800000000000000aa01f800000000000000aa01
02:30:09.664 [DEBUG] [serial] RX 104 bytes: f800000000000000aa01f800000000000000aa01f800000000000000aa01f800000000000000aa01f800000000000000aa01f800000000000000aa01f800000000000000aa01f800000000000000aa01f800000000000000aa01f800000000000000aa01f8000000
02:30:09.773 [DEBUG] [serial] RX 103 bytes: 00000000aa01f800000000000000aa01f800000000000000aa01f800000000000000aa01f800000000000000aa01f800000000000000aa01f800000000000000aa01f800000000000000aa01f800000000000000aa01f800000000000000aa01f8000000000000
02:30:09.882 [DEBUG] [serial] RX 104 bytes: 00aa01f800000000000000aa01f800000000000000aa01f800000000000000aa01f800000000000000aa01f800000000000000aa01f800000000000000aa01f800000000000000aa01f800000000000000aa01f800000000000000aa01f800000000000000aa01f8
02:30:09.990 [DEBUG] [serial] RX 103 bytes: 00000000000000aa01f800000000000000aa01f800000000000000aa01f800000000000000aa01f800000000000000aa01f800000000000000aa01f800000000000000aa01f800000000000000aa01f800000000000000aa01f800000000000000aa01f8000000
02:30:10.099 [DEBUG] [serial] RX 104 bytes: 00000000aa01f800000000000000aa01f800000000000000aa01f800000000000000aa01f800000000000000aa01f800000000000000aa01f800000000000000aa01f800000000000000aa01f800000000000000aa01f800000000000000aa01f800000000000000
02:30:10.207 [DEBUG] [serial] RX 103 bytes: aa01f800000000000000aa01f800000000000000aa01f800000000000000aa01f800000000000000aa01f800000000000000aa01f800000000000000aa01f800000000000000aa01f800000000000000aa01f800000000000000aa01f800000000000000aa01f8
02:30:10.318 [DEBUG] [serial] RX 105 bytes: 00000000000000aa01f800000000000000aa01f800000000000000aa01f800000000000000aa01f800000000000000aa01f800000000000000aa01f800000000000000aa01f800000000000000aa01f800000000000000aa01f800000000000000aa01f80000000000
02:30:10.429 [DEBUG] [serial] RX 106 bytes: 0000aa01f800000000000000aa01f800000000000000aa01f800000000000000aa01f800000000000000aa01f800000000000000aa01f800000000000000aa01f800000000000000aa01f800000000000000aa01f800000000000000aa01f800000000000000aa01f800
02:30:10.538 [DEBUG] [serial] RX 104 bytes: 000000000000aa01f800000000000000aa01f800000000000000aa01f800000000000000aa01f800000000000000aa01f800000000000000aa01f800000000000000aa01f800000000000000aa01f800000000000000aa01f800000000000000aa01f80000000000
02:30:10.647 [DEBUG] [serial] RX 104 bytes: 0000aa01f800000000000000aa01f800000000000000aa01f800000000000000aa01f800000000000000aa01f800000000000000aa01f800000000000000aa01f800000000000000aa01f800000000000000aa01f800000000000000aa01f800000000000000aa01
02:30:10.756 [DEBUG] [serial] RX 103 bytes: f800000000000000aa01f800000000000000aa01f800000000000000aa01f800000000000000aa01f800000000000000aa01f800000000000000aa01f800000000000000aa01f800000000000000aa01f800000000000000aa01f800000000000000aa01f80000
02:30:10.865 [DEBUG] [serial] RX 104 bytes: 0000000000aa01f800000000000000aa01f800000000000000aa01f800000000000000aa01f800000000000000aa01f800000000000000aa01f800000000000000aa01f800000000000000aa01f800000000000000aa01f800000000000000aa01f8000000000000
02:30:10.972 [DEBUG] [serial] RX 102 bytes: 00aa01f800000000000000aa01f800000000000000aa01f800000000000000aa01f800000000000000aa01f800000000000000aa01f800000000000000aa01f800000000000000aa01f800000000000000aa01f800000000000000aa01f800000000000000aa
02:30:11.080 [DEBUG] [serial] RX 103 bytes: 01f800000000000000aa01f800000000000000aa01f800000000000000aa01f800000000000000aa01f800000000000000aa01f800000000000000aa01f800000000000000aa01f800000000000000aa01f800000000000000aa01f800000000000000aa01f800
02:30:11.188 [DEBUG] [serial] RX 102 bytes: 000000000000aa01f800000000000000aa01f800000000000000aa01f800000000000000aa01f800000000000000aa01f800000000000000aa01f800000000000000aa01f800000000000000aa01f800000000000000aa01f800000000000000aa01f8000000
02:30:11.297 [DEBUG] [serial] RX 104 bytes: 00000000aa01f800000000000000aa01f800000000000000aa01f800000000000000aa01f800000000000000aa01f800000000000000aa01f800000000000000aa01f800000000000000aa01f800000000000000aa01f800000000000000aa01f800000000000000
02:30:11.407 [DEBUG] [serial] RX 105 bytes: aa01f800000000000000aa01f800000000000000aa01f800000000000000aa01f800000000000000aa01f800000000000000aa01f800000000000000aa01f800000000000000aa01f800000000000000aa01f800000000000000aa01f800000000000000aa01f80000
02:30:11.515 [DEBUG] [serial] RX 103 bytes: 0000000000aa01f800000000000000aa01f800000000000000aa01f800000000000000aa01f800000000000000aa01f800000000000000aa01f800000000000000aa01f800000000000000aa01f800000000000000aa01f800000000000000aa01f80000000000
02:30:11.625 [DEBUG] [serial] RX 104 bytes: 0000aa01f800000000000000aa01f800000000000000aa01f800000000000000aa01f800000000000000aa01f800000000000000aa01f800000000000000aa01f800000000000000aa01f800000000000000aa01f800000000000000aa01f800000000000000aa01
02:30:11.734 [DEBUG] [serial] RX 103 bytes: f800000000000000aa01f800000000000000aa01f800000000000000aa01f800000000000000aa01f800000000000000aa01f800000000000000aa01f800000000000000aa01f800000000000000aa01f800000000000000aa01f800000000000000aa01f80000
02:30:11.843 [DEBUG] [serial] RX 105 bytes: 0000000000aa01f800000000000000aa01f800000000000000aa01f800000000000000aa01f800000000000000aa01f800000000000000aa01f800000000000000aa01f800000000000000aa01f800000000000000aa01f800000000000000aa01f800000000000000
02:30:11.951 [DEBUG] [serial] RX 102 bytes: aa01f800000000000000aa01f800000000000000aa01f800000000000000aa01f800000000000000aa01f800000000000000aa01f800000000000000aa01f800000000000000aa01f800000000000000aa01f800000000000000aa01f800000000000000aa01
02:30:12.063 [DEBUG] [serial] RX 106 bytes: f800000000000000aa01f800000000000000aa01f800000000000000aa01f800000000000000aa01f800000000000000aa01f800000000000000aa01f800000000000000aa01f800000000000000aa01f800000000000000aa01f800000000000000aa01f80000000000
02:30:12.172 [DEBUG] [serial] RX 104 bytes: 0000aa01f800000000000000aa01f800000000000000aa01f800000000000000aa01f800000000000000aa01f800000000000000aa01f800000000000000aa01f800000000000000aa01f800000000000000aa01f800000000000000aa01f800000000000000aa01
02:30:12.278 [DEBUG] [serial] RX 102 bytes: f800000000000000aa01f800000000000000aa01f800000000000000aa01f800000000000000aa01f800000000000000aa01f800000000000000aa01f800000000000000aa01f800000000000000aa01f800000000000000aa01f800000000000000aa01f800
02:30:12.279 [INFO] [serial] Stats: 16458 pkts, 164590 bytes rx
02:30:12.386 [DEBUG] [serial] RX 102 bytes: 000000000000aa01f800000000000000aa01f800000000000000aa01f800000000000000aa01f800000000000000aa01f800000000000000aa01f800000000000000aa01f800000000000000aa01f800000000000000aa01f800000000000000aa01f8000000
02:30:12.494 [DEBUG] [serial] RX 103 bytes: 00000000aa01f800000000000000aa01f800000000000000aa01f800000000000000aa01f800000000000000aa01f800000000000000aa01f800000000000000aa01f800000000000000aa01f800000000000000aa01f800000000000000aa01f8000000000000
02:30:12.604 [DEBUG] [serial] RX 104 bytes: 00aa01f800000000000000aa01f800000000000000aa01f800000000000000aa01f800000000000000aa01f800000000000000aa01f800000000000000aa01f800000000000000aa01f800000000000000aa01f800000000000000aa01f800000000000000aa01f8
02:30:12.713 [DEBUG] [serial] RX 104 bytes: 00000000000000aa01f800000000000000aa01f800000000000000aa01f800000000000000aa01f800000000000000aa01f800000000000000aa01f800000000000000aa01f800000000000000aa01f800000000000000aa01f800000000000000aa01f800000000
02:30:12.822 [DEBUG] [serial] RX 104 bytes: 000000aa01f800000000000000aa01f800000000000000aa01f800000000000000aa01f800000000000000aa01f800000000000000aa01f800000000000000aa01f800000000000000aa01f800000000000000aa01f800000000000000aa01f800000000000000aa
02:30:12.823 [DEBUG] [serial] PKT #16500: flags=0x01 in=-2048 ds=0 flt=0
02:30:12.929 [DEBUG] [serial] RX 102 bytes: 01f800000000000000aa01f800000000000000aa01f800000000000000aa01f800000000000000aa01f800000000000000aa01f800000000000000aa01f800000000000000aa01f800000000000000aa01f800000000000000aa01f800000000000000aa01f8
02:30:13.039 [DEBUG] [serial] RX 105 bytes: 00000000000000aa01f800000000000000aa01f800000000000000aa01f800000000000000aa01f800000000000000aa01f800000000000000aa01f800000000000000aa01f800000000000000aa01f800000000000000aa01f800000000000000aa01f80000000000
02:30:13.145 [DEBUG] [serial] RX 101 bytes: 0000aa01f800000000000000aa01f800000000000000aa01f800000000000000aa01f800000000000000aa01f800000000000000aa01f800000000000000aa01f800000000000000aa01f800000000000000aa01f800000000000000aa01f8000000000000
02:30:13.255 [DEBUG] [serial] RX 104 bytes: 00aa01f800000000000000aa01f800000000000000aa01f800000000000000aa01f800000000000000aa01f800000000000000aa01f800000000000000aa01f800000000000000aa01f800000000000000aa01f800000000000000aa01f800000000000000aa01f8
02:30:13.363 [DEBUG] [serial] RX 103 bytes: 00000000000000aa01f800000000000000aa01f800000000000000aa01f800000000000000aa01f800000000000000aa01f800000000000000aa01f800000000000000aa01f800000000000000aa01f800000000000000aa01f800000000000000aa01f8000000
02:30:13.472 [DEBUG] [serial] RX 104 bytes: 00000000aa01f800000000000000aa01f800000000000000aa01f800000000000000aa01f800000000000000aa01f800000000000000aa01f800000000000000aa01f800000000000000aa01f800000000000000aa01f800000000000000aa01f800000000000000
02:30:13.582 [DEBUG] [serial] RX 105 bytes: aa01f800000000000000aa01f800000000000000aa01f800000000000000aa01f800000000000000aa01f800000000000000aa01f800000000000000aa01f800000000000000aa01f800000000000000aa01f800000000000000aa01f800000000000000aa01f80000
02:30:13.690 [DEBUG] [serial] RX 103 bytes: 0000000000aa01f800000000000000aa01f800000000000000aa01f800000000000000aa01f800000000000000aa01f800000000000000aa01f800000000000000aa01f800000000000000aa01f800000000000000aa01f800000000000000aa01f80000000000
02:30:13.798 [DEBUG] [serial] RX 102 bytes: 0000aa01f800000000000000aa01f800000000000000aa01f800000000000000aa01f800000000000000aa01f800000000000000aa01f800000000000000aa01f800000000000000aa01f800000000000000aa01f800000000000000aa01f800000000000000
02:30:13.907 [DEBUG] [serial] RX 104 bytes: aa01f800000000000000aa01f800000000000000aa01f800000000000000aa01f800000000000000aa01f800000000000000aa01f800000000000000aa01f800000000000000aa01f800000000000000aa01f800000000000000aa01f800000000000000aa01f800
02:30:14.016 [DEBUG] [serial] RX 104 bytes: 000000000000aa01f800000000000000aa01f800000000000000aa01f800000000000000aa01f800000000000000aa01f800000000000000aa01f800000000000000aa01f800000000000000aa01f800000000000000aa01f800000000000000aa01f80000000000
02:30:14.125 [DEBUG] [serial] RX 104 bytes: 0000aa01f800000000000000aa01f800000000000000aa01f800000000000000aa01f800000000000000aa01f800000000000000aa01f800000000000000aa01f800000000000000aa01f800000000000000aa01f800000000000000aa01f800000000000000aa01
02:30:14.237 [DEBUG] [serial] RX 106 bytes: f800000000000000aa01f800000000000000aa01f800000000000000aa01f800000000000000aa01f800000000000000aa01f800000000000000aa01f800000000000000aa01f800000000000000aa01f800000000000000aa01f800000000000000aa01f80000000000
02:30:14.346 [DEBUG] [serial] RX 104 bytes: 0000aa01f800000000000000aa01f800000000000000aa01f800000000000000aa01f800000000000000aa01f800000000000000aa01f800000000000000aa01f800000000000000aa01f800000000000000aa01f800000000000000aa01f800000000000000aa01
02:30:14.454 [DEBUG] [serial] RX 103 bytes: f800000000000000aa01f800000000000000aa01f800000000000000aa01f800000000000000aa01f800000000000000aa01f800000000000000aa01f800000000000000aa01f800000000000000aa01f800000000000000aa01f800000000000000aa01f80000
02:30:14.562 [DEBUG] [serial] RX 102 bytes: 0000000000aa01f800000000000000aa01f800000000000000aa01f800000000000000aa01f800000000000000aa01f800000000000000aa01f800000000000000aa01f800000000000000aa01f800000000000000aa01f800000000000000aa01f800000000
02:30:14.672 [DEBUG] [serial] RX 104 bytes: 000000aa01f800000000000000aa01f800000000000000aa01f800000000000000aa01f800000000000000aa01f800000000000000aa01f800000000000000aa01f800000000000000aa01f800000000000000aa01f800000000000000aa01f800000000000000aa
02:30:14.782 [DEBUG] [serial] RX 105 bytes: 01f800000000000000aa01f800000000000000aa01f800000000000000aa01f800000000000000aa01f800000000000000aa01f800000000000000aa01f800000000000000aa01f800000000000000aa01f800000000000000aa01f800000000000000aa01f8000000
02:30:14.889 [DEBUG] [serial] RX 103 bytes: 00000000aa01f800000000000000aa01f800000000000000aa01f800000000000000aa01f800000000000000aa01f800000000000000aa01f800000000000000aa01f800000000000000aa01f800000000000000aa01f800000000000000aa01f8000000000000
02:30:14.998 [DEBUG] [serial] RX 104 bytes: 00aa01f800000000000000aa01f800000000000000aa01f800000000000000aa01f800000000000000aa01f800000000000000aa01f800000000000000aa01f800000000000000aa01f800000000000000aa01f800000000000000aa01f800000000000000aa01f8
02:30:15.106 [DEBUG] [serial] RX 101 bytes: 00000000000000aa01f800000000000000aa01f800000000000000aa01f800000000000000aa01f800000000000000aa01f800000000000000aa01f800000000000000aa01f800000000000000aa01f800000000000000aa01f800000000000000aa01f800
02:30:15.216 [DEBUG] [serial] RX 106 bytes: 000000000000aa01f800000000000000aa01f800000000000000aa01f800000000000000aa01f800000000000000aa01f800000000000000aa01f800000000000000aa01f800000000000000aa01f800000000000000aa01f800000000000000aa01f800000000000000
02:30:15.325 [DEBUG] [serial] RX 103 bytes: aa01f800000000000000aa01f800000000000000aa01f800000000000000aa01f800000000000000aa01f800000000000000aa01f800000000000000aa01f800000000000000aa01f800000000000000aa01f800000000000000aa01f800000000000000aa01f8
02:30:15.434 [DEBUG] [serial] RX 104 bytes: 00000000000000aa01f800000000000000aa01f800000000000000aa01f800000000000000aa01f800000000000000aa01f800000000000000aa01f800000000000000aa01f800000000000000aa01f800000000000000aa01f800000000000000aa01f800000000
02:30:15.544 [DEBUG] [serial] RX 104 bytes: 000000aa01f800000000000000aa01f800000000000000aa01f800000000000000aa01f800000000000000aa01f800000000000000aa01f800000000000000aa01f800000000000000aa01f800000000000000aa01f800000000000000aa01f800000000000000aa
02:30:15.653 [DEBUG] [serial] RX 104 bytes: 01f800000000000000aa01f800000000000000aa01f800000000000000aa01f800000000000000aa01f800000000000000aa01f800000000000000aa01f800000000000000aa01f800000000000000aa01f800000000000000aa01f800000000000000aa01f80000
02:30:15.762 [DEBUG] [serial] RX 104 bytes: 0000000000aa01f800000000000000aa01f800000000000000aa01f800000000000000aa01f800000000000000aa01f800000000000000aa01f800000000000000aa01f800000000000000aa01f800000000000000aa01f800000000000000aa01f8000000000000
02:30:15.870 [DEBUG] [serial] RX 102 bytes: 00aa01f800000000000000aa01f800000000000000aa01f800000000000000aa01f800000000000000aa01f800000000000000aa01f800000000000000aa01f800000000000000aa01f800000000000000aa01f800000000000000aa01f800000000000000aa
02:30:15.978 [DEBUG] [serial] RX 104 bytes: 01f800000000000000aa01f800000000000000aa01f800000000000000aa01f800000000000000aa01f800000000000000aa01f800000000000000aa01f800000000000000aa01f800000000000000aa01f800000000000000aa01f800000000000000aa01f80000
02:30:16.088 [DEBUG] [serial] RX 104 bytes: 0000000000aa01f800000000000000aa01f800000000000000aa01f800000000000000aa01f800000000000000aa01f800000000000000aa01f800000000000000aa01f800000000000000aa01f800000000000000aa01f800000000000000aa01f8000000000000
02:30:16.197 [DEBUG] [serial] RX 104 bytes: 00aa01f800000000000000aa01f800000000000000aa01f800000000000000aa01f800000000000000aa01f800000000000000aa01f800000000000000aa01f800000000000000aa01f800000000000000aa01f800000000000000aa01f800000000000000aa01f8
02:30:16.306 [DEBUG] [serial] RX 104 bytes: 00000000000000aa01f800000000000000aa01f800000000000000aa01f800000000000000aa01f800000000000000aa01f800000000000000aa01f800000000000000aa01f800000000000000aa01f800000000000000aa01f800000000000000aa01f800000000
02:30:16.415 [DEBUG] [serial] RX 103 bytes: 000000aa01f800000000000000aa01f800000000000000aa01f800000000000000aa01f800000000000000aa01f800000000000000aa01f800000000000000aa01f800000000000000aa01f800000000000000aa01f800000000000000aa01f800000000000000
02:30:16.524 [DEBUG] [serial] RX 104 bytes: aa01f800000000000000aa01f800000000000000aa01f800000000000000aa01f800000000000000aa01f800000000000000aa01f800000000000000aa01f800000000000000aa01f800000000000000aa01f800000000000000aa01f800000000000000aa01f800
02:30:16.633 [DEBUG] [serial] RX 104 bytes: 000000000000aa01f800000000000000aa01f800000000000000aa01f800000000000000aa01f800000000000000aa01f800000000000000aa01f800000000000000aa01f800000000000000aa01f800000000000000aa01f800000000000000aa01f80000000000
02:30:16.742 [DEBUG] [serial] RX 103 bytes: 0000aa01f800000000000000aa01f800000000000000aa01f800000000000000aa01f800000000000000aa01f800000000000000aa01f800000000000000aa01f800000000000000aa01f800000000000000aa01f800000000000000aa01f800000000000000aa
02:30:16.849 [DEBUG] [serial] RX 103 bytes: 01f800000000000000aa01f800000000000000aa01f800000000000000aa01f800000000000000aa01f800000000000000aa01f800000000000000aa01f800000000000000aa01f800000000000000aa01f800000000000000aa01f800000000000000aa01f800
02:30:16.957 [DEBUG] [serial] RX 102 bytes: 000000000000aa01f800000000000000aa01f800000000000000aa01f800000000000000aa01f800000000000000aa01f800000000000000aa01f800000000000000aa01f800000000000000aa01f800000000000000aa01f800000000000000aa01f8000000
02:30:17.069 [DEBUG] [serial] RX 107 bytes: 00000000aa01f800000000000000aa01f800000000000000aa01f800000000000000aa01f800000000000000aa01f800000000000000aa01f800000000000000aa01f800000000000000aa01f800000000000000aa01f800000000000000aa01f800000000000000aa01f8
02:30:17.177 [DEBUG] [serial] RX 103 bytes: 00000000000000aa01f800000000000000aa01f800000000000000aa01f800000000000000aa01f800000000000000aa01f800000000000000aa01f800000000000000aa01f800000000000000aa01f800000000000000aa01f800000000000000aa01f8000000
02:30:17.285 [DEBUG] [serial] RX 103 bytes: 00000000aa01f800000000000000aa01f800000000000000aa01f800000000000000aa01f800000000000000aa01f800000000000000aa01f800000000000000aa01f800000000000000aa01f800000000000000aa01f800000000000000aa01f8000000000000
02:30:17.286 [INFO] [serial] Stats: 16934 pkts, 169355 bytes rx
02:30:17.394 [DEBUG] [serial] RX 103 bytes: 00aa01f800000000000000aa01f800000000000000aa01f800000000000000aa01f800000000000000aa01f800000000000000aa01f800000000000000aa01f800000000000000aa01f800000000000000aa01f800000000000000aa01f800000000000000aa01
02:30:17.504 [DEBUG] [serial] RX 105 bytes: f800000000000000aa01f800000000000000aa01f800000000000000aa01f800000000000000aa01f800000000000000aa01f800000000000000aa01f800000000000000aa01f800000000000000aa01f800000000000000aa01f800000000000000aa01f800000000
02:30:17.612 [DEBUG] [serial] RX 103 bytes: 000000aa01f800000000000000aa01f800000000000000aa01f800000000000000aa01f800000000000000aa01f800000000000000aa01f800000000000000aa01f800000000000000aa01f800000000000000aa01f800000000000000aa01f800000000000000
02:30:17.721 [DEBUG] [serial] RX 104 bytes: aa01f800000000000000aa01f800000000000000aa01f800000000000000aa01f800000000000000aa01f800000000000000aa01f800000000000000aa01f800000000000000aa01f800000000000000aa01f800000000000000aa01f800000000000000aa01f800
02:30:17.830 [DEBUG] [serial] RX 103 bytes: 000000000000aa01f800000000000000aa01f800000000000000aa01f800000000000000aa01f800000000000000aa01f800000000000000aa01f800000000000000aa01f800000000000000aa01f800000000000000aa01f800000000000000aa01f800000000
02:30:17.939 [DEBUG] [serial] RX 103 bytes: 000000aa01f800000000000000aa01f800000000000000aa01f800000000000000aa01f800000000000000aa01f800000000000000aa01f800000000000000aa01f800000000000000aa01f800000000000000aa01f800000000000000aa01f800000000000000
02:30:18.047 [DEBUG] [serial] RX 104 bytes: aa01f800000000000000aa01f800000000000000aa01f800000000000000aa01f800000000000000aa01f800000000000000aa01f800000000000000aa01f800000000000000aa01f800000000000000aa01f800000000000000aa01f800000000000000aa01f800
02:30:18.048 [DEBUG] [serial] PKT #17000: flags=0x01 in=-2048 ds=0 flt=0
02:30:18.156 [DEBUG] [serial] RX 103 bytes: 000000000000aa01f800000000000000aa01f800000000000000aa01f800000000000000aa01f800000000000000aa01f800000000000000aa01f800000000000000aa01f800000000000000aa01f800000000000000aa01f800000000000000aa01f800000000
02:30:18.266 [DEBUG] [serial] RX 104 bytes: 000000aa01f800000000000000aa01f800000000000000aa01f800000000000000aa01f800000000000000aa01f800000000000000aa01f800000000000000aa01f800000000000000aa01f800000000000000aa01f800000000000000aa01f800000000000000aa
02:30:18.376 [DEBUG] [serial] RX 105 bytes: 01f800000000000000aa01f800000000000000aa01f800000000000000aa01f800000000000000aa01f800000000000000aa01f800000000000000aa01f800000000000000aa01f800000000000000aa01f800000000000000aa01f800000000000000aa01f8000000
02:30:18.484 [DEBUG] [serial] RX 104 bytes: 00000000aa01f800000000000000aa01f800000000000000aa01f800000000000000aa01f800000000000000aa01f800000000000000aa01f800000000000000aa01f800000000000000aa01f800000000000000aa01f800000000000000aa01f800000000000000
02:30:18.592 [DEBUG] [serial] RX 103 bytes: aa01f800000000000000aa01f800000000000000aa01f800000000000000aa01f800000000000000aa01f800000000000000aa01f800000000000000aa01f800000000000000aa01f800000000000000aa01f800000000000000aa01f800000000000000aa01f8
02:30:18.702 [DEBUG] [serial] RX 104 bytes: 00000000000000aa01f800000000000000aa01f800000000000000aa01f800000000000000aa01f800000000000000aa01f800000000000000aa01f800000000000000aa01f800000000000000aa01f800000000000000aa01f800000000000000aa01f800000000
02:30:18.812 [DEBUG] [serial] RX 104 bytes: 000000aa01f800000000000000aa01f800000000000000aa01f800000000000000aa01f800000000000000aa01f800000000000000aa01f800000000000000aa01f800000000000000aa01f800000000000000aa01f800000000000000aa01f800000000000000aa
02:30:18.921 [DEBUG] [serial] RX 104 bytes: 01f800000000000000aa01f800000000000000aa01f800000000000000aa01f800000000000000aa01f800000000000000aa01f800000000000000aa01f800000000000000aa01f800000000000000aa01f800000000000000aa01f800000000000000aa01f80000
02:30:19.030 [DEBUG] [serial] RX 104 bytes: 0000000000aa01f800000000000000aa01f800000000000000aa01f800000000000000aa01f800000000000000aa01f800000000000000aa01f800000000000000aa01f800000000000000aa01f800000000000000aa01f800000000000000aa01f8000000000000
02:30:19.139 [DEBUG] [serial] RX 104 bytes: 00aa01f800000000000000aa01f800000000000000aa01f800000000000000aa01f800000000000000aa01f800000000000000aa01f800000000000000aa01f800000000000000aa01f800000000000000aa01f800000000000000aa01f800000000000000aa01f8
02:30:19.248 [DEBUG] [serial] RX 104 bytes: 00000000000000aa01f800000000000000aa01f800000000000000aa01f800000000000000aa01f800000000000000aa01f800000000000000aa01f800000000000000aa01f800000000000000aa01f800000000000000aa01f800000000000000aa01f800000000
02:30:19.357 [DEBUG] [serial] RX 103 bytes: 000000aa01f800000000000000aa01f800000000000000aa01f800000000000000aa01f800000000000000aa01f800000000000000aa01f800000000000000aa01f800000000000000aa01f800000000000000aa01f800000000000000aa01f800000000000000
02:30:19.465 [DEBUG] [serial] RX 103 bytes: aa01f800000000000000aa01f800000000000000aa01f800000000000000aa01f800000000000000aa01f800000000000000aa01f800000000000000aa01f800000000000000aa01f800000000000000aa01f800000000000000aa01f800000000000000aa01f8
02:30:19.575 [DEBUG] [serial] RX 104 bytes: 00000000000000aa01f800000000000000aa01f800000000000000aa01f800000000000000aa01f800000000000000aa01f800000000000000aa01f800000000000000aa01f800000000000000aa01f800000000000000aa01f800000000000000aa01f800000000
02:30:19.683 [DEBUG] [serial] RX 103 bytes: 000000aa01f800000000000000aa01f800000000000000aa01f800000000000000aa01f800000000000000aa01f800000000000000aa01f800000000000000aa01f800000000000000aa01f800000000000000aa01f800000000000000aa01f800000000000000
02:30:19.792 [DEBUG] [serial] RX 104 bytes: aa01f800000000000000aa01f800000000000000aa01f800000000000000aa01f800000000000000aa01f800000000000000aa01f800000000000000aa01f800000000000000aa01f800000000000000aa01f800000000000000aa01f800000000000000aa01f800
02:30:19.902 [DEBUG] [serial] RX 104 bytes: 000000000000aa01f800000000000000aa01f800000000000000aa01f800000000000000aa01f800000000000000aa01f800000000000000aa01f800000000000000aa01f800000000000000aa01f800000000000000aa01f800000000000000aa01f80000000000
02:30:20.010 [DEBUG] [serial] RX 104 bytes: 0000aa01f800000000000000aa01f800000000000000aa01f800000000000000aa01f800000000000000aa01f800000000000000aa01f800000000000000aa01f800000000000000aa01f800000000000000aa01f800000000000000aa01f800000000000000aa01
02:30:20.118 [DEBUG] [serial] RX 103 bytes: f800000000000000aa01f800000000000000aa01f800000000000000aa01f800000000000000aa01f800000000000000aa01f800000000000000aa01f800000000000000aa01f800000000000000aa01f800000000000000aa01f800000000000000aa01f80000
02:30:20.227 [DEBUG] [serial] RX 103 bytes: 0000000000aa01f800000000000000aa01f800000000000000aa01f800000000000000aa01f800000000000000aa01f800000000000000aa01f800000000000000aa01f800000000000000aa01f800000000000000aa01f800000000000000aa01f80000000000
02:30:20.335 [DEBUG] [serial] RX 103 bytes: 0000aa01f800000000000000aa01f800000000000000aa01f800000000000000aa01f800000000000000aa01f800000000000000aa01f800000000000000aa01f800000000000000aa01f800000000000000aa01f800000000000000aa01f800000000000000aa
02:30:20.445 [DEBUG] [serial] RX 105 bytes: 01f800000000000000aa01f800000000000000aa01f800000000000000aa01f800000000000000aa01f800000000000000aa01f800000000000000aa01f800000000000000aa01f800000000000000aa01f800000000000000aa01f800000000000000aa01f8000000
02:30:20.554 [DEBUG] [serial] RX 103 bytes: 00000000aa01f800000000000000aa01f800000000000000aa01f800000000000000aa01f800000000000000aa01f800000000000000aa01f800000000000000aa01f800000000000000aa01f800000000000000aa01f800000000000000aa01f8000000000000
02:30:20.662 [DEBUG] [serial] RX 103 bytes: 00aa01f800000000000000aa01f800000000000000aa01f800000000000000aa01f800000000000000aa01f800000000000000aa01f800000000000000aa01f800000000000000aa01f800000000000000aa01f800000000000000aa01f800000000000000aa01
02:30:20.770 [DEBUG] [serial] RX 103 bytes: f800000000000000aa01f800000000000000aa01f800000000000000aa01f800000000000000aa01f800000000000000aa01f800000000000000aa01f800000000000000aa01f800000000000000aa01f800000000000000aa01f800000000000000aa01f80000
02:30:20.879 [DEBUG] [serial] RX 104 bytes: 0000000000aa01f800000000000000aa01f800000000000000aa01f800000000000000aa01f800000000000000aa01f800000000000000aa01f800000000000000aa01f800000000000000aa01f800000000000000aa01f800000000000000aa01f8000000000000
02:30:20.989 [DEBUG] [serial] RX 104 bytes: 00aa01f800000000000000aa01f800000000000000aa01f800000000000000aa01f800000000000000aa01f800000000000000aa01f800000000000000aa01f800000000000000aa01f800000000000000aa01f800000000000000aa01f800000000000000aa01f8
02:30:21.098 [DEBUG] [serial] RX 104 bytes: 00000000000000aa01f800000000000000aa01f800000000000000aa01f800000000000000aa01f800000000000000aa01f800000000000000aa01f800000000000000aa01f800000000000000aa01f800000000000000aa01f800000000000000aa01f800000000
02:30:21.207 [DEBUG] [serial] RX 104 bytes: 000000aa01f800000000000000aa01f800000000000000aa01f800000000000000aa01f800000000000000aa01f800000000000000aa01f800000000000000aa01f800000000000000aa01f800000000000000aa01f800000000000000aa01f800000000000000aa
02:30:21.316 [DEBUG] [serial] RX 104 bytes: 01f800000000000000aa01f800000000000000aa01f800000000000000aa01f800000000000000aa01f800000000000000aa01f800000000000000aa01f800000000000000aa01f800000000000000aa01f800000000000000aa01f800000000000000aa01f80000
02:30:21.424 [DEBUG] [serial] RX 103 bytes: 0000000000aa01f800000000000000aa01f800000000000000aa01f800000000000000aa01f800000000000000aa01f800000000000000aa01f800000000000000aa01f800000000000000aa01f800000000000000aa01f800000000000000aa01f80000000000
02:30:21.533 [DEBUG] [serial] RX 103 bytes: 0000aa01f800000000000000aa01f800000000000000aa01f800000000000000aa01f800000000000000aa01f800000000000000aa01f800000000000000aa01f800000000000000aa01f800000000000000aa01f800000000000000aa01f800000000000000aa
02:30:21.643 [DEBUG] [serial] RX 105 bytes: 01f800000000000000aa01f800000000000000aa01f800000000000000aa01f800000000000000aa01f800000000000000aa01f800000000000000aa01f800000000000000aa01f800000000000000aa01f800000000000000aa01f800000000000000aa01f8000000
02:30:21.751 [DEBUG] [serial] RX 103 bytes: 00000000aa01f800000000000000aa01f800000000000000aa01f800000000000000aa01f800000000000000aa01f800000000000000aa01f800000000000000aa01f800000000000000aa01f800000000000000aa01f800000000000000aa01f8000000000000
02:30:21.862 [DEBUG] [serial] RX 105 bytes: 00aa01f800000000000000aa01f800000000000000aa01f800000000000000aa01f800000000000000aa01f800000000000000aa01f800000000000000aa01f800000000000000aa01f800000000000000aa01f800000000000000aa01f800000000000000aa01f800
02:30:21.973 [DEBUG] [serial] RX 106 bytes: 000000000000aa01f800000000000000aa01f800000000000000aa01f800000000000000aa01f800000000000000aa01f800000000000000aa01f800000000000000aa01f800000000000000aa01f800000000000000aa01f800000000000000aa01f800000000000000
02:30:22.083 [DEBUG] [serial] RX 105 bytes: aa01f800000000000000aa01f800000000000000aa01f800000000000000aa01f800000000000000aa01f800000000000000aa01f800000000000000aa01f800000000000000aa01f800000000000000aa01f800000000000000aa01f800000000000000aa01f80000
02:30:22.192 [DEBUG] [serial] RX 103 bytes: 0000000000aa01f800000000000000aa01f800000000000000aa01f800000000000000aa01f800000000000000aa01f800000000000000aa01f800000000000000aa01f800000000000000aa01f800000000000000aa01f800000000000000aa01f80000000000
02:30:22.299 [DEBUG] [serial] RX 102 bytes: 0000aa01f800000000000000aa01f800000000000000aa01f800000000000000aa01f800000000000000aa01f800000000000000aa01f800000000000000aa01f800000000000000aa01f800000000000000aa01f800000000000000aa01f800000000000000
02:30:22.301 [INFO] [serial] Stats: 17412 pkts, 174126 bytes rx
02:30:22.406 [DEBUG] [serial] RX 102 bytes: aa01f800000000000000aa01f800000000000000aa01f800000000000000aa01f800000000000000aa01f800000000000000aa01f800000000000000aa01f800000000000000aa01f800000000000000aa01f800000000000000aa01f800000000000000aa01
02:30:22.515 [DEBUG] [serial] RX 104 bytes: f800000000000000aa01f800000000000000aa01f800000000000000aa01f800000000000000aa01f800000000000000aa01f800000000000000aa01f800000000000000aa01f800000000000000aa01f800000000000000aa01f800000000000000aa01f8000000
02:30:22.624 [DEBUG] [serial] RX 103 bytes: 00000000aa01f800000000000000aa01f800000000000000aa01f800000000000000aa01f800000000000000aa01f800000000000000aa01f800000000000000aa01f800000000000000aa01f800000000000000aa01f800000000000000aa01f8000000000000
02:30:22.733 [DEBUG] [serial] RX 104 bytes: 00aa01f800000000000000aa01f800000000000000aa01f800000000000000aa01f800000000000000aa01f800000000000000aa01f800000000000000aa01f800000000000000aa01f800000000000000aa01f800000000000000aa01f800000000000000aa01f8
02:30:22.841 [DEBUG] [serial] RX 102 bytes: 00000000000000aa01f800000000000000aa01f800000000000000aa01f800000000000000aa01f800000000000000aa01f800000000000000aa01f800000000000000aa01f800000000000000aa01f800000000000000aa01f800000000000000aa01f80000
02:30:22.950 [DEBUG] [serial] RX 104 bytes: 0000000000aa01f800000000000000aa01f800000000000000aa01f800000000000000aa01f800000000000000aa01f800000000000000aa01f800000000000000aa01f800000000000000aa01f800000000000000aa01f800000000000000aa01f8000000000000
02:30:23.058 [DEBUG] [serial] RX 103 bytes: 00aa01f800000000000000aa01f800000000000000aa01f800000000000000aa01f800000000000000aa01f800000000000000aa01f800000000000000aa01f800000000000000aa01f800000000000000aa01f800000000000000aa01f800000000000000aa01
02:30:23.166 [DEBUG] [serial] RX 103 bytes: f800000000000000aa01f800000000000000aa01f800000000000000aa01f800000000000000aa01f800000000000000aa01f800000000000000aa01f800000000000000aa01f800000000000000aa01f800000000000000aa01f800000000000000aa01f80000
02:30:23.275 [DEBUG] [serial] RX 103 bytes: 0000000000aa01f800000000000000aa01f800000000000000aa01f800000000000000aa01f800000000000000aa01f800000000000000aa01f800000000000000aa01f800000000000000aa01f800000000000000aa01f800000000000000aa01f80000000000
02:30:23.275 [DEBUG] [serial] PKT #17500: flags=0x01 in=-2048 ds=0 flt=0
02:30:23.385 [DEBUG] [serial] RX 105 bytes: 0000aa01f800000000000000aa01f800000000000000aa01f800000000000000aa01f800000000000000aa01f800000000000000aa01f800000000000000aa01f800000000000000aa01f800000000000000aa01f800000000000000aa01f800000000000000aa01f8
02:30:23.494 [DEBUG] [serial] RX 104 bytes: 00000000000000aa01f800000000000000aa01f800000000000000aa01f800000000000000aa01f800000000000000aa01f800000000000000aa01f800000000000000aa01f800000000000000aa01f800000000000000aa01f800000000000000aa01f800000000
02:30:23.602 [DEBUG] [serial] RX 104 bytes: 000000aa01f800000000000000aa01f800000000000000aa01f800000000000000aa01f800000000000000aa01f800000000000000aa01f800000000000000aa01f800000000000000aa01f800000000000000aa01f800000000000000aa01f800000000000000aa
02:30:23.711 [DEBUG] [serial] RX 103 bytes: 01f800000000000000aa01f800000000000000aa01f800000000000000aa01f800000000000000aa01f800000000000000aa01f800000000000000aa01f800000000000000aa01f800000000000000aa01f800000000000000aa01f800000000000000aa01f800
02:30:23.820 [DEBUG] [serial] RX 104 bytes: 000000000000aa01f800000000000000aa01f800000000000000aa01f800000000000000aa01f800000000000000aa01f800000000000000aa01f800000000000000aa01f800000000000000aa01f800000000000000aa01f800000000000000aa01f80000000000
02:30:23.929 [DEBUG] [serial] RX 103 bytes: 0000aa01f800000000000000aa01f800000000000000aa01f800000000000000aa01f800000000000000aa01f800000000000000aa01f800000000000000aa01f800000000000000aa01f800000000000000aa01f800000000000000aa01f800000000000000aa
02:30:24.041 [DEBUG] [serial] RX 107 bytes: 01f800000000000000aa01f800000000000000aa01f800000000000000aa01f800000000000000aa01f800000000000000aa01f800000000000000aa01f800000000000000aa01f800000000000000aa01f800000000000000aa01f800000000000000aa01f80000000000
02:30:24.150 [DEBUG] [serial] RX 103 bytes: 0000aa01f800000000000000aa01f800000000000000aa01f800000000000000aa01f800000000000000aa01f800000000000000aa01f800000000000000aa01f800000000000000aa01f800000000000000aa01f800000000000000aa01f800000000000000aa
02:30:24.259 [DEBUG] [serial] RX 104 bytes: 01f800000000000000aa01f800000000000000aa01f800000000000000aa01f800000000000000aa01f800000000000000aa01f800000000000000aa01f800000000000000aa01f800000000000000aa01f800000000000000aa01f800000000000000aa01f80000
02:30:24.369 [DEBUG] [serial] RX 105 bytes: 0000000000aa01f800000000000000aa01f800000000000000aa01f800000000000000aa01f800000000000000aa01f800000000000000aa01f800000000000000aa01f800000000000000aa01f800000000000000aa01f800000000000000aa01f800000000000000
02:30:24.477 [DEBUG] [serial] RX 103 bytes: aa01f800000000000000aa01f800000000000000aa01f800000000000000aa01f800000000000000aa01f800000000000000aa01f800000000000000aa01f800000000000000aa01f800000000000000aa01f800000000000000aa01f800000000000000aa01f8
02:30:24.586 [DEBUG] [serial] RX 103 bytes: 00000000000000aa01f800000000000000aa01f800000000000000aa01f800000000000000aa01f800000000000000aa01f800000000000000aa01f800000000000000aa01f800000000000000aa01f800000000000000aa01f800000000000000aa01f8000000
02:30:24.695 [DEBUG] [serial] RX 104 bytes: 00000000aa01f800000000000000aa01f800000000000000aa01f800000000000000aa01f800000000000000aa01f800000000000000aa01f800000000000000aa01f800000000000000aa01f800000000000000aa01f800000000000000aa01f800000000000000
02:30:24.805 [DEBUG] [serial] RX 105 bytes: aa01f800000000000000aa01f800000000000000aa01f800000000000000aa01f800000000000000aa01f800000000000000aa01f800000000000000aa01f800000000000000aa01f800000000000000aa01f800000000000000aa01f800000000000000aa01f80000
02:30:24.914 [DEBUG] [serial] RX 103 bytes: 0000000000aa01f800000000000000aa01f800000000000000aa01f800000000000000aa01f800000000000000aa01f800000000000000aa01f800000000000000aa01f800000000000000aa01f800000000000000aa01f800000000000000aa01f80000000000
02:30:25.023 [DEBUG] [serial] RX 104 bytes: 0000aa01f800000000000000aa01f800000000000000aa01f800000000000000aa01f800000000000000aa01f800000000000000aa01f800000000000000aa01f800000000000000aa01f800000000000000aa01f800000000000000aa01f800000000000000aa01
02:30:25.132 [DEBUG] [serial] RX 105 bytes: f800000000000000aa01f800000000000000aa01f800000000000000aa01f800000000000000aa01f800000000000000aa01f800000000000000aa01f800000000000000aa01f800000000000000aa01f800000000000000aa01f800000000000000aa01f800000000
02:30:25.243 [DEBUG] [serial] RX 104 bytes: 000000aa01f800000000000000aa01f800000000000000aa01f800000000000000aa01f800000000000000aa01f800000000000000aa01f800000000000000aa01f800000000000000aa01f800000000000000aa01f800000000000000aa01f800000000000000aa
02:30:25.352 [DEBUG] [serial] RX 104 bytes: 01f800000000000000aa01f800000000000000aa01f800000000000000aa01f800000000000000aa01f800000000000000aa01f800000000000000aa01f800000000000000aa01f800000000000000aa01f800000000000000aa01f800000000000000aa01f80000
02:30:25.460 [DEBUG] [serial] RX 103 bytes: 0000000000aa01f800000000000000aa01f800000000000000aa01f800000000000000aa01f800000000000000aa01f800000000000000aa01f800000000000000aa01f800000000000000aa01f800000000000000aa01f800000000000000aa01f80000000000
02:30:25.568 [DEBUG] [serial] RX 103 bytes: 0000aa01f800000000000000aa01f800000000000000aa01f800000000000000aa01f800000000000000aa01f800000000000000aa01f800000000000000aa01f800000000000000aa01f800000000000000aa01f800000000000000aa01f800000000000000aa
02:30:25.679 [DEBUG] [serial] RX 105 bytes: 01f800000000000000aa01f800000000000000aa01f800000000000000aa01f800000000000000aa01f800000000000000aa01f800000000000000aa01f800000000000000aa01f800000000000000aa01f800000000000000aa01f800000000000000aa01f8000000
02:30:25.788 [DEBUG] [serial] RX 105 bytes: 00000000aa01f800000000000000aa01f800000000000000aa01f800000000000000aa01f800000000000000aa01f800000000000000aa01f800000000000000aa01f800000000000000aa01f800000000000000aa01f800000000000000aa01f800000000000000aa
02:30:25.897 [DEBUG] [serial] RX 103 bytes: 01f800000000000000aa01f800000000000000aa01f800000000000000aa01f800000000000000aa01f800000000000000aa01f800000000000000aa01f800000000000000aa01f800000000000000aa01f800000000000000aa01f800000000000000aa01f800
02:30:26.006 [DEBUG] [serial] RX 104 bytes: 000000000000aa01f800000000000000aa01f800000000000000aa01f800000000000000aa01f800000000000000aa01f800000000000000aa01f800000000000000aa01f800000000000000aa01f800000000000000aa01f800000000000000aa01f80000000000
02:30:26.114 [DEBUG] [serial] RX 103 bytes: 0000aa01f800000000000000aa01f800000000000000aa01f800000000000000aa01f800000000000000aa01f800000000000000aa01f800000000000000aa01f800000000000000aa01f800000000000000aa01f800000000000000aa01f800000000000000aa
02:30:26.224 [DEBUG] [serial] RX 104 bytes: 01f800000000000000aa01f800000000000000aa01f800000000000000aa01f800000000000000aa01f800000000000000aa01f800000000000000aa01f800000000000000aa01f800000000000000aa01f800000000000000aa01f800000000000000aa01f80000
02:30:26.333 [DEBUG] [serial] RX 104 bytes: 0000000000aa01f800000000000000aa01f800000000000000aa01f800000000000000aa01f800000000000000aa01f800000000000000aa01f800000000000000aa01f800000000000000aa01f800000000000000aa01f800000000000000aa01f8000000000000
02:30:26.442 [DEBUG] [serial] RX 104 bytes: 00aa01f800000000000000aa01f800000000000000aa01f800000000000000aa01f800000000000000aa01f800000000000000aa01f800000000000000aa01f800000000000000aa01f800000000000000aa01f800000000000000aa01f800000000000000aa01f8
02:30:26.552 [DEBUG] [serial] RX 105 bytes: 00000000000000aa01f800000000000000aa01f800000000000000aa01f800000000000000aa01f800000000000000aa01f800000000000000aa01f800000000000000aa01f800000000000000aa01f800000000000000aa01f800000000000000aa01f80000000000
02:30:26.661 [DEBUG] [serial] RX 103 bytes: 0000aa01f800000000000000aa01f800000000000000aa01f800000000000000aa01f800000000000000aa01f800000000000000aa01f800000000000000aa01f800000000000000aa01f800000000000000aa01f800000000000000aa01f800000000000000aa
02:30:26.769 [DEBUG] [serial] RX 103 bytes: 01f800000000000000aa01f800000000000000aa01f800000000000000aa01f800000000000000aa01f800000000000000aa01f800000000000000aa01f800000000000000aa01f800000000000000aa01f800000000000000aa01f800000000000000aa01f800
02:30:26.878 [DEBUG] [serial] RX 104 bytes: 000000000000aa01f800000000000000aa01f800000000000000aa01f800000000000000aa01f800000000000000aa01f800000000000000aa01f800000000000000aa01f800000000000000aa01f800000000000000aa01f800000000000000aa01f80000000000
02:30:26.987 [DEBUG] [serial] RX 104 bytes: 0000aa01f800000000000000aa01f800000000000000aa01f800000000000000aa01f800000000000000aa01f800000000000000aa01f800000000000000aa01f800000000000000aa01f800000000000000aa01f800000000000000aa01f800000000000000aa01
02:30:27.095 [DEBUG] [serial] RX 102 bytes: f800000000000000aa01f800000000000000aa01f800000000000000aa01f800000000000000aa01f800000000000000aa01f800000000000000aa01f800000000000000aa01f800000000000000aa01f800000000000000aa01f800000000000000aa01f800
02:30:27.204 [DEBUG] [serial] RX 103 bytes: 000000000000aa01f800000000000000aa01f800000000000000aa01f800000000000000aa01f800000000000000aa01f800000000000000aa01f800000000000000aa01f800000000000000aa01f800000000000000aa01f800000000000000aa01f800000000
02:30:27.312 [DEBUG] [serial] RX 104 bytes: 000000aa01f800000000000000aa01f800000000000000aa01f800000000000000aa01f800000000000000aa01f800000000000000aa01f800000000000000aa01f800000000000000aa01f800000000000000aa01f800000000000000aa01f800000000000000aa
02:30:27.313 [INFO] [serial] Stats: 17889 pkts, 178897 bytes rx
02:30:27.422 [DEBUG] [serial] RX 104 bytes: 01f800000000000000aa01f800000000000000aa01f800000000000000aa01f800000000000000aa01f800000000000000aa01f800000000000000aa01f800000000000000aa01f800000000000000aa01f800000000000000aa01f800000000000000aa01f80000
02:30:27.530 [DEBUG] [serial] RX 103 bytes: 0000000000aa01f800000000000000aa01f800000000000000aa01f800000000000000aa01f800000000000000aa01f800000000000000aa01f800000000000000aa01f800000000000000aa01f800000000000000aa01f800000000000000aa01f80000000000
02:30:27.640 [DEBUG] [serial] RX 104 bytes: 0000aa01f800000000000000aa01f800000000000000aa01f800000000000000aa01f800000000000000aa01f800000000000000aa01f800000000000000aa01f800000000000000aa01f800000000000000aa01f800000000000000aa01f800000000000000aa01
02:30:27.748 [DEBUG] [serial] RX 104 bytes: f800000000000000aa01f800000000000000aa01f800000000000000aa01f800000000000000aa01f800000000000000aa01f800000000000000aa01f800000000000000aa01f800000000000000aa01f800000000000000aa01f800000000000000aa01f8000000
02:30:27.858 [DEBUG] [serial] RX 104 bytes: 00000000aa01f800000000000000aa01f800000000000000aa01f800000000000000aa01f800000000000000aa01f800000000000000aa01f800000000000000aa01f800000000000000aa01f800000000000000aa01f800000000000000aa01f800000000000000
02:30:27.967 [DEBUG] [serial] RX 104 bytes: aa01f800000000000000aa01f800000000000000aa01f800000000000000aa01f800000000000000aa01f800000000000000aa01f800000000000000aa01f800000000000000aa01f800000000000000aa01f800000000000000aa01f800000000000000aa01f800
02:30:28.077 [DEBUG] [serial] RX 105 bytes: 000000000000aa01f800000000000000aa01f800000000000000aa01f800000000000000aa01f800000000000000aa01f800000000000000aa01f800000000000000aa01f800000000000000aa01f800000000000000aa01f800000000000000aa01f8000000000000
02:30:28.184 [DEBUG] [serial] RX 101 bytes: 00aa01f800000000000000aa01f800000000000000aa01f800000000000000aa01f800000000000000aa01f800000000000000aa01f800000000000000aa01f800000000000000aa01f800000000000000aa01f800000000000000aa01f800000000000000
02:30:28.292 [DEBUG] [serial] RX 103 bytes: aa01f800000000000000aa01f800000000000000aa01f800000000000000aa01f800000000000000aa01f800000000000000aa01f800000000000000aa01f800000000000000aa01f800000000000000aa01f800000000000000aa01f800000000000000aa01f8
02:30:28.404 [DEBUG] [serial] RX 106 bytes: 00000000000000aa01f800000000000000aa01f800000000000000aa01f800000000000000aa01f800000000000000aa01f800000000000000aa01f800000000000000aa01f800000000000000aa01f800000000000000aa01f800000000000000aa01f8000000000000
02:30:28.512 [DEBUG] [serial] RX 104 bytes: 00aa01f800000000000000aa01f800000000000000aa01f800000000000000aa01f800000000000000aa01f800000000000000aa01f800000000000000aa01f800000000000000aa01f800000000000000aa01f800000000000000aa01f800000000000000aa01f8
02:30:28.514 [DEBUG] [serial] PKT #18000: flags=0x01 in=-2048 ds=0 flt=0
02:30:28.621 [DEBUG] [serial] RX 104 bytes: 00000000000000aa01f800000000000000aa01f800000000000000aa01f800000000000000aa01f800000000000000aa01f800000000000000aa01f800000000000000aa01f800000000000000aa01f800000000000000aa01f800000000000000aa01f800000000
02:30:28.730 [DEBUG] [serial] RX 103 bytes: 000000aa01f800000000000000aa01f800000000000000aa01f800000000000000aa01f800000000000000aa01f800000000000000aa01f800000000000000aa01f800000000000000aa01f800000000000000aa01f800000000000000aa01f800000000000000
02:30:28.840 [DEBUG] [serial] RX 104 bytes: aa01f800000000000000aa01f800000000000000aa01f800000000000000aa01f800000000000000aa01f800000000000000aa01f800000000000000aa01f800000000000000aa01f800000000000000aa01f800000000000000aa01f800000000000000aa01f800
02:30:28.950 [DEBUG] [serial] RX 106 bytes: 000000000000aa01f800000000000000aa01f800000000000000aa01f800000000000000aa01f800000000000000aa01f800000000000000aa01f800000000000000aa01f800000000000000aa01f800000000000000aa01f800000000000000aa01f800000000000000
02:30:29.059 [DEBUG] [serial] RX 103 bytes: aa01f800000000000000aa01f800000000000000aa01f800000000000000aa01f800000000000000aa01f800000000000000aa01f800000000000000aa01f800000000000000aa01f800000000000000aa01f800000000000000aa01f800000000000000aa01f8
02:30:29.169 [DEBUG] [serial] RX 105 bytes: 00000000000000aa01f800000000000000aa01f800000000000000aa01f800000000000000aa01f800000000000000aa01f800000000000000aa01f800000000000000aa01f800000000000000aa01f800000000000000aa01f800000000000000aa01f80000000000
02:30:29.277 [DEBUG] [serial] RX 103 bytes: 0000aa01f800000000000000aa01f800000000000000aa01f800000000000000aa01f800000000000000aa01f800000000000000aa01f800000000000000aa01f800000000000000aa01f800000000000000aa01f800000000000000aa01f800000000000000aa
02:30:29.386 [DEBUG] [serial] RX 103 bytes: 01f800000000000000aa01f800000000000000aa01f800000000000000aa01f800000000000000aa01f800000000000000aa01f800000000000000aa01f800000000000000aa01f800000000000000aa01f800000000000000aa01f800000000000000aa01f800
02:30:29.495 [DEBUG] [serial] RX 104 bytes: 000000000000aa01f800000000000000aa01f800000000000000aa01f800000000000000aa01f800000000000000aa01f800000000000000aa01f800000000000000aa01f800000000000000aa01f800000000000000aa01f800000000000000aa01f80000000000
02:30:29.605 [DEBUG] [serial] RX 104 bytes: 0000aa01f800000000000000aa01f800000000000000aa01f800000000000000aa01f800000000000000aa01f800000000000000aa01f800000000000000aa01f800000000000000aa01f800000000000000aa01f800000000000000aa01f800000000000000aa01
02:30:29.714 [DEBUG] [serial] RX 105 bytes: f800000000000000aa01f800000000000000aa01f800000000000000aa01f800000000000000aa01f800000000000000aa01f800000000000000aa01f800000000000000aa01f800000000000000aa01f800000000000000aa01f800000000000000aa01f800000000
02:30:29.822 [DEBUG] [serial] RX 102 bytes: 000000aa01f800000000000000aa01f800000000000000aa01f800000000000000aa01f800000000000000aa01f800000000000000aa01f800000000000000aa01f800000000000000aa01f800000000000000aa01f800000000000000aa01f8000000000000
02:30:29.929 [DEBUG] [serial] RX 102 bytes: 00aa01f800000000000000aa01f800000000000000aa01f800000000000000aa01f800000000000000aa01f800000000000000aa01f800000000000000aa01f800000000000000aa01f800000000000000aa01f800000000000000aa01f800000000000000aa
02:30:30.040 [DEBUG] [serial] RX 106 bytes: 01f800000000000000aa01f800000000000000aa01f800000000000000aa01f800000000000000aa01f800000000000000aa01f800000000000000aa01f800000000000000aa01f800000000000000aa01f800000000000000aa01f800000000000000aa01f800000000
02:30:30.150 [DEBUG] [serial] RX 105 bytes: 000000aa01f800000000000000aa01f800000000000000aa01f800000000000000aa01f800000000000000aa01f800000000000000aa01f800000000000000aa01f800000000000000aa01f800000000000000aa01f800000000000000aa01f800000000000000aa01
02:30:30.258 [DEBUG] [serial] RX 102 bytes: f800000000000000aa01f800000000000000aa01f800000000000000aa01f800000000000000aa01f800000000000000aa01f800000000000000aa01f800000000000000aa01f800000000000000aa01f800000000000000aa01f800000000000000aa01f800
02:30:30.367 [DEBUG] [serial] RX 104 bytes: 000000000000aa01f800000000000000aa01f800000000000000aa01f800000000000000aa01f800000000000000aa01f800000000000000aa01f800000000000000aa01f800000000000000aa01f800000000000000aa01f800000000000000aa01f80000000000
02:30:30.477 [DEBUG] [serial] RX 105 bytes: 0000aa01f800000000000000aa01f800000000000000aa01f800000000000000aa01f800000000000000aa01f800000000000000aa01f800000000000000aa01f800000000000000aa01f800000000000000aa01f800000000000000aa01f800000000000000aa01f8
02:30:30.587 [DEBUG] [serial] RX 104 bytes: 00000000000000aa01f800000000000000aa01f800000000000000aa01f800000000000000aa01f800000000000000aa01f800000000000000aa01f800000000000000aa01f800000000000000aa01f800000000000000aa01f800000000000000aa01f800000000
02:30:30.695 [DEBUG] [serial] RX 103 bytes: 000000aa01f800000000000000aa01f800000000000000aa01f800000000000000aa01f800000000000000aa01f800000000000000aa01f800000000000000aa01f800000000000000aa01f800000000000000aa01f800000000000000aa01f800000000000000
02:30:30.805 [DEBUG] [serial] RX 104 bytes: aa01f800000000000000aa01f800000000000000aa01f800000000000000aa01f800000000000000aa01f800000000000000aa01f800000000000000aa01f800000000000000aa01f800000000000000aa01f800000000000000aa01f800000000000000aa01f800
02:30:30.913 [DEBUG] [serial] RX 104 bytes: 000000000000aa01f800000000000000aa01f800000000000000aa01f800000000000000aa01f800000000000000aa01f800000000000000aa01f800000000000000aa01f800000000000000aa01f800000000000000aa01f800000000000000aa01f80000000000
02:30:31.021 [DEBUG] [serial] RX 103 bytes: 0000aa01f800000000000000aa01f800000000000000aa01f800000000000000aa01f800000000000000aa01f800000000000000aa01f800000000000000aa01f800000000000000aa01f800000000000000aa01f800000000000000aa01f800000000000000aa
02:30:31.130 [DEBUG] [serial] RX 103 bytes: 01f800000000000000aa01f800000000000000aa01f800000000000000aa01f800000000000000aa01f800000000000000aa01f800000000000000aa01f800000000000000aa01f800000000000000aa01f800000000000000aa01f800000000000000aa01f800
02:30:31.239 [DEBUG] [serial] RX 103 bytes: 000000000000aa01f800000000000000aa01f800000000000000aa01f800000000000000aa01f800000000000000aa01f800000000000000aa01f800000000000000aa01f800000000000000aa01f800000000000000aa01f800000000000000aa01f800000000
02:30:31.347 [DEBUG] [serial] RX 104 bytes: 000000aa01f800000000000000aa01f800000000000000aa01f800000000000000aa01f800000000000000aa01f800000000000000aa01f800000000000000aa01f800000000000000aa01f800000000000000aa01f800000000000000aa01f800000000000000aa
02:30:31.457 [DEBUG] [serial] RX 104 bytes: 01f800000000000000aa01f800000000000000aa01f800000000000000aa01f800000000000000aa01f800000000000000aa01f800000000000000aa01f800000000000000aa01f800000000000000aa01f800000000000000aa01f800000000000000aa01f80000
02:30:31.567 [DEBUG] [serial] RX 105 bytes: 0000000000aa01f800000000000000aa01f800000000000000aa01f800000000000000aa01f800000000000000aa01f800000000000000aa01f800000000000000aa01f800000000000000aa01f800000000000000aa01f800000000000000aa01f800000000000000
02:30:31.676 [DEBUG] [serial] RX 103 bytes: aa01f800000000000000aa01f800000000000000aa01f800000000000000aa01f800000000000000aa01f800000000000000aa01f800000000000000aa01f800000000000000aa01f800000000000000aa01f800000000000000aa01f800000000000000aa01f8
02:30:31.784 [DEBUG] [serial] RX 103 bytes: 00000000000000aa01f800000000000000aa01f800000000000000aa01f800000000000000aa01f800000000000000aa01f800000000000000aa01f800000000000000aa01f800000000000000aa01f800000000000000aa01f800000000000000aa01f8000000
02:30:31.893 [DEBUG] [serial] RX 104 bytes: 00000000aa01f800000000000000aa01f800000000000000aa01f800000000000000aa01f800000000000000aa01f800000000000000aa01f800000000000000aa01f800000000000000aa01f800000000000000aa01f800000000000000aa01f800000000000000
02:30:32.001 [DEBUG] [serial] RX 103 bytes: aa01f800000000000000aa01f800000000000000aa01f800000000000000aa01f800000000000000aa01f800000000000000aa01f800000000000000aa01f800000000000000aa01f800000000000000aa01f800000000000000aa01f800000000000000aa01f8
02:30:32.109 [DEBUG] [serial] RX 103 bytes: 00000000000000aa01f800000000000000aa01f800000000000000aa01f800000000000000aa01f800000000000000aa01f800000000000000aa01f800000000000000aa01f800000000000000aa01f800000000000000aa01f800000000000000aa01f8000000
02:30:32.218 [DEBUG] [serial] RX 103 bytes: 00000000aa01f800000000000000aa01f800000000000000aa01f800000000000000aa01f800000000000000aa01f800000000000000aa01f800000000000000aa01f800000000000000aa01f800000000000000aa01f800000000000000aa01f8000000000000
02:30:32.326 [DEBUG] [serial] RX 103 bytes: 00aa01f800000000000000aa01f800000000000000aa01f800000000000000aa01f800000000000000aa01f800000000000000aa01f800000000000000aa01f800000000000000aa01f800000000000000aa01f800000000000000aa01f800000000000000aa01
02:30:32.326 [INFO] [serial] Stats: 18366 pkts, 183668 bytes rx
02:30:32.434 [DEBUG] [serial] RX 102 bytes: f800000000000000aa01f800000000000000aa01f800000000000000aa01f800000000000000aa01f800000000000000aa01f800000000000000aa01f800000000000000aa01f800000000000000aa01f800000000000000aa01f800000000000000aa01f800
02:30:32.543 [DEBUG] [serial] RX 105 bytes: 000000000000aa01f800000000000000aa01f800000000000000aa01f800000000000000aa01f800000000000000aa01f800000000000000aa01f800000000000000aa01f800000000000000aa01f800000000000000aa01f800000000000000aa01f8000000000000
02:30:32.652 [DEBUG] [serial] RX 104 bytes: 00aa01f800000000000000aa01f800000000000000aa01f800000000000000aa01f800000000000000aa01f800000000000000aa01f800000000000000aa01f800000000000000aa01f800000000000000aa01f800000000000000aa01f800000000000000aa01f8
02:30:32.760 [DEBUG] [serial] RX 102 bytes: 00000000000000aa01f800000000000000aa01f800000000000000aa01f800000000000000aa01f800000000000000aa01f800000000000000aa01f800000000000000aa01f800000000000000aa01f800000000000000aa01f800000000000000aa01f80000
02:30:32.869 [DEBUG] [serial] RX 103 bytes: 0000000000aa01f800000000000000aa01f800000000000000aa01f800000000000000aa01f800000000000000aa01f800000000000000aa01f800000000000000aa01f800000000000000aa01f800000000000000aa01f800000000000000aa01f80000000000
02:30:32.978 [DEBUG] [serial] RX 105 bytes: 0000aa01f800000000000000aa01f800000000000000aa01f800000000000000aa01f800000000000000aa01f800000000000000aa01f800000000000000aa01f800000000000000aa01f800000000000000aa01f800000000000000aa01f800000000000000aa01f8
02:30:33.087 [DEBUG] [serial] RX 103 bytes: 00000000000000aa01f800000000000000aa01f800000000000000aa01f800000000000000aa01f800000000000000aa01f800000000000000aa01f800000000000000aa01f800000000000000aa01f800000000000000aa01f800000000000000aa01f8000000
02:30:33.196 [DEBUG] [serial] RX 104 bytes: 00000000aa01f800000000000000aa01f800000000000000aa01f800000000000000aa01f800000000000000aa01f800000000000000aa01f800000000000000aa01f800000000000000aa01f800000000000000aa01f800000000000000aa01f800000000000000
02:30:33.306 [DEBUG] [serial] RX 104 bytes: aa01f800000000000000aa01f800000000000000aa01f800000000000000aa01f800000000000000aa01f800000000000000aa01f800000000000000aa01f800000000000000aa01f800000000000000aa01f800000000000000aa01f800000000000000aa01f800
02:30:33.417 [DEBUG] [serial] RX 106 bytes: 000000000000aa01f800000000000000aa01f800000000000000aa01f800000000000000aa01f800000000000000aa01f800000000000000aa01f800000000000000aa01f800000000000000aa01f800000000000000aa01f800000000000000aa01f800000000000000
02:30:33.526 [DEBUG] [serial] RX 104 bytes: aa01f800000000000000aa01f800000000000000aa01f800000000000000aa01f800000000000000aa01f800000000000000aa01f800000000000000aa01f800000000000000aa01f800000000000000aa01f800000000000000aa01f800000000000000aa01f800
02:30:33.635 [DEBUG] [serial] RX 103 bytes: 000000000000aa01f800000000000000aa01f800000000000000aa01f800000000000000aa01f800000000000000aa01f800000000000000aa01f800000000000000aa01f800000000000000aa01f800000000000000aa01f800000000000000aa01f800000000
02:30:33.745 [DEBUG] [serial] RX 105 bytes: 000000aa01f800000000000000aa01f800000000000000aa01f800000000000000aa01f800000000000000aa01f800000000000000aa01f800000000000000aa01f800000000000000aa01f800000000000000aa01f800000000000000aa01f800000000000000aa01
02:30:33.745 [DEBUG] [serial] PKT #18500: flags=0x01 in=-2048 ds=0 flt=0
02:30:33.854 [DEBUG] [serial] RX 104 bytes: f800000000000000aa01f800000000000000aa01f800000000000000aa01f800000000000000aa01f800000000000000aa01f800000000000000aa01f800000000000000aa01f800000000000000aa01f800000000000000aa01f800000000000000aa01f8000000
02:30:33.964 [DEBUG] [serial] RX 104 bytes: 00000000aa01f800000000000000aa01f800000000000000aa01f800000000000000aa01f800000000000000aa01f800000000000000aa01f800000000000000aa01f800000000000000aa01f800000000000000aa01f800000000000000aa01f800000000000000
02:30:34.072 [DEBUG] [serial] RX 103 bytes: aa01f800000000000000aa01f800000000000000aa01f800000000000000aa01f800000000000000aa01f800000000000000aa01f800000000000000aa01f800000000000000aa01f800000000000000aa01f800000000000000aa01f800000000000000aa01f8
02:30:34.182 [DEBUG] [serial] RX 105 bytes: 00000000000000aa01f800000000000000aa01f800000000000000aa01f800000000000000aa01f800000000000000aa01f800000000000000aa01f800000000000000aa01f800000000000000aa01f800000000000000aa01f800000000000000aa01f80000000000
02:30:34.290 [DEBUG] [serial] RX 103 bytes: 0000aa01f800000000000000aa01f800000000000000aa01f800000000000000aa01f800000000000000aa01f800000000000000aa01f800000000000000aa01f800000000000000aa01f800000000000000aa01f800000000000000aa01f800000000000000aa
02:30:34.399 [DEBUG] [serial] RX 104 bytes: 01f800000000000000aa01f800000000000000aa01f800000000000000aa01f800000000000000aa01f800000000000000aa01f800000000000000aa01f800000000000000aa01f800000000000000aa01f800000000000000aa01f800000000000000aa01f80000
02:30:34.509 [DEBUG] [serial] RX 105 bytes: 0000000000aa01f800000000000000aa01f800000000000000aa01f800000000000000aa01f800000000000000aa01f800000000000000aa01f800000000000000aa01f800000000000000aa01f800000000000000aa01f800000000000000aa01f800000000000000
02:30:34.619 [DEBUG] [serial] RX 104 bytes: aa01f800000000000000aa01f800000000000000aa01f800000000000000aa01f800000000000000aa01f800000000000000aa01f800000000000000aa01f800000000000000aa01f800000000000000aa01f800000000000000aa01f800000000000000aa01f800
02:30:34.729 [DEBUG] [serial] RX 105 bytes: 000000000000aa01f800000000000000aa01f800000000000000aa01f800000000000000aa01f800000000000000aa01f800000000000000aa01f800000000000000aa01f800000000000000aa01f800000000000000aa01f800000000000000aa01f8000000000000
02:30:34.838 [DEBUG] [serial] RX 104 bytes: 00aa01f800000000000000aa01f800000000000000aa01f800000000000000aa01f800000000000000aa01f800000000000000aa01f800000000000000aa01f800000000000000aa01f800000000000000aa01f800000000000000aa01f800000000000000aa01f8
02:30:34.947 [DEBUG] [serial] RX 103 bytes: 00000000000000aa01f800000000000000aa01f800000000000000aa01f800000000000000aa01f800000000000000aa01f800000000000000aa01f800000000000000aa01f800000000000000aa01f800000000000000aa01f800000000000000aa01f8000000
02:30:35.055 [DEBUG] [serial] RX 103 bytes: 00000000aa01f800000000000000aa01f800000000000000aa01f800000000000000aa01f800000000000000aa01f800000000000000aa01f800000000000000aa01f800000000000000aa01f800000000000000aa01f800000000000000aa01f8000000000000
02:30:35.165 [DEBUG] [serial] RX 104 bytes: 00aa01f800000000000000aa01f800000000000000aa01f800000000000000aa01f800000000000000aa01f800000000000000aa01f800000000000000aa01f800000000000000aa01f800000000000000aa01f800000000000000aa01f800000000000000aa01f8
02:30:35.274 [DEBUG] [serial] RX 104 bytes: 00000000000000aa01f800000000000000aa01f800000000000000aa01f800000000000000aa01f800000000000000aa01f800000000000000aa01f800000000000000aa01f800000000000000aa01f800000000000000aa01f800000000000000aa01f800000000
02:30:35.382 [DEBUG] [serial] RX 104 bytes: 000000aa01f800000000000000aa01f800000000000000aa01f800000000000000aa01f800000000000000aa01f800000000000000aa01f800000000000000aa01f800000000000000aa01f800000000000000aa01f800000000000000aa01f800000000000000aa
02:30:35.491 [DEBUG] [serial] RX 103 bytes: 01f800000000000000aa01f800000000000000aa01f800000000000000aa01f800000000000000aa01f800000000000000aa01f800000000000000aa01f800000000000000aa01f800000000000000aa01f800000000000000aa01f800000000000000aa01f800
02:30:35.600 [DEBUG] [serial] RX 104 bytes: 000000000000aa01f800000000000000aa01f800000000000000aa01f800000000000000aa01f800000000000000aa01f800000000000000aa01f800000000000000aa01f800000000000000aa01f800000000000000aa01f800000000000000aa01f80000000000
02:30:35.709 [DEBUG] [serial] RX 103 bytes: 0000aa01f800000000000000aa01f800000000000000aa01f800000000000000aa01f800000000000000aa01f800000000000000aa01f800000000000000aa01f800000000000000aa01f800000000000000aa01f800000000000000aa01f800000000000000aa
02:30:35.819 [DEBUG] [serial] RX 105 bytes: 01f800000000000000aa01f800000000000000aa01f800000000000000aa01f800000000000000aa01f800000000000000aa01f800000000000000aa01f800000000000000aa01f800000000000000aa01f800000000000000aa01f800000000000000aa01f8000000
02:30:35.927 [DEBUG] [serial] RX 103 bytes: 00000000aa01f800000000000000aa01f800000000000000aa01f800000000000000aa01f800000000000000aa01f800000000000000aa01f800000000000000aa01f800000000000000aa01f800000000000000aa01f800000000000000aa01f8000000000000
02:30:36.034 [DEBUG] [serial] RX 102 bytes: 00aa01f800000000000000aa01f800000000000000aa01f800000000000000aa01f800000000000000aa01f800000000000000aa01f800000000000000aa01f800000000000000aa01f800000000000000aa01f800000000000000aa01f800000000000000aa
02:30:36.144 [DEBUG] [serial] RX 104 bytes: 01f800000000000000aa01f800000000000000aa01f800000000000000aa01f800000000000000aa01f800000000000000aa01f800000000000000aa01f800000000000000aa01f800000000000000aa01f800000000000000aa01f800000000000000aa01f80000
02:30:36.252 [DEBUG] [serial] RX 103 bytes: 0000000000aa01f800000000000000aa01f800000000000000aa01f800000000000000aa01f800000000000000aa01f800000000000000aa01f800000000000000aa01f800000000000000aa01f800000000000000aa01f800000000000000aa01f80000000000
02:30:36.360 [DEBUG] [serial] RX 103 bytes: 0000aa01f800000000000000aa01f800000000000000aa01f800000000000000aa01f800000000000000aa01f800000000000000aa01f800000000000000aa01f800000000000000aa01f800000000000000aa01f800000000000000aa01f800000000000000aa
02:30:36.469 [DEBUG] [serial] RX 104 bytes: 01f800000000000000aa01f800000000000000aa01f800000000000000aa01f800000000000000aa01f800000000000000aa01f800000000000000aa01f800000000000000aa01f800000000000000aa01f800000000000000aa01f800000000000000aa01f80000
02:30:36.579 [DEBUG] [serial] RX 104 bytes: 0000000000aa01f800000000000000aa01f800000000000000aa01f800000000000000aa01f800000000000000aa01f800000000000000aa01f800000000000000aa01f800000000000000aa01f800000000000000aa01f800000000000000aa01f8000000000000
02:30:36.689 [DEBUG] [serial] RX 105 bytes: 00aa01f800000000000000aa01f800000000000000aa01f800000000000000aa01f800000000000000aa01f800000000000000aa01f800000000000000aa01f800000000000000aa01f800000000000000aa01f800000000000000aa01f800000000000000aa01f800
02:30:36.797 [DEBUG] [serial] RX 103 bytes: 000000000000aa01f800000000000000aa01f800000000000000aa01f800000000000000aa01f800000000000000aa01f800000000000000aa01f800000000000000aa01f800000000000000aa01f800000000000000aa01f800000000000000aa01f800000000
02:30:36.907 [DEBUG] [serial] RX 104 bytes: 000000aa01f800000000000000aa01f800000000000000aa01f800000000000000aa01f800000000000000aa01f800000000000000aa01f800000000000000aa01f800000000000000aa01f800000000000000aa01f800000000000000aa01f800000000000000aa
02:30:37.014 [DEBUG] [serial] RX 103 bytes: 01f800000000000000aa01f800000000000000aa01f800000000000000aa01f800000000000000aa01f800000000000000aa01f800000000000000aa01f800000000000000aa01f800000000000000aa01f800000000000000aa01f800000000000000aa01f800
02:30:37.125 [DEBUG] [serial] RX 104 bytes: 000000000000aa01f800000000000000aa01f800000000000000aa01f800000000000000aa01f800000000000000aa01f800000000000000aa01f800000000000000aa01f800000000000000aa01f800000000000000aa01f800000000000000aa01f80000000000
02:30:37.234 [DEBUG] [serial] RX 105 bytes: 0000aa01f800000000000000aa01f800000000000000aa01f800000000000000aa01f800000000000000aa01f800000000000000aa01f800000000000000aa01f800000000000000aa01f800000000000000aa01f800000000000000aa01f800000000000000aa01f8
02:30:37.343 [DEBUG] [serial] RX 103 bytes: 00000000000000aa01f800000000000000aa01f800000000000000aa01f800000000000000aa01f800000000000000aa01f800000000000000aa01f800000000000000aa01f800000000000000aa01f800000000000000aa01f800000000000000aa01f8000000
02:30:37.343 [INFO] [serial] Stats: 18843 pkts, 188442 bytes rx
02:30:37.453 [DEBUG] [serial] RX 105 bytes: 00000000aa01f800000000000000aa01f800000000000000aa01f800000000000000aa01f800000000000000aa01f800000000000000aa01f800000000000000aa01f800000000000000aa01f800000000000000aa01f800000000000000aa01f800000000000000aa
02:30:37.561 [DEBUG] [serial] RX 103 bytes: 01f800000000000000aa01f800000000000000aa01f800000000000000aa01f800000000000000aa01f800000000000000aa01f800000000000000aa01f800000000000000aa01f800000000000000aa01f800000000000000aa01f800000000000000aa01f800
02:30:37.670 [DEBUG] [serial] RX 103 bytes: 000000000000aa01f800000000000000aa01f800000000000000aa01f800000000000000aa01f800000000000000aa01f800000000000000aa01f800000000000000aa01f800000000000000aa01f800000000000000aa01f800000000000000aa01f800000000
02:30:37.778 [DEBUG] [serial] RX 104 bytes: 000000aa01f800000000000000aa01f800000000000000aa01f800000000000000aa01f800000000000000aa01f800000000000000aa01f800000000000000aa01f800000000000000aa01f800000000000000aa01f800000000000000aa01f800000000000000aa
02:30:37.886 [DEBUG] [serial] RX 102 bytes: 01f800000000000000aa01f800000000000000aa01f800000000000000aa01f800000000000000aa01f800000000000000aa01f800000000000000aa01f800000000000000aa01f800000000000000aa01f800000000000000aa01f800000000000000aa01f8
02:30:37.995 [DEBUG] [serial] RX 103 bytes: 00000000000000aa01f800000000000000aa01f800000000000000aa01f800000000000000aa01f800000000000000aa01f800000000000000aa01f800000000000000aa01f800000000000000aa01f800000000000000aa01f800000000000000aa01f8000000
02:30:38.103 [DEBUG] [serial] RX 104 bytes: 00000000aa01f800000000000000aa01f800000000000000aa01f800000000000000aa01f800000000000000aa01f800000000000000aa01f800000000000000aa01f800000000000000aa01f800000000000000aa01f800000000000000aa01f800000000000000
02:30:38.211 [DEBUG] [serial] RX 103 bytes: aa01f800000000000000aa01f800000000000000aa01f800000000000000aa01f800000000000000aa01f800000000000000aa01f800000000000000aa01f800000000000000aa01f800000000000000aa01f800000000000000aa01f800000000000000aa01f8
02:30:38.320 [DEBUG] [serial] RX 103 bytes: 00000000000000aa01f800000000000000aa01f800000000000000aa01f800000000000000aa01f800000000000000aa01f800000000000000aa01f800000000000000aa01f800000000000000aa01f800000000000000aa01f800000000000000aa01f8000000
02:30:38.429 [DEBUG] [serial] RX 104 bytes: 00000000aa01f800000000000000aa01f800000000000000aa01f800000000000000aa01f800000000000000aa01f800000000000000aa01f800000000000000aa01f800000000000000aa01f800000000000000aa01f800000000000000aa01f800000000000000
02:30:38.538 [DEBUG] [serial] RX 104 bytes: aa01f800000000000000aa01f800000000000000aa01f800000000000000aa01f800000000000000aa01f800000000000000aa01f800000000000000aa01f800000000000000aa01f800000000000000aa01f800000000000000aa01f800000000000000aa01f800
02:30:38.647 [DEBUG] [serial] RX 103 bytes: 000000000000aa01f800000000000000aa01f800000000000000aa01f800000000000000aa01f800000000000000aa01f800000000000000aa01f800000000000000aa01f800000000000000aa01f800000000000000aa01f800000000000000aa01f800000000
02:30:38.755 [DEBUG] [serial] RX 103 bytes: 000000aa01f800000000000000aa01f800000000000000aa01f800000000000000aa01f800000000000000aa01f800000000000000aa01f800000000000000aa01f800000000000000aa01f800000000000000aa01f800000000000000aa01f800000000000000
02:30:38.865 [DEBUG] [serial] RX 105 bytes: aa01f800000000000000aa01f800000000000000aa01f800000000000000aa01f800000000000000aa01f800000000000000aa01f800000000000000aa01f800000000000000aa01f800000000000000aa01f800000000000000aa01f800000000000000aa01f80000
02:30:38.975 [DEBUG] [serial] RX 104 bytes: 0000000000aa01f800000000000000aa01f800000000000000aa01f800000000000000aa01f800000000000000aa01f800000000000000aa01f800000000000000aa01f800000000000000aa01f800000000000000aa01f800000000000000aa01f8000000000000
02:30:39.086 [DEBUG] [serial] RX 106 bytes: 00aa01f800000000000000aa01f800000000000000aa01f800000000000000aa01f800000000000000aa01f800000000000000aa01f800000000000000aa01f800000000000000aa01f800000000000000aa01f800000000000000aa01f800000000000000aa01f80000
02:30:39.086 [DEBUG] [serial] PKT #19000: flags=0x01 in=-2048 ds=0 flt=0
02:30:39.195 [DEBUG] [serial] RX 103 bytes: 0000000000aa01f800000000000000aa01f800000000000000aa01f800000000000000aa01f800000000000000aa01f800000000000000aa01f800000000000000aa01f800000000000000aa01f800000000000000aa01f800000000000000aa01f80000000000
02:30:39.303 [DEBUG] [serial] RX 103 bytes: 0000aa01f800000000000000aa01f800000000000000aa01f800000000000000aa01f800000000000000aa01f800000000000000aa01f800000000000000aa01f800000000000000aa01f800000000000000aa01f800000000000000aa01f800000000000000aa
02:30:39.410 [DEBUG] [serial] RX 102 bytes: 01f800000000000000aa01f800000000000000aa01f800000000000000aa01f800000000000000aa01f800000000000000aa01f800000000000000aa01f800000000000000aa01f800000000000000aa01f800000000000000aa01f800000000000000aa01f8
02:30:39.519 [DEBUG] [serial] RX 104 bytes: 00000000000000aa01f800000000000000aa01f800000000000000aa01f800000000000000aa01f800000000000000aa01f800000000000000aa01f800000000000000aa01f800000000000000aa01f800000000000000aa01f800000000000000aa01f800000000
02:30:39.628 [DEBUG] [serial] RX 104 bytes: 000000aa01f800000000000000aa01f800000000000000aa01f800000000000000aa01f800000000000000aa01f800000000000000aa01f800000000000000aa01f800000000000000aa01f800000000000000aa01f800000000000000aa01f800000000000000aa
02:30:39.736 [DEBUG] [serial] RX 102 bytes: 01f800000000000000aa01f800000000000000aa01f800000000000000aa01f800000000000000aa01f800000000000000aa01f800000000000000aa01f800000000000000aa01f800000000000000aa01f800000000000000aa01f800000000000000aa01f8
02:30:39.844 [DEBUG] [serial] RX 103 bytes: 00000000000000aa01f800000000000000aa01f800000000000000aa01f800000000000000aa01f800000000000000aa01f800000000000000aa01f800000000000000aa01f800000000000000aa01f800000000000000aa01f800000000000000aa01f8000000
02:30:39.953 [DEBUG] [serial] RX 104 bytes: 00000000aa01f800000000000000aa01f800000000000000aa01f800000000000000aa01f800000000000000aa01f800000000000000aa01f800000000000000aa01f800000000000000aa01f800000000000000aa01f800000000000000aa01f800000000000000
02:30:40.063 [DEBUG] [serial] RX 105 bytes: aa01f800000000000000aa01f800000000000000aa01f800000000000000aa01f800000000000000aa01f800000000000000aa01f800000000000000aa01f800000000000000aa01f800000000000000aa01f800000000000000aa01f800000000000000aa01f80000
02:30:40.172 [DEBUG] [serial] RX 104 bytes: 0000000000aa01f800000000000000aa01f800000000000000aa01f800000000000000aa01f800000000000000aa01f800000000000000aa01f800000000000000aa01f800000000000000aa01f800000000000000aa01f800000000000000aa01f8000000000000
02:30:40.280 [DEBUG] [serial] RX 102 bytes: 00aa01f800000000000000aa01f800000000000000aa01f800000000000000aa01f800000000000000aa01f800000000000000aa01f800000000000000aa01f800000000000000aa01f800000000000000aa01f800000000000000aa01f800000000000000aa
02:30:40.388 [DEBUG] [serial] RX 103 bytes: 01f800000000000000aa01f800000000000000aa01f800000000000000aa01f800000000000000aa01f800000000000000aa01f800000000000000aa01f800000000000000aa01f800000000000000aa01f800000000000000aa01f800000000000000aa01f800
02:30:40.497 [DEBUG] [serial] RX 104 bytes: 000000000000aa01f800000000000000aa01f800000000000000aa01f800000000000000aa01f800000000000000aa01f800000000000000aa01f800000000000000aa01f800000000000000aa01f800000000000000aa01f800000000000000aa01f80000000000
02:30:40.606 [DEBUG] [serial] RX 103 bytes: 0000aa01f800000000000000aa01f800000000000000aa01f800000000000000aa01f800000000000000aa01f800000000000000aa01f800000000000000aa01f800000000000000aa01f800000000000000aa01f800000000000000aa01f800000000000000aa
02:30:40.716 [DEBUG] [serial] RX 105 bytes: 01f800000000000000aa01f800000000000000aa01f800000000000000aa01f800000000000000aa01f800000000000000aa01f800000000000000aa01f800000000000000aa01f800000000000000aa01f800000000000000aa01f800000000000000aa01f8000000
02:30:40.823 [DEBUG] [serial] RX 102 bytes: 00000000aa01f800000000000000aa01f800000000000000aa01f800000000000000aa01f800000000000000aa01f800000000000000aa01f800000000000000aa01f800000000000000aa01f800000000000000aa01f800000000000000aa01f80000000000
02:30:40.933 [DEBUG] [serial] RX 104 bytes: 0000aa01f800000000000000aa01f800000000000000aa01f800000000000000aa01f800000000000000aa01f800000000000000aa01f800000000000000aa01f800000000000000aa01f800000000000000aa01f800000000000000aa01f800000000000000aa01
02:30:41.041 [DEBUG] [serial] RX 104 bytes: f800000000000000aa01f800000000000000aa01f800000000000000aa01f800000000000000aa01f800000000000000aa01f800000000000000aa01f800000000000000aa01f800000000000000aa01f800000000000000aa01f800000000000000aa01f8000000
02:30:41.150 [DEBUG] [serial] RX 103 bytes: 00000000aa01f800000000000000aa01f800000000000000aa01f800000000000000aa01f800000000000000aa01f800000000000000aa01f800000000000000aa01f800000000000000aa01f800000000000000aa01f800000000000000aa01f8000000000000
02:30:41.260 [DEBUG] [serial] RX 105 bytes: 00aa01f800000000000000aa01f800000000000000aa01f800000000000000aa01f800000000000000aa01f800000000000000aa01f800000000000000aa01f800000000000000aa01f800000000000000aa01f800000000000000aa01f800000000000000aa01f800
02:30:41.370 [DEBUG] [serial] RX 104 bytes: 000000000000aa01f800000000000000aa01f800000000000000aa01f800000000000000aa01f800000000000000aa01f800000000000000aa01f800000000000000aa01f800000000000000aa01f800000000000000aa01f800000000000000aa01f80000000000
02:30:41.480 [DEBUG] [serial] RX 105 bytes: 0000aa01f800000000000000aa01f800000000000000aa01f800000000000000aa01f800000000000000aa01f800000000000000aa01f800000000000000aa01f800000000000000aa01f800000000000000aa01f800000000000000aa01f800000000000000aa01f8
02:30:41.589 [DEBUG] [serial] RX 104 bytes: 00000000000000aa01f800000000000000aa01f800000000000000aa01f800000000000000aa01f800000000000000aa01f800000000000000aa01f800000000000000aa01f800000000000000aa01f800000000000000aa01f800000000000000aa01f800000000
02:30:41.698 [DEBUG] [serial] RX 104 bytes: 000000aa01f800000000000000aa01f800000000000000aa01f800000000000000aa01f800000000000000aa01f800000000000000aa01f800000000000000aa01f800000000000000aa01f800000000000000aa01f800000000000000aa01f800000000000000aa
02:30:41.807 [DEBUG] [serial] RX 104 bytes: 01f800000000000000aa01f800000000000000aa01f800000000000000aa01f800000000000000aa01f800000000000000aa01f800000000000000aa01f800000000000000aa01f800000000000000aa01f800000000000000aa01f800000000000000aa01f80000
02:30:41.916 [DEBUG] [serial] RX 103 bytes: 0000000000aa01f800000000000000aa01f800000000000000aa01f800000000000000aa01f800000000000000aa01f800000000000000aa01f800000000000000aa01f800000000000000aa01f800000000000000aa01f800000000000000aa01f80000000000
02:30:42.025 [DEBUG] [serial] RX 104 bytes: 0000aa01f800000000000000aa01f800000000000000aa01f800000000000000aa01f800000000000000aa01f800000000000000aa01f800000000000000aa01f800000000000000aa01f800000000000000aa01f800000000000000aa01f800000000000000aa01
02:30:42.135 [DEBUG] [serial] RX 104 bytes: f800000000000000aa01f800000000000000aa01f800000000000000aa01f800000000000000aa01f800000000000000aa01f800000000000000aa01f800000000000000aa01f800000000000000aa01f800000000000000aa01f800000000000000aa01f8000000
02:30:42.245 [DEBUG] [serial] RX 106 bytes: 00000000aa01f800000000000000aa01f800000000000000aa01f800000000000000aa01f800000000000000aa01f800000000000000aa01f800000000000000aa01f800000000000000aa01f800000000000000aa01f800000000000000aa01f800000000000000aa01
02:30:42.353 [DEBUG] [serial] RX 102 bytes: f800000000000000aa01f800000000000000aa01f800000000000000aa01f800000000000000aa01f800000000000000aa01f800000000000000aa01f800000000000000aa01f800000000000000aa01f800000000000000aa01f800000000000000aa01f800
02:30:42.354 [INFO] [serial] Stats: 19320 pkts, 193210 bytes rx
02:30:42.461 [DEBUG] [serial] RX 102 bytes: 000000000000aa01f800000000000000aa01f800000000000000aa01f800000000000000aa01f800000000000000aa01f800000000000000aa01f800000000000000aa01f800000000000000aa01f800000000000000aa01f800000000000000aa01f8000000
02:30:42.570 [DEBUG] [serial] RX 105 bytes: 00000000aa01f800000000000000aa01f800000000000000aa01f800000000000000aa01f800000000000000aa01f800000000000000aa01f800000000000000aa01f800000000000000aa01f800000000000000aa01f800000000000000aa01f800000000000000aa
02:30:42.680 [DEBUG] [serial] RX 104 bytes: 01f800000000000000aa01f800000000000000aa01f800000000000000aa01f800000000000000aa01f800000000000000aa01f800000000000000aa01f800000000000000aa01f800000000000000aa01f800000000000000aa01f800000000000000aa01f80000
02:30:42.790 [DEBUG] [serial] RX 105 bytes: 0000000000aa01f800000000000000aa01f800000000000000aa01f800000000000000aa01f800000000000000aa01f800000000000000aa01f800000000000000aa01f800000000000000aa01f800000000000000aa01f800000000000000aa01f800000000000000
02:30:42.899 [DEBUG] [serial] RX 104 bytes: aa01f800000000000000aa01f800000000000000aa01f800000000000000aa01f800000000000000aa01f800000000000000aa01f800000000000000aa01f800000000000000aa01f800000000000000aa01f800000000000000aa01f800000000000000aa01f800
02:30:43.009 [DEBUG] [serial] RX 105 bytes: 000000000000aa01f800000000000000aa01f800000000000000aa01f800000000000000aa01f800000000000000aa01f800000000000000aa01f800000000000000aa01f800000000000000aa01f800000000000000aa01f800000000000000aa01f8000000000000
02:30:43.118 [DEBUG] [serial] RX 103 bytes: 00aa01f800000000000000aa01f800000000000000aa01f800000000000000aa01f800000000000000aa01f800000000000000aa01f800000000000000aa01f800000000000000aa01f800000000000000aa01f800000000000000aa01f800000000000000aa01
02:30:43.227 [DEBUG] [serial] RX 104 bytes: f800000000000000aa01f800000000000000aa01f800000000000000aa01f800000000000000aa01f800000000000000aa01f800000000000000aa01f800000000000000aa01f800000000000000aa01f800000000000000aa01f800000000000000aa01f8000000
02:30:43.336 [DEBUG] [serial] RX 104 bytes: 00000000aa01f800000000000000aa01f800000000000000aa01f800000000000000aa01f800000000000000aa01f800000000000000aa01f800000000000000aa01f800000000000000aa01f800000000000000aa01f800000000000000aa01f800000000000000
02:30:43.445 [DEBUG] [serial] RX 103 bytes: aa01f800000000000000aa01f800000000000000aa01f800000000000000aa01f800000000000000aa01f800000000000000aa01f800000000000000aa01f800000000000000aa01f800000000000000aa01f800000000000000aa01f800000000000000aa01f8
02:30:43.557 [DEBUG] [serial] RX 107 bytes: 00000000000000aa01f800000000000000aa01f800000000000000aa01f800000000000000aa01f800000000000000aa01f800000000000000aa01f800000000000000aa01f800000000000000aa01f800000000000000aa01f800000000000000aa01f800000000000000
02:30:43.666 [DEBUG] [serial] RX 104 bytes: aa01f800000000000000aa01f800000000000000aa01f800000000000000aa01f800000000000000aa01f800000000000000aa01f800000000000000aa01f800000000000000aa01f800000000000000aa01f800000000000000aa01f800000000000000aa01f800
02:30:43.774 [DEBUG] [serial] RX 102 bytes: 000000000000aa01f800000000000000aa01f800000000000000aa01f800000000000000aa01f800000000000000aa01f800000000000000aa01f800000000000000aa01f800000000000000aa01f800000000000000aa01f800000000000000aa01f8000000
02:30:43.882 [DEBUG] [serial] RX 104 bytes: 00000000aa01f800000000000000aa01f800000000000000aa01f800000000000000aa01f800000000000000aa01f800000000000000aa01f800000000000000aa01f800000000000000aa01f800000000000000aa01f800000000000000aa01f800000000000000
02:30:43.990 [DEBUG] [serial] RX 102 bytes: aa01f800000000000000aa01f800000000000000aa01f800000000000000aa01f800000000000000aa01f800000000000000aa01f800000000000000aa01f800000000000000aa01f800000000000000aa01f800000000000000aa01f800000000000000aa01
02:30:44.099 [DEBUG] [serial] RX 104 bytes: f800000000000000aa01f800000000000000aa01f800000000000000aa01f800000000000000aa01f800000000000000aa01f800000000000000aa01f800000000000000aa01f800000000000000aa01f800000000000000aa01f800000000000000aa01f8000000
02:30:44.208 [DEBUG] [serial] RX 104 bytes: 00000000aa01f800000000000000aa01f800000000000000aa01f800000000000000aa01f800000000000000aa01f800000000000000aa01f800000000000000aa01f800000000000000aa01f800000000000000aa01f800000000000000aa01f800000000000000
02:30:44.317 [DEBUG] [serial] RX 103 bytes: aa01f800000000000000aa01f800000000000000aa01f800000000000000aa01f800000000000000aa01f800000000000000aa01f800000000000000aa01f800000000000000aa01f800000000000000aa01f800000000000000aa01f800000000000000aa01f8
02:30:44.318 [DEBUG] [serial] PKT #19500: flags=0x01 in=-2048 ds=0 flt=0
02:30:44.426 [DEBUG] [serial] RX 104 bytes: 00000000000000aa01f800000000000000aa01f800000000000000aa01f800000000000000aa01f800000000000000aa01f800000000000000aa01f800000000000000aa01f800000000000000aa01f800000000000000aa01f800000000000000aa01f800000000
02:30:44.535 [DEBUG] [serial] RX 103 bytes: 000000aa01f800000000000000aa01f800000000000000aa01f800000000000000aa01f800000000000000aa01f800000000000000aa01f800000000000000aa01f800000000000000aa01f800000000000000aa01f800000000000000aa01f800000000000000
02:30:44.644 [DEBUG] [serial] RX 104 bytes: aa01f800000000000000aa01f800000000000000aa01f800000000000000aa01f800000000000000aa01f800000000000000aa01f800000000000000aa01f800000000000000aa01f800000000000000aa01f800000000000000aa01f800000000000000aa01f800
02:30:44.754 [DEBUG] [serial] RX 105 bytes: 000000000000aa01f800000000000000aa01f800000000000000aa01f800000000000000aa01f800000000000000aa01f800000000000000aa01f800000000000000aa01f800000000000000aa01f800000000000000aa01f800000000000000aa01f8000000000000
02:30:44.862 [DEBUG] [serial] RX 103 bytes: 00aa01f800000000000000aa01f800000000000000aa01f800000000000000aa01f800000000000000aa01f800000000000000aa01f800000000000000aa01f800000000000000aa01f800000000000000aa01f800000000000000aa01f800000000000000aa01
02:30:44.972 [DEBUG] [serial] RX 104 bytes: f800000000000000aa01f800000000000000aa01f800000000000000aa01f800000000000000aa01f800000000000000aa01f800000000000000aa01f800000000000000aa01f800000000000000aa01f800000000000000aa01f800000000000000aa01f8000000
02:30:45.080 [DEBUG] [serial] RX 103 bytes: 00000000aa01f800000000000000aa01f800000000000000aa01f800000000000000aa01f800000000000000aa01f800000000000000aa01f800000000000000aa01f800000000000000aa01f800000000000000aa01f800000000000000aa01f8000000000000
02:30:45.190 [DEBUG] [serial] RX 105 bytes: 00aa01f800000000000000aa01f800000000000000aa01f800000000000000aa01f800000000000000aa01f800000000000000aa01f800000000000000aa01f800000000000000aa01f800000000000000aa01f800000000000000aa01f800000000000000aa01f800
02:30:45.299 [DEBUG] [serial] RX 103 bytes: 000000000000aa01f800000000000000aa01f800000000000000aa01f800000000000000aa01f800000000000000aa01f800000000000000aa01f800000000000000aa01f800000000000000aa01f800000000000000aa01f800000000000000aa01f800000000
02:30:45.406 [DEBUG] [serial] RX 102 bytes: 000000aa01f800000000000000aa01f800000000000000aa01f800000000000000aa01f800000000000000aa01f800000000000000aa01f800000000000000aa01f800000000000000aa01f800000000000000aa01f800000000000000aa01f8000000000000
02:30:45.515 [DEBUG] [serial] RX 104 bytes: 00aa01f800000000000000aa01f800000000000000aa01f800000000000000aa01f800000000000000aa01f800000000000000aa01f800000000000000aa01f800000000000000aa01f800000000000000aa01f800000000000000aa01f800000000000000aa01f8
02:30:45.623 [DEBUG] [serial] RX 103 bytes: 00000000000000aa01f800000000000000aa01f800000000000000aa01f800000000000000aa01f800000000000000aa01f800000000000000aa01f800000000000000aa01f800000000000000aa01f800000000000000aa01f800000000000000aa01f8000000
02:30:45.731 [DEBUG] [serial] RX 103 bytes: 00000000aa01f800000000000000aa01f800000000000000aa01f800000000000000aa01f800000000000000aa01f800000000000000aa01f800000000000000aa01f800000000000000aa01f800000000000000aa01f800000000000000aa01f8000000000000
02:30:45.840 [DEBUG] [serial] RX 104 bytes: 00aa01f800000000000000aa01f800000000000000aa01f800000000000000aa01f800000000000000aa01f800000000000000aa01f800000000000000aa01f800000000000000aa01f800000000000000aa01f800000000000000aa01f800000000000000aa01f8
02:30:45.949 [DEBUG] [serial] RX 103 bytes: 00000000000000aa01f800000000000000aa01f800000000000000aa01f800000000000000aa01f800000000000000aa01f800000000000000aa01f800000000000000aa01f800000000000000aa01f800000000000000aa01f800000000000000aa01f8000000
02:30:46.059 [DEBUG] [serial] RX 104 bytes: 00000000aa01f800000000000000aa01f800000000000000aa01f800000000000000aa01f800000000000000aa01f800000000000000aa01f800000000000000aa01f800000000000000aa01f800000000000000aa01f800000000000000aa01f800000000000000
02:30:46.167 [DEBUG] [serial] RX 104 bytes: aa01f800000000000000aa01f800000000000000aa01f800000000000000aa01f800000000000000aa01f800000000000000aa01f800000000000000aa01f800000000000000aa01f800000000000000aa01f800000000000000aa01f800000000000000aa01f800
02:30:46.276 [DEBUG] [serial] RX 103 bytes: 000000000000aa01f800000000000000aa01f800000000000000aa01f800000000000000aa01f800000000000000aa01f800000000000000aa01f800000000000000aa01f800000000000000aa01f800000000000000aa01f800000000000000aa01f800000000
02:30:46.384 [DEBUG] [serial] RX 103 bytes: 000000aa01f800000000000000aa01f800000000000000aa01f800000000000000aa01f800000000000000aa01f800000000000000aa01f800000000000000aa01f800000000000000aa01f800000000000000aa01f800000000000000aa01f800000000000000
02:30:46.492 [DEBUG] [serial] RX 103 bytes: aa01f800000000000000aa01f800000000000000aa01f800000000000000aa01f800000000000000aa01f800000000000000aa01f800000000000000aa01f800000000000000aa01f800000000000000aa01f800000000000000aa01f800000000000000aa01f8
02:30:46.602 [DEBUG] [serial] RX 105 bytes: 00000000000000aa01f800000000000000aa01f800000000000000aa01f800000000000000aa01f800000000000000aa01f800000000000000aa01f800000000000000aa01f800000000000000aa01f800000000000000aa01f800000000000000aa01f80000000000
02:30:46.710 [DEBUG] [serial] RX 103 bytes: 0000aa01f800000000000000aa01f800000000000000aa01f800000000000000aa01f800000000000000aa01f800000000000000aa01f800000000000000aa01f800000000000000aa01f800000000000000aa01f800000000000000aa01f800000000000000aa
02:30:46.819 [DEBUG] [serial] RX 103 bytes: 01f800000000000000aa01f800000000000000aa01f800000000000000aa01f800000000000000aa01f800000000000000aa01f800000000000000aa01f800000000000000aa01f800000000000000aa01f800000000000000aa01f800000000000000aa01f800
02:30:46.930 [DEBUG] [serial] RX 106 bytes: 000000000000aa01f800000000000000aa01f800000000000000aa01f800000000000000aa01f800000000000000aa01f800000000000000aa01f800000000000000aa01f800000000000000aa01f800000000000000aa01f800000000000000aa01f800000000000000
02:30:47.040 [DEBUG] [serial] RX 104 bytes: aa01f800000000000000aa01f800000000000000aa01f800000000000000aa01f800000000000000aa01f800000000000000aa01f800000000000000aa01f800000000000000aa01f800000000000000aa01f800000000000000aa01f800000000000000aa01f800
02:30:47.148 [DEBUG] [serial] RX 103 bytes: 000000000000aa01f800000000000000aa01f800000000000000aa01f800000000000000aa01f800000000000000aa01f800000000000000aa01f800000000000000aa01f800000000000000aa01f800000000000000aa01f800000000000000aa01f800000000
02:30:47.255 [DEBUG] [serial] RX 102 bytes: 000000aa01f800000000000000aa01f800000000000000aa01f800000000000000aa01f800000000000000aa01f800000000000000aa01f800000000000000aa01f800000000000000aa01f800000000000000aa01f800000000000000aa01f8000000000000
02:30:47.365 [DEBUG] [serial] RX 104 bytes: 00aa01f800000000000000aa01f800000000000000aa01f800000000000000aa01f800000000000000aa01f800000000000000aa01f800000000000000aa01f800000000000000aa01f800000000000000aa01f800000000000000aa01f800000000000000aa01f8
02:30:47.367 [INFO] [serial] Stats: 19797 pkts, 197979 bytes rx
02:30:47.473 [DEBUG] [serial] RX 103 bytes: 00000000000000aa01f800000000000000aa01f800000000000000aa01f800000000000000aa01f800000000000000aa01f800000000000000aa01f800000000000000aa01f800000000000000aa01f800000000000000aa01f800000000000000aa01f8000000
02:30:47.582 [DEBUG] [serial] RX 104 bytes: 00000000aa01f800000000000000aa01f800000000000000aa01f800000000000000aa01f800000000000000aa01f800000000000000aa01f800000000000000aa01f800000000000000aa01f800000000000000aa01f800000000000000aa01f800000000000000
02:30:47.692 [DEBUG] [serial] RX 104 bytes: aa01f800000000000000aa01f800000000000000aa01f800000000000000aa01f800000000000000aa01f800000000000000aa01f800000000000000aa01f800000000000000aa01f800000000000000aa01f800000000000000aa01f800000000000000aa01f800
02:30:47.799 [DEBUG] [serial] RX 103 bytes: 000000000000aa01f800000000000000aa01f800000000000000aa01f800000000000000aa01f800000000000000aa01f800000000000000aa01f800000000000000aa01f800000000000000aa01f800000000000000aa01f800000000000000aa01f800000000
02:30:47.908 [DEBUG] [serial] RX 104 bytes: 000000aa01f800000000000000aa01f800000000000000aa01f800000000000000aa01f800000000000000aa01f800000000000000aa01f800000000000000aa01f800000000000000aa01f800000000000000aa01f800000000000000aa01f800000000000000aa
02:30:48.018 [DEBUG] [serial] RX 104 bytes: 01f800000000000000aa01f800000000000000aa01f800000000000000aa01f800000000000000aa01f800000000000000aa01f800000000000000aa01f800000000000000aa01f800000000000000aa01f800000000000000aa01f800000000000000aa01f80000
02:30:48.127 [DEBUG] [serial] RX 104 bytes: 0000000000aa01f800000000000000aa01f800000000000000aa01f800000000000000aa01f800000000000000aa01f800000000000000aa01f800000000000000aa01f800000000000000aa01f800000000000000aa01f800000000000000aa01f8000000000000
02:30:48.237 [DEBUG] [serial] RX 105 bytes: 00aa01f800000000000000aa01f800000000000000aa01f800000000000000aa01f800000000000000aa01f800000000000000aa01f800000000000000aa01f800000000000000aa01f800000000000000aa01f800000000000000aa01f800000000000000aa01f800
02:30:48.345 [DEBUG] [serial] RX 102 bytes: 000000000000aa01f800000000000000aa01f800000000000000aa01f800000000000000aa01f800000000000000aa01f800000000000000aa01f800000000000000aa01f800000000000000aa01f800000000000000aa01f800000000000000aa01f8000000
02:30:48.453 [DEBUG] [serial] RX 103 bytes: 00000000aa01f800000000000000aa01f800000000000000aa01f800000000000000aa01f800000000000000aa01f800000000000000aa01f800000000000000aa01f800000000000000aa01f800000000000000aa01f800000000000000aa01f8000000000000
02:30:48.562 [DEBUG] [serial] RX 104 bytes: 00aa01f800000000000000aa01f800000000000000aa01f800000000000000aa01f800000000000000aa01f800000000000000aa01f800000000000000aa01f800000000000000aa01f800000000000000aa01f800000000000000aa01f800000000000000aa01f8
02:30:48.672 [DEBUG] [serial] RX 104 bytes: 00000000000000aa01f800000000000000aa01f800000000000000aa01f800000000000000aa01f800000000000000aa01f800000000000000aa01f800000000000000aa01f800000000000000aa01f800000000000000aa01f800000000000000aa01f800000000
02:30:48.782 [DEBUG] [serial] RX 105 bytes: 000000aa01f800000000000000aa01f800000000000000aa01f800000000000000aa01f800000000000000aa01f800000000000000aa01f800000000000000aa01f800000000000000aa01f800000000000000aa01f800000000000000aa01f800000000000000aa01
02:30:48.891 [DEBUG] [serial] RX 104 bytes: f800000000000000aa01f800000000000000aa01f800000000000000aa01f800000000000000aa01f800000000000000aa01f800000000000000aa01f800000000000000aa01f800000000000000aa01f800000000000000aa01f800000000000000aa01f8000000
02:30:49.002 [DEBUG] [serial] RX 105 bytes: 00000000aa01f800000000000000aa01f800000000000000aa01f800000000000000aa01f800000000000000aa01f800000000000000aa01f800000000000000aa01f800000000000000aa01f800000000000000aa01f800000000000000aa01f800000000000000aa
02:30:49.110 [DEBUG] [serial] RX 103 bytes: 01f800000000000000aa01f800000000000000aa01f800000000000000aa01f800000000000000aa01f800000000000000aa01f800000000000000aa01f800000000000000aa01f800000000000000aa01f800000000000000aa01f800000000000000aa01f800
02:30:49.218 [DEBUG] [serial] RX 103 bytes: 000000000000aa01f800000000000000aa01f800000000000000aa01f800000000000000aa01f800000000000000aa01f800000000000000aa01f800000000000000aa01f800000000000000aa01f800000000000000aa01f800000000000000aa01f800000000
02:30:49.328 [DEBUG] [serial] RX 105 bytes: 000000aa01f800000000000000aa01f800000000000000aa01f800000000000000aa01f800000000000000aa01f800000000000000aa01f800000000000000aa01f800000000000000aa01f800000000000000aa01f800000000000000aa01f800000000000000aa01
02:30:49.438 [DEBUG] [serial] RX 105 bytes: f800000000000000aa01f800000000000000aa01f800000000000000aa01f800000000000000aa01f800000000000000aa01f800000000000000aa01f800000000000000aa01f800000000000000aa01f800000000000000aa01f800000000000000aa01f800000000
02:30:49.547 [DEBUG] [serial] RX 103 bytes: 000000aa01f800000000000000aa01f800000000000000aa01f800000000000000aa01f800000000000000aa01f800000000000000aa01f800000000000000aa01f800000000000000aa01f800000000000000aa01f800000000000000aa01f800000000000000
02:30:49.548 [DEBUG] [serial] PKT #20000: flags=0x01 in=-2048 ds=0 flt=0
02:30:49.655 [DEBUG] [serial] RX 102 bytes: aa01f800000000000000aa01f800000000000000aa01f800000000000000aa01f800000000000000aa01f800000000000000aa01f800000000000000aa01f800000000000000aa01f800000000000000aa01f800000000000000aa01f800000000000000aa01
02:30:49.764 [DEBUG] [serial] RX 104 bytes: f800000000000000aa01f800000000000000aa01f800000000000000aa01f800000000000000aa01f800000000000000aa01f800000000000000aa01f800000000000000aa01f800000000000000aa01f800000000000000aa01f800000000000000aa01f8000000
02:30:49.873 [DEBUG] [serial] RX 104 bytes: 00000000aa01f800000000000000aa01f800000000000000aa01f800000000000000aa01f800000000000000aa01f800000000000000aa01f800000000000000aa01f800000000000000aa01f800000000000000aa01f800000000000000aa01f800000000000000
02:30:49.982 [DEBUG] [serial] RX 104 bytes: aa01f800000000000000aa01f800000000000000aa01f800000000000000aa01f800000000000000aa01f800000000000000aa01f800000000000000aa01f800000000000000aa01f800000000000000aa01f800000000000000aa01f800000000000000aa01f800
02:30:50.091 [DEBUG] [serial] RX 103 bytes: 000000000000aa01f800000000000000aa01f800000000000000aa01f800000000000000aa01f800000000000000aa01f800000000000000aa01f800000000000000aa01f800000000000000aa01f800000000000000aa01f800000000000000aa01f800000000
02:30:50.200 [DEBUG] [serial] RX 105 bytes: 000000aa01f800000000000000aa01f800000000000000aa01f800000000000000aa01f800000000000000aa01f800000000000000aa01f800000000000000aa01f800000000000000aa01f800000000000000aa01f800000000000000aa01f800000000000000aa01
02:30:50.309 [DEBUG] [serial] RX 103 bytes: f800000000000000aa01f800000000000000aa01f800000000000000aa01f800000000000000aa01f800000000000000aa01f800000000000000aa01f800000000000000aa01f800000000000000aa01f800000000000000aa01f800000000000000aa01f80000
02:30:50.418 [DEBUG] [serial] RX 104 bytes: 0000000000aa01f800000000000000aa01f800000000000000aa01f800000000000000aa01f800000000000000aa01f800000000000000aa01f800000000000000aa01f800000000000000aa01f800000000000000aa01f800000000000000aa01f8000000000000
02:30:50.527 [DEBUG] [serial] RX 104 bytes: 00aa01f800000000000000aa01f800000000000000aa01f800000000000000aa01f800000000000000aa01f800000000000000aa01f800000000000000aa01f800000000000000aa01f800000000000000aa01f800000000000000aa01f800000000000000aa01f8
02:30:50.636 [DEBUG] [serial] RX 104 bytes: 00000000000000aa01f800000000000000aa01f800000000000000aa01f800000000000000aa01f800000000000000aa01f800000000000000aa01f800000000000000aa01f800000000000000aa01f800000000000000aa01f800000000000000aa01f800000000
02:30:50.745 [DEBUG] [serial] RX 103 bytes: 000000aa01f800000000000000aa01f800000000000000aa01f800000000000000aa01f800000000000000aa01f800000000000000aa01f800000000000000aa01f800000000000000aa01f800000000000000aa01f800000000000000aa01f800000000000000
02:30:50.857 [DEBUG] [serial] RX 107 bytes: aa01f800000000000000aa01f800000000000000aa01f800000000000000aa01f800000000000000aa01f800000000000000aa01f800000000000000aa01f800000000000000aa01f800000000000000aa01f800000000000000aa01f800000000000000aa01f800000000
02:30:50.966 [DEBUG] [serial] RX 103 bytes: 000000aa01f800000000000000aa01f800000000000000aa01f800000000000000aa01f800000000000000aa01f800000000000000aa01f800000000000000aa01f800000000000000aa01f800000000000000aa01f800000000000000aa01f800000000000000
02:30:51.074 [DEBUG] [serial] RX 103 bytes: aa01f800000000000000aa01f800000000000000aa01f800000000000000aa01f800000000000000aa01f800000000000000aa01f800000000000000aa01f800000000000000aa01f800000000000000aa01f800000000000000aa01f800000000000000aa01f8
02:30:51.184 [DEBUG] [serial] RX 104 bytes: 00000000000000aa01f800000000000000aa01f800000000000000aa01f800000000000000aa01f800000000000000aa01f800000000000000aa01f800000000000000aa01f800000000000000aa01f800000000000000aa01f800000000000000aa01f800000000
02:30:51.292 [DEBUG] [serial] RX 103 bytes: 000000aa01f800000000000000aa01f800000000000000aa01f800000000000000aa01f800000000000000aa01f800000000000000aa01f800000000000000aa01f800000000000000aa01f800000000000000aa01f800000000000000aa01f800000000000000
02:30:51.400 [DEBUG] [serial] RX 104 bytes: aa01f800000000000000aa01f800000000000000aa01f800000000000000aa01f800000000000000aa01f800000000000000aa01f800000000000000aa01f800000000000000aa01f800000000000000aa01f800000000000000aa01f800000000000000aa01f800
02:30:51.509 [DEBUG] [serial] RX 103 bytes: 000000000000aa01f800000000000000aa01f800000000000000aa01f800000000000000aa01f800000000000000aa01f800000000000000aa01f800000000000000aa01f800000000000000aa01f800000000000000aa01f800000000000000aa01f800000000
02:30:51.616 [DEBUG] [serial] RX 102 bytes: 000000aa01f800000000000000aa01f800000000000000aa01f800000000000000aa01f800000000000000aa01f800000000000000aa01f800000000000000aa01f800000000000000aa01f800000000000000aa01f800000000000000aa01f8000000000000
02:30:51.725 [DEBUG] [serial] RX 104 bytes: 00aa01f800000000000000aa01f800000000000000aa01f800000000000000aa01f800000000000000aa01f800000000000000aa01f800000000000000aa01f800000000000000aa01f800000000000000aa01f800000000000000aa01f800000000000000aa01f8
02:30:51.833 [DEBUG] [serial] RX 103 bytes: 00000000000000aa01f800000000000000aa01f800000000000000aa01f800000000000000aa01f800000000000000aa01f800000000000000aa01f800000000000000aa01f800000000000000aa01f800000000000000aa01f800000000000000aa01f8000000
02:30:51.941 [DEBUG] [serial] RX 102 bytes: 00000000aa01f800000000000000aa01f800000000000000aa01f800000000000000aa01f800000000000000aa01f800000000000000aa01f800000000000000aa01f800000000000000aa01f800000000000000aa01f800000000000000aa01f80000000000
02:30:52.050 [DEBUG] [serial] RX 104 bytes: 0000aa01f800000000000000aa01f800000000000000aa01f800000000000000aa01f800000000000000aa01f800000000000000aa01f800000000000000aa01f800000000000000aa01f800000000000000aa01f800000000000000aa01f800000000000000aa01
02:30:52.159 [DEBUG] [serial] RX 104 bytes: f800000000000000aa01f800000000000000aa01f800000000000000aa01f800000000000000aa01f800000000000000aa01f800000000000000aa01f800000000000000aa01f800000000000000aa01f800000000000000aa01f800000000000000aa01f8000000
02:30:52.269 [DEBUG] [serial] RX 105 bytes: 00000000aa01f800000000000000aa01f800000000000000aa01f800000000000000aa01f800000000000000aa01f800000000000000aa01f800000000000000aa01f800000000000000aa01f800000000000000aa01f800000000000000aa01f800000000000000aa
02:30:52.378 [DEBUG] [serial] RX 103 bytes: 01f800000000000000aa01f800000000000000aa01f800000000000000aa01f800000000000000aa01f800000000000000aa01f800000000000000aa01f800000000000000aa01f800000000000000aa01f800000000000000aa01f800000000000000aa01f800
02:30:52.378 [INFO] [serial] Stats: 20274 pkts, 202750 bytes rx
02:30:52.487 [DEBUG] [serial] RX 104 bytes: 000000000000aa01f800000000000000aa01f800000000000000aa01f800000000000000aa01f800000000000000aa01f800000000000000aa01f800000000000000aa01f800000000000000aa01f800000000000000aa01f800000000000000aa01f80000000000
02:30:52.594 [DEBUG] [serial] RX 101 bytes: 0000aa01f800000000000000aa01f800000000000000aa01f800000000000000aa01f800000000000000aa01f800000000000000aa01f800000000000000aa01f800000000000000aa01f800000000000000aa01f800000000000000aa01f8000000000000
02:30:52.703 [DEBUG] [serial] RX 104 bytes: 00aa01f800000000000000aa01f800000000000000aa01f800000000000000aa01f800000000000000aa01f800000000000000aa01f800000000000000aa01f800000000000000aa01f800000000000000aa01f800000000000000aa01f800000000000000aa01f8
02:30:52.812 [DEBUG] [serial] RX 105 bytes: 00000000000000aa01f800000000000000aa01f800000000000000aa01f800000000000000aa01f800000000000000aa01f800000000000000aa01f800000000000000aa01f800000000000000aa01f800000000000000aa01f800000000000000aa01f80000000000
02:30:52.922 [DEBUG] [serial] RX 103 bytes: 0000aa01f800000000000000aa01f800000000000000aa01f800000000000000aa01f800000000000000aa01f800000000000000aa01f800000000000000aa01f800000000000000aa01f800000000000000aa01f800000000000000aa01f800000000000000aa
02:30:53.029 [DEBUG] [serial] RX 102 bytes: 01f800000000000000aa01f800000000000000aa01f800000000000000aa01f800000000000000aa01f800000000000000aa01f800000000000000aa01f800000000000000aa01f800000000000000aa01f800000000000000aa01f800000000000000aa01f8
02:30:53.138 [DEBUG] [serial] RX 105 bytes: 00000000000000aa01f800000000000000aa01f800000000000000aa01f800000000000000aa01f800000000000000aa01f800000000000000aa01f800000000000000aa01f800000000000000aa01f800000000000000aa01f800000000000000aa01f80000000000
02:30:53.247 [DEBUG] [serial] RX 103 bytes: 0000aa01f800000000000000aa01f800000000000000aa01f800000000000000aa01f800000000000000aa01f800000000000000aa01f800000000000000aa01f800000000000000aa01f800000000000000aa01f800000000000000aa01f800000000000000aa
02:30:53.355 [DEBUG] [serial] RX 102 bytes: 01f800000000000000aa01f800000000000000aa01f800000000000000aa01f800000000000000aa01f800000000000000aa01f800000000000000aa01f800000000000000aa01f800000000000000aa01f800000000000000aa01f800000000000000aa01f8
02:30:53.465 [DEBUG] [serial] RX 106 bytes: 00000000000000aa01f800000000000000aa01f800000000000000aa01f800000000000000aa01f800000000000000aa01f800000000000000aa01f800000000000000aa01f800000000000000aa01f800000000000000aa01f800000000000000aa01f8000000000000
02:30:53.574 [DEBUG] [serial] RX 103 bytes: 00aa01f800000000000000aa01f800000000000000aa01f800000000000000aa01f800000000000000aa01f800000000000000aa01f800000000000000aa01f800000000000000aa01f800000000000000aa01f800000000000000aa01f800000000000000aa01
02:30:53.684 [DEBUG] [serial] RX 104 bytes: f800000000000000aa01f800000000000000aa01f800000000000000aa01f800000000000000aa01f800000000000000aa01f800000000000000aa01f800000000000000aa01f800000000000000aa01f800000000000000aa01f800000000000000aa01f8000000
02:30:53.792 [DEBUG] [serial] RX 103 bytes: 00000000aa01f800000000000000aa01f800000000000000aa01f800000000000000aa01f800000000000000aa01f800000000000000aa01f800000000000000aa01f800000000000000aa01f800000000000000aa01f800000000000000aa01f8000000000000
02:30:53.902 [DEBUG] [serial] RX 105 bytes: 00aa01f800000000000000aa01f800000000000000aa01f800000000000000aa01f800000000000000aa01f800000000000000aa01f800000000000000aa01f800000000000000aa01f800000000000000aa01f800000000000000aa01f800000000000000aa01f800
02:30:54.010 [DEBUG] [serial] RX 103 bytes: 000000000000aa01f800000000000000aa01f800000000000000aa01f800000000000000aa01f800000000000000aa01f800000000000000aa01f800000000000000aa01f800000000000000aa01f800000000000000aa01f800000000000000aa01f800000000
02:30:54.119 [DEBUG] [serial] RX 104 bytes: 000000aa01f800000000000000aa01f800000000000000aa01f800000000000000aa01f800000000000000aa01f800000000000000aa01f800000000000000aa01f800000000000000aa01f800000000000000aa01f800000000000000aa01f800000000000000aa
02:30:54.228 [DEBUG] [serial] RX 104 bytes: 01f800000000000000aa01f800000000000000aa01f800000000000000aa01f800000000000000aa01f800000000000000aa01f800000000000000aa01f800000000000000aa01f800000000000000aa01f800000000000000aa01f800000000000000aa01f80000
02:30:54.336 [DEBUG] [serial] RX 102 bytes: 0000000000aa01f800000000000000aa01f800000000000000aa01f800000000000000aa01f800000000000000aa01f800000000000000aa01f800000000000000aa01f800000000000000aa01f800000000000000aa01f800000000000000aa01f800000000
02:30:54.445 [DEBUG] [serial] RX 104 bytes: 000000aa01f800000000000000aa01f800000000000000aa01f800000000000000aa01f800000000000000aa01f800000000000000aa01f800000000000000aa01f800000000000000aa01f800000000000000aa01f800000000000000aa01f800000000000000aa
02:30:54.555 [DEBUG] [serial] RX 104 bytes: 01f800000000000000aa01f800000000000000aa01f800000000000000aa01f800000000000000aa01f800000000000000aa01f800000000000000aa01f800000000000000aa01f800000000000000aa01f800000000000000aa01f800000000000000aa01f80000
02:30:54.663 [DEBUG] [serial] RX 104 bytes: 0000000000aa01f800000000000000aa01f800000000000000aa01f800000000000000aa01f800000000000000aa01f800000000000000aa01f800000000000000aa01f800000000000000aa01f800000000000000aa01f800000000000000aa01f8000000000000
02:30:54.773 [DEBUG] [serial] RX 103 bytes: 00aa01f800000000000000aa01f800000000000000aa01f800000000000000aa01f800000000000000aa01f800000000000000aa01f800000000000000aa01f800000000000000aa01f800000000000000aa01f800000000000000aa01f800000000000000aa01
02:30:54.774 [DEBUG] [serial] PKT #20500: flags=0x01 in=-2048 ds=0 flt=0
02:30:54.883 [DEBUG] [serial] RX 105 bytes: f800000000000000aa01f800000000000000aa01f800000000000000aa01f800000000000000aa01f800000000000000aa01f800000000000000aa01f800000000000000aa01f800000000000000aa01f800000000000000aa01f800000000000000aa01f800000000
02:30:54.992 [DEBUG] [serial] RX 104 bytes: 000000aa01f800000000000000aa01f800000000000000aa01f800000000000000aa01f800000000000000aa01f800000000000000aa01f800000000000000aa01f800000000000000aa01f800000000000000aa01f800000000000000aa01f800000000000000aa
02:30:55.102 [DEBUG] [serial] RX 105 bytes: 01f800000000000000aa01f800000000000000aa01f800000000000000aa01f800000000000000aa01f800000000000000aa01f800000000000000aa01f800000000000000aa01f800000000000000aa01f800000000000000aa01f800000000000000aa01f8000000
02:30:55.209 [DEBUG] [serial] RX 102 bytes: 00000000aa01f800000000000000aa01f800000000000000aa01f800000000000000aa01f800000000000000aa01f800000000000000aa01f800000000000000aa01f800000000000000aa01f800000000000000aa01f800000000000000aa01f80000000000
02:30:55.319 [DEBUG] [serial] RX 105 bytes: 0000aa01f800000000000000aa01f800000000000000aa01f800000000000000aa01f800000000000000aa01f800000000000000aa01f800000000000000aa01f800000000000000aa01f800000000000000aa01f800000000000000aa01f800000000000000aa01f8
02:30:55.428 [DEBUG] [serial] RX 103 bytes: 00000000000000aa01f800000000000000aa01f800000000000000aa01f800000000000000aa01f800000000000000aa01f800000000000000aa01f800000000000000aa01f800000000000000aa01f800000000000000aa01f800000000000000aa01f8000000
02:30:55.537 [DEBUG] [serial] RX 104 bytes: 00000000aa01f800000000000000aa01f800000000000000aa01f800000000000000aa01f800000000000000aa01f800000000000000aa01f800000000000000aa01f800000000000000aa01f800000000000000aa01f800000000000000aa01f800000000000000
02:30:55.647 [DEBUG] [serial] RX 105 bytes: aa01f800000000000000aa01f800000000000000aa01f800000000000000aa01f800000000000000aa01f800000000000000aa01f800000000000000aa01f800000000000000aa01f800000000000000aa01f800000000000000aa01f800000000000000aa01f80000
02:30:55.756 [DEBUG] [serial] RX 103 bytes: 0000000000aa01f800000000000000aa01f800000000000000aa01f800000000000000aa01f800000000000000aa01f800000000000000aa01f800000000000000aa01f800000000000000aa01f800000000000000aa01f800000000000000aa01f80000000000
02:30:55.865 [DEBUG] [serial] RX 104 bytes: 0000aa01f800000000000000aa01f800000000000000aa01f800000000000000aa01f800000000000000aa01f800000000000000aa01f800000000000000aa01f800000000000000aa01f800000000000000aa01f800000000000000aa01f800000000000000aa01
02:30:55.974 [DEBUG] [serial] RX 104 bytes: f800000000000000aa01f800000000000000aa01f800000000000000aa01f800000000000000aa01f800000000000000aa01f800000000000000aa01f800000000000000aa01f800000000000000aa01f800000000000000aa01f800000000000000aa01f8000000
02:30:56.083 [DEBUG] [serial] RX 103 bytes: 00000000aa01f800000000000000aa01f800000000000000aa01f800000000000000aa01f800000000000000aa01f800000000000000aa01f800000000000000aa01f800000000000000aa01f800000000000000aa01f800000000000000aa01f8000000000000
02:30:56.192 [DEBUG] [serial] RX 104 bytes: 00aa01f800000000000000aa01f800000000000000aa01f800000000000000aa01f800000000000000aa01f800000000000000aa01f800000000000000aa01f800000000000000aa01f800000000000000aa01f800000000000000aa01f800000000000000aa01f8
02:30:56.299 [DEBUG] [serial] RX 103 bytes: 00000000000000aa01f800000000000000aa01f800000000000000aa01f800000000000000aa01f800000000000000aa01f800000000000000aa01f800000000000000aa01f800000000000000aa01f800000000000000aa01f800000000000000aa01f8000000
02:30:56.409 [DEBUG] [serial] RX 104 bytes: 00000000aa01f800000000000000aa01f800000000000000aa01f800000000000000aa01f800000000000000aa01f800000000000000aa01f800000000000000aa01f800000000000000aa01f800000000000000aa01f800000000000000aa01f800000000000000
02:30:56.518 [DEBUG] [serial] RX 104 bytes: aa01f800000000000000aa01f800000000000000aa01f800000000000000aa01f800000000000000aa01f800000000000000aa01f800000000000000aa01f800000000000000aa01f800000000000000aa01f800000000000000aa01f800000000000000aa01f800
02:30:56.626 [DEBUG] [serial] RX 103 bytes: 000000000000aa01f800000000000000aa01f800000000000000aa01f800000000000000aa01f800000000000000aa01f800000000000000aa01f800000000000000aa01f800000000000000aa01f800000000000000aa01f800000000000000aa01f800000000
02:30:56.735 [DEBUG] [serial] RX 103 bytes: 000000aa01f800000000000000aa01f800000000000000aa01f800000000000000aa01f800000000000000aa01f800000000000000aa01f800000000000000aa01f800000000000000aa01f800000000000000aa01f800000000000000aa01f800000000000000
02:30:56.845 [DEBUG] [serial] RX 104 bytes: aa01f800000000000000aa01f800000000000000aa01f800000000000000aa01f800000000000000aa01f800000000000000aa01f800000000000000aa01f800000000000000aa01f800000000000000aa01f800000000000000aa01f800000000000000aa01f800
02:30:56.953 [DEBUG] [serial] RX 104 bytes: 000000000000aa01f800000000000000aa01f800000000000000aa01f800000000000000aa01f800000000000000aa01f800000000000000aa01f800000000000000aa01f800000000000000aa01f800000000000000aa01f800000000000000aa01f80000000000
02:30:57.062 [DEBUG] [serial] RX 104 bytes: 0000aa01f800000000000000aa01f800000000000000aa01f800000000000000aa01f800000000000000aa01f800000000000000aa01f800000000000000aa01f800000000000000aa01f800000000000000aa01f800000000000000aa01f800000000000000aa01
02:30:57.173 [DEBUG] [serial] RX 105 bytes: f800000000000000aa01f800000000000000aa01f800000000000000aa01f800000000000000aa01f800000000000000aa01f800000000000000aa01f800000000000000aa01f800000000000000aa01f800000000000000aa01f800000000000000aa01f800000000
02:30:57.282 [DEBUG] [serial] RX 104 bytes: 000000aa01f800000000000000aa01f800000000000000aa01f800000000000000aa01f800000000000000aa01f800000000000000aa01f800000000000000aa01f800000000000000aa01f800000000000000aa01f800000000000000aa01f800000000000000aa
02:30:57.392 [DEBUG] [serial] RX 105 bytes: 01f800000000000000aa01f800000000000000aa01f800000000000000aa01f800000000000000aa01f800000000000000aa01f800000000000000aa01f800000000000000aa01f800000000000000aa01f800000000000000aa01f800000000000000aa01f8000000
02:30:57.394 [INFO] [serial] Stats: 20751 pkts, 207522 bytes rx
02:30:57.499 [DEBUG] [serial] RX 101 bytes: 00000000aa01f800000000000000aa01f800000000000000aa01f800000000000000aa01f800000000000000aa01f800000000000000aa01f800000000000000aa01f800000000000000aa01f800000000000000aa01f800000000000000aa01f800000000
02:30:57.608 [DEBUG] [serial] RX 104 bytes: 000000aa01f800000000000000aa01f800000000000000aa01f800000000000000aa01f800000000000000aa01f800000000000000aa01f800000000000000aa01f800000000000000aa01f800000000000000aa01f800000000000000aa01f800000000000000aa
02:30:57.717 [DEBUG] [serial] RX 104 bytes: 01f800000000000000aa01f800000000000000aa01f800000000000000aa01f800000000000000aa01f800000000000000aa01f800000000000000aa01f800000000000000aa01f800000000000000aa01f800000000000000aa01f800000000000000aa01f80000
02:30:57.826 [DEBUG] [serial] RX 103 bytes: 0000000000aa01f800000000000000aa01f800000000000000aa01f800000000000000aa01f800000000000000aa01f800000000000000aa01f800000000000000aa01f800000000000000aa01f800000000000000aa01f800000000000000aa01f80000000000
02:30:57.936 [DEBUG] [serial] RX 105 bytes: 0000aa01f800000000000000aa01f800000000000000aa01f800000000000000aa01f800000000000000aa01f800000000000000aa01f800000000000000aa01f800000000000000aa01f800000000000000aa01f800000000000000aa01f800000000000000aa01f8
02:30:58.044 [DEBUG] [serial] RX 103 bytes: 00000000000000aa01f800000000000000aa01f800000000000000aa01f800000000000000aa01f800000000000000aa01f800000000000000aa01f800000000000000aa01f800000000000000aa01f800000000000000aa01f800000000000000aa01f8000000
02:30:58.154 [DEBUG] [serial] RX 104 bytes: 00000000aa01f800000000000000aa01f800000000000000aa01f800000000000000aa01f800000000000000aa01f800000000000000aa01f800000000000000aa01f800000000000000aa01f800000000000000aa01f800000000000000aa01f800000000000000
02:30:58.262 [DEBUG] [serial] RX 103 bytes: aa01f800000000000000aa01f800000000000000aa01f800000000000000aa01f800000000000000aa01f800000000000000aa01f800000000000000aa01f800000000000000aa01f800000000000000aa01f800000000000000aa01f800000000000000aa01f8
02:30:58.374 [DEBUG] [serial] RX 107 bytes: 00000000000000aa01f800000000000000aa01f800000000000000aa01f800000000000000aa01f800000000000000aa01f800000000000000aa01f800000000000000aa01f800000000000000aa01f800000000000000aa01f800000000000000aa01f800000000000000
02:30:58.482 [DEBUG] [serial] RX 102 bytes: aa01f800000000000000aa01f800000000000000aa01f800000000000000aa01f800000000000000aa01f800000000000000aa01f800000000000000aa01f800000000000000aa01f800000000000000aa01f800000000000000aa01f800000000000000aa01
02:30:58.590 [DEBUG] [serial] RX 104 bytes: f800000000000000aa01f800000000000000aa01f800000000000000aa01f800000000000000aa01f800000000000000aa01f800000000000000aa01f800000000000000aa01f800000000000000aa01f800000000000000aa01f800000000000000aa01f8000000
02:30:58.699 [DEBUG] [serial] RX 103 bytes: 00000000aa01f800000000000000aa01f800000000000000aa01f800000000000000aa01f800000000000000aa01f800000000000000aa01f800000000000000aa01f800000000000000aa01f800000000000000aa01f800000000000000aa01f8000000000000
02:30:58.808 [DEBUG] [serial] RX 104 bytes: 00aa01f800000000000000aa01f800000000000000aa01f800000000000000aa01f800000000000000aa01f800000000000000aa01f800000000000000aa01f800000000000000aa01f800000000000000aa01f800000000000000aa01f800000000000000aa01f8
02:30:58.917 [DEBUG] [serial] RX 104 bytes: 00000000000000aa01f800000000000000aa01f800000000000000aa01f800000000000000aa01f800000000000000aa01f800000000000000aa01f800000000000000aa01f800000000000000aa01f800000000000000aa01f800000000000000aa01f800000000
02:30:59.026 [DEBUG] [serial] RX 103 bytes: 000000aa01f800000000000000aa01f800000000000000aa01f800000000000000aa01f800000000000000aa01f800000000000000aa01f800000000000000aa01f800000000000000aa01f800000000000000aa01f800000000000000aa01f800000000000000
02:30:59.135 [DEBUG] [serial] RX 104 bytes: aa01f800000000000000aa01f800000000000000aa01f800000000000000aa01f800000000000000aa01f800000000000000aa01f800000000000000aa01f800000000000000aa01f800000000000000aa01f800000000000000aa01f800000000000000aa01f800
02:30:59.244 [DEBUG] [serial] RX 103 bytes: 000000000000aa01f800000000000000aa01f800000000000000aa01f800000000000000aa01f800000000000000aa01f800000000000000aa01f800000000000000aa01f800000000000000aa01f800000000000000aa01f800000000000000aa01f800000000
02:30:59.354 [DEBUG] [serial] RX 105 bytes: 000000aa01f800000000000000aa01f800000000000000aa01f800000000000000aa01f800000000000000aa01f800000000000000aa01f800000000000000aa01f800000000000000aa01f800000000000000aa01f800000000000000aa01f800000000000000aa01
02:30:59.462 [DEBUG] [serial] RX 103 bytes: f800000000000000aa01f800000000000000aa01f800000000000000aa01f800000000000000aa01f800000000000000aa01f800000000000000aa01f800000000000000aa01f800000000000000aa01f800000000000000aa01f800000000000000aa01f80000
02:30:59.573 [DEBUG] [serial] RX 105 bytes: 0000000000aa01f800000000000000aa01f800000000000000aa01f800000000000000aa01f800000000000000aa01f800000000000000aa01f800000000000000aa01f800000000000000aa01f800000000000000aa01f800000000000000aa01f800000000000000
02:30:59.682 [DEBUG] [serial] RX 105 bytes: aa01f800000000000000aa01f800000000000000aa01f800000000000000aa01f800000000000000aa01f800000000000000aa01f800000000000000aa01f800000000000000aa01f800000000000000aa01f800000000000000aa01f800000000000000aa01f80000
02:30:59.790 [DEBUG] [serial] RX 102 bytes: 0000000000aa01f800000000000000aa01f800000000000000aa01f800000000000000aa01f800000000000000aa01f800000000000000aa01f800000000000000aa01f800000000000000aa01f800000000000000aa01f800000000000000aa01f800000000
02:30:59.900 [DEBUG] [serial] RX 105 bytes: 000000aa01f800000000000000aa01f800000000000000aa01f800000000000000aa01f800000000000000aa01f800000000000000aa01f800000000000000aa01f800000000000000aa01f800000000000000aa01f800000000000000aa01f800000000000000aa01
02:31:00.009 [DEBUG] [serial] RX 104 bytes: f800000000000000aa01f800000000000000aa01f800000000000000aa01f800000000000000aa01f800000000000000aa01f800000000000000aa01f800000000000000aa01f800000000000000aa01f800000000000000aa01f800000000000000aa01f8000000
02:31:00.011 [DEBUG] [serial] PKT #21000: flags=0x01 in=-2048 ds=0 flt=0
02:31:00.116 [DEBUG] [serial] RX 102 bytes: 00000000aa01f800000000000000aa01f800000000000000aa01f800000000000000aa01f800000000000000aa01f800000000000000aa01f800000000000000aa01f800000000000000aa01f800000000000000aa01f800000000000000aa01f80000000000
02:31:00.227 [DEBUG] [serial] RX 105 bytes: 0000aa01f800000000000000aa01f800000000000000aa01f800000000000000aa01f800000000000000aa01f800000000000000aa01f800000000000000aa01f800000000000000aa01f800000000000000aa01f800000000000000aa01f800000000000000aa01f8
02:31:00.336 [DEBUG] [serial] RX 104 bytes: 00000000000000aa01f800000000000000aa01f800000000000000aa01f800000000000000aa01f800000000000000aa01f800000000000000aa01f800000000000000aa01f800000000000000aa01f800000000000000aa01f800000000000000aa01f800000000
02:31:00.444 [DEBUG] [serial] RX 102 bytes: 000000aa01f800000000000000aa01f800000000000000aa01f800000000000000aa01f800000000000000aa01f800000000000000aa01f800000000000000aa01f800000000000000aa01f800000000000000aa01f800000000000000aa01f8000000000000
02:31:00.553 [DEBUG] [serial] RX 104 bytes: 00aa01f800000000000000aa01f800000000000000aa01f800000000000000aa01f800000000000000aa01f800000000000000aa01f800000000000000aa01f800000000000000aa01f800000000000000aa01f800000000000000aa01f800000000000000aa01f8
02:31:00.662 [DEBUG] [serial] RX 104 bytes: 00000000000000aa01f800000000000000aa01f800000000000000aa01f800000000000000aa01f800000000000000aa01f800000000000000aa01f800000000000000aa01f800000000000000aa01f800000000000000aa01f800000000000000aa01f800000000
02:31:00.770 [DEBUG] [serial] RX 103 bytes: 000000aa01f800000000000000aa01f800000000000000aa01f800000000000000aa01f800000000000000aa01f800000000000000aa01f800000000000000aa01f800000000000000aa01f800000000000000aa01f800000000000000aa01f800000000000000
02:31:00.879 [DEBUG] [serial] RX 104 bytes: aa01f800000000000000aa01f800000000000000aa01f800000000000000aa01f800000000000000aa01f800000000000000aa01f800000000000000aa01f800000000000000aa01f800000000000000aa01f800000000000000aa01f800000000000000aa01f800
02:31:00.987 [DEBUG] [serial] RX 102 bytes: 000000000000aa01f800000000000000aa01f800000000000000aa01f800000000000000aa01f800000000000000aa01f800000000000000aa01f800000000000000aa01f800000000000000aa01f800000000000000aa01f800000000000000aa01f8000000
02:31:01.096 [DEBUG] [serial] RX 104 bytes: 00000000aa01f800000000000000aa01f800000000000000aa01f800000000000000aa01f800000000000000aa01f800000000000000aa01f800000000000000aa01f800000000000000aa01f800000000000000aa01f800000000000000aa01f800000000000000
02:31:01.206 [DEBUG] [serial] RX 104 bytes: aa01f800000000000000aa01f800000000000000aa01f800000000000000aa01f800000000000000aa01f800000000000000aa01f800000000000000aa01f800000000000000aa01f800000000000000aa01f800000000000000aa01f800000000000000aa01f800
02:31:01.313 [DEBUG] [serial] RX 103 bytes: 000000000000aa01f800000000000000aa01f800000000000000aa01f800000000000000aa01f800000000000000aa01f800000000000000aa01f800000000000000aa01f800000000000000aa01f800000000000000aa01f800000000000000aa01f800000000
02:31:01.420 [DEBUG] [serial] RX 102 bytes: 000000aa01f800000000000000aa01f800000000000000aa01f800000000000000aa01f800000000000000aa01f800000000000000aa01f800000000000000aa01f800000000000000aa01f800000000000000aa01f800000000000000aa01f8000000000000
02:31:01.529 [DEBUG] [serial] RX 103 bytes: 00aa01f800000000000000aa01f800000000000000aa01f800000000000000aa01f800000000000000aa01f800000000000000aa01f800000000000000aa01f800000000000000aa01f800000000000000aa01f800000000000000aa01f800000000000000aa01
02:31:01.639 [DEBUG] [serial] RX 105 bytes: f800000000000000aa01f800000000000000aa01f800000000000000aa01f800000000000000aa01f800000000000000aa01f800000000000000aa01f800000000000000aa01f800000000000000aa01f800000000000000aa01f800000000000000aa01f800000000
02:31:01.748 [DEBUG] [serial] RX 104 bytes: 000000aa01f800000000000000aa01f800000000000000aa01f800000000000000aa01f800000000000000aa01f800000000000000aa01f800000000000000aa01f800000000000000aa01f800000000000000aa01f800000000000000aa01f800000000000000aa
02:31:01.857 [DEBUG] [serial] RX 103 bytes: 01f800000000000000aa01f800000000000000aa01f800000000000000aa01f800000000000000aa01f800000000000000aa01f800000000000000aa01f800000000000000aa01f800000000000000aa01f800000000000000aa01f800000000000000aa01f800
02:31:01.965 [DEBUG] [serial] RX 103 bytes: 000000000000aa01f800000000000000aa01f800000000000000aa01f800000000000000aa01f800000000000000aa01f800000000000000aa01f800000000000000aa01f800000000000000aa01f800000000000000aa01f800000000000000aa01f800000000
02:31:02.076 [DEBUG] [serial] RX 105 bytes: 000000aa01f800000000000000aa01f800000000000000aa01f800000000000000aa01f800000000000000aa01f800000000000000aa01f800000000000000aa01f800000000000000aa01f800000000000000aa01f800000000000000aa01f800000000000000aa01
02:31:02.184 [DEBUG] [serial] RX 104 bytes: f800000000000000aa01f800000000000000aa01f800000000000000aa01f800000000000000aa01f800000000000000aa01f800000000000000aa01f800000000000000aa01f800000000000000aa01f800000000000000aa01f800000000000000aa01f8000000
02:31:02.293 [DEBUG] [serial] RX 103 bytes: 00000000aa01f800000000000000aa01f800000000000000aa01f800000000000000aa01f800000000000000aa01f800000000000000aa01f800000000000000aa01f800000000000000aa01f800000000000000aa01f800000000000000aa01f8000000000000
02:31:02.402 [DEBUG] [serial] RX 103 bytes: 00aa01f800000000000000aa01f800000000000000aa01f800000000000000aa01f800000000000000aa01f800000000000000aa01f800000000000000aa01f800000000000000aa01f800000000000000aa01f800000000000000aa01f800000000000000aa01
02:31:02.402 [INFO] [serial] Stats: 21228 pkts, 212288 bytes rx
02:31:02.510 [DEBUG] [serial] RX 103 bytes: f800000000000000aa01f800000000000000aa01f800000000000000aa01f800000000000000aa01f800000000000000aa01f800000000000000aa01f800000000000000aa01f800000000000000aa01f800000000000000aa01f800000000000000aa01f80000
02:31:02.619 [DEBUG] [serial] RX 104 bytes: 0000000000aa01f800000000000000aa01f800000000000000aa01f800000000000000aa01f800000000000000aa01f800000000000000aa01f800000000000000aa01f800000000000000aa01f800000000000000aa01f800000000000000aa01f8000000000000
02:31:02.729 [DEBUG] [serial] RX 105 bytes: 00aa01f800000000000000aa01f800000000000000aa01f800000000000000aa01f800000000000000aa01f800000000000000aa01f800000000000000aa01f800000000000000aa01f800000000000000aa01f800000000000000aa01f800000000000000aa01f800
02:31:02.836 [DEBUG] [serial] RX 102 bytes: 000000000000aa01f800000000000000aa01f800000000000000aa01f800000000000000aa01f800000000000000aa01f800000000000000aa01f800000000000000aa01f800000000000000aa01f800000000000000aa01f800000000000000aa01f8000000
02:31:02.945 [DEBUG] [serial] RX 103 bytes: 00000000aa01f800000000000000aa01f800000000000000aa01f800000000000000aa01f800000000000000aa01f800000000000000aa01f800000000000000aa01f800000000000000aa01f800000000000000aa01f800000000000000aa01f8000000000000
02:31:03.055 [DEBUG] [serial] RX 105 bytes: 00aa01f800000000000000aa01f800000000000000aa01f800000000000000aa01f800000000000000aa01f800000000000000aa01f800000000000000aa01f800000000000000aa01f800000000000000aa01f800000000000000aa01f800000000000000aa01f800
02:31:03.164 [DEBUG] [serial] RX 104 bytes: 000000000000aa01f800000000000000aa01f800000000000000aa01f800000000000000aa01f800000000000000aa01f800000000000000aa01f800000000000000aa01f800000000000000aa01f800000000000000aa01f800000000000000aa01f80000000000
02:31:03.273 [DEBUG] [serial] RX 103 bytes: 0000aa01f800000000000000aa01f800000000000000aa01f800000000000000aa01f800000000000000aa01f800000000000000aa01f800000000000000aa01f800000000000000aa01f800000000000000aa01f800000000000000aa01f800000000000000aa
02:31:03.382 [DEBUG] [serial] RX 105 bytes: 01f800000000000000aa01f800000000000000aa01f800000000000000aa01f800000000000000aa01f800000000000000aa01f800000000000000aa01f800000000000000aa01f800000000000000aa01f800000000000000aa01f800000000000000aa01f8000000
02:31:03.492 [DEBUG] [serial] RX 104 bytes: 00000000aa01f800000000000000aa01f800000000000000aa01f800000000000000aa01f800000000000000aa01f800000000000000aa01f800000000000000aa01f800000000000000aa01f800000000000000aa01f800000000000000aa01f800000000000000
02:31:03.601 [DEBUG] [serial] RX 104 bytes: aa01f800000000000000aa01f800000000000000aa01f800000000000000aa01f800000000000000aa01f800000000000000aa01f800000000000000aa01f800000000000000aa01f800000000000000aa01f800000000000000aa01f800000000000000aa01f800
02:31:03.710 [DEBUG] [serial] RX 103 bytes: 000000000000aa01f800000000000000aa01f800000000000000aa01f800000000000000aa01f800000000000000aa01f800000000000000aa01f800000000000000aa01f800000000000000aa01f800000000000000aa01f800000000000000aa01f800000000
02:31:03.819 [DEBUG] [serial] RX 104 bytes: 000000aa01f800000000000000aa01f800000000000000aa01f800000000000000aa01f800000000000000aa01f800000000000000aa01f800000000000000aa01f800000000000000aa01f800000000000000aa01f800000000000000aa01f800000000000000aa
02:31:03.929 [DEBUG] [serial] RX 105 bytes: 01f800000000000000aa01f800000000000000aa01f800000000000000aa01f800000000000000aa01f800000000000000aa01f800000000000000aa01f800000000000000aa01f800000000000000aa01f800000000000000aa01f800000000000000aa01f8000000
02:31:04.038 [DEBUG] [serial] RX 104 bytes: 00000000aa01f800000000000000aa01f800000000000000aa01f800000000000000aa01f800000000000000aa01f800000000000000aa01f800000000000000aa01f800000000000000aa01f800000000000000aa01f800000000000000aa01f800000000000000
02:31:04.149 [DEBUG] [serial] RX 105 bytes: aa01f800000000000000aa01f800000000000000aa01f800000000000000aa01f800000000000000aa01f800000000000000aa01f800000000000000aa01f800000000000000aa01f800000000000000aa01f800000000000000aa01f800000000000000aa01f80000
02:31:04.259 [DEBUG] [serial] RX 105 bytes: 0000000000aa01f800000000000000aa01f800000000000000aa01f800000000000000aa01f800000000000000aa01f800000000000000aa01f800000000000000aa01f800000000000000aa01f800000000000000aa01f800000000000000aa01f800000000000000
02:31:04.368 [DEBUG] [serial] RX 104 bytes: aa01f800000000000000aa01f800000000000000aa01f800000000000000aa01f800000000000000aa01f800000000000000aa01f800000000000000aa01f800000000000000aa01f800000000000000aa01f800000000000000aa01f800000000000000aa01f800
02:31:04.475 [DEBUG] [serial] RX 101 bytes: 000000000000aa01f800000000000000aa01f800000000000000aa01f800000000000000aa01f800000000000000aa01f800000000000000aa01f800000000000000aa01f800000000000000aa01f800000000000000aa01f800000000000000aa01f80000
02:31:04.583 [DEBUG] [serial] RX 104 bytes: 0000000000aa01f800000000000000aa01f800000000000000aa01f800000000000000aa01f800000000000000aa01f800000000000000aa01f800000000000000aa01f800000000000000aa01f800000000000000aa01f800000000000000aa01f8000000000000
02:31:04.692 [DEBUG] [serial] RX 104 bytes: 00aa01f800000000000000aa01f800000000000000aa01f800000000000000aa01f800000000000000aa01f800000000000000aa01f800000000000000aa01f800000000000000aa01f800000000000000aa01f800000000000000aa01f800000000000000aa01f8
02:31:04.801 [DEBUG] [serial] RX 103 bytes: 00000000000000aa01f800000000000000aa01f800000000000000aa01f800000000000000aa01f800000000000000aa01f800000000000000aa01f800000000000000aa01f800000000000000aa01f800000000000000aa01f800000000000000aa01f8000000
02:31:04.911 [DEBUG] [serial] RX 105 bytes: 00000000aa01f800000000000000aa01f800000000000000aa01f800000000000000aa01f800000000000000aa01f800000000000000aa01f800000000000000aa01f800000000000000aa01f800000000000000aa01f800000000000000aa01f800000000000000aa
02:31:05.020 [DEBUG] [serial] RX 103 bytes: 01f800000000000000aa01f800000000000000aa01f800000000000000aa01f800000000000000aa01f800000000000000aa01f800000000000000aa01f800000000000000aa01f800000000000000aa01f800000000000000aa01f800000000000000aa01f800
02:31:05.128 [DEBUG] [serial] RX 103 bytes: 000000000000aa01f800000000000000aa01f800000000000000aa01f800000000000000aa01f800000000000000aa01f800000000000000aa01f800000000000000aa01f800000000000000aa01f800000000000000aa01f800000000000000aa01f800000000
02:31:05.237 [DEBUG] [serial] RX 104 bytes: 000000aa01f800000000000000aa01f800000000000000aa01f800000000000000aa01f800000000000000aa01f800000000000000aa01f800000000000000aa01f800000000000000aa01f800000000000000aa01f800000000000000aa01f800000000000000aa
02:31:05.346 [DEBUG] [serial] RX 103 bytes: 01f800000000000000aa01f800000000000000aa01f800000000000000aa01f800000000000000aa01f800000000000000aa01f800000000000000aa01f800000000000000aa01f800000000000000aa01f800000000000000aa01f800000000000000aa01f800
02:31:05.346 [DEBUG] [serial] PKT #21500: flags=0x01 in=-2048 ds=0 flt=0
02:31:05.455 [DEBUG] [serial] RX 104 bytes: 000000000000aa01f800000000000000aa01f800000000000000aa01f800000000000000aa01f800000000000000aa01f800000000000000aa01f800000000000000aa01f800000000000000aa01f800000000000000aa01f800000000000000aa01f80000000000
02:31:05.564 [DEBUG] [serial] RX 103 bytes: 0000aa01f800000000000000aa01f800000000000000aa01f800000000000000aa01f800000000000000aa01f800000000000000aa01f800000000000000aa01f800000000000000aa01f800000000000000aa01f800000000000000aa01f800000000000000aa
02:31:05.672 [DEBUG] [serial] RX 104 bytes: 01f800000000000000aa01f800000000000000aa01f800000000000000aa01f800000000000000aa01f800000000000000aa01f800000000000000aa01f800000000000000aa01f800000000000000aa01f800000000000000aa01f800000000000000aa01f80000
02:31:05.782 [DEBUG] [serial] RX 105 bytes: 0000000000aa01f800000000000000aa01f800000000000000aa01f800000000000000aa01f800000000000000aa01f800000000000000aa01f800000000000000aa01f800000000000000aa01f800000000000000aa01f800000000000000aa01f800000000000000
02:31:05.890 [DEBUG] [serial] RX 102 bytes: aa01f800000000000000aa01f800000000000000aa01f800000000000000aa01f800000000000000aa01f800000000000000aa01f800000000000000aa01f800000000000000aa01f800000000000000aa01f800000000000000aa01f800000000000000aa01
02:31:05.999 [DEBUG] [serial] RX 104 bytes: f800000000000000aa01f800000000000000aa01f800000000000000aa01f800000000000000aa01f800000000000000aa01f800000000000000aa01f800000000000000aa01f800000000000000aa01f800000000000000aa01f800000000000000aa01f8000000
02:31:06.108 [DEBUG] [serial] RX 103 bytes: 00000000aa01f800000000000000aa01f800000000000000aa01f800000000000000aa01f800000000000000aa01f800000000000000aa01f800000000000000aa01f800000000000000aa01f800000000000000aa01f800000000000000aa01f8000000000000
02:31:06.218 [DEBUG] [serial] RX 105 bytes: 00aa01f800000000000000aa01f800000000000000aa01f800000000000000aa01f800000000000000aa01f800000000000000aa01f800000000000000aa01f800000000000000aa01f800000000000000aa01f800000000000000aa01f800000000000000aa01f800
02:31:06.328 [DEBUG] [serial] RX 105 bytes: 000000000000aa01f800000000000000aa01f800000000000000aa01f800000000000000aa01f800000000000000aa01f800000000000000aa01f800000000000000aa01f800000000000000aa01f800000000000000aa01f800000000000000aa01f8000000000000
02:31:06.437 [DEBUG] [serial] RX 104 bytes: 00aa01f800000000000000aa01f800000000000000aa01f800000000000000aa01f800000000000000aa01f800000000000000aa01f800000000000000aa01f800000000000000aa01f800000000000000aa01f800000000000000aa01f800000000000000aa01f8
02:31:06.547 [DEBUG] [serial] RX 104 bytes: 00000000000000aa01f800000000000000aa01f800000000000000aa01f800000000000000aa01f800000000000000aa01f800000000000000aa01f800000000000000aa01f800000000000000aa01f800000000000000aa01f800000000000000aa01f800000000
02:31:06.657 [DEBUG] [serial] RX 105 bytes: 000000aa01f800000000000000aa01f800000000000000aa01f800000000000000aa01f800000000000000aa01f800000000000000aa01f800000000000000aa01f800000000000000aa01f800000000000000aa01f800000000000000aa01f800000000000000aa01
02:31:06.766 [DEBUG] [serial] RX 103 bytes: f800000000000000aa01f800000000000000aa01f800000000000000aa01f800000000000000aa01f800000000000000aa01f800000000000000aa01f800000000000000aa01f800000000000000aa01f800000000000000aa01f800000000000000aa01f80000
02:31:06.874 [DEBUG] [serial] RX 104 bytes: 0000000000aa01f800000000000000aa01f800000000000000aa01f800000000000000aa01f800000000000000aa01f800000000000000aa01f800000000000000aa01f800000000000000aa01f800000000000000aa01f800000000000000aa01f8000000000000
02:31:06.985 [DEBUG] [serial] RX 105 bytes: 00aa01f800000000000000aa01f800000000000000aa01f800000000000000aa01f800000000000000aa01f800000000000000aa01f800000000000000aa01f800000000000000aa01f800000000000000aa01f800000000000000aa01f800000000000000aa01f800
02:31:07.093 [DEBUG] [serial] RX 103 bytes: 000000000000aa01f800000000000000aa01f800000000000000aa01f800000000000000aa01f800000000000000aa01f800000000000000aa01f800000000000000aa01f800000000000000aa01f800000000000000aa01f800000000000000aa01f800000000
02:31:07.203 [DEBUG] [serial] RX 104 bytes: 000000aa01f800000000000000aa01f800000000000000aa01f800000000000000aa01f800000000000000aa01f800000000000000aa01f800000000000000aa01f800000000000000aa01f800000000000000aa01f800000000000000aa01f800000000000000aa
02:31:07.311 [DEBUG] [serial] RX 104 bytes: 01f800000000000000aa01f800000000000000aa01f800000000000000aa01f800000000000000aa01f800000000000000aa01f800000000000000aa01f800000000000000aa01f800000000000000aa01f800000000000000aa01f800000000000000aa01f80000
02:31:07.420 [DEBUG] [serial] RX 103 bytes: 0000000000aa01f800000000000000aa01f800000000000000aa01f800000000000000aa01f800000000000000aa01f800000000000000aa01f800000000000000aa01f800000000000000aa01f800000000000000aa01f800000000000000aa01f80000000000
02:31:07.422 [INFO] [serial] Stats: 21705 pkts, 217064 bytes rx
02:31:07.529 [DEBUG] [serial] RX 104 bytes: 0000aa01f800000000000000aa01f800000000000000aa01f800000000000000aa01f800000000000000aa01f800000000000000aa01f800000000000000aa01f800000000000000aa01f800000000000000aa01f800000000000000aa01f800000000000000aa01
02:31:07.638 [DEBUG] [serial] RX 103 bytes: f800000000000000aa01f800000000000000aa01f800000000000000aa01f800000000000000aa01f800000000000000aa01f800000000000000aa01f800000000000000aa01f800000000000000aa01f800000000000000aa01f800000000000000aa01f80000
02:31:07.747 [DEBUG] [serial] RX 104 bytes: 0000000000aa01f800000000000000aa01f800000000000000aa01f800000000000000aa01f800000000000000aa01f800000000000000aa01f800000000000000aa01f800000000000000aa01f800000000000000aa01f800000000000000aa01f8000000000000
02:31:07.856 [DEBUG] [serial] RX 104 bytes: 00aa01f800000000000000aa01f800000000000000aa01f800000000000000aa01f800000000000000aa01f800000000000000aa01f800000000000000aa01f800000000000000aa01f800000000000000aa01f800000000000000aa01f800000000000000aa01f8
02:31:07.965 [DEBUG] [serial] RX 103 bytes: 00000000000000aa01f800000000000000aa01f800000000000000aa01f800000000000000aa01f800000000000000aa01f800000000000000aa01f800000000000000aa01f800000000000000aa01f800000000000000aa01f800000000000000aa01f8000000
02:31:08.074 [DEBUG] [serial] RX 104 bytes: 00000000aa01f800000000000000aa01f800000000000000aa01f800000000000000aa01f800000000000000aa01f800000000000000aa01f800000000000000aa01f800000000000000aa01f800000000000000aa01f800000000000000aa01f800000000000000
02:31:08.183 [DEBUG] [serial] RX 104 bytes: aa01f800000000000000aa01f800000000000000aa01f800000000000000aa01f800000000000000aa01f800000000000000aa01f800000000000000aa01f800000000000000aa01f800000000000000aa01f800000000000000aa01f800000000000000aa01f800
02:31:08.291 [DEBUG] [serial] RX 103 bytes: 000000000000aa01f800000000000000aa01f800000000000000aa01f800000000000000aa01f800000000000000aa01f800000000000000aa01f800000000000000aa01f800000000000000aa01f800000000000000aa01f800000000000000aa01f800000000
02:31:08.401 [DEBUG] [serial] RX 105 bytes: 000000aa01f800000000000000aa01f800000000000000aa01f800000000000000aa01f800000000000000aa01f800000000000000aa01f800000000000000aa01f800000000000000aa01f800000000000000aa01f800000000000000aa01f800000000000000aa01
02:31:08.510 [DEBUG] [serial] RX 103 bytes: f800000000000000aa01f800000000000000aa01f800000000000000aa01f800000000000000aa01f800000000000000aa01f800000000000000aa01f800000000000000aa01f800000000000000aa01f800000000000000aa01f800000000000000aa01f80000
02:31:08.619 [DEBUG] [serial] RX 104 bytes: 0000000000aa01f800000000000000aa01f800000000000000aa01f800000000000000aa01f800000000000000aa01f800000000000000aa01f800000000000000aa01f800000000000000aa01f800000000000000aa01f800000000000000aa01f8000000000000
02:31:08.728 [DEBUG] [serial] RX 104 bytes: 00aa01f800000000000000aa01f800000000000000aa01f800000000000000aa01f800000000000000aa01f800000000000000aa01f800000000000000aa01f800000000000000aa01f800000000000000aa01f800000000000000aa01f800000000000000aa01f8
02:31:08.839 [DEBUG] [serial] RX 105 bytes: 00000000000000aa01f800000000000000aa01f800000000000000aa01f800000000000000aa01f800000000000000aa01f800000000000000aa01f800000000000000aa01f800000000000000aa01f800000000000000aa01f800000000000000aa01f80000000000
02:31:08.948 [DEBUG] [serial] RX 104 bytes: 0000aa01f800000000000000aa01f800000000000000aa01f800000000000000aa01f800000000000000aa01f800000000000000aa01f800000000000000aa01f800000000000000aa01f800000000000000aa01f800000000000000aa01f800000000000000aa01
02:31:09.056 [DEBUG] [serial] RX 102 bytes: f800000000000000aa01f800000000000000aa01f800000000000000aa01f800000000000000aa01f800000000000000aa01f800000000000000aa01f800000000000000aa01f800000000000000aa01f800000000000000aa01f800000000000000aa01f800
02:31:09.162 [DEBUG] [serial] RX 102 bytes: 000000000000aa01f800000000000000aa01f800000000000000aa01f800000000000000aa01f800000000000000aa01f800000000000000aa01f800000000000000aa01f800000000000000aa01f800000000000000aa01f800000000000000aa01f8000000
02:31:09.272 [DEBUG] [serial] RX 104 bytes: 00000000aa01f800000000000000aa01f800000000000000aa01f800000000000000aa01f800000000000000aa01f800000000000000aa01f800000000000000aa01f800000000000000aa01f800000000000000aa01f800000000000000aa01f800000000000000
02:31:09.381 [DEBUG] [serial] RX 104 bytes: aa01f800000000000000aa01f800000000000000aa01f800000000000000aa01f800000000000000aa01f800000000000000aa01f800000000000000aa01f800000000000000aa01f800000000000000aa01f800000000000000aa01f800000000000000aa01f800
02:31:09.492 [DEBUG] [serial] RX 105 bytes: 000000000000aa01f800000000000000aa01f800000000000000aa01f800000000000000aa01f800000000000000aa01f800000000000000aa01f800000000000000aa01f800000000000000aa01f800000000000000aa01f800000000000000aa01f8000000000000
02:31:09.602 [DEBUG] [serial] RX 105 bytes: 00aa01f800000000000000aa01f800000000000000aa01f800000000000000aa01f800000000000000aa01f800000000000000aa01f800000000000000aa01f800000000000000aa01f800000000000000aa01f800000000000000aa01f800000000000000aa01f800
02:31:09.710 [DEBUG] [serial] RX 103 bytes: 000000000000aa01f800000000000000aa01f800000000000000aa01f800000000000000aa01f800000000000000aa01f800000000000000aa01f800000000000000aa01f800000000000000aa01f800000000000000aa01f800000000000000aa01f800000000
02:31:09.819 [DEBUG] [serial] RX 104 bytes: 000000aa01f800000000000000aa01f800000000000000aa01f800000000000000aa01f800000000000000aa01f800000000000000aa01f800000000000000aa01f800000000000000aa01f800000000000000aa01f800000000000000aa01f800000000000000aa
02:31:09.928 [DEBUG] [serial] RX 104 bytes: 01f800000000000000aa01f800000000000000aa01f800000000000000aa01f800000000000000aa01f800000000000000aa01f800000000000000aa01f800000000000000aa01f800000000000000aa01f800000000000000aa01f800000000000000aa01f80000
02:31:10.037 [DEBUG] [serial] RX 104 bytes: 0000000000aa01f800000000000000aa01f800000000000000aa01f800000000000000aa01f800000000000000aa01f800000000000000aa01f800000000000000aa01f800000000000000aa01f800000000000000aa01f800000000000000aa01f8000000000000
02:31:10.146 [DEBUG] [serial] RX 102 bytes: 00aa01f800000000000000aa01f800000000000000aa01f800000000000000aa01f800000000000000aa01f800000000000000aa01f800000000000000aa01f800000000000000aa01f800000000000000aa01f800000000000000aa01f800000000000000aa
02:31:10.256 [DEBUG] [serial] RX 106 bytes: 01f800000000000000aa01f800000000000000aa01f800000000000000aa01f800000000000000aa01f800000000000000aa01f800000000000000aa01f800000000000000aa01f800000000000000aa01f800000000000000aa01f800000000000000aa01f800000000
02:31:10.368 [DEBUG] [serial] RX 107 bytes: 000000aa01f800000000000000aa01f800000000000000aa01f800000000000000aa01f800000000000000aa01f800000000000000aa01f800000000000000aa01f800000000000000aa01f800000000000000aa01f800000000000000aa01f800000000000000aa01f800
02:31:10.477 [DEBUG] [serial] RX 103 bytes: 000000000000aa01f800000000000000aa01f800000000000000aa01f800000000000000aa01f800000000000000aa01f800000000000000aa01f800000000000000aa01f800000000000000aa01f800000000000000aa01f800000000000000aa01f800000000
02:31:10.587 [DEBUG] [serial] RX 105 bytes: 000000aa01f800000000000000aa01f800000000000000aa01f800000000000000aa01f800000000000000aa01f800000000000000aa01f800000000000000aa01f800000000000000aa01f800000000000000aa01f800000000000000aa01f800000000000000aa01
02:31:10.588 [DEBUG] [serial] PKT #22000: flags=0x01 in=-2048 ds=0 flt=0
02:31:10.695 [DEBUG] [serial] RX 102 bytes: f800000000000000aa01f800000000000000aa01f800000000000000aa01f800000000000000aa01f800000000000000aa01f800000000000000aa01f800000000000000aa01f800000000000000aa01f800000000000000aa01f800000000000000aa01f800
02:31:10.803 [DEBUG] [serial] RX 104 bytes: 000000000000aa01f800000000000000aa01f800000000000000aa01f800000000000000aa01f800000000000000aa01f800000000000000aa01f800000000000000aa01f800000000000000aa01f800000000000000aa01f800000000000000aa01f80000000000
02:31:10.912 [DEBUG] [serial] RX 103 bytes: 0000aa01f800000000000000aa01f800000000000000aa01f800000000000000aa01f800000000000000aa01f800000000000000aa01f800000000000000aa01f800000000000000aa01f800000000000000aa01f800000000000000aa01f800000000000000aa
02:31:11.021 [DEBUG] [serial] RX 104 bytes: 01f800000000000000aa01f800000000000000aa01f800000000000000aa01f800000000000000aa01f800000000000000aa01f800000000000000aa01f800000000000000aa01f800000000000000aa01f800000000000000aa01f800000000000000aa01f80000
02:31:11.130 [DEBUG] [serial] RX 103 bytes: 0000000000aa01f800000000000000aa01f800000000000000aa01f800000000000000aa01f800000000000000aa01f800000000000000aa01f800000000000000aa01f800000000000000aa01f800000000000000aa01f800000000000000aa01f80000000000
02:31:11.239 [DEBUG] [serial] RX 104 bytes: 0000aa01f800000000000000aa01f800000000000000aa01f800000000000000aa01f800000000000000aa01f800000000000000aa01f800000000000000aa01f800000000000000aa01f800000000000000aa01f800000000000000aa01f800000000000000aa01
02:31:11.348 [DEBUG] [serial] RX 104 bytes: f800000000000000aa01f800000000000000aa01f800000000000000aa01f800000000000000aa01f800000000000000aa01f800000000000000aa01f800000000000000aa01f800000000000000aa01f800000000000000aa01f800000000000000aa01f8000000
02:31:11.457 [DEBUG] [serial] RX 104 bytes: 00000000aa01f800000000000000aa01f800000000000000aa01f800000000000000aa01f800000000000000aa01f800000000000000aa01f800000000000000aa01f800000000000000aa01f800000000000000aa01f800000000000000aa01f800000000000000
02:31:11.566 [DEBUG] [serial] RX 104 bytes: aa01f800000000000000aa01f800000000000000aa01f800000000000000aa01f800000000000000aa01f800000000000000aa01f800000000000000aa01f800000000000000aa01f800000000000000aa01f800000000000000aa01f800000000000000aa01f800
02:31:11.676 [DEBUG] [serial] RX 104 bytes: 000000000000aa01f800000000000000aa01f800000000000000aa01f800000000000000aa01f800000000000000aa01f800000000000000aa01f800000000000000aa01f800000000000000aa01f800000000000000aa01f800000000000000aa01f80000000000
02:31:11.785 [DEBUG] [serial] RX 103 bytes: 0000aa01f800000000000000aa01f800000000000000aa01f800000000000000aa01f800000000000000aa01f800000000000000aa01f800000000000000aa01f800000000000000aa01f800000000000000aa01f800000000000000aa01f800000000000000aa
02:31:11.893 [DEBUG] [serial] RX 104 bytes: 01f800000000000000aa01f800000000000000aa01f800000000000000aa01f800000000000000aa01f800000000000000aa01f800000000000000aa01f800000000000000aa01f800000000000000aa01f800000000000000aa01f800000000000000aa01f80000
02:31:12.004 [DEBUG] [serial] RX 105 bytes: 0000000000aa01f800000000000000aa01f800000000000000aa01f800000000000000aa01f800000000000000aa01f800000000000000aa01f800000000000000aa01f800000000000000aa01f800000000000000aa01f800000000000000aa01f800000000000000
02:31:12.114 [DEBUG] [serial] RX 104 bytes: aa01f800000000000000aa01f800000000000000aa01f800000000000000aa01f800000000000000aa01f800000000000000aa01f800000000000000aa01f800000000000000aa01f800000000000000aa01f800000000000000aa01f800000000000000aa01f800
02:31:12.222 [DEBUG] [serial] RX 104 bytes: 000000000000aa01f800000000000000aa01f800000000000000aa01f800000000000000aa01f800000000000000aa01f800000000000000aa01f800000000000000aa01f800000000000000aa01f800000000000000aa01f800000000000000aa01f80000000000
02:31:12.331 [DEBUG] [serial] RX 104 bytes: 0000aa01f800000000000000aa01f800000000000000aa01f800000000000000aa01f800000000000000aa01f800000000000000aa01f800000000000000aa01f800000000000000aa01f800000000000000aa01f800000000000000aa01f800000000000000aa01
02:31:12.441 [DEBUG] [serial] RX 104 bytes: f800000000000000aa01f800000000000000aa01f800000000000000aa01f800000000000000aa01f800000000000000aa01f800000000000000aa01f800000000000000aa01f800000000000000aa01f800000000000000aa01f800000000000000aa01f8000000
02:31:12.441 [INFO] [serial] Stats: 22183 pkts, 221842 bytes rx
02:31:12.549 [DEBUG] [serial] RX 103 bytes: 00000000aa01f800000000000000aa01f800000000000000aa01f800000000000000aa01f800000000000000aa01f800000000000000aa01f800000000000000aa01f800000000000000aa01f800000000000000aa01f800000000000000aa01f8000000000000
02:31:12.657 [DEBUG] [serial] RX 103 bytes: 00aa01f800000000000000aa01f800000000000000aa01f800000000000000aa01f800000000000000aa01f800000000000000aa01f800000000000000aa01f800000000000000aa01f800000000000000aa01f800000000000000aa01f800000000000000aa01
02:31:12.766 [DEBUG] [serial] RX 103 bytes: f800000000000000aa01f800000000000000aa01f800000000000000aa01f800000000000000aa01f800000000000000aa01f800000000000000aa01f800000000000000aa01f800000000000000aa01f800000000000000aa01f800000000000000aa01f80000
02:31:12.874 [DEBUG] [serial] RX 103 bytes: 0000000000aa01f800000000000000aa01f800000000000000aa01f800000000000000aa01f800000000000000aa01f800000000000000aa01f800000000000000aa01f800000000000000aa01f800000000000000aa01f800000000000000aa01f80000000000
02:31:12.984 [DEBUG] [serial] RX 104 bytes: 0000aa01f800000000000000aa01f800000000000000aa01f800000000000000aa01f800000000000000aa01f800000000000000aa01f800000000000000aa01f800000000000000aa01f800000000000000aa01f800000000000000aa01f800000000000000aa01
02:31:13.092 [DEBUG] [serial] RX 103 bytes: f800000000000000aa01f800000000000000aa01f800000000000000aa01f800000000000000aa01f800000000000000aa01f800000000000000aa01f800000000000000aa01f800000000000000aa01f800000000000000aa01f800000000000000aa01f80000
02:31:13.202 [DEBUG] [serial] RX 105 bytes: 0000000000aa01f800000000000000aa01f800000000000000aa01f800000000000000aa01f800000000000000aa01f800000000000000aa01f800000000000000aa01f800000000000000aa01f800000000000000aa01f800000000000000aa01f800000000000000
02:31:13.312 [DEBUG] [serial] RX 105 bytes: aa01f800000000000000aa01f800000000000000aa01f800000000000000aa01f800000000000000aa01f800000000000000aa01f800000000000000aa01f800000000000000aa01f800000000000000aa01f800000000000000aa01f800000000000000aa01f80000
02:31:13.421 [DEBUG] [serial] RX 103 bytes: 0000000000aa01f800000000000000aa01f800000000000000aa01f800000000000000aa01f800000000000000aa01f800000000000000aa01f800000000000000aa01f800000000000000aa01f800000000000000aa01f800000000000000aa01f80000000000
02:31:13.530 [DEBUG] [serial] RX 105 bytes: 0000aa01f800000000000000aa01f800000000000000aa01f800000000000000aa01f800000000000000aa01f800000000000000aa01f800000000000000aa01f800000000000000aa01f800000000000000aa01f800000000000000aa01f800000000000000aa01f8
02:31:13.640 [DEBUG] [serial] RX 104 bytes: 00000000000000aa01f800000000000000aa01f800000000000000aa01f800000000000000aa01f800000000000000aa01f800000000000000aa01f800000000000000aa01f800000000000000aa01f800000000000000aa01f800000000000000aa01f800000000
02:31:13.749 [DEBUG] [serial] RX 104 bytes: 000000aa01f800000000000000aa01f800000000000000aa01f800000000000000aa01f800000000000000aa01f800000000000000aa01f800000000000000aa01f800000000000000aa01f800000000000000aa01f800000000000000aa01f800000000000000aa
02:31:13.858 [DEBUG] [serial] RX 104 bytes: 01f800000000000000aa01f800000000000000aa01f800000000000000aa01f800000000000000aa01f800000000000000aa01f800000000000000aa01f800000000000000aa01f800000000000000aa01f800000000000000aa01f800000000000000aa01f80000
02:31:13.966 [DEBUG] [serial] RX 102 bytes: 0000000000aa01f800000000000000aa01f800000000000000aa01f800000000000000aa01f800000000000000aa01f800000000000000aa01f800000000000000aa01f800000000000000aa01f800000000000000aa01f800000000000000aa01f800000000
02:31:14.073 [DEBUG] [serial] RX 102 bytes: 000000aa01f800000000000000aa01f800000000000000aa01f800000000000000aa01f800000000000000aa01f800000000000000aa01f800000000000000aa01f800000000000000aa01f800000000000000aa01f800000000000000aa01f8000000000000
02:31:14.183 [DEBUG] [serial] RX 105 bytes: 00aa01f800000000000000aa01f800000000000000aa01f800000000000000aa01f800000000000000aa01f800000000000000aa01f800000000000000aa01f800000000000000aa01f800000000000000aa01f800000000000000aa01f800000000000000aa01f800
02:31:14.292 [DEBUG] [serial] RX 104 bytes: 000000000000aa01f800000000000000aa01f800000000000000aa01f800000000000000aa01f800000000000000aa01f800000000000000aa01f800000000000000aa01f800000000000000aa01f800000000000000aa01f800000000000000aa01f80000000000
02:31:14.401 [DEBUG] [serial] RX 103 bytes: 0000aa01f800000000000000aa01f800000000000000aa01f800000000000000aa01f800000000000000aa01f800000000000000aa01f800000000000000aa01f800000000000000aa01f800000000000000aa01f800000000000000aa01f800000000000000aa
02:31:14.509 [DEBUG] [serial] RX 103 bytes: 01f800000000000000aa01f800000000000000aa01f800000000000000aa01f800000000000000aa01f800000000000000aa01f800000000000000aa01f800000000000000aa01f800000000000000aa01f800000000000000aa01f800000000000000aa01f800
02:31:14.618 [DEBUG] [serial] RX 103 bytes: 000000000000aa01f800000000000000aa01f800000000000000aa01f800000000000000aa01f800000000000000aa01f800000000000000aa01f800000000000000aa01f800000000000000aa01f800000000000000aa01f800000000000000aa01f800000000
02:31:14.727 [DEBUG] [serial] RX 104 bytes: 000000aa01f800000000000000aa01f800000000000000aa01f800000000000000aa01f800000000000000aa01f800000000000000aa01f800000000000000aa01f800000000000000aa01f800000000000000aa01f800000000000000aa01f800000000000000aa
02:31:14.836 [DEBUG] [serial] RX 104 bytes: 01f800000000000000aa01f800000000000000aa01f800000000000000aa01f800000000000000aa01f800000000000000aa01f800000000000000aa01f800000000000000aa01f800000000000000aa01f800000000000000aa01f800000000000000aa01f80000
02:31:14.945 [DEBUG] [serial] RX 104 bytes: 0000000000aa01f800000000000000aa01f800000000000000aa01f800000000000000aa01f800000000000000aa01f800000000000000aa01f800000000000000aa01f800000000000000aa01f800000000000000aa01f800000000000000aa01f8000000000000
02:31:15.055 [DEBUG] [serial] RX 104 bytes: 00aa01f800000000000000aa01f800000000000000aa01f800000000000000aa01f800000000000000aa01f800000000000000aa01f800000000000000aa01f800000000000000aa01f800000000000000aa01f800000000000000aa01f800000000000000aa01f8
02:31:15.163 [DEBUG] [serial] RX 103 bytes: 00000000000000aa01f800000000000000aa01f800000000000000aa01f800000000000000aa01f800000000000000aa01f800000000000000aa01f800000000000000aa01f800000000000000aa01f800000000000000aa01f800000000000000aa01f8000000
02:31:15.272 [DEBUG] [serial] RX 105 bytes: 00000000aa01f800000000000000aa01f800000000000000aa01f800000000000000aa01f800000000000000aa01f800000000000000aa01f800000000000000aa01f800000000000000aa01f800000000000000aa01f800000000000000aa01f800000000000000aa
02:31:15.380 [DEBUG] [serial] RX 102 bytes: 01f800000000000000aa01f800000000000000aa01f800000000000000aa01f800000000000000aa01f800000000000000aa01f800000000000000aa01f800000000000000aa01f800000000000000aa01f800000000000000aa01f800000000000000aa01f8
02:31:15.489 [DEBUG] [serial] RX 104 bytes: 00000000000000aa01f800000000000000aa01f800000000000000aa01f800000000000000aa01f800000000000000aa01f800000000000000aa01f800000000000000aa01f800000000000000aa01f800000000000000aa01f800000000000000aa01f800000000
02:31:15.597 [DEBUG] [serial] RX 103 bytes: 000000aa01f800000000000000aa01f800000000000000aa01f800000000000000aa01f800000000000000aa01f800000000000000aa01f800000000000000aa01f800000000000000aa01f800000000000000aa01f800000000000000aa01f800000000000000
02:31:15.705 [DEBUG] [serial] RX 102 bytes: aa01f800000000000000aa01f800000000000000aa01f800000000000000aa01f800000000000000aa01f800000000000000aa01f800000000000000aa01f800000000000000aa01f800000000000000aa01f800000000000000aa01f800000000000000aa01
02:31:15.815 [DEBUG] [serial] RX 105 bytes: f800000000000000aa01f800000000000000aa01f800000000000000aa01f800000000000000aa01f800000000000000aa01f800000000000000aa01f800000000000000aa01f800000000000000aa01f800000000000000aa01f800000000000000aa01f800000000
02:31:15.815 [DEBUG] [serial] PKT #22500: flags=0x01 in=-2048 ds=0 flt=0
02:31:15.922 [DEBUG] [serial] RX 102 bytes: 000000aa01f800000000000000aa01f800000000000000aa01f800000000000000aa01f800000000000000aa01f800000000000000aa01f800000000000000aa01f800000000000000aa01f800000000000000aa01f800000000000000aa01f8000000000000
02:31:16.030 [DEBUG] [serial] RX 102 bytes: 00aa01f800000000000000aa01f800000000000000aa01f800000000000000aa01f800000000000000aa01f800000000000000aa01f800000000000000aa01f800000000000000aa01f800000000000000aa01f800000000000000aa01f800000000000000aa
02:31:16.138 [DEBUG] [serial] RX 104 bytes: 01f800000000000000aa01f800000000000000aa01f800000000000000aa01f800000000000000aa01f800000000000000aa01f800000000000000aa01f800000000000000aa01f800000000000000aa01f800000000000000aa01f800000000000000aa01f80000
02:31:16.248 [DEBUG] [serial] RX 103 bytes: 0000000000aa01f800000000000000aa01f800000000000000aa01f800000000000000aa01f800000000000000aa01f800000000000000aa01f800000000000000aa01f800000000000000aa01f800000000000000aa01f800000000000000aa01f80000000000
02:31:16.357 [DEBUG] [serial] RX 105 bytes: 0000aa01f800000000000000aa01f800000000000000aa01f800000000000000aa01f800000000000000aa01f800000000000000aa01f800000000000000aa01f800000000000000aa01f800000000000000aa01f800000000000000aa01f800000000000000aa01f8
02:31:16.464 [DEBUG] [serial] RX 102 bytes: 00000000000000aa01f800000000000000aa01f800000000000000aa01f800000000000000aa01f800000000000000aa01f800000000000000aa01f800000000000000aa01f800000000000000aa01f800000000000000aa01f800000000000000aa01f80000
02:31:16.573 [DEBUG] [serial] RX 103 bytes: 0000000000aa01f800000000000000aa01f800000000000000aa01f800000000000000aa01f800000000000000aa01f800000000000000aa01f800000000000000aa01f800000000000000aa01f800000000000000aa01f800000000000000aa01f80000000000
02:31:16.683 [DEBUG] [serial] RX 105 bytes: 0000aa01f800000000000000aa01f800000000000000aa01f800000000000000aa01f800000000000000aa01f800000000000000aa01f800000000000000aa01f800000000000000aa01f800000000000000aa01f800000000000000aa01f800000000000000aa01f8
02:31:16.792 [DEBUG] [serial] RX 103 bytes: 00000000000000aa01f800000000000000aa01f800000000000000aa01f800000000000000aa01f800000000000000aa01f800000000000000aa01f800000000000000aa01f800000000000000aa01f800000000000000aa01f800000000000000aa01f8000000
02:31:16.902 [DEBUG] [serial] RX 105 bytes: 00000000aa01f800000000000000aa01f800000000000000aa01f800000000000000aa01f800000000000000aa01f800000000000000aa01f800000000000000aa01f800000000000000aa01f800000000000000aa01f800000000000000aa01f800000000000000aa
02:31:17.011 [DEBUG] [serial] RX 103 bytes: 01f800000000000000aa01f800000000000000aa01f800000000000000aa01f800000000000000aa01f800000000000000aa01f800000000000000aa01f800000000000000aa01f800000000000000aa01f800000000000000aa01f800000000000000aa01f800
02:31:17.121 [DEBUG] [serial] RX 105 bytes: 000000000000aa01f800000000000000aa01f800000000000000aa01f800000000000000aa01f800000000000000aa01f800000000000000aa01f800000000000000aa01f800000000000000aa01f800000000000000aa01f800000000000000aa01f8000000000000
02:31:17.229 [DEBUG] [serial] RX 104 bytes: 00aa01f800000000000000aa01f800000000000000aa01f800000000000000aa01f800000000000000aa01f800000000000000aa01f800000000000000aa01f800000000000000aa01f800000000000000aa01f800000000000000aa01f800000000000000aa01f8
02:31:17.340 [DEBUG] [serial] RX 105 bytes: 00000000000000aa01f800000000000000aa01f800000000000000aa01f800000000000000aa01f800000000000000aa01f800000000000000aa01f800000000000000aa01f800000000000000aa01f800000000000000aa01f800000000000000aa01f80000000000
02:31:17.449 [DEBUG] [serial] RX 104 bytes: 0000aa01f800000000000000aa01f800000000000000aa01f800000000000000aa01f800000000000000aa01f800000000000000aa01f800000000000000aa01f800000000000000aa01f800000000000000aa01f800000000000000aa01f800000000000000aa01
02:31:17.451 [INFO] [serial] Stats: 22660 pkts, 226608 bytes rx
02:31:17.558 [DEBUG] [serial] RX 104 bytes: f800000000000000aa01f800000000000000aa01f800000000000000aa01f800000000000000aa01f800000000000000aa01f800000000000000aa01f800000000000000aa01f800000000000000aa01f800000000000000aa01f800000000000000aa01f8000000
02:31:17.667 [DEBUG] [serial] RX 103 bytes: 00000000aa01f800000000000000aa01f800000000000000aa01f800000000000000aa01f800000000000000aa01f800000000000000aa01f800000000000000aa01f800000000000000aa01f800000000000000aa01f800000000000000aa01f8000000000000
02:31:17.775 [DEBUG] [serial] RX 103 bytes: 00aa01f800000000000000aa01f800000000000000aa01f800000000000000aa01f800000000000000aa01f800000000000000aa01f800000000000000aa01f800000000000000aa01f800000000000000aa01f800000000000000aa01f800000000000000aa01
02:31:17.884 [DEBUG] [serial] RX 103 bytes: f800000000000000aa01f800000000000000aa01f800000000000000aa01f800000000000000aa01f800000000000000aa01f800000000000000aa01f800000000000000aa01f800000000000000aa01f800000000000000aa01f800000000000000aa01f80000
02:31:17.992 [DEBUG] [serial] RX 104 bytes: 0000000000aa01f800000000000000aa01f800000000000000aa01f800000000000000aa01f800000000000000aa01f800000000000000aa01f800000000000000aa01f800000000000000aa01f800000000000000aa01f800000000000000aa01f8000000000000
02:31:18.099 [DEBUG] [serial] RX 102 bytes: 00aa01f800000000000000aa01f800000000000000aa01f800000000000000aa01f800000000000000aa01f800000000000000aa01f800000000000000aa01f800000000000000aa01f800000000000000aa01f800000000000000aa01f800000000000000aa
02:31:18.208 [DEBUG] [serial] RX 103 bytes: 01f800000000000000aa01f800000000000000aa01f800000000000000aa01f800000000000000aa01f800000000000000aa01f800000000000000aa01f800000000000000aa01f800000000000000aa01f800000000000000aa01f800000000000000aa01f800
02:31:18.317 [DEBUG] [serial] RX 104 bytes: 000000000000aa01f800000000000000aa01f800000000000000aa01f800000000000000aa01f800000000000000aa01f800000000000000aa01f800000000000000aa01f800000000000000aa01f800000000000000aa01f800000000000000aa01f80000000000
02:31:18.427 [DEBUG] [serial] RX 105 bytes: 0000aa01f800000000000000aa01f800000000000000aa01f800000000000000aa01f800000000000000aa01f800000000000000aa01f800000000000000aa01f800000000000000aa01f800000000000000aa01f800000000000000aa01f800000000000000aa01f8
02:31:18.539 [DEBUG] [serial] RX 106 bytes: 00000000000000aa01f800000000000000aa01f800000000000000aa01f800000000000000aa01f800000000000000aa01f800000000000000aa01f800000000000000aa01f800000000000000aa01f800000000000000aa01f800000000000000aa01f8000000000000
02:31:18.647 [DEBUG] [serial] RX 103 bytes: 00aa01f800000000000000aa01f800000000000000aa01f800000000000000aa01f800000000000000aa01f800000000000000aa01f800000000000000aa01f800000000000000aa01f800000000000000aa01f800000000000000aa01f800000000000000aa01
02:31:18.758 [DEBUG] [serial] RX 105 bytes: f800000000000000aa01f800000000000000aa01f800000000000000aa01f800000000000000aa01f800000000000000aa01f800000000000000aa01f800000000000000aa01f800000000000000aa01f800000000000000aa01f800000000000000aa01f800000000
02:31:18.867 [DEBUG] [serial] RX 104 bytes: 000000aa01f800000000000000aa01f800000000000000aa01f800000000000000aa01f800000000000000aa01f800000000000000aa01f800000000000000aa01f800000000000000aa01f800000000000000aa01f800000000000000aa01f800000000000000aa
02:31:18.975 [DEBUG] [serial] RX 103 bytes: 01f800000000000000aa01f800000000000000aa01f800000000000000aa01f800000000000000aa01f800000000000000aa01f800000000000000aa01f800000000000000aa01f800000000000000aa01f800000000000000aa01f800000000000000aa01f800
02:31:19.084 [DEBUG] [serial] RX 104 bytes: 000000000000aa01f800000000000000aa01f800000000000000aa01f800000000000000aa01f800000000000000aa01f800000000000000aa01f800000000000000aa01f800000000000000aa01f800000000000000aa01f800000000000000aa01f80000000000
02:31:19.194 [DEBUG] [serial] RX 104 bytes: 0000aa01f800000000000000aa01f800000000000000aa01f800000000000000aa01f800000000000000aa01f800000000000000aa01f800000000000000aa01f800000000000000aa01f800000000000000aa01f800000000000000aa01f800000000000000aa01
02:31:19.302 [DEBUG] [serial] RX 104 bytes: f800000000000000aa01f800000000000000aa01f800000000000000aa01f800000000000000aa01f800000000000000aa01f800000000000000aa01f800000000000000aa01f800000000000000aa01f800000000000000aa01f800000000000000aa01f8000000
02:31:19.411 [DEBUG] [serial] RX 103 bytes: 00000000aa01f800000000000000aa01f800000000000000aa01f800000000000000aa01f800000000000000aa01f800000000000000aa01f800000000000000aa01f800000000000000aa01f800000000000000aa01f800000000000000aa01f8000000000000
02:31:19.522 [DEBUG] [serial] RX 105 bytes: 00aa01f800000000000000aa01f800000000000000aa01f800000000000000aa01f800000000000000aa01f800000000000000aa01f800000000000000aa01f800000000000000aa01f800000000000000aa01f800000000000000aa01f800000000000000aa01f800
02:31:19.630 [DEBUG] [serial] RX 103 bytes: 000000000000aa01f800000000000000aa01f800000000000000aa01f800000000000000aa01f800000000000000aa01f800000000000000aa01f800000000000000aa01f800000000000000aa01f800000000000000aa01f800000000000000aa01f800000000
02:31:19.739 [DEBUG] [serial] RX 104 bytes: 000000aa01f800000000000000aa01f800000000000000aa01f800000000000000aa01f800000000000000aa01f800000000000000aa01f800000000000000aa01f800000000000000aa01f800000000000000aa01f800000000000000aa01f800000000000000aa
02:31:19.848 [DEBUG] [serial] RX 104 bytes: 01f800000000000000aa01f800000000000000aa01f800000000000000aa01f800000000000000aa01f800000000000000aa01f800000000000000aa01f800000000000000aa01f800000000000000aa01f800000000000000aa01f800000000000000aa01f80000
02:31:19.957 [DEBUG] [serial] RX 103 bytes: 0000000000aa01f800000000000000aa01f800000000000000aa01f800000000000000aa01f800000000000000aa01f800000000000000aa01f800000000000000aa01f800000000000000aa01f800000000000000aa01f800000000000000aa01f80000000000
02:31:20.065 [DEBUG] [serial] RX 103 bytes: 0000aa01f800000000000000aa01f800000000000000aa01f800000000000000aa01f800000000000000aa01f800000000000000aa01f800000000000000aa01f800000000000000aa01f800000000000000aa01f800000000000000aa01f800000000000000aa
02:31:20.177 [DEBUG] [serial] RX 107 bytes: 01f800000000000000aa01f800000000000000aa01f800000000000000aa01f800000000000000aa01f800000000000000aa01f800000000000000aa01f800000000000000aa01f800000000000000aa01f800000000000000aa01f800000000000000aa01f80000000000
02:31:20.286 [DEBUG] [serial] RX 104 bytes: 0000aa01f800000000000000aa01f800000000000000aa01f800000000000000aa01f800000000000000aa01f800000000000000aa01f800000000000000aa01f800000000000000aa01f800000000000000aa01f800000000000000aa01f800000000000000aa01
02:31:20.396 [DEBUG] [serial] RX 104 bytes: f800000000000000aa01f800000000000000aa01f800000000000000aa01f800000000000000aa01f800000000000000aa01f800000000000000aa01f800000000000000aa01f800000000000000aa01f800000000000000aa01f800000000000000aa01f8000000
02:31:20.505 [DEBUG] [serial] RX 104 bytes: 00000000aa01f800000000000000aa01f800000000000000aa01f800000000000000aa01f800000000000000aa01f800000000000000aa01f800000000000000aa01f800000000000000aa01f800000000000000aa01f800000000000000aa01f800000000000000
02:31:20.614 [DEBUG] [serial] RX 103 bytes: aa01f800000000000000aa01f800000000000000aa01f800000000000000aa01f800000000000000aa01f800000000000000aa01f800000000000000aa01f800000000000000aa01f800000000000000aa01f800000000000000aa01f800000000000000aa01f8
02:31:20.723 [DEBUG] [serial] RX 105 bytes: 00000000000000aa01f800000000000000aa01f800000000000000aa01f800000000000000aa01f800000000000000aa01f800000000000000aa01f800000000000000aa01f800000000000000aa01f800000000000000aa01f800000000000000aa01f80000000000
02:31:20.832 [DEBUG] [serial] RX 103 bytes: 0000aa01f800000000000000aa01f800000000000000aa01f800000000000000aa01f800000000000000aa01f800000000000000aa01f800000000000000aa01f800000000000000aa01f800000000000000aa01f800000000000000aa01f800000000000000aa
02:31:20.940 [DEBUG] [serial] RX 103 bytes: 01f800000000000000aa01f800000000000000aa01f800000000000000aa01f800000000000000aa01f800000000000000aa01f800000000000000aa01f800000000000000aa01f800000000000000aa01f800000000000000aa01f800000000000000aa01f800
02:31:21.049 [DEBUG] [serial] RX 104 bytes: 000000000000aa01f800000000000000aa01f800000000000000aa01f800000000000000aa01f800000000000000aa01f800000000000000aa01f800000000000000aa01f800000000000000aa01f800000000000000aa01f800000000000000aa01f80000000000
02:31:21.050 [DEBUG] [serial] PKT #23000: flags=0x01 in=-2048 ds=0 flt=0
02:31:21.159 [DEBUG] [serial] RX 104 bytes: 0000aa01f800000000000000aa01f800000000000000aa01f800000000000000aa01f800000000000000aa01f800000000000000aa01f800000000000000aa01f800000000000000aa01f800000000000000aa01f800000000000000aa01f800000000000000aa01
02:31:21.268 [DEBUG] [serial] RX 104 bytes: f800000000000000aa01f800000000000000aa01f800000000000000aa01f800000000000000aa01f800000000000000aa01f800000000000000aa01f800000000000000aa01f800000000000000aa01f800000000000000aa01f800000000000000aa01f8000000
02:31:21.377 [DEBUG] [serial] RX 104 bytes: 00000000aa01f800000000000000aa01f800000000000000aa01f800000000000000aa01f800000000000000aa01f800000000000000aa01f800000000000000aa01f800000000000000aa01f800000000000000aa01f800000000000000aa01f800000000000000
02:31:21.485 [DEBUG] [serial] RX 103 bytes: aa01f800000000000000aa01f800000000000000aa01f800000000000000aa01f800000000000000aa01f800000000000000aa01f800000000000000aa01f800000000000000aa01f800000000000000aa01f800000000000000aa01f800000000000000aa01f8
02:31:21.594 [DEBUG] [serial] RX 104 bytes: 00000000000000aa01f800000000000000aa01f800000000000000aa01f800000000000000aa01f800000000000000aa01f800000000000000aa01f800000000000000aa01f800000000000000aa01f800000000000000aa01f800000000000000aa01f800000000
02:31:21.704 [DEBUG] [serial] RX 104 bytes: 000000aa01f800000000000000aa01f800000000000000aa01f800000000000000aa01f800000000000000aa01f800000000000000aa01f800000000000000aa01f800000000000000aa01f800000000000000aa01f800000000000000aa01f800000000000000aa
02:31:21.813 [DEBUG] [serial] RX 104 bytes: 01f800000000000000aa01f800000000000000aa01f800000000000000aa01f800000000000000aa01f800000000000000aa01f800000000000000aa01f800000000000000aa01f800000000000000aa01f800000000000000aa01f800000000000000aa01f80000
02:31:21.923 [DEBUG] [serial] RX 105 bytes: 0000000000aa01f800000000000000aa01f800000000000000aa01f800000000000000aa01f800000000000000aa01f800000000000000aa01f800000000000000aa01f800000000000000aa01f800000000000000aa01f800000000000000aa01f800000000000000
02:31:22.032 [DEBUG] [serial] RX 103 bytes: aa01f800000000000000aa01f800000000000000aa01f800000000000000aa01f800000000000000aa01f800000000000000aa01f800000000000000aa01f800000000000000aa01f800000000000000aa01f800000000000000aa01f800000000000000aa01f8
02:31:22.142 [DEBUG] [serial] RX 104 bytes: 00000000000000aa01f800000000000000aa01f800000000000000aa01f800000000000000aa01f800000000000000aa01f800000000000000aa01f800000000000000aa01f800000000000000aa01f800000000000000aa01f800000000000000aa01f800000000
02:31:22.250 [DEBUG] [serial] RX 104 bytes: 000000aa01f800000000000000aa01f800000000000000aa01f800000000000000aa01f800000000000000aa01f800000000000000aa01f800000000000000aa01f800000000000000aa01f800000000000000aa01f800000000000000aa01f800000000000000aa
02:31:22.359 [DEBUG] [serial] RX 103 bytes: 01f800000000000000aa01f800000000000000aa01f800000000000000aa01f800000000000000aa01f800000000000000aa01f800000000000000aa01f800000000000000aa01f800000000000000aa01f800000000000000aa01f800000000000000aa01f800
02:31:22.468 [DEBUG] [serial] RX 104 bytes: 000000000000aa01f800000000000000aa01f800000000000000aa01f800000000000000aa01f800000000000000aa01f800000000000000aa01f800000000000000aa01f800000000000000aa01f800000000000000aa01f800000000000000aa01f80000000000
02:31:22.469 [INFO] [serial] Stats: 23137 pkts, 231384 bytes rx
02:31:22.577 [DEBUG] [serial] RX 104 bytes: 0000aa01f800000000000000aa01f800000000000000aa01f800000000000000aa01f800000000000000aa01f800000000000000aa01f800000000000000aa01f800000000000000aa01f800000000000000aa01f800000000000000aa01f800000000000000aa01
02:31:22.686 [DEBUG] [serial] RX 104 bytes: f800000000000000aa01f800000000000000aa01f800000000000000aa01f800000000000000aa01f800000000000000aa01f800000000000000aa01f800000000000000aa01f800000000000000aa01f800000000000000aa01f800000000000000aa01f8000000
02:31:22.795 [DEBUG] [serial] RX 103 bytes: 00000000aa01f800000000000000aa01f800000000000000aa01f800000000000000aa01f800000000000000aa01f800000000000000aa01f800000000000000aa01f800000000000000aa01f800000000000000aa01f800000000000000aa01f8000000000000
02:31:22.906 [DEBUG] [serial] RX 105 bytes: 00aa01f800000000000000aa01f800000000000000aa01f800000000000000aa01f800000000000000aa01f800000000000000aa01f800000000000000aa01f800000000000000aa01f800000000000000aa01f800000000000000aa01f800000000000000aa01f800
02:31:23.016 [DEBUG] [serial] RX 105 bytes: 000000000000aa01f800000000000000aa01f800000000000000aa01f800000000000000aa01f800000000000000aa01f800000000000000aa01f800000000000000aa01f800000000000000aa01f800000000000000aa01f800000000000000aa01f8000000000000
02:31:23.124 [DEBUG] [serial] RX 103 bytes: 00aa01f800000000000000aa01f800000000000000aa01f800000000000000aa01f800000000000000aa01f800000000000000aa01f800000000000000aa01f800000000000000aa01f800000000000000aa01f800000000000000aa01f800000000000000aa01
02:31:23.232 [DEBUG] [serial] RX 104 bytes: f800000000000000aa01f800000000000000aa01f800000000000000aa01f800000000000000aa01f800000000000000aa01f800000000000000aa01f800000000000000aa01f800000000000000aa01f800000000000000aa01f800000000000000aa01f8000000
02:31:23.342 [DEBUG] [serial] RX 103 bytes: 00000000aa01f800000000000000aa01f800000000000000aa01f800000000000000aa01f800000000000000aa01f800000000000000aa01f800000000000000aa01f800000000000000aa01f800000000000000aa01f800000000000000aa01f8000000000000
02:31:23.450 [DEBUG] [serial] RX 103 bytes: 00aa01f800000000000000aa01f800000000000000aa01f800000000000000aa01f800000000000000aa01f800000000000000aa01f800000000000000aa01f800000000000000aa01f800000000000000aa01f800000000000000aa01f800000000000000aa01
02:31:23.558 [DEBUG] [serial] RX 104 bytes: f800000000000000aa01f800000000000000aa01f800000000000000aa01f800000000000000aa01f800000000000000aa01f800000000000000aa01f800000000000000aa01f800000000000000aa01f800000000000000aa01f800000000000000aa01f8000000
02:31:23.669 [DEBUG] [serial] RX 105 bytes: 00000000aa01f800000000000000aa01f800000000000000aa01f800000000000000aa01f800000000000000aa01f800000000000000aa01f800000000000000aa01f800000000000000aa01f800000000000000aa01f800000000000000aa01f800000000000000aa
02:31:23.778 [DEBUG] [serial] RX 104 bytes: 01f800000000000000aa01f800000000000000aa01f800000000000000aa01f800000000000000aa01f800000000000000aa01f800000000000000aa01f800000000000000aa01f800000000000000aa01f800000000000000aa01f800000000000000aa01f80000
02:31:23.886 [DEBUG] [serial] RX 102 bytes: 0000000000aa01f800000000000000aa01f800000000000000aa01f800000000000000aa01f800000000000000aa01f800000000000000aa01f800000000000000aa01f800000000000000aa01f800000000000000aa01f800000000000000aa01f800000000
02:31:23.995 [DEBUG] [serial] RX 104 bytes: 000000aa01f800000000000000aa01f800000000000000aa01f800000000000000aa01f800000000000000aa01f800000000000000aa01f800000000000000aa01f800000000000000aa01f800000000000000aa01f800000000000000aa01f800000000000000aa
02:31:24.105 [DEBUG] [serial] RX 104 bytes: 01f800000000000000aa01f800000000000000aa01f800000000000000aa01f800000000000000aa01f800000000000000aa01f800000000000000aa01f800000000000000aa01f800000000000000aa01f800000000000000aa01f800000000000000aa01f80000
02:31:24.214 [DEBUG] [serial] RX 104 bytes: 0000000000aa01f800000000000000aa01f800000000000000aa01f800000000000000aa01f800000000000000aa01f800000000000000aa01f800000000000000aa01f800000000000000aa01f800000000000000aa01f800000000000000aa01f8000000000000
02:31:24.323 [DEBUG] [serial] RX 104 bytes: 00aa01f800000000000000aa01f800000000000000aa01f800000000000000aa01f800000000000000aa01f800000000000000aa01f800000000000000aa01f800000000000000aa01f800000000000000aa01f800000000000000aa01f800000000000000aa01f8
02:31:24.432 [DEBUG] [serial] RX 104 bytes: 00000000000000aa01f800000000000000aa01f800000000000000aa01f800000000000000aa01f800000000000000aa01f800000000000000aa01f800000000000000aa01f800000000000000aa01f800000000000000aa01f800000000000000aa01f800000000
02:31:24.540 [DEBUG] [serial] RX 103 bytes: 000000aa01f800000000000000aa01f800000000000000aa01f800000000000000aa01f800000000000000aa01f800000000000000aa01f800000000000000aa01f800000000000000aa01f800000000000000aa01f800000000000000aa01f800000000000000
02:31:24.648 [DEBUG] [serial] RX 103 bytes: aa01f800000000000000aa01f800000000000000aa01f800000000000000aa01f800000000000000aa01f800000000000000aa01f800000000000000aa01f800000000000000aa01f800000000000000aa01f800000000000000aa01f800000000000000aa01f8
02:31:24.757 [DEBUG] [serial] RX 103 bytes: 00000000000000aa01f800000000000000aa01f800000000000000aa01f800000000000000aa01f800000000000000aa01f800000000000000aa01f800000000000000aa01f800000000000000aa01f800000000000000aa01f800000000000000aa01f8000000
02:31:24.865 [DEBUG] [serial] RX 103 bytes: 00000000aa01f800000000000000aa01f800000000000000aa01f800000000000000aa01f800000000000000aa01f800000000000000aa01f800000000000000aa01f800000000000000aa01f800000000000000aa01f800000000000000aa01f8000000000000
02:31:24.974 [DEBUG] [serial] RX 104 bytes: 00aa01f800000000000000aa01f800000000000000aa01f800000000000000aa01f800000000000000aa01f800000000000000aa01f800000000000000aa01f800000000000000aa01f800000000000000aa01f800000000000000aa01f800000000000000aa01f8
02:31:25.085 [DEBUG] [serial] RX 105 bytes: 00000000000000aa01f800000000000000aa01f800000000000000aa01f800000000000000aa01f800000000000000aa01f800000000000000aa01f800000000000000aa01f800000000000000aa01f800000000000000aa01f800000000000000aa01f80000000000
02:31:25.193 [DEBUG] [serial] RX 103 bytes: 0000aa01f800000000000000aa01f800000000000000aa01f800000000000000aa01f800000000000000aa01f800000000000000aa01f800000000000000aa01f800000000000000aa01f800000000000000aa01f800000000000000aa01f800000000000000aa
02:31:25.302 [DEBUG] [serial] RX 104 bytes: 01f800000000000000aa01f800000000000000aa01f800000000000000aa01f800000000000000aa01f800000000000000aa01f800000000000000aa01f800000000000000aa01f800000000000000aa01f800000000000000aa01f800000000000000aa01f80000
02:31:25.412 [DEBUG] [serial] RX 105 bytes: 0000000000aa01f800000000000000aa01f800000000000000aa01f800000000000000aa01f800000000000000aa01f800000000000000aa01f800000000000000aa01f800000000000000aa01f800000000000000aa01f800000000000000aa01f800000000000000
02:31:25.520 [DEBUG] [serial] RX 102 bytes: aa01f800000000000000aa01f800000000000000aa01f800000000000000aa01f800000000000000aa01f800000000000000aa01f800000000000000aa01f800000000000000aa01f800000000000000aa01f800000000000000aa01f800000000000000aa01
02:31:25.629 [DEBUG] [serial] RX 104 bytes: f800000000000000aa01f800000000000000aa01f800000000000000aa01f800000000000000aa01f800000000000000aa01f800000000000000aa01f800000000000000aa01f800000000000000aa01f800000000000000aa01f800000000000000aa01f8000000
02:31:25.738 [DEBUG] [serial] RX 104 bytes: 00000000aa01f800000000000000aa01f800000000000000aa01f800000000000000aa01f800000000000000aa01f800000000000000aa01f800000000000000aa01f800000000000000aa01f800000000000000aa01f800000000000000aa01f800000000000000
02:31:25.848 [DEBUG] [serial] RX 104 bytes: aa01f800000000000000aa01f800000000000000aa01f800000000000000aa01f800000000000000aa01f800000000000000aa01f800000000000000aa01f800000000000000aa01f800000000000000aa01f800000000000000aa01f800000000000000aa01f800
02:31:25.957 [DEBUG] [serial] RX 104 bytes: 000000000000aa01f800000000000000aa01f800000000000000aa01f800000000000000aa01f800000000000000aa01f800000000000000aa01f800000000000000aa01f800000000000000aa01f800000000000000aa01f800000000000000aa01f80000000000
02:31:26.067 [DEBUG] [serial] RX 105 bytes: 0000aa01f800000000000000aa01f800000000000000aa01f800000000000000aa01f800000000000000aa01f800000000000000aa01f800000000000000aa01f800000000000000aa01f800000000000000aa01f800000000000000aa01f800000000000000aa01f8
02:31:26.175 [DEBUG] [serial] RX 103 bytes: 00000000000000aa01f800000000000000aa01f800000000000000aa01f800000000000000aa01f800000000000000aa01f800000000000000aa01f800000000000000aa01f800000000000000aa01f800000000000000aa01f800000000000000aa01f8000000
02:31:26.284 [DEBUG] [serial] RX 103 bytes: 00000000aa01f800000000000000aa01f800000000000000aa01f800000000000000aa01f800000000000000aa01f800000000000000aa01f800000000000000aa01f800000000000000aa01f800000000000000aa01f800000000000000aa01f8000000000000
02:31:26.285 [DEBUG] [serial] PKT #23500: flags=0x01 in=-2048 ds=0 flt=0
02:31:26.392 [DEBUG] [serial] RX 103 bytes: 00aa01f800000000000000aa01f800000000000000aa01f800000000000000aa01f800000000000000aa01f800000000000000aa01f800000000000000aa01f800000000000000aa01f800000000000000aa01f800000000000000aa01f800000000000000aa01
02:31:26.500 [DEBUG] [serial] RX 103 bytes: f800000000000000aa01f800000000000000aa01f800000000000000aa01f800000000000000aa01f800000000000000aa01f800000000000000aa01f800000000000000aa01f800000000000000aa01f800000000000000aa01f800000000000000aa01f80000
02:31:26.609 [DEBUG] [serial] RX 104 bytes: 0000000000aa01f800000000000000aa01f800000000000000aa01f800000000000000aa01f800000000000000aa01f800000000000000aa01f800000000000000aa01f800000000000000aa01f800000000000000aa01f800000000000000aa01f8000000000000
02:31:26.719 [DEBUG] [serial] RX 104 bytes: 00aa01f800000000000000aa01f800000000000000aa01f800000000000000aa01f800000000000000aa01f800000000000000aa01f800000000000000aa01f800000000000000aa01f800000000000000aa01f800000000000000aa01f800000000000000aa01f8
02:31:26.827 [DEBUG] [serial] RX 103 bytes: 00000000000000aa01f800000000000000aa01f800000000000000aa01f800000000000000aa01f800000000000000aa01f800000000000000aa01f800000000000000aa01f800000000000000aa01f800000000000000aa01f800000000000000aa01f8000000
02:31:26.937 [DEBUG] [serial] RX 105 bytes: 00000000aa01f800000000000000aa01f800000000000000aa01f800000000000000aa01f800000000000000aa01f800000000000000aa01f800000000000000aa01f800000000000000aa01f800000000000000aa01f800000000000000aa01f800000000000000aa
02:31:27.046 [DEBUG] [serial] RX 103 bytes: 01f800000000000000aa01f800000000000000aa01f800000000000000aa01f800000000000000aa01f800000000000000aa01f800000000000000aa01f800000000000000aa01f800000000000000aa01f800000000000000aa01f800000000000000aa01f800
02:31:27.155 [DEBUG] [serial] RX 104 bytes: 000000000000aa01f800000000000000aa01f800000000000000aa01f800000000000000aa01f800000000000000aa01f800000000000000aa01f800000000000000aa01f800000000000000aa01f800000000000000aa01f800000000000000aa01f80000000000
02:31:27.264 [DEBUG] [serial] RX 103 bytes: 0000aa01f800000000000000aa01f800000000000000aa01f800000000000000aa01f800000000000000aa01f800000000000000aa01f800000000000000aa01f800000000000000aa01f800000000000000aa01f800000000000000aa01f800000000000000aa
02:31:27.374 [DEBUG] [serial] RX 106 bytes: 01f800000000000000aa01f800000000000000aa01f800000000000000aa01f800000000000000aa01f800000000000000aa01f800000000000000aa01f800000000000000aa01f800000000000000aa01f800000000000000aa01f800000000000000aa01f800000000
02:31:27.483 [DEBUG] [serial] RX 103 bytes: 000000aa01f800000000000000aa01f800000000000000aa01f800000000000000aa01f800000000000000aa01f800000000000000aa01f800000000000000aa01f800000000000000aa01f800000000000000aa01f800000000000000aa01f800000000000000
02:31:27.484 [INFO] [serial] Stats: 23615 pkts, 236156 bytes rx
02:31:27.592 [DEBUG] [serial] RX 104 bytes: aa01f800000000000000aa01f800000000000000aa01f800000000000000aa01f800000000000000aa01f800000000000000aa01f800000000000000aa01f800000000000000aa01f800000000000000aa01f800000000000000aa01f800000000000000aa01f800
02:31:27.700 [DEBUG] [serial] RX 103 bytes: 000000000000aa01f800000000000000aa01f800000000000000aa01f800000000000000aa01f800000000000000aa01f800000000000000aa01f800000000000000aa01f800000000000000aa01f800000000000000aa01f800000000000000aa01f800000000
02:31:27.809 [DEBUG] [serial] RX 104 bytes: 000000aa01f800000000000000aa01f800000000000000aa01f800000000000000aa01f800000000000000aa01f800000000000000aa01f800000000000000aa01f800000000000000aa01f800000000000000aa01f800000000000000aa01f800000000000000aa
02:31:27.917 [DEBUG] [serial] RX 103 bytes: 01f800000000000000aa01f800000000000000aa01f800000000000000aa01f800000000000000aa01f800000000000000aa01f800000000000000aa01f800000000000000aa01f800000000000000aa01f800000000000000aa01f800000000000000aa01f800
02:31:28.027 [DEBUG] [serial] RX 104 bytes: 000000000000aa01f800000000000000aa01f800000000000000aa01f800000000000000aa01f800000000000000aa01f800000000000000aa01f800000000000000aa01f800000000000000aa01f800000000000000aa01f800000000000000aa01f80000000000
02:31:28.135 [DEBUG] [serial] RX 103 bytes: 0000aa01f800000000000000aa01f800000000000000aa01f800000000000000aa01f800000000000000aa01f800000000000000aa01f800000000000000aa01f800000000000000aa01f800000000000000aa01f800000000000000aa01f800000000000000aa
02:31:28.244 [DEBUG] [serial] RX 103 bytes: 01f800000000000000aa01f800000000000000aa01f800000000000000aa01f800000000000000aa01f800000000000000aa01f800000000000000aa01f800000000000000aa01f800000000000000aa01f800000000000000aa01f800000000000000aa01f800
02:31:28.352 [DEBUG] [serial] RX 104 bytes: 000000000000aa01f800000000000000aa01f800000000000000aa01f800000000000000aa01f800000000000000aa01f800000000000000aa01f800000000000000aa01f800000000000000aa01f800000000000000aa01f800000000000000aa01f80000000000
02:31:28.461 [DEBUG] [serial] RX 103 bytes: 0000aa01f800000000000000aa01f800000000000000aa01f800000000000000aa01f800000000000000aa01f800000000000000aa01f800000000000000aa01f800000000000000aa01f800000000000000aa01f800000000000000aa01f800000000000000aa
02:31:28.570 [DEBUG] [serial] RX 103 bytes: 01f800000000000000aa01f800000000000000aa01f800000000000000aa01f800000000000000aa01f800000000000000aa01f800000000000000aa01f800000000000000aa01f800000000000000aa01f800000000000000aa01f800000000000000aa01f800
02:31:28.680 [DEBUG] [serial] RX 106 bytes: 000000000000aa01f800000000000000aa01f800000000000000aa01f800000000000000aa01f800000000000000aa01f800000000000000aa01f800000000000000aa01f800000000000000aa01f800000000000000aa01f800000000000000aa01f800000000000000
02:31:28.790 [DEBUG] [serial] RX 104 bytes: aa01f800000000000000aa01f800000000000000aa01f800000000000000aa01f800000000000000aa01f800000000000000aa01f800000000000000aa01f800000000000000aa01f800000000000000aa01f800000000000000aa01f800000000000000aa01f800
02:31:28.898 [DEBUG] [serial] RX 103 bytes: 000000000000aa01f800000000000000aa01f800000000000000aa01f800000000000000aa01f800000000000000aa01f800000000000000aa01f800000000000000aa01f800000000000000aa01f800000000000000aa01f800000000000000aa01f800000000
02:31:29.008 [DEBUG] [serial] RX 105 bytes: 000000aa01f800000000000000aa01f800000000000000aa01f800000000000000aa01f800000000000000aa01f800000000000000aa01f800000000000000aa01f800000000000000aa01f800000000000000aa01f800000000000000aa01f800000000000000aa01
02:31:29.116 [DEBUG] [serial] RX 102 bytes: f800000000000000aa01f800000000000000aa01f800000000000000aa01f800000000000000aa01f800000000000000aa01f800000000000000aa01f800000000000000aa01f800000000000000aa01f800000000000000aa01f800000000000000aa01f800
02:31:29.225 [DEBUG] [serial] RX 103 bytes: 000000000000aa01f800000000000000aa01f800000000000000aa01f800000000000000aa01f800000000000000aa01f800000000000000aa01f800000000000000aa01f800000000000000aa01f800000000000000aa01f800000000000000aa01f800000000
02:31:29.334 [DEBUG] [serial] RX 104 bytes: 000000aa01f800000000000000aa01f800000000000000aa01f800000000000000aa01f800000000000000aa01f800000000000000aa01f800000000000000aa01f800000000000000aa01f800000000000000aa01f800000000000000aa01f800000000000000aa
02:31:29.442 [DEBUG] [serial] RX 104 bytes: 01f800000000000000aa01f800000000000000aa01f800000000000000aa01f800000000000000aa01f800000000000000aa01f800000000000000aa01f800000000000000aa01f800000000000000aa01f800000000000000aa01f800000000000000aa01f80000
02:31:29.553 [DEBUG] [serial] RX 105 bytes: 0000000000aa01f800000000000000aa01f800000000000000aa01f800000000000000aa01f800000000000000aa01f800000000000000aa01f800000000000000aa01f800000000000000aa01f800000000000000aa01f800000000000000aa01f800000000000000
02:31:29.661 [DEBUG] [serial] RX 103 bytes: aa01f800000000000000aa01f800000000000000aa01f800000000000000aa01f800000000000000aa01f800000000000000aa01f800000000000000aa01f800000000000000aa01f800000000000000aa01f800000000000000aa01f800000000000000aa01f8
02:31:29.771 [DEBUG] [serial] RX 105 bytes: 00000000000000aa01f800000000000000aa01f800000000000000aa01f800000000000000aa01f800000000000000aa01f800000000000000aa01f800000000000000aa01f800000000000000aa01f800000000000000aa01f800000000000000aa01f80000000000
02:31:29.880 [DEBUG] [serial] RX 103 bytes: 0000aa01f800000000000000aa01f800000000000000aa01f800000000000000aa01f800000000000000aa01f800000000000000aa01f800000000000000aa01f800000000000000aa01f800000000000000aa01f800000000000000aa01f800000000000000aa
02:31:29.989 [DEBUG] [serial] RX 104 bytes: 01f800000000000000aa01f800000000000000aa01f800000000000000aa01f800000000000000aa01f800000000000000aa01f800000000000000aa01f800000000000000aa01f800000000000000aa01f800000000000000aa01f800000000000000aa01f80000
02:31:30.097 [DEBUG] [serial] RX 103 bytes: 0000000000aa01f800000000000000aa01f800000000000000aa01f800000000000000aa01f800000000000000aa01f800000000000000aa01f800000000000000aa01f800000000000000aa01f800000000000000aa01f800000000000000aa01f80000000000
02:31:30.206 [DEBUG] [serial] RX 103 bytes: 0000aa01f800000000000000aa01f800000000000000aa01f800000000000000aa01f800000000000000aa01f800000000000000aa01f800000000000000aa01f800000000000000aa01f800000000000000aa01f800000000000000aa01f800000000000000aa
02:31:30.314 [DEBUG] [serial] RX 103 bytes: 01f800000000000000aa01f800000000000000aa01f800000000000000aa01f800000000000000aa01f800000000000000aa01f800000000000000aa01f800000000000000aa01f800000000000000aa01f800000000000000aa01f800000000000000aa01f800
02:31:30.422 [DEBUG] [serial] RX 103 bytes: 000000000000aa01f800000000000000aa01f800000000000000aa01f800000000000000aa01f800000000000000aa01f800000000000000aa01f800000000000000aa01f800000000000000aa01f800000000000000aa01f800000000000000aa01f800000000
02:31:30.532 [DEBUG] [serial] RX 104 bytes: 000000aa01f800000000000000aa01f800000000000000aa01f800000000000000aa01f800000000000000aa01f800000000000000aa01f800000000000000aa01f800000000000000aa01f800000000000000aa01f800000000000000aa01f800000000000000aa
02:31:30.640 [DEBUG] [serial] RX 104 bytes: 01f800000000000000aa01f800000000000000aa01f800000000000000aa01f800000000000000aa01f800000000000000aa01f800000000000000aa01f800000000000000aa01f800000000000000aa01f800000000000000aa01f800000000000000aa01f80000
02:31:30.750 [DEBUG] [serial] RX 104 bytes: 0000000000aa01f800000000000000aa01f800000000000000aa01f800000000000000aa01f800000000000000aa01f800000000000000aa01f800000000000000aa01f800000000000000aa01f800000000000000aa01f800000000000000aa01f8000000000000
02:31:30.860 [DEBUG] [serial] RX 105 bytes: 00aa01f800000000000000aa01f800000000000000aa01f800000000000000aa01f800000000000000aa01f800000000000000aa01f800000000000000aa01f800000000000000aa01f800000000000000aa01f800000000000000aa01f800000000000000aa01f800
02:31:30.970 [DEBUG] [serial] RX 105 bytes: 000000000000aa01f800000000000000aa01f800000000000000aa01f800000000000000aa01f800000000000000aa01f800000000000000aa01f800000000000000aa01f800000000000000aa01f800000000000000aa01f800000000000000aa01f8000000000000
02:31:31.080 [DEBUG] [serial] RX 105 bytes: 00aa01f800000000000000aa01f800000000000000aa01f800000000000000aa01f800000000000000aa01f800000000000000aa01f800000000000000aa01f800000000000000aa01f800000000000000aa01f800000000000000aa01f800000000000000aa01f800
02:31:31.188 [DEBUG] [serial] RX 102 bytes: 000000000000aa01f800000000000000aa01f800000000000000aa01f800000000000000aa01f800000000000000aa01f800000000000000aa01f800000000000000aa01f800000000000000aa01f800000000000000aa01f800000000000000aa01f8000000
02:31:31.298 [DEBUG] [serial] RX 105 bytes: 00000000aa01f800000000000000aa01f800000000000000aa01f800000000000000aa01f800000000000000aa01f800000000000000aa01f800000000000000aa01f800000000000000aa01f800000000000000aa01f800000000000000aa01f800000000000000aa
02:31:31.406 [DEBUG] [serial] RX 102 bytes: 01f800000000000000aa01f800000000000000aa01f800000000000000aa01f800000000000000aa01f800000000000000aa01f800000000000000aa01f800000000000000aa01f800000000000000aa01f800000000000000aa01f800000000000000aa01f8
02:31:31.516 [DEBUG] [serial] RX 105 bytes: 00000000000000aa01f800000000000000aa01f800000000000000aa01f800000000000000aa01f800000000000000aa01f800000000000000aa01f800000000000000aa01f800000000000000aa01f800000000000000aa01f800000000000000aa01f80000000000
02:31:31.625 [DEBUG] [serial] RX 103 bytes: 0000aa01f800000000000000aa01f800000000000000aa01f800000000000000aa01f800000000000000aa01f800000000000000aa01f800000000000000aa01f800000000000000aa01f800000000000000aa01f800000000000000aa01f800000000000000aa
02:31:31.625 [DEBUG] [serial] PKT #24000: flags=0x01 in=-2048 ds=0 flt=0
02:31:31.733 [DEBUG] [serial] RX 104 bytes: 01f800000000000000aa01f800000000000000aa01f800000000000000aa01f800000000000000aa01f800000000000000aa01f800000000000000aa01f800000000000000aa01f800000000000000aa01f800000000000000aa01f800000000000000aa01f80000
02:31:31.842 [DEBUG] [serial] RX 103 bytes: 0000000000aa01f800000000000000aa01f800000000000000aa01f800000000000000aa01f800000000000000aa01f800000000000000aa01f800000000000000aa01f800000000000000aa01f800000000000000aa01f800000000000000aa01f80000000000
02:31:31.951 [DEBUG] [serial] RX 104 bytes: 0000aa01f800000000000000aa01f800000000000000aa01f800000000000000aa01f800000000000000aa01f800000000000000aa01f800000000000000aa01f800000000000000aa01f800000000000000aa01f800000000000000aa01f800000000000000aa01
02:31:32.060 [DEBUG] [serial] RX 103 bytes: f800000000000000aa01f800000000000000aa01f800000000000000aa01f800000000000000aa01f800000000000000aa01f800000000000000aa01f800000000000000aa01f800000000000000aa01f800000000000000aa01f800000000000000aa01f80000
02:31:32.170 [DEBUG] [serial] RX 105 bytes: 0000000000aa01f800000000000000aa01f800000000000000aa01f800000000000000aa01f800000000000000aa01f800000000000000aa01f800000000000000aa01f800000000000000aa01f800000000000000aa01f800000000000000aa01f800000000000000
02:31:32.280 [DEBUG] [serial] RX 105 bytes: aa01f800000000000000aa01f800000000000000aa01f800000000000000aa01f800000000000000aa01f800000000000000aa01f800000000000000aa01f800000000000000aa01f800000000000000aa01f800000000000000aa01f800000000000000aa01f80000
02:31:32.389 [DEBUG] [serial] RX 104 bytes: 0000000000aa01f800000000000000aa01f800000000000000aa01f800000000000000aa01f800000000000000aa01f800000000000000aa01f800000000000000aa01f800000000000000aa01f800000000000000aa01f800000000000000aa01f8000000000000
02:31:32.499 [DEBUG] [serial] RX 105 bytes: 00aa01f800000000000000aa01f800000000000000aa01f800000000000000aa01f800000000000000aa01f800000000000000aa01f800000000000000aa01f800000000000000aa01f800000000000000aa01f800000000000000aa01f800000000000000aa01f800
02:31:32.500 [INFO] [serial] Stats: 24092 pkts, 240930 bytes rx
02:31:32.608 [DEBUG] [serial] RX 103 bytes: 000000000000aa01f800000000000000aa01f800000000000000aa01f800000000000000aa01f800000000000000aa01f800000000000000aa01f800000000000000aa01f800000000000000aa01f800000000000000aa01f800000000000000aa01f800000000
02:31:32.717 [DEBUG] [serial] RX 104 bytes: 000000aa01f800000000000000aa01f800000000000000aa01f800000000000000aa01f800000000000000aa01f800000000000000aa01f800000000000000aa01f800000000000000aa01f800000000000000aa01f800000000000000aa01f800000000000000aa
02:31:32.825 [DEBUG] [serial] RX 102 bytes: 01f800000000000000aa01f800000000000000aa01f800000000000000aa01f800000000000000aa01f800000000000000aa01f800000000000000aa01f800000000000000aa01f800000000000000aa01f800000000000000aa01f800000000000000aa01f8
02:31:32.934 [DEBUG] [serial] RX 105 bytes: 00000000000000aa01f800000000000000aa01f800000000000000aa01f800000000000000aa01f800000000000000aa01f800000000000000aa01f800000000000000aa01f800000000000000aa01f800000000000000aa01f800000000000000aa01f80000000000
02:31:33.043 [DEBUG] [serial] RX 103 bytes: 0000aa01f800000000000000aa01f800000000000000aa01f800000000000000aa01f800000000000000aa01f800000000000000aa01f800000000000000aa01f800000000000000aa01f800000000000000aa01f800000000000000aa01f800000000000000aa
02:31:33.153 [DEBUG] [serial] RX 104 bytes: 01f800000000000000aa01f800000000000000aa01f800000000000000aa01f800000000000000aa01f800000000000000aa01f800000000000000aa01f800000000000000aa01f800000000000000aa01f800000000000000aa01f800000000000000aa01f80000
02:31:33.262 [DEBUG] [serial] RX 104 bytes: 0000000000aa01f800000000000000aa01f800000000000000aa01f800000000000000aa01f800000000000000aa01f800000000000000aa01f800000000000000aa01f800000000000000aa01f800000000000000aa01f800000000000000aa01f8000000000000
02:31:33.370 [DEBUG] [serial] RX 104 bytes: 00aa01f800000000000000aa01f800000000000000aa01f800000000000000aa01f800000000000000aa01f800000000000000aa01f800000000000000aa01f800000000000000aa01f800000000000000aa01f800000000000000aa01f800000000000000aa01f8
02:31:33.479 [DEBUG] [serial] RX 103 bytes: 00000000000000aa01f800000000000000aa01f800000000000000aa01f800000000000000aa01f800000000000000aa01f800000000000000aa01f800000000000000aa01f800000000000000aa01f800000000000000aa01f800000000000000aa01f8000000
02:31:33.588 [DEBUG] [serial] RX 104 bytes: 00000000aa01f800000000000000aa01f800000000000000aa01f800000000000000aa01f800000000000000aa01f800000000000000aa01f800000000000000aa01f800000000000000aa01f800000000000000aa01f800000000000000aa01f800000000000000
02:31:33.698 [DEBUG] [serial] RX 105 bytes: aa01f800000000000000aa01f800000000000000aa01f800000000000000aa01f800000000000000aa01f800000000000000aa01f800000000000000aa01f800000000000000aa01f800000000000000aa01f800000000000000aa01f800000000000000aa01f80000
02:31:33.807 [DEBUG] [serial] RX 103 bytes: 0000000000aa01f800000000000000aa01f800000000000000aa01f800000000000000aa01f800000000000000aa01f800000000000000aa01f800000000000000aa01f800000000000000aa01f800000000000000aa01f800000000000000aa01f80000000000
02:31:33.917 [DEBUG] [serial] RX 105 bytes: 0000aa01f800000000000000aa01f800000000000000aa01f800000000000000aa01f800000000000000aa01f800000000000000aa01f800000000000000aa01f800000000000000aa01f800000000000000aa01f800000000000000aa01f800000000000000aa01f8
02:31:34.024 [DEBUG] [serial] RX 102 bytes: 00000000000000aa01f800000000000000aa01f800000000000000aa01f800000000000000aa01f800000000000000aa01f800000000000000aa01f800000000000000aa01f800000000000000aa01f800000000000000aa01f800000000000000aa01f80000
02:31:34.134 [DEBUG] [serial] RX 104 bytes: 0000000000aa01f800000000000000aa01f800000000000000aa01f800000000000000aa01f800000000000000aa01f800000000000000aa01f800000000000000aa01f800000000000000aa01f800000000000000aa01f800000000000000aa01f8000000000000
02:31:34.242 [DEBUG] [serial] RX 103 bytes: 00aa01f800000000000000aa01f800000000000000aa01f800000000000000aa01f800000000000000aa01f800000000000000aa01f800000000000000aa01f800000000000000aa01f800000000000000aa01f800000000000000aa01f800000000000000aa01
02:31:34.351 [DEBUG] [serial] RX 104 bytes: f800000000000000aa01f800000000000000aa01f800000000000000aa01f800000000000000aa01f800000000000000aa01f800000000000000aa01f800000000000000aa01f800000000000000aa01f800000000000000aa01f800000000000000aa01f8000000
02:31:34.461 [DEBUG] [serial] RX 104 bytes: 00000000aa01f800000000000000aa01f800000000000000aa01f800000000000000aa01f800000000000000aa01f800000000000000aa01f800000000000000aa01f800000000000000aa01f800000000000000aa01f800000000000000aa01f800000000000000
02:31:34.569 [DEBUG] [serial] RX 104 bytes: aa01f800000000000000aa01f800000000000000aa01f800000000000000aa01f800000000000000aa01f800000000000000aa01f800000000000000aa01f800000000000000aa01f800000000000000aa01f800000000000000aa01f800000000000000aa01f800
02:31:34.679 [DEBUG] [serial] RX 104 bytes: 000000000000aa01f800000000000000aa01f800000000000000aa01f800000000000000aa01f800000000000000aa01f800000000000000aa01f800000000000000aa01f800000000000000aa01f800000000000000aa01f800000000000000aa01f80000000000
02:31:34.787 [DEBUG] [serial] RX 103 bytes: 0000aa01f800000000000000aa01f800000000000000aa01f800000000000000aa01f800000000000000aa01f800000000000000aa01f800000000000000aa01f800000000000000aa01f800000000000000aa01f800000000000000aa01f800000000000000aa
02:31:34.895 [DEBUG] [serial] RX 103 bytes: 01f800000000000000aa01f800000000000000aa01f800000000000000aa01f800000000000000aa01f800000000000000aa01f800000000000000aa01f800000000000000aa01f800000000000000aa01f800000000000000aa01f800000000000000aa01f800
02:31:35.005 [DEBUG] [serial] RX 104 bytes: 000000000000aa01f800000000000000aa01f800000000000000aa01f800000000000000aa01f800000000000000aa01f800000000000000aa01f800000000000000aa01f800000000000000aa01f800000000000000aa01f800000000000000aa01f80000000000
02:31:35.114 [DEBUG] [serial] RX 104 bytes: 0000aa01f800000000000000aa01f800000000000000aa01f800000000000000aa01f800000000000000aa01f800000000000000aa01f800000000000000aa01f800000000000000aa01f800000000000000aa01f800000000000000aa01f800000000000000aa01
02:31:35.222 [DEBUG] [serial] RX 103 bytes: f800000000000000aa01f800000000000000aa01f800000000000000aa01f800000000000000aa01f800000000000000aa01f800000000000000aa01f800000000000000aa01f800000000000000aa01f800000000000000aa01f800000000000000aa01f80000
02:31:35.331 [DEBUG] [serial] RX 104 bytes: 0000000000aa01f800000000000000aa01f800000000000000aa01f800000000000000aa01f800000000000000aa01f800000000000000aa01f800000000000000aa01f800000000000000aa01f800000000000000aa01f800000000000000aa01f8000000000000
02:31:35.440 [DEBUG] [serial] RX 104 bytes: 00aa01f800000000000000aa01f800000000000000aa01f800000000000000aa01f800000000000000aa01f800000000000000aa01f800000000000000aa01f800000000000000aa01f800000000000000aa01f800000000000000aa01f800000000000000aa01f8
02:31:35.549 [DEBUG] [serial] RX 103 bytes: 00000000000000aa01f800000000000000aa01f800000000000000aa01f800000000000000aa01f800000000000000aa01f800000000000000aa01f800000000000000aa01f800000000000000aa01f800000000000000aa01f800000000000000aa01f8000000
02:31:35.658 [DEBUG] [serial] RX 103 bytes: 00000000aa01f800000000000000aa01f800000000000000aa01f800000000000000aa01f800000000000000aa01f800000000000000aa01f800000000000000aa01f800000000000000aa01f800000000000000aa01f800000000000000aa01f8000000000000
02:31:35.767 [DEBUG] [serial] RX 104 bytes: 00aa01f800000000000000aa01f800000000000000aa01f800000000000000aa01f800000000000000aa01f800000000000000aa01f800000000000000aa01f800000000000000aa01f800000000000000aa01f800000000000000aa01f800000000000000aa01f8
02:31:35.877 [DEBUG] [serial] RX 105 bytes: 00000000000000aa01f800000000000000aa01f800000000000000aa01f800000000000000aa01f800000000000000aa01f800000000000000aa01f800000000000000aa01f800000000000000aa01f800000000000000aa01f800000000000000aa01f80000000000
02:31:35.985 [DEBUG] [serial] RX 102 bytes: 0000aa01f800000000000000aa01f800000000000000aa01f800000000000000aa01f800000000000000aa01f800000000000000aa01f800000000000000aa01f800000000000000aa01f800000000000000aa01f800000000000000aa01f800000000000000
02:31:36.093 [DEBUG] [serial] RX 104 bytes: aa01f800000000000000aa01f800000000000000aa01f800000000000000aa01f800000000000000aa01f800000000000000aa01f800000000000000aa01f800000000000000aa01f800000000000000aa01f800000000000000aa01f800000000000000aa01f800
02:31:36.202 [DEBUG] [serial] RX 103 bytes: 000000000000aa01f800000000000000aa01f800000000000000aa01f800000000000000aa01f800000000000000aa01f800000000000000aa01f800000000000000aa01f800000000000000aa01f800000000000000aa01f800000000000000aa01f800000000
02:31:36.310 [DEBUG] [serial] RX 103 bytes: 000000aa01f800000000000000aa01f800000000000000aa01f800000000000000aa01f800000000000000aa01f800000000000000aa01f800000000000000aa01f800000000000000aa01f800000000000000aa01f800000000000000aa01f800000000000000
02:31:36.419 [DEBUG] [serial] RX 104 bytes: aa01f800000000000000aa01f800000000000000aa01f800000000000000aa01f800000000000000aa01f800000000000000aa01f800000000000000aa01f800000000000000aa01f800000000000000aa01f800000000000000aa01f800000000000000aa01f800
02:31:36.529 [DEBUG] [serial] RX 104 bytes: 000000000000aa01f800000000000000aa01f800000000000000aa01f800000000000000aa01f800000000000000aa01f800000000000000aa01f800000000000000aa01f800000000000000aa01f800000000000000aa01f800000000000000aa01f80000000000
02:31:36.639 [DEBUG] [serial] RX 105 bytes: 0000aa01f800000000000000aa01f800000000000000aa01f800000000000000aa01f800000000000000aa01f800000000000000aa01f800000000000000aa01f800000000000000aa01f800000000000000aa01f800000000000000aa01f800000000000000aa01f8
02:31:36.748 [DEBUG] [serial] RX 104 bytes: 00000000000000aa01f800000000000000aa01f800000000000000aa01f800000000000000aa01f800000000000000aa01f800000000000000aa01f800000000000000aa01f800000000000000aa01f800000000000000aa01f800000000000000aa01f800000000
02:31:36.857 [DEBUG] [serial] RX 104 bytes: 000000aa01f800000000000000aa01f800000000000000aa01f800000000000000aa01f800000000000000aa01f800000000000000aa01f800000000000000aa01f800000000000000aa01f800000000000000aa01f800000000000000aa01f800000000000000aa
02:31:36.859 [DEBUG] [serial] PKT #24500: flags=0x01 in=-2048 ds=0 flt=0
02:31:36.965 [DEBUG] [serial] RX 103 bytes: 01f800000000000000aa01f800000000000000aa01f800000000000000aa01f800000000000000aa01f800000000000000aa01f800000000000000aa01f800000000000000aa01f800000000000000aa01f800000000000000aa01f800000000000000aa01f800
02:31:37.075 [DEBUG] [serial] RX 104 bytes: 000000000000aa01f800000000000000aa01f800000000000000aa01f800000000000000aa01f800000000000000aa01f800000000000000aa01f800000000000000aa01f800000000000000aa01f800000000000000aa01f800000000000000aa01f80000000000
02:31:37.184 [DEBUG] [serial] RX 103 bytes: 0000aa01f800000000000000aa01f800000000000000aa01f800000000000000aa01f800000000000000aa01f800000000000000aa01f800000000000000aa01f800000000000000aa01f800000000000000aa01f800000000000000aa01f800000000000000aa
02:31:37.292 [DEBUG] [serial] RX 104 bytes: 01f800000000000000aa01f800000000000000aa01f800000000000000aa01f800000000000000aa01f800000000000000aa01f800000000000000aa01f800000000000000aa01f800000000000000aa01f800000000000000aa01f800000000000000aa01f80000
02:31:37.400 [DEBUG] [serial] RX 102 bytes: 0000000000aa01f800000000000000aa01f800000000000000aa01f800000000000000aa01f800000000000000aa01f800000000000000aa01f800000000000000aa01f800000000000000aa01f800000000000000aa01f800000000000000aa01f800000000
02:31:37.508 [DEBUG] [serial] RX 103 bytes: 000000aa01f800000000000000aa01f800000000000000aa01f800000000000000aa01f800000000000000aa01f800000000000000aa01f800000000000000aa01f800000000000000aa01f800000000000000aa01f800000000000000aa01f800000000000000
02:31:37.510 [INFO] [serial] Stats: 24569 pkts, 245696 bytes rx
02:31:37.618 [DEBUG] [serial] RX 105 bytes: aa01f800000000000000aa01f800000000000000aa01f800000000000000aa01f800000000000000aa01f800000000000000aa01f800000000000000aa01f800000000000000aa01f800000000000000aa01f800000000000000aa01f800000000000000aa01f80000
02:31:37.727 [DEBUG] [serial] RX 104 bytes: 0000000000aa01f800000000000000aa01f800000000000000aa01f800000000000000aa01f800000000000000aa01f800000000000000aa01f800000000000000aa01f800000000000000aa01f800000000000000aa01f800000000000000aa01f8000000000000
02:31:37.836 [DEBUG] [serial] RX 103 bytes: 00aa01f800000000000000aa01f800000000000000aa01f800000000000000aa01f800000000000000aa01f800000000000000aa01f800000000000000aa01f800000000000000aa01f800000000000000aa01f800000000000000aa01f800000000000000aa01
02:31:37.945 [DEBUG] [serial] RX 104 bytes: f800000000000000aa01f800000000000000aa01f800000000000000aa01f800000000000000aa01f800000000000000aa01f800000000000000aa01f800000000000000aa01f800000000000000aa01f800000000000000aa01f800000000000000aa01f8000000
02:31:38.055 [DEBUG] [serial] RX 104 bytes: 00000000aa01f800000000000000aa01f800000000000000aa01f800000000000000aa01f800000000000000aa01f800000000000000aa01f800000000000000aa01f800000000000000aa01f800000000000000aa01f800000000000000aa01f800000000000000
02:31:38.164 [DEBUG] [serial] RX 104 bytes: aa01f800000000000000aa01f800000000000000aa01f800000000000000aa01f800000000000000aa01f800000000000000aa01f800000000000000aa01f800000000000000aa01f800000000000000aa01f800000000000000aa01f800000000000000aa01f800
02:31:38.272 [DEBUG] [serial] RX 103 bytes: 000000000000aa01f800000000000000aa01f800000000000000aa01f800000000000000aa01f800000000000000aa01f800000000000000aa01f800000000000000aa01f800000000000000aa01f800000000000000aa01f800000000000000aa01f800000000
02:31:38.380 [DEBUG] [serial] RX 103 bytes: 000000aa01f800000000000000aa01f800000000000000aa01f800000000000000aa01f800000000000000aa01f800000000000000aa01f800000000000000aa01f800000000000000aa01f800000000000000aa01f800000000000000aa01f800000000000000
02:31:38.489 [DEBUG] [serial] RX 104 bytes: aa01f800000000000000aa01f800000000000000aa01f800000000000000aa01f800000000000000aa01f800000000000000aa01f800000000000000aa01f800000000000000aa01f800000000000000aa01f800000000000000aa01f800000000000000aa01f800
02:31:38.597 [DEBUG] [serial] RX 103 bytes: 000000000000aa01f800000000000000aa01f800000000000000aa01f800000000000000aa01f800000000000000aa01f800000000000000aa01f800000000000000aa01f800000000000000aa01f800000000000000aa01f800000000000000aa01f800000000
02:31:38.707 [DEBUG] [serial] RX 105 bytes: 000000aa01f800000000000000aa01f800000000000000aa01f800000000000000aa01f800000000000000aa01f800000000000000aa01f800000000000000aa01f800000000000000aa01f800000000000000aa01f800000000000000aa01f800000000000000aa01
02:31:38.815 [DEBUG] [serial] RX 102 bytes: f800000000000000aa01f800000000000000aa01f800000000000000aa01f800000000000000aa01f800000000000000aa01f800000000000000aa01f800000000000000aa01f800000000000000aa01f800000000000000aa01f800000000000000aa01f800
02:31:38.926 [DEBUG] [serial] RX 105 bytes: 000000000000aa01f800000000000000aa01f800000000000000aa01f800000000000000aa01f800000000000000aa01f800000000000000aa01f800000000000000aa01f800000000000000aa01f800000000000000aa01f800000000000000aa01f8000000000000
02:31:39.034 [DEBUG] [serial] RX 104 bytes: 00aa01f800000000000000aa01f800000000000000aa01f800000000000000aa01f800000000000000aa01f800000000000000aa01f800000000000000aa01f800000000000000aa01f800000000000000aa01f800000000000000aa01f800000000000000aa01f8
02:31:39.143 [DEBUG] [serial] RX 103 bytes: 00000000000000aa01f800000000000000aa01f800000000000000aa01f800000000000000aa01f800000000000000aa01f800000000000000aa01f800000000000000aa01f800000000000000aa01f800000000000000aa01f800000000000000aa01f8000000
02:31:39.251 [DEBUG] [serial] RX 103 bytes: 00000000aa01f800000000000000aa01f800000000000000aa01f800000000000000aa01f800000000000000aa01f800000000000000aa01f800000000000000aa01f800000000000000aa01f800000000000000aa01f800000000000000aa01f8000000000000
02:31:39.361 [DEBUG] [serial] RX 104 bytes: 00aa01f800000000000000aa01f800000000000000aa01f800000000000000aa01f800000000000000aa01f800000000000000aa01f800000000000000aa01f800000000000000aa01f800000000000000aa01f800000000000000aa01f800000000000000aa01f8
02:31:39.468 [DEBUG] [serial] RX 102 bytes: 00000000000000aa01f800000000000000aa01f800000000000000aa01f800000000000000aa01f800000000000000aa01f800000000000000aa01f800000000000000aa01f800000000000000aa01f800000000000000aa01f800000000000000aa01f80000
02:31:39.578 [DEBUG] [serial] RX 105 bytes: 0000000000aa01f800000000000000aa01f800000000000000aa01f800000000000000aa01f800000000000000aa01f800000000000000aa01f800000000000000aa01f800000000000000aa01f800000000000000aa01f800000000000000aa01f800000000000000
02:31:39.687 [DEBUG] [serial] RX 104 bytes: aa01f800000000000000aa01f800000000000000aa01f800000000000000aa01f800000000000000aa01f800000000000000aa01f800000000000000aa01f800000000000000aa01f800000000000000aa01f800000000000000aa01f800000000000000aa01f800
02:31:39.796 [DEBUG] [serial] RX 103 bytes: 000000000000aa01f800000000000000aa01f800000000000000aa01f800000000000000aa01f800000000000000aa01f800000000000000aa01f800000000000000aa01f800000000000000aa01f800000000000000aa01f800000000000000aa01f800000000
02:31:39.906 [DEBUG] [serial] RX 105 bytes: 000000aa01f800000000000000aa01f800000000000000aa01f800000000000000aa01f800000000000000aa01f800000000000000aa01f800000000000000aa01f800000000000000aa01f800000000000000aa01f800000000000000aa01f800000000000000aa01
02:31:40.016 [DEBUG] [serial] RX 104 bytes: f800000000000000aa01f800000000000000aa01f800000000000000aa01f800000000000000aa01f800000000000000aa01f800000000000000aa01f800000000000000aa01f800000000000000aa01f800000000000000aa01f800000000000000aa01f8000000
02:31:40.124 [DEBUG] [serial] RX 104 bytes: 00000000aa01f800000000000000aa01f800000000000000aa01f800000000000000aa01f800000000000000aa01f800000000000000aa01f800000000000000aa01f800000000000000aa01f800000000000000aa01f800000000000000aa01f800000000000000
02:31:40.234 [DEBUG] [serial] RX 104 bytes: aa01f800000000000000aa01f800000000000000aa01f800000000000000aa01f800000000000000aa01f800000000000000aa01f800000000000000aa01f800000000000000aa01f800000000000000aa01f800000000000000aa01f800000000000000aa01f800
02:31:40.343 [DEBUG] [serial] RX 105 bytes: 000000000000aa01f800000000000000aa01f800000000000000aa01f800000000000000aa01f800000000000000aa01f800000000000000aa01f800000000000000aa01f800000000000000aa01f800000000000000aa01f800000000000000aa01f8000000000000
02:31:40.454 [DEBUG] [serial] RX 104 bytes: 00aa01f800000000000000aa01f800000000000000aa01f800000000000000aa01f800000000000000aa01f800000000000000aa01f800000000000000aa01f800000000000000aa01f800000000000000aa01f800000000000000aa01f800000000000000aa01f8
02:31:40.564 [DEBUG] [serial] RX 105 bytes: 00000000000000aa01f800000000000000aa01f800000000000000aa01f800000000000000aa01f800000000000000aa01f800000000000000aa01f800000000000000aa01f800000000000000aa01f800000000000000aa01f800000000000000aa01f80000000000
02:31:40.672 [DEBUG] [serial] RX 104 bytes: 0000aa01f800000000000000aa01f800000000000000aa01f800000000000000aa01f800000000000000aa01f800000000000000aa01f800000000000000aa01f800000000000000aa01f800000000000000aa01f800000000000000aa01f800000000000000aa01
02:31:40.782 [DEBUG] [serial] RX 104 bytes: f800000000000000aa01f800000000000000aa01f800000000000000aa01f800000000000000aa01f800000000000000aa01f800000000000000aa01f800000000000000aa01f800000000000000aa01f800000000000000aa01f800000000000000aa01f8000000
02:31:40.891 [DEBUG] [serial] RX 104 bytes: 00000000aa01f800000000000000aa01f800000000000000aa01f800000000000000aa01f800000000000000aa01f800000000000000aa01f800000000000000aa01f800000000000000aa01f800000000000000aa01f800000000000000aa01f800000000000000
02:31:41.002 [DEBUG] [serial] RX 105 bytes: aa01f800000000000000aa01f800000000000000aa01f800000000000000aa01f800000000000000aa01f800000000000000aa01f800000000000000aa01f800000000000000aa01f800000000000000aa01f800000000000000aa01f800000000000000aa01f80000
02:31:41.110 [DEBUG] [serial] RX 103 bytes: 0000000000aa01f800000000000000aa01f800000000000000aa01f800000000000000aa01f800000000000000aa01f800000000000000aa01f800000000000000aa01f800000000000000aa01f800000000000000aa01f800000000000000aa01f80000000000
02:31:41.219 [DEBUG] [serial] RX 104 bytes: 0000aa01f800000000000000aa01f800000000000000aa01f800000000000000aa01f800000000000000aa01f800000000000000aa01f800000000000000aa01f800000000000000aa01f800000000000000aa01f800000000000000aa01f800000000000000aa01
02:31:41.328 [DEBUG] [serial] RX 103 bytes: f800000000000000aa01f800000000000000aa01f800000000000000aa01f800000000000000aa01f800000000000000aa01f800000000000000aa01f800000000000000aa01f800000000000000aa01f800000000000000aa01f800000000000000aa01f80000
02:31:41.437 [DEBUG] [serial] RX 104 bytes: 0000000000aa01f800000000000000aa01f800000000000000aa01f800000000000000aa01f800000000000000aa01f800000000000000aa01f800000000000000aa01f800000000000000aa01f800000000000000aa01f800000000000000aa01f8000000000000
02:31:41.545 [DEBUG] [serial] RX 103 bytes: 00aa01f800000000000000aa01f800000000000000aa01f800000000000000aa01f800000000000000aa01f800000000000000aa01f800000000000000aa01f800000000000000aa01f800000000000000aa01f800000000000000aa01f800000000000000aa01
02:31:41.654 [DEBUG] [serial] RX 104 bytes: f800000000000000aa01f800000000000000aa01f800000000000000aa01f800000000000000aa01f800000000000000aa01f800000000000000aa01f800000000000000aa01f800000000000000aa01f800000000000000aa01f800000000000000aa01f8000000
02:31:41.763 [DEBUG] [serial] RX 104 bytes: 00000000aa01f800000000000000aa01f800000000000000aa01f800000000000000aa01f800000000000000aa01f800000000000000aa01f800000000000000aa01f800000000000000aa01f800000000000000aa01f800000000000000aa01f800000000000000
02:31:41.872 [DEBUG] [serial] RX 103 bytes: aa01f800000000000000aa01f800000000000000aa01f800000000000000aa01f800000000000000aa01f800000000000000aa01f800000000000000aa01f800000000000000aa01f800000000000000aa01f800000000000000aa01f800000000000000aa01f8
02:31:41.982 [DEBUG] [serial] RX 104 bytes: 00000000000000aa01f800000000000000aa01f800000000000000aa01f800000000000000aa01f800000000000000aa01f800000000000000aa01f800000000000000aa01f800000000000000aa01f800000000000000aa01f800000000000000aa01f800000000
02:31:42.091 [DEBUG] [serial] RX 104 bytes: 000000aa01f800000000000000aa01f800000000000000aa01f800000000000000aa01f800000000000000aa01f800000000000000aa01f800000000000000aa01f800000000000000aa01f800000000000000aa01f800000000000000aa01f800000000000000aa
02:31:42.091 [DEBUG] [serial] PKT #25000: flags=0x01 in=-2048 ds=0 flt=0
02:31:42.199 [DEBUG] [serial] RX 103 bytes: 01f800000000000000aa01f800000000000000aa01f800000000000000aa01f800000000000000aa01f800000000000000aa01f800000000000000aa01f800000000000000aa01f800000000000000aa01f800000000000000aa01f800000000000000aa01f800
02:31:42.309 [DEBUG] [serial] RX 105 bytes: 000000000000aa01f800000000000000aa01f800000000000000aa01f800000000000000aa01f800000000000000aa01f800000000000000aa01f800000000000000aa01f800000000000000aa01f800000000000000aa01f800000000000000aa01f8000000000000
02:31:42.418 [DEBUG] [serial] RX 104 bytes: 00aa01f800000000000000aa01f800000000000000aa01f800000000000000aa01f800000000000000aa01f800000000000000aa01f800000000000000aa01f800000000000000aa01f800000000000000aa01f800000000000000aa01f800000000000000aa01f8
02:31:42.527 [DEBUG] [serial] RX 103 bytes: 00000000000000aa01f800000000000000aa01f800000000000000aa01f800000000000000aa01f800000000000000aa01f800000000000000aa01f800000000000000aa01f800000000000000aa01f800000000000000aa01f800000000000000aa01f8000000
02:31:42.528 [INFO] [serial] Stats: 25046 pkts, 250472 bytes rx
02:31:42.635 [DEBUG] [serial] RX 103 bytes: 00000000aa01f800000000000000aa01f800000000000000aa01f800000000000000aa01f800000000000000aa01f800000000000000aa01f800000000000000aa01f800000000000000aa01f800000000000000aa01f800000000000000aa01f8000000000000
02:31:42.744 [DEBUG] [serial] RX 104 bytes: 00aa01f800000000000000aa01f800000000000000aa01f800000000000000aa01f800000000000000aa01f800000000000000aa01f800000000000000aa01f800000000000000aa01f800000000000000aa01f800000000000000aa01f800000000000000aa01f8
02:31:42.853 [DEBUG] [serial] RX 104 bytes: 00000000000000aa01f800000000000000aa01f800000000000000aa01f800000000000000aa01f800000000000000aa01f800000000000000aa01f800000000000000aa01f800000000000000aa01f800000000000000aa01f800000000000000aa01f800000000
02:31:42.964 [DEBUG] [serial] RX 105 bytes: 000000aa01f800000000000000aa01f800000000000000aa01f800000000000000aa01f800000000000000aa01f800000000000000aa01f800000000000000aa01f800000000000000aa01f800000000000000aa01f800000000000000aa01f800000000000000aa01
02:31:43.071 [DEBUG] [serial] RX 102 bytes: f800000000000000aa01f800000000000000aa01f800000000000000aa01f800000000000000aa01f800000000000000aa01f800000000000000aa01f800000000000000aa01f800000000000000aa01f800000000000000aa01f800000000000000aa01f800
02:31:43.179 [DEBUG] [serial] RX 103 bytes: 000000000000aa01f800000000000000aa01f800000000000000aa01f800000000000000aa01f800000000000000aa01f800000000000000aa01f800000000000000aa01f800000000000000aa01f800000000000000aa01f800000000000000aa01f800000000
02:31:43.289 [DEBUG] [serial] RX 104 bytes: 000000aa01f800000000000000aa01f800000000000000aa01f800000000000000aa01f800000000000000aa01f800000000000000aa01f800000000000000aa01f800000000000000aa01f800000000000000aa01f800000000000000aa01f800000000000000aa
02:31:43.398 [DEBUG] [serial] RX 104 bytes: 01f800000000000000aa01f800000000000000aa01f800000000000000aa01f800000000000000aa01f800000000000000aa01f800000000000000aa01f800000000000000aa01f800000000000000aa01f800000000000000aa01f800000000000000aa01f80000
02:31:43.509 [DEBUG] [serial] RX 106 bytes: 0000000000aa01f800000000000000aa01f800000000000000aa01f800000000000000aa01f800000000000000aa01f800000000000000aa01f800000000000000aa01f800000000000000aa01f800000000000000aa01f800000000000000aa01f800000000000000aa
02:31:43.618 [DEBUG] [serial] RX 104 bytes: 01f800000000000000aa01f800000000000000aa01f800000000000000aa01f800000000000000aa01f800000000000000aa01f800000000000000aa01f800000000000000aa01f800000000000000aa01f800000000000000aa01f800000000000000aa01f80000
02:31:43.728 [DEBUG] [serial] RX 104 bytes: 0000000000aa01f800000000000000aa01f800000000000000aa01f800000000000000aa01f800000000000000aa01f800000000000000aa01f800000000000000aa01f800000000000000aa01f800000000000000aa01f800000000000000aa01f8000000000000
02:31:43.837 [DEBUG] [serial] RX 104 bytes: 00aa01f800000000000000aa01f800000000000000aa01f800000000000000aa01f800000000000000aa01f800000000000000aa01f800000000000000aa01f800000000000000aa01f800000000000000aa01f800000000000000aa01f800000000000000aa01f8
02:31:43.946 [DEBUG] [serial] RX 103 bytes: 00000000000000aa01f800000000000000aa01f800000000000000aa01f800000000000000aa01f800000000000000aa01f800000000000000aa01f800000000000000aa01f800000000000000aa01f800000000000000aa01f800000000000000aa01f8000000
02:31:44.054 [DEBUG] [serial] RX 104 bytes: 00000000aa01f800000000000000aa01f800000000000000aa01f800000000000000aa01f800000000000000aa01f800000000000000aa01f800000000000000aa01f800000000000000aa01f800000000000000aa01f800000000000000aa01f800000000000000
02:31:44.163 [DEBUG] [serial] RX 103 bytes: aa01f800000000000000aa01f800000000000000aa01f800000000000000aa01f800000000000000aa01f800000000000000aa01f800000000000000aa01f800000000000000aa01f800000000000000aa01f800000000000000aa01f800000000000000aa01f8
02:31:44.272 [DEBUG] [serial] RX 104 bytes: 00000000000000aa01f800000000000000aa01f800000000000000aa01f800000000000000aa01f800000000000000aa01f800000000000000aa01f800000000000000aa01f800000000000000aa01f800000000000000aa01f800000000000000aa01f800000000
02:31:44.381 [DEBUG] [serial] RX 104 bytes: 000000aa01f800000000000000aa01f800000000000000aa01f800000000000000aa01f800000000000000aa01f800000000000000aa01f800000000000000aa01f800000000000000aa01f800000000000000aa01f800000000000000aa01f800000000000000aa
02:31:44.490 [DEBUG] [serial] RX 104 bytes: 01f800000000000000aa01f800000000000000aa01f800000000000000aa01f800000000000000aa01f800000000000000aa01f800000000000000aa01f800000000000000aa01f800000000000000aa01f800000000000000aa01f800000000000000aa01f80000
02:31:44.599 [DEBUG] [serial] RX 104 bytes: 0000000000aa01f800000000000000aa01f800000000000000aa01f800000000000000aa01f800000000000000aa01f800000000000000aa01f800000000000000aa01f800000000000000aa01f800000000000000aa01f800000000000000aa01f8000000000000
02:31:44.709 [DEBUG] [serial] RX 104 bytes: 00aa01f800000000000000aa01f800000000000000aa01f800000000000000aa01f800000000000000aa01f800000000000000aa01f800000000000000aa01f800000000000000aa01f800000000000000aa01f800000000000000aa01f800000000000000aa01f8
02:31:44.818 [DEBUG] [serial] RX 104 bytes: 00000000000000aa01f800000000000000aa01f800000000000000aa01f800000000000000aa01f800000000000000aa01f800000000000000aa01f800000000000000aa01f800000000000000aa01f800000000000000aa01f800000000000000aa01f800000000
02:31:44.928 [DEBUG] [serial] RX 104 bytes: 000000aa01f800000000000000aa01f800000000000000aa01f800000000000000aa01f800000000000000aa01f800000000000000aa01f800000000000000aa01f800000000000000aa01f800000000000000aa01f800000000000000aa01f800000000000000aa
02:31:45.036 [DEBUG] [serial] RX 103 bytes: 01f800000000000000aa01f800000000000000aa01f800000000000000aa01f800000000000000aa01f800000000000000aa01f800000000000000aa01f800000000000000aa01f800000000000000aa01f800000000000000aa01f800000000000000aa01f800
02:31:45.145 [DEBUG] [serial] RX 103 bytes: 000000000000aa01f800000000000000aa01f800000000000000aa01f800000000000000aa01f800000000000000aa01f800000000000000aa01f800000000000000aa01f800000000000000aa01f800000000000000aa01f800000000000000aa01f800000000
02:31:45.254 [DEBUG] [serial] RX 105 bytes: 000000aa01f800000000000000aa01f800000000000000aa01f800000000000000aa01f800000000000000aa01f800000000000000aa01f800000000000000aa01f800000000000000aa01f800000000000000aa01f800000000000000aa01f800000000000000aa01
02:31:45.364 [DEBUG] [serial] RX 104 bytes: f800000000000000aa01f800000000000000aa01f800000000000000aa01f800000000000000aa01f800000000000000aa01f800000000000000aa01f800000000000000aa01f800000000000000aa01f800000000000000aa01f800000000000000aa01f8000000
02:31:45.473 [DEBUG] [serial] RX 103 bytes: 00000000aa01f800000000000000aa01f800000000000000aa01f800000000000000aa01f800000000000000aa01f800000000000000aa01f800000000000000aa01f800000000000000aa01f800000000000000aa01f800000000000000aa01f8000000000000
02:31:45.580 [DEBUG] [serial] RX 103 bytes: 00aa01f800000000000000aa01f800000000000000aa01f800000000000000aa01f800000000000000aa01f800000000000000aa01f800000000000000aa01f800000000000000aa01f800000000000000aa01f800000000000000aa01f800000000000000aa01
02:31:45.689 [DEBUG] [serial] RX 104 bytes: f800000000000000aa01f800000000000000aa01f800000000000000aa01f800000000000000aa01f800000000000000aa01f800000000000000aa01f800000000000000aa01f800000000000000aa01f800000000000000aa01f800000000000000aa01f8000000
02:31:45.799 [DEBUG] [serial] RX 104 bytes: 00000000aa01f800000000000000aa01f800000000000000aa01f800000000000000aa01f800000000000000aa01f800000000000000aa01f800000000000000aa01f800000000000000aa01f800000000000000aa01f800000000000000aa01f800000000000000
02:31:45.908 [DEBUG] [serial] RX 104 bytes: aa01f800000000000000aa01f800000000000000aa01f800000000000000aa01f800000000000000aa01f800000000000000aa01f800000000000000aa01f800000000000000aa01f800000000000000aa01f800000000000000aa01f800000000000000aa01f800
02:31:46.018 [DEBUG] [serial] RX 105 bytes: 000000000000aa01f800000000000000aa01f800000000000000aa01f800000000000000aa01f800000000000000aa01f800000000000000aa01f800000000000000aa01f800000000000000aa01f800000000000000aa01f800000000000000aa01f8000000000000
02:31:46.127 [DEBUG] [serial] RX 103 bytes: 00aa01f800000000000000aa01f800000000000000aa01f800000000000000aa01f800000000000000aa01f800000000000000aa01f800000000000000aa01f800000000000000aa01f800000000000000aa01f800000000000000aa01f800000000000000aa01
02:31:46.236 [DEBUG] [serial] RX 104 bytes: f800000000000000aa01f800000000000000aa01f800000000000000aa01f800000000000000aa01f800000000000000aa01f800000000000000aa01f800000000000000aa01f800000000000000aa01f800000000000000aa01f800000000000000aa01f8000000
02:31:46.345 [DEBUG] [serial] RX 104 bytes: 00000000aa01f800000000000000aa01f800000000000000aa01f800000000000000aa01f800000000000000aa01f800000000000000aa01f800000000000000aa01f800000000000000aa01f800000000000000aa01f800000000000000aa01f800000000000000
02:31:46.457 [DEBUG] [serial] RX 107 bytes: aa01f800000000000000aa01f800000000000000aa01f800000000000000aa01f800000000000000aa01f800000000000000aa01f800000000000000aa01f800000000000000aa01f800000000000000aa01f800000000000000aa01f800000000000000aa01f800000000
02:31:46.566 [DEBUG] [serial] RX 103 bytes: 000000aa01f800000000000000aa01f800000000000000aa01f800000000000000aa01f800000000000000aa01f800000000000000aa01f800000000000000aa01f800000000000000aa01f800000000000000aa01f800000000000000aa01f800000000000000
02:31:46.677 [DEBUG] [serial] RX 106 bytes: aa01f800000000000000aa01f800000000000000aa01f800000000000000aa01f800000000000000aa01f800000000000000aa01f800000000000000aa01f800000000000000aa01f800000000000000aa01f800000000000000aa01f800000000000000aa01f8000000
02:31:46.786 [DEBUG] [serial] RX 104 bytes: 00000000aa01f800000000000000aa01f800000000000000aa01f800000000000000aa01f800000000000000aa01f800000000000000aa01f800000000000000aa01f800000000000000aa01f800000000000000aa01f800000000000000aa01f800000000000000
02:31:46.896 [DEBUG] [serial] RX 104 bytes: aa01f800000000000000aa01f800000000000000aa01f800000000000000aa01f800000000000000aa01f800000000000000aa01f800000000000000aa01f800000000000000aa01f800000000000000aa01f800000000000000aa01f800000000000000aa01f800
02:31:47.006 [DEBUG] [serial] RX 105 bytes: 000000000000aa01f800000000000000aa01f800000000000000aa01f800000000000000aa01f800000000000000aa01f800000000000000aa01f800000000000000aa01f800000000000000aa01f800000000000000aa01f800000000000000aa01f8000000000000
02:31:47.115 [DEBUG] [serial] RX 104 bytes: 00aa01f800000000000000aa01f800000000000000aa01f800000000000000aa01f800000000000000aa01f800000000000000aa01f800000000000000aa01f800000000000000aa01f800000000000000aa01f800000000000000aa01f800000000000000aa01f8
02:31:47.224 [DEBUG] [serial] RX 103 bytes: 00000000000000aa01f800000000000000aa01f800000000000000aa01f800000000000000aa01f800000000000000aa01f800000000000000aa01f800000000000000aa01f800000000000000aa01f800000000000000aa01f800000000000000aa01f8000000
02:31:47.333 [DEBUG] [serial] RX 103 bytes: 00000000aa01f800000000000000aa01f800000000000000aa01f800000000000000aa01f800000000000000aa01f800000000000000aa01f800000000000000aa01f800000000000000aa01f800000000000000aa01f800000000000000aa01f8000000000000
02:31:47.333 [DEBUG] [serial] PKT #25500: flags=0x01 in=-2048 ds=0 flt=0
02:31:47.440 [DEBUG] [serial] RX 103 bytes: 00aa01f800000000000000aa01f800000000000000aa01f800000000000000aa01f800000000000000aa01f800000000000000aa01f800000000000000aa01f800000000000000aa01f800000000000000aa01f800000000000000aa01f800000000000000aa01
02:31:47.550 [DEBUG] [serial] RX 105 bytes: f800000000000000aa01f800000000000000aa01f800000000000000aa01f800000000000000aa01f800000000000000aa01f800000000000000aa01f800000000000000aa01f800000000000000aa01f800000000000000aa01f800000000000000aa01f800000000
02:31:47.552 [INFO] [serial] Stats: 25524 pkts, 255253 bytes rx
02:31:47.660 [DEBUG] [serial] RX 104 bytes: 000000aa01f800000000000000aa01f800000000000000aa01f800000000000000aa01f800000000000000aa01f800000000000000aa01f800000000000000aa01f800000000000000aa01f800000000000000aa01f800000000000000aa01f800000000000000aa
02:31:47.769 [DEBUG] [serial] RX 104 bytes: 01f800000000000000aa01f800000000000000aa01f800000000000000aa01f800000000000000aa01f800000000000000aa01f800000000000000aa01f800000000000000aa01f800000000000000aa01f800000000000000aa01f800000000000000aa01f80000
02:31:47.878 [DEBUG] [serial] RX 103 bytes: 0000000000aa01f800000000000000aa01f800000000000000aa01f800000000000000aa01f800000000000000aa01f800000000000000aa01f800000000000000aa01f800000000000000aa01f800000000000000aa01f800000000000000aa01f80000000000
02:31:47.987 [DEBUG] [serial] RX 104 bytes: 0000aa01f800000000000000aa01f800000000000000aa01f800000000000000aa01f800000000000000aa01f800000000000000aa01f800000000000000aa01f800000000000000aa01f800000000000000aa01f800000000000000aa01f800000000000000aa01
02:31:48.097 [DEBUG] [serial] RX 105 bytes: f800000000000000aa01f800000000000000aa01f800000000000000aa01f800000000000000aa01f800000000000000aa01f800000000000000aa01f800000000000000aa01f800000000000000aa01f800000000000000aa01f800000000000000aa01f800000000
02:31:48.204 [DEBUG] [serial] RX 102 bytes: 000000aa01f800000000000000aa01f800000000000000aa01f800000000000000aa01f800000000000000aa01f800000000000000aa01f800000000000000aa01f800000000000000aa01f800000000000000aa01f800000000000000aa01f8000000000000
02:31:48.313 [DEBUG] [serial] RX 104 bytes: 00aa01f800000000000000aa01f800000000000000aa01f800000000000000aa01f800000000000000aa01f800000000000000aa01f800000000000000aa01f800000000000000aa01f800000000000000aa01f800000000000000aa01f800000000000000aa01f8
02:31:48.423 [DEBUG] [serial] RX 104 bytes: 00000000000000aa01f800000000000000aa01f800000000000000aa01f800000000000000aa01f800000000000000aa01f800000000000000aa01f800000000000000aa01f800000000000000aa01f800000000000000aa01f800000000000000aa01f800000000
02:31:48.533 [DEBUG] [serial] RX 104 bytes: 000000aa01f800000000000000aa01f800000000000000aa01f800000000000000aa01f800000000000000aa01f800000000000000aa01f800000000000000aa01f800000000000000aa01f800000000000000aa01f800000000000000aa01f800000000000000aa
02:31:48.641 [DEBUG] [serial] RX 104 bytes: 01f800000000000000aa01f800000000000000aa01f800000000000000aa01f800000000000000aa01f800000000000000aa01f800000000000000aa01f800000000000000aa01f800000000000000aa01f800000000000000aa01f800000000000000aa01f80000
02:31:48.751 [DEBUG] [serial] RX 104 bytes: 0000000000aa01f800000000000000aa01f800000000000000aa01f800000000000000aa01f800000000000000aa01f800000000000000aa01f800000000000000aa01f800000000000000aa01f800000000000000aa01f800000000000000aa01f8000000000000
02:31:48.860 [DEBUG] [serial] RX 104 bytes: 00aa01f800000000000000aa01f800000000000000aa01f800000000000000aa01f800000000000000aa01f800000000000000aa01f800000000000000aa01f800000000000000aa01f800000000000000aa01f800000000000000aa01f800000000000000aa01f8
02:31:48.970 [DEBUG] [serial] RX 104 bytes: 00000000000000aa01f800000000000000aa01f800000000000000aa01f800000000000000aa01f800000000000000aa01f800000000000000aa01f800000000000000aa01f800000000000000aa01f800000000000000aa01f800000000000000aa01f800000000
02:31:49.080 [DEBUG] [serial] RX 106 bytes: 000000aa01f800000000000000aa01f800000000000000aa01f800000000000000aa01f800000000000000aa01f800000000000000aa01f800000000000000aa01f800000000000000aa01f800000000000000aa01f800000000000000aa01f800000000000000aa01f8
02:31:49.189 [DEBUG] [serial] RX 103 bytes: 00000000000000aa01f800000000000000aa01f800000000000000aa01f800000000000000aa01f800000000000000aa01f800000000000000aa01f800000000000000aa01f800000000000000aa01f800000000000000aa01f800000000000000aa01f8000000
02:31:49.299 [DEBUG] [serial] RX 105 bytes: 00000000aa01f800000000000000aa01f800000000000000aa01f800000000000000aa01f800000000000000aa01f800000000000000aa01f800000000000000aa01f800000000000000aa01f800000000000000aa01f800000000000000aa01f800000000000000aa
02:31:49.407 [DEBUG] [serial] RX 103 bytes: 01f800000000000000aa01f800000000000000aa01f800000000000000aa01f800000000000000aa01f800000000000000aa01f800000000000000aa01f800000000000000aa01f800000000000000aa01f800000000000000aa01f800000000000000aa01f800
02:31:49.516 [DEBUG] [serial] RX 103 bytes: 000000000000aa01f800000000000000aa01f800000000000000aa01f800000000000000aa01f800000000000000aa01f800000000000000aa01f800000000000000aa01f800000000000000aa01f800000000000000aa01f800000000000000aa01f800000000
02:31:49.624 [DEBUG] [serial] RX 104 bytes: 000000aa01f800000000000000aa01f800000000000000aa01f800000000000000aa01f800000000000000aa01f800000000000000aa01f800000000000000aa01f800000000000000aa01f800000000000000aa01f800000000000000aa01f800000000000000aa
02:31:49.734 [DEBUG] [serial] RX 103 bytes: 01f800000000000000aa01f800000000000000aa01f800000000000000aa01f800000000000000aa01f800000000000000aa01f800000000000000aa01f800000000000000aa01f800000000000000aa01f800000000000000aa01f800000000000000aa01f800
02:31:49.843 [DEBUG] [serial] RX 105 bytes: 000000000000aa01f800000000000000aa01f800000000000000aa01f800000000000000aa01f800000000000000aa01f800000000000000aa01f800000000000000aa01f800000000000000aa01f800000000000000aa01f800000000000000aa01f8000000000000
02:31:49.952 [DEBUG] [serial] RX 103 bytes: 00aa01f800000000000000aa01f800000000000000aa01f800000000000000aa01f800000000000000aa01f800000000000000aa01f800000000000000aa01f800000000000000aa01f800000000000000aa01f800000000000000aa01f800000000000000aa01
02:31:50.062 [DEBUG] [serial] RX 105 bytes: f800000000000000aa01f800000000000000aa01f800000000000000aa01f800000000000000aa01f800000000000000aa01f800000000000000aa01f800000000000000aa01f800000000000000aa01f800000000000000aa01f800000000000000aa01f800000000
02:31:50.169 [DEBUG] [serial] RX 102 bytes: 000000aa01f800000000000000aa01f800000000000000aa01f800000000000000aa01f800000000000000aa01f800000000000000aa01f800000000000000aa01f800000000000000aa01f800000000000000aa01f800000000000000aa01f8000000000000
02:31:50.282 [DEBUG] [serial] RX 108 bytes: 00aa01f800000000000000aa01f800000000000000aa01f800000000000000aa01f800000000000000aa01f800000000000000aa01f800000000000000aa01f800000000000000aa01f800000000000000aa01f800000000000000aa01f800000000000000aa01f800000000
02:31:50.390 [DEBUG] [serial] RX 102 bytes: 000000aa01f800000000000000aa01f800000000000000aa01f800000000000000aa01f800000000000000aa01f800000000000000aa01f800000000000000aa01f800000000000000aa01f800000000000000aa01f800000000000000aa01f8000000000000
02:31:50.499 [DEBUG] [serial] RX 104 bytes: 00aa01f800000000000000aa01f800000000000000aa01f800000000000000aa01f800000000000000aa01f800000000000000aa01f800000000000000aa01f800000000000000aa01f800000000000000aa01f800000000000000aa01f800000000000000aa01f8
02:31:50.609 [DEBUG] [serial] RX 104 bytes: 00000000000000aa01f800000000000000aa01f800000000000000aa01f800000000000000aa01f800000000000000aa01f800000000000000aa01f800000000000000aa01f800000000000000aa01f800000000000000aa01f800000000000000aa01f800000000
02:31:50.717 [DEBUG] [serial] RX 103 bytes: 000000aa01f800000000000000aa01f800000000000000aa01f800000000000000aa01f800000000000000aa01f800000000000000aa01f800000000000000aa01f800000000000000aa01f800000000000000aa01f800000000000000aa01f800000000000000
02:31:50.825 [DEBUG] [serial] RX 103 bytes: aa01f800000000000000aa01f800000000000000aa01f800000000000000aa01f800000000000000aa01f800000000000000aa01f800000000000000aa01f800000000000000aa01f800000000000000aa01f800000000000000aa01f800000000000000aa01f8
02:31:50.933 [DEBUG] [serial] RX 103 bytes: 00000000000000aa01f800000000000000aa01f800000000000000aa01f800000000000000aa01f800000000000000aa01f800000000000000aa01f800000000000000aa01f800000000000000aa01f800000000000000aa01f800000000000000aa01f8000000
02:31:51.043 [DEBUG] [serial] RX 104 bytes: 00000000aa01f800000000000000aa01f800000000000000aa01f800000000000000aa01f800000000000000aa01f800000000000000aa01f800000000000000aa01f800000000000000aa01f800000000000000aa01f800000000000000aa01f800000000000000
02:31:51.153 [DEBUG] [serial] RX 104 bytes: aa01f800000000000000aa01f800000000000000aa01f800000000000000aa01f800000000000000aa01f800000000000000aa01f800000000000000aa01f800000000000000aa01f800000000000000aa01f800000000000000aa01f800000000000000aa01f800
02:31:51.261 [DEBUG] [serial] RX 104 bytes: 000000000000aa01f800000000000000aa01f800000000000000aa01f800000000000000aa01f800000000000000aa01f800000000000000aa01f800000000000000aa01f800000000000000aa01f800000000000000aa01f800000000000000aa01f80000000000
02:31:51.370 [DEBUG] [serial] RX 104 bytes: 0000aa01f800000000000000aa01f800000000000000aa01f800000000000000aa01f800000000000000aa01f800000000000000aa01f800000000000000aa01f800000000000000aa01f800000000000000aa01f800000000000000aa01f800000000000000aa01
02:31:51.479 [DEBUG] [serial] RX 103 bytes: f800000000000000aa01f800000000000000aa01f800000000000000aa01f800000000000000aa01f800000000000000aa01f800000000000000aa01f800000000000000aa01f800000000000000aa01f800000000000000aa01f800000000000000aa01f80000
02:31:51.588 [DEBUG] [serial] RX 104 bytes: 0000000000aa01f800000000000000aa01f800000000000000aa01f800000000000000aa01f800000000000000aa01f800000000000000aa01f800000000000000aa01f800000000000000aa01f800000000000000aa01f800000000000000aa01f8000000000000
02:31:51.696 [DEBUG] [serial] RX 103 bytes: 00aa01f800000000000000aa01f800000000000000aa01f800000000000000aa01f800000000000000aa01f800000000000000aa01f800000000000000aa01f800000000000000aa01f800000000000000aa01f800000000000000aa01f800000000000000aa01
02:31:51.807 [DEBUG] [serial] RX 106 bytes: f800000000000000aa01f800000000000000aa01f800000000000000aa01f800000000000000aa01f800000000000000aa01f800000000000000aa01f800000000000000aa01f800000000000000aa01f800000000000000aa01f800000000000000aa01f80000000000
02:31:51.915 [DEBUG] [serial] RX 103 bytes: 0000aa01f800000000000000aa01f800000000000000aa01f800000000000000aa01f800000000000000aa01f800000000000000aa01f800000000000000aa01f800000000000000aa01f800000000000000aa01f800000000000000aa01f800000000000000aa
02:31:52.024 [DEBUG] [serial] RX 103 bytes: 01f800000000000000aa01f800000000000000aa01f800000000000000aa01f800000000000000aa01f800000000000000aa01f800000000000000aa01f800000000000000aa01f800000000000000aa01f800000000000000aa01f800000000000000aa01f800
02:31:52.133 [DEBUG] [serial] RX 103 bytes: 000000000000aa01f800000000000000aa01f800000000000000aa01f800000000000000aa01f800000000000000aa01f800000000000000aa01f800000000000000aa01f800000000000000aa01f800000000000000aa01f800000000000000aa01f800000000
02:31:52.242 [DEBUG] [serial] RX 105 bytes: 000000aa01f800000000000000aa01f800000000000000aa01f800000000000000aa01f800000000000000aa01f800000000000000aa01f800000000000000aa01f800000000000000aa01f800000000000000aa01f800000000000000aa01f800000000000000aa01
02:31:52.352 [DEBUG] [serial] RX 104 bytes: f800000000000000aa01f800000000000000aa01f800000000000000aa01f800000000000000aa01f800000000000000aa01f800000000000000aa01f800000000000000aa01f800000000000000aa01f800000000000000aa01f800000000000000aa01f8000000
02:31:52.460 [DEBUG] [serial] RX 103 bytes: 00000000aa01f800000000000000aa01f800000000000000aa01f800000000000000aa01f800000000000000aa01f800000000000000aa01f800000000000000aa01f800000000000000aa01f800000000000000aa01f800000000000000aa01f8000000000000
02:31:52.569 [DEBUG] [serial] RX 104 bytes: 00aa01f800000000000000aa01f800000000000000aa01f800000000000000aa01f800000000000000aa01f800000000000000aa01f800000000000000aa01f800000000000000aa01f800000000000000aa01f800000000000000aa01f800000000000000aa01f8
02:31:52.570 [DEBUG] [serial] PKT #26000: flags=0x01 in=-2048 ds=0 flt=0
02:31:52.570 [INFO] [serial] Stats: 26002 pkts, 260029 bytes rx
02:31:52.678 [DEBUG] [serial] RX 104 bytes: 00000000000000aa01f800000000000000aa01f800000000000000aa01f800000000000000aa01f800000000000000aa01f800000000000000aa01f800000000000000aa01f800000000000000aa01f800000000000000aa01f800000000000000aa01f800000000
02:31:52.787 [DEBUG] [serial] RX 103 bytes: 000000aa01f800000000000000aa01f800000000000000aa01f800000000000000aa01f800000000000000aa01f800000000000000aa01f800000000000000aa01f800000000000000aa01f800000000000000aa01f800000000000000aa01f800000000000000
02:31:52.897 [DEBUG] [serial] RX 105 bytes: aa01f800000000000000aa01f800000000000000aa01f800000000000000aa01f800000000000000aa01f800000000000000aa01f800000000000000aa01f800000000000000aa01f800000000000000aa01f800000000000000aa01f800000000000000aa01f80000
02:31:53.005 [DEBUG] [serial] RX 103 bytes: 0000000000aa01f800000000000000aa01f800000000000000aa01f800000000000000aa01f800000000000000aa01f800000000000000aa01f800000000000000aa01f800000000000000aa01f800000000000000aa01f800000000000000aa01f80000000000
02:31:53.115 [DEBUG] [serial] RX 104 bytes: 0000aa01f800000000000000aa01f800000000000000aa01f800000000000000aa01f800000000000000aa01f800000000000000aa01f800000000000000aa01f800000000000000aa01f800000000000000aa01f800000000000000aa01f800000000000000aa01
02:31:53.225 [DEBUG] [serial] RX 105 bytes: f800000000000000aa01f800000000000000aa01f800000000000000aa01f800000000000000aa01f800000000000000aa01f800000000000000aa01f800000000000000aa01f800000000000000aa01f800000000000000aa01f800000000000000aa01f800000000
02:31:53.333 [DEBUG] [serial] RX 102 bytes: 000000aa01f800000000000000aa01f800000000000000aa01f800000000000000aa01f800000000000000aa01f800000000000000aa01f800000000000000aa01f800000000000000aa01f800000000000000aa01f800000000000000aa01f8000000000000
02:31:53.442 [DEBUG] [serial] RX 104 bytes: 00aa01f800000000000000aa01f800000000000000aa01f800000000000000aa01f800000000000000aa01f800000000000000aa01f800000000000000aa01f800000000000000aa01f800000000000000aa01f800000000000000aa01f800000000000000aa01f8
02:31:53.549 [DEBUG] [serial] RX 102 bytes: 00000000000000aa01f800000000000000aa01f800000000000000aa01f800000000000000aa01f800000000000000aa01f800000000000000aa01f800000000000000aa01f800000000000000aa01f800000000000000aa01f800000000000000aa01f80000
02:31:53.657 [DEBUG] [serial] RX 103 bytes: 0000000000aa01f800000000000000aa01f800000000000000aa01f800000000000000aa01f800000000000000aa01f800000000000000aa01f800000000000000aa01f800000000000000aa01f800000000000000aa01f800000000000000aa01f80000000000
02:31:53.767 [DEBUG] [serial] RX 105 bytes: 0000aa01f800000000000000aa01f800000000000000aa01f800000000000000aa01f800000000000000aa01f800000000000000aa01f800000000000000aa01f800000000000000aa01f800000000000000aa01f800000000000000aa01f800000000000000aa01f8
02:31:53.876 [DEBUG] [serial] RX 103 bytes: 00000000000000aa01f800000000000000aa01f800000000000000aa01f800000000000000aa01f800000000000000aa01f800000000000000aa01f800000000000000aa01f800000000000000aa01f800000000000000aa01f800000000000000aa01f8000000
02:31:53.984 [DEBUG] [serial] RX 103 bytes: 00000000aa01f800000000000000aa01f800000000000000aa01f800000000000000aa01f800000000000000aa01f800000000000000aa01f800000000000000aa01f800000000000000aa01f800000000000000aa01f800000000000000aa01f8000000000000
02:31:54.093 [DEBUG] [serial] RX 104 bytes: 00aa01f800000000000000aa01f800000000000000aa01f800000000000000aa01f800000000000000aa01f800000000000000aa01f800000000000000aa01f800000000000000aa01f800000000000000aa01f800000000000000aa01f800000000000000aa01f8
02:31:54.202 [DEBUG] [serial] RX 104 bytes: 00000000000000aa01f800000000000000aa01f800000000000000aa01f800000000000000aa01f800000000000000aa01f800000000000000aa01f800000000000000aa01f800000000000000aa01f800000000000000aa01f800000000000000aa01f800000000
02:31:54.311 [DEBUG] [serial] RX 104 bytes: 000000aa01f800000000000000aa01f800000000000000aa01f800000000000000aa01f800000000000000aa01f800000000000000aa01f800000000000000aa01f800000000000000aa01f800000000000000aa01f800000000000000aa01f800000000000000aa
02:31:54.420 [DEBUG] [serial] RX 103 bytes: 01f800000000000000aa01f800000000000000aa01f800000000000000aa01f800000000000000aa01f800000000000000aa01f800000000000000aa01f800000000000000aa01f800000000000000aa01f800000000000000aa01f800000000000000aa01f800
02:31:54.529 [DEBUG] [serial] RX 104 bytes: 000000000000aa01f800000000000000aa01f800000000000000aa01f800000000000000aa01f800000000000000aa01f800000000000000aa01f800000000000000aa01f800000000000000aa01f800000000000000aa01f800000000000000aa01f80000000000
02:31:54.637 [DEBUG] [serial] RX 103 bytes: 0000aa01f800000000000000aa01f800000000000000aa01f800000000000000aa01f800000000000000aa01f800000000000000aa01f800000000000000aa01f800000000000000aa01f800000000000000aa01f800000000000000aa01f800000000000000aa
02:31:54.747 [DEBUG] [serial] RX 104 bytes: 01f800000000000000aa01f800000000000000aa01f800000000000000aa01f800000000000000aa01f800000000000000aa01f800000000000000aa01f800000000000000aa01f800000000000000aa01f800000000000000aa01f800000000000000aa01f80000
02:31:54.856 [DEBUG] [serial] RX 104 bytes: 0000000000aa01f800000000000000aa01f800000000000000aa01f800000000000000aa01f800000000000000aa01f800000000000000aa01f800000000000000aa01f800000000000000aa01f800000000000000aa01f800000000000000aa01f8000000000000
02:31:54.967 [DEBUG] [serial] RX 105 bytes: 00aa01f800000000000000aa01f800000000000000aa01f800000000000000aa01f800000000000000aa01f800000000000000aa01f800000000000000aa01f800000000000000aa01f800000000000000aa01f800000000000000aa01f800000000000000aa01f800
02:31:55.076 [DEBUG] [serial] RX 104 bytes: 000000000000aa01f800000000000000aa01f800000000000000aa01f800000000000000aa01f800000000000000aa01f800000000000000aa01f800000000000000aa01f800000000000000aa01f800000000000000aa01f800000000000000aa01f80000000000
02:31:55.186 [DEBUG] [serial] RX 105 bytes: 0000aa01f800000000000000aa01f800000000000000aa01f800000000000000aa01f800000000000000aa01f800000000000000aa01f800000000000000aa01f800000000000000aa01f800000000000000aa01f800000000000000aa01f800000000000000aa01f8
02:31:55.295 [DEBUG] [serial] RX 103 bytes: 00000000000000aa01f800000000000000aa01f800000000000000aa01f800000000000000aa01f800000000000000aa01f800000000000000aa01f800000000000000aa01f800000000000000aa01f800000000000000aa01f800000000000000aa01f8000000
02:31:55.403 [DEBUG] [serial] RX 103 bytes: 00000000aa01f800000000000000aa01f800000000000000aa01f800000000000000aa01f800000000000000aa01f800000000000000aa01f800000000000000aa01f800000000000000aa01f800000000000000aa01f800000000000000aa01f8000000000000
02:31:55.511 [DEBUG] [serial] RX 103 bytes: 00aa01f800000000000000aa01f800000000000000aa01f800000000000000aa01f800000000000000aa01f800000000000000aa01f800000000000000aa01f800000000000000aa01f800000000000000aa01f800000000000000aa01f800000000000000aa01
02:31:55.620 [DEBUG] [serial] RX 104 bytes: f800000000000000aa01f800000000000000aa01f800000000000000aa01f800000000000000aa01f800000000000000aa01f800000000000000aa01f800000000000000aa01f800000000000000aa01f800000000000000aa01f800000000000000aa01f8000000
02:31:55.729 [DEBUG] [serial] RX 104 bytes: 00000000aa01f800000000000000aa01f800000000000000aa01f800000000000000aa01f800000000000000aa01f800000000000000aa01f800000000000000aa01f800000000000000aa01f800000000000000aa01f800000000000000aa01f800000000000000
02:31:55.838 [DEBUG] [serial] RX 103 bytes: aa01f800000000000000aa01f800000000000000aa01f800000000000000aa01f800000000000000aa01f800000000000000aa01f800000000000000aa01f800000000000000aa01f800000000000000aa01f800000000000000aa01f800000000000000aa01f8
02:31:55.947 [DEBUG] [serial] RX 105 bytes: 00000000000000aa01f800000000000000aa01f800000000000000aa01f800000000000000aa01f800000000000000aa01f800000000000000aa01f800000000000000aa01f800000000000000aa01f800000000000000aa01f800000000000000aa01f80000000000
02:31:56.055 [DEBUG] [serial] RX 102 bytes: 0000aa01f800000000000000aa01f800000000000000aa01f800000000000000aa01f800000000000000aa01f800000000000000aa01f800000000000000aa01f800000000000000aa01f800000000000000aa01f800000000000000aa01f800000000000000
02:31:56.164 [DEBUG] [serial] RX 103 bytes: aa01f800000000000000aa01f800000000000000aa01f800000000000000aa01f800000000000000aa01f800000000000000aa01f800000000000000aa01f800000000000000aa01f800000000000000aa01f800000000000000aa01f800000000000000aa01f8
02:31:56.273 [DEBUG] [serial] RX 105 bytes: 00000000000000aa01f800000000000000aa01f800000000000000aa01f800000000000000aa01f800000000000000aa01f800000000000000aa01f800000000000000aa01f800000000000000aa01f800000000000000aa01f800000000000000aa01f80000000000
02:31:56.382 [DEBUG] [serial] RX 104 bytes: 0000aa01f800000000000000aa01f800000000000000aa01f800000000000000aa01f800000000000000aa01f800000000000000aa01f800000000000000aa01f800000000000000aa01f800000000000000aa01f800000000000000aa01f800000000000000aa01
02:31:56.490 [DEBUG] [serial] RX 102 bytes: f800000000000000aa01f800000000000000aa01f800000000000000aa01f800000000000000aa01f800000000000000aa01f800000000000000aa01f800000000000000aa01f800000000000000aa01f800000000000000aa01f800000000000000aa01f800
02:31:56.599 [DEBUG] [serial] RX 103 bytes: 000000000000aa01f800000000000000aa01f800000000000000aa01f800000000000000aa01f800000000000000aa01f800000000000000aa01f800000000000000aa01f800000000000000aa01f800000000000000aa01f800000000000000aa01f800000000
02:31:56.709 [DEBUG] [serial] RX 106 bytes: 000000aa01f800000000000000aa01f800000000000000aa01f800000000000000aa01f800000000000000aa01f800000000000000aa01f800000000000000aa01f800000000000000aa01f800000000000000aa01f800000000000000aa01f800000000000000aa01f8
02:31:56.818 [DEBUG] [serial] RX 103 bytes: 00000000000000aa01f800000000000000aa01f800000000000000aa01f800000000000000aa01f800000000000000aa01f800000000000000aa01f800000000000000aa01f800000000000000aa01f800000000000000aa01f800000000000000aa01f8000000
02:31:56.926 [DEBUG] [serial] RX 103 bytes: 00000000aa01f800000000000000aa01f800000000000000aa01f800000000000000aa01f800000000000000aa01f800000000000000aa01f800000000000000aa01f800000000000000aa01f800000000000000aa01f800000000000000aa01f8000000000000
02:31:57.035 [DEBUG] [serial] RX 103 bytes: 00aa01f800000000000000aa01f800000000000000aa01f800000000000000aa01f800000000000000aa01f800000000000000aa01f800000000000000aa01f800000000000000aa01f800000000000000aa01f800000000000000aa01f800000000000000aa01
02:31:57.143 [DEBUG] [serial] RX 104 bytes: f800000000000000aa01f800000000000000aa01f800000000000000aa01f800000000000000aa01f800000000000000aa01f800000000000000aa01f800000000000000aa01f800000000000000aa01f800000000000000aa01f800000000000000aa01f8000000
02:31:57.252 [DEBUG] [serial] RX 103 bytes: 00000000aa01f800000000000000aa01f800000000000000aa01f800000000000000aa01f800000000000000aa01f800000000000000aa01f800000000000000aa01f800000000000000aa01f800000000000000aa01f800000000000000aa01f8000000000000
02:31:57.362 [DEBUG] [serial] RX 104 bytes: 00aa01f800000000000000aa01f800000000000000aa01f800000000000000aa01f800000000000000aa01f800000000000000aa01f800000000000000aa01f800000000000000aa01f800000000000000aa01f800000000000000aa01f800000000000000aa01f8
02:31:57.469 [DEBUG] [serial] RX 103 bytes: 00000000000000aa01f800000000000000aa01f800000000000000aa01f800000000000000aa01f800000000000000aa01f800000000000000aa01f800000000000000aa01f800000000000000aa01f800000000000000aa01f800000000000000aa01f8000000
02:31:57.580 [DEBUG] [serial] RX 106 bytes: 00000000aa01f800000000000000aa01f800000000000000aa01f800000000000000aa01f800000000000000aa01f800000000000000aa01f800000000000000aa01f800000000000000aa01f800000000000000aa01f800000000000000aa01f800000000000000aa01
02:31:57.582 [INFO] [serial] Stats: 26479 pkts, 264798 bytes rx
02:31:57.689 [DEBUG] [serial] RX 103 bytes: f800000000000000aa01f800000000000000aa01f800000000000000aa01f800000000000000aa01f800000000000000aa01f800000000000000aa01f800000000000000aa01f800000000000000aa01f800000000000000aa01f800000000000000aa01f80000
02:31:57.799 [DEBUG] [serial] RX 105 bytes: 0000000000aa01f800000000000000aa01f800000000000000aa01f800000000000000aa01f800000000000000aa01f800000000000000aa01f800000000000000aa01f800000000000000aa01f800000000000000aa01f800000000000000aa01f800000000000000
02:31:57.800 [DEBUG] [serial] PKT #26500: flags=0x01 in=-2048 ds=0 flt=0
02:31:57.909 [DEBUG] [serial] RX 105 bytes: aa01f800000000000000aa01f800000000000000aa01f800000000000000aa01f800000000000000aa01f800000000000000aa01f800000000000000aa01f800000000000000aa01f800000000000000aa01f800000000000000aa01f800000000000000aa01f80000
02:31:58.019 [DEBUG] [serial] RX 104 bytes: 0000000000aa01f800000000000000aa01f800000000000000aa01f800000000000000aa01f800000000000000aa01f800000000000000aa01f800000000000000aa01f800000000000000aa01f800000000000000aa01f800000000000000aa01f8000000000000
02:31:58.128 [DEBUG] [serial] RX 104 bytes: 00aa01f800000000000000aa01f800000000000000aa01f800000000000000aa01f800000000000000aa01f800000000000000aa01f800000000000000aa01f800000000000000aa01f800000000000000aa01f800000000000000aa01f800000000000000aa01f8
02:31:58.237 [DEBUG] [serial] RX 104 bytes: 00000000000000aa01f800000000000000aa01f800000000000000aa01f800000000000000aa01f800000000000000aa01f800000000000000aa01f800000000000000aa01f800000000000000aa01f800000000000000aa01f800000000000000aa01f800000000
02:31:58.349 [DEBUG] [serial] RX 106 bytes: 000000aa01f800000000000000aa01f800000000000000aa01f800000000000000aa01f800000000000000aa01f800000000000000aa01f800000000000000aa01f800000000000000aa01f800000000000000aa01f800000000000000aa01f800000000000000aa01f8
02:31:58.457 [DEBUG] [serial] RX 103 bytes: 00000000000000aa01f800000000000000aa01f800000000000000aa01f800000000000000aa01f800000000000000aa01f800000000000000aa01f800000000000000aa01f800000000000000aa01f800000000000000aa01f800000000000000aa01f8000000
02:31:58.568 [DEBUG] [serial] RX 106 bytes: 00000000aa01f800000000000000aa01f800000000000000aa01f800000000000000aa01f800000000000000aa01f800000000000000aa01f800000000000000aa01f800000000000000aa01f800000000000000aa01f800000000000000aa01f800000000000000aa01
02:31:58.676 [DEBUG] [serial] RX 102 bytes: f800000000000000aa01f800000000000000aa01f800000000000000aa01f800000000000000aa01f800000000000000aa01f800000000000000aa01f800000000000000aa01f800000000000000aa01f800000000000000aa01f800000000000000aa01f800
02:31:58.782 [DEBUG] [serial] RX 102 bytes: 000000000000aa01f800000000000000aa01f800000000000000aa01f800000000000000aa01f800000000000000aa01f800000000000000aa01f800000000000000aa01f800000000000000aa01f800000000000000aa01f800000000000000aa01f8000000
02:31:58.891 [DEBUG] [serial] RX 103 bytes: 00000000aa01f800000000000000aa01f800000000000000aa01f800000000000000aa01f800000000000000aa01f800000000000000aa01f800000000000000aa01f800000000000000aa01f800000000000000aa01f800000000000000aa01f8000000000000
02:31:58.999 [DEBUG] [serial] RX 103 bytes: 00aa01f800000000000000aa01f800000000000000aa01f800000000000000aa01f800000000000000aa01f800000000000000aa01f800000000000000aa01f800000000000000aa01f800000000000000aa01f800000000000000aa01f800000000000000aa01
02:31:59.107 [DEBUG] [serial] RX 103 bytes: f800000000000000aa01f800000000000000aa01f800000000000000aa01f800000000000000aa01f800000000000000aa01f800000000000000aa01f800000000000000aa01f800000000000000aa01f800000000000000aa01f800000000000000aa01f80000
02:31:59.218 [DEBUG] [serial] RX 105 bytes: 0000000000aa01f800000000000000aa01f800000000000000aa01f800000000000000aa01f800000000000000aa01f800000000000000aa01f800000000000000aa01f800000000000000aa01f800000000000000aa01f800000000000000aa01f800000000000000
02:31:59.326 [DEBUG] [serial] RX 103 bytes: aa01f800000000000000aa01f800000000000000aa01f800000000000000aa01f800000000000000aa01f800000000000000aa01f800000000000000aa01f800000000000000aa01f800000000000000aa01f800000000000000aa01f800000000000000aa01f8
02:31:59.435 [DEBUG] [serial] RX 103 bytes: 00000000000000aa01f800000000000000aa01f800000000000000aa01f800000000000000aa01f800000000000000aa01f800000000000000aa01f800000000000000aa01f800000000000000aa01f800000000000000aa01f800000000000000aa01f8000000
02:31:59.544 [DEBUG] [serial] RX 105 bytes: 00000000aa01f800000000000000aa01f800000000000000aa01f800000000000000aa01f800000000000000aa01f800000000000000aa01f800000000000000aa01f800000000000000aa01f800000000000000aa01f800000000000000aa01f800000000000000aa
02:31:59.652 [DEBUG] [serial] RX 102 bytes: 01f800000000000000aa01f800000000000000aa01f800000000000000aa01f800000000000000aa01f800000000000000aa01f800000000000000aa01f800000000000000aa01f800000000000000aa01f800000000000000aa01f800000000000000aa01f8
02:31:59.762 [DEBUG] [serial] RX 105 bytes: 00000000000000aa01f800000000000000aa01f800000000000000aa01f800000000000000aa01f800000000000000aa01f800000000000000aa01f800000000000000aa01f800000000000000aa01f800000000000000aa01f800000000000000aa01f80000000000
02:31:59.869 [DEBUG] [serial] RX 102 bytes: 0000aa01f800000000000000aa01f800000000000000aa01f800000000000000aa01f800000000000000aa01f800000000000000aa01f800000000000000aa01f800000000000000aa01f800000000000000aa01f800000000000000aa01f800000000000000
02:31:59.978 [DEBUG] [serial] RX 103 bytes: aa01f800000000000000aa01f800000000000000aa01f800000000000000aa01f800000000000000aa01f800000000000000aa01f800000000000000aa01f800000000000000aa01f800000000000000aa01f800000000000000aa01f800000000000000aa01f8
02:32:00.086 [DEBUG] [serial] RX 104 bytes: 00000000000000aa01f800000000000000aa01f800000000000000aa01f800000000000000aa01f800000000000000aa01f800000000000000aa01f800000000000000aa01f800000000000000aa01f800000000000000aa01f800000000000000aa01f800000000
02:32:00.195 [DEBUG] [serial] RX 103 bytes: 000000aa01f800000000000000aa01f800000000000000aa01f800000000000000aa01f800000000000000aa01f800000000000000aa01f800000000000000aa01f800000000000000aa01f800000000000000aa01f800000000000000aa01f800000000000000
02:32:00.304 [DEBUG] [serial] RX 103 bytes: aa01f800000000000000aa01f800000000000000aa01f800000000000000aa01f800000000000000aa01f800000000000000aa01f800000000000000aa01f800000000000000aa01f800000000000000aa01f800000000000000aa01f800000000000000aa01f8
02:32:00.413 [DEBUG] [serial] RX 105 bytes: 00000000000000aa01f800000000000000aa01f800000000000000aa01f800000000000000aa01f800000000000000aa01f800000000000000aa01f800000000000000aa01f800000000000000aa01f800000000000000aa01f800000000000000aa01f80000000000
02:32:00.521 [DEBUG] [serial] RX 103 bytes: 0000aa01f800000000000000aa01f800000000000000aa01f800000000000000aa01f800000000000000aa01f800000000000000aa01f800000000000000aa01f800000000000000aa01f800000000000000aa01f800000000000000aa01f800000000000000aa
02:32:00.633 [DEBUG] [serial] RX 105 bytes: 01f800000000000000aa01f800000000000000aa01f800000000000000aa01f800000000000000aa01f800000000000000aa01f800000000000000aa01f800000000000000aa01f800000000000000aa01f800000000000000aa01f800000000000000aa01f8000000
02:32:00.742 [DEBUG] [serial] RX 104 bytes: 00000000aa01f800000000000000aa01f800000000000000aa01f800000000000000aa01f800000000000000aa01f800000000000000aa01f800000000000000aa01f800000000000000aa01f800000000000000aa01f800000000000000aa01f800000000000000
02:32:00.850 [DEBUG] [serial] RX 103 bytes: aa01f800000000000000aa01f800000000000000aa01f800000000000000aa01f800000000000000aa01f800000000000000aa01f800000000000000aa01f800000000000000aa01f800000000000000aa01f800000000000000aa01f800000000000000aa01f8
02:32:00.960 [DEBUG] [serial] RX 105 bytes: 00000000000000aa01f800000000000000aa01f800000000000000aa01f800000000000000aa01f800000000000000aa01f800000000000000aa01f800000000000000aa01f800000000000000aa01f800000000000000aa01f800000000000000aa01f80000000000
02:32:01.070 [DEBUG] [serial] RX 105 bytes: 0000aa01f800000000000000aa01f800000000000000aa01f800000000000000aa01f800000000000000aa01f800000000000000aa01f800000000000000aa01f800000000000000aa01f800000000000000aa01f800000000000000aa01f800000000000000aa01f8
02:32:01.179 [DEBUG] [serial] RX 104 bytes: 00000000000000aa01f800000000000000aa01f800000000000000aa01f800000000000000aa01f800000000000000aa01f800000000000000aa01f800000000000000aa01f800000000000000aa01f800000000000000aa01f800000000000000aa01f800000000
02:32:01.287 [DEBUG] [serial] RX 102 bytes: 000000aa01f800000000000000aa01f800000000000000aa01f800000000000000aa01f800000000000000aa01f800000000000000aa01f800000000000000aa01f800000000000000aa01f800000000000000aa01f800000000000000aa01f8000000000000
02:32:01.396 [DEBUG] [serial] RX 103 bytes: 00aa01f800000000000000aa01f800000000000000aa01f800000000000000aa01f800000000000000aa01f800000000000000aa01f800000000000000aa01f800000000000000aa01f800000000000000aa01f800000000000000aa01f800000000000000aa01
02:32:01.506 [DEBUG] [serial] RX 105 bytes: f800000000000000aa01f800000000000000aa01f800000000000000aa01f800000000000000aa01f800000000000000aa01f800000000000000aa01f800000000000000aa01f800000000000000aa01f800000000000000aa01f800000000000000aa01f800000000
02:32:01.616 [DEBUG] [serial] RX 105 bytes: 000000aa01f800000000000000aa01f800000000000000aa01f800000000000000aa01f800000000000000aa01f800000000000000aa01f800000000000000aa01f800000000000000aa01f800000000000000aa01f800000000000000aa01f800000000000000aa01
02:32:01.725 [DEBUG] [serial] RX 103 bytes: f800000000000000aa01f800000000000000aa01f800000000000000aa01f800000000000000aa01f800000000000000aa01f800000000000000aa01f800000000000000aa01f800000000000000aa01f800000000000000aa01f800000000000000aa01f80000
02:32:01.834 [DEBUG] [serial] RX 105 bytes: 0000000000aa01f800000000000000aa01f800000000000000aa01f800000000000000aa01f800000000000000aa01f800000000000000aa01f800000000000000aa01f800000000000000aa01f800000000000000aa01f800000000000000aa01f800000000000000
02:32:01.945 [DEBUG] [serial] RX 105 bytes: aa01f800000000000000aa01f800000000000000aa01f800000000000000aa01f800000000000000aa01f800000000000000aa01f800000000000000aa01f800000000000000aa01f800000000000000aa01f800000000000000aa01f800000000000000aa01f80000
02:32:02.053 [DEBUG] [serial] RX 103 bytes: 0000000000aa01f800000000000000aa01f800000000000000aa01f800000000000000aa01f800000000000000aa01f800000000000000aa01f800000000000000aa01f800000000000000aa01f800000000000000aa01f800000000000000aa01f80000000000
02:32:02.161 [DEBUG] [serial] RX 103 bytes: 0000aa01f800000000000000aa01f800000000000000aa01f800000000000000aa01f800000000000000aa01f800000000000000aa01f800000000000000aa01f800000000000000aa01f800000000000000aa01f800000000000000aa01f800000000000000aa
02:32:02.270 [DEBUG] [serial] RX 104 bytes: 01f800000000000000aa01f800000000000000aa01f800000000000000aa01f800000000000000aa01f800000000000000aa01f800000000000000aa01f800000000000000aa01f800000000000000aa01f800000000000000aa01f800000000000000aa01f80000
02:32:02.379 [DEBUG] [serial] RX 103 bytes: 0000000000aa01f800000000000000aa01f800000000000000aa01f800000000000000aa01f800000000000000aa01f800000000000000aa01f800000000000000aa01f800000000000000aa01f800000000000000aa01f800000000000000aa01f80000000000
02:32:02.489 [DEBUG] [serial] RX 105 bytes: 0000aa01f800000000000000aa01f800000000000000aa01f800000000000000aa01f800000000000000aa01f800000000000000aa01f800000000000000aa01f800000000000000aa01f800000000000000aa01f800000000000000aa01f800000000000000aa01f8
02:32:02.597 [DEBUG] [serial] RX 103 bytes: 00000000000000aa01f800000000000000aa01f800000000000000aa01f800000000000000aa01f800000000000000aa01f800000000000000aa01f800000000000000aa01f800000000000000aa01f800000000000000aa01f800000000000000aa01f8000000
02:32:02.598 [INFO] [serial] Stats: 26956 pkts, 269572 bytes rx
02:32:02.706 [DEBUG] [serial] RX 104 bytes: 00000000aa01f800000000000000aa01f800000000000000aa01f800000000000000aa01f800000000000000aa01f800000000000000aa01f800000000000000aa01f800000000000000aa01f800000000000000aa01f800000000000000aa01f800000000000000
02:32:02.816 [DEBUG] [serial] RX 104 bytes: aa01f800000000000000aa01f800000000000000aa01f800000000000000aa01f800000000000000aa01f800000000000000aa01f800000000000000aa01f800000000000000aa01f800000000000000aa01f800000000000000aa01f800000000000000aa01f800
02:32:02.925 [DEBUG] [serial] RX 104 bytes: 000000000000aa01f800000000000000aa01f800000000000000aa01f800000000000000aa01f800000000000000aa01f800000000000000aa01f800000000000000aa01f800000000000000aa01f800000000000000aa01f800000000000000aa01f80000000000
02:32:03.035 [DEBUG] [serial] RX 105 bytes: 0000aa01f800000000000000aa01f800000000000000aa01f800000000000000aa01f800000000000000aa01f800000000000000aa01f800000000000000aa01f800000000000000aa01f800000000000000aa01f800000000000000aa01f800000000000000aa01f8
02:32:03.144 [DEBUG] [serial] RX 103 bytes: 00000000000000aa01f800000000000000aa01f800000000000000aa01f800000000000000aa01f800000000000000aa01f800000000000000aa01f800000000000000aa01f800000000000000aa01f800000000000000aa01f800000000000000aa01f8000000
02:32:03.144 [DEBUG] [serial] PKT #27000: flags=0x01 in=-2048 ds=0 flt=0
02:32:03.253 [DEBUG] [serial] RX 104 bytes: 00000000aa01f800000000000000aa01f800000000000000aa01f800000000000000aa01f800000000000000aa01f800000000000000aa01f800000000000000aa01f800000000000000aa01f800000000000000aa01f800000000000000aa01f800000000000000
02:32:03.362 [DEBUG] [serial] RX 103 bytes: aa01f800000000000000aa01f800000000000000aa01f800000000000000aa01f800000000000000aa01f800000000000000aa01f800000000000000aa01f800000000000000aa01f800000000000000aa01f800000000000000aa01f800000000000000aa01f8
02:32:03.472 [DEBUG] [serial] RX 105 bytes: 00000000000000aa01f800000000000000aa01f800000000000000aa01f800000000000000aa01f800000000000000aa01f800000000000000aa01f800000000000000aa01f800000000000000aa01f800000000000000aa01f800000000000000aa01f80000000000
02:32:03.580 [DEBUG] [serial] RX 104 bytes: 0000aa01f800000000000000aa01f800000000000000aa01f800000000000000aa01f800000000000000aa01f800000000000000aa01f800000000000000aa01f800000000000000aa01f800000000000000aa01f800000000000000aa01f800000000000000aa01
02:32:03.690 [DEBUG] [serial] RX 104 bytes: f800000000000000aa01f800000000000000aa01f800000000000000aa01f800000000000000aa01f800000000000000aa01f800000000000000aa01f800000000000000aa01f800000000000000aa01f800000000000000aa01f800000000000000aa01f8000000
02:32:03.799 [DEBUG] [serial] RX 104 bytes: 00000000aa01f800000000000000aa01f800000000000000aa01f800000000000000aa01f800000000000000aa01f800000000000000aa01f800000000000000aa01f800000000000000aa01f800000000000000aa01f800000000000000aa01f800000000000000
02:32:03.909 [DEBUG] [serial] RX 104 bytes: aa01f800000000000000aa01f800000000000000aa01f800000000000000aa01f800000000000000aa01f800000000000000aa01f800000000000000aa01f800000000000000aa01f800000000000000aa01f800000000000000aa01f800000000000000aa01f800
02:32:04.018 [DEBUG] [serial] RX 104 bytes: 000000000000aa01f800000000000000aa01f800000000000000aa01f800000000000000aa01f800000000000000aa01f800000000000000aa01f800000000000000aa01f800000000000000aa01f800000000000000aa01f800000000000000aa01f80000000000
02:32:04.127 [DEBUG] [serial] RX 104 bytes: 0000aa01f800000000000000aa01f800000000000000aa01f800000000000000aa01f800000000000000aa01f800000000000000aa01f800000000000000aa01f800000000000000aa01f800000000000000aa01f800000000000000aa01f800000000000000aa01
02:32:04.236 [DEBUG] [serial] RX 103 bytes: f800000000000000aa01f800000000000000aa01f800000000000000aa01f800000000000000aa01f800000000000000aa01f800000000000000aa01f800000000000000aa01f800000000000000aa01f800000000000000aa01f800000000000000aa01f80000
02:32:04.345 [DEBUG] [serial] RX 104 bytes: 0000000000aa01f800000000000000aa01f800000000000000aa01f800000000000000aa01f800000000000000aa01f800000000000000aa01f800000000000000aa01f800000000000000aa01f800000000000000aa01f800000000000000aa01f8000000000000
02:32:04.454 [DEBUG] [serial] RX 104 bytes: 00aa01f800000000000000aa01f800000000000000aa01f800000000000000aa01f800000000000000aa01f800000000000000aa01f800000000000000aa01f800000000000000aa01f800000000000000aa01f800000000000000aa01f800000000000000aa01f8
02:32:04.563 [DEBUG] [serial] RX 103 bytes: 00000000000000aa01f800000000000000aa01f800000000000000aa01f800000000000000aa01f800000000000000aa01f800000000000000aa01f800000000000000aa01f800000000000000aa01f800000000000000aa01f800000000000000aa01f8000000
02:32:04.672 [DEBUG] [serial] RX 104 bytes: 00000000aa01f800000000000000aa01f800000000000000aa01f800000000000000aa01f800000000000000aa01f800000000000000aa01f800000000000000aa01f800000000000000aa01f800000000000000aa01f800000000000000aa01f800000000000000
02:32:04.779 [DEBUG] [serial] RX 103 bytes: aa01f800000000000000aa01f800000000000000aa01f800000000000000aa01f800000000000000aa01f800000000000000aa01f800000000000000aa01f800000000000000aa01f800000000000000aa01f800000000000000aa01f800000000000000aa01f8
02:32:04.888 [DEBUG] [serial] RX 103 bytes: 00000000000000aa01f800000000000000aa01f800000000000000aa01f800000000000000aa01f800000000000000aa01f800000000000000aa01f800000000000000aa01f800000000000000aa01f800000000000000aa01f800000000000000aa01f8000000
02:32:04.997 [DEBUG] [serial] RX 104 bytes: 00000000aa01f800000000000000aa01f800000000000000aa01f800000000000000aa01f800000000000000aa01f800000000000000aa01f800000000000000aa01f800000000000000aa01f800000000000000aa01f800000000000000aa01f800000000000000
02:32:05.105 [DEBUG] [serial] RX 103 bytes: aa01f800000000000000aa01f800000000000000aa01f800000000000000aa01f800000000000000aa01f800000000000000aa01f800000000000000aa01f800000000000000aa01f800000000000000aa01f800000000000000aa01f800000000000000aa01f8
02:32:05.214 [DEBUG] [serial] RX 104 bytes: 00000000000000aa01f800000000000000aa01f800000000000000aa01f800000000000000aa01f800000000000000aa01f800000000000000aa01f800000000000000aa01f800000000000000aa01f800000000000000aa01f800000000000000aa01f800000000
02:32:05.324 [DEBUG] [serial] RX 103 bytes: 000000aa01f800000000000000aa01f800000000000000aa01f800000000000000aa01f800000000000000aa01f800000000000000aa01f800000000000000aa01f800000000000000aa01f800000000000000aa01f800000000000000aa01f800000000000000
02:32:05.432 [DEBUG] [serial] RX 104 bytes: aa01f800000000000000aa01f800000000000000aa01f800000000000000aa01f800000000000000aa01f800000000000000aa01f800000000000000aa01f800000000000000aa01f800000000000000aa01f800000000000000aa01f800000000000000aa01f800
02:32:05.542 [DEBUG] [serial] RX 104 bytes: 000000000000aa01f800000000000000aa01f800000000000000aa01f800000000000000aa01f800000000000000aa01f800000000000000aa01f800000000000000aa01f800000000000000aa01f800000000000000aa01f800000000000000aa01f80000000000
02:32:05.650 [DEBUG] [serial] RX 103 bytes: 0000aa01f800000000000000aa01f800000000000000aa01f800000000000000aa01f800000000000000aa01f800000000000000aa01f800000000000000aa01f800000000000000aa01f800000000000000aa01f800000000000000aa01f800000000000000aa
02:32:05.759 [DEBUG] [serial] RX 104 bytes: 01f800000000000000aa01f800000000000000aa01f800000000000000aa01f800000000000000aa01f800000000000000aa01f800000000000000aa01f800000000000000aa01f800000000000000aa01f800000000000000aa01f800000000000000aa01f80000
02:32:05.868 [DEBUG] [serial] RX 104 bytes: 0000000000aa01f800000000000000aa01f800000000000000aa01f800000000000000aa01f800000000000000aa01f800000000000000aa01f800000000000000aa01f800000000000000aa01f800000000000000aa01f800000000000000aa01f8000000000000
02:32:05.977 [DEBUG] [serial] RX 104 bytes: 00aa01f800000000000000aa01f800000000000000aa01f800000000000000aa01f800000000000000aa01f800000000000000aa01f800000000000000aa01f800000000000000aa01f800000000000000aa01f800000000000000aa01f800000000000000aa01f8
02:32:06.086 [DEBUG] [serial] RX 103 bytes: 00000000000000aa01f800000000000000aa01f800000000000000aa01f800000000000000aa01f800000000000000aa01f800000000000000aa01f800000000000000aa01f800000000000000aa01f800000000000000aa01f800000000000000aa01f8000000
02:32:06.195 [DEBUG] [serial] RX 104 bytes: 00000000aa01f800000000000000aa01f800000000000000aa01f800000000000000aa01f800000000000000aa01f800000000000000aa01f800000000000000aa01f800000000000000aa01f800000000000000aa01f800000000000000aa01f800000000000000
02:32:06.304 [DEBUG] [serial] RX 104 bytes: aa01f800000000000000aa01f800000000000000aa01f800000000000000aa01f800000000000000aa01f800000000000000aa01f800000000000000aa01f800000000000000aa01f800000000000000aa01f800000000000000aa01f800000000000000aa01f800
02:32:06.412 [DEBUG] [serial] RX 103 bytes: 000000000000aa01f800000000000000aa01f800000000000000aa01f800000000000000aa01f800000000000000aa01f800000000000000aa01f800000000000000aa01f800000000000000aa01f800000000000000aa01f800000000000000aa01f800000000
02:32:06.522 [DEBUG] [serial] RX 104 bytes: 000000aa01f800000000000000aa01f800000000000000aa01f800000000000000aa01f800000000000000aa01f800000000000000aa01f800000000000000aa01f800000000000000aa01f800000000000000aa01f800000000000000aa01f800000000000000aa
02:32:06.630 [DEBUG] [serial] RX 103 bytes: 01f800000000000000aa01f800000000000000aa01f800000000000000aa01f800000000000000aa01f800000000000000aa01f800000000000000aa01f800000000000000aa01f800000000000000aa01f800000000000000aa01f800000000000000aa01f800
02:32:06.740 [DEBUG] [serial] RX 104 bytes: 000000000000aa01f800000000000000aa01f800000000000000aa01f800000000000000aa01f800000000000000aa01f800000000000000aa01f800000000000000aa01f800000000000000aa01f800000000000000aa01f800000000000000aa01f80000000000
02:32:06.849 [DEBUG] [serial] RX 104 bytes: 0000aa01f800000000000000aa01f800000000000000aa01f800000000000000aa01f800000000000000aa01f800000000000000aa01f800000000000000aa01f800000000000000aa01f800000000000000aa01f800000000000000aa01f800000000000000aa01
02:32:06.957 [DEBUG] [serial] RX 103 bytes: f800000000000000aa01f800000000000000aa01f800000000000000aa01f800000000000000aa01f800000000000000aa01f800000000000000aa01f800000000000000aa01f800000000000000aa01f800000000000000aa01f800000000000000aa01f80000
02:32:07.066 [DEBUG] [serial] RX 103 bytes: 0000000000aa01f800000000000000aa01f800000000000000aa01f800000000000000aa01f800000000000000aa01f800000000000000aa01f800000000000000aa01f800000000000000aa01f800000000000000aa01f800000000000000aa01f80000000000
02:32:07.174 [DEBUG] [serial] RX 104 bytes: 0000aa01f800000000000000aa01f800000000000000aa01f800000000000000aa01f800000000000000aa01f800000000000000aa01f800000000000000aa01f800000000000000aa01f800000000000000aa01f800000000000000aa01f800000000000000aa01
02:32:07.284 [DEBUG] [serial] RX 104 bytes: f800000000000000aa01f800000000000000aa01f800000000000000aa01f800000000000000aa01f800000000000000aa01f800000000000000aa01f800000000000000aa01f800000000000000aa01f800000000000000aa01f800000000000000aa01f8000000
02:32:07.392 [DEBUG] [serial] RX 103 bytes: 00000000aa01f800000000000000aa01f800000000000000aa01f800000000000000aa01f800000000000000aa01f800000000000000aa01f800000000000000aa01f800000000000000aa01f800000000000000aa01f800000000000000aa01f8000000000000
02:32:07.502 [DEBUG] [serial] RX 104 bytes: 00aa01f800000000000000aa01f800000000000000aa01f800000000000000aa01f800000000000000aa01f800000000000000aa01f800000000000000aa01f800000000000000aa01f800000000000000aa01f800000000000000aa01f800000000000000aa01f8
02:32:07.612 [DEBUG] [serial] RX 105 bytes: 00000000000000aa01f800000000000000aa01f800000000000000aa01f800000000000000aa01f800000000000000aa01f800000000000000aa01f800000000000000aa01f800000000000000aa01f800000000000000aa01f800000000000000aa01f80000000000
02:32:07.613 [INFO] [serial] Stats: 27433 pkts, 274344 bytes rx
02:32:07.720 [DEBUG] [serial] RX 103 bytes: 0000aa01f800000000000000aa01f800000000000000aa01f800000000000000aa01f800000000000000aa01f800000000000000aa01f800000000000000aa01f800000000000000aa01f800000000000000aa01f800000000000000aa01f800000000000000aa
02:32:07.829 [DEBUG] [serial] RX 104 bytes: 01f800000000000000aa01f800000000000000aa01f800000000000000aa01f800000000000000aa01f800000000000000aa01f800000000000000aa01f800000000000000aa01f800000000000000aa01f800000000000000aa01f800000000000000aa01f80000
02:32:07.938 [DEBUG] [serial] RX 104 bytes: 0000000000aa01f800000000000000aa01f800000000000000aa01f800000000000000aa01f800000000000000aa01f800000000000000aa01f800000000000000aa01f800000000000000aa01f800000000000000aa01f800000000000000aa01f8000000000000
02:32:08.046 [DEBUG] [serial] RX 102 bytes: 00aa01f800000000000000aa01f800000000000000aa01f800000000000000aa01f800000000000000aa01f800000000000000aa01f800000000000000aa01f800000000000000aa01f800000000000000aa01f800000000000000aa01f800000000000000aa
02:32:08.155 [DEBUG] [serial] RX 104 bytes: 01f800000000000000aa01f800000000000000aa01f800000000000000aa01f800000000000000aa01f800000000000000aa01f800000000000000aa01f800000000000000aa01f800000000000000aa01f800000000000000aa01f800000000000000aa01f80000
02:32:08.263 [DEBUG] [serial] RX 103 bytes: 0000000000aa01f800000000000000aa01f800000000000000aa01f800000000000000aa01f800000000000000aa01f800000000000000aa01f800000000000000aa01f800000000000000aa01f800000000000000aa01f800000000000000aa01f80000000000
02:32:08.373 [DEBUG] [serial] RX 104 bytes: 0000aa01f800000000000000aa01f800000000000000aa01f800000000000000aa01f800000000000000aa01f800000000000000aa01f800000000000000aa01f800000000000000aa01f800000000000000aa01f800000000000000aa01f800000000000000aa01
02:32:08.373 [DEBUG] [serial] PKT #27500: flags=0x01 in=-2048 ds=0 flt=0
02:32:08.481 [DEBUG] [serial] RX 104 bytes: f800000000000000aa01f800000000000000aa01f800000000000000aa01f800000000000000aa01f800000000000000aa01f800000000000000aa01f800000000000000aa01f800000000000000aa01f800000000000000aa01f800000000000000aa01f8000000
02:32:08.589 [DEBUG] [serial] RX 102 bytes: 00000000aa01f800000000000000aa01f800000000000000aa01f800000000000000aa01f800000000000000aa01f800000000000000aa01f800000000000000aa01f800000000000000aa01f800000000000000aa01f800000000000000aa01f80000000000
02:32:08.696 [DEBUG] [serial] RX 102 bytes: 0000aa01f800000000000000aa01f800000000000000aa01f800000000000000aa01f800000000000000aa01f800000000000000aa01f800000000000000aa01f800000000000000aa01f800000000000000aa01f800000000000000aa01f800000000000000
02:32:08.805 [DEBUG] [serial] RX 104 bytes: aa01f800000000000000aa01f800000000000000aa01f800000000000000aa01f800000000000000aa01f800000000000000aa01f800000000000000aa01f800000000000000aa01f800000000000000aa01f800000000000000aa01f800000000000000aa01f800
02:32:08.915 [DEBUG] [serial] RX 104 bytes: 000000000000aa01f800000000000000aa01f800000000000000aa01f800000000000000aa01f800000000000000aa01f800000000000000aa01f800000000000000aa01f800000000000000aa01f800000000000000aa01f800000000000000aa01f80000000000
02:32:09.025 [DEBUG] [serial] RX 105 bytes: 0000aa01f800000000000000aa01f800000000000000aa01f800000000000000aa01f800000000000000aa01f800000000000000aa01f800000000000000aa01f800000000000000aa01f800000000000000aa01f800000000000000aa01f800000000000000aa01f8
02:32:09.135 [DEBUG] [serial] RX 104 bytes: 00000000000000aa01f800000000000000aa01f800000000000000aa01f800000000000000aa01f800000000000000aa01f800000000000000aa01f800000000000000aa01f800000000000000aa01f800000000000000aa01f800000000000000aa01f800000000
02:32:09.244 [DEBUG] [serial] RX 105 bytes: 000000aa01f800000000000000aa01f800000000000000aa01f800000000000000aa01f800000000000000aa01f800000000000000aa01f800000000000000aa01f800000000000000aa01f800000000000000aa01f800000000000000aa01f800000000000000aa01
02:32:09.352 [DEBUG] [serial] RX 102 bytes: f800000000000000aa01f800000000000000aa01f800000000000000aa01f800000000000000aa01f800000000000000aa01f800000000000000aa01f800000000000000aa01f800000000000000aa01f800000000000000aa01f800000000000000aa01f800
02:32:09.460 [DEBUG] [serial] RX 103 bytes: 000000000000aa01f800000000000000aa01f800000000000000aa01f800000000000000aa01f800000000000000aa01f800000000000000aa01f800000000000000aa01f800000000000000aa01f800000000000000aa01f800000000000000aa01f800000000
02:32:09.567 [DEBUG] [serial] RX 102 bytes: 000000aa01f800000000000000aa01f800000000000000aa01f800000000000000aa01f800000000000000aa01f800000000000000aa01f800000000000000aa01f800000000000000aa01f800000000000000aa01f800000000000000aa01f8000000000000
02:32:09.676 [DEBUG] [serial] RX 103 bytes: 00aa01f800000000000000aa01f800000000000000aa01f800000000000000aa01f800000000000000aa01f800000000000000aa01f800000000000000aa01f800000000000000aa01f800000000000000aa01f800000000000000aa01f800000000000000aa01
02:32:09.786 [DEBUG] [serial] RX 105 bytes: f800000000000000aa01f800000000000000aa01f800000000000000aa01f800000000000000aa01f800000000000000aa01f800000000000000aa01f800000000000000aa01f800000000000000aa01f800000000000000aa01f800000000000000aa01f800000000
02:32:09.894 [DEBUG] [serial] RX 103 bytes: 000000aa01f800000000000000aa01f800000000000000aa01f800000000000000aa01f800000000000000aa01f800000000000000aa01f800000000000000aa01f800000000000000aa01f800000000000000aa01f800000000000000aa01f800000000000000
02:32:10.003 [DEBUG] [serial] RX 104 bytes: aa01f800000000000000aa01f800000000000000aa01f800000000000000aa01f800000000000000aa01f800000000000000aa01f800000000000000aa01f800000000000000aa01f800000000000000aa01f800000000000000aa01f800000000000000aa01f800
02:32:10.113 [DEBUG] [serial] RX 104 bytes: 000000000000aa01f800000000000000aa01f800000000000000aa01f800000000000000aa01f800000000000000aa01f800000000000000aa01f800000000000000aa01f800000000000000aa01f800000000000000aa01f800000000000000aa01f80000000000
02:32:10.222 [DEBUG] [serial] RX 104 bytes: 0000aa01f800000000000000aa01f800000000000000aa01f800000000000000aa01f800000000000000aa01f800000000000000aa01f800000000000000aa01f800000000000000aa01f800000000000000aa01f800000000000000aa01f800000000000000aa01
02:32:10.330 [DEBUG] [serial] RX 102 bytes: f800000000000000aa01f800000000000000aa01f800000000000000aa01f800000000000000aa01f800000000000000aa01f800000000000000aa01f800000000000000aa01f800000000000000aa01f800000000000000aa01f800000000000000aa01f800
02:32:10.440 [DEBUG] [serial] RX 105 bytes: 000000000000aa01f800000000000000aa01f800000000000000aa01f800000000000000aa01f800000000000000aa01f800000000000000aa01f800000000000000aa01f800000000000000aa01f800000000000000aa01f800000000000000aa01f8000000000000
02:32:10.550 [DEBUG] [serial] RX 105 bytes: 00aa01f800000000000000aa01f800000000000000aa01f800000000000000aa01f800000000000000aa01f800000000000000aa01f800000000000000aa01f800000000000000aa01f800000000000000aa01f800000000000000aa01f800000000000000aa01f800
02:32:10.658 [DEBUG] [serial] RX 103 bytes: 000000000000aa01f800000000000000aa01f800000000000000aa01f800000000000000aa01f800000000000000aa01f800000000000000aa01f800000000000000aa01f800000000000000aa01f800000000000000aa01f800000000000000aa01f800000000
02:32:10.767 [DEBUG] [serial] RX 104 bytes: 000000aa01f800000000000000aa01f800000000000000aa01f800000000000000aa01f800000000000000aa01f800000000000000aa01f800000000000000aa01f800000000000000aa01f800000000000000aa01f800000000000000aa01f800000000000000aa
02:32:10.876 [DEBUG] [serial] RX 104 bytes: 01f800000000000000aa01f800000000000000aa01f800000000000000aa01f800000000000000aa01f800000000000000aa01f800000000000000aa01f800000000000000aa01f800000000000000aa01f800000000000000aa01f800000000000000aa01f80000
02:32:10.984 [DEBUG] [serial] RX 103 bytes: 0000000000aa01f800000000000000aa01f800000000000000aa01f800000000000000aa01f800000000000000aa01f800000000000000aa01f800000000000000aa01f800000000000000aa01f800000000000000aa01f800000000000000aa01f80000000000
02:32:11.094 [DEBUG] [serial] RX 103 bytes: 0000aa01f800000000000000aa01f800000000000000aa01f800000000000000aa01f800000000000000aa01f800000000000000aa01f800000000000000aa01f800000000000000aa01f800000000000000aa01f800000000000000aa01f800000000000000aa
02:32:11.201 [DEBUG] [serial] RX 103 bytes: 01f800000000000000aa01f800000000000000aa01f800000000000000aa01f800000000000000aa01f800000000000000aa01f800000000000000aa01f800000000000000aa01f800000000000000aa01f800000000000000aa01f800000000000000aa01f800
02:32:11.309 [DEBUG] [serial] RX 102 bytes: 000000000000aa01f800000000000000aa01f800000000000000aa01f800000000000000aa01f800000000000000aa01f800000000000000aa01f800000000000000aa01f800000000000000aa01f800000000000000aa01f800000000000000aa01f8000000
02:32:11.418 [DEBUG] [serial] RX 104 bytes: 00000000aa01f800000000000000aa01f800000000000000aa01f800000000000000aa01f800000000000000aa01f800000000000000aa01f800000000000000aa01f800000000000000aa01f800000000000000aa01f800000000000000aa01f800000000000000
02:32:11.527 [DEBUG] [serial] RX 104 bytes: aa01f800000000000000aa01f800000000000000aa01f800000000000000aa01f800000000000000aa01f800000000000000aa01f800000000000000aa01f800000000000000aa01f800000000000000aa01f800000000000000aa01f800000000000000aa01f800
02:32:11.639 [DEBUG] [serial] RX 105 bytes: 000000000000aa01f800000000000000aa01f800000000000000aa01f800000000000000aa01f800000000000000aa01f800000000000000aa01f800000000000000aa01f800000000000000aa01f800000000000000aa01f800000000000000aa01f8000000000000
02:32:11.747 [DEBUG] [serial] RX 104 bytes: 00aa01f800000000000000aa01f800000000000000aa01f800000000000000aa01f800000000000000aa01f800000000000000aa01f800000000000000aa01f800000000000000aa01f800000000000000aa01f800000000000000aa01f800000000000000aa01f8
02:32:11.857 [DEBUG] [serial] RX 105 bytes: 00000000000000aa01f800000000000000aa01f800000000000000aa01f800000000000000aa01f800000000000000aa01f800000000000000aa01f800000000000000aa01f800000000000000aa01f800000000000000aa01f800000000000000aa01f80000000000
02:32:11.965 [DEBUG] [serial] RX 103 bytes: 0000aa01f800000000000000aa01f800000000000000aa01f800000000000000aa01f800000000000000aa01f800000000000000aa01f800000000000000aa01f800000000000000aa01f800000000000000aa01f800000000000000aa01f800000000000000aa
02:32:12.074 [DEBUG] [serial] RX 103 bytes: 01f800000000000000aa01f800000000000000aa01f800000000000000aa01f800000000000000aa01f800000000000000aa01f800000000000000aa01f800000000000000aa01f800000000000000aa01f800000000000000aa01f800000000000000aa01f800
02:32:12.182 [DEBUG] [serial] RX 104 bytes: 000000000000aa01f800000000000000aa01f800000000000000aa01f800000000000000aa01f800000000000000aa01f800000000000000aa01f800000000000000aa01f800000000000000aa01f800000000000000aa01f800000000000000aa01f80000000000
02:32:12.291 [DEBUG] [serial] RX 103 bytes: 0000aa01f800000000000000aa01f800000000000000aa01f800000000000000aa01f800000000000000aa01f800000000000000aa01f800000000000000aa01f800000000000000aa01f800000000000000aa01f800000000000000aa01f800000000000000aa
02:32:12.400 [DEBUG] [serial] RX 103 bytes: 01f800000000000000aa01f800000000000000aa01f800000000000000aa01f800000000000000aa01f800000000000000aa01f800000000000000aa01f800000000000000aa01f800000000000000aa01f800000000000000aa01f800000000000000aa01f800
02:32:12.508 [DEBUG] [serial] RX 103 bytes: 000000000000aa01f800000000000000aa01f800000000000000aa01f800000000000000aa01f800000000000000aa01f800000000000000aa01f800000000000000aa01f800000000000000aa01f800000000000000aa01f800000000000000aa01f800000000
02:32:12.617 [DEBUG] [serial] RX 104 bytes: 000000aa01f800000000000000aa01f800000000000000aa01f800000000000000aa01f800000000000000aa01f800000000000000aa01f800000000000000aa01f800000000000000aa01f800000000000000aa01f800000000000000aa01f800000000000000aa
02:32:12.618 [INFO] [serial] Stats: 27910 pkts, 279107 bytes rx
02:32:12.727 [DEBUG] [serial] RX 105 bytes: 01f800000000000000aa01f800000000000000aa01f800000000000000aa01f800000000000000aa01f800000000000000aa01f800000000000000aa01f800000000000000aa01f800000000000000aa01f800000000000000aa01f800000000000000aa01f8000000
02:32:12.836 [DEBUG] [serial] RX 104 bytes: 00000000aa01f800000000000000aa01f800000000000000aa01f800000000000000aa01f800000000000000aa01f800000000000000aa01f800000000000000aa01f800000000000000aa01f800000000000000aa01f800000000000000aa01f800000000000000
02:32:12.945 [DEBUG] [serial] RX 103 bytes: aa01f800000000000000aa01f800000000000000aa01f800000000000000aa01f800000000000000aa01f800000000000000aa01f800000000000000aa01f800000000000000aa01f800000000000000aa01f800000000000000aa01f800000000000000aa01f8
02:32:13.053 [DEBUG] [serial] RX 103 bytes: 00000000000000aa01f800000000000000aa01f800000000000000aa01f800000000000000aa01f800000000000000aa01f800000000000000aa01f800000000000000aa01f800000000000000aa01f800000000000000aa01f800000000000000aa01f8000000
02:32:13.161 [DEBUG] [serial] RX 103 bytes: 00000000aa01f800000000000000aa01f800000000000000aa01f800000000000000aa01f800000000000000aa01f800000000000000aa01f800000000000000aa01f800000000000000aa01f800000000000000aa01f800000000000000aa01f8000000000000
02:32:13.271 [DEBUG] [serial] RX 105 bytes: 00aa01f800000000000000aa01f800000000000000aa01f800000000000000aa01f800000000000000aa01f800000000000000aa01f800000000000000aa01f800000000000000aa01f800000000000000aa01f800000000000000aa01f800000000000000aa01f800
02:32:13.380 [DEBUG] [serial] RX 103 bytes: 000000000000aa01f800000000000000aa01f800000000000000aa01f800000000000000aa01f800000000000000aa01f800000000000000aa01f800000000000000aa01f800000000000000aa01f800000000000000aa01f800000000000000aa01f800000000
02:32:13.488 [DEBUG] [serial] RX 103 bytes: 000000aa01f800000000000000aa01f800000000000000aa01f800000000000000aa01f800000000000000aa01f800000000000000aa01f800000000000000aa01f800000000000000aa01f800000000000000aa01f800000000000000aa01f800000000000000
02:32:13.597 [DEBUG] [serial] RX 104 bytes: aa01f800000000000000aa01f800000000000000aa01f800000000000000aa01f800000000000000aa01f800000000000000aa01f800000000000000aa01f800000000000000aa01f800000000000000aa01f800000000000000aa01f800000000000000aa01f800
02:32:13.597 [DEBUG] [serial] PKT #28000: flags=0x01 in=-2048 ds=0 flt=0
02:32:13.706 [DEBUG] [serial] RX 103 bytes: 000000000000aa01f800000000000000aa01f800000000000000aa01f800000000000000aa01f800000000000000aa01f800000000000000aa01f800000000000000aa01f800000000000000aa01f800000000000000aa01f800000000000000aa01f800000000
02:32:13.816 [DEBUG] [serial] RX 105 bytes: 000000aa01f800000000000000aa01f800000000000000aa01f800000000000000aa01f800000000000000aa01f800000000000000aa01f800000000000000aa01f800000000000000aa01f800000000000000aa01f800000000000000aa01f800000000000000aa01
02:32:13.926 [DEBUG] [serial] RX 105 bytes: f800000000000000aa01f800000000000000aa01f800000000000000aa01f800000000000000aa01f800000000000000aa01f800000000000000aa01f800000000000000aa01f800000000000000aa01f800000000000000aa01f800000000000000aa01f800000000
02:32:14.034 [DEBUG] [serial] RX 102 bytes: 000000aa01f800000000000000aa01f800000000000000aa01f800000000000000aa01f800000000000000aa01f800000000000000aa01f800000000000000aa01f800000000000000aa01f800000000000000aa01f800000000000000aa01f8000000000000
02:32:14.143 [DEBUG] [serial] RX 104 bytes: 00aa01f800000000000000aa01f800000000000000aa01f800000000000000aa01f800000000000000aa01f800000000000000aa01f800000000000000aa01f800000000000000aa01f800000000000000aa01f800000000000000aa01f800000000000000aa01f8
02:32:14.252 [DEBUG] [serial] RX 105 bytes: 00000000000000aa01f800000000000000aa01f800000000000000aa01f800000000000000aa01f800000000000000aa01f800000000000000aa01f800000000000000aa01f800000000000000aa01f800000000000000aa01f800000000000000aa01f80000000000
02:32:14.362 [DEBUG] [serial] RX 104 bytes: 0000aa01f800000000000000aa01f800000000000000aa01f800000000000000aa01f800000000000000aa01f800000000000000aa01f800000000000000aa01f800000000000000aa01f800000000000000aa01f800000000000000aa01f800000000000000aa01
02:32:14.470 [DEBUG] [serial] RX 103 bytes: f800000000000000aa01f800000000000000aa01f800000000000000aa01f800000000000000aa01f800000000000000aa01f800000000000000aa01f800000000000000aa01f800000000000000aa01f800000000000000aa01f800000000000000aa01f80000
02:32:14.580 [DEBUG] [serial] RX 104 bytes: 0000000000aa01f800000000000000aa01f800000000000000aa01f800000000000000aa01f800000000000000aa01f800000000000000aa01f800000000000000aa01f800000000000000aa01f800000000000000aa01f800000000000000aa01f8000000000000
02:32:14.688 [DEBUG] [serial] RX 104 bytes: 00aa01f800000000000000aa01f800000000000000aa01f800000000000000aa01f800000000000000aa01f800000000000000aa01f800000000000000aa01f800000000000000aa01f800000000000000aa01f800000000000000aa01f800000000000000aa01f8
02:32:14.797 [DEBUG] [serial] RX 103 bytes: 00000000000000aa01f800000000000000aa01f800000000000000aa01f800000000000000aa01f800000000000000aa01f800000000000000aa01f800000000000000aa01f800000000000000aa01f800000000000000aa01f800000000000000aa01f8000000
02:32:14.906 [DEBUG] [serial] RX 103 bytes: 00000000aa01f800000000000000aa01f800000000000000aa01f800000000000000aa01f800000000000000aa01f800000000000000aa01f800000000000000aa01f800000000000000aa01f800000000000000aa01f800000000000000aa01f8000000000000
02:32:15.015 [DEBUG] [serial] RX 104 bytes: 00aa01f800000000000000aa01f800000000000000aa01f800000000000000aa01f800000000000000aa01f800000000000000aa01f800000000000000aa01f800000000000000aa01f800000000000000aa01f800000000000000aa01f800000000000000aa01f8
02:32:15.123 [DEBUG] [serial] RX 103 bytes: 00000000000000aa01f800000000000000aa01f800000000000000aa01f800000000000000aa01f800000000000000aa01f800000000000000aa01f800000000000000aa01f800000000000000aa01f800000000000000aa01f800000000000000aa01f8000000
02:32:15.232 [DEBUG] [serial] RX 104 bytes: 00000000aa01f800000000000000aa01f800000000000000aa01f800000000000000aa01f800000000000000aa01f800000000000000aa01f800000000000000aa01f800000000000000aa01f800000000000000aa01f800000000000000aa01f800000000000000
02:32:15.339 [DEBUG] [serial] RX 102 bytes: aa01f800000000000000aa01f800000000000000aa01f800000000000000aa01f800000000000000aa01f800000000000000aa01f800000000000000aa01f800000000000000aa01f800000000000000aa01f800000000000000aa01f800000000000000aa01
02:32:15.450 [DEBUG] [serial] RX 105 bytes: f800000000000000aa01f800000000000000aa01f800000000000000aa01f800000000000000aa01f800000000000000aa01f800000000000000aa01f800000000000000aa01f800000000000000aa01f800000000000000aa01f800000000000000aa01f800000000
02:32:15.559 [DEBUG] [serial] RX 104 bytes: 000000aa01f800000000000000aa01f800000000000000aa01f800000000000000aa01f800000000000000aa01f800000000000000aa01f800000000000000aa01f800000000000000aa01f800000000000000aa01f800000000000000aa01f800000000000000aa
02:32:15.668 [DEBUG] [serial] RX 104 bytes: 01f800000000000000aa01f800000000000000aa01f800000000000000aa01f800000000000000aa01f800000000000000aa01f800000000000000aa01f800000000000000aa01f800000000000000aa01f800000000000000aa01f800000000000000aa01f80000
02:32:15.778 [DEBUG] [serial] RX 105 bytes: 0000000000aa01f800000000000000aa01f800000000000000aa01f800000000000000aa01f800000000000000aa01f800000000000000aa01f800000000000000aa01f800000000000000aa01f800000000000000aa01f800000000000000aa01f800000000000000
02:32:15.888 [DEBUG] [serial] RX 104 bytes: aa01f800000000000000aa01f800000000000000aa01f800000000000000aa01f800000000000000aa01f800000000000000aa01f800000000000000aa01f800000000000000aa01f800000000000000aa01f800000000000000aa01f800000000000000aa01f800
02:32:15.996 [DEBUG] [serial] RX 103 bytes: 000000000000aa01f800000000000000aa01f800000000000000aa01f800000000000000aa01f800000000000000aa01f800000000000000aa01f800000000000000aa01f800000000000000aa01f800000000000000aa01f800000000000000aa01f800000000
02:32:16.104 [DEBUG] [serial] RX 103 bytes: 000000aa01f800000000000000aa01f800000000000000aa01f800000000000000aa01f800000000000000aa01f800000000000000aa01f800000000000000aa01f800000000000000aa01f800000000000000aa01f800000000000000aa01f800000000000000
02:32:16.213 [DEBUG] [serial] RX 104 bytes: aa01f800000000000000aa01f800000000000000aa01f800000000000000aa01f800000000000000aa01f800000000000000aa01f800000000000000aa01f800000000000000aa01f800000000000000aa01f800000000000000aa01f800000000000000aa01f800
02:32:16.321 [DEBUG] [serial] RX 103 bytes: 000000000000aa01f800000000000000aa01f800000000000000aa01f800000000000000aa01f800000000000000aa01f800000000000000aa01f800000000000000aa01f800000000000000aa01f800000000000000aa01f800000000000000aa01f800000000
02:32:16.431 [DEBUG] [serial] RX 104 bytes: 000000aa01f800000000000000aa01f800000000000000aa01f800000000000000aa01f800000000000000aa01f800000000000000aa01f800000000000000aa01f800000000000000aa01f800000000000000aa01f800000000000000aa01f800000000000000aa
02:32:16.540 [DEBUG] [serial] RX 104 bytes: 01f800000000000000aa01f800000000000000aa01f800000000000000aa01f800000000000000aa01f800000000000000aa01f800000000000000aa01f800000000000000aa01f800000000000000aa01f800000000000000aa01f800000000000000aa01f80000
02:32:16.650 [DEBUG] [serial] RX 104 bytes: 0000000000aa01f800000000000000aa01f800000000000000aa01f800000000000000aa01f800000000000000aa01f800000000000000aa01f800000000000000aa01f800000000000000aa01f800000000000000aa01f800000000000000aa01f8000000000000
02:32:16.757 [DEBUG] [serial] RX 103 bytes: 00aa01f800000000000000aa01f800000000000000aa01f800000000000000aa01f800000000000000aa01f800000000000000aa01f800000000000000aa01f800000000000000aa01f800000000000000aa01f800000000000000aa01f800000000000000aa01
02:32:16.865 [DEBUG] [serial] RX 102 bytes: f800000000000000aa01f800000000000000aa01f800000000000000aa01f800000000000000aa01f800000000000000aa01f800000000000000aa01f800000000000000aa01f800000000000000aa01f800000000000000aa01f800000000000000aa01f800
02:32:16.976 [DEBUG] [serial] RX 106 bytes: 000000000000aa01f800000000000000aa01f800000000000000aa01f800000000000000aa01f800000000000000aa01f800000000000000aa01f800000000000000aa01f800000000000000aa01f800000000000000aa01f800000000000000aa01f800000000000000
02:32:17.085 [DEBUG] [serial] RX 103 bytes: aa01f800000000000000aa01f800000000000000aa01f800000000000000aa01f800000000000000aa01f800000000000000aa01f800000000000000aa01f800000000000000aa01f800000000000000aa01f800000000000000aa01f800000000000000aa01f8
02:32:17.194 [DEBUG] [serial] RX 104 bytes: 00000000000000aa01f800000000000000aa01f800000000000000aa01f800000000000000aa01f800000000000000aa01f800000000000000aa01f800000000000000aa01f800000000000000aa01f800000000000000aa01f800000000000000aa01f800000000
02:32:17.303 [DEBUG] [serial] RX 103 bytes: 000000aa01f800000000000000aa01f800000000000000aa01f800000000000000aa01f800000000000000aa01f800000000000000aa01f800000000000000aa01f800000000000000aa01f800000000000000aa01f800000000000000aa01f800000000000000
02:32:17.410 [DEBUG] [serial] RX 103 bytes: aa01f800000000000000aa01f800000000000000aa01f800000000000000aa01f800000000000000aa01f800000000000000aa01f800000000000000aa01f800000000000000aa01f800000000000000aa01f800000000000000aa01f800000000000000aa01f8
02:32:17.519 [DEBUG] [serial] RX 104 bytes: 00000000000000aa01f800000000000000aa01f800000000000000aa01f800000000000000aa01f800000000000000aa01f800000000000000aa01f800000000000000aa01f800000000000000aa01f800000000000000aa01f800000000000000aa01f800000000
02:32:17.628 [DEBUG] [serial] RX 103 bytes: 000000aa01f800000000000000aa01f800000000000000aa01f800000000000000aa01f800000000000000aa01f800000000000000aa01f800000000000000aa01f800000000000000aa01f800000000000000aa01f800000000000000aa01f800000000000000
02:32:17.629 [INFO] [serial] Stats: 28387 pkts, 283876 bytes rx
02:32:17.736 [DEBUG] [serial] RX 103 bytes: aa01f800000000000000aa01f800000000000000aa01f800000000000000aa01f800000000000000aa01f800000000000000aa01f800000000000000aa01f800000000000000aa01f800000000000000aa01f800000000000000aa01f800000000000000aa01f8
02:32:17.845 [DEBUG] [serial] RX 104 bytes: 00000000000000aa01f800000000000000aa01f800000000000000aa01f800000000000000aa01f800000000000000aa01f800000000000000aa01f800000000000000aa01f800000000000000aa01f800000000000000aa01f800000000000000aa01f800000000
02:32:17.954 [DEBUG] [serial] RX 104 bytes: 000000aa01f800000000000000aa01f800000000000000aa01f800000000000000aa01f800000000000000aa01f800000000000000aa01f800000000000000aa01f800000000000000aa01f800000000000000aa01f800000000000000aa01f800000000000000aa
02:32:18.062 [DEBUG] [serial] RX 103 bytes: 01f800000000000000aa01f800000000000000aa01f800000000000000aa01f800000000000000aa01f800000000000000aa01f800000000000000aa01f800000000000000aa01f800000000000000aa01f800000000000000aa01f800000000000000aa01f800
02:32:18.172 [DEBUG] [serial] RX 103 bytes: 000000000000aa01f800000000000000aa01f800000000000000aa01f800000000000000aa01f800000000000000aa01f800000000000000aa01f800000000000000aa01f800000000000000aa01f800000000000000aa01f800000000000000aa01f800000000
02:32:18.281 [DEBUG] [serial] RX 104 bytes: 000000aa01f800000000000000aa01f800000000000000aa01f800000000000000aa01f800000000000000aa01f800000000000000aa01f800000000000000aa01f800000000000000aa01f800000000000000aa01f800000000000000aa01f800000000000000aa
02:32:18.390 [DEBUG] [serial] RX 105 bytes: 01f800000000000000aa01f800000000000000aa01f800000000000000aa01f800000000000000aa01f800000000000000aa01f800000000000000aa01f800000000000000aa01f800000000000000aa01f800000000000000aa01f800000000000000aa01f8000000
02:32:18.499 [DEBUG] [serial] RX 103 bytes: 00000000aa01f800000000000000aa01f800000000000000aa01f800000000000000aa01f800000000000000aa01f800000000000000aa01f800000000000000aa01f800000000000000aa01f800000000000000aa01f800000000000000aa01f8000000000000
02:32:18.607 [DEBUG] [serial] RX 103 bytes: 00aa01f800000000000000aa01f800000000000000aa01f800000000000000aa01f800000000000000aa01f800000000000000aa01f800000000000000aa01f800000000000000aa01f800000000000000aa01f800000000000000aa01f800000000000000aa01
02:32:18.714 [DEBUG] [serial] RX 102 bytes: f800000000000000aa01f800000000000000aa01f800000000000000aa01f800000000000000aa01f800000000000000aa01f800000000000000aa01f800000000000000aa01f800000000000000aa01f800000000000000aa01f800000000000000aa01f800
02:32:18.823 [DEBUG] [serial] RX 97 bytes: 000000000000aa01f800000000000000aa01f800000000000000aa01f800000000000000aa01f800000000000000aa01f800000000000000aa01f800000000000000aa01f800000000000000aa01f800000000000000aa01f800000000000000ea
02:32:18.823 [DEBUG] [serial] PKT #28500: flags=0x01 in=-2048 ds=0 flt=0
02:32:18.823 [DEBUG] [serial] Sin header 0xAA, descartando 1 bytes: ea
02:32:18.932 [DEBUG] [serial] RX 14 bytes: aa0000aa00f800fa0aaa00f80000
02:32:18.932 [DEBUG] [serial] Sin header 0xAA, descartando 4 bytes: 00f80000
02:32:19.040 [DEBUG] [serial] RX 24 bytes: aa00f800aa00f800000000000000aa00f800000000000000
02:32:19.041 [DEBUG] [serial] Descartando 4 bytes antes de 0xAA
02:32:19.150 [DEBUG] [serial] RX 18 bytes: aa00f800aa00f80000000a00fa2aaa00f800
02:32:19.151 [DEBUG] [serial] Descartando 4 bytes antes de 0xAA
02:32:19.259 [DEBUG] [serial] RX 78 bytes: aa00aa00aa00f800000000000000aa00f800000000000000aa00f800000000000000aa00f800000000000000aa00f800000000000000aa00f800000000000000aa00f800000000000000aa00f800
02:32:19.259 [DEBUG] [serial] Descartando 8 bytes antes de 0xAA
02:32:19.368 [DEBUG] [serial] RX 104 bytes: 000000000000aa00f800000000000000aa00f800000000000000aa00f800000000000000aa00f800000000000000aa00f800000000000000aa00f800000000000000aa00f800000000000000aa00f800000000000000aa00f800000000000000aa00f80000000000
02:32:19.477 [DEBUG] [serial] RX 103 bytes: 0000aa00f800000000000000aa00f800000000000000aa00f800000000000000aa00f800000000000000aa00f800000000000000aa00f800000000000000aa00f800000000000000aa00f800000000000000aa00f800000000000000aa00f800000000000000aa
02:32:19.586 [DEBUG] [serial] RX 104 bytes: 00f800000000000000aa00f800000000000000aa00f800000000000000aa00f800000000000000aa00f800000000000000aa00f800000000000000aa00f800000000000000aa00f800000000000000aa00f800000000000000aa00f800000000000000aa00f80000
02:32:19.697 [DEBUG] [serial] RX 106 bytes: 0000000000aa00f800000000000000aa00f800000000000000aa00f800000000000000aa00f800000000000000aa00f800000000000000aa00f800000000000000aa00f800000000000000aa00f800000000000000aa00f800000000000000aa00f800000000000000aa
02:32:19.806 [DEBUG] [serial] RX 103 bytes: 00f800000000000000aa00f800000000000000aa00f800000000000000aa00f800000000000000aa00f800000000000000aa00f800000000000000aa00f800000000000000aa00f800000000000000aa00f800000000000000aa00f800000000000000aa00f800
02:32:19.915 [DEBUG] [serial] RX 104 bytes: 000000000000aa00f800000000000000aa00f800000000000000aa00f800000000000000aa00f800000000000000aa00f800000000000000aa00f800000000000000aa00f800000000000000aa00f800000000000000aa00f800000000000000aa00f80000000000
02:32:20.024 [DEBUG] [serial] RX 104 bytes: 0000aa00f800000000000000aa00f800000000000000aa00f800000000000000aa00f800000000000000aa00f800000000000000aa00f800000000000000aa00f800000000000000aa00f800000000000000aa00f800000000000000aa00f800000000000000aa00
02:32:20.133 [DEBUG] [serial] RX 103 bytes: f800000000000000aa00f800000000000000aa00f800000000000000aa00f800000000000000aa00f800000000000000aa00f800000000000000aa00f800000000000000aa00f800000000000000aa00f800000000000000aa00f800000000000000aa00f80000
02:32:20.241 [DEBUG] [serial] RX 104 bytes: 0000000000aa00f800000000000000aa00f800000000000000aa00f800000000000000aa00f800000000000000aa00f800000000000000aa00f800000000000000aa00f800000000000000aa00f800000000000000aa00f800000000000000aa00f8000000000000
02:32:20.350 [DEBUG] [serial] RX 104 bytes: 00aa00f800000000000000aa00f800000000000000aa00f800000000000000aa00f800000000000000aa00f800000000000000aa00f800000000000000aa00f800000000000000aa00f800000000000000aa00f800000000000000aa00f800000000000000aa00f8
02:32:20.460 [DEBUG] [serial] RX 98 bytes: 00000000000000aa00f800000000000000aa00f800000000000000aa00f800000000000000aa00f800000000000000aa00f8000000000000aa00f800000000000000aa00f800000000000000aa00f800000000000000aa00f800000000000000aa00
02:32:20.460 [DEBUG] [serial] Descartando 9 bytes antes de 0xAA
02:32:20.568 [DEBUG] [serial] RX 104 bytes: f800000000000000aa00f800000000000000aa00f800000000000000aa00f800000000000000aa00f800000000000000aa00f800000000000000aa00f800000000000000aa00f800000000000000aa00f800000000000000aa00f800000000000000aa00f8000000
02:32:20.678 [DEBUG] [serial] RX 52 bytes: 00000000aa00f800000000000000aa00f800000000000000aa00f800000000000000aa00f8000000000000aa00aa00f8000000aa
02:32:20.678 [DEBUG] [serial] Descartando 1 bytes antes de 0xAA
02:32:20.787 [DEBUG] [serial] RX 93 bytes: aa00f800aa00f800000000000000aa00f800000000000000aa00f800000000000000aa00f800000000000000aa00f800000000000000aa00f800000000000000aa00f800000000000000aa00f800000000000000aa00f8000000000000
02:32:20.788 [DEBUG] [serial] Descartando 1 bytes antes de 0xAA
02:32:20.898 [DEBUG] [serial] RX 106 bytes: 00aa00f800000000000000aa00f800000000000000aa00f800000000000000aa00f800000000000000aa00f800000000000000aa00f800000000000000aa00f800000000000000aa00f800000000000000aa00f800000000000000aa00f800000000000000aa00f80000
02:32:21.007 [DEBUG] [serial] RX 103 bytes: 0000000000aa00f800000000000000aa00f800000000000000aa00f800000000000000aa00f800000000000000aa00f800000000000000aa00f800000000000000aa00f800000000000000aa00f800000000000000aa00f800000000000000aa00f80000000000
02:32:21.115 [DEBUG] [serial] RX 103 bytes: 0000aa00f800000000000000aa00f800000000000000aa00f800000000000000aa00f800000000000000aa00f800000000000000aa00f800000000000000aa00f800000000000000aa00f800000000000000aa00f800000000000000aa00f800000000000000aa
02:32:21.225 [DEBUG] [serial] RX 104 bytes: 00f800000000000000aa00f800000000000000aa00f800000000000000aa00f800000000000000aa00f800000000000000aa00f800000000000000aa00f800000000000000aa00f800000000000000aa00f800000000000000aa00f800000000000000aa00f80000
02:32:21.333 [DEBUG] [serial] RX 104 bytes: 0000000000aa00f800000000000000aa00f800000000000000aa00f800000000000000aa00f800000000000000aa00f800000000000000aa00f800000000000000aa00f800000000000000aa00f800000000000000aa00f800000000000000aa00f8000000000000
02:32:21.442 [DEBUG] [serial] RX 103 bytes: 00aa00f800000000000000aa00f800000000000000aa00f800000000000000aa00f800000000000000aa00f800000000000000aa00f800000000000000aa00f800000000000000aa00f800000000000000aa00f800000000000000aa00f800000000000000aa00
02:32:21.550 [DEBUG] [serial] RX 103 bytes: f800000000000000aa00f800000000000000aa00f800000000000000aa00f800000000000000aa00f800000000000000aa00f800000000000000aa00f800000000000000aa00f800000000000000aa00f800000000000000aa00f800000000000000aa00f80000
02:32:21.658 [DEBUG] [serial] RX 103 bytes: 0000000000aa00f800000000000000aa00f800000000000000aa00f800000000000000aa00f800000000000000aa00f800000000000000aa00f800000000000000aa00f800000000000000aa00f800000000000000aa00f800000000000000aa00f80000000000
02:32:21.767 [DEBUG] [serial] RX 104 bytes: 0000aa00f800000000000000aa00f800000000000000aa00f800000000000000aa00f800000000000000aa00f800000000000000aa00f800000000000000aa00f800000000000000aa00f800000000000000aa00f800000000000000aa00f800000000000000aa00
02:32:21.877 [DEBUG] [serial] RX 105 bytes: f800000000000000aa00f800000000000000aa00f800000000000000aa00f800000000000000aa00f800000000000000aa00f800000000000000aa00f800000000000000aa00f800000000000000aa00f800000000000000aa00f800000000000000aa00f800000000
02:32:21.985 [DEBUG] [serial] RX 102 bytes: 000000aa00f800000000000000aa00f800000000000000aa00f800000000000000aa00f800000000000000aa00f800000000000000aa00f800000000000000aa00f800000000000000aa00f800000000000000aa00f800000000000000aa00f8000000000000
02:32:22.093 [DEBUG] [serial] RX 103 bytes: 00aa00f800000000000000aa00f800000000000000aa00f800000000000000aa00f800000000000000aa00f800000000000000aa00f800000000000000aa00f800000000000000aa00f800000000000000aa00f800000000000000aa00f800000000000000aa00
02:32:22.200 [DEBUG] [serial] RX 102 bytes: f800000000000000aa00f800000000000000aa00f800000000000000aa00f800000000000000aa00f800000000000000aa00f800000000000000aa00f800000000000000aa00f800000000000000aa00f800000000000000aa00f800000000000000aa00f800
02:32:22.310 [DEBUG] [serial] RX 104 bytes: 000000000000aa00f800000000000000aa00f800000000000000aa00f800000000000000aa00f800000000000000aa00f800000000000000aa00f800000000000000aa00f800000000000000aa00f800000000000000aa00f800000000000000aa00f80000000000
02:32:22.419 [DEBUG] [serial] RX 104 bytes: 0000aa00f800000000000000aa00f800000000000000aa00f800000000000000aa00f800000000000000aa00f800000000000000aa00f800000000000000aa00f800000000000000aa00f800000000000000aa00f800000000000000aa00f800000000000000aa00
02:32:22.528 [DEBUG] [serial] RX 104 bytes: f800000000000000aa00f800000000000000aa00f800000000000000aa00f800000000000000aa00f800000000000000aa00f800000000000000aa00f800000000000000aa00f800000000000000aa00f800000000000000aa00f800000000000000aa00f8000000
02:32:22.637 [DEBUG] [serial] RX 104 bytes: 00000000aa00f800000000000000aa00f800000000000000aa00f800000000000000aa00f800000000000000aa00f800000000000000aa00f800000000000000aa00f800000000000000aa00f800000000000000aa00f800000000000000aa00f800000000000000
02:32:22.638 [INFO] [serial] Stats: 28825 pkts, 288288 bytes rx
02:32:22.746 [DEBUG] [serial] RX 103 bytes: aa00f800000000000000aa00f800000000000000aa00f800000000000000aa00f800000000000000aa00f800000000000000aa00f800000000000000aa00f800000000000000aa00f800000000000000aa00f800000000000000aa00f800000000000000aa00f8
02:32:22.855 [DEBUG] [serial] RX 104 bytes: 00000000000000aa00f800000000000000aa00f800000000000000aa00f800000000000000aa00f800000000000000aa00f800000000000000aa00f800000000000000aa00f800000000000000aa00f800000000000000aa00f800000000000000aa00f800000000
02:32:22.963 [DEBUG] [serial] RX 103 bytes: 000000aa00f800000000000000aa00f800000000000000aa00f800000000000000aa00f800000000000000aa00f800000000000000aa00f800000000000000aa00f800000000000000aa00f800000000000000aa00f800000000000000aa00f800000000000000
02:32:23.073 [DEBUG] [serial] RX 105 bytes: aa00f800000000000000aa00f800000000000000aa00f800000000000000aa00f800000000000000aa00f800000000000000aa00f800000000000000aa00f800000000000000aa00f800000000000000aa00f800000000000000aa00f800000000000000aa00f80000
02:32:23.181 [DEBUG] [serial] RX 103 bytes: 0000000000aa00f800000000000000aa00f800000000000000aa00f800000000000000aa00f800000000000000aa00f800000000000000aa00f800000000000000aa00f800000000000000aa00f800000000000000aa00f800000000000000aa00f80000000000
02:32:23.290 [DEBUG] [serial] RX 104 bytes: 0000aa00f800000000000000aa00f800000000000000aa00f800000000000000aa00f800000000000000aa00f800000000000000aa00f800000000000000aa00f800000000000000aa00f800000000000000aa00f800000000000000aa00f800000000000000aa00
02:32:23.399 [DEBUG] [serial] RX 103 bytes: f800000000000000aa00f800000000000000aa00f800000000000000aa00f800000000000000aa00f800000000000000aa00f800000000000000aa00f800000000000000aa00f800000000000000aa00f800000000000000aa00f800000000000000aa00f80000
02:32:23.508 [DEBUG] [serial] RX 104 bytes: 0000000000aa00f800000000000000aa00f800000000000000aa00f800000000000000aa00f800000000000000aa00f800000000000000aa00f800000000000000aa00f800000000000000aa00f800000000000000aa00f800000000000000aa00f8000000000000
02:32:23.617 [DEBUG] [serial] RX 103 bytes: 00aa00f800000000000000aa00f800000000000000aa00f800000000000000aa00f800000000000000aa00f800000000000000aa00f800000000000000aa00f800000000000000aa00f800000000000000aa00f800000000000000aa00f800000000000000aa00
02:32:23.725 [DEBUG] [serial] RX 103 bytes: f800000000000000aa00f800000000000000aa00f800000000000000aa00f800000000000000aa00f800000000000000aa00f800000000000000aa00f800000000000000aa00f800000000000000aa00f800000000000000aa00f800000000000000aa00f80000
02:32:23.834 [DEBUG] [serial] RX 104 bytes: 0000000000aa00f800000000000000aa00f800000000000000aa00f800000000000000aa00f800000000000000aa00f800000000000000aa00f800000000000000aa00f800000000000000aa00f800000000000000aa00f800000000000000aa00f8000000000000
02:32:23.944 [DEBUG] [serial] RX 104 bytes: 00aa00f800000000000000aa00f800000000000000aa00f800000000000000aa00f800000000000000aa00f800000000000000aa00f800000000000000aa00f800000000000000aa00f800000000000000aa00f800000000000000aa00f800000000000000aa00f8
02:32:24.053 [DEBUG] [serial] RX 104 bytes: 00000000000000aa00f800000000000000aa00f800000000000000aa00f800000000000000aa00f800000000000000aa00f800000000000000aa00f800000000000000aa00f800000000000000aa00f800000000000000aa00f800000000000000aa00f800000000
02:32:24.163 [DEBUG] [serial] RX 105 bytes: 000000aa00f800000000000000aa00f800000000000000aa00f800000000000000aa00f800000000000000aa00f800000000000000aa00f800000000000000aa00f800000000000000aa00f800000000000000aa00f800000000000000aa00f800000000000000aa00
02:32:24.272 [DEBUG] [serial] RX 104 bytes: f800000000000000aa00f800000000000000aa00f800000000000000aa00f800000000000000aa00f800000000000000aa00f800000000000000aa00f800000000000000aa00f800000000000000aa00f800000000000000aa00f800000000000000aa00f8000000
02:32:24.381 [DEBUG] [serial] RX 104 bytes: 00000000aa00f800000000000000aa00f800000000000000aa00f800000000000000aa00f800000000000000aa00f800000000000000aa00f800000000000000aa00f800000000000000aa00f800000000000000aa00f800000000000000aa00f800000000000000
02:32:24.490 [DEBUG] [serial] RX 103 bytes: aa00f800000000000000aa00f800000000000000aa00f800000000000000aa00f800000000000000aa00f800000000000000aa00f800000000000000aa00f800000000000000aa00f800000000000000aa00f800000000000000aa00f800000000000000aa00f8
02:32:24.490 [DEBUG] [serial] PKT #29000: flags=0x00 in=-2048 ds=0 flt=0
02:32:24.600 [DEBUG] [serial] RX 105 bytes: 00000000000000aa00f800000000000000aa00f800000000000000aa00f800000000000000aa00f800000000000000aa00f800000000000000aa00f800000000000000aa00f800000000000000aa00f800000000000000aa00f800000000000000aa00f80000000000
02:32:24.709 [DEBUG] [serial] RX 104 bytes: 0000aa00f800000000000000aa00f800000000000000aa00f800000000000000aa00f800000000000000aa00f800000000000000aa00f800000000000000aa00f800000000000000aa00f800000000000000aa00f800000000000000aa00f800000000000000aa00
02:32:24.817 [DEBUG] [serial] RX 103 bytes: f800000000000000aa00f800000000000000aa00f800000000000000aa00f800000000000000aa00f800000000000000aa00f800000000000000aa00f800000000000000aa00f800000000000000aa00f800000000000000aa00f800000000000000aa00f80000
02:32:24.925 [DEBUG] [serial] RX 103 bytes: 0000000000aa00f800000000000000aa00f800000000000000aa00f800000000000000aa00f800000000000000aa00f800000000000000aa00f800000000000000aa00f800000000000000aa00f800000000000000aa00f800000000000000aa00f80000000000
02:32:25.034 [DEBUG] [serial] RX 103 bytes: 0000aa00f800000000000000aa00f800000000000000aa00f800000000000000aa00f800000000000000aa00f800000000000000aa00f800000000000000aa00f800000000000000aa00f800000000000000aa00f800000000000000aa00f800000000000000aa
02:32:25.144 [DEBUG] [serial] RX 105 bytes: 00f800000000000000aa00f800000000000000aa00f800000000000000aa00f800000000000000aa00f800000000000000aa00f800000000000000aa00f800000000000000aa00f800000000000000aa00f800000000000000aa00f800000000000000aa00f8000000
02:32:25.252 [DEBUG] [serial] RX 103 bytes: 00000000aa00f800000000000000aa00f800000000000000aa00f800000000000000aa00f800000000000000aa00f800000000000000aa00f800000000000000aa00f800000000000000aa00f800000000000000aa00f800000000000000aa00f8000000000000
02:32:25.362 [DEBUG] [serial] RX 105 bytes: 00aa00f800000000000000aa00f800000000000000aa00f800000000000000aa00f800000000000000aa00f800000000000000aa00f800000000000000aa00f800000000000000aa00f800000000000000aa00f800000000000000aa00f800000000000000aa00f800
02:32:25.473 [DEBUG] [serial] RX 104 bytes: 000000000000aa00f800000000000000aa00f800000000000000aa00f800000000000000aa00f800000000000000aa00f800000000000000aa00f800000000000000aa00f800000000000000aa00f800000000000000aa00f800000000000000aa00f80000000000
02:32:25.582 [DEBUG] [serial] RX 105 bytes: 0000aa00f800000000000000aa00f800000000000000aa00f800000000000000aa00f800000000000000aa00f800000000000000aa00f800000000000000aa00f800000000000000aa00f800000000000000aa00f800000000000000aa00f800000000000000aa00f8
02:32:25.692 [DEBUG] [serial] RX 104 bytes: 00000000000000aa00f800000000000000aa00f800000000000000aa00f800000000000000aa00f800000000000000aa00f800000000000000aa00f800000000000000aa00f800000000000000aa00f800000000000000aa00f800000000000000aa00f800000000
02:32:25.800 [DEBUG] [serial] RX 103 bytes: 000000aa00f800000000000000aa00f800000000000000aa00f800000000000000aa00f800000000000000aa00f800000000000000aa00f800000000000000aa00f800000000000000aa00f800000000000000aa00f800000000000000aa00f800000000000000
02:32:25.909 [DEBUG] [serial] RX 104 bytes: aa00f800000000000000aa00f800000000000000aa00f800000000000000aa00f800000000000000aa00f800000000000000aa00f800000000000000aa00f800000000000000aa00f800000000000000aa00f800000000000000aa00f800000000000000aa00f800
02:32:26.018 [DEBUG] [serial] RX 103 bytes: 000000000000aa00f800000000000000aa00f800000000000000aa00f800000000000000aa00f800000000000000aa00f800000000000000aa00f800000000000000aa00f800000000000000aa00f800000000000000aa00f800000000000000aa00f800000000
02:32:26.127 [DEBUG] [serial] RX 104 bytes: 000000aa00f800000000000000aa00f800000000000000aa00f800000000000000aa00f800000000000000aa00f800000000000000aa00f800000000000000aa00f800000000000000aa00f800000000000000aa00f800000000000000aa00f800000000000000aa
02:32:26.235 [DEBUG] [serial] RX 103 bytes: 00f800000000000000aa00f800000000000000aa00f800000000000000aa00f800000000000000aa00f800000000000000aa00f800000000000000aa00f800000000000000aa00f800000000000000aa00f800000000000000aa00f800000000000000aa00f800
02:32:26.345 [DEBUG] [serial] RX 104 bytes: 000000000000aa00f800000000000000aa00f800000000000000aa00f800000000000000aa00f800000000000000aa00f800000000000000aa00f800000000000000aa00f800000000000000aa00f800000000000000aa00f800000000000000aa00f80000000000
02:32:26.453 [DEBUG] [serial] RX 104 bytes: 0000aa00f800000000000000aa00f800000000000000aa00f800000000000000aa00f800000000000000aa00f800000000000000aa00f800000000000000aa00f800000000000000aa00f800000000000000aa00f800000000000000aa00f800000000000000aa00
02:32:26.564 [DEBUG] [serial] RX 105 bytes: f800000000000000aa00f800000000000000aa00f800000000000000aa00f800000000000000aa00f800000000000000aa00f800000000000000aa00f800000000000000aa00f800000000000000aa00f800000000000000aa00f800000000000000aa00f800000000
02:32:26.672 [DEBUG] [serial] RX 103 bytes: 000000aa00f800000000000000aa00f800000000000000aa00f800000000000000aa00f800000000000000aa00f800000000000000aa00f800000000000000aa00f800000000000000aa00f800000000000000aa00f800000000000000aa00f800000000000000
02:32:26.783 [DEBUG] [serial] RX 105 bytes: aa00f800000000000000aa00f800000000000000aa00f800000000000000aa00f800000000000000aa00f800000000000000aa00f800000000000000aa00f800000000000000aa00f800000000000000aa00f800000000000000aa00f800000000000000aa00f80000
02:32:26.892 [DEBUG] [serial] RX 105 bytes: 0000000000aa00f800000000000000aa00f800000000000000aa00f800000000000000aa00f800000000000000aa00f800000000000000aa00f800000000000000aa00f800000000000000aa00f800000000000000aa00f800000000000000aa00f800000000000000
02:32:27.000 [DEBUG] [serial] RX 102 bytes: aa00f800000000000000aa00f800000000000000aa00f800000000000000aa00f800000000000000aa00f800000000000000aa00f800000000000000aa00f800000000000000aa00f800000000000000aa00f800000000000000aa00f800000000000000aa00
02:32:27.109 [DEBUG] [serial] RX 104 bytes: f800000000000000aa00f800000000000000aa00f800000000000000aa00f800000000000000aa00f800000000000000aa00f800000000000000aa00f800000000000000aa00f800000000000000aa00f800000000000000aa00f800000000000000aa00f8000000
02:32:27.217 [DEBUG] [serial] RX 103 bytes: 00000000aa00f800000000000000aa00f800000000000000aa00f800000000000000aa00f800000000000000aa00f800000000000000aa00f800000000000000aa00f800000000000000aa00f800000000000000aa00f800000000000000aa00f8000000000000
02:32:27.327 [DEBUG] [serial] RX 105 bytes: 00aa00f800000000000000aa00f800000000000000aa00f800000000000000aa00f800000000000000aa00f800000000000000aa00f800000000000000aa00f800000000000000aa00f800000000000000aa00f800000000000000aa00f800000000000000aa00f800
02:32:27.435 [DEBUG] [serial] RX 102 bytes: 000000000000aa00f800000000000000aa00f800000000000000aa00f800000000000000aa00f800000000000000aa00f800000000000000aa00f800000000000000aa00f800000000000000aa00f800000000000000aa00f800000000000000aa00f8000000
02:32:27.545 [DEBUG] [serial] RX 104 bytes: 00000000aa00f800000000000000aa00f800000000000000aa00f800000000000000aa00f800000000000000aa00f800000000000000aa00f800000000000000aa00f800000000000000aa00f800000000000000aa00f800000000000000aa00f800000000000000
02:32:27.654 [DEBUG] [serial] RX 104 bytes: aa00f800000000000000aa00f800000000000000aa00f800000000000000aa00f800000000000000aa00f800000000000000aa00f800000000000000aa00f800000000000000aa00f800000000000000aa00f800000000000000aa00f800000000000000aa00f800
02:32:27.654 [INFO] [serial] Stats: 29302 pkts, 293062 bytes rx
02:32:27.762 [DEBUG] [serial] RX 104 bytes: 000000000000aa00f800000000000000aa00f800000000000000aa00f800000000000000aa00f800000000000000aa00f800000000000000aa00f800000000000000aa00f800000000000000aa00f800000000000000aa00f800000000000000aa00f80000000000
02:32:27.870 [DEBUG] [serial] RX 102 bytes: 0000aa00f800000000000000aa00f800000000000000aa00f800000000000000aa00f800000000000000aa00f800000000000000aa00f800000000000000aa00f800000000000000aa00f800000000000000aa00f800000000000000aa00f800000000000000
02:32:27.979 [DEBUG] [serial] RX 104 bytes: aa00f800000000000000aa00f800000000000000aa00f800000000000000aa00f800000000000000aa00f800000000000000aa00f800000000000000aa00f800000000000000aa00f800000000000000aa00f800000000000000aa00f800000000000000aa00f800
02:32:28.087 [DEBUG] [serial] RX 103 bytes: 000000000000aa00f800000000000000aa00f800000000000000aa00f800000000000000aa00f800000000000000aa00f800000000000000aa00f800000000000000aa00f800000000000000aa00f800000000000000aa00f800000000000000aa00f800000000
02:32:28.196 [DEBUG] [serial] RX 103 bytes: 000000aa00f800000000000000aa00f800000000000000aa00f800000000000000aa00f800000000000000aa00f800000000000000aa00f800000000000000aa00f800000000000000aa00f800000000000000aa00f800000000000000aa00f800000000000000
02:32:28.306 [DEBUG] [serial] RX 105 bytes: aa00f800000000000000aa00f800000000000000aa00f800000000000000aa00f800000000000000aa00f800000000000000aa00f800000000000000aa00f800000000000000aa00f800000000000000aa00f800000000000000aa00f800000000000000aa00f80000
02:32:28.416 [DEBUG] [serial] RX 104 bytes: 0000000000aa00f800000000000000aa00f800000000000000aa00f800000000000000aa00f800000000000000aa00f800000000000000aa00f800000000000000aa00f800000000000000aa00f800000000000000aa00f800000000000000aa00f8000000000000
02:32:28.524 [DEBUG] [serial] RX 104 bytes: 00aa00f800000000000000aa00f800000000000000aa00f800000000000000aa00f800000000000000aa00f800000000000000aa00f800000000000000aa00f800000000000000aa00f800000000000000aa00f800000000000000aa00f800000000000000aa00f8
02:32:28.633 [DEBUG] [serial] RX 104 bytes: 00000000000000aa00f800000000000000aa00f800000000000000aa00f800000000000000aa00f800000000000000aa00f800000000000000aa00f800000000000000aa00f800000000000000aa00f800000000000000aa00f800000000000000aa00f800000000
02:32:28.741 [DEBUG] [serial] RX 102 bytes: 000000aa00f800000000000000aa00f800000000000000aa00f800000000000000aa00f800000000000000aa00f800000000000000aa00f800000000000000aa00f800000000000000aa00f800000000000000aa00f800000000000000aa00f8000000000000
02:32:28.850 [DEBUG] [serial] RX 104 bytes: 00aa00f800000000000000aa00f800000000000000aa00f800000000000000aa00f800000000000000aa00f800000000000000aa00f800000000000000aa00f800000000000000aa00f800000000000000aa00f800000000000000aa00f800000000000000aa00f8
02:32:28.959 [DEBUG] [serial] RX 104 bytes: 00000000000000aa00f800000000000000aa00f800000000000000aa00f800000000000000aa00f800000000000000aa00f800000000000000aa00f800000000000000aa00f800000000000000aa00f800000000000000aa00f800000000000000aa00f800000000
02:32:29.069 [DEBUG] [serial] RX 104 bytes: 000000aa00f800000000000000aa00f800000000000000aa00f800000000000000aa00f800000000000000aa00f800000000000000aa00f800000000000000aa00f800000000000000aa00f800000000000000aa00f800000000000000aa00f800000000000000aa
02:32:29.177 [DEBUG] [serial] RX 103 bytes: 00f800000000000000aa00f800000000000000aa00f800000000000000aa00f800000000000000aa00f800000000000000aa00f800000000000000aa00f800000000000000aa00f800000000000000aa00f800000000000000aa00f800000000000000aa00f800
02:32:29.285 [DEBUG] [serial] RX 102 bytes: 000000000000aa00f800000000000000aa00f800000000000000aa00f800000000000000aa00f800000000000000aa00f800000000000000aa00f800000000000000aa00f800000000000000aa00f800000000000000aa00f800000000000000aa00f8000000
02:32:29.393 [DEBUG] [serial] RX 104 bytes: 00000000aa00f800000000000000aa00f800000000000000aa00f800000000000000aa00f800000000000000aa00f800000000000000aa00f800000000000000aa00f800000000000000aa00f800000000000000aa00f800000000000000aa00f800000000000000
02:32:29.502 [DEBUG] [serial] RX 104 bytes: aa00f800000000000000aa00f800000000000000aa00f800000000000000aa00f800000000000000aa00f800000000000000aa00f800000000000000aa00f800000000000000aa00f800000000000000aa00f800000000000000aa00f800000000000000aa00f800
02:32:29.612 [DEBUG] [serial] RX 103 bytes: 000000000000aa00f800000000000000aa00f800000000000000aa00f800000000000000aa00f800000000000000aa00f800000000000000aa00f800000000000000aa00f800000000000000aa00f800000000000000aa00f800000000000000aa00f800000000
02:32:29.721 [DEBUG] [serial] RX 105 bytes: 000000aa00f800000000000000aa00f800000000000000aa00f800000000000000aa00f800000000000000aa00f800000000000000aa00f800000000000000aa00f800000000000000aa00f800000000000000aa00f800000000000000aa00f800000000000000aa00
02:32:29.830 [DEBUG] [serial] RX 103 bytes: f800000000000000aa00f800000000000000aa00f800000000000000aa00f800000000000000aa00f800000000000000aa00f800000000000000aa00f800000000000000aa00f800000000000000aa00f800000000000000aa00f800000000000000aa00f80000
02:32:29.830 [DEBUG] [serial] PKT #29500: flags=0x00 in=-2048 ds=0 flt=0
02:32:29.938 [DEBUG] [serial] RX 104 bytes: 0000000000aa00f800000000000000aa00f800000000000000aa00f800000000000000aa00f800000000000000aa00f800000000000000aa00f800000000000000aa00f800000000000000aa00f800000000000000aa00f800000000000000aa00f8000000000000
02:32:30.048 [DEBUG] [serial] RX 104 bytes: 00aa00f800000000000000aa00f800000000000000aa00f800000000000000aa00f800000000000000aa00f800000000000000aa00f800000000000000aa00f800000000000000aa00f800000000000000aa00f800000000000000aa00f800000000000000aa00f8
02:32:30.157 [DEBUG] [serial] RX 104 bytes: 00000000000000aa00f800000000000000aa00f800000000000000aa00f800000000000000aa00f800000000000000aa00f800000000000000aa00f800000000000000aa00f800000000000000aa00f800000000000000aa00f800000000000000aa00f800000000
02:32:30.267 [DEBUG] [serial] RX 104 bytes: 000000aa00f800000000000000aa00f800000000000000aa00f800000000000000aa00f800000000000000aa00f800000000000000aa00f800000000000000aa00f800000000000000aa00f800000000000000aa00f800000000000000aa00f800000000000000aa
02:32:30.375 [DEBUG] [serial] RX 103 bytes: 00f800000000000000aa00f800000000000000aa00f800000000000000aa00f800000000000000aa00f800000000000000aa00f800000000000000aa00f800000000000000aa00f800000000000000aa00f800000000000000aa00f800000000000000aa00f800
02:32:30.483 [DEBUG] [serial] RX 103 bytes: 000000000000aa00f800000000000000aa00f800000000000000aa00f800000000000000aa00f800000000000000aa00f800000000000000aa00f800000000000000aa00f800000000000000aa00f800000000000000aa00f800000000000000aa00f800000000
02:32:30.591 [DEBUG] [serial] RX 103 bytes: 000000aa00f800000000000000aa00f800000000000000aa00f800000000000000aa00f800000000000000aa00f800000000000000aa00f800000000000000aa00f800000000000000aa00f800000000000000aa00f800000000000000aa00f800000000000000
02:32:30.702 [DEBUG] [serial] RX 105 bytes: aa00f800000000000000aa00f800000000000000aa00f800000000000000aa00f800000000000000aa00f800000000000000aa00f800000000000000aa00f800000000000000aa00f800000000000000aa00f800000000000000aa00f800000000000000aa00f80000
02:32:30.811 [DEBUG] [serial] RX 104 bytes: 0000000000aa00f800000000000000aa00f800000000000000aa00f800000000000000aa00f800000000000000aa00f800000000000000aa00f800000000000000aa00f800000000000000aa00f800000000000000aa00f800000000000000aa00f8000000000000
02:32:30.920 [DEBUG] [serial] RX 104 bytes: 00aa00f800000000000000aa00f800000000000000aa00f800000000000000aa00f800000000000000aa00f800000000000000aa00f800000000000000aa00f800000000000000aa00f800000000000000aa00f800000000000000aa00f800000000000000aa00f8
02:32:31.029 [DEBUG] [serial] RX 104 bytes: 00000000000000aa00f800000000000000aa00f800000000000000aa00f800000000000000aa00f800000000000000aa00f800000000000000aa00f800000000000000aa00f800000000000000aa00f800000000000000aa00f800000000000000aa00f800000000
02:32:31.138 [DEBUG] [serial] RX 103 bytes: 000000aa00f800000000000000aa00f800000000000000aa00f800000000000000aa00f800000000000000aa00f800000000000000aa00f800000000000000aa00f800000000000000aa00f800000000000000aa00f800000000000000aa00f800000000000000
02:32:31.246 [DEBUG] [serial] RX 103 bytes: aa00f800000000000000aa00f800000000000000aa00f800000000000000aa00f800000000000000aa00f800000000000000aa00f800000000000000aa00f800000000000000aa00f800000000000000aa00f800000000000000aa00f800000000000000aa00f8
02:32:31.356 [DEBUG] [serial] RX 104 bytes: 00000000000000aa00f800000000000000aa00f800000000000000aa00f800000000000000aa00f800000000000000aa00f800000000000000aa00f800000000000000aa00f800000000000000aa00f800000000000000aa00f800000000000000aa00f800000000
02:32:31.465 [DEBUG] [serial] RX 104 bytes: 000000aa00f800000000000000aa00f800000000000000aa00f800000000000000aa00f800000000000000aa00f800000000000000aa00f800000000000000aa00f800000000000000aa00f800000000000000aa00f800000000000000aa00f800000000000000aa
02:32:31.574 [DEBUG] [serial] RX 104 bytes: 00f800000000000000aa00f800000000000000aa00f800000000000000aa00f800000000000000aa00f800000000000000aa00f800000000000000aa00f800000000000000aa00f800000000000000aa00f800000000000000aa00f800000000000000aa00f80000
02:32:31.683 [DEBUG] [serial] RX 104 bytes: 0000000000aa00f800000000000000aa00f800000000000000aa00f800000000000000aa00f800000000000000aa00f800000000000000aa00f800000000000000aa00f800000000000000aa00f800000000000000aa00f800000000000000aa00f8000000000000
02:32:31.793 [DEBUG] [serial] RX 105 bytes: 00aa00f800000000000000aa00f800000000000000aa00f800000000000000aa00f800000000000000aa00f800000000000000aa00f800000000000000aa00f800000000000000aa00f800000000000000aa00f800000000000000aa00f800000000000000aa00f800
02:32:31.902 [DEBUG] [serial] RX 103 bytes: 000000000000aa00f800000000000000aa00f800000000000000aa00f800000000000000aa00f800000000000000aa00f800000000000000aa00f800000000000000aa00f800000000000000aa00f800000000000000aa00f800000000000000aa00f800000000
02:32:32.010 [DEBUG] [serial] RX 103 bytes: 000000aa00f800000000000000aa00f800000000000000aa00f800000000000000aa00f800000000000000aa00f800000000000000aa00f800000000000000aa00f800000000000000aa00f800000000000000aa00f800000000000000aa00f800000000000000
02:32:32.119 [DEBUG] [serial] RX 103 bytes: aa00f800000000000000aa00f800000000000000aa00f800000000000000aa00f800000000000000aa00f800000000000000aa00f800000000000000aa00f800000000000000aa00f800000000000000aa00f800000000000000aa00f800000000000000aa00f8
02:32:32.228 [DEBUG] [serial] RX 105 bytes: 00000000000000aa00f800000000000000aa00f800000000000000aa00f800000000000000aa00f800000000000000aa00f800000000000000aa00f800000000000000aa00f800000000000000aa00f800000000000000aa00f800000000000000aa00f80000000000
02:32:32.337 [DEBUG] [serial] RX 103 bytes: 0000aa00f800000000000000aa00f800000000000000aa00f800000000000000aa00f800000000000000aa00f800000000000000aa00f800000000000000aa00f800000000000000aa00f800000000000000aa00f800000000000000aa00f800000000000000aa
02:32:32.445 [DEBUG] [serial] RX 103 bytes: 00f800000000000000aa00f800000000000000aa00f800000000000000aa00f800000000000000aa00f800000000000000aa00f800000000000000aa00f800000000000000aa00f800000000000000aa00f800000000000000aa00f800000000000000aa00f800
02:32:32.554 [DEBUG] [serial] RX 104 bytes: 000000000000aa00f800000000000000aa00f800000000000000aa00f800000000000000aa00f800000000000000aa00f800000000000000aa00f800000000000000aa00f800000000000000aa00f800000000000000aa00f800000000000000aa00f80000000000
02:32:32.664 [DEBUG] [serial] RX 104 bytes: 0000aa00f800000000000000aa00f800000000000000aa00f800000000000000aa00f800000000000000aa00f800000000000000aa00f800000000000000aa00f800000000000000aa00f800000000000000aa00f800000000000000aa00f800000000000000aa00
02:32:32.665 [INFO] [serial] Stats: 29779 pkts, 297830 bytes rx
02:32:32.772 [DEBUG] [serial] RX 104 bytes: f800000000000000aa00f800000000000000aa00f800000000000000aa00f800000000000000aa00f800000000000000aa00f800000000000000aa00f800000000000000aa00f800000000000000aa00f800000000000000aa00f800000000000000aa00f8000000
02:32:32.881 [DEBUG] [serial] RX 103 bytes: 00000000aa00f800000000000000aa00f800000000000000aa00f800000000000000aa00f800000000000000aa00f800000000000000aa00f800000000000000aa00f800000000000000aa00f800000000000000aa00f800000000000000aa00f8000000000000
02:32:32.990 [DEBUG] [serial] RX 104 bytes: 00aa00f800000000000000aa00f800000000000000aa00f800000000000000aa00f800000000000000aa00f800000000000000aa00f800000000000000aa00f800000000000000aa00f800000000000000aa00f800000000000000aa00f800000000000000aa00f8
02:32:33.099 [DEBUG] [serial] RX 103 bytes: 00000000000000aa00f800000000000000aa00f800000000000000aa00f800000000000000aa00f800000000000000aa00f800000000000000aa00f800000000000000aa00f800000000000000aa00f800000000000000aa00f800000000000000aa00f8000000
02:32:33.208 [DEBUG] [serial] RX 104 bytes: 00000000aa00f800000000000000aa00f800000000000000aa00f800000000000000aa00f800000000000000aa00f800000000000000aa00f800000000000000aa00f800000000000000aa00f800000000000000aa00f800000000000000aa00f800000000000000
02:32:33.315 [DEBUG] [serial] RX 102 bytes: aa00f800000000000000aa00f800000000000000aa00f800000000000000aa00f800000000000000aa00f800000000000000aa00f800000000000000aa00f800000000000000aa00f800000000000000aa00f800000000000000aa00f800000000000000aa00
02:32:33.427 [DEBUG] [serial] RX 107 bytes: f800000000000000aa00f800000000000000aa00f800000000000000aa00f800000000000000aa00f800000000000000aa00f800000000000000aa00f800000000000000aa00f800000000000000aa00f800000000000000aa00f800000000000000aa00f8000000000000
02:32:33.537 [DEBUG] [serial] RX 104 bytes: 00aa00f800000000000000aa00f800000000000000aa00f800000000000000aa00f800000000000000aa00f800000000000000aa00f800000000000000aa00f800000000000000aa00f800000000000000aa00f800000000000000aa00f800000000000000aa00f8
02:32:33.645 [DEBUG] [serial] RX 103 bytes: 00000000000000aa00f800000000000000aa00f800000000000000aa00f800000000000000aa00f800000000000000aa00f800000000000000aa00f800000000000000aa00f800000000000000aa00f800000000000000aa00f800000000000000aa00f8000000
02:32:33.753 [DEBUG] [serial] RX 102 bytes: 00000000aa00f800000000000000aa00f800000000000000aa00f800000000000000aa00f800000000000000aa00f800000000000000aa00f800000000000000aa00f800000000000000aa00f800000000000000aa00f800000000000000aa00f80000000000
02:32:33.861 [DEBUG] [serial] RX 104 bytes: 0000aa00f800000000000000aa00f800000000000000aa00f800000000000000aa00f800000000000000aa00f800000000000000aa00f800000000000000aa00f800000000000000aa00f800000000000000aa00f800000000000000aa00f800000000000000aa00
02:32:33.970 [DEBUG] [serial] RX 103 bytes: f800000000000000aa00f800000000000000aa00f800000000000000aa00f800000000000000aa00f800000000000000aa00f800000000000000aa00f800000000000000aa00f800000000000000aa00f800000000000000aa00f800000000000000aa00f80000
02:32:34.079 [DEBUG] [serial] RX 104 bytes: 0000000000aa00f800000000000000aa00f800000000000000aa00f800000000000000aa00f800000000000000aa00f800000000000000aa00f800000000000000aa00f800000000000000aa00f800000000000000aa00f800000000000000aa00f8000000000000
02:32:34.188 [DEBUG] [serial] RX 104 bytes: 00aa00f800000000000000aa00f800000000000000aa00f800000000000000aa00f800000000000000aa00f800000000000000aa00f800000000000000aa00f800000000000000aa00f800000000000000aa00f800000000000000aa00f800000000000000aa00f8
02:32:34.295 [DEBUG] [serial] RX 102 bytes: 00000000000000aa00f800000000000000aa00f800000000000000aa00f800000000000000aa00f800000000000000aa00f800000000000000aa00f800000000000000aa00f800000000000000aa00f800000000000000aa00f800000000000000aa00f80000
02:32:34.405 [DEBUG] [serial] RX 104 bytes: 0000000000aa00f800000000000000aa00f800000000000000aa00f800000000000000aa00f800000000000000aa00f800000000000000aa00f800000000000000aa00f800000000000000aa00f800000000000000aa00f800000000000000aa00f8000000000000
02:32:34.512 [DEBUG] [serial] RX 102 bytes: 00aa00f800000000000000aa00f800000000000000aa00f800000000000000aa00f800000000000000aa00f800000000000000aa00f800000000000000aa00f800000000000000aa00f800000000000000aa00f800000000000000aa00f800000000000000aa
02:32:34.622 [DEBUG] [serial] RX 105 bytes: 00f800000000000000aa00f800000000000000aa00f800000000000000aa00f800000000000000aa00f800000000000000aa00f800000000000000aa00f800000000000000aa00f800000000000000aa00f800000000000000aa00f800000000000000aa00f8000000
02:32:34.732 [DEBUG] [serial] RX 105 bytes: 00000000aa00f800000000000000aa00f800000000000000aa00f800000000000000aa00f800000000000000aa00f800000000000000aa00f800000000000000aa00f800000000000000aa00f800000000000000aa00f800000000000000aa00f800000000000000aa
02:32:34.843 [DEBUG] [serial] RX 105 bytes: 00f800000000000000aa00f800000000000000aa00f800000000000000aa00f800000000000000aa00f800000000000000aa00f800000000000000aa00f800000000000000aa00f800000000000000aa00f800000000000000aa00f800000000000000aa00f8000000
02:32:34.952 [DEBUG] [serial] RX 104 bytes: 00000000aa00f800000000000000aa00f800000000000000aa00f800000000000000aa00f800000000000000aa00f800000000000000aa00f800000000000000aa00f800000000000000aa00f800000000000000aa00f800000000000000aa00f800000000000000
02:32:35.060 [DEBUG] [serial] RX 103 bytes: aa00f800000000000000aa00f800000000000000aa00f800000000000000aa00f800000000000000aa00f800000000000000aa00f800000000000000aa00f800000000000000aa00f800000000000000aa00f800000000000000aa00f800000000000000aa00f8
02:32:35.060 [DEBUG] [serial] PKT #30000: flags=0x00 in=-2048 ds=0 flt=0
02:32:35.168 [DEBUG] [serial] RX 103 bytes: 00000000000000aa00f800000000000000aa00f800000000000000aa00f800000000000000aa00f800000000000000aa00f800000000000000aa00f800000000000000aa00f800000000000000aa00f800000000000000aa00f800000000000000aa00f8000000
02:32:35.278 [DEBUG] [serial] RX 105 bytes: 00000000aa00f800000000000000aa00f800000000000000aa00f800000000000000aa00f800000000000000aa00f800000000000000aa00f800000000000000aa00f800000000000000aa00f800000000000000aa00f800000000000000aa00f800000000000000aa
02:32:35.387 [DEBUG] [serial] RX 103 bytes: 00f800000000000000aa00f800000000000000aa00f800000000000000aa00f800000000000000aa00f800000000000000aa00f800000000000000aa00f800000000000000aa00f800000000000000aa00f800000000000000aa00f800000000000000aa00f800
02:32:35.494 [DEBUG] [serial] RX 102 bytes: 000000000000aa00f800000000000000aa00f800000000000000aa00f800000000000000aa00f800000000000000aa00f800000000000000aa00f800000000000000aa00f800000000000000aa00f800000000000000aa00f800000000000000aa00f8000000
02:32:35.602 [DEBUG] [serial] RX 102 bytes: 00000000aa00f800000000000000aa00f800000000000000aa00f800000000000000aa00f800000000000000aa00f800000000000000aa00f800000000000000aa00f800000000000000aa00f800000000000000aa00f800000000000000aa00f80000000000
02:32:35.711 [DEBUG] [serial] RX 104 bytes: 0000aa00f800000000000000aa00f800000000000000aa00f800000000000000aa00f800000000000000aa00f800000000000000aa00f800000000000000aa00f800000000000000aa00f800000000000000aa00f800000000000000aa00f800000000000000aa00
02:32:35.819 [DEBUG] [serial] RX 103 bytes: f800000000000000aa00f800000000000000aa00f800000000000000aa00f800000000000000aa00f800000000000000aa00f800000000000000aa00f800000000000000aa00f800000000000000aa00f800000000000000aa00f800000000000000aa00f80000
02:32:35.930 [DEBUG] [serial] RX 106 bytes: 0000000000aa00f800000000000000aa00f800000000000000aa00f800000000000000aa00f800000000000000aa00f800000000000000aa00f800000000000000aa00f800000000000000aa00f800000000000000aa00f800000000000000aa00f800000000000000aa
02:32:36.040 [DEBUG] [serial] RX 104 bytes: 00f800000000000000aa00f800000000000000aa00f800000000000000aa00f800000000000000aa00f800000000000000aa00f800000000000000aa00f800000000000000aa00f800000000000000aa00f800000000000000aa00f800000000000000aa00f80000
02:32:36.149 [DEBUG] [serial] RX 104 bytes: 0000000000aa00f800000000000000aa00f800000000000000aa00f800000000000000aa00f800000000000000aa00f800000000000000aa00f800000000000000aa00f800000000000000aa00f800000000000000aa00f800000000000000aa00f8000000000000
02:32:36.259 [DEBUG] [serial] RX 105 bytes: 00aa00f800000000000000aa00f800000000000000aa00f800000000000000aa00f800000000000000aa00f800000000000000aa00f800000000000000aa00f800000000000000aa00f800000000000000aa00f800000000000000aa00f800000000000000aa00f800
02:32:36.369 [DEBUG] [serial] RX 104 bytes: 000000000000aa00f800000000000000aa00f800000000000000aa00f800000000000000aa00f800000000000000aa00f800000000000000aa00f800000000000000aa00f800000000000000aa00f800000000000000aa00f800000000000000aa00f80000000000
02:32:36.479 [DEBUG] [serial] RX 105 bytes: 0000aa00f800000000000000aa00f800000000000000aa00f800000000000000aa00f800000000000000aa00f800000000000000aa00f800000000000000aa00f800000000000000aa00f800000000000000aa00f800000000000000aa00f800000000000000aa00f8
02:32:36.586 [DEBUG] [serial] RX 102 bytes: 00000000000000aa00f800000000000000aa00f800000000000000aa00f800000000000000aa00f800000000000000aa00f800000000000000aa00f800000000000000aa00f800000000000000aa00f800000000000000aa00f800000000000000aa00f80000
02:32:36.695 [DEBUG] [serial] RX 103 bytes: 0000000000aa00f800000000000000aa00f800000000000000aa00f800000000000000aa00f800000000000000aa00f800000000000000aa00f800000000000000aa00f800000000000000aa00f800000000000000aa00f800000000000000aa00f80000000000
02:32:36.805 [DEBUG] [serial] RX 106 bytes: 0000aa00f800000000000000aa00f800000000000000aa00f800000000000000aa00f800000000000000aa00f800000000000000aa00f800000000000000aa00f800000000000000aa00f800000000000000aa00f800000000000000aa00f800000000000000aa00f800
02:32:36.914 [DEBUG] [serial] RX 103 bytes: 000000000000aa00f800000000000000aa00f800000000000000aa00f800000000000000aa00f800000000000000aa00f800000000000000aa00f800000000000000aa00f800000000000000aa00f800000000000000aa00f800000000000000aa00f800000000
02:32:37.023 [DEBUG] [serial] RX 104 bytes: 000000aa00f800000000000000aa00f800000000000000aa00f800000000000000aa00f800000000000000aa00f800000000000000aa00f800000000000000aa00f800000000000000aa00f800000000000000aa00f800000000000000aa00f800000000000000aa
02:32:37.134 [DEBUG] [serial] RX 105 bytes: 00f800000000000000aa00f800000000000000aa00f800000000000000aa00f800000000000000aa00f800000000000000aa00f800000000000000aa00f800000000000000aa00f800000000000000aa00f800000000000000aa00f800000000000000aa00f8000000
02:32:37.242 [DEBUG] [serial] RX 104 bytes: 00000000aa00f800000000000000aa00f800000000000000aa00f800000000000000aa00f800000000000000aa00f800000000000000aa00f800000000000000aa00f800000000000000aa00f800000000000000aa00f800000000000000aa00f800000000000000
02:32:37.350 [DEBUG] [serial] RX 102 bytes: aa00f800000000000000aa00f800000000000000aa00f800000000000000aa00f800000000000000aa00f800000000000000aa00f800000000000000aa00f800000000000000aa00f800000000000000aa00f800000000000000aa00f800000000000000aa00
02:32:37.459 [DEBUG] [serial] RX 104 bytes: f800000000000000aa00f800000000000000aa00f800000000000000aa00f800000000000000aa00f800000000000000aa00f800000000000000aa00f800000000000000aa00f800000000000000aa00f800000000000000aa00f800000000000000aa00f8000000
02:32:37.567 [DEBUG] [serial] RX 103 bytes: 00000000aa00f800000000000000aa00f800000000000000aa00f800000000000000aa00f800000000000000aa00f800000000000000aa00f800000000000000aa00f800000000000000aa00f800000000000000aa00f800000000000000aa00f8000000000000
02:32:37.677 [DEBUG] [serial] RX 104 bytes: 00aa00f800000000000000aa00f800000000000000aa00f800000000000000aa00f800000000000000aa00f800000000000000aa00f800000000000000aa00f800000000000000aa00f800000000000000aa00f800000000000000aa00f800000000000000aa00f8
02:32:37.678 [INFO] [serial] Stats: 30256 pkts, 302601 bytes rx
02:32:37.785 [DEBUG] [serial] RX 103 bytes: 00000000000000aa00f800000000000000aa00f800000000000000aa00f800000000000000aa00f800000000000000aa00f800000000000000aa00f800000000000000aa00f800000000000000aa00f800000000000000aa00f800000000000000aa00f8000000
02:32:37.893 [DEBUG] [serial] RX 103 bytes: 00000000aa00f800000000000000aa00f800000000000000aa00f800000000000000aa00f800000000000000aa00f800000000000000aa00f800000000000000aa00f800000000000000aa00f800000000000000aa00f800000000000000aa00f8000000000000
02:32:38.002 [DEBUG] [serial] RX 104 bytes: 00aa00f800000000000000aa00f800000000000000aa00f800000000000000aa00f800000000000000aa00f800000000000000aa00f800000000000000aa00f800000000000000aa00f800000000000000aa00f800000000000000aa00f800000000000000aa00f8
02:32:38.110 [DEBUG] [serial] RX 102 bytes: 00000000000000aa00f800000000000000aa00f800000000000000aa00f800000000000000aa00f800000000000000aa00f800000000000000aa00f800000000000000aa00f800000000000000aa00f800000000000000aa00f800000000000000aa00f80000
02:32:38.219 [DEBUG] [serial] RX 104 bytes: 0000000000aa00f800000000000000aa00f800000000000000aa00f800000000000000aa00f800000000000000aa00f800000000000000aa00f800000000000000aa00f800000000000000aa00f800000000000000aa00f800000000000000aa00f8000000000000
02:32:38.330 [DEBUG] [serial] RX 105 bytes: 00aa00f800000000000000aa00f800000000000000aa00f800000000000000aa00f800000000000000aa00f800000000000000aa00f800000000000000aa00f800000000000000aa00f800000000000000aa00f800000000000000aa00f800000000000000aa00f800
02:32:38.439 [DEBUG] [serial] RX 105 bytes: 000000000000aa00f800000000000000aa00f800000000000000aa00f800000000000000aa00f800000000000000aa00f800000000000000aa00f800000000000000aa00f800000000000000aa00f800000000000000aa00f800000000000000aa00f8000000000000
02:32:38.549 [DEBUG] [serial] RX 104 bytes: 00aa00f800000000000000aa00f800000000000000aa00f800000000000000aa00f800000000000000aa00f800000000000000aa00f800000000000000aa00f800000000000000aa00f800000000000000aa00f800000000000000aa00f800000000000000aa00f8
02:32:38.659 [DEBUG] [serial] RX 104 bytes: 00000000000000aa00f800000000000000aa00f800000000000000aa00f800000000000000aa00f800000000000000aa00f800000000000000aa00f800000000000000aa00f800000000000000aa00f800000000000000aa00f800000000000000aa00f800000000
02:32:38.768 [DEBUG] [serial] RX 105 bytes: 000000aa00f800000000000000aa00f800000000000000aa00f800000000000000aa00f800000000000000aa00f800000000000000aa00f800000000000000aa00f800000000000000aa00f800000000000000aa00f800000000000000aa00f800000000000000aa00
02:32:38.878 [DEBUG] [serial] RX 104 bytes: f800000000000000aa00f800000000000000aa00f800000000000000aa00f800000000000000aa00f800000000000000aa00f800000000000000aa00f800000000000000aa00f800000000000000aa00f800000000000000aa00f800000000000000aa00f8000000
02:32:38.987 [DEBUG] [serial] RX 104 bytes: 00000000aa00f800000000000000aa00f800000000000000aa00f800000000000000aa00f800000000000000aa00f800000000000000aa00f800000000000000aa00f800000000000000aa00f800000000000000aa00f800000000000000aa00f800000000000000
02:32:39.096 [DEBUG] [serial] RX 103 bytes: aa00f800000000000000aa00f800000000000000aa00f800000000000000aa00f800000000000000aa00f800000000000000aa00f800000000000000aa00f800000000000000aa00f800000000000000aa00f800000000000000aa00f800000000000000aa00f8
02:32:39.204 [DEBUG] [serial] RX 104 bytes: 00000000000000aa00f800000000000000aa00f800000000000000aa00f800000000000000aa00f800000000000000aa00f800000000000000aa00f800000000000000aa00f800000000000000aa00f800000000000000aa00f800000000000000aa00f800000000
02:32:39.315 [DEBUG] [serial] RX 105 bytes: 000000aa00f800000000000000aa00f800000000000000aa00f800000000000000aa00f800000000000000aa00f800000000000000aa00f800000000000000aa00f800000000000000aa00f800000000000000aa00f800000000000000aa00f800000000000000aa00
02:32:39.425 [DEBUG] [serial] RX 105 bytes: f800000000000000aa00f800000000000000aa00f800000000000000aa00f800000000000000aa00f800000000000000aa00f800000000000000aa00f800000000000000aa00f800000000000000aa00f800000000000000aa00f800000000000000aa00f800000000
02:32:39.533 [DEBUG] [serial] RX 102 bytes: 000000aa00f800000000000000aa00f800000000000000aa00f800000000000000aa00f800000000000000aa00f800000000000000aa00f800000000000000aa00f800000000000000aa00f800000000000000aa00f800000000000000aa00f8000000000000
02:32:39.641 [DEBUG] [serial] RX 103 bytes: 00aa00f800000000000000aa00f800000000000000aa00f800000000000000aa00f800000000000000aa00f800000000000000aa00f800000000000000aa00f800000000000000aa00f800000000000000aa00f800000000000000aa00f800000000000000aa00
02:32:39.751 [DEBUG] [serial] RX 106 bytes: f800000000000000aa00f800000000000000aa00f800000000000000aa00f800000000000000aa00f800000000000000aa00f800000000000000aa00f800000000000000aa00f800000000000000aa00f800000000000000aa00f800000000000000aa00f80000000000
02:32:39.860 [DEBUG] [serial] RX 103 bytes: 0000aa00f800000000000000aa00f800000000000000aa00f800000000000000aa00f800000000000000aa00f800000000000000aa00f800000000000000aa00f800000000000000aa00f800000000000000aa00f800000000000000aa00f800000000000000aa
02:32:39.970 [DEBUG] [serial] RX 105 bytes: 00f800000000000000aa00f800000000000000aa00f800000000000000aa00f800000000000000aa00f800000000000000aa00f800000000000000aa00f800000000000000aa00f800000000000000aa00f800000000000000aa00f800000000000000aa00f8000000
02:32:40.079 [DEBUG] [serial] RX 103 bytes: 00000000aa00f800000000000000aa00f800000000000000aa00f800000000000000aa00f800000000000000aa00f800000000000000aa00f800000000000000aa00f800000000000000aa00f800000000000000aa00f800000000000000aa00f8000000000000
02:32:40.188 [DEBUG] [serial] RX 104 bytes: 00aa00f800000000000000aa00f800000000000000aa00f800000000000000aa00f800000000000000aa00f800000000000000aa00f800000000000000aa00f800000000000000aa00f800000000000000aa00f800000000000000aa00f800000000000000aa00f8
02:32:40.299 [DEBUG] [serial] RX 106 bytes: 00000000000000aa00f800000000000000aa00f800000000000000aa00f800000000000000aa00f800000000000000aa00f800000000000000aa00f800000000000000aa00f800000000000000aa00f800000000000000aa00f800000000000000aa00f8000000000000
02:32:40.300 [DEBUG] [serial] PKT #30500: flags=0x00 in=-2048 ds=0 flt=0
02:32:40.408 [DEBUG] [serial] RX 103 bytes: 00aa00f800000000000000aa00f800000000000000aa00f800000000000000aa00f800000000000000aa00f800000000000000aa00f800000000000000aa00f800000000000000aa00f800000000000000aa00f800000000000000aa00f800000000000000aa00
02:32:40.516 [DEBUG] [serial] RX 103 bytes: f800000000000000aa00f800000000000000aa00f800000000000000aa00f800000000000000aa00f800000000000000aa00f800000000000000aa00f800000000000000aa00f800000000000000aa00f800000000000000aa00f800000000000000aa00f80000
02:32:40.625 [DEBUG] [serial] RX 104 bytes: 0000000000aa00f800000000000000aa00f800000000000000aa00f800000000000000aa00f800000000000000aa00f800000000000000aa00f800000000000000aa00f800000000000000aa00f800000000000000aa00f800000000000000aa00f8000000000000
02:32:40.736 [DEBUG] [serial] RX 106 bytes: 00aa00f800000000000000aa00f800000000000000aa00f800000000000000aa00f800000000000000aa00f800000000000000aa00f800000000000000aa00f800000000000000aa00f800000000000000aa00f800000000000000aa00f800000000000000aa00f80000
02:32:40.845 [DEBUG] [serial] RX 103 bytes: 0000000000aa00f800000000000000aa00f800000000000000aa00f800000000000000aa00f800000000000000aa00f800000000000000aa00f800000000000000aa00f800000000000000aa00f800000000000000aa00f800000000000000aa00f80000000000
02:32:40.955 [DEBUG] [serial] RX 105 bytes: 0000aa00f800000000000000aa00f800000000000000aa00f800000000000000aa00f800000000000000aa00f800000000000000aa00f800000000000000aa00f800000000000000aa00f800000000000000aa00f800000000000000aa00f800000000000000aa00f8
02:32:41.063 [DEBUG] [serial] RX 103 bytes: 00000000000000aa00f800000000000000aa00f800000000000000aa00f800000000000000aa00f800000000000000aa00f800000000000000aa00f800000000000000aa00f800000000000000aa00f800000000000000aa00f800000000000000aa00f8000000
02:32:41.173 [DEBUG] [serial] RX 104 bytes: 00000000aa00f800000000000000aa00f800000000000000aa00f800000000000000aa00f800000000000000aa00f800000000000000aa00f800000000000000aa00f800000000000000aa00f800000000000000aa00f800000000000000aa00f800000000000000
02:32:41.282 [DEBUG] [serial] RX 105 bytes: aa00f800000000000000aa00f800000000000000aa00f800000000000000aa00f800000000000000aa00f800000000000000aa00f800000000000000aa00f800000000000000aa00f800000000000000aa00f800000000000000aa00f800000000000000aa00f80000
02:32:41.390 [DEBUG] [serial] RX 102 bytes: 0000000000aa00f800000000000000aa00f800000000000000aa00f800000000000000aa00f800000000000000aa00f800000000000000aa00f800000000000000aa00f800000000000000aa00f800000000000000aa00f800000000000000aa00f800000000
02:32:41.499 [DEBUG] [serial] RX 104 bytes: 000000aa00f800000000000000aa00f800000000000000aa00f800000000000000aa00f800000000000000aa00f800000000000000aa00f800000000000000aa00f800000000000000aa00f800000000000000aa00f800000000000000aa00f800000000000000aa
02:32:41.608 [DEBUG] [serial] RX 104 bytes: 00f800000000000000aa00f800000000000000aa00f800000000000000aa00f800000000000000aa00f800000000000000aa00f800000000000000aa00f800000000000000aa00f800000000000000aa00f800000000000000aa00f800000000000000aa00f80000
02:32:41.717 [DEBUG] [serial] RX 103 bytes: 0000000000aa00f800000000000000aa00f800000000000000aa00f800000000000000aa00f800000000000000aa00f800000000000000aa00f800000000000000aa00f800000000000000aa00f800000000000000aa00f800000000000000aa00f80000000000
02:32:41.827 [DEBUG] [serial] RX 105 bytes: 0000aa00f800000000000000aa00f800000000000000aa00f800000000000000aa00f800000000000000aa00f800000000000000aa00f800000000000000aa00f800000000000000aa00f800000000000000aa00f800000000000000aa00f800000000000000aa00f8
02:32:41.935 [DEBUG] [serial] RX 103 bytes: 00000000000000aa00f800000000000000aa00f800000000000000aa00f800000000000000aa00f800000000000000aa00f800000000000000aa00f800000000000000aa00f800000000000000aa00f800000000000000aa00f800000000000000aa00f8000000
02:32:42.045 [DEBUG] [serial] RX 104 bytes: 00000000aa00f800000000000000aa00f800000000000000aa00f800000000000000aa00f800000000000000aa00f800000000000000aa00f800000000000000aa00f800000000000000aa00f800000000000000aa00f800000000000000aa00f800000000000000
02:32:42.153 [DEBUG] [serial] RX 103 bytes: aa00f800000000000000aa00f800000000000000aa00f800000000000000aa00f800000000000000aa00f800000000000000aa00f800000000000000aa00f800000000000000aa00f800000000000000aa00f800000000000000aa00f800000000000000aa00f8
02:32:42.262 [DEBUG] [serial] RX 103 bytes: 00000000000000aa00f800000000000000aa00f800000000000000aa00f800000000000000aa00f800000000000000aa00f800000000000000aa00f800000000000000aa00f800000000000000aa00f800000000000000aa00f800000000000000aa00f8000000
02:32:42.371 [DEBUG] [serial] RX 105 bytes: 00000000aa00f800000000000000aa00f800000000000000aa00f800000000000000aa00f800000000000000aa00f800000000000000aa00f800000000000000aa00f800000000000000aa00f800000000000000aa00f800000000000000aa00f800000000000000aa
02:32:42.480 [DEBUG] [serial] RX 103 bytes: 00f800000000000000aa00f800000000000000aa00f800000000000000aa00f800000000000000aa00f800000000000000aa00f800000000000000aa00f800000000000000aa00f800000000000000aa00f800000000000000aa00f800000000000000aa00f800
02:32:42.588 [DEBUG] [serial] RX 103 bytes: 000000000000aa00f800000000000000aa00f800000000000000aa00f800000000000000aa00f800000000000000aa00f800000000000000aa00f800000000000000aa00f800000000000000aa00f800000000000000aa00f800000000000000aa00f800000000
02:32:42.697 [DEBUG] [serial] RX 104 bytes: 000000aa00f800000000000000aa00f800000000000000aa00f800000000000000aa00f800000000000000aa00f800000000000000aa00f800000000000000aa00f800000000000000aa00f800000000000000aa00f800000000000000aa00f800000000000000aa
02:32:42.697 [INFO] [serial] Stats: 30734 pkts, 307379 bytes rx
02:32:42.806 [DEBUG] [serial] RX 104 bytes: 00f800000000000000aa00f800000000000000aa00f800000000000000aa00f800000000000000aa00f800000000000000aa00f800000000000000aa00f800000000000000aa00f800000000000000aa00f800000000000000aa00f800000000000000aa00f80000
02:32:42.915 [DEBUG] [serial] RX 103 bytes: 0000000000aa00f800000000000000aa00f800000000000000aa00f800000000000000aa00f800000000000000aa00f800000000000000aa00f800000000000000aa00f800000000000000aa00f800000000000000aa00f800000000000000aa00f80000000000
02:32:43.023 [DEBUG] [serial] RX 103 bytes: 0000aa00f800000000000000aa00f800000000000000aa00f800000000000000aa00f800000000000000aa00f800000000000000aa00f800000000000000aa00f800000000000000aa00f800000000000000aa00f800000000000000aa00f800000000000000aa
02:32:43.132 [DEBUG] [serial] RX 104 bytes: 00f800000000000000aa00f800000000000000aa00f800000000000000aa00f800000000000000aa00f800000000000000aa00f800000000000000aa00f800000000000000aa00f800000000000000aa00f800000000000000aa00f800000000000000aa00f80000
02:32:43.242 [DEBUG] [serial] RX 104 bytes: 0000000000aa00f800000000000000aa00f800000000000000aa00f800000000000000aa00f800000000000000aa00f800000000000000aa00f800000000000000aa00f800000000000000aa00f800000000000000aa00f800000000000000aa00f8000000000000
02:32:43.350 [DEBUG] [serial] RX 103 bytes: 00aa00f800000000000000aa00f800000000000000aa00f800000000000000aa00f800000000000000aa00f800000000000000aa00f800000000000000aa00f800000000000000aa00f800000000000000aa00f800000000000000aa00f800000000000000aa00
02:32:43.459 [DEBUG] [serial] RX 104 bytes: f800000000000000aa00f800000000000000aa00f800000000000000aa00f800000000000000aa00f800000000000000aa00f800000000000000aa00f800000000000000aa00f800000000000000aa00f800000000000000aa00f800000000000000aa00f8000000
02:32:43.568 [DEBUG] [serial] RX 104 bytes: 00000000aa00f800000000000000aa00f800000000000000aa00f800000000000000aa00f800000000000000aa00f800000000000000aa00f800000000000000aa00f800000000000000aa00f800000000000000aa00f800000000000000aa00f800000000000000
02:32:43.678 [DEBUG] [serial] RX 105 bytes: aa00f800000000000000aa00f800000000000000aa00f800000000000000aa00f800000000000000aa00f800000000000000aa00f800000000000000aa00f800000000000000aa00f800000000000000aa00f800000000000000aa00f800000000000000aa00f80000
02:32:43.789 [DEBUG] [serial] RX 105 bytes: 0000000000aa00f800000000000000aa00f800000000000000aa00f800000000000000aa00f800000000000000aa00f800000000000000aa00f800000000000000aa00f800000000000000aa00f800000000000000aa00f800000000000000aa00f800000000000000
02:32:43.898 [DEBUG] [serial] RX 104 bytes: aa00f800000000000000aa00f800000000000000aa00f800000000000000aa00f800000000000000aa00f800000000000000aa00f800000000000000aa00f800000000000000aa00f800000000000000aa00f800000000000000aa00f800000000000000aa00f800
02:32:44.007 [DEBUG] [serial] RX 103 bytes: 000000000000aa00f800000000000000aa00f800000000000000aa00f800000000000000aa00f800000000000000aa00f800000000000000aa00f800000000000000aa00f800000000000000aa00f800000000000000aa00f800000000000000aa00f800000000
02:32:44.115 [DEBUG] [serial] RX 103 bytes: 000000aa00f800000000000000aa00f800000000000000aa00f800000000000000aa00f800000000000000aa00f800000000000000aa00f800000000000000aa00f800000000000000aa00f800000000000000aa00f800000000000000aa00f800000000000000
02:32:44.224 [DEBUG] [serial] RX 104 bytes: aa00f800000000000000aa00f800000000000000aa00f800000000000000aa00f800000000000000aa00f800000000000000aa00f800000000000000aa00f800000000000000aa00f800000000000000aa00f800000000000000aa00f800000000000000aa00f800
02:32:44.334 [DEBUG] [serial] RX 104 bytes: 000000000000aa00f800000000000000aa00f800000000000000aa00f800000000000000aa00f800000000000000aa00f800000000000000aa00f800000000000000aa00f800000000000000aa00f800000000000000aa00f800000000000000aa00f80000000000
02:32:44.442 [DEBUG] [serial] RX 104 bytes: 0000aa00f800000000000000aa00f800000000000000aa00f800000000000000aa00f800000000000000aa00f800000000000000aa00f800000000000000aa00f800000000000000aa00f800000000000000aa00f800000000000000aa00f800000000000000aa00
02:32:44.551 [DEBUG] [serial] RX 104 bytes: f800000000000000aa00f800000000000000aa00f800000000000000aa00f800000000000000aa00f800000000000000aa00f800000000000000aa00f800000000000000aa00f800000000000000aa00f800000000000000aa00f800000000000000aa00f8000000
02:32:44.659 [DEBUG] [serial] RX 102 bytes: 00000000aa00f800000000000000aa00f800000000000000aa00f800000000000000aa00f800000000000000aa00f800000000000000aa00f800000000000000aa00f800000000000000aa00f800000000000000aa00f800000000000000aa00f80000000000
02:32:44.768 [DEBUG] [serial] RX 104 bytes: 0000aa00f800000000000000aa00f800000000000000aa00f800000000000000aa00f800000000000000aa00f800000000000000aa00f800000000000000aa00f800000000000000aa00f800000000000000aa00f800000000000000aa00f800000000000000aa00
02:32:44.877 [DEBUG] [serial] RX 103 bytes: f800000000000000aa00f800000000000000aa00f800000000000000aa00f800000000000000aa00f800000000000000aa00f800000000000000aa00f800000000000000aa00f800000000000000aa00f800000000000000aa00f800000000000000aa00f80000
02:32:44.986 [DEBUG] [serial] RX 104 bytes: 0000000000aa00f800000000000000aa00f800000000000000aa00f800000000000000aa00f800000000000000aa00f800000000000000aa00f800000000000000aa00f800000000000000aa00f800000000000000aa00f800000000000000aa00f8000000000000
02:32:45.095 [DEBUG] [serial] RX 104 bytes: 00aa00f800000000000000aa00f800000000000000aa00f800000000000000aa00f800000000000000aa00f800000000000000aa00f800000000000000aa00f800000000000000aa00f800000000000000aa00f800000000000000aa00f800000000000000aa00f8
02:32:45.204 [DEBUG] [serial] RX 103 bytes: 00000000000000aa00f800000000000000aa00f800000000000000aa00f800000000000000aa00f800000000000000aa00f800000000000000aa00f800000000000000aa00f800000000000000aa00f800000000000000aa00f800000000000000aa00f8000000
02:32:45.312 [DEBUG] [serial] RX 104 bytes: 00000000aa00f800000000000000aa00f800000000000000aa00f800000000000000aa00f800000000000000aa00f800000000000000aa00f800000000000000aa00f800000000000000aa00f800000000000000aa00f800000000000000aa00f800000000000000
02:32:45.423 [DEBUG] [serial] RX 104 bytes: aa00f800000000000000aa00f800000000000000aa00f800000000000000aa00f800000000000000aa00f800000000000000aa00f800000000000000aa00f800000000000000aa00f800000000000000aa00f800000000000000aa00f800000000000000aa00f800
02:32:45.532 [DEBUG] [serial] RX 104 bytes: 000000000000aa00f800000000000000aa00f800000000000000aa00f800000000000000aa00f800000000000000aa00f800000000000000aa00f800000000000000aa00f800000000000000aa00f800000000000000aa00f800000000000000aa00f80000000000
02:32:45.532 [DEBUG] [serial] PKT #31000: flags=0x00 in=-2048 ds=0 flt=0
02:32:45.639 [DEBUG] [serial] RX 102 bytes: 0000aa00f800000000000000aa00f800000000000000aa00f800000000000000aa00f800000000000000aa00f800000000000000aa00f800000000000000aa00f800000000000000aa00f800000000000000aa00f800000000000000aa00f800000000000000
02:32:45.749 [DEBUG] [serial] RX 105 bytes: aa00f800000000000000aa00f800000000000000aa00f800000000000000aa00f800000000000000aa00f800000000000000aa00f800000000000000aa00f800000000000000aa00f800000000000000aa00f800000000000000aa00f800000000000000aa00f80000
02:32:45.855 [DEBUG] [serial] RX 101 bytes: 0000000000aa00f800000000000000aa00f800000000000000aa00f800000000000000aa00f800000000000000aa00f800000000000000aa00f800000000000000aa00f800000000000000aa00f800000000000000aa00f800000000000000aa00f8000000
02:32:45.965 [DEBUG] [serial] RX 105 bytes: 00000000aa00f800000000000000aa00f800000000000000aa00f800000000000000aa00f800000000000000aa00f800000000000000aa00f800000000000000aa00f800000000000000aa00f800000000000000aa00f800000000000000aa00f800000000000000aa
02:32:46.073 [DEBUG] [serial] RX 103 bytes: 00f800000000000000aa00f800000000000000aa00f800000000000000aa00f800000000000000aa00f800000000000000aa00f800000000000000aa00f800000000000000aa00f800000000000000aa00f800000000000000aa00f800000000000000aa00f800
02:32:46.183 [DEBUG] [serial] RX 105 bytes: 000000000000aa00f800000000000000aa00f800000000000000aa00f800000000000000aa00f800000000000000aa00f800000000000000aa00f800000000000000aa00f800000000000000aa00f800000000000000aa00f800000000000000aa00f8000000000000
02:32:46.291 [DEBUG] [serial] RX 102 bytes: 00aa00f800000000000000aa00f800000000000000aa00f800000000000000aa00f800000000000000aa00f800000000000000aa00f800000000000000aa00f800000000000000aa00f800000000000000aa00f800000000000000aa00f800000000000000aa
02:32:46.402 [DEBUG] [serial] RX 106 bytes: 00f800000000000000aa00f800000000000000aa00f800000000000000aa00f800000000000000aa00f800000000000000aa00f800000000000000aa00f800000000000000aa00f800000000000000aa00f800000000000000aa00f800000000000000aa00f800000000
02:32:46.509 [DEBUG] [serial] RX 102 bytes: 000000aa00f800000000000000aa00f800000000000000aa00f800000000000000aa00f800000000000000aa00f800000000000000aa00f800000000000000aa00f800000000000000aa00f800000000000000aa00f800000000000000aa00f8000000000000
02:32:46.619 [DEBUG] [serial] RX 104 bytes: 00aa00f800000000000000aa00f800000000000000aa00f800000000000000aa00f800000000000000aa00f800000000000000aa00f800000000000000aa00f800000000000000aa00f800000000000000aa00f800000000000000aa00f800000000000000aa00f8
02:32:46.729 [DEBUG] [serial] RX 105 bytes: 00000000000000aa00f800000000000000aa00f800000000000000aa00f800000000000000aa00f800000000000000aa00f800000000000000aa00f800000000000000aa00f800000000000000aa00f800000000000000aa00f800000000000000aa00f80000000000
02:32:46.838 [DEBUG] [serial] RX 104 bytes: 0000aa00f800000000000000aa00f800000000000000aa00f800000000000000aa00f800000000000000aa00f800000000000000aa00f800000000000000aa00f800000000000000aa00f800000000000000aa00f800000000000000aa00f800000000000000aa00
02:32:46.947 [DEBUG] [serial] RX 104 bytes: f800000000000000aa00f800000000000000aa00f800000000000000aa00f800000000000000aa00f800000000000000aa00f800000000000000aa00f800000000000000aa00f800000000000000aa00f800000000000000aa00f800000000000000aa00f8000000
02:32:47.055 [DEBUG] [serial] RX 102 bytes: 00000000aa00f800000000000000aa00f800000000000000aa00f800000000000000aa00f800000000000000aa00f800000000000000aa00f800000000000000aa00f800000000000000aa00f800000000000000aa00f800000000000000aa00f80000000000
02:32:47.164 [DEBUG] [serial] RX 104 bytes: 0000aa00f800000000000000aa00f800000000000000aa00f800000000000000aa00f800000000000000aa00f800000000000000aa00f800000000000000aa00f800000000000000aa00f800000000000000aa00f800000000000000aa00f800000000000000aa00
02:32:47.274 [DEBUG] [serial] RX 105 bytes: f800000000000000aa00f800000000000000aa00f800000000000000aa00f800000000000000aa00f800000000000000aa00f800000000000000aa00f800000000000000aa00f800000000000000aa00f800000000000000aa00f800000000000000aa00f800000000
02:32:47.385 [DEBUG] [serial] RX 105 bytes: 000000aa00f800000000000000aa00f800000000000000aa00f800000000000000aa00f800000000000000aa00f800000000000000aa00f800000000000000aa00f800000000000000aa00f800000000000000aa00f800000000000000aa00f800000000000000aa00
02:32:47.492 [DEBUG] [serial] RX 102 bytes: f800000000000000aa00f800000000000000aa00f800000000000000aa00f800000000000000aa00f800000000000000aa00f800000000000000aa00f800000000000000aa00f800000000000000aa00f800000000000000aa00f800000000000000aa00f800
02:32:47.602 [DEBUG] [serial] RX 105 bytes: 000000000000aa00f800000000000000aa00f800000000000000aa00f800000000000000aa00f800000000000000aa00f800000000000000aa00f800000000000000aa00f800000000000000aa00f800000000000000aa00f800000000000000aa00f8000000000000
02:32:47.709 [DEBUG] [serial] RX 102 bytes: 00aa00f800000000000000aa00f800000000000000aa00f800000000000000aa00f800000000000000aa00f800000000000000aa00f800000000000000aa00f800000000000000aa00f800000000000000aa00f800000000000000aa00f800000000000000aa
02:32:47.710 [INFO] [serial] Stats: 31211 pkts, 312149 bytes rx
02:32:47.818 [DEBUG] [serial] RX 103 bytes: 00f800000000000000aa00f800000000000000aa00f800000000000000aa00f800000000000000aa00f800000000000000aa00f800000000000000aa00f800000000000000aa00f800000000000000aa00f800000000000000aa00f800000000000000aa00f800
02:32:47.926 [DEBUG] [serial] RX 102 bytes: 000000000000aa00f800000000000000aa00f800000000000000aa00f800000000000000aa00f800000000000000aa00f800000000000000aa00f800000000000000aa00f800000000000000aa00f800000000000000aa00f800000000000000aa00f8000000
02:32:48.034 [DEBUG] [serial] RX 103 bytes: 00000000aa00f800000000000000aa00f800000000000000aa00f800000000000000aa00f800000000000000aa00f800000000000000aa00f800000000000000aa00f800000000000000aa00f800000000000000aa00f800000000000000aa00f8000000000000
02:32:48.142 [DEBUG] [serial] RX 104 bytes: 00aa00f800000000000000aa00f800000000000000aa00f800000000000000aa00f800000000000000aa00f800000000000000aa00f800000000000000aa00f800000000000000aa00f800000000000000aa00f800000000000000aa00f800000000000000aa00f8
02:32:48.251 [DEBUG] [serial] RX 103 bytes: 00000000000000aa00f800000000000000aa00f800000000000000aa00f800000000000000aa00f800000000000000aa00f800000000000000aa00f800000000000000aa00f800000000000000aa00f800000000000000aa00f800000000000000aa00f8000000
02:32:48.359 [DEBUG] [serial] RX 103 bytes: 00000000aa00f800000000000000aa00f800000000000000aa00f800000000000000aa00f800000000000000aa00f800000000000000aa00f800000000000000aa00f800000000000000aa00f800000000000000aa00f800000000000000aa00f8000000000000
02:32:48.469 [DEBUG] [serial] RX 105 bytes: 00aa00f800000000000000aa00f800000000000000aa00f800000000000000aa00f800000000000000aa00f800000000000000aa00f800000000000000aa00f800000000000000aa00f800000000000000aa00f800000000000000aa00f800000000000000aa00f800
02:32:48.577 [DEBUG] [serial] RX 103 bytes: 000000000000aa00f800000000000000aa00f800000000000000aa00f800000000000000aa00f800000000000000aa00f800000000000000aa00f800000000000000aa00f800000000000000aa00f800000000000000aa00f800000000000000aa00f800000000
02:32:48.687 [DEBUG] [serial] RX 104 bytes: 000000aa00f800000000000000aa00f800000000000000aa00f800000000000000aa00f800000000000000aa00f800000000000000aa00f800000000000000aa00f800000000000000aa00f800000000000000aa00f800000000000000aa00f800000000000000aa
02:32:48.797 [DEBUG] [serial] RX 105 bytes: 00f800000000000000aa00f800000000000000aa00f800000000000000aa00f800000000000000aa00f800000000000000aa00f800000000000000aa00f800000000000000aa00f800000000000000aa00f800000000000000aa00f800000000000000aa00f8000000
02:32:48.906 [DEBUG] [serial] RX 103 bytes: 00000000aa00f800000000000000aa00f800000000000000aa00f800000000000000aa00f800000000000000aa00f800000000000000aa00f800000000000000aa00f800000000000000aa00f800000000000000aa00f800000000000000aa00f8000000000000
02:32:49.014 [DEBUG] [serial] RX 104 bytes: 00aa00f800000000000000aa00f800000000000000aa00f800000000000000aa00f800000000000000aa00f800000000000000aa00f800000000000000aa00f800000000000000aa00f800000000000000aa00f800000000000000aa00f800000000000000aa00f8
02:32:49.124 [DEBUG] [serial] RX 104 bytes: 00000000000000aa00f800000000000000aa00f800000000000000aa00f800000000000000aa00f800000000000000aa00f800000000000000aa00f800000000000000aa00f800000000000000aa00f800000000000000aa00f800000000000000aa00f800000000
02:32:49.233 [DEBUG] [serial] RX 103 bytes: 000000aa00f800000000000000aa00f800000000000000aa00f800000000000000aa00f800000000000000aa00f800000000000000aa00f800000000000000aa00f800000000000000aa00f800000000000000aa00f800000000000000aa00f800000000000000
02:32:49.342 [DEBUG] [serial] RX 104 bytes: aa00f800000000000000aa00f800000000000000aa00f800000000000000aa00f800000000000000aa00f800000000000000aa00f800000000000000aa00f800000000000000aa00f800000000000000aa00f800000000000000aa00f800000000000000aa00f800
02:32:49.450 [DEBUG] [serial] RX 104 bytes: 000000000000aa00f800000000000000aa00f800000000000000aa00f800000000000000aa00f800000000000000aa00f800000000000000aa00f800000000000000aa00f800000000000000aa00f800000000000000aa00f800000000000000aa00f80000000000
02:32:49.558 [DEBUG] [serial] RX 103 bytes: 0000aa00f800000000000000aa00f800000000000000aa00f800000000000000aa00f800000000000000aa00f800000000000000aa00f800000000000000aa00f800000000000000aa00f800000000000000aa00f800000000000000aa00f800000000000000aa
02:32:49.667 [DEBUG] [serial] RX 103 bytes: 00f800000000000000aa00f800000000000000aa00f800000000000000aa00f800000000000000aa00f800000000000000aa00f800000000000000aa00f800000000000000aa00f800000000000000aa00f800000000000000aa00f800000000000000aa00f800
02:32:49.776 [DEBUG] [serial] RX 103 bytes: 000000000000aa00f800000000000000aa00f800000000000000aa00f800000000000000aa00f800000000000000aa00f800000000000000aa00f800000000000000aa00f800000000000000aa00f800000000000000aa00f800000000000000aa00f800000000
02:32:49.884 [DEBUG] [serial] RX 103 bytes: 000000aa00f800000000000000aa00f800000000000000aa00f800000000000000aa00f800000000000000aa00f800000000000000aa00f800000000000000aa00f800000000000000aa00f800000000000000aa00f800000000000000aa00f800000000000000
02:32:49.994 [DEBUG] [serial] RX 105 bytes: aa00f800000000000000aa00f800000000000000aa00f800000000000000aa00f800000000000000aa00f800000000000000aa00f800000000000000aa00f800000000000000aa00f800000000000000aa00f800000000000000aa00f800000000000000aa00f80000
02:32:50.101 [DEBUG] [serial] RX 102 bytes: 0000000000aa00f800000000000000aa00f800000000000000aa00f800000000000000aa00f800000000000000aa00f800000000000000aa00f800000000000000aa00f800000000000000aa00f800000000000000aa00f800000000000000aa00f800000000
02:32:50.212 [DEBUG] [serial] RX 105 bytes: 000000aa00f800000000000000aa00f800000000000000aa00f800000000000000aa00f800000000000000aa00f800000000000000aa00f800000000000000aa00f800000000000000aa00f800000000000000aa00f800000000000000aa00f800000000000000aa00
02:32:50.320 [DEBUG] [serial] RX 103 bytes: f800000000000000aa00f800000000000000aa00f800000000000000aa00f800000000000000aa00f800000000000000aa00f800000000000000aa00f800000000000000aa00f800000000000000aa00f800000000000000aa00f800000000000000aa00f80000
02:32:50.428 [DEBUG] [serial] RX 103 bytes: 0000000000aa00f800000000000000aa00f800000000000000aa00f800000000000000aa00f800000000000000aa00f800000000000000aa00f800000000000000aa00f800000000000000aa00f800000000000000aa00f800000000000000aa00f80000000000
02:32:50.539 [DEBUG] [serial] RX 106 bytes: 0000aa00f800000000000000aa00f800000000000000aa00f800000000000000aa00f800000000000000aa00f800000000000000aa00f800000000000000aa00f800000000000000aa00f800000000000000aa00f800000000000000aa00f800000000000000aa00f800
02:32:50.647 [DEBUG] [serial] RX 102 bytes: 000000000000aa00f800000000000000aa00f800000000000000aa00f800000000000000aa00f800000000000000aa00f800000000000000aa00f800000000000000aa00f800000000000000aa00f800000000000000aa00f800000000000000aa00f8000000
02:32:50.757 [DEBUG] [serial] RX 105 bytes: 00000000aa00f800000000000000aa00f800000000000000aa00f800000000000000aa00f800000000000000aa00f800000000000000aa00f800000000000000aa00f800000000000000aa00f800000000000000aa00f800000000000000aa00f800000000000000aa
02:32:50.758 [DEBUG] [serial] PKT #31500: flags=0x00 in=-2048 ds=0 flt=0
02:32:50.866 [DEBUG] [serial] RX 104 bytes: 00f800000000000000aa00f800000000000000aa00f800000000000000aa00f800000000000000aa00f800000000000000aa00f800000000000000aa00f800000000000000aa00f800000000000000aa00f800000000000000aa00f800000000000000aa00f80000
02:32:50.978 [DEBUG] [serial] RX 106 bytes: 0000000000aa00f800000000000000aa00f800000000000000aa00f800000000000000aa00f800000000000000aa00f800000000000000aa00f800000000000000aa00f800000000000000aa00f800000000000000aa00f800000000000000aa00f800000000000000aa
02:32:51.086 [DEBUG] [serial] RX 103 bytes: 00f800000000000000aa00f800000000000000aa00f800000000000000aa00f800000000000000aa00f800000000000000aa00f800000000000000aa00f800000000000000aa00f800000000000000aa00f800000000000000aa00f800000000000000aa00f800
02:32:51.195 [DEBUG] [serial] RX 104 bytes: 000000000000aa00f800000000000000aa00f800000000000000aa00f800000000000000aa00f800000000000000aa00f800000000000000aa00f800000000000000aa00f800000000000000aa00f800000000000000aa00f800000000000000aa00f80000000000
02:32:51.305 [DEBUG] [serial] RX 104 bytes: 0000aa00f800000000000000aa00f800000000000000aa00f800000000000000aa00f800000000000000aa00f800000000000000aa00f800000000000000aa00f800000000000000aa00f800000000000000aa00f800000000000000aa00f800000000000000aa00
02:32:51.414 [DEBUG] [serial] RX 104 bytes: f800000000000000aa00f800000000000000aa00f800000000000000aa00f800000000000000aa00f800000000000000aa00f800000000000000aa00f800000000000000aa00f800000000000000aa00f800000000000000aa00f800000000000000aa00f8000000
02:32:51.523 [DEBUG] [serial] RX 105 bytes: 00000000aa00f800000000000000aa00f800000000000000aa00f800000000000000aa00f800000000000000aa00f800000000000000aa00f800000000000000aa00f800000000000000aa00f800000000000000aa00f800000000000000aa00f800000000000000aa
02:32:51.632 [DEBUG] [serial] RX 103 bytes: 00f800000000000000aa00f800000000000000aa00f800000000000000aa00f800000000000000aa00f800000000000000aa00f800000000000000aa00f800000000000000aa00f800000000000000aa00f800000000000000aa00f800000000000000aa00f800
02:32:51.741 [DEBUG] [serial] RX 104 bytes: 000000000000aa00f800000000000000aa00f800000000000000aa00f800000000000000aa00f800000000000000aa00f800000000000000aa00f800000000000000aa00f800000000000000aa00f800000000000000aa00f800000000000000aa00f80000000000
02:32:51.849 [DEBUG] [serial] RX 103 bytes: 0000aa00f800000000000000aa00f800000000000000aa00f800000000000000aa00f800000000000000aa00f800000000000000aa00f800000000000000aa00f800000000000000aa00f800000000000000aa00f800000000000000aa00f800000000000000aa
02:32:51.959 [DEBUG] [serial] RX 104 bytes: 00f800000000000000aa00f800000000000000aa00f800000000000000aa00f800000000000000aa00f800000000000000aa00f800000000000000aa00f800000000000000aa00f800000000000000aa00f800000000000000aa00f800000000000000aa00f80000
02:32:52.069 [DEBUG] [serial] RX 104 bytes: 0000000000aa00f800000000000000aa00f800000000000000aa00f800000000000000aa00f800000000000000aa00f800000000000000aa00f800000000000000aa00f800000000000000aa00f800000000000000aa00f800000000000000aa00f8000000000000
02:32:52.177 [DEBUG] [serial] RX 104 bytes: 00aa00f800000000000000aa00f800000000000000aa00f800000000000000aa00f800000000000000aa00f800000000000000aa00f800000000000000aa00f800000000000000aa00f800000000000000aa00f800000000000000aa00f800000000000000aa00f8
02:32:52.287 [DEBUG] [serial] RX 104 bytes: 00000000000000aa00f800000000000000aa00f800000000000000aa00f800000000000000aa00f800000000000000aa00f800000000000000aa00f800000000000000aa00f800000000000000aa00f800000000000000aa00f800000000000000aa00f800000000
02:32:52.395 [DEBUG] [serial] RX 103 bytes: 000000aa00f800000000000000aa00f800000000000000aa00f800000000000000aa00f800000000000000aa00f800000000000000aa00f800000000000000aa00f800000000000000aa00f800000000000000aa00f800000000000000aa00f800000000000000
02:32:52.506 [DEBUG] [serial] RX 105 bytes: aa00f800000000000000aa00f800000000000000aa00f800000000000000aa00f800000000000000aa00f800000000000000aa00f800000000000000aa00f800000000000000aa00f800000000000000aa00f800000000000000aa00f800000000000000aa00f80000
02:32:52.614 [DEBUG] [serial] RX 104 bytes: 0000000000aa00f800000000000000aa00f800000000000000aa00f800000000000000aa00f800000000000000aa00f800000000000000aa00f800000000000000aa00f800000000000000aa00f800000000000000aa00f800000000000000aa00f8000000000000
02:32:52.722 [DEBUG] [serial] RX 102 bytes: 00aa00f800000000000000aa00f800000000000000aa00f800000000000000aa00f800000000000000aa00f800000000000000aa00f800000000000000aa00f800000000000000aa00f800000000000000aa00f800000000000000aa00f800000000000000aa
02:32:52.723 [INFO] [serial] Stats: 31688 pkts, 316919 bytes rx
02:32:52.831 [DEBUG] [serial] RX 104 bytes: 00f800000000000000aa00f800000000000000aa00f800000000000000aa00f800000000000000aa00f800000000000000aa00f800000000000000aa00f800000000000000aa00f800000000000000aa00f800000000000000aa00f800000000000000aa00f80000
02:32:52.940 [DEBUG] [serial] RX 104 bytes: 0000000000aa00f800000000000000aa00f800000000000000aa00f800000000000000aa00f800000000000000aa00f800000000000000aa00f800000000000000aa00f800000000000000aa00f800000000000000aa00f800000000000000aa00f8000000000000
02:32:53.049 [DEBUG] [serial] RX 103 bytes: 00aa00f800000000000000aa00f800000000000000aa00f800000000000000aa00f800000000000000aa00f800000000000000aa00f800000000000000aa00f800000000000000aa00f800000000000000aa00f800000000000000aa00f800000000000000aa00
02:32:53.157 [DEBUG] [serial] RX 103 bytes: f800000000000000aa00f800000000000000aa00f800000000000000aa00f800000000000000aa00f800000000000000aa00f800000000000000aa00f800000000000000aa00f800000000000000aa00f800000000000000aa00f800000000000000aa00f80000
02:32:53.266 [DEBUG] [serial] RX 104 bytes: 0000000000aa00f800000000000000aa00f800000000000000aa00f800000000000000aa00f800000000000000aa00f800000000000000aa00f800000000000000aa00f800000000000000aa00f800000000000000aa00f800000000000000aa00f8000000000000
02:32:53.376 [DEBUG] [serial] RX 104 bytes: 00aa00f800000000000000aa00f800000000000000aa00f800000000000000aa00f800000000000000aa00f800000000000000aa00f800000000000000aa00f800000000000000aa00f800000000000000aa00f800000000000000aa00f800000000000000aa00f8
02:32:53.484 [DEBUG] [serial] RX 103 bytes: 00000000000000aa00f800000000000000aa00f800000000000000aa00f800000000000000aa00f800000000000000aa00f800000000000000aa00f800000000000000aa00f800000000000000aa00f800000000000000aa00f800000000000000aa00f8000000
02:32:53.592 [DEBUG] [serial] RX 103 bytes: 00000000aa00f800000000000000aa00f800000000000000aa00f800000000000000aa00f800000000000000aa00f800000000000000aa00f800000000000000aa00f800000000000000aa00f800000000000000aa00f800000000000000aa00f8000000000000
02:32:53.698 [DEBUG] [serial] RX 101 bytes: 00aa00f800000000000000aa00f800000000000000aa00f800000000000000aa00f800000000000000aa00f800000000000000aa00f800000000000000aa00f800000000000000aa00f800000000000000aa00f800000000000000aa00f800000000000000
02:32:53.807 [DEBUG] [serial] RX 104 bytes: aa00f800000000000000aa00f800000000000000aa00f800000000000000aa00f800000000000000aa00f800000000000000aa00f800000000000000aa00f800000000000000aa00f800000000000000aa00f800000000000000aa00f800000000000000aa00f800
02:32:53.915 [DEBUG] [serial] RX 102 bytes: 000000000000aa00f800000000000000aa00f800000000000000aa00f800000000000000aa00f800000000000000aa00f800000000000000aa00f800000000000000aa00f800000000000000aa00f800000000000000aa00f800000000000000aa00f8000000
02:32:54.023 [DEBUG] [serial] RX 104 bytes: 00000000aa00f800000000000000aa00f800000000000000aa00f800000000000000aa00f800000000000000aa00f800000000000000aa00f800000000000000aa00f800000000000000aa00f800000000000000aa00f800000000000000aa00f800000000000000
02:32:54.131 [DEBUG] [serial] RX 103 bytes: aa00f800000000000000aa00f800000000000000aa00f800000000000000aa00f800000000000000aa00f800000000000000aa00f800000000000000aa00f800000000000000aa00f800000000000000aa00f800000000000000aa00f800000000000000aa00f8
02:32:54.240 [DEBUG] [serial] RX 103 bytes: 00000000000000aa00f800000000000000aa00f800000000000000aa00f800000000000000aa00f800000000000000aa00f800000000000000aa00f800000000000000aa00f800000000000000aa00f800000000000000aa00f800000000000000aa00f8000000
02:32:54.349 [DEBUG] [serial] RX 104 bytes: 00000000aa00f800000000000000aa00f800000000000000aa00f800000000000000aa00f800000000000000aa00f800000000000000aa00f800000000000000aa00f800000000000000aa00f800000000000000aa00f800000000000000aa00f800000000000000
02:32:54.458 [DEBUG] [serial] RX 103 bytes: aa00f800000000000000aa00f800000000000000aa00f800000000000000aa00f800000000000000aa00f800000000000000aa00f800000000000000aa00f800000000000000aa00f800000000000000aa00f800000000000000aa00f800000000000000aa00f8
02:32:54.565 [DEBUG] [serial] RX 102 bytes: 00000000000000aa00f800000000000000aa00f800000000000000aa00f800000000000000aa00f800000000000000aa00f800000000000000aa00f800000000000000aa00f800000000000000aa00f800000000000000aa00f800000000000000aa00f80000
02:32:54.675 [DEBUG] [serial] RX 104 bytes: 0000000000aa00f800000000000000aa00f800000000000000aa00f800000000000000aa00f800000000000000aa00f800000000000000aa00f800000000000000aa00f800000000000000aa00f800000000000000aa00f800000000000000aa00f8000000000000
02:32:54.782 [DEBUG] [serial] RX 103 bytes: 00aa00f800000000000000aa00f800000000000000aa00f800000000000000aa00f800000000000000aa00f800000000000000aa00f800000000000000aa00f800000000000000aa00f800000000000000aa00f800000000000000aa00f800000000000000aa00
02:32:54.891 [DEBUG] [serial] RX 103 bytes: f800000000000000aa00f800000000000000aa00f800000000000000aa00f800000000000000aa00f800000000000000aa00f800000000000000aa00f800000000000000aa00f800000000000000aa00f800000000000000aa00f800000000000000aa00f80000
02:32:55.000 [DEBUG] [serial] RX 104 bytes: 0000000000aa00f800000000000000aa00f800000000000000aa00f800000000000000aa00f800000000000000aa00f800000000000000aa00f800000000000000aa00f800000000000000aa00f800000000000000aa00f800000000000000aa00f8000000000000
02:32:55.110 [DEBUG] [serial] RX 105 bytes: 00aa00f800000000000000aa00f800000000000000aa00f800000000000000aa00f800000000000000aa00f800000000000000aa00f800000000000000aa00f800000000000000aa00f800000000000000aa00f800000000000000aa00f800000000000000aa00f800
02:32:55.218 [DEBUG] [serial] RX 103 bytes: 000000000000aa00f800000000000000aa00f800000000000000aa00f800000000000000aa00f800000000000000aa00f800000000000000aa00f800000000000000aa00f800000000000000aa00f800000000000000aa00f800000000000000aa00f800000000
02:32:55.327 [DEBUG] [serial] RX 103 bytes: 000000aa00f800000000000000aa00f800000000000000aa00f800000000000000aa00f800000000000000aa00f800000000000000aa00f800000000000000aa00f800000000000000aa00f800000000000000aa00f800000000000000aa00f800000000000000
02:32:55.436 [DEBUG] [serial] RX 103 bytes: aa00f800000000000000aa00f800000000000000aa00f800000000000000aa00f800000000000000aa00f800000000000000aa00f800000000000000aa00f800000000000000aa00f800000000000000aa00f800000000000000aa00f800000000000000aa00f8
02:32:55.545 [DEBUG] [serial] RX 105 bytes: 00000000000000aa00f800000000000000aa00f800000000000000aa00f800000000000000aa00f800000000000000aa00f800000000000000aa00f800000000000000aa00f800000000000000aa00f800000000000000aa00f800000000000000aa00f80000000000
02:32:55.653 [DEBUG] [serial] RX 103 bytes: 0000aa00f800000000000000aa00f800000000000000aa00f800000000000000aa00f800000000000000aa00f800000000000000aa00f800000000000000aa00f800000000000000aa00f800000000000000aa00f800000000000000aa00f800000000000000aa
02:32:55.763 [DEBUG] [serial] RX 104 bytes: 00f800000000000000aa00f800000000000000aa00f800000000000000aa00f800000000000000aa00f800000000000000aa00f800000000000000aa00f800000000000000aa00f800000000000000aa00f800000000000000aa00f800000000000000aa00f80000
02:32:55.872 [DEBUG] [serial] RX 104 bytes: 0000000000aa00f800000000000000aa00f800000000000000aa00f800000000000000aa00f800000000000000aa00f800000000000000aa00f800000000000000aa00f800000000000000aa00f800000000000000aa00f800000000000000aa00f8000000000000
02:32:55.980 [DEBUG] [serial] RX 103 bytes: 00aa00f800000000000000aa00f800000000000000aa00f800000000000000aa00f800000000000000aa00f800000000000000aa00f800000000000000aa00f800000000000000aa00f800000000000000aa00f800000000000000aa00f800000000000000aa00
02:32:56.089 [DEBUG] [serial] RX 104 bytes: f800000000000000aa00f800000000000000aa00f800000000000000aa00f800000000000000aa00f800000000000000aa00f800000000000000aa00f800000000000000aa00f800000000000000aa00f800000000000000aa00f800000000000000aa00f8000000
02:32:56.091 [DEBUG] [serial] PKT #32000: flags=0x00 in=-2048 ds=0 flt=0
02:32:56.197 [DEBUG] [serial] RX 102 bytes: 00000000aa00f800000000000000aa00f800000000000000aa00f800000000000000aa00f800000000000000aa00f800000000000000aa00f800000000000000aa00f800000000000000aa00f800000000000000aa00f800000000000000aa00f80000000000
02:32:56.306 [DEBUG] [serial] RX 104 bytes: 0000aa00f800000000000000aa00f800000000000000aa00f800000000000000aa00f800000000000000aa00f800000000000000aa00f800000000000000aa00f800000000000000aa00f800000000000000aa00f800000000000000aa00f800000000000000aa00
02:32:56.414 [DEBUG] [serial] RX 102 bytes: f800000000000000aa00f800000000000000aa00f800000000000000aa00f800000000000000aa00f800000000000000aa00f800000000000000aa00f800000000000000aa00f800000000000000aa00f800000000000000aa00f800000000000000aa00f800
02:32:56.523 [DEBUG] [serial] RX 104 bytes: 000000000000aa00f800000000000000aa00f800000000000000aa00f800000000000000aa00f800000000000000aa00f800000000000000aa00f800000000000000aa00f800000000000000aa00f800000000000000aa00f800000000000000aa00f80000000000
02:32:56.630 [DEBUG] [serial] RX 102 bytes: 0000aa00f800000000000000aa00f800000000000000aa00f800000000000000aa00f800000000000000aa00f800000000000000aa00f800000000000000aa00f800000000000000aa00f800000000000000aa00f800000000000000aa00f800000000000000
02:32:56.739 [DEBUG] [serial] RX 104 bytes: aa00f800000000000000aa00f800000000000000aa00f800000000000000aa00f800000000000000aa00f800000000000000aa00f800000000000000aa00f800000000000000aa00f800000000000000aa00f800000000000000aa00f800000000000000aa00f800
02:32:56.849 [DEBUG] [serial] RX 105 bytes: 000000000000aa00f800000000000000aa00f800000000000000aa00f800000000000000aa00f800000000000000aa00f800000000000000aa00f800000000000000aa00f800000000000000aa00f800000000000000aa00f800000000000000aa00f8000000000000
02:32:56.958 [DEBUG] [serial] RX 103 bytes: 00aa00f800000000000000aa00f800000000000000aa00f800000000000000aa00f800000000000000aa00f800000000000000aa00f800000000000000aa00f800000000000000aa00f800000000000000aa00f800000000000000aa00f800000000000000aa00
02:32:57.066 [DEBUG] [serial] RX 103 bytes: f800000000000000aa00f800000000000000aa00f800000000000000aa00f800000000000000aa00f800000000000000aa00f800000000000000aa00f800000000000000aa00f800000000000000aa00f800000000000000aa00f800000000000000aa00f80000
02:32:57.175 [DEBUG] [serial] RX 104 bytes: 0000000000aa00f800000000000000aa00f800000000000000aa00f800000000000000aa00f800000000000000aa00f800000000000000aa00f800000000000000aa00f800000000000000aa00f800000000000000aa00f800000000000000aa00f8000000000000
02:32:57.283 [DEBUG] [serial] RX 103 bytes: 00aa00f800000000000000aa00f800000000000000aa00f800000000000000aa00f800000000000000aa00f800000000000000aa00f800000000000000aa00f800000000000000aa00f800000000000000aa00f800000000000000aa00f800000000000000aa00
02:32:57.392 [DEBUG] [serial] RX 104 bytes: f800000000000000aa00f800000000000000aa00f800000000000000aa00f800000000000000aa00f800000000000000aa00f800000000000000aa00f800000000000000aa00f800000000000000aa00f800000000000000aa00f800000000000000aa00f8000000
02:32:57.500 [DEBUG] [serial] RX 103 bytes: 00000000aa00f800000000000000aa00f800000000000000aa00f800000000000000aa00f800000000000000aa00f800000000000000aa00f800000000000000aa00f800000000000000aa00f800000000000000aa00f800000000000000aa00f8000000000000
02:32:57.609 [DEBUG] [serial] RX 103 bytes: 00aa00f800000000000000aa00f800000000000000aa00f800000000000000aa00f800000000000000aa00f800000000000000aa00f800000000000000aa00f800000000000000aa00f800000000000000aa00f800000000000000aa00f800000000000000aa00
02:32:57.720 [DEBUG] [serial] RX 106 bytes: f800000000000000aa00f800000000000000aa00f800000000000000aa00f800000000000000aa00f800000000000000aa00f800000000000000aa00f800000000000000aa00f800000000000000aa00f800000000000000aa00f800000000000000aa00f80000000000
02:32:57.828 [DEBUG] [serial] RX 102 bytes: 0000aa00f800000000000000aa00f800000000000000aa00f800000000000000aa00f800000000000000aa00f800000000000000aa00f800000000000000aa00f800000000000000aa00f800000000000000aa00f800000000000000aa00f800000000000000
02:32:57.829 [INFO] [serial] Stats: 32174 pkts, 321778 bytes rx
02:32:57.937 [DEBUG] [serial] RX 104 bytes: aa00f800000000000000aa00f800000000000000aa00f800000000000000aa00f800000000000000aa00f800000000000000aa00f800000000000000aa00f800000000000000aa00f800000000000000aa00f800000000000000aa00f800000000000000aa00f800
02:32:58.048 [DEBUG] [serial] RX 106 bytes: 000000000000aa00f800000000000000aa00f800000000000000aa00f800000000000000aa00f800000000000000aa00f800000000000000aa00f800000000000000aa00f800000000000000aa00f800000000000000aa00f800000000000000aa00f800000000000000
02:32:58.156 [DEBUG] [serial] RX 102 bytes: aa00f800000000000000aa00f800000000000000aa00f800000000000000aa00f800000000000000aa00f800000000000000aa00f800000000000000aa00f800000000000000aa00f800000000000000aa00f800000000000000aa00f800000000000000aa00
02:32:58.265 [DEBUG] [serial] RX 104 bytes: f800000000000000aa00f800000000000000aa00f800000000000000aa00f800000000000000aa00f800000000000000aa00f800000000000000aa00f800000000000000aa00f800000000000000aa00f800000000000000aa00f800000000000000aa00f8000000
02:32:58.373 [DEBUG] [serial] RX 103 bytes: 00000000aa00f800000000000000aa00f800000000000000aa00f800000000000000aa00f800000000000000aa00f800000000000000aa00f800000000000000aa00f800000000000000aa00f800000000000000aa00f800000000000000aa00f8000000000000
02:32:58.482 [DEBUG] [serial] RX 104 bytes: 00aa00f800000000000000aa00f800000000000000aa00f800000000000000aa00f800000000000000aa00f800000000000000aa00f800000000000000aa00f800000000000000aa00f800000000000000aa00f800000000000000aa00f800000000000000aa00f8
02:32:58.590 [DEBUG] [serial] RX 103 bytes: 00000000000000aa00f800000000000000aa00f800000000000000aa00f800000000000000aa00f800000000000000aa00f800000000000000aa00f800000000000000aa00f800000000000000aa00f800000000000000aa00f800000000000000aa00f8000000
02:32:58.698 [DEBUG] [serial] RX 102 bytes: 00000000aa00f800000000000000aa00f800000000000000aa00f800000000000000aa00f800000000000000aa00f800000000000000aa00f800000000000000aa00f800000000000000aa00f800000000000000aa00f800000000000000aa00f80000000000
02:32:58.808 [DEBUG] [serial] RX 105 bytes: 0000aa00f800000000000000aa00f800000000000000aa00f800000000000000aa00f800000000000000aa00f800000000000000aa00f800000000000000aa00f800000000000000aa00f800000000000000aa00f800000000000000aa00f800000000000000aa00f8
02:32:58.918 [DEBUG] [serial] RX 104 bytes: 00000000000000aa00f800000000000000aa00f800000000000000aa00f800000000000000aa00f800000000000000aa00f800000000000000aa00f800000000000000aa00f800000000000000aa00f800000000000000aa00f800000000000000aa00f800000000
02:32:59.029 [DEBUG] [serial] RX 106 bytes: 000000aa00f800000000000000aa00f800000000000000aa00f800000000000000aa00f800000000000000aa00f800000000000000aa00f800000000000000aa00f800000000000000aa00f800000000000000aa00f800000000000000aa00f800000000000000aa00f8
02:32:59.138 [DEBUG] [serial] RX 104 bytes: 00000000000000aa00f800000000000000aa00f800000000000000aa00f800000000000000aa00f800000000000000aa00f800000000000000aa00f800000000000000aa00f800000000000000aa00f800000000000000aa00f800000000000000aa00f800000000
02:32:59.246 [DEBUG] [serial] RX 103 bytes: 000000aa00f800000000000000aa00f800000000000000aa00f800000000000000aa00f800000000000000aa00f800000000000000aa00f800000000000000aa00f800000000000000aa00f800000000000000aa00f800000000000000aa00f800000000000000
02:32:59.355 [DEBUG] [serial] RX 104 bytes: aa00f800000000000000aa00f800000000000000aa00f800000000000000aa00f800000000000000aa00f800000000000000aa00f800000000000000aa00f800000000000000aa00f800000000000000aa00f800000000000000aa00f800000000000000aa00f800
02:32:59.466 [DEBUG] [serial] RX 105 bytes: 000000000000aa00f800000000000000aa00f800000000000000aa00f800000000000000aa00f800000000000000aa00f800000000000000aa00f800000000000000aa00f800000000000000aa00f800000000000000aa00f800000000000000aa00f8000000000000
02:32:59.575 [DEBUG] [serial] RX 104 bytes: 00aa00f800000000000000aa00f800000000000000aa00f800000000000000aa00f800000000000000aa00f800000000000000aa00f800000000000000aa00f800000000000000aa00f800000000000000aa00f800000000000000aa00f800000000000000aa00f8
02:32:59.684 [DEBUG] [serial] RX 103 bytes: 00000000000000aa00f800000000000000aa00f800000000000000aa00f800000000000000aa00f800000000000000aa00f800000000000000aa00f800000000000000aa00f800000000000000aa00f800000000000000aa00f800000000000000aa00f8000000
02:32:59.792 [DEBUG] [serial] RX 104 bytes: 00000000aa00f800000000000000aa00f800000000000000aa00f800000000000000aa00f800000000000000aa00f800000000000000aa00f800000000000000aa00f800000000000000aa00f800000000000000aa00f800000000000000aa00f800000000000000
02:32:59.901 [DEBUG] [serial] RX 103 bytes: aa00f800000000000000aa00f800000000000000aa00f800000000000000aa00f800000000000000aa00f800000000000000aa00f800000000000000aa00f800000000000000aa00f800000000000000aa00f800000000000000aa00f800000000000000aa00f8
02:33:00.010 [DEBUG] [serial] RX 103 bytes: 00000000000000aa00f800000000000000aa00f800000000000000aa00f800000000000000aa00f800000000000000aa00f800000000000000aa00f800000000000000aa00f800000000000000aa00f800000000000000aa00f800000000000000aa00f8000000
02:33:00.120 [DEBUG] [serial] RX 105 bytes: 00000000aa00f800000000000000aa00f800000000000000aa00f800000000000000aa00f800000000000000aa00f800000000000000aa00f800000000000000aa00f800000000000000aa00f800000000000000aa00f800000000000000aa00f800000000000000aa
02:33:00.229 [DEBUG] [serial] RX 104 bytes: 00f800000000000000aa00f800000000000000aa00f800000000000000aa00f800000000000000aa00f800000000000000aa00f800000000000000aa00f800000000000000aa00f800000000000000aa00f800000000000000aa00f800000000000000aa00f80000
02:33:00.338 [DEBUG] [serial] RX 104 bytes: 0000000000aa00f800000000000000aa00f800000000000000aa00f800000000000000aa00f800000000000000aa00f800000000000000aa00f800000000000000aa00f800000000000000aa00f800000000000000aa00f800000000000000aa00f8000000000000
02:33:00.447 [DEBUG] [serial] RX 104 bytes: 00aa00f800000000000000aa00f800000000000000aa00f800000000000000aa00f800000000000000aa00f800000000000000aa00f800000000000000aa00f800000000000000aa00f800000000000000aa00f800000000000000aa00f800000000000000aa00f8
02:33:00.555 [DEBUG] [serial] RX 103 bytes: 00000000000000aa00f800000000000000aa00f800000000000000aa00f800000000000000aa00f800000000000000aa00f800000000000000aa00f800000000000000aa00f800000000000000aa00f800000000000000aa00f800000000000000aa00f8000000
02:33:00.663 [DEBUG] [serial] RX 102 bytes: 00000000aa00f800000000000000aa00f800000000000000aa00f800000000000000aa00f800000000000000aa00f800000000000000aa00f800000000000000aa00f800000000000000aa00f800000000000000aa00f800000000000000aa00f80000000000
02:33:00.772 [DEBUG] [serial] RX 104 bytes: 0000aa00f800000000000000aa00f800000000000000aa00f800000000000000aa00f800000000000000aa00f800000000000000aa00f800000000000000aa00f800000000000000aa00f800000000000000aa00f800000000000000aa00f800000000000000aa00
02:33:00.881 [DEBUG] [serial] RX 104 bytes: f800000000000000aa00f800000000000000aa00f800000000000000aa00f800000000000000aa00f800000000000000aa00f800000000000000aa00f800000000000000aa00f800000000000000aa00f800000000000000aa00f800000000000000aa00f8000000
02:33:00.991 [DEBUG] [serial] RX 104 bytes: 00000000aa00f800000000000000aa00f800000000000000aa00f800000000000000aa00f800000000000000aa00f800000000000000aa00f800000000000000aa00f800000000000000aa00f800000000000000aa00f800000000000000aa00f800000000000000
02:33:01.099 [DEBUG] [serial] RX 103 bytes: aa00f800000000000000aa00f800000000000000aa00f800000000000000aa00f800000000000000aa00f800000000000000aa00f800000000000000aa00f800000000000000aa00f800000000000000aa00f800000000000000aa00f800000000000000aa00f8
02:33:01.209 [DEBUG] [serial] RX 105 bytes: 00000000000000aa00f800000000000000aa00f800000000000000aa00f800000000000000aa00f800000000000000aa00f800000000000000aa00f800000000000000aa00f800000000000000aa00f800000000000000aa00f800000000000000aa00f80000000000
02:33:01.319 [DEBUG] [serial] RX 104 bytes: 0000aa00f800000000000000aa00f800000000000000aa00f800000000000000aa00f800000000000000aa00f800000000000000aa00f800000000000000aa00f800000000000000aa00f800000000000000aa00f800000000000000aa00f800000000000000aa00
02:33:01.319 [DEBUG] [serial] PKT #32500: flags=0x00 in=-2048 ds=0 flt=0
02:33:01.428 [DEBUG] [serial] RX 104 bytes: f800000000000000aa00f800000000000000aa00f800000000000000aa00f800000000000000aa00f800000000000000aa00f800000000000000aa00f800000000000000aa00f800000000000000aa00f800000000000000aa00f800000000000000aa00f8000000
02:33:01.537 [DEBUG] [serial] RX 104 bytes: 00000000aa00f800000000000000aa00f800000000000000aa00f800000000000000aa00f800000000000000aa00f800000000000000aa00f800000000000000aa00f800000000000000aa00f800000000000000aa00f800000000000000aa00f800000000000000
02:33:01.646 [DEBUG] [serial] RX 103 bytes: aa00f800000000000000aa00f800000000000000aa00f800000000000000aa00f800000000000000aa00f800000000000000aa00f800000000000000aa00f800000000000000aa00f800000000000000aa00f800000000000000aa00f800000000000000aa00f8
02:33:01.754 [DEBUG] [serial] RX 104 bytes: 00000000000000aa00f800000000000000aa00f800000000000000aa00f800000000000000aa00f800000000000000aa00f800000000000000aa00f800000000000000aa00f800000000000000aa00f800000000000000aa00f800000000000000aa00f800000000
02:33:01.861 [DEBUG] [serial] RX 101 bytes: 000000aa00f800000000000000aa00f800000000000000aa00f800000000000000aa00f800000000000000aa00f800000000000000aa00f800000000000000aa00f800000000000000aa00f800000000000000aa00f800000000000000aa00f80000000000
02:33:01.970 [DEBUG] [serial] RX 104 bytes: 0000aa00f800000000000000aa00f800000000000000aa00f800000000000000aa00f800000000000000aa00f800000000000000aa00f800000000000000aa00f800000000000000aa00f800000000000000aa00f800000000000000aa00f800000000000000aa00
02:33:02.079 [DEBUG] [serial] RX 104 bytes: f800000000000000aa00f800000000000000aa00f800000000000000aa00f800000000000000aa00f800000000000000aa00f800000000000000aa00f800000000000000aa00f800000000000000aa00f800000000000000aa00f800000000000000aa00f8000000
02:33:02.187 [DEBUG] [serial] RX 102 bytes: 00000000aa00f800000000000000aa00f800000000000000aa00f800000000000000aa00f800000000000000aa00f800000000000000aa00f800000000000000aa00f800000000000000aa00f800000000000000aa00f800000000000000aa00f80000000000
02:33:02.295 [DEBUG] [serial] RX 103 bytes: 0000aa00f800000000000000aa00f800000000000000aa00f800000000000000aa00f800000000000000aa00f800000000000000aa00f800000000000000aa00f800000000000000aa00f800000000000000aa00f800000000000000aa00f800000000000000aa
02:33:02.403 [DEBUG] [serial] RX 103 bytes: 00f800000000000000aa00f800000000000000aa00f800000000000000aa00f800000000000000aa00f800000000000000aa00f800000000000000aa00f800000000000000aa00f800000000000000aa00f800000000000000aa00f800000000000000aa00f800
02:33:02.511 [DEBUG] [serial] RX 103 bytes: 000000000000aa00f800000000000000aa00f800000000000000aa00f800000000000000aa00f800000000000000aa00f800000000000000aa00f800000000000000aa00f800000000000000aa00f800000000000000aa00f800000000000000aa00f800000000
02:33:02.621 [DEBUG] [serial] RX 105 bytes: 000000aa00f800000000000000aa00f800000000000000aa00f800000000000000aa00f800000000000000aa00f800000000000000aa00f800000000000000aa00f800000000000000aa00f800000000000000aa00f800000000000000aa00f800000000000000aa00
02:33:02.729 [DEBUG] [serial] RX 102 bytes: f800000000000000aa00f800000000000000aa00f800000000000000aa00f800000000000000aa00f800000000000000aa00f800000000000000aa00f800000000000000aa00f800000000000000aa00f800000000000000aa00f800000000000000aa00f800
02:33:02.840 [DEBUG] [serial] RX 105 bytes: 000000000000aa00f800000000000000aa00f800000000000000aa00f800000000000000aa00f800000000000000aa00f800000000000000aa00f800000000000000aa00f800000000000000aa00f800000000000000aa00f800000000000000aa00f8000000000000
02:33:02.841 [INFO] [serial] Stats: 32650 pkts, 326547 bytes rx
02:33:02.949 [DEBUG] [serial] RX 104 bytes: 00aa00f800000000000000aa00f800000000000000aa00f800000000000000aa00f800000000000000aa00f800000000000000aa00f800000000000000aa00f800000000000000aa00f800000000000000aa00f800000000000000aa00f800000000000000aa00f8
02:33:03.057 [DEBUG] [serial] RX 104 bytes: 00000000000000aa00f800000000000000aa00f800000000000000aa00f800000000000000aa00f800000000000000aa00f800000000000000aa00f800000000000000aa00f800000000000000aa00f800000000000000aa00f800000000000000aa00f800000000
02:33:03.165 [DEBUG] [serial] RX 102 bytes: 000000aa00f800000000000000aa00f800000000000000aa00f800000000000000aa00f800000000000000aa00f800000000000000aa00f800000000000000aa00f800000000000000aa00f800000000000000aa00f800000000000000aa00f8000000000000
02:33:03.276 [DEBUG] [serial] RX 106 bytes: 00aa00f800000000000000aa00f800000000000000aa00f800000000000000aa00f800000000000000aa00f800000000000000aa00f800000000000000aa00f800000000000000aa00f800000000000000aa00f800000000000000aa00f800000000000000aa00f80000
02:33:03.385 [DEBUG] [serial] RX 104 bytes: 0000000000aa00f800000000000000aa00f800000000000000aa00f800000000000000aa00f800000000000000aa00f800000000000000aa00f800000000000000aa00f800000000000000aa00f800000000000000aa00f800000000000000aa00f8000000000000
02:33:03.495 [DEBUG] [serial] RX 104 bytes: 00aa00f800000000000000aa00f800000000000000aa00f800000000000000aa00f800000000000000aa00f800000000000000aa00f800000000000000aa00f800000000000000aa00f800000000000000aa00f800000000000000aa00f800000000000000aa00f8
02:33:03.606 [DEBUG] [serial] RX 105 bytes: 00000000000000aa00f800000000000000aa00f800000000000000aa00f800000000000000aa00f800000000000000aa00f800000000000000aa00f800000000000000aa00f800000000000000aa00f800000000000000aa00f800000000000000aa00f80000000000
02:33:03.713 [DEBUG] [serial] RX 103 bytes: 0000aa00f800000000000000aa00f800000000000000aa00f800000000000000aa00f800000000000000aa00f800000000000000aa00f800000000000000aa00f800000000000000aa00f800000000000000aa00f800000000000000aa00f800000000000000aa
02:33:03.823 [DEBUG] [serial] RX 104 bytes: 00f800000000000000aa00f800000000000000aa00f800000000000000aa00f800000000000000aa00f800000000000000aa00f800000000000000aa00f800000000000000aa00f800000000000000aa00f800000000000000aa00f800000000000000aa00f80000
02:33:03.930 [DEBUG] [serial] RX 102 bytes: 0000000000aa00f800000000000000aa00f800000000000000aa00f800000000000000aa00f800000000000000aa00f800000000000000aa00f800000000000000aa00f800000000000000aa00f800000000000000aa00f800000000000000aa00f800000000
02:33:04.040 [DEBUG] [serial] RX 105 bytes: 000000aa00f800000000000000aa00f800000000000000aa00f800000000000000aa00f800000000000000aa00f800000000000000aa00f800000000000000aa00f800000000000000aa00f800000000000000aa00f800000000000000aa00f800000000000000aa00
02:33:04.149 [DEBUG] [serial] RX 104 bytes: f800000000000000aa00f800000000000000aa00f800000000000000aa00f800000000000000aa00f800000000000000aa00f800000000000000aa00f800000000000000aa00f800000000000000aa00f800000000000000aa00f800000000000000aa00f8000000
02:33:04.257 [DEBUG] [serial] RX 102 bytes: 00000000aa00f800000000000000aa00f800000000000000aa00f800000000000000aa00f800000000000000aa00f800000000000000aa00f800000000000000aa00f800000000000000aa00f800000000000000aa00f800000000000000aa00f80000000000
02:33:04.365 [DEBUG] [serial] RX 103 bytes: 0000aa00f800000000000000aa00f800000000000000aa00f800000000000000aa00f800000000000000aa00f800000000000000aa00f800000000000000aa00f800000000000000aa00f800000000000000aa00f800000000000000aa00f800000000000000aa
02:33:04.416 [INFO] [GUI] Cerrando ventana...
02:33:04.416 [INFO] [serial] Encolando TX CMD_STOP (close): bb05
02:33:04.416 [INFO] [serial] Solicitando parada del worker...
02:33:04.474 [INFO] [serial] TX CMD_STOP (close): bb05
02:33:04.475 [DEBUG] [serial] TX OK: 2 bytes escritos
02:33:04.475 [DEBUG] [serial] RX 104 bytes: 00f800000000000000aa00f800000000000000aa00f800000000000000aa00f800000000000000aa00f800000000000000aa00f800000000000000aa00f800000000000000aa00f800000000000000aa00f800000000000000aa00f800000000000000aa00f80000
02:33:04.475 [INFO] [serial] Loop de lectura terminado.
02:33:04.476 [INFO] [serial] Puerto cerrado.
02:33:04.476 [INFO] [GUI] Worker terminado, cerrando.
02:33:04.483 [INFO] [GUI] app.exec_() retorno con codigo 0
