02:10:48.147 [INFO] Log file: C:\Github\Tesis\src\python\geophone_scope - Copy\logs\scope_min_20260420_021048.log
02:10:48.148 [INFO] ============================================================
02:10:48.148 [INFO] scope_min.py arrancando
02:10:48.148 [INFO] ============================================================
02:10:48.148 [INFO] [USB] Buscando dispositivo Cypress (VID=0x04B4)...
02:10:48.154 [INFO] [USB] Puertos encontrados: 1
02:10:48.155 [INFO] [USB]   COM7 | VID=0x04b4 | PID=0xf139 | desc=KitProg USB-UART (COM7)
02:10:48.155 [INFO] [USB] -> Cypress encontrado en COM7
02:10:48.155 [INFO] Usando puerto: COM7
02:10:48.166 [INFO] [GUI] Iniciando ScopeWindow, puerto=COM7
02:10:48.167 [INFO] [GUI] Construyendo UI...
02:10:48.337 [INFO] [GUI] UI construida OK
02:10:48.337 [INFO] [GUI] Creando SerialWorker para COM7
02:10:48.338 [INFO] [serial] Abriendo puerto COM7 ...
02:10:48.338 [INFO] [GUI] SerialWorker iniciado
02:10:48.338 [INFO] [GUI] Timer de refresh iniciado (80ms)
02:10:48.338 [INFO] [GUI] ScopeWindow lista
02:10:48.532 [INFO] [GUI] app.exec_() — entrando en event loop Qt
02:10:48.532 [INFO] [serial] Puerto abierto: Serial<id=0x16ab511b520, open=True>(port='COM7', baudrate=230400, bytesize=8, parity='N', stopbits=1, timeout=0.1, xonxoff=False, rtscts=False, dsrdtr=False)
02:10:48.532 [INFO] [serial] Entrando en loop de lectura...
02:10:48.542 [DEBUG] [serial] RX 128 bytes: 4a00f8000000000000005a00f8000000000000005a00f8000000000000005a00f8000000000000005a00f8000000000000005a00f8000000000000005a00f8000000000000005a00f8000000000000005a00f8000000000000005a00f8000000000000004a00f8000000000000005a00f8000000000000005a00f80000000000
02:10:48.542 [DEBUG] [serial] Sin header 0xAA, descartando 128 bytes: 4a00f8000000000000005a00f8000000
02:10:48.551 [DEBUG] [serial] RX 128 bytes: 00005a00f8000000000000004a00f8000000000000004a00f8000000000000005a00f8000000000000005a00f8000000000000005a00f8000000000000005a00f8000000000000005a00f8000000000000004a00f8000000000000005a00f8000000000000004a00f8000000000000005a00f8000000000000005a00f8000000
02:10:48.551 [DEBUG] [serial] Sin header 0xAA, descartando 128 bytes: 00005a00f8000000000000004a00f800
02:10:48.568 [DEBUG] [serial] RX 128 bytes: 000000004a00f8000000000000005a00f8000000000000005a00f8000000000000005a00f8000000000000005a00f8000000000000005a00f8000000000000004a00f8000000000000005a00f8000000000000004a00f8000000000000004a00f8000000000000005a00f8000000000000005a00f8000000000000004a00f800
02:10:48.573 [DEBUG] [serial] Sin header 0xAA, descartando 128 bytes: 000000004a00f8000000000000005a00
02:10:48.577 [DEBUG] [serial] RX 128 bytes: 0000000000005a00f8000000000000005a00f8000000000000004a00f8000000000000005a00f8000000000000005a00f8000000000000005a00f8000000000000004a00f8000000000000005a00f8000000000000005a00f8000000000000005a00f8000000000000005a00f8000000000000004a00f8000000000000005a00
02:10:48.581 [DEBUG] [serial] Sin header 0xAA, descartando 128 bytes: 0000000000005a00f800000000000000
02:10:48.581 [DEBUG] [serial] RX 128 bytes: f8000000000000004a00f8000000000000005a00f8000000000000004a00f8000000000000005a00f8000000000000004a00f8000000000000005a00f8000000000000005a00f8000000000000005a00f8000000000000005a00f8000000000000004a00f8000000000000004a00f8000000000000005a00f800000000000000
02:10:48.584 [DEBUG] [serial] Sin header 0xAA, descartando 128 bytes: f8000000000000004a00f80000000000
02:10:48.590 [DEBUG] [serial] RX 128 bytes: 5a00f8000000000000004a00f8000000000000004a00f8000000000000005a00f8000000000000005a00f8000000000000005a00f8000000000000005a00f8000000000000004a00f8000000000000004a00f8000000000000005a00f8000000000000005a00f8000000000000004a00f8000000000000004a00f80000000000
02:10:48.590 [DEBUG] [serial] Sin header 0xAA, descartando 128 bytes: 5a00f8000000000000004a00f8000000
02:10:48.601 [DEBUG] [serial] RX 128 bytes: 00005a00f8000000000000005a00f8000000000000005a00f8000000000000005a00f8000000000000004a00f8000000000000005a00f8000000000000005a00f8000000000000005a00f8000000000000004a00f8000000000000004a00f8000000000000005a00f8000000000000005a00f8000000000000005a00f8000000
02:10:48.602 [DEBUG] [serial] Sin header 0xAA, descartando 128 bytes: 00005a00f8000000000000005a00f800
02:10:48.610 [DEBUG] [serial] RX 128 bytes: 000000004a00f8000000000000004a00f8000000000000005a00f8000000000000005a00f8000000000000005a00f8000000000000005a00f8000000000000005a00f8000000000000005a00f8000000000000005a00f8000000000000004a00f8000000000000005a00f8000000000000004a00f8000000000000005a00f800
02:10:48.611 [DEBUG] [serial] Sin header 0xAA, descartando 128 bytes: 000000004a00f8000000000000004a00
02:10:48.618 [DEBUG] [serial] RX 128 bytes: 0000000000005a00f8000000000000005a00f8000000000000005a00f8000000000000004a00f8000000000000005a00f8000000000000004a00f8000000000000005a00f8000000000000005a00f8000000000000005a00f8000000000000004a00f8000000000000005a00f8000000000000004a00f8000000000000005a00
02:10:48.619 [DEBUG] [serial] Sin header 0xAA, descartando 128 bytes: 0000000000005a00f800000000000000
02:10:48.628 [DEBUG] [serial] RX 128 bytes: f8000000000000004a00f8000000000000005a00f8000000000000005a00f8000000000000005a00f8000000000000004a00f8000000000000005a00f8000000000000005a00f8000000000000004a00f8000000000000004a00f8000000000000005a00f8000000000000005a00f8000000000000004a00f800000000000000
02:10:48.628 [DEBUG] [serial] Sin header 0xAA, descartando 128 bytes: f8000000000000004a00f80000000000
02:10:48.637 [DEBUG] [serial] RX 128 bytes: 5a00f8000000000000005a00f8000000000000004a00f8000000000000005a00f8000000000000004a00f8000000000000004a00f8000000000000005a00f8000000000000005a00f8000000000000005a00f8000000000000004a00f8000000000000004a00f8000000000000005a00f8000000000000005a00f80000000000
02:10:48.638 [DEBUG] [serial] Sin header 0xAA, descartando 128 bytes: 5a00f8000000000000005a00f8000000
02:10:48.647 [DEBUG] [serial] RX 128 bytes: 00005a00f8000000000000004a00f8000000000000005a00f8000000000000005a00f8000000000000005a00f8000000000000004a00f8000000000000004a00f8000000000000005a00f8000000000000005a00f8000000000000005a00f8000000000000005a00f8000000000000005a00f8000000000000005a00f8000000
02:10:48.647 [DEBUG] [serial] Sin header 0xAA, descartando 128 bytes: 00005a00f8000000000000004a00f800
02:10:48.657 [DEBUG] [serial] RX 128 bytes: 000000005a00f8000000000000005a00f8000000000000005a00f8000000000000005a00f8000000000000004a00f8000000000000004a00f8000000000000005a00f8000000000000005a00f8000000000000004a00f8000000000000004a00f8000000000000004a00f8000000000000004a00f8000000000000004a00f800
02:10:48.657 [DEBUG] [serial] Sin header 0xAA, descartando 128 bytes: 000000005a00f8000000000000005a00
02:10:48.666 [DEBUG] [serial] RX 128 bytes: 0000000000005a00f8000000000000005a00f8000000000000004a00f8000000000000005a00f8000000000000005a00f8000000000000004a00f8000000000000005a00f8000000000000004a00f8000000000000005a00f8000000000000005a00f8000000000000005a00f8000000000000005a00f8000000000000005a00
02:10:48.667 [DEBUG] [serial] Sin header 0xAA, descartando 128 bytes: 0000000000005a00f800000000000000
02:10:48.676 [DEBUG] [serial] RX 128 bytes: f8000000000000004a00f8000000000000004a00f8000000000000005a00f8000000000000005a00f8000000000000005a00f8000000000000004a00f8000000000000005a00f8000000000000004a00f8000000000000005a00f8000000000000005a00f8000000000000005a00f8000000000000004a00f800000000000000
02:10:48.676 [DEBUG] [serial] Sin header 0xAA, descartando 128 bytes: f8000000000000004a00f80000000000
02:10:48.685 [DEBUG] [serial] RX 128 bytes: 4a00f8000000000000005a00f8000000000000005a00f8000000000000005a00f8000000000000005a00f8000000000000004a00f8000000000000005a00f8000000000000005a00f8000000000000005a00f8000000000000004a00f8000000000000005a00f8000000000000005a00f8000000000000005a00f80000000000
02:10:48.686 [DEBUG] [serial] Sin header 0xAA, descartando 128 bytes: 4a00f8000000000000005a00f8000000
02:10:48.695 [DEBUG] [serial] RX 128 bytes: 00005a00f8000000000000004a00f8000000000000005a00f8000000000000004a00f8000000000000005a00f8000000000000005a00f8000000000000005a00f8000000000000005a00f8000000000000004a00f8000000000000005a00f8000000000000005a00f8000000000000004a00f8000000000000005a00f8000000
02:10:48.695 [DEBUG] [serial] Sin header 0xAA, descartando 128 bytes: 00005a00f8000000000000004a00f800
02:10:48.705 [DEBUG] [serial] RX 128 bytes: 000000005a00f8000000000000004a00f8000000000000005a00f8000000000000005a00f8000000000000005a00f8000000000000005a00f8000000000000005a00f8000000000000004a00f8000000000000005a00f8000000000000005a00f8000000000000004a00f8000000000000005a00f8000000000000005a00f800
02:10:48.705 [DEBUG] [serial] Sin header 0xAA, descartando 128 bytes: 000000005a00f8000000000000004a00
02:10:48.714 [DEBUG] [serial] RX 128 bytes: 0000000000004a00f8000000000000005a00f8000000000000004a00f8000000000000005a00f8000000000000005a00f8000000000000005a00f8000000000000005a00f8000000000000005a00f8000000000000004a00f8000000000000004a00f8000000000000004a00f8000000000000005a00f8000000000000005a00
02:10:48.714 [DEBUG] [serial] Sin header 0xAA, descartando 128 bytes: 0000000000004a00f800000000000000
02:10:48.724 [DEBUG] [serial] RX 128 bytes: f8000000000000005a00f8000000000000004a00f8000000000000005a00f8000000000000005a00f8000000000000004a00f8000000000000005a00f8000000000000004a00f8000000000000005a00f8000000000000005a00f8000000000000005a00f8000000000000005a00f8000000000000004a00f800000000000000
02:10:48.724 [DEBUG] [serial] Sin header 0xAA, descartando 128 bytes: f8000000000000005a00f80000000000
02:10:48.733 [DEBUG] [serial] RX 128 bytes: 5a00f8000000000000005a00f8000000000000005a00f8000000000000005a00f8000000000000005a00f8000000000000005a00f8000000000000004a00f8000000000000004a00f8000000000000005a00f8000000000000005a00f8000000000000005a00f8000000000000005a00f8000000000000005a00f80000000000
02:10:48.734 [DEBUG] [serial] Sin header 0xAA, descartando 128 bytes: 5a00f8000000000000005a00f8000000
02:10:48.743 [DEBUG] [serial] RX 128 bytes: 00004a00f8000000000000005a00f8000000000000005a00f8000000000000004a00f8000000000000004a00f8000000000000005a00f8000000000000004a00f8000000000000005a00f8000000000000005a00f8000000000000004a00f8000000000000005a00f8000000000000005a00f8000000000000004a00f8000000
02:10:48.743 [DEBUG] [serial] Sin header 0xAA, descartando 128 bytes: 00004a00f8000000000000005a00f800
02:10:48.753 [DEBUG] [serial] RX 128 bytes: 000000005a00f8000000000000005a00f8000000000000004a00f8000000000000005a00f8000000000000005a00f8000000000000005a00f8000000000000005a00f8000000000000004a00f8000000000000005a00f8000000000000005a00f8000000000000004a00f8000000000000004a00f8000000000000005a00f800
02:10:48.753 [DEBUG] [serial] Sin header 0xAA, descartando 128 bytes: 000000005a00f8000000000000005a00
02:10:48.762 [DEBUG] [serial] RX 128 bytes: 0000000000005a00f8000000000000004a00f8000000000000004a00f8000000000000005a00f8000000000000005a00f8000000000000004a00f8000000000000004a00f8000000000000005a00f8000000000000005a00f8000000000000004a00f8000000000000004a00f8000000000000005a00f8000000000000005a00
02:10:48.763 [DEBUG] [serial] Sin header 0xAA, descartando 128 bytes: 0000000000005a00f800000000000000
02:10:48.772 [DEBUG] [serial] RX 128 bytes: f8000000000000005a00f8000000000000005a00f8000000000000004a00f8000000000000004a00f8000000000000005a00f8000000000000005a00f8000000000000004a00f8000000000000005a00f8000000000000005a00f8000000000000005a00f8000000000000005a00f8000000000000005a00f800000000000000
02:10:48.772 [DEBUG] [serial] Sin header 0xAA, descartando 128 bytes: f8000000000000005a00f80000000000
02:10:48.781 [DEBUG] [serial] RX 128 bytes: 4a00f8000000000000005a00f8000000000000005a00f8000000000000004a00f8000000000000004a00f8000000000000005a00f8000000000000005a00f8000000000000005a00f8000000000000004a00f8000000000000005a00f8000000000000005a00f8000000000000005a00f8000000000000004a00f80000000000
02:10:48.781 [DEBUG] [serial] Sin header 0xAA, descartando 128 bytes: 4a00f8000000000000005a00f8000000
02:10:48.791 [DEBUG] [serial] RX 128 bytes: 00005a00f8000000000000005a00f8000000000000004a00f8000000000000005a00f8000000000000005a00f8000000000000005a00f8000000000000005a00f8000000000000004a00f8000000000000004a00f8000000000000005a00f8000000000000005a00f8000000000000005a00f8000000000000004a00f8000000
02:10:48.791 [DEBUG] [serial] Sin header 0xAA, descartando 128 bytes: 00005a00f8000000000000005a00f800
02:10:48.801 [DEBUG] [serial] RX 128 bytes: 000000005a00f8000000000000005a00f8000000000000005a00f8000000000000004a00f8000000000000004a00f8000000000000005a00f8000000000000005a00f8000000000000005a00f8000000000000005a00f8000000000000005a00f8000000000000004a00f8000000000000005a00f8000000000000005a00f800
02:10:48.801 [DEBUG] [serial] Sin header 0xAA, descartando 128 bytes: 000000005a00f8000000000000005a00
02:10:48.810 [DEBUG] [serial] RX 128 bytes: 0000000000005a00f8000000000000004a00f8000000000000004a00f8000000000000004a00f8000000000000005a00f8000000000000005a00f8000000000000005a00f8000000000000005a00f8000000000000005a00f8000000000000005a00f8000000000000004a00f8000000000000004a00f8000000000000004a00
02:10:48.811 [DEBUG] [serial] Sin header 0xAA, descartando 128 bytes: 0000000000005a00f800000000000000
02:10:48.820 [DEBUG] [serial] RX 128 bytes: f8000000000000005a00f8000000000000005a00f8000000000000005a00f8000000000000004a00f8000000000000004a00f8000000000000005a00f8000000000000005a00f8000000000000005a00f8000000000000004a00f8000000000000005a00f8000000000000005a00f8000000000000005a00f800000000000000
02:10:48.820 [DEBUG] [serial] Sin header 0xAA, descartando 128 bytes: f8000000000000005a00f80000000000
02:10:48.829 [DEBUG] [serial] RX 128 bytes: 4a00f8000000000000004a00f8000000000000005a00f8000000000000005a00f8000000000000005a00f8000000000000005a00f8000000000000004a00f8000000000000005a00f8000000000000005a00f8000000000000004a00f8000000000000005a00f8000000000000005a00f8000000000000004a00f80000000000
02:10:48.829 [DEBUG] [serial] Sin header 0xAA, descartando 128 bytes: 4a00f8000000000000004a00f8000000
02:10:48.839 [DEBUG] [serial] RX 128 bytes: 00004a00f8000000000000004a00f8000000000000005a00f8000000000000005a00f8000000000000004a00f8000000000000005a00f8000000000000005a00f8000000000000005a00f8000000000000005a00f8000000000000004a00f8000000000000005a00f8000000000000005a00f8000000000000005a00f8000000
02:10:48.839 [DEBUG] [serial] Sin header 0xAA, descartando 128 bytes: 00004a00f8000000000000004a00f800
02:10:48.849 [DEBUG] [serial] RX 128 bytes: 000000004a00f8000000000000004a00f8000000000000004a00f8000000000000005a00f8000000000000004a00f8000000000000005a00f8000000000000005a00f8000000000000005a00f8000000000000005a00f8000000000000005a00f8000000000000005a00f8000000000000004a00f8000000000000004a00f800
02:10:48.849 [DEBUG] [serial] Sin header 0xAA, descartando 128 bytes: 000000004a00f8000000000000004a00
02:10:48.858 [DEBUG] [serial] RX 128 bytes: 0000000000004a00f8000000000000005a00f8000000000000005a00f8000000000000004a00f8000000000000005a00f8000000000000005a00f8000000000000005a00f8000000000000005a00f8000000000000005a00f8000000000000005a00f8000000000000005a00f8000000000000005a00f8000000000000004a00
02:10:48.858 [DEBUG] [serial] Sin header 0xAA, descartando 128 bytes: 0000000000004a00f800000000000000
02:10:48.868 [DEBUG] [serial] RX 128 bytes: f8000000000000004a00f8000000000000004a00f8000000000000004a00f8000000000000004a00f8000000000000005a00f8000000000000005a00f8000000000000004a00f8000000000000005a00f8000000000000005a00f8000000000000005a00f8000000000000005a00f8000000000000005a00f800000000000000
02:10:48.868 [DEBUG] [serial] Sin header 0xAA, descartando 128 bytes: f8000000000000004a00f80000000000
02:10:48.877 [DEBUG] [serial] RX 128 bytes: 5a00f8000000000000005a00f8000000000000004a00f8000000000000004a00f8000000000000004a00f8000000000000004a00f8000000000000004a00f8000000000000004a00f8000000000000004a00f8000000000000004a00f8000000000000004a00f8000000000000004a00f8000000000000004a00f80000000000
02:10:48.877 [DEBUG] [serial] Sin header 0xAA, descartando 128 bytes: 5a00f8000000000000005a00f8000000
02:10:48.887 [DEBUG] [serial] RX 128 bytes: 00005a00f8000000000000005a00f8000000000000005a00f8000000000000005a00f8000000000000005a00f8000000000000005a00f8000000000000004a00f8000000000000004a00f8000000000000005a00f8000000000000005a00f8000000000000005a00f8000000000000004a00f8000000000000004a00f8000000
02:10:48.887 [DEBUG] [serial] Sin header 0xAA, descartando 128 bytes: 00005a00f8000000000000005a00f800
02:10:48.896 [DEBUG] [serial] RX 128 bytes: 000000005a00f8000000000000005a00f8000000000000005a00f8000000000000004a00f8000000000000004a00f8000000000000004a00f8000000000000004a00f8000000000000005a00f8000000000000005a00f8000000000000004a00f8000000000000005a00f8000000000000004a00f8000000000000004a00f800
02:10:48.897 [DEBUG] [serial] Sin header 0xAA, descartando 128 bytes: 000000005a00f8000000000000005a00
02:10:48.906 [DEBUG] [serial] RX 128 bytes: 0000000000005a00f8000000000000005a00f8000000000000005a00f8000000000000005a00f8000000000000004a00f8000000000000004a00f8000000000000005a00f8000000000000005a00f8000000000000005a00f8000000000000005a00f8000000000000005a00f8000000000000005a00f8000000000000005a00
02:10:48.907 [DEBUG] [serial] Sin header 0xAA, descartando 128 bytes: 0000000000005a00f800000000000000
02:10:48.915 [DEBUG] [serial] RX 128 bytes: f8000000000000004a00f8000000000000004a00f8000000000000005a00f8000000000000005a00f8000000000000004a00f8000000000000004a00f8000000000000004a00f8000000000000004a00f8000000000000005a00f8000000000000005a00f8000000000000005a00f8000000000000005a00f800000000000000
02:10:48.916 [DEBUG] [serial] Sin header 0xAA, descartando 128 bytes: f8000000000000004a00f80000000000
02:10:48.925 [DEBUG] [serial] RX 128 bytes: 5a00f8000000000000005a00f8000000000000004a00f8000000000000004a00f8000000000000004a00f8000000000000005a00f8000000000000005a00f8000000000000005a00f8000000000000005a00f8000000000000004a00f8000000000000005a00f8000000000000005a00f8000000000000004a00f80000000000
02:10:48.925 [DEBUG] [serial] Sin header 0xAA, descartando 128 bytes: 5a00f8000000000000005a00f8000000
02:10:48.935 [DEBUG] [serial] RX 128 bytes: 00005a00f8000000000000004a00f8000000000000004a00f8000000000000004a00f8000000000000005a00f8000000000000005a00f8000000000000005a00f8000000000000004a00f8000000000000005a00f8000000000000005a00f8000000000000005a00f8000000000000004a00f8000000000000004a00f8000000
02:10:48.935 [DEBUG] [serial] Sin header 0xAA, descartando 128 bytes: 00005a00f8000000000000004a00f800
02:10:48.944 [DEBUG] [serial] RX 128 bytes: 000000005a00f8000000000000005a00f8000000000000004a00f8000000000000005a00f8000000000000005a00f8000000000000005a00f8000000000000004a00f8000000000000004a00f8000000000000005a00f8000000000000005a00f8000000000000005a00f8000000000000005a00f8000000000000005a00f800
02:10:48.945 [DEBUG] [serial] Sin header 0xAA, descartando 128 bytes: 000000005a00f8000000000000005a00
02:10:48.954 [DEBUG] [serial] RX 128 bytes: 0000000000004a00f8000000000000004a00f8000000000000004a00f8000000000000004a00f8000000000000004a00f8000000000000004a00f8000000000000004a00f8000000000000005a00f8000000000000005a00f8000000000000004a00f8000000000000004a00f8000000000000005a00f8000000000000005a00
02:10:48.954 [DEBUG] [serial] Sin header 0xAA, descartando 128 bytes: 0000000000004a00f800000000000000
02:10:48.963 [DEBUG] [serial] RX 128 bytes: f8000000000000005a00f8000000000000005a00f8000000000000004a00f8000000000000005a00f8000000000000004a00f8000000000000004a00f8000000000000004a00f8000000000000004a00f8000000000000004a00f8000000000000004a00f8000000000000005a00f8000000000000005a00f800000000000000
02:10:48.963 [DEBUG] [serial] Sin header 0xAA, descartando 128 bytes: f8000000000000005a00f80000000000
02:10:48.973 [DEBUG] [serial] RX 128 bytes: 5a00f8000000000000005a00f8000000000000005a00f8000000000000005a00f8000000000000004a00f8000000000000005a00f8000000000000005a00f8000000000000004a00f8000000000000005a00f8000000000000005a00f8000000000000005a00f8000000000000004a00f8000000000000004a00f80000000000
02:10:48.973 [DEBUG] [serial] Sin header 0xAA, descartando 128 bytes: 5a00f8000000000000005a00f8000000
02:10:48.983 [DEBUG] [serial] RX 128 bytes: 00004a00f8000000000000005a00f8000000000000005a00f8000000000000005a00f8000000000000004a00f8000000000000004a00f8000000000000005a00f8000000000000005a00f8000000000000005a00f8000000000000004a00f8000000000000004a00f8000000000000005a00f8000000000000005a00f8000000
02:10:48.983 [DEBUG] [serial] Sin header 0xAA, descartando 128 bytes: 00004a00f8000000000000005a00f800
02:10:48.992 [DEBUG] [serial] RX 128 bytes: 000000005a00f8000000000000005a00f8000000000000005a00f8000000000000005a00f8000000000000004a00f8000000000000004a00f8000000000000005a00f8000000000000005a00f8000000000000004a00f8000000000000004a00f8000000000000005a00f8000000000000004a00f8000000000000005a00f800
02:10:48.992 [DEBUG] [serial] Sin header 0xAA, descartando 128 bytes: 000000005a00f8000000000000005a00
02:10:49.002 [DEBUG] [serial] RX 128 bytes: 0000000000004a00f8000000000000004a00f8000000000000005a00f8000000000000005a00f8000000000000005a00f8000000000000005a00f8000000000000005a00f8000000000000005a00f8000000000000004a00f8000000000000004a00f8000000000000005a00f8000000000000005a00f8000000000000004a00
02:10:49.002 [DEBUG] [serial] Sin header 0xAA, descartando 128 bytes: 0000000000004a00f800000000000000
02:10:49.011 [DEBUG] [serial] RX 128 bytes: f8000000000000004a00f8000000000000004a00f8000000000000004a00f8000000000000004a00f8000000000000004a00f8000000000000004a00f8000000000000005a00f8000000000000005a00f8000000000000005a00f8000000000000004a00f8000000000000005a00f8000000000000005a00f800000000000000
02:10:49.012 [DEBUG] [serial] Sin header 0xAA, descartando 128 bytes: f8000000000000004a00f80000000000
02:10:49.021 [DEBUG] [serial] RX 128 bytes: 5a00f8000000000000004a00f8000000000000005a00f8000000000000004a00f8000000000000005a00f8000000000000005a00f8000000000000004a00f8000000000000005a00f8000000000000005a00f8000000000000005a00f8000000000000005a00f8000000000000005a00f8000000000000004a00f80000000000
02:10:49.021 [DEBUG] [serial] Sin header 0xAA, descartando 128 bytes: 5a00f8000000000000004a00f8000000
02:10:49.031 [DEBUG] [serial] RX 128 bytes: 00005a00f8000000000000004a00f8000000000000005a00f8000000000000004a00f8000000000000005a00f8000000000000005a00f8000000000000005a00f8000000000000004a00f8000000000000005a00f8000000000000005a00f8000000000000004a00f8000000000000005a00f8000000000000005a00f8000000
02:10:49.031 [DEBUG] [serial] Sin header 0xAA, descartando 128 bytes: 00005a00f8000000000000004a00f800
02:10:49.040 [DEBUG] [serial] RX 128 bytes: 000000005a00f8000000000000004a00f8000000000000005a00f8000000000000004a00f8000000000000005a00f8000000000000004a00f8000000000000004a00f8000000000000005a00f8000000000000004a00f8000000000000005a00f8000000000000005a00f8000000000000005a00f8000000000000005a00f800
02:10:49.041 [DEBUG] [serial] Sin header 0xAA, descartando 128 bytes: 000000005a00f8000000000000004a00
02:10:49.050 [DEBUG] [serial] RX 128 bytes: 0000000000004a00f8000000000000005a00f8000000000000004a00f8000000000000005a00f8000000000000004a00f8000000000000005a00f8000000000000005a00f8000000000000004a00f8000000000000005a00f8000000000000004a00f8000000000000005a00f8000000000000005a00f8000000000000004a00
02:10:49.050 [DEBUG] [serial] Sin header 0xAA, descartando 128 bytes: 0000000000004a00f800000000000000
02:10:49.059 [DEBUG] [serial] RX 128 bytes: f8000000000000004a00f8000000000000004a00f8000000000000005a00f8000000000000005a00f8000000000000004a00f8000000000000004a00f8000000000000005a00f8000000000000004a00f8000000000000005a00f8000000000000005a00f8000000000000004a00f8000000000000005a00f800000000000000
02:10:49.060 [DEBUG] [serial] Sin header 0xAA, descartando 128 bytes: f8000000000000004a00f80000000000
02:10:49.069 [DEBUG] [serial] RX 128 bytes: 5a00f8000000000000004a00f8000000000000005a00f8000000000000005a00f8000000000000005a00f8000000000000005a00f8000000000000005a00f8000000000000005a00f8000000000000005a00f8000000000000004a00f8000000000000005a00f8000000000000004a00f8000000000000005a00f80000000000
02:10:49.069 [DEBUG] [serial] Sin header 0xAA, descartando 128 bytes: 5a00f8000000000000004a00f8000000
02:10:49.079 [DEBUG] [serial] RX 128 bytes: 00005a00f8000000000000004a00f8000000000000005a00f8000000000000004a00f8000000000000005a00f8000000000000005a00f8000000000000004a00f8000000000000005a00f8000000000000005a00f8000000000000004a00f8000000000000005a00f8000000000000005a00f8000000000000005a00f8000000
02:10:49.079 [DEBUG] [serial] Sin header 0xAA, descartando 128 bytes: 00005a00f8000000000000004a00f800
02:10:49.088 [DEBUG] [serial] RX 128 bytes: 000000004a00f8000000000000004a00f8000000000000005a00f8000000000000005a00f8000000000000005a00f8000000000000005a00f8000000000000005a00f8000000000000004a00f8000000000000005a00f8000000000000005a00f8000000000000004a00f8000000000000005a00f8000000000000005a00f800
02:10:49.088 [DEBUG] [serial] Sin header 0xAA, descartando 128 bytes: 000000004a00f8000000000000004a00
02:10:49.098 [DEBUG] [serial] RX 128 bytes: 0000000000004a00f8000000000000005a00f8000000000000005a00f8000000000000005a00f8000000000000005a00f8000000000000005a00f8000000000000005a00f8000000000000004a00f8000000000000005a00f8000000000000004a00f8000000000000005a00f8000000000000005a00f8000000000000005a00
02:10:49.098 [DEBUG] [serial] Sin header 0xAA, descartando 128 bytes: 0000000000004a00f800000000000000
02:10:49.107 [DEBUG] [serial] RX 128 bytes: f8000000000000004a00f8000000000000005a00f8000000000000005a00f8000000000000005a00f8000000000000004a00f8000000000000005a00f8000000000000004a00f8000000000000005a00f8000000000000004a00f8000000000000005a00f8000000000000005a00f8000000000000005a00f800000000000000
02:10:49.107 [DEBUG] [serial] Sin header 0xAA, descartando 128 bytes: f8000000000000004a00f80000000000
02:10:49.117 [DEBUG] [serial] RX 128 bytes: 5a00f8000000000000004a00f8000000000000005a00f8000000000000005a00f8000000000000004a00f8000000000000004a00f8000000000000005a00f8000000000000005a00f8000000000000005a00f8000000000000004a00f8000000000000005a00f8000000000000005a00f8000000000000005a00f80000000000
02:10:49.117 [DEBUG] [serial] Sin header 0xAA, descartando 128 bytes: 5a00f8000000000000004a00f8000000
02:10:49.127 [DEBUG] [serial] RX 128 bytes: 00004a00f8000000000000005a00f8000000000000005a00f8000000000000004a00f8000000000000005a00f8000000000000005a00f8000000000000004a00f8000000000000005a00f8000000000000004a00f8000000000000005a00f8000000000000005a00f8000000000000004a00f8000000000000004a00f8000000
02:10:49.127 [DEBUG] [serial] Sin header 0xAA, descartando 128 bytes: 00004a00f8000000000000005a00f800
02:10:49.136 [DEBUG] [serial] RX 128 bytes: 000000005a00f8000000000000004a00f8000000000000005a00f8000000000000005a00f8000000000000004a00f8000000000000005a00f8000000000000004a00f8000000000000005a00f8000000000000005a00f8000000000000005a00f8000000000000005a00f8000000000000005a00f8000000000000005a00f800
02:10:49.136 [DEBUG] [serial] Sin header 0xAA, descartando 128 bytes: 000000005a00f8000000000000004a00
02:10:49.146 [DEBUG] [serial] RX 128 bytes: 0000000000005a00f8000000000000005a00f8000000000000005a00f8000000000000004a00f8000000000000004a00f8000000000000005a00f8000000000000005a00f8000000000000005a00f8000000000000004a00f8000000000000005a00f8000000000000005a00f8000000000000004a00f8000000000000005a00
02:10:49.146 [DEBUG] [serial] Sin header 0xAA, descartando 128 bytes: 0000000000005a00f800000000000000
02:10:49.155 [DEBUG] [serial] RX 128 bytes: f8000000000000004a00f8000000000000005a00f8000000000000005a00f8000000000000005a00f8000000000000005a00f8000000000000005a00f8000000000000005a00f8000000000000005a00f8000000000000004a00f8000000000000004a00f8000000000000005a00f8000000000000005a00f800000000000000
02:10:49.155 [DEBUG] [serial] Sin header 0xAA, descartando 128 bytes: f8000000000000004a00f80000000000
02:10:49.165 [DEBUG] [serial] RX 128 bytes: 5a00f8000000000000005a00f8000000000000004a00f8000000000000005a00f8000000000000005a00f8000000000000004a00f8000000000000005a00f8000000000000005a00f8000000000000005a00f8000000000000004a00f8000000000000005a00f8000000000000005a00f8000000000000005a00f80000000000
02:10:49.165 [DEBUG] [serial] Sin header 0xAA, descartando 128 bytes: 5a00f8000000000000005a00f8000000
02:10:49.175 [DEBUG] [serial] RX 128 bytes: 00005a00f8000000000000005a00f8000000000000005a00f8000000000000005a00f8000000000000005a00f8000000000000004a00f8000000000000005a00f8000000000000004a00f8000000000000005a00f8000000000000004a00f8000000000000005a00f8000000000000004a00f8000000000000005a00f8000000
02:10:49.175 [DEBUG] [serial] Sin header 0xAA, descartando 128 bytes: 00005a00f8000000000000005a00f800
02:10:49.184 [DEBUG] [serial] RX 128 bytes: 000000005a00f8000000000000005a00f8000000000000004a00f8000000000000004a00f8000000000000005a00f8000000000000005a00f8000000000000005a00f8000000000000005a00f8000000000000005a00f8000000000000004a00f8000000000000005a00f8000000000000005a00f8000000000000005a00f800
02:10:49.186 [DEBUG] [serial] Sin header 0xAA, descartando 128 bytes: 000000005a00f8000000000000005a00
02:10:49.194 [DEBUG] [serial] RX 128 bytes: 0000000000005a00f8000000000000005a00f8000000000000004a00f8000000000000005a00f8000000000000004a00f8000000000000005a00f8000000000000004a00f8000000000000005a00f8000000000000004a00f8000000000000005a00f8000000000000005a00f8000000000000004a00f8000000000000005a00
02:10:49.194 [DEBUG] [serial] Sin header 0xAA, descartando 128 bytes: 0000000000005a00f800000000000000
02:10:49.203 [DEBUG] [serial] RX 128 bytes: f8000000000000004a00f8000000000000005a00f8000000000000004a00f8000000000000005a00f8000000000000005a00f8000000000000004a00f8000000000000004a00f8000000000000005a00f8000000000000004a00f8000000000000005a00f8000000000000005a00f8000000000000005a00f800000000000000
02:10:49.203 [DEBUG] [serial] Sin header 0xAA, descartando 128 bytes: f8000000000000004a00f80000000000
02:10:49.213 [DEBUG] [serial] RX 128 bytes: 5a00f8000000000000004a00f8000000000000005a00f8000000000000005a00f8000000000000004a00f8000000000000005a00f8000000000000005a00f8000000000000005a00f8000000000000004a00f8000000000000004a00f8000000000000004a00f8000000000000005a00f8000000000000005a00f80000000000
02:10:49.213 [DEBUG] [serial] Sin header 0xAA, descartando 128 bytes: 5a00f8000000000000004a00f8000000
02:10:49.222 [DEBUG] [serial] RX 128 bytes: 00004a00f8000000000000005a00f8000000000000005a00f8000000000000004a00f8000000000000004a00f8000000000000004a00f8000000000000005a00f8000000000000005a00f8000000000000005a00f8000000000000004a00f8000000000000004a00f8000000000000005a00f8000000000000005a00f8000000
02:10:49.222 [DEBUG] [serial] Sin header 0xAA, descartando 128 bytes: 00004a00f8000000000000005a00f800
02:10:49.232 [DEBUG] [serial] RX 128 bytes: 000000004a00f8000000000000005a00f8000000000000005a00f8000000000000004a00f8000000000000004a00f8000000000000005a00f8000000000000005a00f8000000000000005a00f8000000000000005a00f8000000000000005a00f8000000000000005a00f8000000000000004a00f8000000000000004a00f800
02:10:49.232 [DEBUG] [serial] Sin header 0xAA, descartando 128 bytes: 000000004a00f8000000000000005a00
02:10:49.242 [DEBUG] [serial] RX 128 bytes: 0000000000005a00f8000000000000004a00f8000000000000005a00f8000000000000005a00f8000000000000005a00f8000000000000005a00f8000000000000005a00f8000000000000005a00f8000000000000004a00f8000000000000005a00f8000000000000005a00f8000000000000004a00f8000000000000004a00
02:10:49.242 [DEBUG] [serial] Sin header 0xAA, descartando 128 bytes: 0000000000005a00f800000000000000
02:10:49.251 [DEBUG] [serial] RX 128 bytes: f8000000000000004a00f8000000000000004a00f8000000000000005a00f8000000000000005a00f8000000000000005a00f8000000000000004a00f8000000000000005a00f8000000000000005a00f8000000000000005a00f8000000000000004a00f8000000000000005a00f8000000000000004a00f800000000000000
02:10:49.251 [DEBUG] [serial] Sin header 0xAA, descartando 128 bytes: f8000000000000004a00f80000000000
02:10:49.261 [DEBUG] [serial] RX 128 bytes: 5a00f8000000000000005a00f8000000000000005a00f8000000000000005a00f8000000000000005a00f8000000000000005a00f8000000000000004a00f8000000000000004a00f8000000000000004a00f8000000000000005a00f8000000000000005a00f8000000000000004a00f8000000000000005a00f80000000000
02:10:49.261 [DEBUG] [serial] Sin header 0xAA, descartando 128 bytes: 5a00f8000000000000005a00f8000000
02:10:49.270 [DEBUG] [serial] RX 128 bytes: 00004a00f8000000000000005a00f8000000000000005a00f8000000000000004a00f8000000000000004a00f8000000000000005a00f8000000000000005a00f8000000000000005a00f8000000000000004a00f8000000000000004a00f8000000000000005a00f8000000000000005a00f8000000000000005a00f8000000
02:10:49.270 [DEBUG] [serial] Sin header 0xAA, descartando 128 bytes: 00004a00f8000000000000005a00f800
02:10:49.280 [DEBUG] [serial] RX 128 bytes: 000000004a00f8000000000000004a00f8000000000000005a00f8000000000000005a00f8000000000000005a00f8000000000000004a00f8000000000000005a00f8000000000000005a00f8000000000000005a00f8000000000000004a00f8000000000000005a00f8000000000000005a00f8000000000000005a00f800
02:10:49.280 [DEBUG] [serial] Sin header 0xAA, descartando 128 bytes: 000000004a00f8000000000000004a00
02:10:49.290 [DEBUG] [serial] RX 128 bytes: 0000000000005a00f8000000000000005a00f8000000000000005a00f8000000000000004a00f8000000000000005a00f8000000000000004a00f8000000000000005a00f8000000000000005a00f8000000000000005a00f8000000000000004a00f8000000000000005a00f8000000000000005a00f8000000000000005a00
02:10:49.290 [DEBUG] [serial] Sin header 0xAA, descartando 128 bytes: 0000000000005a00f800000000000000
02:10:49.299 [DEBUG] [serial] RX 128 bytes: f8000000000000004a00f8000000000000004a00f8000000000000005a00f8000000000000005a00f8000000000000004a00f8000000000000004a00f8000000000000005a00f8000000000000005a00f8000000000000005a00f8000000000000005a00f8000000000000005a00f8000000000000004a00f800000000000000
02:10:49.299 [DEBUG] [serial] Sin header 0xAA, descartando 128 bytes: f8000000000000004a00f80000000000
02:10:49.309 [DEBUG] [serial] RX 128 bytes: 4a00f8000000000000005a00f8000000000000005a00f8000000000000004a00f8000000000000004a00f8000000000000004a00f8000000000000005a00f8000000000000005a00f8000000000000005a00f8000000000000005a00f8000000000000005a00f8000000000000005a00f8000000000000005a00f80000000000
02:10:49.309 [DEBUG] [serial] Sin header 0xAA, descartando 128 bytes: 4a00f8000000000000005a00f8000000
02:10:49.318 [DEBUG] [serial] RX 128 bytes: 00004a00f8000000000000005a00f8000000000000004a00f8000000000000004a00f8000000000000005a00f8000000000000005a00f8000000000000004a00f8000000000000005a00f8000000000000004a00f8000000000000005a00f8000000000000004a00f8000000000000005a00f8000000000000005a00f8000000
02:10:49.318 [DEBUG] [serial] Sin header 0xAA, descartando 128 bytes: 00004a00f8000000000000005a00f800
02:10:49.328 [DEBUG] [serial] RX 128 bytes: 000000005a00f8000000000000005a00f8000000000000004a00f8000000000000005a00f8000000000000004a00f8000000000000005a00f8000000000000004a00f8000000000000005a00f8000000000000005a00f8000000000000004a00f8000000000000004a00f8000000000000005a00f8000000000000005a00f800
02:10:49.328 [DEBUG] [serial] Sin header 0xAA, descartando 128 bytes: 000000005a00f8000000000000005a00
02:10:49.337 [DEBUG] [serial] RX 128 bytes: 0000000000004a00f8000000000000005a00f8000000000000005a00f8000000000000004a00f8000000000000005a00f8000000000000005a00f8000000000000004a00f8000000000000004a00f8000000000000004a00f8000000000000005a00f8000000000000004a00f8000000000000004a00f8000000000000004a00
02:10:49.338 [DEBUG] [serial] Sin header 0xAA, descartando 128 bytes: 0000000000004a00f800000000000000
02:10:49.347 [DEBUG] [serial] RX 128 bytes: f8000000000000005a00f8000000000000005a00f8000000000000005a00f8000000000000005a00f8000000000000004a00f8000000000000004a00f8000000000000005a00f8000000000000005a00f8000000000000004a00f8000000000000005a00f8000000000000004a00f8000000000000005a00f800000000000000
02:10:49.347 [DEBUG] [serial] Sin header 0xAA, descartando 128 bytes: f8000000000000005a00f80000000000
02:10:49.356 [DEBUG] [serial] RX 128 bytes: 4a00f8000000000000004a00f8000000000000005a00f8000000000000005a00f8000000000000005a00f8000000000000005a00f8000000000000005a00f8000000000000005a00f8000000000000004a00f8000000000000004a00f8000000000000005a00f8000000000000005a00f8000000000000005a00f80000000000
02:10:49.357 [DEBUG] [serial] Sin header 0xAA, descartando 128 bytes: 4a00f8000000000000004a00f8000000
02:10:49.366 [DEBUG] [serial] RX 128 bytes: 00004a00f8000000000000004a00f8000000000000005a00f8000000000000005a00f8000000000000004a00f8000000000000004a00f8000000000000004a00f8000000000000005a00f8000000000000005a00f8000000000000005a00f8000000000000004a00f8000000000000004a00f8000000000000004a00f8000000
02:10:49.366 [DEBUG] [serial] Sin header 0xAA, descartando 128 bytes: 00004a00f8000000000000004a00f800
02:10:49.376 [DEBUG] [serial] RX 128 bytes: 000000005a00f8000000000000005a00f8000000000000004a00f8000000000000004a00f8000000000000005a00f8000000000000005a00f8000000000000005a00f8000000000000004a00f8000000000000004a00f8000000000000005a00f8000000000000005a00f8000000000000005a00f8000000000000004a00f800
02:10:49.376 [DEBUG] [serial] Sin header 0xAA, descartando 128 bytes: 000000005a00f8000000000000005a00
02:10:49.385 [DEBUG] [serial] RX 128 bytes: 0000000000005a00f8000000000000005a00f8000000000000005a00f8000000000000005a00f8000000000000005a00f8000000000000004a00f8000000000000005a00f8000000000000005a00f8000000000000005a00f8000000000000004a00f8000000000000005a00f8000000000000005a00f8000000000000005a00
02:10:49.386 [DEBUG] [serial] Sin header 0xAA, descartando 128 bytes: 0000000000005a00f800000000000000
02:10:49.395 [DEBUG] [serial] RX 128 bytes: f8000000000000004a00f8000000000000005a00f8000000000000005a00f8000000000000005a00f8000000000000005a00f8000000000000004a00f8000000000000004a00f8000000000000005a00f8000000000000005a00f8000000000000005a00f8000000000000005a00f8000000000000005a00f800000000000000
02:10:49.395 [DEBUG] [serial] Sin header 0xAA, descartando 128 bytes: f8000000000000004a00f80000000000
02:10:49.404 [DEBUG] [serial] RX 128 bytes: 4a00f8000000000000005a00f8000000000000005a00f8000000000000005a00f8000000000000004a00f8000000000000005a00f8000000000000004a00f8000000000000004a00f8000000000000004a00f8000000000000004a00f8000000000000005a00f8000000000000005a00f8000000000000005a00f80000000000
02:10:49.405 [DEBUG] [serial] Sin header 0xAA, descartando 128 bytes: 4a00f8000000000000005a00f8000000
02:10:49.414 [DEBUG] [serial] RX 128 bytes: 00005a00f8000000000000004a00f8000000000000005a00f8000000000000005a00f8000000000000004a00f8000000000000004a00f8000000000000005a00f8000000000000005a00f8000000000000005a00f8000000000000004a00f8000000000000004a00f8000000000000005a00f8000000000000005a00f8000000
02:10:49.414 [DEBUG] [serial] Sin header 0xAA, descartando 128 bytes: 00005a00f8000000000000004a00f800
02:10:49.424 [DEBUG] [serial] RX 128 bytes: 000000004a00f8000000000000005a00f8000000000000005a00f8000000000000004a00f8000000000000005a00f8000000000000005a00f8000000000000004a00f8000000000000005a00f8000000000000005a00f8000000000000004a00f8000000000000004a00f8000000000000005a00f8000000000000005a00f800
02:10:49.424 [DEBUG] [serial] Sin header 0xAA, descartando 128 bytes: 000000004a00f8000000000000005a00
02:10:49.434 [DEBUG] [serial] RX 128 bytes: 0000000000005a00f8000000000000005a00f8000000000000005a00f8000000000000005a00f8000000000000005a00f8000000000000005a00f8000000000000005a00f8000000000000005a00f8000000000000004a00f8000000000000004a00f8000000000000005a00f8000000000000005a00f8000000000000005a00
02:10:49.434 [DEBUG] [serial] Sin header 0xAA, descartando 128 bytes: 0000000000005a00f800000000000000
02:10:49.443 [DEBUG] [serial] RX 128 bytes: f8000000000000004a00f8000000000000004a00f8000000000000004a00f8000000000000005a00f8000000000000004a00f8000000000000004a00f8000000000000004a00f8000000000000004a00f8000000000000004a00f8000000000000004a00f8000000000000005a00f8000000000000005a00f800000000000000
02:10:49.443 [DEBUG] [serial] Sin header 0xAA, descartando 128 bytes: f8000000000000004a00f80000000000
02:10:49.452 [DEBUG] [serial] RX 128 bytes: 5a00f8000000000000005a00f8000000000000005a00f8000000000000004a00f8000000000000004a00f8000000000000004a00f8000000000000004a00f8000000000000005a00f8000000000000005a00f8000000000000005a00f8000000000000004a00f8000000000000004a00f8000000000000005a00f80000000000
02:10:49.453 [DEBUG] [serial] Sin header 0xAA, descartando 128 bytes: 5a00f8000000000000005a00f8000000
02:10:49.462 [DEBUG] [serial] RX 128 bytes: 00004a00f8000000000000004a00f8000000000000005a00f8000000000000004a00f8000000000000005a00f8000000000000005a00f8000000000000005a00f8000000000000005a00f8000000000000004a00f8000000000000004a00f8000000000000005a00f8000000000000005a00f8000000000000005a00f8000000
02:10:49.462 [DEBUG] [serial] Sin header 0xAA, descartando 128 bytes: 00004a00f8000000000000004a00f800
02:10:49.472 [DEBUG] [serial] RX 128 bytes: 000000005a00f8000000000000005a00f8000000000000004a00f8000000000000004a00f8000000000000004a00f8000000000000005a00f8000000000000005a00f8000000000000005a00f8000000000000005a00f8000000000000005a00f8000000000000005a00f8000000000000005a00f8000000000000004a00f800
02:10:49.472 [DEBUG] [serial] Sin header 0xAA, descartando 128 bytes: 000000005a00f8000000000000005a00
02:10:49.481 [DEBUG] [serial] RX 128 bytes: 0000000000005a00f8000000000000005a00f8000000000000005a00f8000000000000005a00f8000000000000005a00f8000000000000005a00f8000000000000005a00f8000000000000005a00f8000000000000004a00f8000000000000004a00f8000000000000004a00f8000000000000005a00f8000000000000005a00
02:10:49.482 [DEBUG] [serial] Sin header 0xAA, descartando 128 bytes: 0000000000005a00f800000000000000
02:10:49.491 [DEBUG] [serial] RX 128 bytes: f8000000000000005a00f8000000000000004a00f8000000000000004a00f8000000000000004a00f8000000000000005a00f8000000000000005a00f8000000000000005a00f8000000000000005a00f8000000000000005a00f8000000000000005a00f8000000000000005a00f8000000000000005a00f800000000000000
02:10:49.491 [DEBUG] [serial] Sin header 0xAA, descartando 128 bytes: f8000000000000005a00f80000000000
02:10:49.501 [DEBUG] [serial] RX 128 bytes: 4a00f8000000000000004a00f8000000000000005a00f8000000000000005a00f8000000000000005a00f8000000000000004a00f8000000000000004a00f8000000000000005a00f8000000000000005a00f8000000000000004a00f8000000000000005a00f8000000000000004a00f8000000000000005a00f80000000000
02:10:49.501 [DEBUG] [serial] Sin header 0xAA, descartando 128 bytes: 4a00f8000000000000004a00f8000000
02:10:49.510 [DEBUG] [serial] RX 128 bytes: 00005a00f8000000000000005a00f8000000000000004a00f8000000000000005a00f8000000000000005a00f8000000000000004a00f8000000000000004a00f8000000000000005a00f8000000000000005a00f8000000000000004a00f8000000000000004a00f8000000000000005a00f8000000000000005a00f8000000
02:10:49.510 [DEBUG] [serial] Sin header 0xAA, descartando 128 bytes: 00005a00f8000000000000005a00f800
02:10:49.520 [DEBUG] [serial] RX 128 bytes: 000000005a00f8000000000000004a00f8000000000000005a00f8000000000000004a00f8000000000000004a00f8000000000000005a00f8000000000000005a00f8000000000000004a00f8000000000000005a00f8000000000000005a00f8000000000000005a00f8000000000000005a00f8000000000000004a00f800
02:10:49.520 [DEBUG] [serial] Sin header 0xAA, descartando 128 bytes: 000000005a00f8000000000000004a00
02:10:49.529 [DEBUG] [serial] RX 128 bytes: 0000000000005a00f8000000000000005a00f8000000000000004a00f8000000000000004a00f8000000000000005a00f8000000000000004a00f8000000000000005a00f8000000000000005a00f8000000000000004a00f8000000000000005a00f8000000000000004a00f8000000000000005a00f8000000000000004a00
02:10:49.529 [DEBUG] [serial] Sin header 0xAA, descartando 128 bytes: 0000000000005a00f800000000000000
02:10:49.539 [DEBUG] [serial] RX 128 bytes: f8000000000000005a00f8000000000000005a00f8000000000000004a00f8000000000000005a00f8000000000000004a00f8000000000000005a00f8000000000000004a00f8000000000000005a00f8000000000000005a00f8000000000000005a00f8000000000000005a00f8000000000000005a00f800000000000000
02:10:49.539 [DEBUG] [serial] Sin header 0xAA, descartando 128 bytes: f8000000000000005a00f80000000000
02:10:49.548 [DEBUG] [serial] RX 128 bytes: 5a00f8000000000000004a00f8000000000000005a00f8000000000000004a00f8000000000000005a00f8000000000000005a00f8000000000000004a00f8000000000000005a00f8000000000000005a00f8000000000000005a00f8000000000000004a00f8000000000000005a00f8000000000000004a00f80000000000
02:10:49.548 [DEBUG] [serial] Sin header 0xAA, descartando 128 bytes: 5a00f8000000000000004a00f8000000
02:10:49.559 [DEBUG] [serial] RX 128 bytes: 00005a00f8000000000000005a00f8000000000000005a00f8000000000000005a00f8000000000000005a00f8000000000000004a00f8000000000000005a00f8000000000000005a00f8000000000000004a00f8000000000000005a00f8000000000000005a00f8000000000000004a00f8000000000000005a00f8000000
02:10:49.559 [DEBUG] [serial] Sin header 0xAA, descartando 128 bytes: 00005a00f8000000000000005a00f800
02:10:49.568 [DEBUG] [serial] RX 128 bytes: 000000005a00f8000000000000004a00f8000000000000005a00f8000000000000005a00f8000000000000004a00f8000000000000005a00f8000000000000004a00f8000000000000005a00f8000000000000005a00f8000000000000005a00f8000000000000005a00f8000000000000005a00f8000000000000005a00f800
02:10:49.568 [DEBUG] [serial] Sin header 0xAA, descartando 128 bytes: 000000005a00f8000000000000004a00
02:10:49.577 [DEBUG] [serial] RX 128 bytes: 0000000000004a00f8000000000000005a00f8000000000000005a00f8000000000000004a00f8000000000000005a00f8000000000000005a00f8000000000000004a00f8000000000000004a00f8000000000000005a00f8000000000000005a00f8000000000000005a00f8000000000000004a00f8000000000000005a00
02:10:49.577 [DEBUG] [serial] Sin header 0xAA, descartando 128 bytes: 0000000000004a00f800000000000000
02:10:49.587 [DEBUG] [serial] RX 128 bytes: f8000000000000004a00f8000000000000005a00f8000000000000005a00f8000000000000004a00f8000000000000005a00f8000000000000005a00f8000000000000005a00f8000000000000004a00f8000000000000005a00f8000000000000005a00f8000000000000004a00f8000000000000005a00f800000000000000
02:10:49.587 [DEBUG] [serial] Sin header 0xAA, descartando 128 bytes: f8000000000000004a00f80000000000
02:10:49.596 [DEBUG] [serial] RX 128 bytes: 4a00f8000000000000004a00f8000000000000005a00f8000000000000005a00f8000000000000004a00f8000000000000005a00f8000000000000005a00f8000000000000004a00f8000000000000005a00f8000000000000005a00f8000000000000005a00f8000000000000005a00f8000000000000005a00f80000000000
02:10:49.596 [DEBUG] [serial] Sin header 0xAA, descartando 128 bytes: 4a00f8000000000000004a00f8000000
02:10:49.606 [DEBUG] [serial] RX 128 bytes: 00005a00f8000000000000005a00f8000000000000005a00f8000000000000005a00f8000000000000005a00f8000000000000005a00f8000000000000005a00f8000000000000004a00f8000000000000005a00f8000000000000005a00f8000000000000005a00f8000000000000004a00f8000000000000005a00f8000000
02:10:49.606 [DEBUG] [serial] Sin header 0xAA, descartando 128 bytes: 00005a00f8000000000000005a00f800
02:10:49.616 [DEBUG] [serial] RX 128 bytes: 000000005a00f8000000000000004a00f8000000000000005a00f8000000000000004a00f8000000000000005a00f8000000000000005a00f8000000000000005a00f8000000000000004a00f8000000000000005a00f8000000000000004a00f8000000000000005a00f8000000000000005a00f8000000000000005a00f800
02:10:49.616 [DEBUG] [serial] Sin header 0xAA, descartando 128 bytes: 000000005a00f8000000000000004a00
02:10:49.625 [DEBUG] [serial] RX 128 bytes: 0000000000005a00f8000000000000004a00f8000000000000005a00f8000000000000005a00f8000000000000005a00f8000000000000005a00f8000000000000005a00f8000000000000005a00f8000000000000005a00f8000000000000005a00f8000000000000005a00f8000000000000004a00f8000000000000004a00
02:10:49.625 [DEBUG] [serial] Sin header 0xAA, descartando 128 bytes: 0000000000005a00f800000000000000
02:10:49.635 [DEBUG] [serial] RX 128 bytes: f8000000000000004a00f8000000000000004a00f8000000000000004a00f8000000000000004a00f8000000000000005a00f8000000000000005a00f8000000000000004a00f8000000000000005a00f8000000000000005a00f8000000000000005a00f8000000000000005a00f8000000000000004a00f800000000000000
02:10:49.635 [DEBUG] [serial] Sin header 0xAA, descartando 128 bytes: f8000000000000004a00f80000000000
02:10:49.644 [DEBUG] [serial] RX 128 bytes: 5a00f8000000000000005a00f8000000000000005a00f8000000000000005a00f8000000000000005a00f8000000000000005a00f8000000000000004a00f8000000000000005a00f8000000000000005a00f8000000000000004a00f8000000000000005a00f8000000000000005a00f8000000000000004a00f80000000000
02:10:49.644 [DEBUG] [serial] Sin header 0xAA, descartando 128 bytes: 5a00f8000000000000005a00f8000000
02:10:49.654 [DEBUG] [serial] RX 128 bytes: 00005a00f8000000000000005a00f8000000000000005a00f8000000000000005a00f8000000000000004a00f8000000000000005a00f8000000000000005a00f8000000000000005a00f8000000000000004a00f8000000000000004a00f8000000000000005a00f8000000000000005a00f8000000000000005a00f8000000
02:10:49.655 [DEBUG] [serial] Sin header 0xAA, descartando 128 bytes: 00005a00f8000000000000005a00f800
02:10:49.663 [DEBUG] [serial] RX 128 bytes: 000000005a00f8000000000000004a00f8000000000000005a00f8000000000000005a00f8000000000000005a00f8000000000000005a00f8000000000000005a00f8000000000000004a00f8000000000000004a00f8000000000000004a00f8000000000000005a00f8000000000000005a00f8000000000000005a00f800
02:10:49.664 [DEBUG] [serial] Sin header 0xAA, descartando 128 bytes: 000000005a00f8000000000000004a00
02:10:49.673 [DEBUG] [serial] RX 128 bytes: 0000000000005a00f8000000000000005a00f8000000000000004a00f8000000000000005a00f8000000000000004a00f8000000000000005a00f8000000000000004a00f8000000000000005a00f8000000000000004a00f8000000000000005a00f8000000000000005a00f8000000000000005a00f8000000000000005a00
02:10:49.673 [DEBUG] [serial] Sin header 0xAA, descartando 128 bytes: 0000000000005a00f800000000000000
02:10:49.682 [DEBUG] [serial] RX 128 bytes: f8000000000000004a00f8000000000000005a00f8000000000000005a00f8000000000000005a00f8000000000000004a00f8000000000000005a00f8000000000000005a00f8000000000000004a00f8000000000000005a00f8000000000000005a00f8000000000000004a00f8000000000000005a00f800000000000000
02:10:49.683 [DEBUG] [serial] Sin header 0xAA, descartando 128 bytes: f8000000000000004a00f80000000000
02:10:49.692 [DEBUG] [serial] RX 128 bytes: 5a00f8000000000000004a00f8000000000000005a00f8000000000000005a00f8000000000000004a00f8000000000000004a00f8000000000000005a00f8000000000000004a00f8000000000000005a00f8000000000000005a00f8000000000000005a00f8000000000000004a00f8000000000000004a00f80000000000
02:10:49.692 [DEBUG] [serial] Sin header 0xAA, descartando 128 bytes: 5a00f8000000000000004a00f8000000
02:10:49.702 [DEBUG] [serial] RX 128 bytes: 00005a00f8000000000000005a00f8000000000000005a00f8000000000000005a00f8000000000000004a00f8000000000000005a00f8000000000000005a00f8000000000000005a00f8000000000000005a00f8000000000000004a00f8000000000000005a00f8000000000000005a00f8000000000000005a00f8000000
02:10:49.702 [DEBUG] [serial] Sin header 0xAA, descartando 128 bytes: 00005a00f8000000000000005a00f800
02:10:49.711 [DEBUG] [serial] RX 128 bytes: 000000005a00f8000000000000004a00f8000000000000004a00f8000000000000005a00f8000000000000005a00f8000000000000005a00f8000000000000005a00f8000000000000004a00f8000000000000005a00f8000000000000005a00f8000000000000004a00f8000000000000005a00f8000000000000004a00f800
02:10:49.712 [DEBUG] [serial] Sin header 0xAA, descartando 128 bytes: 000000005a00f8000000000000004a00
02:10:49.721 [DEBUG] [serial] RX 128 bytes: 0000000000005a00f8000000000000005a00f8000000000000004a00f8000000000000005a00f8000000000000005a00f8000000000000005a00f8000000000000005a00f8000000000000004a00f8000000000000005a00f8000000000000004a00f8000000000000004a00f8000000000000005a00f8000000000000004a00
02:10:49.721 [DEBUG] [serial] Sin header 0xAA, descartando 128 bytes: 0000000000005a00f800000000000000
02:10:49.730 [DEBUG] [serial] RX 128 bytes: f8000000000000005a00f8000000000000005a00f8000000000000004a00f8000000000000005a00f8000000000000005a00f8000000000000004a00f8000000000000005a00f8000000000000005a00f8000000000000005a00f8000000000000004a00f8000000000000005a00f8000000000000005a00f800000000000000
02:10:49.731 [DEBUG] [serial] Sin header 0xAA, descartando 128 bytes: f8000000000000005a00f80000000000
02:10:49.740 [DEBUG] [serial] RX 128 bytes: 5a00f8000000000000004a00f8000000000000005a00f8000000000000005a00f8000000000000004a00f8000000000000005a00f8000000000000005a00f8000000000000004a00f8000000000000005a00f8000000000000004a00f8000000000000005a00f8000000000000005a00f8000000000000005a00f80000000000
02:10:49.740 [DEBUG] [serial] Sin header 0xAA, descartando 128 bytes: 5a00f8000000000000004a00f8000000
02:10:49.750 [DEBUG] [serial] RX 128 bytes: 00005a00f8000000000000005a00f8000000000000004a00f8000000000000004a00f8000000000000005a00f8000000000000005a00f8000000000000004a00f8000000000000005a00f8000000000000004a00f8000000000000004a00f8000000000000005a00f8000000000000005a00f8000000000000004a00f8000000
02:10:49.750 [DEBUG] [serial] Sin header 0xAA, descartando 128 bytes: 00005a00f8000000000000005a00f800
02:10:49.760 [DEBUG] [serial] RX 128 bytes: 000000005a00f8000000000000005a00f8000000000000004a00f8000000000000005a00f8000000000000005a00f8000000000000005a00f8000000000000004a00f8000000000000005a00f8000000000000004a00f8000000000000005a00f8000000000000004a00f8000000000000005a00f8000000000000004a00f800
02:10:49.760 [DEBUG] [serial] Sin header 0xAA, descartando 128 bytes: 000000005a00f8000000000000005a00
02:10:49.769 [DEBUG] [serial] RX 128 bytes: 0000000000005a00f8000000000000005a00f8000000000000004a00f8000000000000005a00f8000000000000004a00f8000000000000005a00f8000000000000004a00f8000000000000005a00f8000000000000005a00f8000000000000004a00f8000000000000005a00f8000000000000004a00f8000000000000005a00
02:10:49.769 [DEBUG] [serial] Sin header 0xAA, descartando 128 bytes: 0000000000005a00f800000000000000
02:10:49.778 [DEBUG] [serial] RX 128 bytes: f8000000000000004a00f8000000000000005a00f8000000000000005a00f8000000000000004a00f8000000000000005a00f8000000000000004a00f8000000000000005a00f8000000000000004a00f8000000000000005a00f8000000000000004a00f8000000000000005a00f8000000000000005a00f800000000000000
02:10:49.779 [DEBUG] [serial] Sin header 0xAA, descartando 128 bytes: f8000000000000004a00f80000000000
02:10:49.788 [DEBUG] [serial] RX 128 bytes: 5a00f8000000000000005a00f8000000000000004a00f8000000000000004a00f8000000000000005a00f8000000000000005a00f8000000000000005a00f8000000000000004a00f8000000000000005a00f8000000000000005a00f8000000000000004a00f8000000000000005a00f8000000000000004a00f80000000000
02:10:49.788 [DEBUG] [serial] Sin header 0xAA, descartando 128 bytes: 5a00f8000000000000005a00f8000000
02:10:49.798 [DEBUG] [serial] RX 128 bytes: 00005a00f8000000000000005a00f8000000000000005a00f8000000000000004a00f8000000000000005a00f8000000000000005a00f8000000000000004a00f8000000000000004a00f8000000000000004a00f8000000000000004a00f8000000000000005a00f8000000000000005a00f8000000000000005a00f8000000
02:10:49.798 [DEBUG] [serial] Sin header 0xAA, descartando 128 bytes: 00005a00f8000000000000005a00f800
02:10:49.807 [DEBUG] [serial] RX 128 bytes: 000000004a00f8000000000000005a00f8000000000000005a00f8000000000000005a00f8000000000000005a00f8000000000000005a00f8000000000000005a00f8000000000000004a00f8000000000000004a00f8000000000000004a00f8000000000000004a00f8000000000000005a00f8000000000000004a00f800
02:10:49.808 [DEBUG] [serial] Sin header 0xAA, descartando 128 bytes: 000000004a00f8000000000000005a00
02:10:49.817 [DEBUG] [serial] RX 128 bytes: 0000000000004a00f8000000000000004a00f8000000000000005a00f8000000000000005a00f8000000000000004a00f8000000000000005a00f8000000000000004a00f8000000000000004a00f8000000000000005a00f8000000000000005a00f8000000000000005a00f8000000000000005a00f8000000000000005a00
02:10:49.817 [DEBUG] [serial] Sin header 0xAA, descartando 128 bytes: 0000000000004a00f800000000000000
02:10:49.826 [DEBUG] [serial] RX 128 bytes: f8000000000000005a00f8000000000000005a00f8000000000000005a00f8000000000000004a00f8000000000000005a00f8000000000000005a00f8000000000000005a00f8000000000000004a00f8000000000000004a00f8000000000000004a00f8000000000000005a00f8000000000000004a00f800000000000000
02:10:49.827 [DEBUG] [serial] Sin header 0xAA, descartando 128 bytes: f8000000000000005a00f80000000000
02:10:49.836 [DEBUG] [serial] RX 128 bytes: 5a00f8000000000000005a00f8000000000000005a00f8000000000000004a00f8000000000000005a00f8000000000000004a00f8000000000000004a00f8000000000000004a00f8000000000000005a00f8000000000000005a00f8000000000000005a00f8000000000000005a00f8000000000000004a00f80000000000
02:10:49.836 [DEBUG] [serial] Sin header 0xAA, descartando 128 bytes: 5a00f8000000000000005a00f8000000
02:10:49.846 [DEBUG] [serial] RX 128 bytes: 00004a00f8000000000000005a00f8000000000000005a00f8000000000000004a00f8000000000000005a00f8000000000000005a00f8000000000000005a00f8000000000000004a00f8000000000000004a00f8000000000000004a00f8000000000000005a00f8000000000000005a00f8000000000000005a00f8000000
02:10:49.846 [DEBUG] [serial] Sin header 0xAA, descartando 128 bytes: 00004a00f8000000000000005a00f800
02:10:49.855 [DEBUG] [serial] RX 128 bytes: 000000005a00f8000000000000005a00f8000000000000004a00f8000000000000004a00f8000000000000005a00f8000000000000005a00f8000000000000005a00f8000000000000005a00f8000000000000004a00f8000000000000005a00f8000000000000005a00f8000000000000005a00f8000000000000005a00f800
02:10:49.856 [DEBUG] [serial] Sin header 0xAA, descartando 128 bytes: 000000005a00f8000000000000005a00
02:10:49.865 [DEBUG] [serial] RX 128 bytes: 0000000000005a00f8000000000000005a00f8000000000000004a00f8000000000000004a00f8000000000000004a00f8000000000000004a00f8000000000000004a00f8000000000000005a00f8000000000000004a00f8000000000000004a00f8000000000000004a00f8000000000000004a00f8000000000000005a00
02:10:49.865 [DEBUG] [serial] Sin header 0xAA, descartando 128 bytes: 0000000000005a00f800000000000000
02:10:49.874 [DEBUG] [serial] RX 128 bytes: f8000000000000005a00f8000000000000005a00f8000000000000005a00f8000000000000005a00f8000000000000004a00f8000000000000005a00f8000000000000005a00f8000000000000005a00f8000000000000005a00f8000000000000005a00f8000000000000004a00f8000000000000005a00f800000000000000
02:10:49.875 [DEBUG] [serial] Sin header 0xAA, descartando 128 bytes: f8000000000000005a00f80000000000
02:10:49.884 [DEBUG] [serial] RX 128 bytes: 4a00f8000000000000005a00f8000000000000005a00f8000000000000004a00f8000000000000005a00f8000000000000004a00f8000000000000005a00f8000000000000004a00f8000000000000005a00f8000000000000005a00f8000000000000004a00f8000000000000005a00f8000000000000004a00f80000000000
02:10:49.884 [DEBUG] [serial] Sin header 0xAA, descartando 128 bytes: 4a00f8000000000000005a00f8000000
02:10:49.894 [DEBUG] [serial] RX 128 bytes: 00005a00f8000000000000005a00f8000000000000004a00f8000000000000005a00f8000000000000004a00f8000000000000005a00f8000000000000004a00f8000000000000005a00f8000000000000004a00f8000000000000005a00f8000000000000004a00f8000000000000005a00f8000000000000005a00f8000000
02:10:49.894 [DEBUG] [serial] Sin header 0xAA, descartando 128 bytes: 00005a00f8000000000000005a00f800
02:10:49.903 [DEBUG] [serial] RX 128 bytes: 000000004a00f8000000000000005a00f8000000000000005a00f8000000000000005a00f8000000000000004a00f8000000000000005a00f8000000000000004a00f8000000000000005a00f8000000000000005a00f8000000000000004a00f8000000000000005a00f8000000000000004a00f8000000000000005a00f800
02:10:49.904 [DEBUG] [serial] Sin header 0xAA, descartando 128 bytes: 000000004a00f8000000000000005a00
02:10:49.913 [DEBUG] [serial] RX 128 bytes: 0000000000005a00f8000000000000005a00f8000000000000004a00f8000000000000005a00f8000000000000005a00f8000000000000004a00f8000000000000005a00f8000000000000005a00f8000000000000004a00f8000000000000005a00f8000000000000005a00f8000000000000004a00f8000000000000004a00
02:10:49.913 [DEBUG] [serial] Sin header 0xAA, descartando 128 bytes: 0000000000005a00f800000000000000
02:10:49.922 [DEBUG] [serial] RX 128 bytes: f8000000000000005a00f8000000000000005a00f8000000000000004a00f8000000000000005a00f8000000000000005a00f8000000000000004a00f8000000000000005a00f8000000000000004a00f8000000000000005a00f8000000000000005a00f8000000000000004a00f8000000000000005a00f800000000000000
02:10:49.923 [DEBUG] [serial] Sin header 0xAA, descartando 128 bytes: f8000000000000005a00f80000000000
02:10:49.932 [DEBUG] [serial] RX 128 bytes: 5a00f8000000000000005a00f8000000000000005a00f8000000000000005a00f8000000000000005a00f8000000000000004a00f8000000000000005a00f8000000000000004a00f8000000000000005a00f8000000000000005a00f8000000000000004a00f8000000000000004a00f8000000000000005a00f80000000000
02:10:49.932 [DEBUG] [serial] Sin header 0xAA, descartando 128 bytes: 5a00f8000000000000005a00f8000000
02:10:49.942 [DEBUG] [serial] RX 128 bytes: 00004a00f8000000000000004a00f8000000000000005a00f8000000000000005a00f8000000000000004a00f8000000000000005a00f8000000000000004a00f8000000000000005a00f8000000000000004a00f8000000000000005a00f8000000000000004a00f8000000000000005a00f8000000000000004a00f8000000
02:10:49.942 [DEBUG] [serial] Sin header 0xAA, descartando 128 bytes: 00004a00f8000000000000004a00f800
02:10:49.951 [DEBUG] [serial] RX 128 bytes: 000000005a00f8000000000000005a00f8000000000000004a00f8000000000000004a00f8000000000000005a00f8000000000000005a00f8000000000000005a00f8000000000000004a00f8000000000000005a00f8000000000000004a00f8000000000000005a00f8000000000000005a00f8000000000000004a00f800
02:10:49.951 [DEBUG] [serial] Sin header 0xAA, descartando 128 bytes: 000000005a00f8000000000000005a00
02:10:49.961 [DEBUG] [serial] RX 128 bytes: 0000000000005a00f8000000000000004a00f8000000000000005a00f8000000000000004a00f8000000000000004a00f8000000000000005a00f8000000000000004a00f8000000000000005a00f8000000000000004a00f8000000000000005a00f8000000000000004a00f8000000000000005a00f8000000000000005a00
02:10:49.961 [DEBUG] [serial] Sin header 0xAA, descartando 128 bytes: 0000000000005a00f800000000000000
02:10:49.970 [DEBUG] [serial] RX 128 bytes: f8000000000000004a00f8000000000000005a00f8000000000000004a00f8000000000000005a00f8000000000000005a00f8000000000000005a00f8000000000000004a00f8000000000000004a00f8000000000000005a00f8000000000000005a00f8000000000000004a00f8000000000000005a00f800000000000000
02:10:49.971 [DEBUG] [serial] Sin header 0xAA, descartando 128 bytes: f8000000000000004a00f80000000000
02:10:49.980 [DEBUG] [serial] RX 128 bytes: 5a00f8000000000000004a00f8000000000000005a00f8000000000000005a00f8000000000000005a00f8000000000000005a00f8000000000000005a00f8000000000000004a00f8000000000000005a00f8000000000000005a00f8000000000000004a00f8000000000000005a00f8000000000000005a00f80000000000
02:10:49.980 [DEBUG] [serial] Sin header 0xAA, descartando 128 bytes: 5a00f8000000000000004a00f8000000
02:10:49.990 [DEBUG] [serial] RX 128 bytes: 00005a00f8000000000000005a00f8000000000000004a00f8000000000000005a00f8000000000000005a00f8000000000000005a00f8000000000000005a00f8000000000000005a00f8000000000000005a00f8000000000000004a00f8000000000000004a00f8000000000000005a00f8000000000000005a00f8000000
02:10:49.990 [DEBUG] [serial] Sin header 0xAA, descartando 128 bytes: 00005a00f8000000000000005a00f800
02:10:49.999 [DEBUG] [serial] RX 128 bytes: 000000004a00f8000000000000005a00f8000000000000005a00f8000000000000005a00f8000000000000004a00f8000000000000004a00f8000000000000005a00f8000000000000005a00f8000000000000004a00f8000000000000004a00f8000000000000004a00f8000000000000005a00f8000000000000005a00f800
02:10:50.000 [DEBUG] [serial] Sin header 0xAA, descartando 128 bytes: 000000004a00f8000000000000005a00
02:10:50.009 [DEBUG] [serial] RX 128 bytes: 0000000000005a00f8000000000000005a00f8000000000000004a00f8000000000000004a00f8000000000000005a00f8000000000000005a00f8000000000000005a00f8000000000000004a00f8000000000000004a00f8000000000000004a00f8000000000000004a00f8000000000000005a00f8000000000000005a00
02:10:50.009 [DEBUG] [serial] Sin header 0xAA, descartando 128 bytes: 0000000000005a00f800000000000000
02:10:50.018 [DEBUG] [serial] RX 128 bytes: f8000000000000005a00f8000000000000005a00f8000000000000005a00f8000000000000004a00f8000000000000005a00f8000000000000005a00f8000000000000005a00f8000000000000005a00f8000000000000004a00f8000000000000005a00f8000000000000005a00f8000000000000004a00f800000000000000
02:10:50.018 [DEBUG] [serial] Sin header 0xAA, descartando 128 bytes: f8000000000000005a00f80000000000
02:10:50.028 [DEBUG] [serial] RX 128 bytes: 5a00f8000000000000005a00f8000000000000005a00f8000000000000004a00f8000000000000005a00f8000000000000005a00f8000000000000005a00f8000000000000005a00f8000000000000004a00f8000000000000004a00f8000000000000005a00f8000000000000005a00f8000000000000004a00f80000000000
02:10:50.029 [DEBUG] [serial] Sin header 0xAA, descartando 128 bytes: 5a00f8000000000000005a00f8000000
02:10:50.037 [DEBUG] [serial] RX 128 bytes: 00005a00f8000000000000005a00f8000000000000004a00f8000000000000004a00f8000000000000005a00f8000000000000005a00f8000000000000004a00f8000000000000005a00f8000000000000005a00f8000000000000004a00f8000000000000005a00f8000000000000004a00f8000000000000005a00f8000000
02:10:50.038 [DEBUG] [serial] Sin header 0xAA, descartando 128 bytes: 00005a00f8000000000000005a00f800
02:10:50.047 [DEBUG] [serial] RX 128 bytes: 000000004a00f8000000000000004a00f8000000000000005a00f8000000000000005a00f8000000000000005a00f8000000000000005a00f8000000000000005a00f8000000000000004a00f8000000000000005a00f8000000000000005a00f8000000000000005a00f8000000000000005a00f8000000000000004a00f800
02:10:50.047 [DEBUG] [serial] Sin header 0xAA, descartando 128 bytes: 000000004a00f8000000000000004a00
02:10:50.057 [DEBUG] [serial] RX 128 bytes: 0000000000005a00f8000000000000004a00f8000000000000005a00f8000000000000005a00f8000000000000004a00f8000000000000005a00f8000000000000005a00f8000000000000004a00f8000000000000005a00f8000000000000005a00f8000000000000004a00f8000000000000005a00f8000000000000004a00
02:10:50.057 [DEBUG] [serial] Sin header 0xAA, descartando 128 bytes: 0000000000005a00f800000000000000
02:10:50.066 [DEBUG] [serial] RX 128 bytes: f8000000000000005a00f8000000000000004a00f8000000000000005a00f8000000000000005a00f8000000000000005a00f8000000000000004a00f8000000000000005a00f8000000000000005a00f8000000000000005a00f8000000000000004a00f8000000000000005a00f8000000000000004a00f800000000000000
02:10:50.066 [DEBUG] [serial] Sin header 0xAA, descartando 128 bytes: f8000000000000005a00f80000000000
02:10:50.076 [DEBUG] [serial] RX 128 bytes: 5a00f8000000000000005a00f8000000000000004a00f8000000000000004a00f8000000000000005a00f8000000000000004a00f8000000000000005a00f8000000000000005a00f8000000000000005a00f8000000000000005a00f8000000000000005a00f8000000000000005a00f8000000000000004a00f80000000000
02:10:50.076 [DEBUG] [serial] Sin header 0xAA, descartando 128 bytes: 5a00f8000000000000005a00f8000000
02:10:50.085 [DEBUG] [serial] RX 128 bytes: 00005a00f8000000000000005a00f8000000000000005a00f8000000000000005a00f8000000000000004a00f8000000000000005a00f8000000000000005a00f8000000000000004a00f8000000000000005a00f8000000000000005a00f8000000000000005a00f8000000000000005a00f8000000000000004a00f8000000
02:10:50.086 [DEBUG] [serial] Sin header 0xAA, descartando 128 bytes: 00005a00f8000000000000005a00f800
02:10:50.095 [DEBUG] [serial] RX 128 bytes: 000000005a00f8000000000000005a00f8000000000000005a00f8000000000000005a00f8000000000000004a00f8000000000000005a00f8000000000000004a00f8000000000000005a00f8000000000000004a00f8000000000000005a00f8000000000000004a00f8000000000000004a00f8000000000000005a00f800
02:10:50.095 [DEBUG] [serial] Sin header 0xAA, descartando 128 bytes: 000000005a00f8000000000000005a00
02:10:50.105 [DEBUG] [serial] RX 128 bytes: 0000000000005a00f8000000000000005a00f8000000000000005a00f8000000000000005a00f8000000000000005a00f8000000000000004a00f8000000000000005a00f8000000000000005a00f8000000000000005a00f8000000000000005a00f8000000000000005a00f8000000000000004a00f8000000000000005a00
02:10:50.105 [DEBUG] [serial] Sin header 0xAA, descartando 128 bytes: 0000000000005a00f800000000000000
02:10:50.114 [DEBUG] [serial] RX 128 bytes: f8000000000000004a00f8000000000000005a00f8000000000000005a00f8000000000000005a00f8000000000000004a00f8000000000000005a00f8000000000000004a00f8000000000000005a00f8000000000000004a00f8000000000000005a00f8000000000000005a00f8000000000000004a00f800000000000000
02:10:50.114 [DEBUG] [serial] Sin header 0xAA, descartando 128 bytes: f8000000000000004a00f80000000000
02:10:50.124 [DEBUG] [serial] RX 128 bytes: 5a00f8000000000000004a00f8000000000000005a00f8000000000000005a00f8000000000000004a00f8000000000000005a00f8000000000000005a00f8000000000000005a00f8000000000000004a00f8000000000000004a00f8000000000000005a00f8000000000000005a00f8000000000000004a00f80000000000
02:10:50.124 [DEBUG] [serial] Sin header 0xAA, descartando 128 bytes: 5a00f8000000000000004a00f8000000
02:10:50.133 [DEBUG] [serial] RX 128 bytes: 00005a00f8000000000000005a00f8000000000000004a00f8000000000000004a00f8000000000000005a00f8000000000000005a00f8000000000000005a00f8000000000000005a00f8000000000000004a00f8000000000000004a00f8000000000000005a00f8000000000000004a00f8000000000000005a00f8000000
02:10:50.134 [DEBUG] [serial] Sin header 0xAA, descartando 128 bytes: 00005a00f8000000000000005a00f800
02:10:50.143 [DEBUG] [serial] RX 128 bytes: 000000005a00f8000000000000005a00f8000000000000004a00f8000000000000005a00f8000000000000005a00f8000000000000005a00f8000000000000005a00f8000000000000005a00f8000000000000004a00f8000000000000005a00f8000000000000005a00f8000000000000005a00f8000000000000004a00f800
02:10:50.143 [DEBUG] [serial] Sin header 0xAA, descartando 128 bytes: 000000005a00f8000000000000005a00
02:10:50.153 [DEBUG] [serial] RX 128 bytes: 0000000000005a00f8000000000000004a00f8000000000000005a00f8000000000000005a00f8000000000000004a00f8000000000000005a00f8000000000000004a00f8000000000000005a00f8000000000000005a00f8000000000000005a00f8000000000000005a00f8000000000000004a00f8000000000000005a00
02:10:50.153 [DEBUG] [serial] Sin header 0xAA, descartando 128 bytes: 0000000000005a00f800000000000000
02:10:50.162 [DEBUG] [serial] RX 128 bytes: f8000000000000004a00f8000000000000005a00f8000000000000005a00f8000000000000004a00f8000000000000005a00f8000000000000005a00f8000000000000005a00f8000000000000005a00f8000000000000005a00f8000000000000004a00f8000000000000005a00f8000000000000004a00f800000000000000
02:10:50.162 [DEBUG] [serial] Sin header 0xAA, descartando 128 bytes: f8000000000000004a00f80000000000
02:10:50.172 [DEBUG] [serial] RX 128 bytes: 5a00f8000000000000005a00f8000000000000005a00f8000000000000004a00f8000000000000005a00f8000000000000004a00f8000000000000004a00f8000000000000005a00f8000000000000005a00f8000000000000004a00f8000000000000004a00f8000000000000004a00f8000000000000005a00f80000000000
02:10:50.172 [DEBUG] [serial] Sin header 0xAA, descartando 128 bytes: 5a00f8000000000000005a00f8000000
02:10:50.181 [DEBUG] [serial] RX 128 bytes: 00005a00f8000000000000005a00f8000000000000004a00f8000000000000005a00f8000000000000004a00f8000000000000004a00f8000000000000005a00f8000000000000004a00f8000000000000005a00f8000000000000005a00f8000000000000004a00f8000000000000004a00f8000000000000005a00f8000000
02:10:50.181 [DEBUG] [serial] Sin header 0xAA, descartando 128 bytes: 00005a00f8000000000000005a00f800
02:10:50.191 [DEBUG] [serial] RX 128 bytes: 000000005a00f8000000000000005a00f8000000000000005a00f8000000000000004a00f8000000000000004a00f8000000000000005a00f8000000000000005a00f8000000000000004a00f8000000000000005a00f8000000000000004a00f8000000000000005a00f8000000000000004a00f8000000000000005a00f800
02:10:50.191 [DEBUG] [serial] Sin header 0xAA, descartando 128 bytes: 000000005a00f8000000000000005a00
02:10:50.201 [DEBUG] [serial] RX 128 bytes: 0000000000004a00f8000000000000005a00f8000000000000004a00f8000000000000005a00f8000000000000005a00f8000000000000004a00f8000000000000005a00f8000000000000004a00f8000000000000005a00f8000000000000004a00f8000000000000005a00f8000000000000005a00f8000000000000005a00
02:10:50.201 [DEBUG] [serial] Sin header 0xAA, descartando 128 bytes: 0000000000004a00f800000000000000
02:10:50.210 [DEBUG] [serial] RX 128 bytes: f8000000000000005a00f8000000000000004a00f8000000000000004a00f8000000000000005a00f8000000000000005a00f8000000000000005a00f8000000000000004a00f8000000000000005a00f8000000000000005a00f8000000000000005a00f8000000000000004a00f8000000000000005a00f800000000000000
02:10:50.210 [DEBUG] [serial] Sin header 0xAA, descartando 128 bytes: f8000000000000005a00f80000000000
02:10:50.220 [DEBUG] [serial] RX 128 bytes: 5a00f8000000000000004a00f8000000000000004a00f8000000000000005a00f8000000000000004a00f8000000000000005a00f8000000000000005a00f8000000000000004a00f8000000000000005a00f8000000000000005a00f8000000000000005a00f8000000000000004a00f8000000000000005a00f80000000000
02:10:50.220 [DEBUG] [serial] Sin header 0xAA, descartando 128 bytes: 5a00f8000000000000004a00f8000000
02:10:50.229 [DEBUG] [serial] RX 128 bytes: 00005a00f8000000000000004a00f8000000000000004a00f8000000000000004a00f8000000000000005a00f8000000000000005a00f8000000000000004a00f8000000000000005a00f8000000000000005a00f8000000000000005a00f8000000000000004a00f8000000000000005a00f8000000000000005a00f8000000
02:10:50.231 [DEBUG] [serial] Sin header 0xAA, descartando 128 bytes: 00005a00f8000000000000004a00f800
02:10:50.239 [DEBUG] [serial] RX 128 bytes: 000000005a00f8000000000000004a00f8000000000000005a00f8000000000000005a00f8000000000000004a00f8000000000000004a00f8000000000000005a00f8000000000000005a00f8000000000000005a00f8000000000000005a00f8000000000000004a00f8000000000000005a00f8000000000000005a00f800
02:10:50.239 [DEBUG] [serial] Sin header 0xAA, descartando 128 bytes: 000000005a00f8000000000000004a00
02:10:50.249 [DEBUG] [serial] RX 128 bytes: 0000000000005a00f8000000000000004a00f8000000000000004a00f8000000000000004a00f8000000000000004a00f8000000000000004a00f8000000000000005a00f8000000000000005a00f8000000000000005a00f8000000000000005a00f8000000000000004a00f8000000000000004a00f8000000000000005a00
02:10:50.249 [DEBUG] [serial] Sin header 0xAA, descartando 128 bytes: 0000000000005a00f800000000000000
02:10:50.258 [DEBUG] [serial] RX 128 bytes: f8000000000000005a00f8000000000000005a00f8000000000000004a00f8000000000000005a00f8000000000000004a00f8000000000000004a00f8000000000000005a00f8000000000000005a00f8000000000000004a00f8000000000000005a00f8000000000000005a00f8000000000000005a00f800000000000000
02:10:50.258 [DEBUG] [serial] Sin header 0xAA, descartando 128 bytes: f8000000000000005a00f80000000000
02:10:50.268 [DEBUG] [serial] RX 128 bytes: 4a00f8000000000000005a00f8000000000000004a00f8000000000000005a00f8000000000000005a00f8000000000000005a00f8000000000000004a00f8000000000000005a00f8000000000000005a00f8000000000000004a00f8000000000000005a00f8000000000000004a00f8000000000000005a00f80000000000
02:10:50.268 [DEBUG] [serial] Sin header 0xAA, descartando 128 bytes: 4a00f8000000000000005a00f8000000
02:10:50.277 [DEBUG] [serial] RX 128 bytes: 00005a00f8000000000000005a00f8000000000000005a00f8000000000000005a00f8000000000000004a00f8000000000000005a00f8000000000000005a00f8000000000000005a00f8000000000000004a00f8000000000000005a00f8000000000000004a00f8000000000000005a00f8000000000000005a00f8000000
02:10:50.277 [DEBUG] [serial] Sin header 0xAA, descartando 128 bytes: 00005a00f8000000000000005a00f800
02:10:50.287 [DEBUG] [serial] RX 128 bytes: 000000004a00f8000000000000005a00f8000000000000004a00f8000000000000005a00f8000000000000004a00f8000000000000005a00f8000000000000004a00f8000000000000005a00f8000000000000005a00f8000000000000005a00f8000000000000004a00f8000000000000005a00f8000000000000005a00f800
02:10:50.287 [DEBUG] [serial] Sin header 0xAA, descartando 128 bytes: 000000004a00f8000000000000005a00
02:10:50.296 [DEBUG] [serial] RX 128 bytes: 0000000000005a00f8000000000000005a00f8000000000000004a00f8000000000000004a00f8000000000000005a00f8000000000000005a00f8000000000000005a00f8000000000000005a00f8000000000000004a00f8000000000000005a00f8000000000000004a00f8000000000000005a00f8000000000000005a00
02:10:50.297 [DEBUG] [serial] Sin header 0xAA, descartando 128 bytes: 0000000000005a00f800000000000000
02:10:50.306 [DEBUG] [serial] RX 128 bytes: f8000000000000005a00f8000000000000004a00f8000000000000005a00f8000000000000004a00f8000000000000005a00f8000000000000005a00f8000000000000005a00f8000000000000004a00f8000000000000005a00f8000000000000005a00f8000000000000005a00f8000000000000004a00f800000000000000
02:10:50.306 [DEBUG] [serial] Sin header 0xAA, descartando 128 bytes: f8000000000000005a00f80000000000
02:10:50.315 [DEBUG] [serial] RX 128 bytes: 5a00f8000000000000004a00f8000000000000005a00f8000000000000005a00f8000000000000004a00f8000000000000005a00f8000000000000005a00f8000000000000005a00f8000000000000005a00f8000000000000004a00f8000000000000005a00f8000000000000005a00f8000000000000004a00f80000000000
02:10:50.316 [DEBUG] [serial] Sin header 0xAA, descartando 128 bytes: 5a00f8000000000000004a00f8000000
02:10:50.325 [DEBUG] [serial] RX 128 bytes: 00004a00f8000000000000005a00f8000000000000005a00f8000000000000005a00f8000000000000004a00f8000000000000004a00f8000000000000005a00f8000000000000005a00f8000000000000005a00f8000000000000005a00f8000000000000005a00f8000000000000004a00f8000000000000005a00f8000000
02:10:50.325 [DEBUG] [serial] Sin header 0xAA, descartando 128 bytes: 00004a00f8000000000000005a00f800
02:10:50.335 [DEBUG] [serial] RX 128 bytes: 000000005a00f8000000000000004a00f8000000000000005a00f8000000000000004a00f8000000000000005a00f8000000000000004a00f8000000000000005a00f8000000000000005a00f8000000000000005a00f8000000000000004a00f8000000000000005a00f8000000000000005a00f8000000000000005a00f800
02:10:50.335 [DEBUG] [serial] Sin header 0xAA, descartando 128 bytes: 000000005a00f8000000000000004a00
02:10:50.344 [DEBUG] [serial] RX 128 bytes: 0000000000004a00f8000000000000005a00f8000000000000004a00f8000000000000005a00f8000000000000005a00f8000000000000004a00f8000000000000005a00f8000000000000004a00f8000000000000005a00f8000000000000005a00f8000000000000004a00f8000000000000005a00f8000000000000005a00
02:10:50.345 [DEBUG] [serial] Sin header 0xAA, descartando 128 bytes: 0000000000004a00f800000000000000
02:10:50.354 [DEBUG] [serial] RX 128 bytes: f8000000000000005a00f8000000000000004a00f8000000000000004a00f8000000000000005a00f8000000000000005a00f8000000000000004a00f8000000000000005a00f8000000000000004a00f8000000000000005a00f8000000000000004a00f8000000000000005a00f8000000000000005a00f800000000000000
02:10:50.354 [DEBUG] [serial] Sin header 0xAA, descartando 128 bytes: f8000000000000005a00f80000000000
02:10:50.363 [DEBUG] [serial] RX 128 bytes: 4a00f8000000000000005a00f8000000000000004a00f8000000000000004a00f8000000000000005a00f8000000000000005a00f8000000000000004a00f8000000000000004a00f8000000000000005a00f8000000000000005a00f8000000000000005a00f8000000000000004a00f8000000000000005a00f80000000000
02:10:50.364 [DEBUG] [serial] Sin header 0xAA, descartando 128 bytes: 4a00f8000000000000005a00f8000000
02:10:50.373 [DEBUG] [serial] RX 128 bytes: 00005a00f8000000000000004a00f8000000000000005a00f8000000000000005a00f8000000000000004a00f8000000000000004a00f8000000000000005a00f8000000000000005a00f8000000000000004a00f8000000000000004a00f8000000000000005a00f8000000000000005a00f8000000000000005a00f8000000
02:10:50.373 [DEBUG] [serial] Sin header 0xAA, descartando 128 bytes: 00005a00f8000000000000004a00f800
02:10:50.383 [DEBUG] [serial] RX 128 bytes: 000000005a00f8000000000000005a00f8000000000000005a00f8000000000000004a00f8000000000000005a00f8000000000000005a00f8000000000000005a00f8000000000000004a00f8000000000000005a00f8000000000000005a00f8000000000000004a00f8000000000000005a00f8000000000000005a00f800
02:10:50.383 [DEBUG] [serial] Sin header 0xAA, descartando 128 bytes: 000000005a00f8000000000000005a00
02:10:50.392 [DEBUG] [serial] RX 128 bytes: 0000000000005a00f8000000000000004a00f8000000000000005a00f8000000000000005a00f8000000000000005a00f8000000000000005a00f8000000000000005a00f8000000000000005a00f8000000000000004a00f8000000000000005a00f8000000000000005a00f8000000000000005a00f8000000000000004a00
02:10:50.393 [DEBUG] [serial] Sin header 0xAA, descartando 128 bytes: 0000000000005a00f800000000000000
02:10:50.402 [DEBUG] [serial] RX 128 bytes: f8000000000000005a00f8000000000000005a00f8000000000000004a00f8000000000000004a00f8000000000000005a00f8000000000000005a00f8000000000000004a00f8000000000000005a00f8000000000000004a00f8000000000000005a00f8000000000000005a00f8000000000000005a00f800000000000000
02:10:50.403 [DEBUG] [serial] Sin header 0xAA, descartando 128 bytes: f8000000000000005a00f80000000000
02:10:50.411 [DEBUG] [serial] RX 128 bytes: 4a00f8000000000000004a00f8000000000000005a00f8000000000000005a00f8000000000000005a00f8000000000000004a00f8000000000000005a00f8000000000000005a00f8000000000000004a00f8000000000000005a00f8000000000000005a00f8000000000000005a00f8000000000000004a00f80000000000
02:10:50.412 [DEBUG] [serial] Sin header 0xAA, descartando 128 bytes: 4a00f8000000000000004a00f8000000
02:10:50.421 [DEBUG] [serial] RX 128 bytes: 00005a00f8000000000000005a00f8000000000000005a00f8000000000000005a00f8000000000000005a00f8000000000000004a00f8000000000000005a00f8000000000000005a00f8000000000000005a00f8000000000000005a00f8000000000000004a00f8000000000000005a00f8000000000000004a00f8000000
02:10:50.421 [DEBUG] [serial] Sin header 0xAA, descartando 128 bytes: 00005a00f8000000000000005a00f800
02:10:50.431 [DEBUG] [serial] RX 128 bytes: 000000005a00f8000000000000004a00f8000000000000005a00f8000000000000005a00f8000000000000004a00f8000000000000005a00f8000000000000004a00f8000000000000004a00f8000000000000005a00f8000000000000004a00f8000000000000005a00f8000000000000005a00f8000000000000005a00f800
02:10:50.431 [DEBUG] [serial] Sin header 0xAA, descartando 128 bytes: 000000005a00f8000000000000004a00
02:10:50.440 [DEBUG] [serial] RX 128 bytes: 0000000000005a00f8000000000000005a00f8000000000000005a00f8000000000000004a00f8000000000000005a00f8000000000000005a00f8000000000000005a00f8000000000000005a00f8000000000000005a00f8000000000000005a00f8000000000000005a00f8000000000000004a00f8000000000000005a00
02:10:50.441 [DEBUG] [serial] Sin header 0xAA, descartando 128 bytes: 0000000000005a00f800000000000000
02:10:50.450 [DEBUG] [serial] RX 128 bytes: f8000000000000005a00f8000000000000004a00f8000000000000005a00f8000000000000005a00f8000000000000005a00f8000000000000004a00f8000000000000005a00f8000000000000004a00f8000000000000004a00f8000000000000004a00f8000000000000005a00f8000000000000004a00f800000000000000
02:10:50.450 [DEBUG] [serial] Sin header 0xAA, descartando 128 bytes: f8000000000000005a00f80000000000
02:10:50.459 [DEBUG] [serial] RX 128 bytes: 5a00f8000000000000005a00f8000000000000005a00f8000000000000005a00f8000000000000005a00f8000000000000005a00f8000000000000004a00f8000000000000005a00f8000000000000005a00f8000000000000004a00f8000000000000005a00f8000000000000004a00f8000000000000005a00f80000000000
02:10:50.460 [DEBUG] [serial] Sin header 0xAA, descartando 128 bytes: 5a00f8000000000000005a00f8000000
02:10:50.469 [DEBUG] [serial] RX 128 bytes: 00005a00f8000000000000004a00f8000000000000005a00f8000000000000005a00f8000000000000005a00f8000000000000005a00f8000000000000004a00f8000000000000005a00f8000000000000005a00f8000000000000005a00f8000000000000004a00f8000000000000004a00f8000000000000005a00f8000000
02:10:50.469 [DEBUG] [serial] Sin header 0xAA, descartando 128 bytes: 00005a00f8000000000000004a00f800
02:10:50.479 [DEBUG] [serial] RX 128 bytes: 000000005a00f8000000000000005a00f8000000000000005a00f8000000000000004a00f8000000000000005a00f8000000000000004a00f8000000000000005a00f8000000000000005a00f8000000000000004a00f8000000000000005a00f8000000000000005a00f8000000000000004a00f8000000000000005a00f800
02:10:50.479 [DEBUG] [serial] Sin header 0xAA, descartando 128 bytes: 000000005a00f8000000000000005a00
02:10:50.488 [DEBUG] [serial] RX 128 bytes: 0000000000005a00f8000000000000005a00f8000000000000004a00f8000000000000005a00f8000000000000005a00f8000000000000005a00f8000000000000005a00f8000000000000005a00f8000000000000005a00f8000000000000004a00f8000000000000004a00f8000000000000005a00f8000000000000005a00
02:10:50.488 [DEBUG] [serial] Sin header 0xAA, descartando 128 bytes: 0000000000005a00f800000000000000
02:10:50.498 [DEBUG] [serial] RX 128 bytes: f8000000000000005a00f8000000000000004a00f8000000000000005a00f8000000000000005a00f8000000000000005a00f8000000000000004a00f8000000000000005a00f8000000000000005a00f8000000000000004a00f8000000000000005a00f8000000000000005a00f8000000000000005a00f800000000000000
02:10:50.498 [DEBUG] [serial] Sin header 0xAA, descartando 128 bytes: f8000000000000005a00f80000000000
02:10:50.507 [DEBUG] [serial] RX 128 bytes: 5a00f8000000000000005a00f8000000000000004a00f8000000000000005a00f8000000000000005a00f8000000000000005a00f8000000000000004a00f8000000000000005a00f8000000000000005a00f8000000000000005a00f8000000000000005a00f8000000000000004a00f8000000000000005a00f80000000000
02:10:50.507 [DEBUG] [serial] Sin header 0xAA, descartando 128 bytes: 5a00f8000000000000005a00f8000000
02:10:50.517 [DEBUG] [serial] RX 128 bytes: 00004a00f8000000000000005a00f8000000000000005a00f8000000000000004a00f8000000000000005a00f8000000000000004a00f8000000000000005a00f8000000000000004a00f8000000000000004a00f8000000000000005a00f8000000000000004a00f8000000000000005a00f8000000000000005a00f8000000
02:10:50.517 [DEBUG] [serial] Sin header 0xAA, descartando 128 bytes: 00004a00f8000000000000005a00f800
02:10:50.527 [DEBUG] [serial] RX 128 bytes: 000000004a00f8000000000000005a00f8000000000000005a00f8000000000000004a00f8000000000000005a00f8000000000000004a00f8000000000000005a00f8000000000000005a00f8000000000000004a00f8000000000000005a00f8000000000000004a00f8000000000000005a00f8000000000000004a00f800
02:10:50.527 [DEBUG] [serial] Sin header 0xAA, descartando 128 bytes: 000000004a00f8000000000000005a00
02:10:50.536 [DEBUG] [serial] RX 128 bytes: 0000000000005a00f8000000000000004a00f8000000000000004a00f8000000000000005a00f8000000000000004a00f8000000000000005a00f8000000000000005a00f8000000000000004a00f8000000000000005a00f8000000000000004a00f8000000000000004a00f8000000000000005a00f8000000000000004a00
02:10:50.536 [DEBUG] [serial] Sin header 0xAA, descartando 128 bytes: 0000000000005a00f800000000000000
02:10:50.546 [DEBUG] [serial] RX 128 bytes: f8000000000000004a00f8000000000000005a00f8000000000000005a00f8000000000000004a00f8000000000000005a00f8000000000000005a00f8000000000000005a00f8000000000000004a00f8000000000000005a00f8000000000000005a00f8000000000000004a00f8000000000000005a00f800000000000000
02:10:50.546 [DEBUG] [serial] Sin header 0xAA, descartando 128 bytes: f8000000000000004a00f80000000000
02:10:50.555 [DEBUG] [serial] RX 128 bytes: 4a00f8000000000000004a00f8000000000000005a00f8000000000000005a00f8000000000000005a00f8000000000000005a00f8000000000000004a00f8000000000000005a00f8000000000000005a00f8000000000000005a00f8000000000000004a00f8000000000000005a00f8000000000000005a00f80000000000
02:10:50.555 [DEBUG] [serial] Sin header 0xAA, descartando 128 bytes: 4a00f8000000000000004a00f8000000
02:10:50.565 [DEBUG] [serial] RX 128 bytes: 00004a00f8000000000000005a00f8000000000000004a00f8000000000000005a00f8000000000000004a00f8000000000000005a00f8000000000000004a00f8000000000000005a00f8000000000000004a00f8000000000000005a00f8000000000000005a00f8000000000000005a00f8000000000000004a00f8000000
02:10:50.565 [DEBUG] [serial] Sin header 0xAA, descartando 128 bytes: 00004a00f8000000000000005a00f800
02:10:50.575 [DEBUG] [serial] RX 128 bytes: 000000005a00f8000000000000004a00f8000000000000005a00f8000000000000005a00f8000000000000004a00f8000000000000005a00f8000000000000005a00f8000000000000004a00f8000000000000005a00f8000000000000005a00f8000000000000004a00f8000000000000005a00f8000000000000005a00f800
02:10:50.575 [DEBUG] [serial] Sin header 0xAA, descartando 128 bytes: 000000005a00f8000000000000004a00
02:10:50.584 [DEBUG] [serial] RX 128 bytes: 0000000000005a00f8000000000000004a00f8000000000000005a00f8000000000000005a00f8000000000000004a00f8000000000000004a00f8000000000000005a00f8000000000000005a00f8000000000000004a00f8000000000000005a00f8000000000000005a00f8000000000000005a00f8000000000000005a00
02:10:50.584 [DEBUG] [serial] Sin header 0xAA, descartando 128 bytes: 0000000000005a00f800000000000000
02:10:50.594 [DEBUG] [serial] RX 128 bytes: f8000000000000004a00f8000000000000005a00f8000000000000004a00f8000000000000005a00f8000000000000004a00f8000000000000005a00f8000000000000005a00f8000000000000005a00f8000000000000005a00f8000000000000004a00f8000000000000005a00f8000000000000005a00f800000000000000
02:10:50.594 [DEBUG] [serial] Sin header 0xAA, descartando 128 bytes: f8000000000000004a00f80000000000
02:10:50.603 [DEBUG] [serial] RX 128 bytes: 4a00f8000000000000005a00f8000000000000005a00f8000000000000005a00f8000000000000005a00f8000000000000004a00f8000000000000005a00f8000000000000005a00f8000000000000004a00f8000000000000005a00f8000000000000005a00f8000000000000004a00f8000000000000005a00f80000000000
02:10:50.603 [DEBUG] [serial] Sin header 0xAA, descartando 128 bytes: 4a00f8000000000000005a00f8000000
02:10:50.613 [DEBUG] [serial] RX 128 bytes: 00005a00f8000000000000005a00f8000000000000004a00f8000000000000005a00f8000000000000004a00f8000000000000005a00f8000000000000005a00f8000000000000004a00f8000000000000005a00f8000000000000004a00f8000000000000005a00f8000000000000004a00f8000000000000005a00f8000000
02:10:50.613 [DEBUG] [serial] Sin header 0xAA, descartando 128 bytes: 00005a00f8000000000000005a00f800
02:10:50.622 [DEBUG] [serial] RX 128 bytes: 000000004a00f8000000000000005a00f8000000000000004a00f8000000000000005a00f8000000000000005a00f8000000000000004a00f8000000000000005a00f8000000000000005a00f8000000000000005a00f8000000000000004a00f8000000000000005a00f8000000000000004a00f8000000000000005a00f800
02:10:50.623 [DEBUG] [serial] Sin header 0xAA, descartando 128 bytes: 000000004a00f8000000000000005a00
02:10:50.632 [DEBUG] [serial] RX 128 bytes: 0000000000004a00f8000000000000004a00f8000000000000005a00f8000000000000004a00f8000000000000005a00f8000000000000004a00f8000000000000005a00f8000000000000004a00f8000000000000005a00f8000000000000005a00f8000000000000004a00f8000000000000005a00f8000000000000004a00
02:10:50.632 [DEBUG] [serial] Sin header 0xAA, descartando 128 bytes: 0000000000004a00f800000000000000
02:10:50.641 [DEBUG] [serial] RX 128 bytes: f8000000000000005a00f8000000000000005a00f8000000000000005a00f8000000000000004a00f8000000000000005a00f8000000000000004a00f8000000000000005a00f8000000000000005a00f8000000000000005a00f8000000000000004a00f8000000000000005a00f8000000000000005a00f800000000000000
02:10:50.642 [DEBUG] [serial] Sin header 0xAA, descartando 128 bytes: f8000000000000005a00f80000000000
02:10:50.651 [DEBUG] [serial] RX 128 bytes: 4a00f8000000000000005a00f8000000000000004a00f8000000000000005a00f8000000000000005a00f8000000000000004a00f8000000000000005a00f8000000000000004a00f8000000000000005a00f8000000000000004a00f8000000000000005a00f8000000000000004a00f8000000000000005a00f80000000000
02:10:50.651 [DEBUG] [serial] Sin header 0xAA, descartando 128 bytes: 4a00f8000000000000005a00f8000000
02:10:50.661 [DEBUG] [serial] RX 128 bytes: 00005a00f8000000000000004a00f8000000000000005a00f8000000000000005a00f8000000000000004a00f8000000000000005a00f8000000000000005a00f8000000000000004a00f8000000000000005a00f8000000000000004a00f8000000000000005a00f8000000000000005a00f8000000000000004a00f8000000
02:10:50.661 [DEBUG] [serial] Sin header 0xAA, descartando 128 bytes: 00005a00f8000000000000004a00f800
02:10:50.670 [DEBUG] [serial] RX 128 bytes: 000000005a00f8000000000000004a00f8000000000000005a00f8000000000000004a00f8000000000000005a00f8000000000000004a00f8000000000000005a00f8000000000000005a00f8000000000000005a00f8000000000000005a00f8000000000000005a00f8000000000000005a00f8000000000000005a00f800
02:10:50.671 [DEBUG] [serial] Sin header 0xAA, descartando 128 bytes: 000000005a00f8000000000000004a00
02:10:50.680 [DEBUG] [serial] RX 128 bytes: 0000000000004a00f8000000000000005a00f8000000000000005a00f8000000000000005a00f8000000000000005a00f8000000000000004a00f8000000000000005a00f8000000000000005a00f8000000000000004a00f8000000000000005a00f8000000000000004a00f8000000000000005a00f8000000000000004a00
02:10:50.680 [DEBUG] [serial] Sin header 0xAA, descartando 128 bytes: 0000000000004a00f800000000000000
02:10:50.689 [DEBUG] [serial] RX 128 bytes: f8000000000000005a00f8000000000000005a00f8000000000000004a00f8000000000000004a00f8000000000000005a00f8000000000000004a00f8000000000000005a00f8000000000000005a00f8000000000000004a00f8000000000000005a00f8000000000000005a00f8000000000000005a00f800000000000000
02:10:50.690 [DEBUG] [serial] Sin header 0xAA, descartando 128 bytes: f8000000000000005a00f80000000000
02:10:50.699 [DEBUG] [serial] RX 128 bytes: 4a00f8000000000000004a00f8000000000000005a00f8000000000000005a00f8000000000000004a00f8000000000000004a00f8000000000000005a00f8000000000000005a00f8000000000000004a00f8000000000000004a00f8000000000000005a00f8000000000000005a00f8000000000000005a00f80000000000
02:10:50.699 [DEBUG] [serial] Sin header 0xAA, descartando 128 bytes: 4a00f8000000000000004a00f8000000
02:10:50.709 [DEBUG] [serial] RX 128 bytes: 00005a00f8000000000000004a00f8000000000000005a00f8000000000000005a00f8000000000000004a00f8000000000000005a00f8000000000000005a00f8000000000000005a00f8000000000000005a00f8000000000000004a00f8000000000000005a00f8000000000000004a00f8000000000000005a00f8000000
02:10:50.709 [DEBUG] [serial] Sin header 0xAA, descartando 128 bytes: 00005a00f8000000000000004a00f800
02:10:50.718 [DEBUG] [serial] RX 128 bytes: 000000005a00f8000000000000004a00f8000000000000005a00f8000000000000004a00f8000000000000005a00f8000000000000005a00f8000000000000004a00f8000000000000005a00f8000000000000004a00f8000000000000005a00f8000000000000005a00f8000000000000004a00f8000000000000004a00f800
02:10:50.719 [DEBUG] [serial] Sin header 0xAA, descartando 128 bytes: 000000005a00f8000000000000004a00
02:10:50.728 [DEBUG] [serial] RX 128 bytes: 0000000000005a00f8000000000000004a00f8000000000000005a00f8000000000000005a00f8000000000000004a00f8000000000000005a00f8000000000000005a00f8000000000000005a00f8000000000000005a00f8000000000000004a00f8000000000000005a00f8000000000000005a00f8000000000000005a00
02:10:50.728 [DEBUG] [serial] Sin header 0xAA, descartando 128 bytes: 0000000000005a00f800000000000000
02:10:50.737 [DEBUG] [serial] RX 128 bytes: f8000000000000005a00f8000000000000004a00f8000000000000005a00f8000000000000005a00f8000000000000004a00f8000000000000005a00f8000000000000005a00f8000000000000005a00f8000000000000005a00f8000000000000005a00f8000000000000005a00f8000000000000004a00f800000000000000
02:10:50.738 [DEBUG] [serial] Sin header 0xAA, descartando 128 bytes: f8000000000000005a00f80000000000
02:10:50.747 [DEBUG] [serial] RX 128 bytes: 5a00f8000000000000004a00f8000000000000005a00f8000000000000005a00f8000000000000004a00f8000000000000005a00f8000000000000004a00f8000000000000005a00f8000000000000005a00f8000000000000004a00f8000000000000005a00f8000000000000005a00f8000000000000004a00f80000000000
02:10:50.747 [DEBUG] [serial] Sin header 0xAA, descartando 128 bytes: 5a00f8000000000000004a00f8000000
02:10:50.757 [DEBUG] [serial] RX 128 bytes: 00005a00f8000000000000005a00f8000000000000005a00f8000000000000004a00f8000000000000005a00f8000000000000005a00f8000000000000004a00f8000000000000005a00f8000000000000004a00f8000000000000005a00f8000000000000004a00f8000000000000005a00f8000000000000004a00f8000000
02:10:50.757 [DEBUG] [serial] Sin header 0xAA, descartando 128 bytes: 00005a00f8000000000000005a00f800
02:10:50.766 [DEBUG] [serial] RX 128 bytes: 000000005a00f8000000000000004a00f8000000000000005a00f8000000000000004a00f8000000000000005a00f8000000000000004a00f8000000000000005a00f8000000000000004a00f8000000000000005a00f8000000000000004a00f8000000000000005a00f8000000000000004a00f8000000000000005a00f800
02:10:50.767 [DEBUG] [serial] Sin header 0xAA, descartando 128 bytes: 000000005a00f8000000000000004a00
02:10:50.776 [DEBUG] [serial] RX 128 bytes: 0000000000005a00f8000000000000004a00f8000000000000005a00f8000000000000004a00f8000000000000005a00f8000000000000004a00f8000000000000005a00f8000000000000004a00f8000000000000005a00f8000000000000005a00f8000000000000004a00f8000000000000005a00f8000000000000004a00
02:10:50.776 [DEBUG] [serial] Sin header 0xAA, descartando 128 bytes: 0000000000005a00f800000000000000
02:10:50.785 [DEBUG] [serial] RX 128 bytes: f8000000000000005a00f8000000000000004a00f8000000000000005a00f8000000000000004a00f8000000000000005a00f8000000000000004a00f8000000000000005a00f8000000000000005a00f8000000000000004a00f8000000000000005a00f8000000000000005a00f8000000000000005a00f800000000000000
02:10:50.786 [DEBUG] [serial] Sin header 0xAA, descartando 128 bytes: f8000000000000005a00f80000000000
02:10:50.795 [DEBUG] [serial] RX 128 bytes: 5a00f8000000000000005a00f8000000000000005a00f8000000000000004a00f8000000000000005a00f8000000000000005a00f8000000000000005a00f8000000000000005a00f8000000000000004a00f8000000000000005a00f8000000000000004a00f8000000000000005a00f8000000000000005a00f80000000000
02:10:50.795 [DEBUG] [serial] Sin header 0xAA, descartando 128 bytes: 5a00f8000000000000005a00f8000000
02:10:50.805 [DEBUG] [serial] RX 128 bytes: 00004a00f8000000000000005a00f8000000000000005a00f8000000000000005a00f8000000000000005a00f8000000000000005a00f8000000000000005a00f8000000000000004a00f8000000000000005a00f8000000000000004a00f8000000000000005a00f8000000000000005a00f8000000000000004a00f8000000
02:10:50.805 [DEBUG] [serial] Sin header 0xAA, descartando 128 bytes: 00004a00f8000000000000005a00f800
02:10:50.814 [DEBUG] [serial] RX 128 bytes: 000000004a00f8000000000000005a00f8000000000000005a00f8000000000000005a00f8000000000000005a00f8000000000000005a00f8000000000000005a00f8000000000000005a00f8000000000000005a00f8000000000000004a00f8000000000000005a00f8000000000000005a00f8000000000000005a00f800
02:10:50.814 [DEBUG] [serial] Sin header 0xAA, descartando 128 bytes: 000000004a00f8000000000000005a00
02:10:50.824 [DEBUG] [serial] RX 128 bytes: 0000000000005a00f8000000000000005a00f8000000000000004a00f8000000000000005a00f8000000000000004a00f8000000000000005a00f8000000000000005a00f8000000000000005a00f8000000000000005a00f8000000000000004a00f8000000000000005a00f8000000000000004a00f8000000000000005a00
02:10:50.824 [DEBUG] [serial] Sin header 0xAA, descartando 128 bytes: 0000000000005a00f800000000000000
02:10:50.833 [DEBUG] [serial] RX 128 bytes: f8000000000000005a00f8000000000000005a00f8000000000000005a00f8000000000000005a00f8000000000000004a00f8000000000000005a00f8000000000000004a00f8000000000000005a00f8000000000000005a00f8000000000000005a00f8000000000000005a00f8000000000000004a00f800000000000000
02:10:50.834 [DEBUG] [serial] Sin header 0xAA, descartando 128 bytes: f8000000000000005a00f80000000000
02:10:50.843 [DEBUG] [serial] RX 128 bytes: 5a00f8000000000000005a00f8000000000000005a00f8000000000000005a00f8000000000000004a00f8000000000000005a00f8000000000000005a00f8000000000000004a00f8000000000000004a00f8000000000000005a00f8000000000000005a00f8000000000000005a00f8000000000000004a00f80000000000
02:10:50.843 [DEBUG] [serial] Sin header 0xAA, descartando 128 bytes: 5a00f8000000000000005a00f8000000
02:10:50.853 [DEBUG] [serial] RX 128 bytes: 00005a00f8000000000000005a00f8000000000000004a00f8000000000000005a00f8000000000000005a00f8000000000000004a00f8000000000000005a00f8000000000000005a00f8000000000000005a00f8000000000000005a00f8000000000000004a00f8000000000000005a00f8000000000000005a00f8000000
02:10:50.853 [DEBUG] [serial] Sin header 0xAA, descartando 128 bytes: 00005a00f8000000000000005a00f800
02:10:50.862 [DEBUG] [serial] RX 128 bytes: 000000005a00f8000000000000005a00f8000000000000005a00f8000000000000005a00f8000000000000004a00f8000000000000005a00f8000000000000004a00f8000000000000005a00f8000000000000005a00f8000000000000004a00f8000000000000005a00f8000000000000004a00f8000000000000005a00f800
02:10:50.862 [DEBUG] [serial] Sin header 0xAA, descartando 128 bytes: 000000005a00f8000000000000005a00
02:10:50.872 [DEBUG] [serial] RX 128 bytes: 0000000000004a00f8000000000000005a00f8000000000000004a00f8000000000000005a00f8000000000000005a00f8000000000000005a00f8000000000000004a00f8000000000000005a00f8000000000000004a00f8000000000000005a00f8000000000000005a00f8000000000000005a00f8000000000000004a00
02:10:50.872 [DEBUG] [serial] Sin header 0xAA, descartando 128 bytes: 0000000000004a00f800000000000000
02:10:50.882 [DEBUG] [serial] RX 128 bytes: f8000000000000005a00f8000000000000004a00f8000000000000005a00f8000000000000005a00f8000000000000004a00f8000000000000005a00f8000000000000005a00f8000000000000005a00f8000000000000005a00f8000000000000005a00f8000000000000005a00f8000000000000005a00f800000000000000
02:10:50.883 [DEBUG] [serial] Sin header 0xAA, descartando 128 bytes: f8000000000000005a00f80000000000
02:10:50.891 [DEBUG] [serial] RX 128 bytes: 5a00f8000000000000004a00f8000000000000005a00f8000000000000004a00f8000000000000005a00f8000000000000004a00f8000000000000005a00f8000000000000005a00f8000000000000004a00f8000000000000005a00f8000000000000004a00f8000000000000005a00f8000000000000004a00f80000000000
02:10:50.891 [DEBUG] [serial] Sin header 0xAA, descartando 128 bytes: 5a00f8000000000000004a00f8000000
02:10:50.901 [DEBUG] [serial] RX 128 bytes: 00005a00f8000000000000004a00f8000000000000005a00f8000000000000004a00f8000000000000005a00f8000000000000005a00f8000000000000005a00f8000000000000005a00f8000000000000005a00f8000000000000005a00f8000000000000005a00f8000000000000005a00f8000000000000004a00f8000000
02:10:50.901 [DEBUG] [serial] Sin header 0xAA, descartando 128 bytes: 00005a00f8000000000000004a00f800
02:10:50.910 [DEBUG] [serial] RX 128 bytes: 000000005a00f8000000000000004a00f8000000000000005a00f8000000000000005a00f8000000000000004a00f8000000000000005a00f8000000000000005a00f8000000000000004a00f8000000000000005a00f8000000000000005a00f8000000000000004a00f8000000000000005a00f8000000000000004a00f800
02:10:50.910 [DEBUG] [serial] Sin header 0xAA, descartando 128 bytes: 000000005a00f8000000000000004a00
02:10:50.920 [DEBUG] [serial] RX 128 bytes: 0000000000005a00f8000000000000005a00f8000000000000005a00f8000000000000005a00f8000000000000005a00f8000000000000004a00f8000000000000005a00f8000000000000004a00f8000000000000005a00f8000000000000004a00f8000000000000005a00f8000000000000004a00f8000000000000005a00
02:10:50.920 [DEBUG] [serial] Sin header 0xAA, descartando 128 bytes: 0000000000005a00f800000000000000
02:10:50.929 [DEBUG] [serial] RX 128 bytes: f8000000000000004a00f8000000000000005a00f8000000000000005a00f8000000000000004a00f8000000000000005a00f8000000000000005a00f8000000000000004a00f8000000000000004a00f8000000000000005a00f8000000000000005a00f8000000000000004a00f8000000000000005a00f800000000000000
02:10:50.929 [DEBUG] [serial] Sin header 0xAA, descartando 128 bytes: f8000000000000004a00f80000000000
02:10:50.939 [DEBUG] [serial] RX 128 bytes: 5a00f8000000000000004a00f8000000000000005a00f8000000000000004a00f8000000000000005a00f8000000000000004a00f8000000000000005a00f8000000000000004a00f8000000000000005a00f8000000000000004a00f8000000000000005a00f8000000000000004a00f8000000000000005a00f80000000000
02:10:50.939 [DEBUG] [serial] Sin header 0xAA, descartando 128 bytes: 5a00f8000000000000004a00f8000000
02:10:50.949 [DEBUG] [serial] RX 128 bytes: 00005a00f8000000000000005a00f8000000000000004a00f8000000000000005a00f8000000000000004a00f8000000000000005a00f8000000000000004a00f8000000000000005a00f8000000000000005a00f8000000000000004a00f8000000000000005a00f8000000000000004a00f8000000000000005a00f8000000
02:10:50.949 [DEBUG] [serial] Sin header 0xAA, descartando 128 bytes: 00005a00f8000000000000005a00f800
02:10:50.958 [DEBUG] [serial] RX 128 bytes: 000000004a00f8000000000000005a00f8000000000000005a00f8000000000000005a00f8000000000000005a00f8000000000000004a00f8000000000000005a00f8000000000000004a00f8000000000000004a00f8000000000000005a00f8000000000000005a00f8000000000000005a00f8000000000000004a00f800
02:10:50.959 [DEBUG] [serial] Sin header 0xAA, descartando 128 bytes: 000000004a00f8000000000000005a00
02:10:50.968 [DEBUG] [serial] RX 128 bytes: 0000000000005a00f8000000000000004a00f8000000000000005a00f8000000000000005a00f8000000000000005a00f8000000000000004a00f8000000000000005a00f8000000000000005a00f8000000000000004a00f8000000000000005a00f8000000000000004a00f8000000000000005a00f8000000000000005a00
02:10:50.969 [DEBUG] [serial] Sin header 0xAA, descartando 128 bytes: 0000000000005a00f800000000000000
02:10:50.977 [DEBUG] [serial] RX 128 bytes: f8000000000000004a00f8000000000000005a00f8000000000000005a00f8000000000000005a00f8000000000000005a00f8000000000000005a00f8000000000000004a00f8000000000000005a00f8000000000000005a00f8000000000000005a00f8000000000000004a00f8000000000000004a00f800000000000000
02:10:50.977 [DEBUG] [serial] Sin header 0xAA, descartando 128 bytes: f8000000000000004a00f80000000000
02:10:50.987 [DEBUG] [serial] RX 128 bytes: 4a00f8000000000000004a00f8000000000000005a00f8000000000000005a00f8000000000000005a00f8000000000000004a00f8000000000000005a00f8000000000000005a00f8000000000000005a00f8000000000000005a00f8000000000000005a00f8000000000000005a00f8000000000000005a00f80000000000
02:10:50.987 [DEBUG] [serial] Sin header 0xAA, descartando 128 bytes: 4a00f8000000000000004a00f8000000
02:10:50.996 [DEBUG] [serial] RX 128 bytes: 00004a00f8000000000000005a00f8000000000000005a00f8000000000000005a00f8000000000000005a00f8000000000000005a00f8000000000000005a00f8000000000000005a00f8000000000000005a00f8000000000000005a00f8000000000000004a00f8000000000000005a00f8000000000000005a00f8000000
02:10:50.997 [DEBUG] [serial] Sin header 0xAA, descartando 128 bytes: 00004a00f8000000000000005a00f800
02:10:51.006 [DEBUG] [serial] RX 128 bytes: 000000004a00f8000000000000005a00f8000000000000005a00f8000000000000004a00f8000000000000005a00f8000000000000005a00f8000000000000004a00f8000000000000005a00f8000000000000005a00f8000000000000004a00f8000000000000005a00f8000000000000005a00f8000000000000004a00f800
02:10:51.006 [DEBUG] [serial] Sin header 0xAA, descartando 128 bytes: 000000004a00f8000000000000005a00
02:10:51.016 [DEBUG] [serial] RX 128 bytes: 0000000000004a00f8000000000000005a00f8000000000000005a00f8000000000000005a00f8000000000000005a00f8000000000000004a00f8000000000000005a00f8000000000000005a00f8000000000000005a00f8000000000000004a00f8000000000000004a00f8000000000000005a00f8000000000000005a00
02:10:51.016 [DEBUG] [serial] Sin header 0xAA, descartando 128 bytes: 0000000000004a00f800000000000000
02:10:51.025 [DEBUG] [serial] RX 128 bytes: f8000000000000004a00f8000000000000005a00f8000000000000005a00f8000000000000004a00f8000000000000004a00f8000000000000005a00f8000000000000005a00f8000000000000004a00f8000000000000004a00f8000000000000005a00f8000000000000004a00f8000000000000005a00f800000000000000
02:10:51.025 [DEBUG] [serial] Sin header 0xAA, descartando 128 bytes: f8000000000000004a00f80000000000
02:10:51.035 [DEBUG] [serial] RX 128 bytes: 5a00f8000000000000004a00f8000000000000005a00f8000000000000004a00f8000000000000005a00f8000000000000004a00f8000000000000005a00f8000000000000005a00f8000000000000005a00f8000000000000005a00f8000000000000004a00f8000000000000005a00f8000000000000005a00f80000000000
02:10:51.035 [DEBUG] [serial] Sin header 0xAA, descartando 128 bytes: 5a00f8000000000000004a00f8000000
02:10:51.044 [DEBUG] [serial] RX 128 bytes: 00004a00f8000000000000005a00f8000000000000005a00f8000000000000004a00f8000000000000005a00f8000000000000004a00f8000000000000004a00f8000000000000005a00f8000000000000005a00f8000000000000004a00f8000000000000004a00f8000000000000005a00f8000000000000004a00f8000000
02:10:51.045 [DEBUG] [serial] Sin header 0xAA, descartando 128 bytes: 00004a00f8000000000000005a00f800
02:10:51.054 [DEBUG] [serial] RX 128 bytes: 000000005a00f8000000000000005a00f8000000000000005a00f8000000000000005a00f8000000000000005a00f8000000000000005a00f8000000000000005a00f8000000000000005a00f8000000000000005a00f8000000000000004a00f8000000000000004a00f8000000000000005a00f8000000000000004a00f800
02:10:51.054 [DEBUG] [serial] Sin header 0xAA, descartando 128 bytes: 000000005a00f8000000000000005a00
02:10:51.064 [DEBUG] [serial] RX 128 bytes: 0000000000005a00f8000000000000005a00f8000000000000005a00f8000000000000005a00f8000000000000005a00f8000000000000005a00f8000000000000004a00f8000000000000005a00f8000000000000005a00f8000000000000004a00f8000000000000005a00f8000000000000005a00f8000000000000004a00
02:10:51.065 [DEBUG] [serial] Sin header 0xAA, descartando 128 bytes: 0000000000005a00f800000000000000
02:10:51.073 [DEBUG] [serial] RX 128 bytes: f8000000000000005a00f8000000000000005a00f8000000000000004a00f8000000000000005a00f8000000000000005a00f8000000000000005a00f8000000000000005a00f8000000000000004a00f8000000000000005a00f8000000000000004a00f8000000000000005a00f8000000000000004a00f800000000000000
02:10:51.073 [DEBUG] [serial] Sin header 0xAA, descartando 128 bytes: f8000000000000005a00f80000000000
02:10:51.083 [DEBUG] [serial] RX 128 bytes: 5a00f8000000000000005a00f8000000000000004a00f8000000000000005a00f8000000000000005a00f8000000000000005a00f8000000000000004a00f8000000000000005a00f8000000000000005a00f8000000000000005a00f8000000000000004a00f8000000000000005a00f8000000000000004a00f80000000000
02:10:51.083 [DEBUG] [serial] Sin header 0xAA, descartando 128 bytes: 5a00f8000000000000005a00f8000000
02:10:51.092 [DEBUG] [serial] RX 128 bytes: 00005a00f8000000000000004a00f8000000000000005a00f8000000000000005a00f8000000000000005a00f8000000000000005a00f8000000000000004a00f8000000000000004a00f8000000000000005a00f8000000000000005a00f8000000000000005a00f8000000000000004a00f8000000000000005a00f8000000
02:10:51.093 [DEBUG] [serial] Sin header 0xAA, descartando 128 bytes: 00005a00f8000000000000004a00f800
02:10:51.102 [DEBUG] [serial] RX 128 bytes: 000000004a00f8000000000000005a00f8000000000000005a00f8000000000000005a00f8000000000000005a00f8000000000000005a00f8000000000000005a00f8000000000000004a00f8000000000000005a00f8000000000000004a00f8000000000000005a00f8000000000000005a00f8000000000000004a00f800
02:10:51.102 [DEBUG] [serial] Sin header 0xAA, descartando 128 bytes: 000000004a00f8000000000000005a00
02:10:51.112 [DEBUG] [serial] RX 128 bytes: 0000000000005a00f8000000000000005a00f8000000000000004a00f8000000000000005a00f8000000000000005a00f8000000000000004a00f8000000000000004a00f8000000000000005a00f8000000000000005a00f8000000000000004a00f8000000000000005a00f8000000000000005a00f8000000000000004a00
02:10:51.112 [DEBUG] [serial] Sin header 0xAA, descartando 128 bytes: 0000000000005a00f800000000000000
02:10:51.121 [DEBUG] [serial] RX 128 bytes: f8000000000000005a00f8000000000000005a00f8000000000000005a00f8000000000000005a00f8000000000000005a00f8000000000000004a00f8000000000000005a00f8000000000000005a00f8000000000000004a00f8000000000000004a00f8000000000000005a00f8000000000000005a00f800000000000000
02:10:51.121 [DEBUG] [serial] Sin header 0xAA, descartando 128 bytes: f8000000000000005a00f80000000000
02:10:51.131 [DEBUG] [serial] RX 128 bytes: 4a00f8000000000000005a00f8000000000000005a00f8000000000000005a00f8000000000000005a00f8000000000000004a00f8000000000000005a00f8000000000000005a00f8000000000000004a00f8000000000000005a00f8000000000000005a00f8000000000000004a00f8000000000000005a00f80000000000
02:10:51.131 [DEBUG] [serial] Sin header 0xAA, descartando 128 bytes: 4a00f8000000000000005a00f8000000
02:10:51.140 [DEBUG] [serial] RX 128 bytes: 00004a00f8000000000000005a00f8000000000000005a00f8000000000000004a00f8000000000000005a00f8000000000000005a00f8000000000000004a00f8000000000000004a00f8000000000000004a00f8000000000000005a00f8000000000000005a00f8000000000000005a00f8000000000000005a00f8000000
02:10:51.141 [DEBUG] [serial] Sin header 0xAA, descartando 128 bytes: 00004a00f8000000000000005a00f800
02:10:51.150 [DEBUG] [serial] RX 128 bytes: 000000005a00f8000000000000004a00f8000000000000005a00f8000000000000005a00f8000000000000004a00f8000000000000005a00f8000000000000004a00f8000000000000005a00f8000000000000005a00f8000000000000004a00f8000000000000005a00f8000000000000005a00f8000000000000004a00f800
02:10:51.150 [DEBUG] [serial] Sin header 0xAA, descartando 128 bytes: 000000005a00f8000000000000004a00
02:10:51.160 [DEBUG] [serial] RX 128 bytes: 0000000000005a00f8000000000000005a00f8000000000000005a00f8000000000000005a00f8000000000000005a00f8000000000000005a00f8000000000000005a00f8000000000000004a00f8000000000000005a00f8000000000000004a00f8000000000000005a00f8000000000000004a00f8000000000000005a00
02:10:51.161 [DEBUG] [serial] Sin header 0xAA, descartando 128 bytes: 0000000000005a00f800000000000000
02:10:51.169 [DEBUG] [serial] RX 128 bytes: f8000000000000005a00f8000000000000004a00f8000000000000005a00f8000000000000005a00f8000000000000004a00f8000000000000005a00f8000000000000004a00f8000000000000005a00f8000000000000005a00f8000000000000004a00f8000000000000005a00f8000000000000004a00f800000000000000
02:10:51.169 [DEBUG] [serial] Sin header 0xAA, descartando 128 bytes: f8000000000000005a00f80000000000
02:10:51.179 [DEBUG] [serial] RX 128 bytes: 5a00f8000000000000005a00f8000000000000004a00f8000000000000005a00f8000000000000005a00f8000000000000005a00f8000000000000005a00f8000000000000005a00f8000000000000004a00f8000000000000005a00f8000000000000005a00f8000000000000005a00f8000000000000004a00f80000000000
02:10:51.179 [DEBUG] [serial] Sin header 0xAA, descartando 128 bytes: 5a00f8000000000000005a00f8000000
02:10:51.188 [DEBUG] [serial] RX 128 bytes: 00005a00f8000000000000005a00f8000000000000004a00f8000000000000005a00f8000000000000005a00f8000000000000004a00f8000000000000005a00f8000000000000005a00f8000000000000004a00f8000000000000005a00f8000000000000004a00f8000000000000005a00f8000000000000004a00f8000000
02:10:51.188 [DEBUG] [serial] Sin header 0xAA, descartando 128 bytes: 00005a00f8000000000000005a00f800
02:10:51.198 [DEBUG] [serial] RX 128 bytes: 000000004a00f8000000000000005a00f8000000000000005a00f8000000000000005a00f8000000000000004a00f8000000000000005a00f8000000000000004a00f8000000000000005a00f8000000000000005a00f8000000000000004a00f8000000000000005a00f8000000000000004a00f8000000000000005a00f800
02:10:51.198 [DEBUG] [serial] Sin header 0xAA, descartando 128 bytes: 000000004a00f8000000000000005a00
02:10:51.208 [DEBUG] [serial] RX 128 bytes: 0000000000004a00f8000000000000005a00f8000000000000004a00f8000000000000005a00f8000000000000004a00f8000000000000005a00f8000000000000005a00f8000000000000005a00f8000000000000004a00f8000000000000005a00f8000000000000005a00f8000000000000005a00f8000000000000005a00
02:10:51.208 [DEBUG] [serial] Sin header 0xAA, descartando 128 bytes: 0000000000004a00f800000000000000
02:10:51.217 [DEBUG] [serial] RX 128 bytes: f8000000000000004a00f8000000000000005a00f8000000000000004a00f8000000000000005a00f8000000000000004a00f8000000000000005a00f8000000000000004a00f8000000000000005a00f8000000000000005a00f8000000000000005a00f8000000000000004a00f8000000000000004a00f800000000000000
02:10:51.217 [DEBUG] [serial] Sin header 0xAA, descartando 128 bytes: f8000000000000004a00f80000000000
02:10:51.227 [DEBUG] [serial] RX 128 bytes: 4a00f8000000000000005a00f8000000000000005a00f8000000000000005a00f8000000000000004a00f8000000000000005a00f8000000000000005a00f8000000000000004a00f8000000000000005a00f8000000000000005a00f8000000000000005a00f8000000000000004a00f8000000000000004a00f80000000000
02:10:51.227 [DEBUG] [serial] Sin header 0xAA, descartando 128 bytes: 4a00f8000000000000005a00f8000000
02:10:51.236 [DEBUG] [serial] RX 128 bytes: 00005a00f8000000000000004a00f8000000000000005a00f8000000000000005a00f8000000000000004a00f8000000000000005a00f8000000000000005a00f8000000000000005a00f8000000000000005a00f8000000000000004a00f8000000000000005a00f8000000000000005a00f8000000000000005a00f8000000
02:10:51.236 [DEBUG] [serial] Sin header 0xAA, descartando 128 bytes: 00005a00f8000000000000004a00f800
02:10:51.246 [DEBUG] [serial] RX 128 bytes: 000000005a00f8000000000000005a00f8000000000000004a00f8000000000000005a00f8000000000000005a00f8000000000000004a00f8000000000000005a00f8000000000000004a00f8000000000000005a00f8000000000000004a00f8000000000000005a00f8000000000000005a00f8000000000000004a00f800
02:10:51.246 [DEBUG] [serial] Sin header 0xAA, descartando 128 bytes: 000000005a00f8000000000000005a00
02:10:51.256 [DEBUG] [serial] RX 128 bytes: 0000000000005a00f8000000000000005a00f8000000000000005a00f8000000000000004a00f8000000000000005a00f8000000000000004a00f8000000000000005a00f8000000000000005a00f8000000000000004a00f8000000000000005a00f8000000000000005a00f8000000000000005a00f8000000000000004a00
02:10:51.256 [DEBUG] [serial] Sin header 0xAA, descartando 128 bytes: 0000000000005a00f800000000000000
02:10:51.265 [DEBUG] [serial] RX 128 bytes: f8000000000000005a00f8000000000000005a00f8000000000000004a00f8000000000000005a00f8000000000000005a00f8000000000000004a00f8000000000000004a00f8000000000000005a00f8000000000000005a00f8000000000000005a00f8000000000000004a00f8000000000000005a00f800000000000000
02:10:51.265 [DEBUG] [serial] Sin header 0xAA, descartando 128 bytes: f8000000000000005a00f80000000000
02:10:51.275 [DEBUG] [serial] RX 128 bytes: 5a00f8000000000000005a00f8000000000000004a00f8000000000000005a00f8000000000000005a00f8000000000000005a00f8000000000000005a00f8000000000000004a00f8000000000000005a00f8000000000000004a00f8000000000000005a00f8000000000000005a00f8000000000000004a00f80000000000
02:10:51.275 [DEBUG] [serial] Sin header 0xAA, descartando 128 bytes: 5a00f8000000000000005a00f8000000
02:10:51.284 [DEBUG] [serial] RX 128 bytes: 00005a00f8000000000000004a00f8000000000000005a00f8000000000000005a00f8000000000000004a00f8000000000000005a00f8000000000000004a00f8000000000000005a00f8000000000000005a00f8000000000000005a00f8000000000000004a00f8000000000000005a00f8000000000000004a00f8000000
02:10:51.284 [DEBUG] [serial] Sin header 0xAA, descartando 128 bytes: 00005a00f8000000000000004a00f800
02:10:51.294 [DEBUG] [serial] RX 128 bytes: 000000004a00f8000000000000005a00f8000000000000005a00f8000000000000005a00f8000000000000004a00f8000000000000005a00f8000000000000005a00f8000000000000005a00f8000000000000005a00f8000000000000005a00f8000000000000005a00f8000000000000004a00f8000000000000004a00f800
02:10:51.294 [DEBUG] [serial] Sin header 0xAA, descartando 128 bytes: 000000004a00f8000000000000005a00
02:10:51.303 [DEBUG] [serial] RX 128 bytes: 0000000000004a00f8000000000000004a00f8000000000000004a00f8000000000000004a00f8000000000000005a00f8000000000000005a00f8000000000000005a00f8000000000000004a00f8000000000000005a00f8000000000000005a00f8000000000000004a00f8000000000000005a00f8000000000000005a00
02:10:51.303 [DEBUG] [serial] Sin header 0xAA, descartando 128 bytes: 0000000000004a00f800000000000000
02:10:51.313 [DEBUG] [serial] RX 128 bytes: f8000000000000004a00f8000000000000005a00f8000000000000005a00f8000000000000005a00f8000000000000004a00f8000000000000005a00f8000000000000005a00f8000000000000005a00f8000000000000004a00f8000000000000005a00f8000000000000005a00f8000000000000004a00f800000000000000
02:10:51.313 [DEBUG] [serial] Sin header 0xAA, descartando 128 bytes: f8000000000000004a00f80000000000
02:10:51.322 [DEBUG] [serial] RX 128 bytes: 5a00f8000000000000005a00f8000000000000004a00f8000000000000005a00f8000000000000004a00f8000000000000004a00f8000000000000005a00f8000000000000005a00f8000000000000004a00f8000000000000005a00f8000000000000004a00f8000000000000005a00f8000000000000004a00f80000000000
02:10:51.323 [DEBUG] [serial] Sin header 0xAA, descartando 128 bytes: 5a00f8000000000000005a00f8000000
02:10:51.332 [DEBUG] [serial] RX 128 bytes: 00005a00f8000000000000004a00f8000000000000004a00f8000000000000005a00f8000000000000005a00f8000000000000005a00f8000000000000004a00f8000000000000005a00f8000000000000004a00f8000000000000005a00f8000000000000005a00f8000000000000004a00f8000000000000005a00f8000000
02:10:51.332 [DEBUG] [serial] Sin header 0xAA, descartando 128 bytes: 00005a00f8000000000000004a00f800
02:10:51.342 [DEBUG] [serial] RX 128 bytes: 000000004a00f8000000000000005a00f8000000000000005a00f8000000000000004a00f8000000000000005a00f8000000000000005a00f8000000000000005a00f8000000000000005a00f8000000000000005a00f8000000000000004a00f8000000000000005a00f8000000000000005a00f8000000000000004a00f800
02:10:51.342 [DEBUG] [serial] Sin header 0xAA, descartando 128 bytes: 000000004a00f8000000000000005a00
02:10:51.351 [DEBUG] [serial] RX 128 bytes: 0000000000004a00f8000000000000005a00f8000000000000005a00f8000000000000005a00f8000000000000005a00f8000000000000004a00f8000000000000005a00f8000000000000005a00f8000000000000005a00f8000000000000004a00f8000000000000005a00f8000000000000005a00f8000000000000005a00
02:10:51.352 [DEBUG] [serial] Sin header 0xAA, descartando 128 bytes: 0000000000004a00f800000000000000
02:10:51.361 [DEBUG] [serial] RX 128 bytes: f8000000000000005a00f8000000000000004a00f8000000000000005a00f8000000000000004a00f8000000000000005a00f8000000000000005a00f8000000000000005a00f8000000000000005a00f8000000000000005a00f8000000000000005a00f8000000000000005a00f8000000000000005a00f800000000000000
02:10:51.361 [DEBUG] [serial] Sin header 0xAA, descartando 128 bytes: f8000000000000005a00f80000000000
02:10:51.370 [DEBUG] [serial] RX 128 bytes: 4a00f8000000000000005a00f8000000000000005a00f8000000000000005a00f8000000000000004a00f8000000000000004a00f8000000000000005a00f8000000000000005a00f8000000000000004a00f8000000000000004a00f8000000000000005a00f8000000000000005a00f8000000000000004a00f80000000000
02:10:51.371 [DEBUG] [serial] Sin header 0xAA, descartando 128 bytes: 4a00f8000000000000005a00f8000000
02:10:51.380 [DEBUG] [serial] RX 128 bytes: 00005a00f8000000000000005a00f8000000000000004a00f8000000000000005a00f8000000000000005a00f8000000000000004a00f8000000000000005a00f8000000000000005a00f8000000000000004a00f8000000000000005a00f8000000000000004a00f8000000000000005a00f8000000000000004a00f8000000
02:10:51.380 [DEBUG] [serial] Sin header 0xAA, descartando 128 bytes: 00005a00f8000000000000005a00f800
02:10:51.390 [DEBUG] [serial] RX 128 bytes: 000000005a00f8000000000000005a00f8000000000000005a00f8000000000000005a00f8000000000000004a00f8000000000000005a00f8000000000000005a00f8000000000000004a00f8000000000000005a00f8000000000000005a00f8000000000000004a00f8000000000000005a00f8000000000000004a00f800
02:10:51.390 [DEBUG] [serial] Sin header 0xAA, descartando 128 bytes: 000000005a00f8000000000000005a00
02:10:51.399 [DEBUG] [serial] RX 128 bytes: 0000000000005a00f8000000000000004a00f8000000000000005a00f8000000000000004a00f8000000000000005a00f8000000000000005a00f8000000000000004a00f8000000000000004a00f8000000000000005a00f8000000000000004a00f8000000000000005a00f8000000000000004a00f8000000000000005a00
02:10:51.400 [DEBUG] [serial] Sin header 0xAA, descartando 128 bytes: 0000000000005a00f800000000000000
02:10:51.409 [DEBUG] [serial] RX 128 bytes: f8000000000000005a00f8000000000000005a00f8000000000000005a00f8000000000000004a00f8000000000000005a00f8000000000000005a00f8000000000000004a00f8000000000000004a00f8000000000000005a00f8000000000000005a00f8000000000000005a00f8000000000000004a00f800000000000000
02:10:51.409 [DEBUG] [serial] Sin header 0xAA, descartando 128 bytes: f8000000000000005a00f80000000000
02:10:51.418 [DEBUG] [serial] RX 128 bytes: 5a00f8000000000000004a00f8000000000000005a00f8000000000000004a00f8000000000000005a00f8000000000000005a00f8000000000000004a00f8000000000000005a00f8000000000000005a00f8000000000000005a00f8000000000000005a00f8000000000000005a00f8000000000000005a00f80000000000
02:10:51.419 [DEBUG] [serial] Sin header 0xAA, descartando 128 bytes: 5a00f8000000000000004a00f8000000
02:10:51.428 [DEBUG] [serial] RX 128 bytes: 00005a00f8000000000000005a00f8000000000000005a00f8000000000000005a00f8000000000000005a00f8000000000000004a00f8000000000000005a00f8000000000000004a00f8000000000000005a00f8000000000000005a00f8000000000000004a00f8000000000000005a00f8000000000000004a00f8000000
02:10:51.428 [INFO] [GUI] Click MuxIn -> 1
02:10:51.428 [DEBUG] [serial] Sin header 0xAA, descartando 128 bytes: 00005a00f8000000000000005a00f800
02:10:51.428 [INFO] [serial] Encolando TX CMD_MUX_IN sel=1: bb0101
02:10:51.438 [INFO] [serial] TX CMD_MUX_IN sel=1: bb0101
02:10:51.438 [DEBUG] [serial] TX OK: 3 bytes escritos
02:10:51.439 [DEBUG] [serial] RX 128 bytes: 000000005a00f8000000000000005a00f8000000000000004a00f8000000000000005a00f8000000000000005a00f8000000000000005a00f8000000000000004a00f8000000000000004a00f8000000000000004a00f8000000000000005a00f8000000000000005a00f8000000000000004a00f8000000000000005a00f800
02:10:51.439 [DEBUG] [serial] Sin header 0xAA, descartando 128 bytes: 000000005a00f8000000000000005a00
02:10:51.447 [DEBUG] [serial] RX 128 bytes: 0000000000005a00f8000000000000004a00f8000000000000004a00f8000000000000005a00f8000000000000005a00f8000000000000004a00f8000000000000004a00f8000000000000005a00f8000000000000005a00f8000000000000004a00f8000000000000004a00f8000000000000005a00f8000000000000004a00
02:10:51.448 [DEBUG] [serial] Sin header 0xAA, descartando 128 bytes: 0000000000005a00f800000000000000
02:10:51.457 [DEBUG] [serial] RX 128 bytes: f8000000000000005a00f8000000000000005a00f8000000000000005a00f8000000000000005a00f8000000000000005a00f8000000000000004a00f8000000000000004a00f8000000000000004a00f8000000000000005a00f8000000000000004a00f8000000000000005a00f8000000000000004a00f800000000000000
02:10:51.457 [DEBUG] [serial] Sin header 0xAA, descartando 128 bytes: f8000000000000005a00f80000000000
02:10:51.466 [DEBUG] [serial] RX 128 bytes: 4a00f8000000000000005a00f8000000000000005a00f8000000000000005a00f8000000000000004a00f8000000000000005a00f8000000000000004a00f8000000000000005a00f8000000000000004a00f8000000000000005a00f8000000000000005a00f8000000000000005a00f8000000000000004a00f80000000000
02:10:51.467 [DEBUG] [serial] Sin header 0xAA, descartando 128 bytes: 4a00f8000000000000005a00f8000000
02:10:51.476 [DEBUG] [serial] RX 128 bytes: 00005a00f8000000000000004a00f8000000000000004a00f8000000000000005a00f8000000000000005a00f8000000000000005a00f8000000000000004a00f8000000000000005a00f8000000000000005a00f8000000000000004a00f8000000000000005a00f8000000000000005a00f8000000000000005a00f8000000
02:10:51.476 [DEBUG] [serial] Sin header 0xAA, descartando 128 bytes: 00005a00f8000000000000004a00f800
02:10:51.486 [DEBUG] [serial] RX 128 bytes: 000000004a00f8000000000000005a00f8000000000000005a00f8000000000000005a00f8000000000000004a00f8000000000000005a00f8000000000000004a00f8000000000000005a00f8000000000000005a00f8000000000000005a00f8000000000000005a00f8000000000000005a00f8000000000000005a00f800
02:10:51.486 [DEBUG] [serial] Sin header 0xAA, descartando 128 bytes: 000000004a00f8000000000000005a00
02:10:51.495 [DEBUG] [serial] RX 128 bytes: 0000000000004a00f8000000000000005a00f8000000000000004a00f8000000000000005a00f8000000000000005a00f8000000000000004a00f8000000000000005a00f8000000000000005a00f8000000000000004a00f8000000000000005a00f8000000000000005a00f8000000000000005a00f8000000000000005a00
02:10:51.495 [DEBUG] [serial] Sin header 0xAA, descartando 128 bytes: 0000000000004a00f800000000000000
02:10:51.505 [DEBUG] [serial] RX 128 bytes: f8000000000000005a00f8000000000000005a00f8000000000000005a00f8000000000000005a00f8000000000000005a00f8000000000000004a00f8000000000000005a00f8000000000000005a00f8000000000000004a00f8000000000000005a00f8000000000000005a00f8000000000000005a00f800000000000000
02:10:51.505 [DEBUG] [serial] Sin header 0xAA, descartando 128 bytes: f8000000000000005a00f80000000000
02:10:51.514 [DEBUG] [serial] RX 128 bytes: 4a00f8000000000000005a00f8000000000000005a00f8000000000000004a00f8000000000000005a00f8000000000000005a00f8000000000000005a00f8000000000000004a00f8000000000000005a00f8000000000000004a00f8000000000000004a00f8000000000000005a00f8000000000000004a00f80000000000
02:10:51.514 [DEBUG] [serial] Sin header 0xAA, descartando 128 bytes: 4a00f8000000000000005a00f8000000
02:10:51.524 [DEBUG] [serial] RX 128 bytes: 00005a00f8000000000000005a00f8000000000000005a00f8000000000000005a00f8000000000000004a00f8000000000000005a00f8000000000000004a00f8000000000000005a00f8000000000000005a00f8000000000000004a00f8000000000000005a00f8000000000000004a00f8000000000000005a00f8000000
02:10:51.524 [DEBUG] [serial] Sin header 0xAA, descartando 128 bytes: 00005a00f8000000000000005a00f800
02:10:51.534 [DEBUG] [serial] RX 128 bytes: 000000005a00f8000000000000004a00f8000000000000005a00f8000000000000005a00f8000000000000004a00f8000000000000005a00f8000000000000005a00f8000000000000004a00f8000000000000005a00f8000000000000005a00f8000000000000005a00f8000000000000005a00f8000000000000004a00f800
02:10:51.534 [DEBUG] [serial] Sin header 0xAA, descartando 128 bytes: 000000005a00f8000000000000004a00
02:10:51.543 [DEBUG] [serial] RX 128 bytes: 0000000000005a00f8000000000000004a00f8000000000000005a00f8000000000000004a00f8000000000000005a00f8000000000000005a00f8000000000000004a00f8000000000000005a00f8000000000000005a00f8000000000000004a00f8000000000000005a00f8000000000000005a00f8000000000000004a00
02:10:51.543 [DEBUG] [serial] Sin header 0xAA, descartando 128 bytes: 0000000000005a00f800000000000000
02:10:51.553 [DEBUG] [serial] RX 128 bytes: f8000000000000005a00f8000000000000004a00f8000000000000005a00f8000000000000005a00f8000000000000004a00f8000000000000004a00f8000000000000005a00f8000000000000005a00f8000000000000005a00f8000000000000005a00f8000000000000004a00f8000000000000005a00f800000000000000
02:10:51.553 [DEBUG] [serial] Sin header 0xAA, descartando 128 bytes: f8000000000000005a00f80000000000
02:10:51.562 [DEBUG] [serial] RX 128 bytes: 5a00f8000000000000004a00f8000000000000005a00f8000000000000005a00f8000000000000005a00f8000000000000005a00f8000000000000004a00f8000000000000005a00f8000000000000005a00f8000000000000004a00f8000000000000005a00f8000000000000005a00f8000000000000004a00f80000000000
02:10:51.562 [DEBUG] [serial] Sin header 0xAA, descartando 128 bytes: 5a00f8000000000000004a00f8000000
02:10:51.572 [DEBUG] [serial] RX 128 bytes: 00004a00f8000000000000004a00f8000000000000005a00f8000000000000005a00f8000000000000005a00f8000000000000004a00f8000000000000004a00f8000000000000005a00f8000000000000005a00f8000000000000005a00f8000000000000005a00f8000000000000004a00f8000000000000004a00f8000000
02:10:51.572 [DEBUG] [serial] Sin header 0xAA, descartando 128 bytes: 00004a00f8000000000000004a00f800
02:10:51.582 [DEBUG] [serial] RX 128 bytes: 000000005a00f8000000000000005a00f8000000000000005a00f8000000000000004a00f8000000000000005a00f8000000000000005a00f8000000000000005a00f8000000000000005a00f8000000000000004a00f8000000000000005a00f8000000000000004a00f8000000000000005a00f8000000000000005a00f800
02:10:51.582 [DEBUG] [serial] Sin header 0xAA, descartando 128 bytes: 000000005a00f8000000000000005a00
02:10:51.591 [DEBUG] [serial] RX 128 bytes: 0000000000004a00f8000000000000005a00f8000000000000005a00f8000000000000004a00f8000000000000005a00f8000000000000005a00f8000000000000004a00f8000000000000005a00f8000000000000005a00f8000000000000005a00f8000000000000005a00f8000000000000005a00f8000000000000005a00
02:10:51.591 [DEBUG] [serial] Sin header 0xAA, descartando 128 bytes: 0000000000004a00f800000000000000
02:10:51.601 [DEBUG] [serial] RX 128 bytes: f8000000000000005a00f8000000000000004a00f8000000000000005a00f8000000000000005a00f8000000000000005a00f8000000000000005a00f8000000000000005a00f8000000000000005a00f8000000000000004a00f8000000000000005a00f8000000000000005a00f8000000000000004a00f800000000000000
02:10:51.601 [DEBUG] [serial] Sin header 0xAA, descartando 128 bytes: f8000000000000005a00f80000000000
02:10:51.610 [DEBUG] [serial] RX 128 bytes: 5a00f8000000000000004a00f8000000000000005a00f8000000000000004a00f8000000000000005a00f8000000000000005a00f8000000000000004a00f8000000000000004a00f8000000000000005a00f8000000000000005a00f8000000000000005a00f8000000000000005a00f8000000000000004a00f80000000000
02:10:51.610 [DEBUG] [serial] Sin header 0xAA, descartando 128 bytes: 5a00f8000000000000004a00f8000000
02:10:51.620 [DEBUG] [serial] RX 128 bytes: 00005a00f8000000000000004a00f8000000000000005a00f8000000000000004a00f8000000000000005a00f8000000000000005a00f8000000000000004a00f8000000000000005a00f8000000000000005a00f8000000000000005a00f8000000000000004a00f8000000000000005a00f8000000000000005a00f8000000
02:10:51.620 [DEBUG] [serial] Sin header 0xAA, descartando 128 bytes: 00005a00f8000000000000004a00f800
02:10:51.629 [DEBUG] [serial] RX 128 bytes: 000000004a00f8000000000000004a00f8000000000000005a00f8000000000000005a00f8000000000000005a00f8000000000000005a00f8000000000000005a00f8000000000000005a00f8000000000000004a00f8000000000000005a00f8000000000000005a00f8000000000000004a00f8000000000000005a00f800
02:10:51.630 [DEBUG] [serial] Sin header 0xAA, descartando 128 bytes: 000000004a00f8000000000000004a00
02:10:51.639 [DEBUG] [serial] RX 128 bytes: 0000000000005a00f8000000000000004a00f8000000000000005a00f8000000000000005a00f8000000000000005a00f8000000000000005a00f8000000000000005a00f8000000000000004a00f8000000000000004a00f8000000000000005a00f8000000000000004a00f8000000000000005a00f8000000000000005a00
02:10:51.639 [DEBUG] [serial] Sin header 0xAA, descartando 128 bytes: 0000000000005a00f800000000000000
02:10:51.648 [DEBUG] [serial] RX 128 bytes: f8000000000000005a00f8000000000000005a00f8000000000000005a00f8000000000000004a00f8000000000000005a00f8000000000000004a00f8000000000000005a00f8000000000000005a00f8000000000000004a00f8000000000000005a00f8000000000000005a00f8000000000000004a00f800000000000000
02:10:51.649 [DEBUG] [serial] Sin header 0xAA, descartando 128 bytes: f8000000000000005a00f80000000000
02:10:51.658 [DEBUG] [serial] RX 128 bytes: 5a00f8000000000000005a00f8000000000000005a00f8000000000000005a00f8000000000000005a00f8000000000000005a00f8000000000000004a00f8000000000000004a00f8000000000000004a00f8000000000000004a00f8000000000000004a00f8000000000000004a00f8000000000000005a00f80000000000
02:10:51.658 [DEBUG] [serial] Sin header 0xAA, descartando 128 bytes: 5a00f8000000000000005a00f8000000
02:10:51.668 [DEBUG] [serial] RX 128 bytes: 00005a00f8000000000000005a00f8000000000000004a00f8000000000000005a00f8000000000000005a00f8000000000000004a00f8000000000000005a00f8000000000000005a00f8000000000000005a00f8000000000000004a00f8000000000000005a00f8000000000000005a00f8000000000000004a00f8000000
02:10:51.668 [DEBUG] [serial] Sin header 0xAA, descartando 128 bytes: 00005a00f8000000000000005a00f800
02:10:51.677 [DEBUG] [serial] RX 128 bytes: 000000005a00f8000000000000005a00f8000000000000004a00f8000000000000005a00f8000000000000005a00f8000000000000005a00f8000000000000005a00f8000000000000004a00f8000000000000004a00f8000000000000005a00f8000000000000005a00f8000000000000005a00f8000000000000005a00f800
02:10:51.678 [DEBUG] [serial] Sin header 0xAA, descartando 128 bytes: 000000005a00f8000000000000005a00
02:10:51.687 [DEBUG] [serial] RX 128 bytes: 0000000000005a00f8000000000000004a00f8000000000000005a00f8000000000000004a00f8000000000000004a00f8000000000000005a00f8000000000000004a00f8000000000000005a00f8000000000000004a00f8000000000000004a00f8000000000000004a00f8000000000000004a00f8000000000000005a00
02:10:51.687 [DEBUG] [serial] Sin header 0xAA, descartando 128 bytes: 0000000000005a00f800000000000000
02:10:51.696 [DEBUG] [serial] RX 128 bytes: f8000000000000005a00f8000000000000004a00f8000000000000005a00f8000000000000005a00f8000000000000005a00f8000000000000004a00f8000000000000004a00f8000000000000004a00f8000000000000004a00f8000000000000004a00f8000000000000005a00f8000000000000005a00f800000000000000
02:10:51.696 [DEBUG] [serial] Sin header 0xAA, descartando 128 bytes: f8000000000000005a00f80000000000
02:10:51.706 [DEBUG] [serial] RX 128 bytes: 5a00f8000000000000004a00f8000000000000005a00f8000000000000005a00f8000000000000005a00f8000000000000004a00f8000000000000005a00f8000000000000004a00f8000000000000005a00f8000000000000005a00f8000000000000005a00f8000000000000005a00f8000000000000004a00f80000000000
02:10:51.706 [DEBUG] [serial] Sin header 0xAA, descartando 128 bytes: 5a00f8000000000000004a00f8000000
02:10:51.716 [DEBUG] [serial] RX 128 bytes: 00005a00f8000000000000004a00f8000000000000005a00f8000000000000004a00f8000000000000005a00f8000000000000005a00f8000000000000004a00f8000000000000005a00f8000000000000005a00f8000000000000005a00f8000000000000004a00f8000000000000005a00f8000000000000004a00f8000000
02:10:51.716 [DEBUG] [serial] Sin header 0xAA, descartando 128 bytes: 00005a00f8000000000000004a00f800
02:10:51.725 [DEBUG] [serial] RX 128 bytes: 000000005a00f8000000000000004a00f8000000000000005a00f8000000000000005a00f8000000000000004a00f8000000000000004a00f8000000000000005a00f8000000000000005a00f8000000000000005a00f8000000000000005a00f8000000000000004a00f8000000000000005a00f8000000000000004a00f800
02:10:51.725 [DEBUG] [serial] Sin header 0xAA, descartando 128 bytes: 000000005a00f8000000000000004a00
02:10:51.735 [DEBUG] [serial] RX 128 bytes: 0000000000004a00f8000000000000005a00f8000000000000005a00f8000000000000004a00f8000000000000005a00f8000000000000005a00f8000000000000005a00f8000000000000005a00f8000000000000004a00f8000000000000005a00f8000000000000005a00f8000000000000004a00f8000000000000004a00
02:10:51.735 [DEBUG] [serial] Sin header 0xAA, descartando 128 bytes: 0000000000004a00f800000000000000
02:10:51.744 [DEBUG] [serial] RX 128 bytes: f8000000000000005a00f8000000000000005a00f8000000000000005a00f8000000000000004a00f8000000000000004a00f8000000000000005a00f8000000000000005a00f8000000000000005a00f8000000000000004a00f8000000000000004a00f8000000000000005a00f8000000000000005a00f800000000000000
02:10:51.745 [DEBUG] [serial] Sin header 0xAA, descartando 128 bytes: f8000000000000005a00f80000000000
02:10:51.754 [DEBUG] [serial] RX 128 bytes: 5a00f8000000000000005a00f8000000000000005a00f8000000000000004a00f8000000000000005a00f8000000000000005a00f8000000000000004a00f8000000000000004a00f8000000000000005a00f8000000000000005a00f8000000000000004a00f8000000000000005a00f8000000000000005a00f80000000000
02:10:51.754 [DEBUG] [serial] Sin header 0xAA, descartando 128 bytes: 5a00f8000000000000005a00f8000000
02:10:51.763 [DEBUG] [serial] RX 128 bytes: 00005a00f8000000000000005a00f8000000000000005a00f8000000000000005a00f8000000000000005a00f8000000000000004a00f8000000000000005a00f8000000000000005a00f8000000000000005a00f8000000000000005a00f8000000000000004a00f8000000000000005a00f8000000000000005a00f8000000
02:10:51.764 [DEBUG] [serial] Sin header 0xAA, descartando 128 bytes: 00005a00f8000000000000005a00f800
02:10:51.773 [DEBUG] [serial] RX 128 bytes: 000000004a00f8000000000000005a00f8000000000000004a00f8000000000000005a00f8000000000000005a00f8000000000000005a00f8000000000000004a00f8000000000000004a00f8000000000000004a00f8000000000000004a00f8000000000000005a00f8000000000000005a00f8000000000000005a00f800
02:10:51.774 [DEBUG] [serial] Sin header 0xAA, descartando 128 bytes: 000000004a00f8000000000000005a00
02:10:51.783 [DEBUG] [serial] RX 128 bytes: 0000000000004a00f8000000000000005a00f8000000000000005a00f8000000000000005a00f8000000000000004a00f8000000000000005a00f8000000000000005a00f8000000000000005a00f8000000000000005a00f8000000000000004a00f8000000000000005a00f8000000000000004a00f8000000000000004a00
02:10:51.783 [DEBUG] [serial] Sin header 0xAA, descartando 128 bytes: 0000000000004a00f800000000000000
02:10:51.792 [DEBUG] [serial] RX 128 bytes: f8000000000000004a00f8000000000000004a00f8000000000000004a00f8000000000000005a00f8000000000000004a00f8000000000000004a00f8000000000000005a00f8000000000000004a00f8000000000000005a00f8000000000000005a00f8000000000000004a00f8000000000000004a00f800000000000000
02:10:51.792 [DEBUG] [serial] Sin header 0xAA, descartando 128 bytes: f8000000000000004a00f80000000000
02:10:51.802 [DEBUG] [serial] RX 128 bytes: 5a00f8000000000000004a00f8000000000000005a00f8000000000000005a00f8000000000000005a00f8000000000000005a00f8000000000000004a00f8000000000000005a00f8000000000000005a00f8000000000000005a00f8000000000000005a00f8000000000000005a00f8000000000000004a00f80000000000
02:10:51.802 [DEBUG] [serial] Sin header 0xAA, descartando 128 bytes: 5a00f8000000000000004a00f8000000
02:10:51.811 [DEBUG] [serial] RX 128 bytes: 00004a00f8000000000000005a00f8000000000000004a00f8000000000000005a00f8000000000000005a00f8000000000000005a00f8000000000000005a00f8000000000000004a00f8000000000000005a00f8000000000000005a00f8000000000000004a00f8000000000000005a00f8000000000000004a00f8000000
02:10:51.812 [DEBUG] [serial] Sin header 0xAA, descartando 128 bytes: 00004a00f8000000000000005a00f800
02:10:51.821 [DEBUG] [serial] RX 128 bytes: 000000005a00f8000000000000005a00f8000000000000005a00f8000000000000005a00f8000000000000005a00f8000000000000004a00f8000000000000005a00f8000000000000005a00f8000000000000005a00f8000000000000005a00f8000000000000004a00f8000000000000005a00f8000000000000005a00f800
02:10:51.821 [DEBUG] [serial] Sin header 0xAA, descartando 128 bytes: 000000005a00f8000000000000005a00
02:10:51.831 [DEBUG] [serial] RX 128 bytes: 0000000000004a00f8000000000000005a00f8000000000000005a00f8000000000000005a00f8000000000000004a00f8000000000000004a00f8000000000000005a00f8000000000000004a00f8000000000000005a00f8000000000000005a00f8000000000000005a00f8000000000000004a00f8000000000000005a00
02:10:51.831 [DEBUG] [serial] Sin header 0xAA, descartando 128 bytes: 0000000000004a00f800000000000000
02:10:51.840 [DEBUG] [serial] RX 128 bytes: f8000000000000005a00f8000000000000005a00f8000000000000005a00f8000000000000005a00f8000000000000004a00f8000000000000005a00f8000000000000004a00f8000000000000005a00f8000000000000004a00f8000000000000004a00f8000000000000005a00f8000000000000004a00f800000000000000
02:10:51.840 [DEBUG] [serial] Sin header 0xAA, descartando 128 bytes: f8000000000000005a00f80000000000
02:10:51.850 [DEBUG] [serial] RX 128 bytes: 4a00f8000000000000005a00f8000000000000005a00f8000000000000005a00f8000000000000004a00f8000000000000005a00f8000000000000005a00f8000000000000004a00f8000000000000005a00f8000000000000005a00f8000000000000005a00f8000000000000005a00f8000000000000004a00f80000000000
02:10:51.850 [DEBUG] [serial] Sin header 0xAA, descartando 128 bytes: 4a00f8000000000000005a00f8000000
02:10:51.859 [DEBUG] [serial] RX 128 bytes: 00005a00f8000000000000004a00f8000000000000005a00f8000000000000005a00f8000000000000005a00f8000000000000005a00f8000000000000004a00f8000000000000005a00f8000000000000005a00f8000000000000005a00f8000000000000004a00f8000000000000005a00f8000000000000005a00f8000000
02:10:51.860 [DEBUG] [serial] Sin header 0xAA, descartando 128 bytes: 00005a00f8000000000000004a00f800
02:10:51.869 [DEBUG] [serial] RX 128 bytes: 000000004a00f8000000000000004a00f8000000000000005a00f8000000000000005a00f8000000000000005a00f8000000000000005a00f8000000000000005a00f8000000000000004a00f8000000000000005a00f8000000000000005a00f8000000000000004a00f8000000000000005a00f8000000000000005a00f800
02:10:51.869 [DEBUG] [serial] Sin header 0xAA, descartando 128 bytes: 000000004a00f8000000000000004a00
02:10:51.879 [DEBUG] [serial] RX 128 bytes: 0000000000005a00f8000000000000005a00f8000000000000004a00f8000000000000005a00f8000000000000005a00f8000000000000004a00f8000000000000005a00f8000000000000005a00f8000000000000005a00f8000000000000005a00f8000000000000005a00f8000000000000004a00f8000000000000004a00
02:10:51.879 [DEBUG] [serial] Sin header 0xAA, descartando 128 bytes: 0000000000005a00f800000000000000
02:10:51.888 [DEBUG] [serial] RX 128 bytes: f8000000000000004a00f8000000000000004a00f8000000000000005a00f8000000000000004a00f8000000000000005a00f8000000000000005a00f8000000000000005a00f8000000000000004a00f8000000000000004a00f8000000000000005a00f8000000000000005a00f8000000000000005a00f800000000000000
02:10:51.888 [DEBUG] [serial] Sin header 0xAA, descartando 128 bytes: f8000000000000004a00f80000000000
02:10:51.898 [DEBUG] [serial] RX 128 bytes: 5a00f8000000000000005a00f8000000000000005a00f8000000000000005a00f8000000000000004a00f8000000000000004a00f8000000000000005a00f8000000000000005a00f8000000000000004a00f8000000000000005a00f8000000000000005a00f8000000000000005a00f8000000000000004a00f80000000000
02:10:51.898 [DEBUG] [serial] Sin header 0xAA, descartando 128 bytes: 5a00f8000000000000005a00f8000000
02:10:51.907 [DEBUG] [serial] RX 128 bytes: 00004a00f8000000000000004a00f8000000000000004a00f8000000000000005a00f8000000000000005a00f8000000000000005a00f8000000000000005a00f8000000000000005a00f8000000000000005a00f8000000000000004a00f8000000000000005a00f8000000000000004a00f8000000000000005a00f8000000
02:10:51.907 [DEBUG] [serial] Sin header 0xAA, descartando 128 bytes: 00004a00f8000000000000004a00f800
02:10:51.917 [DEBUG] [serial] RX 128 bytes: 000000005a00f8000000000000005a00f8000000000000004a00f8000000000000005a00f8000000000000004a00f8000000000000005a00f8000000000000004a00f8000000000000004a00f8000000000000005a00f8000000000000005a00f8000000000000005a00f8000000000000005a00f8000000000000005a00f800
02:10:51.917 [DEBUG] [serial] Sin header 0xAA, descartando 128 bytes: 000000005a00f8000000000000005a00
02:10:51.927 [DEBUG] [serial] RX 128 bytes: 0000000000004a00f8000000000000004a00f8000000000000004a00f8000000000000005a00f8000000000000005a00f8000000000000005a00f8000000000000005a00f8000000000000005a00f8000000000000004a00f8000000000000005a00f8000000000000005a00f8000000000000004a00f8000000000000005a00
02:10:51.927 [DEBUG] [serial] Sin header 0xAA, descartando 128 bytes: 0000000000004a00f800000000000000
02:10:51.936 [DEBUG] [serial] RX 128 bytes: f8000000000000005a00f8000000000000005a00f8000000000000005a00f8000000000000004a00f8000000000000005a00f8000000000000005a00f8000000000000005a00f8000000000000004a00f8000000000000005a00f8000000000000005a00f8000000000000004a00f8000000000000005a00f800000000000000
02:10:51.936 [DEBUG] [serial] Sin header 0xAA, descartando 128 bytes: f8000000000000005a00f80000000000
02:10:51.946 [DEBUG] [serial] RX 128 bytes: 4a00f8000000000000004a00f8000000000000005a00f8000000000000005a00f8000000000000004a00f8000000000000004a00f8000000000000004a00f8000000000000005a00f8000000000000004a00f8000000000000005a00f8000000000000005a00f8000000000000004a00f8000000000000005a00f80000000000
02:10:51.946 [DEBUG] [serial] Sin header 0xAA, descartando 128 bytes: 4a00f8000000000000004a00f8000000
02:10:51.955 [DEBUG] [serial] RX 128 bytes: 00005a00f8000000000000004a00f8000000000000005a00f8000000000000005a00f8000000000000005a00f8000000000000004a00f8000000000000005a00f8000000000000004a00f8000000000000005a00f8000000000000004a00f8000000000000004a00f8000000000000005a00f8000000000000004a00f8000000
02:10:51.955 [DEBUG] [serial] Sin header 0xAA, descartando 128 bytes: 00005a00f8000000000000004a00f800
02:10:51.965 [DEBUG] [serial] RX 128 bytes: 000000005a00f8000000000000004a00f8000000000000005a00f8000000000000005a00f8000000000000004a00f8000000000000005a00f8000000000000004a00f8000000000000005a00f8000000000000005a00f8000000000000005a00f8000000000000005a00f8000000000000004a00f8000000000000005a00f800
02:10:51.965 [DEBUG] [serial] Sin header 0xAA, descartando 128 bytes: 000000005a00f8000000000000004a00
02:10:51.975 [DEBUG] [serial] RX 128 bytes: 0000000000005a00f8000000000000004a00f8000000000000004a00f8000000000000005a00f8000000000000004a00f8000000000000005a00f8000000000000005a00f8000000000000004a00f8000000000000005a00f8000000000000005a00f8000000000000004a00f8000000000000005a00f8000000000000005a00
02:10:51.975 [DEBUG] [serial] Sin header 0xAA, descartando 128 bytes: 0000000000005a00f800000000000000
02:10:51.984 [DEBUG] [serial] RX 128 bytes: f8000000000000004a00f8000000000000004a00f8000000000000005a00f8000000000000005a00f8000000000000005a00f8000000000000005a00f8000000000000004a00f8000000000000005a00f8000000000000005a00f8000000000000004a00f8000000000000005a00f8000000000000004a00f800000000000000
02:10:51.984 [DEBUG] [serial] Sin header 0xAA, descartando 128 bytes: f8000000000000004a00f80000000000
02:10:51.994 [DEBUG] [serial] RX 128 bytes: 5a00f8000000000000005a00f8000000000000005a00f8000000000000005a00f8000000000000004a00f8000000000000005a00f8000000000000005a00f8000000000000004a00f8000000000000005a00f8000000000000005a00f8000000000000005a00f8000000000000005a00f8000000000000005a00f80000000000
02:10:51.994 [DEBUG] [serial] Sin header 0xAA, descartando 128 bytes: 5a00f8000000000000005a00f8000000
02:10:52.003 [DEBUG] [serial] RX 128 bytes: 00005a00f8000000000000005a00f8000000000000005a00f8000000000000005a00f8000000000000005a00f8000000000000004a00f8000000000000004a00f8000000000000005a00f8000000000000005a00f8000000000000004a00f8000000000000004a00f8000000000000005a00f8000000000000004a00f8000000
02:10:52.004 [DEBUG] [serial] Sin header 0xAA, descartando 128 bytes: 00005a00f8000000000000005a00f800
02:10:52.013 [DEBUG] [serial] RX 128 bytes: 000000004a00f8000000000000005a00f8000000000000005a00f8000000000000004a00f8000000000000005a00f8000000000000005a00f8000000000000004a00f8000000000000005a00f8000000000000005a00f8000000000000004a00f8000000000000005a00f8000000000000005a00f8000000000000004a00f800
02:10:52.013 [DEBUG] [serial] Sin header 0xAA, descartando 128 bytes: 000000004a00f8000000000000005a00
02:10:52.022 [DEBUG] [serial] RX 128 bytes: 0000000000005a00f8000000000000005a00f8000000000000004a00f8000000000000005a00f8000000000000005a00f8000000000000005a00f8000000000000005a00f8000000000000005a00f8000000000000005a00f8000000000000005a00f8000000000000005a00f8000000000000004a00f8000000000000005a00
02:10:52.023 [DEBUG] [serial] Sin header 0xAA, descartando 128 bytes: 0000000000005a00f800000000000000
02:10:52.032 [DEBUG] [serial] RX 128 bytes: f8000000000000005a00f8000000000000004a00f8000000000000005a00f8000000000000004a00f8000000000000005a00f8000000000000005a00f8000000000000005a00f8000000000000005a00f8000000000000004a00f8000000000000005a00f8000000000000004a00f8000000000000005a00f800000000000000
02:10:52.032 [DEBUG] [serial] Sin header 0xAA, descartando 128 bytes: f8000000000000005a00f80000000000
02:10:52.041 [DEBUG] [serial] RX 128 bytes: 5a00f8000000000000005a00f8000000000000004a00f8000000000000005a00f8000000000000004a00f8000000000000004a00f8000000000000005a00f8000000000000005a00f8000000000000005a00f8000000000000005a00f8000000000000005a00f8000000000000005a00f8000000000000004a00f80000000000
02:10:52.042 [DEBUG] [serial] Sin header 0xAA, descartando 128 bytes: 5a00f8000000000000005a00f8000000
02:10:52.051 [DEBUG] [serial] RX 128 bytes: 00005a00f8000000000000004a00f8000000000000005a00f8000000000000005a00f8000000000000005a00f8000000000000005a00f8000000000000005a00f8000000000000004a00f8000000000000004a00f8000000000000005a00f8000000000000005a00f8000000000000005a00f8000000000000005a00f8000000
02:10:52.051 [DEBUG] [serial] Sin header 0xAA, descartando 128 bytes: 00005a00f8000000000000004a00f800
02:10:52.061 [DEBUG] [serial] RX 128 bytes: 000000004a00f8000000000000005a00f8000000000000005a00f8000000000000004a00f8000000000000005a00f8000000000000005a00f8000000000000005a00f8000000000000005a00f8000000000000005a00f8000000000000005a00f8000000000000005a00f8000000000000004a00f8000000000000005a00f800
02:10:52.061 [DEBUG] [serial] Sin header 0xAA, descartando 128 bytes: 000000004a00f8000000000000005a00
02:10:52.070 [DEBUG] [serial] RX 128 bytes: 0000000000004a00f8000000000000005a00f8000000000000005a00f8000000000000004a00f8000000000000005a00f8000000000000005a00f8000000000000004a00f8000000000000005a00f8000000000000005a00f8000000000000005a00f8000000000000005a00f8000000000000005a00f8000000000000005a00
02:10:52.071 [DEBUG] [serial] Sin header 0xAA, descartando 128 bytes: 0000000000004a00f800000000000000
02:10:52.080 [DEBUG] [serial] RX 128 bytes: f8000000000000005a00f8000000000000005a00f8000000000000004a00f8000000000000004a00f8000000000000005a00f8000000000000005a00f8000000000000004a00f8000000000000005a00f8000000000000005a00f8000000000000004a00f8000000000000005a00f8000000000000005a00f800000000000000
02:10:52.080 [DEBUG] [serial] Sin header 0xAA, descartando 128 bytes: f8000000000000005a00f80000000000
02:10:52.089 [DEBUG] [serial] RX 128 bytes: 5a00f8000000000000005a00f8000000000000004a00f8000000000000005a00f8000000000000005a00f8000000000000004a00f8000000000000004a00f8000000000000005a00f8000000000000004a00f8000000000000005a00f8000000000000004a00f8000000000000004a00f8000000000000005a00f80000000000
02:10:52.090 [DEBUG] [serial] Sin header 0xAA, descartando 128 bytes: 5a00f8000000000000005a00f8000000
02:10:52.099 [DEBUG] [serial] RX 128 bytes: 00005a00f8000000000000004a00f8000000000000004a00f8000000000000005a00f8000000000000005a00f8000000000000005a00f8000000000000005a00f8000000000000005a00f8000000000000005a00f8000000000000005a00f8000000000000005a00f8000000000000004a00f8000000000000005a00f8000000
02:10:52.100 [DEBUG] [serial] Sin header 0xAA, descartando 128 bytes: 00005a00f8000000000000004a00f800
02:10:52.109 [DEBUG] [serial] RX 128 bytes: 000000005a00f8000000000000004a00f8000000000000004a00f8000000000000004a00f8000000000000005a00f8000000000000005a00f8000000000000005a00f8000000000000005a00f8000000000000004a00f8000000000000004a00f8000000000000005a00f8000000000000005a00f8000000000000005a00f800
02:10:52.109 [DEBUG] [serial] Sin header 0xAA, descartando 128 bytes: 000000005a00f8000000000000004a00
02:10:52.118 [DEBUG] [serial] RX 128 bytes: 0000000000005a00f8000000000000004a00f8000000000000005a00f8000000000000005a00f8000000000000004a00f8000000000000004a00f8000000000000004a00f8000000000000005a00f8000000000000005a00f8000000000000005a00f8000000000000004a00f8000000000000005a00f8000000000000005a00
02:10:52.119 [DEBUG] [serial] Sin header 0xAA, descartando 128 bytes: 0000000000005a00f800000000000000
02:10:52.128 [DEBUG] [serial] RX 128 bytes: f8000000000000004a00f8000000000000004a00f8000000000000005a00f8000000000000004a00f8000000000000004a00f8000000000000005a00f8000000000000005a00f8000000000000005a00f8000000000000005a00f8000000000000005a00f8000000000000005a00f8000000000000005a00f800000000000000
02:10:52.128 [DEBUG] [serial] Sin header 0xAA, descartando 128 bytes: f8000000000000004a00f80000000000
02:10:52.137 [DEBUG] [serial] RX 128 bytes: 4a00f8000000000000004a00f8000000000000005a00f8000000000000005a00f8000000000000004a00f8000000000000005a00f8000000000000004a00f8000000000000004a00f8000000000000005a00f8000000000000005a00f8000000000000004a00f8000000000000005a00f8000000000000004a00f80000000000
02:10:52.138 [DEBUG] [serial] Sin header 0xAA, descartando 128 bytes: 4a00f8000000000000004a00f8000000
02:10:52.147 [DEBUG] [serial] RX 128 bytes: 00004a00f8000000000000005a00f8000000000000005a00f8000000000000004a00f8000000000000005a00f8000000000000005a00f8000000000000005a00f8000000000000004a00f8000000000000005a00f8000000000000005a00f8000000000000004a00f8000000000000005a00f8000000000000005a00f8000000
02:10:52.147 [DEBUG] [serial] Sin header 0xAA, descartando 128 bytes: 00004a00f8000000000000005a00f800
02:10:52.157 [DEBUG] [serial] RX 128 bytes: 000000005a00f8000000000000005a00f8000000000000004a00f8000000000000005a00f8000000000000005a00f8000000000000005a00f8000000000000005a00f8000000000000005a00f8000000000000005a00f8000000000000004a00f8000000000000005a00f8000000000000005a00f8000000000000005a00f800
02:10:52.157 [DEBUG] [serial] Sin header 0xAA, descartando 128 bytes: 000000005a00f8000000000000005a00
02:10:52.166 [DEBUG] [serial] RX 128 bytes: 0000000000004a00f8000000000000005a00f8000000000000005a00f8000000000000005a00f8000000000000005a00f8000000000000005a00f8000000000000004a00f8000000000000005a00f8000000000000004a00f8000000000000005a00f8000000000000005a00f8000000000000004a00f8000000000000004a00
02:10:52.167 [DEBUG] [serial] Sin header 0xAA, descartando 128 bytes: 0000000000004a00f800000000000000
02:10:52.176 [DEBUG] [serial] RX 128 bytes: f8000000000000005a00f8000000000000004a00f8000000000000005a00f8000000000000004a00f8000000000000005a00f8000000000000005a00f8000000000000004a00f8000000000000004a00f8000000000000004a00f8000000000000004a00f8000000000000005a00f8000000000000005a00f800000000000000
02:10:52.176 [DEBUG] [serial] Sin header 0xAA, descartando 128 bytes: f8000000000000005a00f80000000000
02:10:52.185 [DEBUG] [serial] RX 128 bytes: 4a00f8000000000000005a00f8000000000000005a00f8000000000000004a00f8000000000000005a00f8000000000000004a00f8000000000000005a00f8000000000000005a00f8000000000000004a00f8000000000000004a00f8000000000000005a00f8000000000000005a00f8000000000000004a00f80000000000
02:10:52.186 [DEBUG] [serial] Sin header 0xAA, descartando 128 bytes: 4a00f8000000000000005a00f8000000
02:10:52.195 [DEBUG] [serial] RX 128 bytes: 00005a00f8000000000000005a00f8000000000000005a00f8000000000000004a00f8000000000000004a00f8000000000000004a00f8000000000000005a00f8000000000000005a00f8000000000000005a00f8000000000000005a00f8000000000000005a00f8000000000000004a00f8000000000000004a00f8000000
02:10:52.195 [DEBUG] [serial] Sin header 0xAA, descartando 128 bytes: 00005a00f8000000000000005a00f800
02:10:52.205 [DEBUG] [serial] RX 128 bytes: 000000005a00f8000000000000005a00f8000000000000004a00f8000000000000004a00f8000000000000004a00f8000000000000004a00f8000000000000005a00f8000000000000005a00f8000000000000004a00f8000000000000004a00f8000000000000005a00f8000000000000005a00f8000000000000005a00f800
02:10:52.205 [DEBUG] [serial] Sin header 0xAA, descartando 128 bytes: 000000005a00f8000000000000005a00
02:10:52.214 [DEBUG] [serial] RX 128 bytes: 0000000000005a00f8000000000000004a00f8000000000000005a00f8000000000000005a00f8000000000000004a00f8000000000000005a00f8000000000000004a00f8000000000000005a00f8000000000000005a00f8000000000000005a00f8000000000000004a00f8000000000000005a00f8000000000000005a00
02:10:52.214 [DEBUG] [serial] Sin header 0xAA, descartando 128 bytes: 0000000000005a00f800000000000000
02:10:52.224 [DEBUG] [serial] RX 128 bytes: f8000000000000005a00f8000000000000004a00f8000000000000005a00f8000000000000005a00f8000000000000004a00f8000000000000005a00f8000000000000005a00f8000000000000005a00f8000000000000004a00f8000000000000005a00f8000000000000005a00f8000000000000005a00f800000000000000
02:10:52.224 [DEBUG] [serial] Sin header 0xAA, descartando 128 bytes: f8000000000000005a00f80000000000
02:10:52.233 [DEBUG] [serial] RX 128 bytes: 4a00f8000000000000005a00f8000000000000004a00f8000000000000004a00f8000000000000005a00f8000000000000005a00f8000000000000004a00f8000000000000005a00f8000000000000005a00f8000000000000004a00f8000000000000005a00f8000000000000005a00f8000000000000005a00f80000000000
02:10:52.234 [DEBUG] [serial] Sin header 0xAA, descartando 128 bytes: 4a00f8000000000000005a00f8000000
02:10:52.243 [DEBUG] [serial] RX 128 bytes: 00005a00f8000000000000005a00f8000000000000005a00f8000000000000005a00f8000000000000004a00f8000000000000005a00f8000000000000005a00f8000000000000004a00f8000000000000004a00f8000000000000005a00f8000000000000005a00f8000000000000005a00f8000000000000005a00f8000000
02:10:52.243 [DEBUG] [serial] Sin header 0xAA, descartando 128 bytes: 00005a00f8000000000000005a00f800
02:10:52.253 [DEBUG] [serial] RX 128 bytes: 000000004a00f8000000000000004a00f8000000000000005a00f8000000000000005a00f8000000000000005a00f8000000000000005a00f8000000000000005a00f8000000000000005a00f8000000000000004a00f8000000000000005a00f8000000000000005a00f8000000000000005a00f8000000000000005a00f800
02:10:52.253 [DEBUG] [serial] Sin header 0xAA, descartando 128 bytes: 000000004a00f8000000000000004a00
02:10:52.262 [DEBUG] [serial] RX 128 bytes: 0000000000005a00f8000000000000004a00f8000000000000004a00f8000000000000005a00f8000000000000005a00f8000000000000005a00f8000000000000005a00f8000000000000005a00f8000000000000004a00f8000000000000004a00f8000000000000004a00f8000000000000005a00f8000000000000005a00
02:10:52.262 [DEBUG] [serial] Sin header 0xAA, descartando 128 bytes: 0000000000005a00f800000000000000
02:10:52.272 [DEBUG] [serial] RX 128 bytes: f8000000000000005a00f8000000000000005a00f8000000000000004a00f8000000000000004a00f8000000000000005a00f8000000000000005a00f8000000000000005a00f8000000000000005a00f8000000000000005a00f8000000000000005a00f8000000000000004a00f8000000000000005a00f800000000000000
02:10:52.272 [DEBUG] [serial] Sin header 0xAA, descartando 128 bytes: f8000000000000005a00f80000000000
02:10:52.281 [DEBUG] [serial] RX 128 bytes: 5a00f8000000000000005a00f8000000000000005a00f8000000000000005a00f8000000000000004a00f8000000000000005a00f8000000000000005a00f8000000000000005a00f8000000000000005a00f8000000000000005a00f8000000000000005a00f8000000000000005a00f8000000000000005a00f80000000000
02:10:52.282 [DEBUG] [serial] Sin header 0xAA, descartando 128 bytes: 5a00f8000000000000005a00f8000000
02:10:52.291 [DEBUG] [serial] RX 128 bytes: 00005a00f8000000000000004a00f8000000000000005a00f8000000000000005a00f8000000000000005a00f8000000000000005a00f8000000000000005a00f8000000000000004a00f8000000000000005a00f8000000000000004a00f8000000000000004a00f8000000000000005a00f8000000000000005a00f8000000
02:10:52.291 [DEBUG] [serial] Sin header 0xAA, descartando 128 bytes: 00005a00f8000000000000004a00f800
02:10:52.301 [DEBUG] [serial] RX 128 bytes: 000000004a00f8000000000000004a00f8000000000000005a00f8000000000000005a00f8000000000000005a00f8000000000000004a00f8000000000000005a00f8000000000000005a00f8000000000000004a00f8000000000000005a00f8000000000000005a00f8000000000000004a00f8000000000000005a00f800
02:10:52.301 [DEBUG] [serial] Sin header 0xAA, descartando 128 bytes: 000000004a00f8000000000000004a00
02:10:52.310 [DEBUG] [serial] RX 128 bytes: 0000000000005a00f8000000000000005a00f8000000000000004a00f8000000000000005a00f8000000000000004a00f8000000000000005a00f8000000000000005a00f8000000000000005a00f8000000000000004a00f8000000000000005a00f8000000000000005a00f8000000000000004a00f8000000000000005a00
02:10:52.310 [DEBUG] [serial] Sin header 0xAA, descartando 128 bytes: 0000000000005a00f800000000000000
02:10:52.319 [DEBUG] [serial] RX 128 bytes: f8000000000000005a00f8000000000000005a00f8000000000000004a00f8000000000000005a00f8000000000000004a00f8000000000000005a00f8000000000000005a00f8000000000000004a00f8000000000000005a00f8000000000000004a00f8000000000000004a00f8000000000000005a00f800000000000000
02:10:52.320 [DEBUG] [serial] Sin header 0xAA, descartando 128 bytes: f8000000000000005a00f80000000000
02:10:52.329 [DEBUG] [serial] RX 128 bytes: 5a00f8000000000000005a00f8000000000000004a00f8000000000000005a00f8000000000000004a00f8000000000000005a00f8000000000000005a00f8000000000000005a00f8000000000000004a00f8000000000000004a00f8000000000000005a00f8000000000000005a00f8000000000000005a00f80000000000
02:10:52.329 [DEBUG] [serial] Sin header 0xAA, descartando 128 bytes: 5a00f8000000000000005a00f8000000
02:10:52.339 [DEBUG] [serial] RX 128 bytes: 00004a00f8000000000000004a00f8000000000000004a00f8000000000000005a00f8000000000000005a00f8000000000000005a00f8000000000000005a00f8000000000000004a00f8000000000000004a00f8000000000000005a00f8000000000000004a00f8000000000000005a00f8000000000000005a00f8000000
02:10:52.339 [DEBUG] [serial] Sin header 0xAA, descartando 128 bytes: 00004a00f8000000000000004a00f800
02:10:52.348 [DEBUG] [serial] RX 128 bytes: 000000004a00f8000000000000005a00f8000000000000005a00f8000000000000005a00f8000000000000004a00f8000000000000004a00f8000000000000005a00f8000000000000005a00f8000000000000004a00f8000000000000005a00f8000000000000005a00f8000000000000004a00f8000000000000005a00f800
02:10:52.349 [DEBUG] [serial] Sin header 0xAA, descartando 128 bytes: 000000004a00f8000000000000005a00
02:10:52.358 [DEBUG] [serial] RX 128 bytes: 0000000000005a00f8000000000000005a00f8000000000000005a00f8000000000000005a00f8000000000000004a00f8000000000000005a00f8000000000000004a00f8000000000000005a00f8000000000000005a00f8000000000000004a00f8000000000000004a00f8000000000000005a00f8000000000000005a00
02:10:52.358 [DEBUG] [serial] Sin header 0xAA, descartando 128 bytes: 0000000000005a00f800000000000000
02:10:52.367 [DEBUG] [serial] RX 128 bytes: f8000000000000005a00f8000000000000005a00f8000000000000005a00f8000000000000005a00f8000000000000005a00f8000000000000005a00f8000000000000004a00f8000000000000004a00f8000000000000005a00f8000000000000005a00f8000000000000005a00f8000000000000005a00f800000000000000
02:10:52.368 [DEBUG] [serial] Sin header 0xAA, descartando 128 bytes: f8000000000000005a00f80000000000
02:10:52.377 [DEBUG] [serial] RX 128 bytes: 5a00f8000000000000005a00f8000000000000004a00f8000000000000005a00f8000000000000004a00f8000000000000005a00f8000000000000004a00f8000000000000005a00f8000000000000004a00f8000000000000005a00f8000000000000004a00f8000000000000005a00f8000000000000005a00f80000000000
02:10:52.377 [DEBUG] [serial] Sin header 0xAA, descartando 128 bytes: 5a00f8000000000000005a00f8000000
02:10:52.387 [DEBUG] [serial] RX 128 bytes: 00005a00f8000000000000004a00f8000000000000005a00f8000000000000004a00f8000000000000005a00f8000000000000005a00f8000000000000004a00f8000000000000004a00f8000000000000005a00f8000000000000005a00f8000000000000004a00f8000000000000005a00f8000000000000005a00f8000000
02:10:52.387 [DEBUG] [serial] Sin header 0xAA, descartando 128 bytes: 00005a00f8000000000000004a00f800
02:10:52.396 [DEBUG] [serial] RX 128 bytes: 000000005a00f8000000000000004a00f8000000000000005a00f8000000000000005a00f8000000000000005a00f8000000000000005a00f8000000000000005a00f8000000000000005a00f8000000000000005a00f8000000000000005a00f8000000000000005a00f8000000000000004a00f8000000000000005a00f800
02:10:52.397 [DEBUG] [serial] Sin header 0xAA, descartando 128 bytes: 000000005a00f8000000000000004a00
02:10:52.406 [DEBUG] [serial] RX 128 bytes: 0000000000004a00f8000000000000005a00f8000000000000005a00f8000000000000004a00f8000000000000005a00f8000000000000005a00f8000000000000005a00f8000000000000005a00f8000000000000004a00f8000000000000005a00f8000000000000004a00f8000000000000005a00f8000000000000005a00
02:10:52.406 [DEBUG] [serial] Sin header 0xAA, descartando 128 bytes: 0000000000004a00f800000000000000
02:10:52.415 [DEBUG] [serial] RX 128 bytes: f8000000000000004a00f8000000000000005a00f8000000000000004a00f8000000000000005a00f8000000000000005a00f8000000000000004a00f8000000000000005a00f8000000000000004a00f8000000000000005a00f8000000000000005a00f8000000000000005a00f8000000000000005a00f800000000000000
02:10:52.416 [DEBUG] [serial] Sin header 0xAA, descartando 128 bytes: f8000000000000004a00f80000000000
02:10:52.425 [DEBUG] [serial] RX 128 bytes: 5a00f8000000000000005a00f8000000000000005a00f8000000000000005a00f8000000000000004a00f8000000000000005a00f8000000000000004a00f8000000000000005a00f8000000000000005a00f8000000000000005a00f8000000000000005a00f8000000000000004a00f8000000000000005a00f80000000000
02:10:52.425 [DEBUG] [serial] Sin header 0xAA, descartando 128 bytes: 5a00f8000000000000005a00f8000000
02:10:52.435 [DEBUG] [serial] RX 128 bytes: 00005a00f8000000000000004a00f8000000000000005a00f8000000000000004a00f8000000000000005a00f8000000000000004a00f8000000000000004a00f8000000000000005a00f8000000000000005a00f8000000000000004a00f8000000000000004a00f8000000000000005a00f8000000000000005a00f8000000
02:10:52.435 [DEBUG] [serial] Sin header 0xAA, descartando 128 bytes: 00005a00f8000000000000004a00f800
02:10:52.444 [DEBUG] [serial] RX 128 bytes: 000000005a00f8000000000000004a00f8000000000000005a00f8000000000000005a00f8000000000000005a00f8000000000000005a00f8000000000000004a00f8000000000000004a00f8000000000000005a00f8000000000000004a00f8000000000000005a00f8000000000000005a00f8000000000000005a00f800
02:10:52.445 [DEBUG] [serial] Sin header 0xAA, descartando 128 bytes: 000000005a00f8000000000000004a00
02:10:52.454 [DEBUG] [serial] RX 128 bytes: 0000000000005a00f8000000000000004a00f8000000000000004a00f8000000000000005a00f8000000000000005a00f8000000000000005a00f8000000000000004a00f8000000000000005a00f8000000000000005a00f8000000000000005a00f8000000000000005a00f8000000000000004a00f8000000000000004a00
02:10:52.454 [DEBUG] [serial] Sin header 0xAA, descartando 128 bytes: 0000000000005a00f800000000000000
02:10:52.463 [DEBUG] [serial] RX 128 bytes: f8000000000000005a00f8000000000000004a00f8000000000000005a00f8000000000000005a00f8000000000000005a00f8000000000000004a00f8000000000000005a00f8000000000000004a00f8000000000000005a00f8000000000000005a00f8000000000000004a00f8000000000000005a00f800000000000000
02:10:52.464 [DEBUG] [serial] Sin header 0xAA, descartando 128 bytes: f8000000000000005a00f80000000000
02:10:52.473 [DEBUG] [serial] RX 128 bytes: 5a00f8000000000000005a00f8000000000000005a00f8000000000000005a00f8000000000000004a00f8000000000000004a00f8000000000000005a00f8000000000000005a00f8000000000000004a00f8000000000000004a00f8000000000000005a00f8000000000000005a00f8000000000000005a00f80000000000
02:10:52.473 [DEBUG] [serial] Sin header 0xAA, descartando 128 bytes: 5a00f8000000000000005a00f8000000
02:10:52.483 [DEBUG] [serial] RX 128 bytes: 00005a00f8000000000000004a00f8000000000000005a00f8000000000000005a00f8000000000000004a00f8000000000000005a00f8000000000000005a00f8000000000000004a00f8000000000000004a00f8000000000000005a00f8000000000000005a00f8000000000000005a00f8000000000000005a00f8000000
02:10:52.483 [DEBUG] [serial] Sin header 0xAA, descartando 128 bytes: 00005a00f8000000000000004a00f800
02:10:52.492 [DEBUG] [serial] RX 128 bytes: 000000004a00f8000000000000005a00f8000000000000005a00f8000000000000005a00f8000000000000004a00f8000000000000004a00f8000000000000005a00f8000000000000005a00f8000000000000005a00f8000000000000004a00f8000000000000005a00f8000000000000004a00f8000000000000005a00f800
02:10:52.492 [DEBUG] [serial] Sin header 0xAA, descartando 128 bytes: 000000004a00f8000000000000005a00
02:10:52.502 [DEBUG] [serial] RX 128 bytes: 0000000000005a00f8000000000000004a00f8000000000000005a00f8000000000000004a00f8000000000000004a00f8000000000000004a00f8000000000000004a00f8000000000000005a00f8000000000000004a00f8000000000000005a00f8000000000000005a00f8000000000000005a00f8000000000000005a00
02:10:52.502 [DEBUG] [serial] Sin header 0xAA, descartando 128 bytes: 0000000000005a00f800000000000000
02:10:52.511 [DEBUG] [serial] RX 128 bytes: f8000000000000004a00f8000000000000005a00f8000000000000004a00f8000000000000005a00f8000000000000005a00f8000000000000004a00f8000000000000005a00f8000000000000005a00f8000000000000005a00f8000000000000005a00f8000000000000004a00f8000000000000005a00f800000000000000
02:10:52.511 [DEBUG] [serial] Sin header 0xAA, descartando 128 bytes: f8000000000000004a00f80000000000
02:10:52.521 [DEBUG] [serial] RX 128 bytes: 5a00f8000000000000004a00f8000000000000004a00f8000000000000004a00f8000000000000005a00f8000000000000005a00f8000000000000004a00f8000000000000005a00f8000000000000005a00f8000000000000005a00f8000000000000004a00f8000000000000005a00f8000000000000005a00f80000000000
02:10:52.521 [DEBUG] [serial] Sin header 0xAA, descartando 128 bytes: 5a00f8000000000000004a00f8000000
02:10:52.531 [DEBUG] [serial] RX 128 bytes: 00004a00f8000000000000005a00f8000000000000004a00f8000000000000004a00f8000000000000005a00f8000000000000004a00f8000000000000005a00f8000000000000004a00f8000000000000004a00f8000000000000005a00f8000000000000005a00f8000000000000004a00f8000000000000004a00f8000000
02:10:52.531 [DEBUG] [serial] Sin header 0xAA, descartando 128 bytes: 00004a00f8000000000000005a00f800
02:10:52.540 [DEBUG] [serial] RX 128 bytes: 000000004a00f8000000000000004a00f8000000000000005a00f8000000000000005a00f8000000000000004a00f8000000000000004a00f8000000000000005a00f8000000000000005a00f8000000000000004a00f8000000000000005a00f8000000000000005a00f8000000000000005a00f8000000000000004a00f800
02:10:52.540 [DEBUG] [serial] Sin header 0xAA, descartando 128 bytes: 000000004a00f8000000000000004a00
02:10:52.550 [DEBUG] [serial] RX 128 bytes: 0000000000005a00f8000000000000005a00f8000000000000004a00f8000000000000005a00f8000000000000004a00f8000000000000005a00f8000000000000005a00f8000000000000004a00f8000000000000005a00f8000000000000005a00f8000000000000005a00f8000000000000004a00f8000000000000004a00
02:10:52.550 [DEBUG] [serial] Sin header 0xAA, descartando 128 bytes: 0000000000005a00f800000000000000
02:10:52.559 [DEBUG] [serial] RX 128 bytes: f8000000000000005a00f8000000000000005a00f8000000000000004a00f8000000000000005a00f8000000000000005a00f8000000000000004a00f8000000000000005a00f8000000000000004a00f8000000000000005a00f8000000000000005a00f8000000000000004a00f8000000000000005a00f800000000000000
02:10:52.559 [DEBUG] [serial] Sin header 0xAA, descartando 128 bytes: f8000000000000005a00f80000000000
02:10:52.569 [DEBUG] [serial] RX 128 bytes: 5a00f8000000000000004a00f8000000000000005a00f8000000000000005a00f8000000000000004a00f8000000000000005a00f8000000000000004a00f8000000000000005a00f8000000000000004a00f8000000000000005a00f8000000000000005a00f8000000000000004a00f8000000000000004a00f80000000000
02:10:52.569 [DEBUG] [serial] Sin header 0xAA, descartando 128 bytes: 5a00f8000000000000004a00f8000000
02:10:52.579 [DEBUG] [serial] RX 128 bytes: 00005a00f8000000000000005a00f8000000000000004a00f8000000000000005a00f8000000000000004a00f8000000000000005a00f8000000000000004a00f8000000000000005a00f8000000000000005a00f8000000000000004a00f8000000000000005a00f8000000000000005a00f8000000000000004a00f8000000
02:10:52.579 [DEBUG] [serial] Sin header 0xAA, descartando 128 bytes: 00005a00f8000000000000005a00f800
02:10:52.588 [DEBUG] [serial] RX 128 bytes: 000000005a00f8000000000000005a00f8000000000000005a00f8000000000000005a00f8000000000000004a00f8000000000000004a00f8000000000000004a00f8000000000000004a00f8000000000000005a00f8000000000000005a00f8000000000000004a00f8000000000000005a00f8000000000000005a00f800
02:10:52.588 [DEBUG] [serial] Sin header 0xAA, descartando 128 bytes: 000000005a00f8000000000000005a00
02:10:52.598 [DEBUG] [serial] RX 128 bytes: 0000000000004a00f8000000000000005a00f8000000000000005a00f8000000000000004a00f8000000000000005a00f8000000000000004a00f8000000000000004a00f8000000000000005a00f8000000000000005a00f8000000000000005a00f8000000000000005a00f8000000000000005a00f8000000000000005a00
02:10:52.598 [DEBUG] [serial] Sin header 0xAA, descartando 128 bytes: 0000000000004a00f800000000000000
02:10:52.607 [DEBUG] [serial] RX 128 bytes: f8000000000000004a00f8000000000000004a00f8000000000000005a00f8000000000000005a00f8000000000000005a00f8000000000000005a00f8000000000000004a00f8000000000000005a00f8000000000000004a00f8000000000000005a00f8000000000000005a00f8000000000000005a00f800000000000000
02:10:52.607 [DEBUG] [serial] Sin header 0xAA, descartando 128 bytes: f8000000000000004a00f80000000000
02:10:52.617 [DEBUG] [serial] RX 128 bytes: 4a00f8000000000000004a00f8000000000000004a00f8000000000000005a00f8000000000000005a00f8000000000000005a00f8000000000000005a00f8000000000000005a00f8000000000000005a00f8000000000000005a00f8000000000000005a00f8000000000000004a00f8000000000000005a00f80000000000
02:10:52.617 [DEBUG] [serial] Sin header 0xAA, descartando 128 bytes: 4a00f8000000000000004a00f8000000
02:10:52.626 [DEBUG] [serial] RX 128 bytes: 00005a00f8000000000000004a00f8000000000000004a00f8000000000000005a00f8000000000000004a00f8000000000000005a00f8000000000000005a00f8000000000000005a00f8000000000000005a00f8000000000000004a00f8000000000000005a00f8000000000000004a00f8000000000000004a00f8000000
02:10:52.627 [DEBUG] [serial] Sin header 0xAA, descartando 128 bytes: 00005a00f8000000000000004a00f800
02:10:52.636 [DEBUG] [serial] RX 128 bytes: 000000005a00f8000000000000004a00f8000000000000005a00f8000000000000005a00f8000000000000004a00f8000000000000005a00f8000000000000005a00f8000000000000004a00f8000000000000005a00f8000000000000004a00f8000000000000004a00f8000000000000005a00f8000000000000005a00f800
02:10:52.636 [DEBUG] [serial] Sin header 0xAA, descartando 128 bytes: 000000005a00f8000000000000004a00
02:10:52.646 [DEBUG] [serial] RX 128 bytes: 0000000000005a00f8000000000000004a00f8000000000000004a00f8000000000000005a00f8000000000000004a00f8000000000000004a00f8000000000000005a00f8000000000000005a00f8000000000000005a00f8000000000000004a00f8000000000000005a00f8000000000000004a00f8000000000000004a00
02:10:52.646 [DEBUG] [serial] Sin header 0xAA, descartando 128 bytes: 0000000000005a00f800000000000000
02:10:52.656 [DEBUG] [serial] RX 128 bytes: f8000000000000005a00f8000000000000005a00f8000000000000004a00f8000000000000005a00f8000000000000005a00f8000000000000005a00f8000000000000005a00f8000000000000005a00f8000000000000004a00f8000000000000004a00f8000000000000005a00f8000000000000005a00f800000000000000
02:10:52.657 [DEBUG] [serial] Sin header 0xAA, descartando 128 bytes: f8000000000000005a00f80000000000
02:10:52.665 [DEBUG] [serial] RX 128 bytes: 4a00f8000000000000005a00f8000000000000005a00f8000000000000005a00f8000000000000004a00f8000000000000005a00f8000000000000005a00f8000000000000004a00f8000000000000005a00f8000000000000005a00f8000000000000005a00f8000000000000005a00f8000000000000004a00f80000000000
02:10:52.665 [DEBUG] [serial] Sin header 0xAA, descartando 128 bytes: 4a00f8000000000000005a00f8000000
02:10:52.674 [DEBUG] [serial] RX 128 bytes: 00004a00f8000000000000004a00f8000000000000005a00f8000000000000005a00f8000000000000005a00f8000000000000005a00f8000000000000005a00f8000000000000004a00f8000000000000005a00f8000000000000005a00f8000000000000004a00f8000000000000005a00f8000000000000005a00f8000000
02:10:52.675 [DEBUG] [serial] Sin header 0xAA, descartando 128 bytes: 00004a00f8000000000000004a00f800
02:10:52.684 [DEBUG] [serial] RX 128 bytes: 000000004a00f8000000000000005a00f8000000000000004a00f8000000000000005a00f8000000000000004a00f8000000000000005a00f8000000000000004a00f8000000000000005a00f8000000000000005a00f8000000000000004a00f8000000000000005a00f8000000000000005a00f8000000000000005a00f800
02:10:52.684 [DEBUG] [serial] Sin header 0xAA, descartando 128 bytes: 000000004a00f8000000000000005a00
02:10:52.694 [DEBUG] [serial] RX 128 bytes: 0000000000005a00f8000000000000004a00f8000000000000004a00f8000000000000005a00f8000000000000004a00f8000000000000005a00f8000000000000005a00f8000000000000005a00f8000000000000004a00f8000000000000005a00f8000000000000005a00f8000000000000005a00f8000000000000004a00
02:10:52.694 [DEBUG] [serial] Sin header 0xAA, descartando 128 bytes: 0000000000005a00f800000000000000
02:10:52.697 [INFO] [GUI] Click MuxIn -> 0
02:10:52.697 [INFO] [serial] Encolando TX CMD_MUX_IN sel=0: bb0100
02:10:52.703 [INFO] [serial] TX CMD_MUX_IN sel=0: bb0100
02:10:52.703 [DEBUG] [serial] TX OK: 3 bytes escritos
02:10:52.703 [DEBUG] [serial] RX 128 bytes: f8000000000000005a00f8000000000000005a00f8000000000000004a00f8000000000000005a00f8000000000000005a00f8000000000000004a00f8000000000000005a00f8000000000000004a00f8000000000000004a00f8000000000000004a00f8000000000000005a00f8000000000000005a00f800000000000000
02:10:52.703 [DEBUG] [serial] Sin header 0xAA, descartando 128 bytes: f8000000000000005a00f80000000000
02:10:52.713 [DEBUG] [serial] RX 128 bytes: 5a00f8000000000000005a00f8000000000000005a00f8000000000000005a00f8000000000000004a00f8000000000000005a00f8000000000000004a00f8000000000000004a00f8000000000000004a00f8000000000000004a00f8000000000000005a00f8000000000000005a00f8000000000000005a00f80000000000
02:10:52.713 [DEBUG] [serial] Sin header 0xAA, descartando 128 bytes: 5a00f8000000000000005a00f8000000
02:10:52.722 [DEBUG] [serial] RX 128 bytes: 00005a00f8000000000000005a00f8000000000000004a00f8000000000000004a00f8000000000000004a00f8000000000000005a00f8000000000000005a00f8000000000000004a00f8000000000000005a00f8000000000000005a00f8000000000000004a00f8000000000000004a00f8000000000000005a00f8000000
02:10:52.723 [DEBUG] [serial] Sin header 0xAA, descartando 128 bytes: 00005a00f8000000000000005a00f800
02:10:52.732 [DEBUG] [serial] RX 128 bytes: 000000005a00f8000000000000005a00f8000000000000005a00f8000000000000004a00f8000000000000004a00f8000000000000004a00f8000000000000005a00f8000000000000005a00f8000000000000004a00f8000000000000004a00f8000000000000005a00f8000000000000005a00f8000000000000005a00f800
02:10:52.732 [DEBUG] [serial] Sin header 0xAA, descartando 128 bytes: 000000005a00f8000000000000005a00
02:10:52.742 [DEBUG] [serial] RX 128 bytes: 0000000000004a00f8000000000000005a00f8000000000000005a00f8000000000000004a00f8000000000000005a00f8000000000000004a00f8000000000000005a00f8000000000000005a00f8000000000000004a00f8000000000000004a00f8000000000000005a00f8000000000000005a00f8000000000000004a00
02:10:52.742 [DEBUG] [serial] Sin header 0xAA, descartando 128 bytes: 0000000000004a00f800000000000000
02:10:52.752 [DEBUG] [serial] RX 128 bytes: f8000000000000004a00f8000000000000005a00f8000000000000005a00f8000000000000004a00f8000000000000005a00f8000000000000004a00f8000000000000004a00f8000000000000005a00f8000000000000005a00f8000000000000005a00f8000000000000004a00f8000000000000004a00f800000000000000
02:10:52.752 [DEBUG] [serial] Sin header 0xAA, descartando 128 bytes: f8000000000000004a00f80000000000
02:10:52.761 [DEBUG] [serial] RX 128 bytes: 5a00f8000000000000005a00f8000000000000005a00f8000000000000004a00f8000000000000004a00f8000000000000005a00f8000000000000005a00f8000000000000005a00f8000000000000005a00f8000000000000004a00f8000000000000005a00f8000000000000005a00f8000000000000004a00f80000000000
02:10:52.761 [DEBUG] [serial] Sin header 0xAA, descartando 128 bytes: 5a00f8000000000000005a00f8000000
02:10:52.770 [DEBUG] [serial] RX 128 bytes: 00004a00f8000000000000005a00f8000000000000005a00f8000000000000004a00f8000000000000005a00f8000000000000005a00f8000000000000005a00f8000000000000004a00f8000000000000005a00f8000000000000005a00f8000000000000005a00f8000000000000004a00f8000000000000005a00f8000000
02:10:52.771 [DEBUG] [serial] Sin header 0xAA, descartando 128 bytes: 00004a00f8000000000000005a00f800
02:10:52.780 [DEBUG] [serial] RX 128 bytes: 000000005a00f8000000000000005a00f8000000000000005a00f8000000000000005a00f8000000000000004a00f8000000000000005a00f8000000000000004a00f8000000000000005a00f8000000000000005a00f8000000000000005a00f8000000000000005a00f8000000000000004a00f8000000000000005a00f800
02:10:52.780 [DEBUG] [serial] Sin header 0xAA, descartando 128 bytes: 000000005a00f8000000000000005a00
02:10:52.790 [DEBUG] [serial] RX 128 bytes: 0000000000005a00f8000000000000004a00f8000000000000004a00f8000000000000005a00f8000000000000005a00f8000000000000005a00f8000000000000004a00f8000000000000005a00f8000000000000005a00f8000000000000004a00f8000000000000005a00f8000000000000005a00f8000000000000004a00
02:10:52.790 [DEBUG] [serial] Sin header 0xAA, descartando 128 bytes: 0000000000005a00f800000000000000
02:10:52.799 [DEBUG] [serial] RX 128 bytes: f8000000000000005a00f8000000000000005a00f8000000000000005a00f8000000000000004a00f8000000000000005a00f8000000000000005a00f8000000000000004a00f8000000000000005a00f8000000000000004a00f8000000000000005a00f8000000000000004a00f8000000000000005a00f800000000000000
02:10:52.799 [DEBUG] [serial] Sin header 0xAA, descartando 128 bytes: f8000000000000005a00f80000000000
02:10:52.809 [DEBUG] [serial] RX 128 bytes: 4a00f8000000000000005a00f8000000000000005a00f8000000000000005a00f8000000000000004a00f8000000000000005a00f8000000000000004a00f8000000000000005a00f8000000000000004a00f8000000000000005a00f8000000000000005a00f8000000000000004a00f8000000000000005a00f80000000000
02:10:52.809 [DEBUG] [serial] Sin header 0xAA, descartando 128 bytes: 4a00f8000000000000005a00f8000000
02:10:52.818 [DEBUG] [serial] RX 128 bytes: 00005a00f8000000000000004a00f8000000000000005a00f8000000000000005a00f8000000000000004a00f8000000000000004a00f8000000000000005a00f8000000000000004a00f8000000000000004a00f8000000000000005a00f8000000000000004a00f8000000000000005a00f8000000000000004a00f8000000
02:10:52.819 [DEBUG] [serial] Sin header 0xAA, descartando 128 bytes: 00005a00f8000000000000004a00f800
02:10:52.828 [DEBUG] [serial] RX 128 bytes: 000000004a00f8000000000000005a00f8000000000000005a00f8000000000000005a00f8000000000000005a00f8000000000000004a00f8000000000000005a00f8000000000000005a00f8000000000000005a00f8000000000000004a00f8000000000000004a00f8000000000000005a00f8000000000000005a00f800
02:10:52.828 [DEBUG] [serial] Sin header 0xAA, descartando 128 bytes: 000000004a00f8000000000000005a00
02:10:52.838 [DEBUG] [serial] RX 128 bytes: 0000000000004a00f8000000000000005a00f8000000000000005a00f8000000000000004a00f8000000000000004a00f8000000000000005a00f8000000000000005a00f8000000000000005a00f8000000000000005a00f8000000000000005a00f8000000000000004a00f8000000000000005a00f8000000000000005a00
02:10:52.838 [DEBUG] [serial] Sin header 0xAA, descartando 128 bytes: 0000000000004a00f800000000000000
02:10:52.847 [DEBUG] [serial] RX 128 bytes: f8000000000000004a00f8000000000000005a00f8000000000000005a00f8000000000000004a00f8000000000000004a00f8000000000000004a00f8000000000000005a00f8000000000000004a00f8000000000000005a00f8000000000000005a00f8000000000000004a00f8000000000000004a00f800000000000000
02:10:52.847 [DEBUG] [serial] Sin header 0xAA, descartando 128 bytes: f8000000000000004a00f80000000000
02:10:52.857 [DEBUG] [serial] RX 128 bytes: 5a00f8000000000000005a00f8000000000000005a00f8000000000000005a00f8000000000000005a00f8000000000000004a00f8000000000000005a00f8000000000000005a00f8000000000000005a00f8000000000000004a00f8000000000000005a00f8000000000000005a00f8000000000000005a00f80000000000
02:10:52.857 [DEBUG] [serial] Sin header 0xAA, descartando 128 bytes: 5a00f8000000000000005a00f8000000
02:10:52.866 [DEBUG] [serial] RX 128 bytes: 00005a00f8000000000000004a00f8000000000000004a00f8000000000000005a00f8000000000000005a00f8000000000000004a00f8000000000000004a00f8000000000000005a00f8000000000000005a00f8000000000000004a00f8000000000000005a00f8000000000000005a00f8000000000000004a00f8000000
02:10:52.867 [DEBUG] [serial] Sin header 0xAA, descartando 128 bytes: 00005a00f8000000000000004a00f800
02:10:52.876 [DEBUG] [serial] RX 128 bytes: 000000005a00f8000000000000005a00f8000000000000004a00f8000000000000005a00f8000000000000005a00f8000000000000004a00f8000000000000004a00f8000000000000005a00f8000000000000004a00f8000000000000004a00f8000000000000005a00f8000000000000004a00f8000000000000005a00f800
02:10:52.876 [DEBUG] [serial] Sin header 0xAA, descartando 128 bytes: 000000005a00f8000000000000005a00
02:10:52.886 [DEBUG] [serial] RX 128 bytes: 0000000000004a00f8000000000000005a00f8000000000000004a00f8000000000000005a00f8000000000000005a00f8000000000000005a00f8000000000000004a00f8000000000000005a00f8000000000000005a00f8000000000000004a00f8000000000000004a00f8000000000000005a00f8000000000000005a00
02:10:52.886 [DEBUG] [serial] Sin header 0xAA, descartando 128 bytes: 0000000000004a00f800000000000000
02:10:52.895 [DEBUG] [serial] RX 128 bytes: f8000000000000005a00f8000000000000005a00f8000000000000005a00f8000000000000005a00f8000000000000004a00f8000000000000004a00f8000000000000005a00f8000000000000005a00f8000000000000005a00f8000000000000005a00f8000000000000004a00f8000000000000004a00f800000000000000
02:10:52.895 [DEBUG] [serial] Sin header 0xAA, descartando 128 bytes: f8000000000000005a00f80000000000
02:10:52.905 [DEBUG] [serial] RX 128 bytes: 5a00f8000000000000005a00f8000000000000005a00f8000000000000005a00f8000000000000005a00f8000000000000005a00f8000000000000005a00f8000000000000004a00f8000000000000004a00f8000000000000005a00f8000000000000005a00f8000000000000005a00f8000000000000005a00f80000000000
02:10:52.905 [DEBUG] [serial] Sin header 0xAA, descartando 128 bytes: 5a00f8000000000000005a00f8000000
02:10:52.914 [DEBUG] [serial] RX 128 bytes: 00004a00f8000000000000005a00f8000000000000004a00f8000000000000005a00f8000000000000004a00f8000000000000004a00f8000000000000005a00f8000000000000005a00f8000000000000004a00f8000000000000005a00f8000000000000004a00f8000000000000005a00f8000000000000005a00f8000000
02:10:52.914 [DEBUG] [serial] Sin header 0xAA, descartando 128 bytes: 00004a00f8000000000000005a00f800
02:10:52.924 [DEBUG] [serial] RX 128 bytes: 000000004a00f8000000000000005a00f8000000000000005a00f8000000000000005a00f8000000000000004a00f8000000000000004a00f8000000000000004a00f8000000000000004a00f8000000000000005a00f8000000000000005a00f8000000000000005a00f8000000000000004a00f8000000000000004a00f800
02:10:52.924 [DEBUG] [serial] Sin header 0xAA, descartando 128 bytes: 000000004a00f8000000000000005a00
02:10:52.934 [DEBUG] [serial] RX 128 bytes: 0000000000005a00f8000000000000005a00f8000000000000004a00f8000000000000004a00f8000000000000004a00f8000000000000004a00f8000000000000005a00f8000000000000005a00f8000000000000005a00f8000000000000005a00f8000000000000004a00f8000000000000005a00f8000000000000005a00
02:10:52.934 [DEBUG] [serial] Sin header 0xAA, descartando 128 bytes: 0000000000005a00f800000000000000
02:10:52.943 [DEBUG] [serial] RX 128 bytes: f8000000000000005a00f8000000000000004a00f8000000000000005a00f8000000000000005a00f8000000000000005a00f8000000000000005a00f8000000000000004a00f8000000000000005a00f8000000000000004a00f8000000000000005a00f8000000000000004a00f8000000000000005a00f800000000000000
02:10:52.943 [DEBUG] [serial] Sin header 0xAA, descartando 128 bytes: f8000000000000005a00f80000000000
02:10:52.952 [DEBUG] [serial] RX 128 bytes: 5a00f8000000000000005a00f8000000000000005a00f8000000000000005a00f8000000000000005a00f8000000000000005a00f8000000000000004a00f8000000000000005a00f8000000000000004a00f8000000000000005a00f8000000000000005a00f8000000000000004a00f8000000000000005a00f80000000000
02:10:52.953 [DEBUG] [serial] Sin header 0xAA, descartando 128 bytes: 5a00f8000000000000005a00f8000000
02:10:52.962 [DEBUG] [serial] RX 128 bytes: 00005a00f8000000000000004a00f8000000000000005a00f8000000000000004a00f8000000000000005a00f8000000000000005a00f8000000000000004a00f8000000000000004a00f8000000000000005a00f8000000000000005a00f8000000000000004a00f8000000000000005a00f8000000000000005a00f8000000
02:10:52.962 [DEBUG] [serial] Sin header 0xAA, descartando 128 bytes: 00005a00f8000000000000004a00f800
02:10:52.972 [DEBUG] [serial] RX 128 bytes: 000000005a00f8000000000000004a00f8000000000000005a00f8000000000000005a00f8000000000000005a00f8000000000000004a00f8000000000000005a00f8000000000000005a00f8000000000000004a00f8000000000000004a00f8000000000000004a00f8000000000000005a00f8000000000000005a00f800
02:10:52.972 [DEBUG] [serial] Sin header 0xAA, descartando 128 bytes: 000000005a00f8000000000000004a00
02:10:52.981 [DEBUG] [serial] RX 128 bytes: 0000000000005a00f8000000000000004a00f8000000000000005a00f8000000000000005a00f8000000000000005a00f8000000000000004a00f8000000000000005a00f8000000000000004a00f8000000000000005a00f8000000000000004a00f8000000000000005a00f8000000000000005a00f8000000000000004a00
02:10:52.982 [DEBUG] [serial] Sin header 0xAA, descartando 128 bytes: 0000000000005a00f800000000000000
02:10:52.991 [DEBUG] [serial] RX 128 bytes: f8000000000000005a00f8000000000000004a00f8000000000000005a00f8000000000000004a00f8000000000000005a00f8000000000000005a00f8000000000000005a00f8000000000000004a00f8000000000000004a00f8000000000000005a00f8000000000000005a00f8000000000000005a00f800000000000000
02:10:52.991 [DEBUG] [serial] Sin header 0xAA, descartando 128 bytes: f8000000000000005a00f80000000000
02:10:53.000 [DEBUG] [serial] RX 128 bytes: 4a00f8000000000000005a00f8000000000000005a00f8000000000000005a00f8000000000000004a00f8000000000000005a00f8000000000000004a00f8000000000000005a00f8000000000000004a00f8000000000000005a00f8000000000000005a00f8000000000000004a00f8000000000000004a00f80000000000
02:10:53.001 [DEBUG] [serial] Sin header 0xAA, descartando 128 bytes: 4a00f8000000000000005a00f8000000
02:10:53.010 [DEBUG] [serial] RX 128 bytes: 00005a00f8000000000000004a00f8000000000000005a00f8000000000000004a00f8000000000000005a00f8000000000000004a00f8000000000000005a00f8000000000000005a00f8000000000000004a00f8000000000000005a00f8000000000000004a00f8000000000000005a00f8000000000000005a00f8000000
02:10:53.010 [DEBUG] [serial] Sin header 0xAA, descartando 128 bytes: 00005a00f8000000000000004a00f800
02:10:53.020 [DEBUG] [serial] RX 128 bytes: 000000005a00f8000000000000004a00f8000000000000005a00f8000000000000004a00f8000000000000005a00f8000000000000005a00f8000000000000005a00f8000000000000004a00f8000000000000005a00f8000000000000005a00f8000000000000005a00f8000000000000004a00f8000000000000005a00f800
02:10:53.020 [DEBUG] [serial] Sin header 0xAA, descartando 128 bytes: 000000005a00f8000000000000004a00
02:10:53.030 [DEBUG] [serial] RX 128 bytes: 0000000000005a00f8000000000000004a00f8000000000000005a00f8000000000000005a00f8000000000000004a00f8000000000000005a00f8000000000000004a00f8000000000000005a00f8000000000000005a00f8000000000000004a00f8000000000000005a00f8000000000000005a00f8000000000000005a00
02:10:53.030 [DEBUG] [serial] Sin header 0xAA, descartando 128 bytes: 0000000000005a00f800000000000000
02:10:53.039 [DEBUG] [serial] RX 128 bytes: f8000000000000004a00f8000000000000005a00f8000000000000004a00f8000000000000004a00f8000000000000005a00f8000000000000005a00f8000000000000005a00f8000000000000005a00f8000000000000004a00f8000000000000005a00f8000000000000005a00f8000000000000004a00f800000000000000
02:10:53.039 [DEBUG] [serial] Sin header 0xAA, descartando 128 bytes: f8000000000000004a00f80000000000
02:10:53.048 [DEBUG] [serial] RX 128 bytes: 5a00f8000000000000005a00f8000000000000005a00f8000000000000005a00f8000000000000005a00f8000000000000005a00f8000000000000005a00f8000000000000005a00f8000000000000004a00f8000000000000005a00f8000000000000004a00f8000000000000004a00f8000000000000005a00f80000000000
02:10:53.049 [DEBUG] [serial] Sin header 0xAA, descartando 128 bytes: 5a00f8000000000000005a00f8000000
02:10:53.058 [DEBUG] [serial] RX 128 bytes: 00005a00f8000000000000005a00f8000000000000005a00f8000000000000005a00f8000000000000005a00f8000000000000005a00f8000000000000004a00f8000000000000005a00f8000000000000005a00f8000000000000005a00f8000000000000005a00f8000000000000004a00f8000000000000005a00f8000000
02:10:53.058 [DEBUG] [serial] Sin header 0xAA, descartando 128 bytes: 00005a00f8000000000000005a00f800
02:10:53.068 [DEBUG] [serial] RX 128 bytes: 000000004a00f8000000000000005a00f8000000000000005a00f8000000000000004a00f8000000000000004a00f8000000000000005a00f8000000000000005a00f8000000000000004a00f8000000000000004a00f8000000000000005a00f8000000000000004a00f8000000000000004a00f8000000000000005a00f800
02:10:53.068 [DEBUG] [serial] Sin header 0xAA, descartando 128 bytes: 000000004a00f8000000000000005a00
02:10:53.077 [DEBUG] [serial] RX 128 bytes: 0000000000005a00f8000000000000004a00f8000000000000005a00f8000000000000004a00f8000000000000005a00f8000000000000005a00f8000000000000004a00f8000000000000005a00f8000000000000005a00f8000000000000005a00f8000000000000005a00f8000000000000004a00f8000000000000005a00
02:10:53.078 [DEBUG] [serial] Sin header 0xAA, descartando 128 bytes: 0000000000005a00f800000000000000
02:10:53.087 [DEBUG] [serial] RX 128 bytes: f8000000000000005a00f8000000000000004a00f8000000000000005a00f8000000000000004a00f8000000000000005a00f8000000000000004a00f8000000000000005a00f8000000000000004a00f8000000000000005a00f8000000000000005a00f8000000000000005a00f8000000000000004a00f800000000000000
02:10:53.087 [DEBUG] [serial] Sin header 0xAA, descartando 128 bytes: f8000000000000005a00f80000000000
02:10:53.096 [DEBUG] [serial] RX 128 bytes: 5a00f8000000000000005a00f8000000000000005a00f8000000000000005a00f8000000000000005a00f8000000000000004a00f8000000000000005a00f8000000000000005a00f8000000000000005a00f8000000000000005a00f8000000000000005a00f8000000000000004a00f8000000000000005a00f80000000000
02:10:53.097 [DEBUG] [serial] Sin header 0xAA, descartando 128 bytes: 5a00f8000000000000005a00f8000000
02:10:53.106 [DEBUG] [serial] RX 128 bytes: 00005a00f8000000000000004a00f8000000000000005a00f8000000000000005a00f8000000000000004a00f8000000000000005a00f8000000000000004a00f8000000000000005a00f8000000000000004a00f8000000000000005a00f8000000000000004a00f8000000000000005a00f8000000000000005a00f8000000
02:10:53.106 [DEBUG] [serial] Sin header 0xAA, descartando 128 bytes: 00005a00f8000000000000004a00f800
02:10:53.116 [DEBUG] [serial] RX 128 bytes: 000000005a00f8000000000000005a00f8000000000000004a00f8000000000000005a00f8000000000000005a00f8000000000000005a00f8000000000000004a00f8000000000000004a00f8000000000000005a00f8000000000000004a00f8000000000000005a00f8000000000000004a00f8000000000000005a00f800
02:10:53.116 [DEBUG] [serial] Sin header 0xAA, descartando 128 bytes: 000000005a00f8000000000000005a00
02:10:53.125 [DEBUG] [serial] RX 128 bytes: 0000000000005a00f8000000000000004a00f8000000000000005a00f8000000000000005a00f8000000000000004a00f8000000000000005a00f8000000000000004a00f8000000000000004a00f8000000000000005a00f8000000000000004a00f8000000000000004a00f8000000000000005a00f8000000000000005a00
02:10:53.126 [DEBUG] [serial] Sin header 0xAA, descartando 128 bytes: 0000000000005a00f800000000000000
02:10:53.135 [DEBUG] [serial] RX 128 bytes: f8000000000000005a00f8000000000000005a00f8000000000000005a00f8000000000000005a00f8000000000000004a00f8000000000000005a00f8000000000000005a00f8000000000000005a00f8000000000000005a00f8000000000000005a00f8000000000000004a00f8000000000000005a00f800000000000000
02:10:53.135 [DEBUG] [serial] Sin header 0xAA, descartando 128 bytes: f8000000000000005a00f80000000000
02:10:53.144 [DEBUG] [serial] RX 128 bytes: 5a00f8000000000000005a00f8000000000000005a00f8000000000000005a00f8000000000000005a00f8000000000000004a00f8000000000000005a00f8000000000000005a00f8000000000000004a00f8000000000000005a00f8000000000000005a00f8000000000000005a00f8000000000000005a00f80000000000
02:10:53.144 [DEBUG] [serial] Sin header 0xAA, descartando 128 bytes: 5a00f8000000000000005a00f8000000
02:10:53.154 [DEBUG] [serial] RX 128 bytes: 00004a00f8000000000000005a00f8000000000000005a00f8000000000000004a00f8000000000000005a00f8000000000000005a00f8000000000000004a00f8000000000000005a00f8000000000000004a00f8000000000000005a00f8000000000000004a00f8000000000000005a00f8000000000000005a00f8000000
02:10:53.154 [DEBUG] [serial] Sin header 0xAA, descartando 128 bytes: 00004a00f8000000000000005a00f800
02:10:53.164 [DEBUG] [serial] RX 128 bytes: 000000004a00f8000000000000005a00f8000000000000005a00f8000000000000005a00f8000000000000005a00f8000000000000004a00f8000000000000005a00f8000000000000005a00f8000000000000005a00f8000000000000005a00f8000000000000004a00f8000000000000004a00f8000000000000005a00f800
02:10:53.164 [DEBUG] [serial] Sin header 0xAA, descartando 128 bytes: 000000004a00f8000000000000005a00
02:10:53.173 [DEBUG] [serial] RX 128 bytes: 0000000000004a00f8000000000000005a00f8000000000000005a00f8000000000000005a00f8000000000000005a00f8000000000000005a00f8000000000000004a00f8000000000000005a00f8000000000000005a00f8000000000000005a00f8000000000000005a00f8000000000000005a00f8000000000000004a00
02:10:53.173 [DEBUG] [serial] Sin header 0xAA, descartando 128 bytes: 0000000000004a00f800000000000000
02:10:53.183 [DEBUG] [serial] RX 128 bytes: f8000000000000004a00f8000000000000005a00f8000000000000005a00f8000000000000005a00f8000000000000004a00f8000000000000005a00f8000000000000004a00f8000000000000005a00f8000000000000005a00f8000000000000004a00f8000000000000005a00f8000000000000005a00f800000000000000
02:10:53.183 [DEBUG] [serial] Sin header 0xAA, descartando 128 bytes: f8000000000000004a00f80000000000
02:10:53.192 [DEBUG] [serial] RX 128 bytes: 4a00f8000000000000005a00f8000000000000005a00f8000000000000004a00f8000000000000005a00f8000000000000004a00f8000000000000005a00f8000000000000004a00f8000000000000004a00f8000000000000005a00f8000000000000005a00f8000000000000004a00f8000000000000005a00f80000000000
02:10:53.192 [DEBUG] [serial] Sin header 0xAA, descartando 128 bytes: 4a00f8000000000000005a00f8000000
02:10:53.202 [DEBUG] [serial] RX 128 bytes: 00005a00f8000000000000004a00f8000000000000005a00f8000000000000004a00f8000000000000005a00f8000000000000004a00f8000000000000004a00f8000000000000004a00f8000000000000005a00f8000000000000005a00f8000000000000004a00f8000000000000004a00f8000000000000005a00f8000000
02:10:53.202 [DEBUG] [serial] Sin header 0xAA, descartando 128 bytes: 00005a00f8000000000000004a00f800
02:10:53.212 [DEBUG] [serial] RX 128 bytes: 000000005a00f8000000000000004a00f8000000000000004a00f8000000000000005a00f8000000000000005a00f8000000000000005a00f8000000000000004a00f8000000000000004a00f8000000000000005a00f8000000000000005a00f8000000000000005a00f8000000000000004a00f8000000000000005a00f800
02:10:53.212 [DEBUG] [serial] Sin header 0xAA, descartando 128 bytes: 000000005a00f8000000000000004a00
02:10:53.221 [DEBUG] [serial] RX 128 bytes: 0000000000004a00f8000000000000005a00f8000000000000004a00f8000000000000005a00f8000000000000004a00f8000000000000005a00f8000000000000005a00f8000000000000005a00f8000000000000004a00f8000000000000004a00f8000000000000005a00f8000000000000004a00f8000000000000004a00
02:10:53.221 [DEBUG] [serial] Sin header 0xAA, descartando 128 bytes: 0000000000004a00f800000000000000
02:10:53.231 [DEBUG] [serial] RX 128 bytes: f8000000000000005a00f8000000000000004a00f8000000000000005a00f8000000000000005a00f8000000000000004a00f8000000000000005a00f8000000000000005a00f8000000000000004a00f8000000000000005a00f8000000000000005a00f8000000000000004a00f8000000000000005a00f800000000000000
02:10:53.231 [DEBUG] [serial] Sin header 0xAA, descartando 128 bytes: f8000000000000005a00f80000000000
02:10:53.240 [DEBUG] [serial] RX 128 bytes: 4a00f8000000000000005a00f8000000000000005a00f8000000000000005a00f8000000000000005a00f8000000000000004a00f8000000000000004a00f8000000000000004a00f8000000000000004a00f8000000000000005a00f8000000000000005a00f8000000000000004a00f8000000000000005a00f80000000000
02:10:53.240 [DEBUG] [serial] Sin header 0xAA, descartando 128 bytes: 4a00f8000000000000005a00f8000000
02:10:53.250 [DEBUG] [serial] RX 128 bytes: 00005a00f8000000000000005a00f8000000000000004a00f8000000000000004a00f8000000000000004a00f8000000000000005a00f8000000000000005a00f8000000000000004a00f8000000000000005a00f8000000000000005a00f8000000000000005a00f8000000000000005a00f8000000000000004a00f8000000
02:10:53.250 [DEBUG] [serial] Sin header 0xAA, descartando 128 bytes: 00005a00f8000000000000005a00f800
02:10:53.260 [DEBUG] [serial] RX 128 bytes: 000000005a00f8000000000000005a00f8000000000000004a00f8000000000000005a00f8000000000000005a00f8000000000000004a00f8000000000000005a00f8000000000000005a00f8000000000000004a00f8000000000000005a00f8000000000000004a00f8000000000000005a00f8000000000000005a00f800
02:10:53.260 [DEBUG] [serial] Sin header 0xAA, descartando 128 bytes: 000000005a00f8000000000000005a00
02:10:53.269 [DEBUG] [serial] RX 128 bytes: 0000000000005a00f8000000000000004a00f8000000000000004a00f8000000000000005a00f8000000000000005a00f8000000000000004a00f8000000000000004a00f8000000000000004a00f8000000000000005a00f8000000000000005a00f8000000000000004a00f8000000000000005a00f8000000000000005a00
02:10:53.269 [DEBUG] [serial] Sin header 0xAA, descartando 128 bytes: 0000000000005a00f800000000000000
02:10:53.278 [DEBUG] [serial] RX 128 bytes: f8000000000000005a00f8000000000000005a00f8000000000000005a00f8000000000000005a00f8000000000000004a00f8000000000000004a00f8000000000000004a00f8000000000000005a00f8000000000000005a00f8000000000000005a00f8000000000000004a00f8000000000000005a00f800000000000000
02:10:53.279 [DEBUG] [serial] Sin header 0xAA, descartando 128 bytes: f8000000000000005a00f80000000000
02:10:53.288 [DEBUG] [serial] RX 128 bytes: 5a00f8000000000000005a00f8000000000000005a00f8000000000000004a00f8000000000000005a00f8000000000000004a00f8000000000000005a00f8000000000000005a00f8000000000000005a00f8000000000000004a00f8000000000000005a00f8000000000000005a00f8000000000000004a00f80000000000
02:10:53.288 [DEBUG] [serial] Sin header 0xAA, descartando 128 bytes: 5a00f8000000000000005a00f8000000
02:10:53.298 [DEBUG] [serial] RX 128 bytes: 00005a00f8000000000000005a00f8000000000000005a00f8000000000000005a00f8000000000000005a00f8000000000000005a00f8000000000000004a00f8000000000000005a00f8000000000000005a00f8000000000000005a00f8000000000000004a00f8000000000000005a00f8000000000000005a00f8000000
02:10:53.298 [DEBUG] [serial] Sin header 0xAA, descartando 128 bytes: 00005a00f8000000000000005a00f800
02:10:53.308 [DEBUG] [serial] RX 128 bytes: 000000004a00f8000000000000005a00f8000000000000004a00f8000000000000005a00f8000000000000005a00f8000000000000005a00f8000000000000005a00f8000000000000004a00f8000000000000005a00f8000000000000005a00f8000000000000004a00f8000000000000005a00f8000000000000005a00f800
02:10:53.308 [DEBUG] [serial] Sin header 0xAA, descartando 128 bytes: 000000004a00f8000000000000005a00
02:10:53.317 [DEBUG] [serial] RX 128 bytes: 0000000000004a00f8000000000000005a00f8000000000000005a00f8000000000000004a00f8000000000000005a00f8000000000000004a00f8000000000000004a00f8000000000000004a00f8000000000000005a00f8000000000000005a00f8000000000000004a00f8000000000000004a00f8000000000000005a00
02:10:53.317 [DEBUG] [serial] Sin header 0xAA, descartando 128 bytes: 0000000000004a00f800000000000000
02:10:53.326 [DEBUG] [serial] RX 128 bytes: f8000000000000005a00f8000000000000004a00f8000000000000005a00f8000000000000005a00f8000000000000005a00f8000000000000005a00f8000000000000004a00f8000000000000005a00f8000000000000005a00f8000000000000005a00f8000000000000004a00f8000000000000005a00f800000000000000
02:10:53.327 [DEBUG] [serial] Sin header 0xAA, descartando 128 bytes: f8000000000000005a00f80000000000
02:10:53.336 [DEBUG] [serial] RX 128 bytes: 5a00f8000000000000004a00f8000000000000005a00f8000000000000005a00f8000000000000004a00f8000000000000005a00f8000000000000005a00f8000000000000004a00f8000000000000005a00f8000000000000004a00f8000000000000005a00f8000000000000005a00f8000000000000004a00f80000000000
02:10:53.336 [DEBUG] [serial] Sin header 0xAA, descartando 128 bytes: 5a00f8000000000000004a00f8000000
02:10:53.346 [DEBUG] [serial] RX 128 bytes: 00005a00f8000000000000005a00f8000000000000004a00f8000000000000005a00f8000000000000004a00f8000000000000005a00f8000000000000005a00f8000000000000004a00f8000000000000005a00f8000000000000005a00f8000000000000005a00f8000000000000004a00f8000000000000005a00f8000000
02:10:53.346 [DEBUG] [serial] Sin header 0xAA, descartando 128 bytes: 00005a00f8000000000000005a00f800
02:10:53.346 [INFO] [serial] Stats: 0 pkts, 64256 bytes rx
02:10:53.355 [DEBUG] [serial] RX 128 bytes: 000000005a00f8000000000000005a00f8000000000000005a00f8000000000000004a00f8000000000000004a00f8000000000000005a00f8000000000000005a00f8000000000000004a00f8000000000000004a00f8000000000000005a00f8000000000000005a00f8000000000000005a00f8000000000000004a00f800
02:10:53.356 [DEBUG] [serial] Sin header 0xAA, descartando 128 bytes: 000000005a00f8000000000000005a00
02:10:53.365 [DEBUG] [serial] RX 128 bytes: 0000000000005a00f8000000000000004a00f8000000000000005a00f8000000000000004a00f8000000000000005a00f8000000000000004a00f8000000000000005a00f8000000000000004a00f8000000000000005a00f8000000000000004a00f8000000000000005a00f8000000000000004a00f8000000000000005a00
02:10:53.365 [DEBUG] [serial] Sin header 0xAA, descartando 128 bytes: 0000000000005a00f800000000000000
02:10:53.374 [DEBUG] [serial] RX 128 bytes: f8000000000000004a00f8000000000000005a00f8000000000000005a00f8000000000000005a00f8000000000000005a00f8000000000000004a00f8000000000000005a00f8000000000000005a00f8000000000000005a00f8000000000000005a00f8000000000000005a00f8000000000000005a00f800000000000000
02:10:53.375 [DEBUG] [serial] Sin header 0xAA, descartando 128 bytes: f8000000000000004a00f80000000000
02:10:53.384 [DEBUG] [serial] RX 128 bytes: 4a00f8000000000000005a00f8000000000000004a00f8000000000000005a00f8000000000000005a00f8000000000000004a00f8000000000000005a00f8000000000000005a00f8000000000000004a00f8000000000000005a00f8000000000000005a00f8000000000000004a00f8000000000000005a00f80000000000
02:10:53.384 [DEBUG] [serial] Sin header 0xAA, descartando 128 bytes: 4a00f8000000000000005a00f8000000
02:10:53.394 [DEBUG] [serial] RX 128 bytes: 00004a00f8000000000000005a00f8000000000000005a00f8000000000000005a00f8000000000000005a00f8000000000000004a00f8000000000000005a00f8000000000000004a00f8000000000000005a00f8000000000000004a00f8000000000000005a00f8000000000000005a00f8000000000000005a00f8000000
02:10:53.394 [DEBUG] [serial] Sin header 0xAA, descartando 128 bytes: 00004a00f8000000000000005a00f800
02:10:53.403 [DEBUG] [serial] RX 128 bytes: 000000005a00f8000000000000005a00f8000000000000005a00f8000000000000005a00f8000000000000004a00f8000000000000005a00f8000000000000005a00f8000000000000005a00f8000000000000005a00f8000000000000004a00f8000000000000004a00f8000000000000005a00f8000000000000005a00f800
02:10:53.404 [DEBUG] [serial] Sin header 0xAA, descartando 128 bytes: 000000005a00f8000000000000005a00
02:10:53.413 [DEBUG] [serial] RX 128 bytes: 0000000000005a00f8000000000000005a00f8000000000000004a00f8000000000000005a00f8000000000000005a00f8000000000000005a00f8000000000000005a00f8000000000000004a00f8000000000000004a00f8000000000000004a00f8000000000000005a00f8000000000000005a00f8000000000000004a00
02:10:53.413 [DEBUG] [serial] Sin header 0xAA, descartando 128 bytes: 0000000000005a00f800000000000000
02:10:53.422 [DEBUG] [serial] RX 128 bytes: f8000000000000005a00f8000000000000005a00f8000000000000005a00f8000000000000004a00f8000000000000004a00f8000000000000004a00f8000000000000005a00f8000000000000005a00f8000000000000005a00f8000000000000005a00f8000000000000004a00f8000000000000005a00f800000000000000
02:10:53.423 [DEBUG] [serial] Sin header 0xAA, descartando 128 bytes: f8000000000000005a00f80000000000
02:10:53.432 [DEBUG] [serial] RX 128 bytes: 5a00f8000000000000005a00f8000000000000005a00f8000000000000004a00f8000000000000005a00f8000000000000004a00f8000000000000005a00f8000000000000005a00f8000000000000004a00f8000000000000005a00f8000000000000004a00f8000000000000005a00f8000000000000004a00f80000000000
02:10:53.432 [DEBUG] [serial] Sin header 0xAA, descartando 128 bytes: 5a00f8000000000000005a00f8000000
02:10:53.442 [DEBUG] [serial] RX 128 bytes: 00005a00f8000000000000005a00f8000000000000005a00f8000000000000004a00f8000000000000005a00f8000000000000005a00f8000000000000004a00f8000000000000005a00f8000000000000004a00f8000000000000005a00f8000000000000004a00f8000000000000004a00f8000000000000004a00f8000000
02:10:53.442 [DEBUG] [serial] Sin header 0xAA, descartando 128 bytes: 00005a00f8000000000000005a00f800
02:10:53.451 [DEBUG] [serial] RX 128 bytes: 000000005a00f8000000000000005a00f8000000000000005a00f8000000000000004a00f8000000000000005a00f8000000000000004a00f8000000000000005a00f8000000000000005a00f8000000000000004a00f8000000000000004a00f8000000000000005a00f8000000000000005a00f8000000000000004a00f800
02:10:53.452 [DEBUG] [serial] Sin header 0xAA, descartando 128 bytes: 000000005a00f8000000000000005a00
02:10:53.461 [DEBUG] [serial] RX 128 bytes: 0000000000005a00f8000000000000005a00f8000000000000005a00f8000000000000005a00f8000000000000005a00f8000000000000005a00f8000000000000005a00f8000000000000004a00f8000000000000004a00f8000000000000005a00f8000000000000005a00f8000000000000004a00f8000000000000004a00
02:10:53.461 [DEBUG] [serial] Sin header 0xAA, descartando 128 bytes: 0000000000005a00f800000000000000
02:10:53.470 [DEBUG] [serial] RX 128 bytes: f8000000000000005a00f8000000000000005a00f8000000000000005a00f8000000000000005a00f8000000000000004a00f8000000000000005a00f8000000000000005a00f8000000000000005a00f8000000000000004a00f8000000000000004a00f8000000000000004a00f8000000000000004a00f800000000000000
02:10:53.470 [DEBUG] [serial] Sin header 0xAA, descartando 128 bytes: f8000000000000005a00f80000000000
02:10:53.480 [DEBUG] [serial] RX 128 bytes: 5a00f8000000000000004a00f8000000000000004a00f8000000000000005a00f8000000000000005a00f8000000000000004a00f8000000000000005a00f8000000000000005a00f8000000000000005a00f8000000000000004a00f8000000000000005a00f8000000000000005a00f8000000000000005a00f80000000000
02:10:53.480 [DEBUG] [serial] Sin header 0xAA, descartando 128 bytes: 5a00f8000000000000004a00f8000000
02:10:53.490 [DEBUG] [serial] RX 128 bytes: 00005a00f8000000000000005a00f8000000000000005a00f8000000000000004a00f8000000000000005a00f8000000000000005a00f8000000000000004a00f8000000000000005a00f8000000000000005a00f8000000000000004a00f8000000000000005a00f8000000000000004a00f8000000000000005a00f8000000
02:10:53.490 [DEBUG] [serial] Sin header 0xAA, descartando 128 bytes: 00005a00f8000000000000005a00f800
02:10:53.499 [DEBUG] [serial] RX 128 bytes: 000000005a00f8000000000000005a00f8000000000000005a00f8000000000000005a00f8000000000000005a00f8000000000000004a00f8000000000000005a00f8000000000000005a00f8000000000000004a00f8000000000000004a00f8000000000000005a00f8000000000000005a00f8000000000000004a00f800
02:10:53.500 [DEBUG] [serial] Sin header 0xAA, descartando 128 bytes: 000000005a00f8000000000000005a00
02:10:53.509 [DEBUG] [serial] RX 128 bytes: 0000000000005a00f8000000000000005a00f8000000000000004a00f8000000000000004a00f8000000000000005a00f8000000000000004a00f8000000000000004a00f8000000000000005a00f8000000000000005a00f8000000000000004a00f8000000000000004a00f8000000000000005a00f8000000000000004a00
02:10:53.509 [DEBUG] [serial] Sin header 0xAA, descartando 128 bytes: 0000000000005a00f800000000000000
02:10:53.518 [DEBUG] [serial] RX 128 bytes: f8000000000000005a00f8000000000000005a00f8000000000000005a00f8000000000000004a00f8000000000000005a00f8000000000000004a00f8000000000000005a00f8000000000000005a00f8000000000000005a00f8000000000000004a00f8000000000000004a00f8000000000000005a00f800000000000000
02:10:53.518 [DEBUG] [serial] Sin header 0xAA, descartando 128 bytes: f8000000000000005a00f80000000000
02:10:53.528 [DEBUG] [serial] RX 128 bytes: 5a00f8000000000000005a00f8000000000000005a00f8000000000000005a00f8000000000000005a00f8000000000000005a00f8000000000000005a00f8000000000000004a00f8000000000000004a00f8000000000000005a00f8000000000000005a00f8000000000000004a00f8000000000000004a00f80000000000
02:10:53.528 [DEBUG] [serial] Sin header 0xAA, descartando 128 bytes: 5a00f8000000000000005a00f8000000
02:10:53.538 [DEBUG] [serial] RX 128 bytes: 00005a00f8000000000000005a00f8000000000000005a00f8000000000000004a00f8000000000000005a00f8000000000000004a00f8000000000000005a00f8000000000000004a00f8000000000000005a00f8000000000000004a00f8000000000000005a00f8000000000000005a00f8000000000000004a00f8000000
02:10:53.538 [DEBUG] [serial] Sin header 0xAA, descartando 128 bytes: 00005a00f8000000000000005a00f800
02:10:53.547 [DEBUG] [serial] RX 128 bytes: 000000005a00f8000000000000004a00f8000000000000005a00f8000000000000004a00f8000000000000005a00f8000000000000005a00f8000000000000004a00f8000000000000004a00f8000000000000005a00f8000000000000004a00f8000000000000004a00f8000000000000005a00f8000000000000005a00f800
02:10:53.547 [DEBUG] [serial] Sin header 0xAA, descartando 128 bytes: 000000005a00f8000000000000004a00
02:10:53.557 [DEBUG] [serial] RX 128 bytes: 0000000000004a00f8000000000000005a00f8000000000000004a00f8000000000000005a00f8000000000000005a00f8000000000000004a00f8000000000000005a00f8000000000000005a00f8000000000000005a00f8000000000000005a00f8000000000000005a00f8000000000000004a00f8000000000000005a00
02:10:53.557 [DEBUG] [serial] Sin header 0xAA, descartando 128 bytes: 0000000000004a00f800000000000000
02:10:53.566 [DEBUG] [serial] RX 128 bytes: f8000000000000004a00f8000000000000005a00f8000000000000005a00f8000000000000005a00f8000000000000005a00f8000000000000005a00f8000000000000004a00f8000000000000004a00f8000000000000005a00f8000000000000005a00f8000000000000005a00f8000000000000005a00f800000000000000
02:10:53.566 [DEBUG] [serial] Sin header 0xAA, descartando 128 bytes: f8000000000000004a00f80000000000
02:10:53.576 [DEBUG] [serial] RX 128 bytes: 5a00f8000000000000005a00f8000000000000004a00f8000000000000005a00f8000000000000005a00f8000000000000005a00f8000000000000004a00f8000000000000005a00f8000000000000005a00f8000000000000005a00f8000000000000004a00f8000000000000005a00f8000000000000005a00f80000000000
02:10:53.576 [DEBUG] [serial] Sin header 0xAA, descartando 128 bytes: 5a00f8000000000000005a00f8000000
02:10:53.586 [DEBUG] [serial] RX 128 bytes: 00004a00f8000000000000005a00f8000000000000004a00f8000000000000005a00f8000000000000004a00f8000000000000005a00f8000000000000005a00f8000000000000005a00f8000000000000004a00f8000000000000005a00f8000000000000004a00f8000000000000005a00f8000000000000005a00f8000000
02:10:53.586 [DEBUG] [serial] Sin header 0xAA, descartando 128 bytes: 00004a00f8000000000000005a00f800
02:10:53.595 [DEBUG] [serial] RX 128 bytes: 000000005a00f8000000000000004a00f8000000000000005a00f8000000000000004a00f8000000000000005a00f8000000000000005a00f8000000000000005a00f8000000000000005a00f8000000000000004a00f8000000000000004a00f8000000000000005a00f8000000000000005a00f8000000000000004a00f800
02:10:53.595 [DEBUG] [serial] Sin header 0xAA, descartando 128 bytes: 000000005a00f8000000000000004a00
02:10:53.605 [DEBUG] [serial] RX 128 bytes: 0000000000005a00f8000000000000004a00f8000000000000004a00f8000000000000005a00f8000000000000004a00f8000000000000005a00f8000000000000004a00f8000000000000004a00f8000000000000005a00f8000000000000005a00f8000000000000005a00f8000000000000005a00f8000000000000005a00
02:10:53.605 [DEBUG] [serial] Sin header 0xAA, descartando 128 bytes: 0000000000005a00f800000000000000
02:10:53.614 [DEBUG] [serial] RX 128 bytes: f8000000000000005a00f8000000000000005a00f8000000000000004a00f8000000000000005a00f8000000000000004a00f8000000000000005a00f8000000000000004a00f8000000000000005a00f8000000000000005a00f8000000000000004a00f8000000000000005a00f8000000000000004a00f800000000000000
02:10:53.614 [DEBUG] [serial] Sin header 0xAA, descartando 128 bytes: f8000000000000005a00f80000000000
02:10:53.624 [DEBUG] [serial] RX 128 bytes: 5a00f8000000000000005a00f8000000000000005a00f8000000000000005a00f8000000000000004a00f8000000000000004a00f8000000000000004a00f8000000000000005a00f8000000000000005a00f8000000000000004a00f8000000000000004a00f8000000000000004a00f8000000000000004a00f80000000000
02:10:53.624 [DEBUG] [serial] Sin header 0xAA, descartando 128 bytes: 5a00f8000000000000005a00f8000000
02:10:53.633 [DEBUG] [serial] RX 128 bytes: 00005a00f8000000000000005a00f8000000000000005a00f8000000000000004a00f8000000000000005a00f8000000000000005a00f8000000000000004a00f8000000000000005a00f8000000000000005a00f8000000000000005a00f8000000000000004a00f8000000000000005a00f8000000000000004a00f8000000
02:10:53.634 [DEBUG] [serial] Sin header 0xAA, descartando 128 bytes: 00005a00f8000000000000005a00f800
02:10:53.643 [DEBUG] [serial] RX 128 bytes: 000000005a00f8000000000000004a00f8000000000000005a00f8000000000000004a00f8000000000000005a00f8000000000000005a00f8000000000000004a00f8000000000000005a00f8000000000000004a00f8000000000000005a00f8000000000000005a00f8000000000000005a00f8000000000000004a00f800
02:10:53.643 [DEBUG] [serial] Sin header 0xAA, descartando 128 bytes: 000000005a00f8000000000000004a00
02:10:53.653 [DEBUG] [serial] RX 128 bytes: 0000000000004a00f8000000000000005a00f8000000000000004a00f8000000000000005a00f8000000000000005a00f8000000000000005a00f8000000000000005a00f8000000000000005a00f8000000000000005a00f8000000000000005a00f8000000000000005a00f8000000000000005a00f8000000000000005a00
02:10:53.653 [DEBUG] [serial] Sin header 0xAA, descartando 128 bytes: 0000000000004a00f800000000000000
02:10:53.662 [DEBUG] [serial] RX 128 bytes: f8000000000000004a00f8000000000000005a00f8000000000000005a00f8000000000000004a00f8000000000000005a00f8000000000000005a00f8000000000000005a00f8000000000000005a00f8000000000000005a00f8000000000000005a00f8000000000000004a00f8000000000000005a00f800000000000000
02:10:53.662 [DEBUG] [serial] Sin header 0xAA, descartando 128 bytes: f8000000000000004a00f80000000000
02:10:53.672 [DEBUG] [serial] RX 128 bytes: 4a00f8000000000000005a00f8000000000000004a00f8000000000000005a00f8000000000000004a00f8000000000000005a00f8000000000000004a00f8000000000000005a00f8000000000000005a00f8000000000000005a00f8000000000000004a00f8000000000000005a00f8000000000000004a00f80000000000
02:10:53.672 [DEBUG] [serial] Sin header 0xAA, descartando 128 bytes: 4a00f8000000000000005a00f8000000
02:10:53.681 [DEBUG] [serial] RX 128 bytes: 00005a00f8000000000000004a00f8000000000000005a00f8000000000000004a00f8000000000000005a00f8000000000000005a00f8000000000000004a00f8000000000000005a00f8000000000000005a00f8000000000000005a00f8000000000000005a00f8000000000000005a00f8000000000000004a00f8000000
02:10:53.682 [DEBUG] [serial] Sin header 0xAA, descartando 128 bytes: 00005a00f8000000000000004a00f800
02:10:53.691 [DEBUG] [serial] RX 128 bytes: 000000005a00f8000000000000005a00f8000000000000005a00f8000000000000004a00f8000000000000004a00f8000000000000004a00f8000000000000004a00f8000000000000005a00f8000000000000005a00f8000000000000005a00f8000000000000005a00f8000000000000004a00f8000000000000005a00f800
02:10:53.691 [DEBUG] [serial] Sin header 0xAA, descartando 128 bytes: 000000005a00f8000000000000005a00
02:10:53.701 [DEBUG] [serial] RX 128 bytes: 0000000000005a00f8000000000000004a00f8000000000000005a00f8000000000000004a00f8000000000000005a00f8000000000000005a00f8000000000000004a00f8000000000000005a00f8000000000000005a00f8000000000000005a00f8000000000000005a00f8000000000000004a00f8000000000000005a00
02:10:53.701 [DEBUG] [serial] Sin header 0xAA, descartando 128 bytes: 0000000000005a00f800000000000000
02:10:53.710 [DEBUG] [serial] RX 128 bytes: f8000000000000005a00f8000000000000005a00f8000000000000005a00f8000000000000004a00f8000000000000005a00f8000000000000005a00f8000000000000004a00f8000000000000005a00f8000000000000005a00f8000000000000004a00f8000000000000005a00f8000000000000005a00f800000000000000
02:10:53.710 [DEBUG] [serial] Sin header 0xAA, descartando 128 bytes: f8000000000000005a00f80000000000
02:10:53.720 [DEBUG] [serial] RX 128 bytes: 4a00f8000000000000004a00f8000000000000004a00f8000000000000004a00f8000000000000005a00f8000000000000005a00f8000000000000004a00f8000000000000004a00f8000000000000005a00f8000000000000004a00f8000000000000005a00f8000000000000005a00f8000000000000005a00f80000000000
02:10:53.720 [DEBUG] [serial] Sin header 0xAA, descartando 128 bytes: 4a00f8000000000000004a00f8000000
02:10:53.729 [DEBUG] [serial] RX 128 bytes: 00005a00f8000000000000005a00f8000000000000005a00f8000000000000004a00f8000000000000005a00f8000000000000004a00f8000000000000005a00f8000000000000005a00f8000000000000005a00f8000000000000005a00f8000000000000004a00f8000000000000005a00f8000000000000005a00f8000000
02:10:53.729 [DEBUG] [serial] Sin header 0xAA, descartando 128 bytes: 00005a00f8000000000000005a00f800
02:10:53.739 [DEBUG] [serial] RX 128 bytes: 000000005a00f8000000000000005a00f8000000000000004a00f8000000000000005a00f8000000000000005a00f8000000000000004a00f8000000000000005a00f8000000000000005a00f8000000000000004a00f8000000000000005a00f8000000000000005a00f8000000000000005a00f8000000000000005a00f800
02:10:53.739 [DEBUG] [serial] Sin header 0xAA, descartando 128 bytes: 000000005a00f8000000000000005a00
02:10:53.749 [DEBUG] [serial] RX 128 bytes: 0000000000005a00f8000000000000005a00f8000000000000004a00f8000000000000004a00f8000000000000004a00f8000000000000004a00f8000000000000005a00f8000000000000005a00f8000000000000005a00f8000000000000004a00f8000000000000005a00f8000000000000005a00f8000000000000005a00
02:10:53.749 [DEBUG] [serial] Sin header 0xAA, descartando 128 bytes: 0000000000005a00f800000000000000
02:10:53.758 [DEBUG] [serial] RX 128 bytes: f8000000000000004a00f8000000000000005a00f8000000000000005a00f8000000000000005a00f8000000000000005a00f8000000000000005a00f8000000000000004a00f8000000000000005a00f8000000000000005a00f8000000000000004a00f8000000000000005a00f8000000000000005a00f800000000000000
02:10:53.758 [DEBUG] [serial] Sin header 0xAA, descartando 128 bytes: f8000000000000004a00f80000000000
02:10:53.768 [DEBUG] [serial] RX 128 bytes: 4a00f8000000000000005a00f8000000000000004a00f8000000000000005a00f8000000000000005a00f8000000000000004a00f8000000000000005a00f8000000000000005a00f8000000000000005a00f8000000000000004a00f8000000000000005a00f8000000000000005a00f8000000000000004a00f80000000000
02:10:53.768 [DEBUG] [serial] Sin header 0xAA, descartando 128 bytes: 4a00f8000000000000005a00f8000000
02:10:53.777 [DEBUG] [serial] RX 128 bytes: 00005a00f8000000000000005a00f8000000000000004a00f8000000000000005a00f8000000000000005a00f8000000000000004a00f8000000000000004a00f8000000000000005a00f8000000000000005a00f8000000000000004a00f8000000000000004a00f8000000000000005a00f8000000000000005a00f8000000
02:10:53.777 [DEBUG] [serial] Sin header 0xAA, descartando 128 bytes: 00005a00f8000000000000005a00f800
02:10:53.787 [DEBUG] [serial] RX 128 bytes: 000000005a00f8000000000000004a00f8000000000000005a00f8000000000000004a00f8000000000000004a00f8000000000000005a00f8000000000000005a00f8000000000000004a00f8000000000000005a00f8000000000000005a00f8000000000000004a00f8000000000000004a00f8000000000000005a00f800
02:10:53.787 [DEBUG] [serial] Sin header 0xAA, descartando 128 bytes: 000000005a00f8000000000000004a00
02:10:53.796 [DEBUG] [serial] RX 128 bytes: 0000000000005a00f8000000000000004a00f8000000000000005a00f8000000000000005a00f8000000000000005a00f8000000000000005a00f8000000000000005a00f8000000000000005a00f8000000000000005a00f8000000000000004a00f8000000000000005a00f8000000000000005a00f8000000000000005a00
02:10:53.797 [DEBUG] [serial] Sin header 0xAA, descartando 128 bytes: 0000000000005a00f800000000000000
02:10:53.806 [DEBUG] [serial] RX 128 bytes: f8000000000000005a00f8000000000000005a00f8000000000000005a00f8000000000000005a00f8000000000000004a00f8000000000000005a00f8000000000000004a00f8000000000000005a00f8000000000000005a00f8000000000000005a00f8000000000000004a00f8000000000000005a00f800000000000000
02:10:53.806 [DEBUG] [serial] Sin header 0xAA, descartando 128 bytes: f8000000000000005a00f80000000000
02:10:53.816 [DEBUG] [serial] RX 128 bytes: 5a00f8000000000000004a00f8000000000000005a00f8000000000000004a00f8000000000000005a00f8000000000000004a00f8000000000000005a00f8000000000000004a00f8000000000000005a00f8000000000000004a00f8000000000000005a00f8000000000000004a00f8000000000000005a00f80000000000
02:10:53.816 [DEBUG] [serial] Sin header 0xAA, descartando 128 bytes: 5a00f8000000000000004a00f8000000
02:10:53.825 [DEBUG] [serial] RX 128 bytes: 00005a00f8000000000000004a00f8000000000000005a00f8000000000000005a00f8000000000000004a00f8000000000000005a00f8000000000000005a00f8000000000000005a00f8000000000000005a00f8000000000000005a00f8000000000000004a00f8000000000000005a00f8000000000000005a00f8000000
02:10:53.825 [DEBUG] [serial] Sin header 0xAA, descartando 128 bytes: 00005a00f8000000000000004a00f800
02:10:53.835 [DEBUG] [serial] RX 128 bytes: 000000004a00f8000000000000005a00f8000000000000004a00f8000000000000005a00f8000000000000004a00f8000000000000005a00f8000000000000004a00f8000000000000005a00f8000000000000005a00f8000000000000005a00f8000000000000005a00f8000000000000004a00f8000000000000005a00f800
02:10:53.835 [DEBUG] [serial] Sin header 0xAA, descartando 128 bytes: 000000004a00f8000000000000005a00
02:10:53.844 [DEBUG] [serial] RX 128 bytes: 0000000000004a00f8000000000000005a00f8000000000000005a00f8000000000000004a00f8000000000000005a00f8000000000000005a00f8000000000000005a00f8000000000000004a00f8000000000000005a00f8000000000000005a00f8000000000000004a00f8000000000000005a00f8000000000000005a00
02:10:53.845 [DEBUG] [serial] Sin header 0xAA, descartando 128 bytes: 0000000000004a00f800000000000000
02:10:53.854 [DEBUG] [serial] RX 128 bytes: f8000000000000005a00f8000000000000005a00f8000000000000005a00f8000000000000005a00f8000000000000005a00f8000000000000004a00f8000000000000005a00f8000000000000004a00f8000000000000005a00f8000000000000005a00f8000000000000004a00f8000000000000005a00f800000000000000
02:10:53.854 [DEBUG] [serial] Sin header 0xAA, descartando 128 bytes: f8000000000000005a00f80000000000
02:10:53.863 [DEBUG] [serial] RX 128 bytes: 5a00f8000000000000004a00f8000000000000005a00f8000000000000005a00f8000000000000004a00f8000000000000005a00f8000000000000004a00f8000000000000005a00f8000000000000004a00f8000000000000005a00f8000000000000004a00f8000000000000005a00f8000000000000004a00f80000000000
02:10:53.864 [DEBUG] [serial] Sin header 0xAA, descartando 128 bytes: 5a00f8000000000000004a00f8000000
02:10:53.873 [DEBUG] [serial] RX 128 bytes: 00004a00f8000000000000004a00f8000000000000005a00f8000000000000005a00f8000000000000004a00f8000000000000005a00f8000000000000004a00f8000000000000005a00f8000000000000005a00f8000000000000005a00f8000000000000005a00f8000000000000004a00f8000000000000005a00f8000000
02:10:53.873 [DEBUG] [serial] Sin header 0xAA, descartando 128 bytes: 00004a00f8000000000000004a00f800
02:10:53.883 [DEBUG] [serial] RX 128 bytes: 000000005a00f8000000000000004a00f8000000000000005a00f8000000000000005a00f8000000000000004a00f8000000000000005a00f8000000000000004a00f8000000000000005a00f8000000000000004a00f8000000000000005a00f8000000000000005a00f8000000000000005a00f8000000000000004a00f800
02:10:53.883 [DEBUG] [serial] Sin header 0xAA, descartando 128 bytes: 000000005a00f8000000000000004a00
02:10:53.892 [DEBUG] [serial] RX 128 bytes: 0000000000005a00f8000000000000004a00f8000000000000005a00f8000000000000005a00f8000000000000005a00f8000000000000004a00f8000000000000005a00f8000000000000004a00f8000000000000005a00f8000000000000005a00f8000000000000004a00f8000000000000005a00f8000000000000004a00
02:10:53.893 [DEBUG] [serial] Sin header 0xAA, descartando 128 bytes: 0000000000005a00f800000000000000
02:10:53.902 [DEBUG] [serial] RX 128 bytes: f8000000000000004a00f8000000000000005a00f8000000000000005a00f8000000000000005a00f8000000000000005a00f8000000000000005a00f8000000000000005a00f8000000000000004a00f8000000000000005a00f8000000000000005a00f8000000000000005a00f8000000000000005a00f800000000000000
02:10:53.902 [DEBUG] [serial] Sin header 0xAA, descartando 128 bytes: f8000000000000004a00f80000000000
02:10:53.911 [DEBUG] [serial] RX 128 bytes: 5a00f8000000000000005a00f8000000000000005a00f8000000000000005a00f8000000000000004a00f8000000000000005a00f8000000000000005a00f8000000000000005a00f8000000000000005a00f8000000000000005a00f8000000000000005a00f8000000000000004a00f8000000000000005a00f80000000000
02:10:53.912 [DEBUG] [serial] Sin header 0xAA, descartando 128 bytes: 5a00f8000000000000005a00f8000000
02:10:53.921 [DEBUG] [serial] RX 128 bytes: 00004a00f8000000000000005a00f8000000000000005a00f8000000000000005a00f8000000000000005a00f8000000000000004a00f8000000000000005a00f8000000000000004a00f8000000000000005a00f8000000000000004a00f8000000000000005a00f8000000000000004a00f8000000000000004a00f8000000
02:10:53.921 [DEBUG] [serial] Sin header 0xAA, descartando 128 bytes: 00004a00f8000000000000005a00f800
02:10:53.931 [DEBUG] [serial] RX 128 bytes: 000000005a00f8000000000000004a00f8000000000000004a00f8000000000000005a00f8000000000000005a00f8000000000000005a00f8000000000000005a00f8000000000000005a00f8000000000000005a00f8000000000000004a00f8000000000000005a00f8000000000000005a00f8000000000000004a00f800
02:10:53.931 [DEBUG] [serial] Sin header 0xAA, descartando 128 bytes: 000000005a00f8000000000000004a00
02:10:53.940 [DEBUG] [serial] RX 128 bytes: 0000000000005a00f8000000000000004a00f8000000000000005a00f8000000000000004a00f8000000000000005a00f8000000000000005a00f8000000000000005a00f8000000000000004a00f8000000000000005a00f8000000000000004a00f8000000000000005a00f8000000000000005a00f8000000000000004a00
02:10:53.940 [DEBUG] [serial] Sin header 0xAA, descartando 128 bytes: 0000000000005a00f800000000000000
02:10:53.950 [DEBUG] [serial] RX 128 bytes: f8000000000000005a00f8000000000000005a00f8000000000000004a00f8000000000000005a00f8000000000000005a00f8000000000000004a00f8000000000000005a00f8000000000000005a00f8000000000000004a00f8000000000000005a00f8000000000000005a00f8000000000000004a00f800000000000000
02:10:53.950 [DEBUG] [serial] Sin header 0xAA, descartando 128 bytes: f8000000000000005a00f80000000000
02:10:53.959 [DEBUG] [serial] RX 128 bytes: 5a00f8000000000000005a00f8000000000000004a00f8000000000000005a00f8000000000000004a00f8000000000000005a00f8000000000000004a00f8000000000000004a00f8000000000000005a00f8000000000000005a00f8000000000000005a00f8000000000000005a00f8000000000000005a00f80000000000
02:10:53.959 [DEBUG] [serial] Sin header 0xAA, descartando 128 bytes: 5a00f8000000000000005a00f8000000
02:10:53.969 [DEBUG] [serial] RX 128 bytes: 00004a00f8000000000000005a00f8000000000000005a00f8000000000000004a00f8000000000000005a00f8000000000000004a00f8000000000000005a00f8000000000000005a00f8000000000000004a00f8000000000000005a00f8000000000000005a00f8000000000000005a00f8000000000000004a00f8000000
02:10:53.969 [DEBUG] [serial] Sin header 0xAA, descartando 128 bytes: 00004a00f8000000000000005a00f800
02:10:53.979 [DEBUG] [serial] RX 128 bytes: 000000005a00f8000000000000004a00f8000000000000005a00f8000000000000004a00f8000000000000005a00f8000000000000005a00f8000000000000004a00f8000000000000005a00f8000000000000004a00f8000000000000004a00f8000000000000005a00f8000000000000005a00f8000000000000004a00f800
02:10:53.980 [DEBUG] [serial] Sin header 0xAA, descartando 128 bytes: 000000005a00f8000000000000004a00
02:10:53.988 [DEBUG] [serial] RX 128 bytes: 0000000000005a00f8000000000000004a00f8000000000000005a00f8000000000000005a00f8000000000000005a00f8000000000000004a00f8000000000000005a00f8000000000000004a00f8000000000000004a00f8000000000000005a00f8000000000000005a00f8000000000000004a00f8000000000000005a00
02:10:53.988 [DEBUG] [serial] Sin header 0xAA, descartando 128 bytes: 0000000000005a00f800000000000000
02:10:53.998 [DEBUG] [serial] RX 128 bytes: f8000000000000004a00f8000000000000005a00f8000000000000004a00f8000000000000005a00f8000000000000004a00f8000000000000005a00f8000000000000005a00f8000000000000005a00f8000000000000005a00f8000000000000004a00f8000000000000005a00f8000000000000005a00f800000000000000
02:10:53.998 [DEBUG] [serial] Sin header 0xAA, descartando 128 bytes: f8000000000000004a00f80000000000
02:10:54.007 [DEBUG] [serial] RX 128 bytes: 5a00f8000000000000005a00f8000000000000004a00f8000000000000005a00f8000000000000004a00f8000000000000005a00f8000000000000005a00f8000000000000004a00f8000000000000005a00f8000000000000004a00f8000000000000004a00f8000000000000005a00f8000000000000004a00f80000000000
02:10:54.008 [DEBUG] [serial] Sin header 0xAA, descartando 128 bytes: 5a00f8000000000000005a00f8000000
02:10:54.017 [DEBUG] [serial] RX 128 bytes: 00005a00f8000000000000004a00f8000000000000005a00f8000000000000005a00f8000000000000005a00f8000000000000004a00f8000000000000005a00f8000000000000004a00f8000000000000005a00f8000000000000004a00f8000000000000005a00f8000000000000004a00f8000000000000005a00f8000000
02:10:54.017 [DEBUG] [serial] Sin header 0xAA, descartando 128 bytes: 00005a00f8000000000000004a00f800
02:10:54.027 [DEBUG] [serial] RX 128 bytes: 000000005a00f8000000000000004a00f8000000000000005a00f8000000000000004a00f8000000000000005a00f8000000000000004a00f8000000000000005a00f8000000000000004a00f8000000000000005a00f8000000000000004a00f8000000000000005a00f8000000000000005a00f8000000000000005a00f800
02:10:54.027 [DEBUG] [serial] Sin header 0xAA, descartando 128 bytes: 000000005a00f8000000000000004a00
02:10:54.036 [DEBUG] [serial] RX 128 bytes: 0000000000004a00f8000000000000005a00f8000000000000005a00f8000000000000005a00f8000000000000005a00f8000000000000005a00f8000000000000005a00f8000000000000005a00f8000000000000004a00f8000000000000004a00f8000000000000005a00f8000000000000005a00f8000000000000005a00
02:10:54.037 [DEBUG] [serial] Sin header 0xAA, descartando 128 bytes: 0000000000004a00f800000000000000
02:10:54.046 [DEBUG] [serial] RX 128 bytes: f8000000000000005a00f8000000000000005a00f8000000000000005a00f8000000000000004a00f8000000000000004a00f8000000000000005a00f8000000000000005a00f8000000000000005a00f8000000000000004a00f8000000000000004a00f8000000000000005a00f8000000000000004a00f800000000000000
02:10:54.046 [DEBUG] [serial] Sin header 0xAA, descartando 128 bytes: f8000000000000005a00f80000000000
02:10:54.055 [DEBUG] [serial] RX 128 bytes: 4a00f8000000000000004a00f8000000000000004a00f8000000000000004a00f8000000000000004a00f8000000000000004a00f8000000000000005a00f8000000000000005a00f8000000000000005a00f8000000000000004a00f8000000000000005a00f8000000000000005a00f8000000000000005a00f80000000000
02:10:54.055 [DEBUG] [serial] Sin header 0xAA, descartando 128 bytes: 4a00f8000000000000004a00f8000000
02:10:54.065 [DEBUG] [serial] RX 128 bytes: 00005a00f8000000000000005a00f8000000000000004a00f8000000000000004a00f8000000000000005a00f8000000000000005a00f8000000000000005a00f8000000000000004a00f8000000000000004a00f8000000000000005a00f8000000000000005a00f8000000000000005a00f8000000000000005a00f8000000
02:10:54.065 [DEBUG] [serial] Sin header 0xAA, descartando 128 bytes: 00005a00f8000000000000005a00f800
02:10:54.074 [DEBUG] [serial] RX 128 bytes: 000000005a00f8000000000000005a00f8000000000000005a00f8000000000000005a00f8000000000000005a00f8000000000000004a00f8000000000000005a00f8000000000000005a00f8000000000000004a00f8000000000000004a00f8000000000000005a00f8000000000000004a00f8000000000000005a00f800
02:10:54.075 [DEBUG] [serial] Sin header 0xAA, descartando 128 bytes: 000000005a00f8000000000000005a00
02:10:54.084 [DEBUG] [serial] RX 128 bytes: 0000000000005a00f8000000000000005a00f8000000000000004a00f8000000000000004a00f8000000000000005a00f8000000000000005a00f8000000000000005a00f8000000000000005a00f8000000000000005a00f8000000000000005a00f8000000000000005a00f8000000000000005a00f8000000000000005a00
02:10:54.084 [DEBUG] [serial] Sin header 0xAA, descartando 128 bytes: 0000000000005a00f800000000000000
02:10:54.093 [DEBUG] [serial] RX 128 bytes: f8000000000000004a00f8000000000000005a00f8000000000000005a00f8000000000000005a00f8000000000000004a00f8000000000000005a00f8000000000000005a00f8000000000000005a00f8000000000000004a00f8000000000000004a00f8000000000000005a00f8000000000000004a00f800000000000000
02:10:54.094 [DEBUG] [serial] Sin header 0xAA, descartando 128 bytes: f8000000000000004a00f80000000000
02:10:54.098 [INFO] [GUI] Click MuxOut -> 1
02:10:54.098 [INFO] [serial] Encolando TX CMD_MUX_OUT sel=1: bb0201
02:10:54.103 [INFO] [serial] TX CMD_MUX_OUT sel=1: bb0201
02:10:54.104 [DEBUG] [serial] TX OK: 3 bytes escritos
02:10:54.104 [DEBUG] [serial] RX 128 bytes: 5a00f8000000000000005a00f8000000000000004a00f8000000000000005a00f8000000000000005a00f8000000000000004a00f8000000000000004a00f8000000000000005a00f8000000000000004a00f8000000000000005a00f8000000000000005a00f8000000000000004a00f8000000000000005a00f80000000000
02:10:54.104 [DEBUG] [serial] Sin header 0xAA, descartando 128 bytes: 5a00f8000000000000005a00f8000000
02:10:54.113 [DEBUG] [serial] RX 128 bytes: 00004a00f8000000000000005a00f8000000000000005a00f8000000000000005a00f8000000000000005a00f8000000000000004a00f8000000000000005a00f8000000000000005a00f8000000000000004a00f8000000000000005a00f8000000000000005a00f8000000000000004a00f8000000000000005a00f8000000
02:10:54.113 [DEBUG] [serial] Sin header 0xAA, descartando 128 bytes: 00004a00f8000000000000005a00f800
02:10:54.122 [DEBUG] [serial] RX 128 bytes: 000000004a00f8000000000000005a00f8000000000000004a00f8000000000000005a00f8000000000000004a00f8000000000000005a00f8000000000000004a00f8000000000000005a00f8000000000000005a00f8000000000000004a00f8000000000000005a00f8000000000000004a00f8000000000000005a00f800
02:10:54.123 [DEBUG] [serial] Sin header 0xAA, descartando 128 bytes: 000000004a00f8000000000000005a00
02:10:54.132 [DEBUG] [serial] RX 128 bytes: 0000000000005a00f8000000000000005a00f8000000000000005a00f8000000000000004a00f8000000000000005a00f8000000000000005a00f8000000000000004a00f8000000000000005a00f8000000000000004a00f8000000000000005a00f8000000000000005a00f8000000000000004a00f8000000000000005a00
02:10:54.133 [DEBUG] [serial] Sin header 0xAA, descartando 128 bytes: 0000000000005a00f800000000000000
02:10:54.141 [DEBUG] [serial] RX 128 bytes: f8000000000000005a00f8000000000000004a00f8000000000000004a00f8000000000000005a00f8000000000000005a00f8000000000000005a00f8000000000000005a00f8000000000000004a00f8000000000000005a00f8000000000000005a00f8000000000000005a00f8000000000000005a00f800000000000000
02:10:54.142 [DEBUG] [serial] Sin header 0xAA, descartando 128 bytes: f8000000000000005a00f80000000000
02:10:54.151 [DEBUG] [serial] RX 128 bytes: 4a00f8000000000000005a00f8000000000000005a00f8000000000000004a00f8000000000000004a00f8000000000000005a00f8000000000000004a00f8000000000000005a00f8000000000000005a00f8000000000000004a00f8000000000000005a00f8000000000000005a00f8000000000000004a00f80000000000
02:10:54.151 [DEBUG] [serial] Sin header 0xAA, descartando 128 bytes: 4a00f8000000000000005a00f8000000
02:10:54.161 [DEBUG] [serial] RX 128 bytes: 00005a00f8000000000000004a00f8000000000000005a00f8000000000000005a00f8000000000000004a00f8000000000000005a00f8000000000000004a00f8000000000000005a00f8000000000000005a00f8000000000000005a00f8000000000000004a00f8000000000000005a00f8000000000000004a00f8000000
02:10:54.161 [DEBUG] [serial] Sin header 0xAA, descartando 128 bytes: 00005a00f8000000000000004a00f800
02:10:54.170 [DEBUG] [serial] RX 128 bytes: 000000005a00f8000000000000005a00f8000000000000004a00f8000000000000005a00f8000000000000004a00f8000000000000005a00f8000000000000005a00f8000000000000004a00f8000000000000005a00f8000000000000004a00f8000000000000005a00f8000000000000005a00f8000000000000005a00f800
02:10:54.171 [DEBUG] [serial] Sin header 0xAA, descartando 128 bytes: 000000005a00f8000000000000005a00
02:10:54.180 [DEBUG] [serial] RX 128 bytes: 0000000000004a00f8000000000000005a00f8000000000000004a00f8000000000000005a00f8000000000000004a00f8000000000000005a00f8000000000000005a00f8000000000000004a00f8000000000000004a00f8000000000000004a00f8000000000000005a00f8000000000000005a00f8000000000000004a00
02:10:54.180 [DEBUG] [serial] Sin header 0xAA, descartando 128 bytes: 0000000000004a00f800000000000000
02:10:54.190 [DEBUG] [serial] RX 128 bytes: f8000000000000004a00f8000000000000005a00f8000000000000005a00f8000000000000004a00f8000000000000004a00f8000000000000005a00f8000000000000005a00f8000000000000004a00f8000000000000005a00f8000000000000004a00f8000000000000005a00f8000000000000005a00f800000000000000
02:10:54.190 [DEBUG] [serial] Sin header 0xAA, descartando 128 bytes: f8000000000000004a00f80000000000
02:10:54.199 [DEBUG] [serial] RX 128 bytes: 4a00f8000000000000005a00f8000000000000004a00f8000000000000005a00f8000000000000004a00f8000000000000005a00f8000000000000004a00f8000000000000005a00f8000000000000005a00f8000000000000004a00f8000000000000005a00f8000000000000005a00f8000000000000004a00f80000000000
02:10:54.200 [DEBUG] [serial] Sin header 0xAA, descartando 128 bytes: 4a00f8000000000000005a00f8000000
02:10:54.209 [DEBUG] [serial] RX 128 bytes: 00005a00f8000000000000005a00f8000000000000004a00f8000000000000005a00f8000000000000004a00f8000000000000005a00f8000000000000004a00f8000000000000005a00f8000000000000005a00f8000000000000005a00f8000000000000005a00f8000000000000005a00f8000000000000005a00f8000000
02:10:54.209 [DEBUG] [serial] Sin header 0xAA, descartando 128 bytes: 00005a00f8000000000000005a00f800
02:10:54.218 [DEBUG] [serial] RX 128 bytes: 000000004a00f8000000000000005a00f8000000000000005a00f8000000000000004a00f8000000000000004a00f8000000000000005a00f8000000000000005a00f8000000000000004a00f8000000000000005a00f8000000000000004a00f8000000000000005a00f8000000000000005a00f8000000000000004a00f800
02:10:54.219 [DEBUG] [serial] Sin header 0xAA, descartando 128 bytes: 000000004a00f8000000000000005a00
02:10:54.228 [DEBUG] [serial] RX 128 bytes: 0000000000005a00f8000000000000004a00f8000000000000005a00f8000000000000004a00f8000000000000005a00f8000000000000004a00f8000000000000005a00f8000000000000005a00f8000000000000005a00f8000000000000005a00f8000000000000005a00f8000000000000004a00f8000000000000005a00
02:10:54.228 [DEBUG] [serial] Sin header 0xAA, descartando 128 bytes: 0000000000005a00f800000000000000
02:10:54.237 [DEBUG] [serial] RX 128 bytes: f8000000000000004a00f8000000000000005a00f8000000000000004a00f8000000000000005a00f8000000000000005a00f8000000000000005a00f8000000000000004a00f8000000000000005a00f8000000000000005a00f8000000000000005a00f8000000000000005a00f8000000000000004a00f800000000000000
02:10:54.238 [DEBUG] [serial] Sin header 0xAA, descartando 128 bytes: f8000000000000004a00f80000000000
02:10:54.247 [DEBUG] [serial] RX 128 bytes: 5a00f8000000000000005a00f8000000000000004a00f8000000000000005a00f8000000000000004a00f8000000000000005a00f8000000000000004a00f8000000000000005a00f8000000000000005a00f8000000000000005a00f8000000000000004a00f8000000000000005a00f8000000000000005a00f80000000000
02:10:54.247 [DEBUG] [serial] Sin header 0xAA, descartando 128 bytes: 5a00f8000000000000005a00f8000000
02:10:54.257 [DEBUG] [serial] RX 128 bytes: 00004a00f8000000000000005a00f8000000000000005a00f8000000000000004a00f8000000000000005a00f8000000000000005a00f8000000000000005a00f8000000000000004a00f8000000000000005a00f8000000000000004a00f8000000000000005a00f8000000000000005a00f8000000000000005a00f8000000
02:10:54.257 [DEBUG] [serial] Sin header 0xAA, descartando 128 bytes: 00004a00f8000000000000005a00f800
02:10:54.266 [DEBUG] [serial] RX 128 bytes: 000000005a00f8000000000000005a00f8000000000000004a00f8000000000000005a00f8000000000000005a00f8000000000000004a00f8000000000000005a00f8000000000000004a00f8000000000000004a00f8000000000000005a00f8000000000000004a00f8000000000000005a00f8000000000000005a00f800
02:10:54.267 [DEBUG] [serial] Sin header 0xAA, descartando 128 bytes: 000000005a00f8000000000000005a00
02:10:54.276 [DEBUG] [serial] RX 128 bytes: 0000000000004a00f8000000000000005a00f8000000000000005a00f8000000000000005a00f8000000000000004a00f8000000000000005a00f8000000000000004a00f8000000000000004a00f8000000000000005a00f8000000000000005a00f8000000000000005a00f8000000000000005a00f8000000000000005a00
02:10:54.276 [DEBUG] [serial] Sin header 0xAA, descartando 128 bytes: 0000000000004a00f800000000000000
02:10:54.285 [DEBUG] [serial] RX 128 bytes: f8000000000000005a00f8000000000000005a00f8000000000000005a00f8000000000000005a00f8000000000000004a00f8000000000000005a00f8000000000000004a00f8000000000000004a00f8000000000000004a00f8000000000000004a00f8000000000000004a00f8000000000000004a00f800000000000000
02:10:54.286 [DEBUG] [serial] Sin header 0xAA, descartando 128 bytes: f8000000000000005a00f80000000000
02:10:54.295 [DEBUG] [serial] RX 128 bytes: 4a00f8000000000000005a00f8000000000000005a00f8000000000000005a00f8000000000000005a00f8000000000000005a00f8000000000000005a00f8000000000000005a00f8000000000000005a00f8000000000000005a00f8000000000000004a00f8000000000000004a00f8000000000000005a00f80000000000
02:10:54.295 [DEBUG] [serial] Sin header 0xAA, descartando 128 bytes: 4a00f8000000000000005a00f8000000
02:10:54.305 [DEBUG] [serial] RX 128 bytes: 00005a00f8000000000000004a00f8000000000000004a00f8000000000000004a00f8000000000000004a00f8000000000000004a00f8000000000000005a00f8000000000000005a00f8000000000000004a00f8000000000000005a00f8000000000000005a00f8000000000000005a00f8000000000000005a00f8000000
02:10:54.305 [DEBUG] [serial] Sin header 0xAA, descartando 128 bytes: 00005a00f8000000000000004a00f800
02:10:54.315 [DEBUG] [serial] RX 128 bytes: 000000005a00f8000000000000005a00f8000000000000004a00f8000000000000004a00f8000000000000004a00f8000000000000005a00f8000000000000005a00f8000000000000005a00f8000000000000005a00f8000000000000005a00f8000000000000005a00f8000000000000005a00f8000000000000005a00f800
02:10:54.315 [DEBUG] [serial] Sin header 0xAA, descartando 128 bytes: 000000005a00f8000000000000005a00
02:10:54.324 [DEBUG] [serial] RX 128 bytes: 0000000000005a00f8000000000000005a00f8000000000000005a00f8000000000000005a00f8000000000000005a00f8000000000000005a00f8000000000000005a00f8000000000000005a00f8000000000000005a00f8000000000000004a00f8000000000000005a00f8000000000000005a00f8000000000000005a00
02:10:54.324 [DEBUG] [serial] Sin header 0xAA, descartando 128 bytes: 0000000000005a00f800000000000000
02:10:54.333 [DEBUG] [serial] RX 128 bytes: f8000000000000004a00f8000000000000005a00f8000000000000005a00f8000000000000005a00f8000000000000005a00f8000000000000005a00f8000000000000005a00f8000000000000004a00f8000000000000005a00f8000000000000005a00f8000000000000004a00f8000000000000004a00f800000000000000
02:10:54.334 [DEBUG] [serial] Sin header 0xAA, descartando 128 bytes: f8000000000000004a00f80000000000
02:10:54.344 [DEBUG] [serial] RX 128 bytes: 5a00f8000000000000004a00f8000000000000005a00f8000000000000005a00f8000000000000005a00f8000000000000004a00f8000000000000005a00f8000000000000004a00f8000000000000005a00f8000000000000004a00f8000000000000005a00f8000000000000005a00f8000000000000005a00f80000000000
02:10:54.344 [DEBUG] [serial] Sin header 0xAA, descartando 128 bytes: 5a00f8000000000000004a00f8000000
02:10:54.353 [DEBUG] [serial] RX 128 bytes: 00005a00f8000000000000005a00f8000000000000004a00f8000000000000005a00f8000000000000004a00f8000000000000005a00f8000000000000004a00f8000000000000005a00f8000000000000005a00f8000000000000004a00f8000000000000004a00f8000000000000005a00f8000000000000004a00f8000000
02:10:54.353 [DEBUG] [serial] Sin header 0xAA, descartando 128 bytes: 00005a00f8000000000000005a00f800
02:10:54.362 [DEBUG] [serial] RX 128 bytes: 000000005a00f8000000000000004a00f8000000000000005a00f8000000000000004a00f8000000000000005a00f8000000000000004a00f8000000000000004a00f8000000000000005a00f8000000000000005a00f8000000000000005a00f8000000000000004a00f8000000000000004a00f8000000000000005a00f800
02:10:54.363 [DEBUG] [serial] Sin header 0xAA, descartando 128 bytes: 000000005a00f8000000000000004a00
02:10:54.372 [DEBUG] [serial] RX 128 bytes: 0000000000004a00f8000000000000005a00f8000000000000005a00f8000000000000005a00f8000000000000005a00f8000000000000005a00f8000000000000005a00f8000000000000005a00f8000000000000005a00f8000000000000004a00f8000000000000005a00f8000000000000005a00f8000000000000005a00
02:10:54.372 [DEBUG] [serial] Sin header 0xAA, descartando 128 bytes: 0000000000004a00f800000000000000
02:10:54.381 [DEBUG] [serial] RX 128 bytes: f8000000000000004a00f8000000000000005a00f8000000000000004a00f8000000000000004a00f8000000000000005a00f8000000000000005a00f8000000000000005a00f8000000000000005a00f8000000000000005a00f8000000000000005a00f8000000000000004a00f8000000000000005a00f800000000000000
02:10:54.382 [DEBUG] [serial] Sin header 0xAA, descartando 128 bytes: f8000000000000004a00f80000000000
02:10:54.391 [DEBUG] [serial] RX 128 bytes: 4a00f8000000000000005a00f8000000000000004a00f8000000000000005a00f8000000000000004a00f8000000000000005a00f8000000000000004a00f8000000000000005a00f8000000000000004a00f8000000000000005a00f8000000000000004a00f8000000000000004a00f8000000000000005a00f80000000000
02:10:54.391 [DEBUG] [serial] Sin header 0xAA, descartando 128 bytes: 4a00f8000000000000005a00f8000000
02:10:54.401 [DEBUG] [serial] RX 128 bytes: 00004a00f8000000000000004a00f8000000000000004a00f8000000000000005a00f8000000000000005a00f8000000000000005a00f8000000000000005a00f8000000000000004a00f8000000000000005a00f8000000000000004a00f8000000000000005a00f8000000000000004a00f8000000000000005a00f8000000
02:10:54.401 [DEBUG] [serial] Sin header 0xAA, descartando 128 bytes: 00004a00f8000000000000004a00f800
02:10:54.410 [DEBUG] [serial] RX 128 bytes: 000000005a00f8000000000000004a00f8000000000000005a00f8000000000000005a00f8000000000000004a00f8000000000000005a00f8000000000000005a00f8000000000000004a00f8000000000000005a00f8000000000000005a00f8000000000000005a00f8000000000000004a00f8000000000000005a00f800
02:10:54.411 [DEBUG] [serial] Sin header 0xAA, descartando 128 bytes: 000000005a00f8000000000000004a00
02:10:54.420 [DEBUG] [serial] RX 128 bytes: 0000000000004a00f8000000000000005a00f8000000000000005a00f8000000000000004a00f8000000000000005a00f8000000000000005a00f8000000000000004a00f8000000000000005a00f8000000000000005a00f8000000000000005a00f8000000000000004a00f8000000000000005a00f8000000000000004a00
02:10:54.420 [DEBUG] [serial] Sin header 0xAA, descartando 128 bytes: 0000000000004a00f800000000000000
02:10:54.429 [DEBUG] [serial] RX 128 bytes: f8000000000000005a00f8000000000000004a00f8000000000000005a00f8000000000000005a00f8000000000000005a00f8000000000000004a00f8000000000000005a00f8000000000000004a00f8000000000000005a00f8000000000000004a00f8000000000000004a00f8000000000000005a00f800000000000000
02:10:54.430 [DEBUG] [serial] Sin header 0xAA, descartando 128 bytes: f8000000000000005a00f80000000000
02:10:54.439 [DEBUG] [serial] RX 128 bytes: 5a00f8000000000000004a00f8000000000000005a00f8000000000000004a00f8000000000000005a00f8000000000000005a00f8000000000000005a00f8000000000000005a00f8000000000000004a00f8000000000000004a00f8000000000000005a00f8000000000000005a00f8000000000000004a00f80000000000
02:10:54.439 [DEBUG] [serial] Sin header 0xAA, descartando 128 bytes: 5a00f8000000000000004a00f8000000
02:10:54.449 [DEBUG] [serial] RX 128 bytes: 00005a00f8000000000000005a00f8000000000000005a00f8000000000000005a00f8000000000000005a00f8000000000000004a00f8000000000000005a00f8000000000000005a00f8000000000000004a00f8000000000000005a00f8000000000000004a00f8000000000000005a00f8000000000000004a00f8000000
02:10:54.449 [DEBUG] [serial] Sin header 0xAA, descartando 128 bytes: 00005a00f8000000000000005a00f800
02:10:54.458 [DEBUG] [serial] RX 128 bytes: 000000005a00f8000000000000004a00f8000000000000005a00f8000000000000005a00f8000000000000005a00f8000000000000004a00f8000000000000005a00f8000000000000005a00f8000000000000004a00f8000000000000005a00f8000000000000004a00f8000000000000005a00f8000000000000005a00f800
02:10:54.459 [DEBUG] [serial] Sin header 0xAA, descartando 128 bytes: 000000005a00f8000000000000004a00
02:10:54.468 [DEBUG] [serial] RX 128 bytes: 0000000000005a00f8000000000000004a00f8000000000000005a00f8000000000000004a00f8000000000000005a00f8000000000000005a00f8000000000000004a00f8000000000000005a00f8000000000000004a00f8000000000000005a00f8000000000000005a00f8000000000000004a00f8000000000000005a00
02:10:54.468 [DEBUG] [serial] Sin header 0xAA, descartando 128 bytes: 0000000000005a00f800000000000000
02:10:54.477 [DEBUG] [serial] RX 128 bytes: f8000000000000005a00f8000000000000005a00f8000000000000004a00f8000000000000005a00f8000000000000005a00f8000000000000004a00f8000000000000005a00f8000000000000004a00f8000000000000005a00f8000000000000005a00f8000000000000004a00f8000000000000005a00f800000000000000
02:10:54.478 [DEBUG] [serial] Sin header 0xAA, descartando 128 bytes: f8000000000000005a00f80000000000
02:10:54.487 [DEBUG] [serial] RX 128 bytes: 4a00f8000000000000005a00f8000000000000005a00f8000000000000005a00f8000000000000005a00f8000000000000004a00f8000000000000005a00f8000000000000004a00f8000000000000005a00f8000000000000004a00f8000000000000005a00f8000000000000004a00f8000000000000005a00f80000000000
02:10:54.487 [DEBUG] [serial] Sin header 0xAA, descartando 128 bytes: 4a00f8000000000000005a00f8000000
02:10:54.497 [DEBUG] [serial] RX 128 bytes: 00004a00f8000000000000005a00f8000000000000004a00f8000000000000005a00f8000000000000005a00f8000000000000005a00f8000000000000004a00f8000000000000005a00f8000000000000004a00f8000000000000005a00f8000000000000005a00f8000000000000004a00f8000000000000005a00f8000000
02:10:54.497 [DEBUG] [serial] Sin header 0xAA, descartando 128 bytes: 00004a00f8000000000000005a00f800
02:10:54.506 [DEBUG] [serial] RX 128 bytes: 000000004a00f8000000000000005a00f8000000000000004a00f8000000000000005a00f8000000000000004a00f8000000000000005a00f8000000000000005a00f8000000000000004a00f8000000000000005a00f8000000000000005a00f8000000000000005a00f8000000000000004a00f8000000000000005a00f800
02:10:54.507 [DEBUG] [serial] Sin header 0xAA, descartando 128 bytes: 000000004a00f8000000000000005a00
02:10:54.516 [DEBUG] [serial] RX 128 bytes: 0000000000005a00f8000000000000004a00f8000000000000005a00f8000000000000005a00f8000000000000004a00f8000000000000005a00f8000000000000004a00f8000000000000004a00f8000000000000005a00f8000000000000005a00f8000000000000004a00f8000000000000005a00f8000000000000004a00
02:10:54.516 [DEBUG] [serial] Sin header 0xAA, descartando 128 bytes: 0000000000005a00f800000000000000
02:10:54.525 [DEBUG] [serial] RX 128 bytes: f8000000000000005a00f8000000000000004a00f8000000000000005a00f8000000000000004a00f8000000000000005a00f8000000000000004a00f8000000000000005a00f8000000000000005a00f8000000000000005a00f8000000000000005a00f8000000000000004a00f8000000000000004a00f800000000000000
02:10:54.526 [DEBUG] [serial] Sin header 0xAA, descartando 128 bytes: f8000000000000005a00f80000000000
02:10:54.535 [DEBUG] [serial] RX 128 bytes: 5a00f8000000000000004a00f8000000000000005a00f8000000000000005a00f8000000000000004a00f8000000000000005a00f8000000000000005a00f8000000000000004a00f8000000000000005a00f8000000000000005a00f8000000000000004a00f8000000000000005a00f8000000000000005a00f80000000000
02:10:54.535 [DEBUG] [serial] Sin header 0xAA, descartando 128 bytes: 5a00f8000000000000004a00f8000000
02:10:54.545 [DEBUG] [serial] RX 128 bytes: 00005a00f8000000000000005a00f8000000000000004a00f8000000000000005a00f8000000000000004a00f8000000000000005a00f8000000000000005a00f8000000000000005a00f8000000000000004a00f8000000000000005a00f8000000000000005a00f8000000000000004a00f8000000000000005a00f8000000
02:10:54.545 [DEBUG] [serial] Sin header 0xAA, descartando 128 bytes: 00005a00f8000000000000005a00f800
02:10:54.554 [DEBUG] [serial] RX 128 bytes: 000000004a00f8000000000000005a00f8000000000000005a00f8000000000000005a00f8000000000000004a00f8000000000000005a00f8000000000000005a00f8000000000000004a00f8000000000000005a00f8000000000000005a00f8000000000000005a00f8000000000000004a00f8000000000000005a00f800
02:10:54.554 [DEBUG] [serial] Sin header 0xAA, descartando 128 bytes: 000000004a00f8000000000000005a00
02:10:54.564 [DEBUG] [serial] RX 128 bytes: 0000000000005a00f8000000000000004a00f8000000000000005a00f8000000000000005a00f8000000000000005a00f8000000000000004a00f8000000000000005a00f8000000000000005a00f8000000000000004a00f8000000000000005a00f8000000000000005a00f8000000000000004a00f8000000000000005a00
02:10:54.564 [DEBUG] [serial] Sin header 0xAA, descartando 128 bytes: 0000000000005a00f800000000000000
02:10:54.573 [DEBUG] [serial] RX 128 bytes: f8000000000000004a00f8000000000000005a00f8000000000000005a00f8000000000000005a00f8000000000000005a00f8000000000000005a00f8000000000000005a00f8000000000000005a00f8000000000000004a00f8000000000000005a00f8000000000000004a00f8000000000000005a00f800000000000000
02:10:54.573 [DEBUG] [serial] Sin header 0xAA, descartando 128 bytes: f8000000000000004a00f80000000000
02:10:54.583 [DEBUG] [serial] RX 128 bytes: 4a00f8000000000000005a00f8000000000000005a00f8000000000000004a00f8000000000000004a00f8000000000000004a00f8000000000000005a00f8000000000000005a00f8000000000000005a00f8000000000000004a00f8000000000000005a00f8000000000000005a00f8000000000000005a00f80000000000
02:10:54.583 [DEBUG] [serial] Sin header 0xAA, descartando 128 bytes: 4a00f8000000000000005a00f8000000
02:10:54.593 [DEBUG] [serial] RX 128 bytes: 00004a00f8000000000000005a00f8000000000000005a00f8000000000000004a00f8000000000000005a00f8000000000000005a00f8000000000000004a00f8000000000000005a00f8000000000000004a00f8000000000000005a00f8000000000000004a00f8000000000000005a00f8000000000000005a00f8000000
02:10:54.593 [DEBUG] [serial] Sin header 0xAA, descartando 128 bytes: 00004a00f8000000000000005a00f800
02:10:54.602 [DEBUG] [serial] RX 128 bytes: 000000005a00f8000000000000004a00f8000000000000005a00f8000000000000004a00f8000000000000005a00f8000000000000004a00f8000000000000005a00f8000000000000004a00f8000000000000005a00f8000000000000005a00f8000000000000004a00f8000000000000005a00f8000000000000005a00f800
02:10:54.602 [DEBUG] [serial] Sin header 0xAA, descartando 128 bytes: 000000005a00f8000000000000004a00
02:10:54.612 [DEBUG] [serial] RX 128 bytes: 0000000000004a00f8000000000000005a00f8000000000000004a00f8000000000000005a00f8000000000000005a00f8000000000000004a00f8000000000000004a00f8000000000000005a00f8000000000000005a00f8000000000000004a00f8000000000000005a00f8000000000000004a00f8000000000000005a00
02:10:54.612 [DEBUG] [serial] Sin header 0xAA, descartando 128 bytes: 0000000000004a00f800000000000000
02:10:54.621 [DEBUG] [serial] RX 128 bytes: f8000000000000004a00f8000000000000005a00f8000000000000005a00f8000000000000005a00f8000000000000005a00f8000000000000004a00f8000000000000005a00f8000000000000004a00f8000000000000004a00f8000000000000005a00f8000000000000005a00f8000000000000004a00f800000000000000
02:10:54.621 [DEBUG] [serial] Sin header 0xAA, descartando 128 bytes: f8000000000000004a00f80000000000
02:10:54.631 [DEBUG] [serial] RX 128 bytes: 5a00f8000000000000004a00f8000000000000005a00f8000000000000005a00f8000000000000004a00f8000000000000005a00f8000000000000004a00f8000000000000005a00f8000000000000005a00f8000000000000005a00f8000000000000004a00f8000000000000005a00f8000000000000005a00f80000000000
02:10:54.633 [DEBUG] [serial] Sin header 0xAA, descartando 128 bytes: 5a00f8000000000000004a00f8000000
02:10:54.641 [DEBUG] [serial] RX 128 bytes: 00005a00f8000000000000004a00f8000000000000005a00f8000000000000004a00f8000000000000005a00f8000000000000004a00f8000000000000005a00f8000000000000004a00f8000000000000005a00f8000000000000005a00f8000000000000004a00f8000000000000005a00f8000000000000004a00f8000000
02:10:54.641 [DEBUG] [serial] Sin header 0xAA, descartando 128 bytes: 00005a00f8000000000000004a00f800
02:10:54.650 [DEBUG] [serial] RX 128 bytes: 000000005a00f8000000000000004a00f8000000000000005a00f8000000000000004a00f8000000000000005a00f8000000000000004a00f8000000000000004a00f8000000000000005a00f8000000000000004a00f8000000000000005a00f8000000000000004a00f8000000000000005a00f8000000000000005a00f800
02:10:54.650 [DEBUG] [serial] Sin header 0xAA, descartando 128 bytes: 000000005a00f8000000000000004a00
02:10:54.660 [DEBUG] [serial] RX 128 bytes: 0000000000004a00f8000000000000005a00f8000000000000004a00f8000000000000005a00f8000000000000004a00f8000000000000005a00f8000000000000004a00f8000000000000005a00f8000000000000005a00f8000000000000004a00f8000000000000005a00f8000000000000005a00f8000000000000004a00
02:10:54.660 [DEBUG] [serial] Sin header 0xAA, descartando 128 bytes: 0000000000004a00f800000000000000
02:10:54.669 [DEBUG] [serial] RX 128 bytes: f8000000000000005a00f8000000000000004a00f8000000000000005a00f8000000000000005a00f8000000000000004a00f8000000000000005a00f8000000000000005a00f8000000000000005a00f8000000000000004a00f8000000000000005a00f8000000000000005a00f8000000000000005a00f800000000000000
02:10:54.669 [DEBUG] [serial] Sin header 0xAA, descartando 128 bytes: f8000000000000005a00f80000000000
02:10:54.679 [DEBUG] [serial] RX 128 bytes: 4a00f8000000000000004a00f8000000000000005a00f8000000000000005a00f8000000000000005a00f8000000000000005a00f8000000000000005a00f8000000000000005a00f8000000000000005a00f8000000000000005a00f8000000000000004a00f8000000000000005a00f8000000000000005a00f80000000000
02:10:54.679 [DEBUG] [serial] Sin header 0xAA, descartando 128 bytes: 4a00f8000000000000004a00f8000000
02:10:54.689 [DEBUG] [serial] RX 128 bytes: 00005a00f8000000000000005a00f8000000000000004a00f8000000000000005a00f8000000000000005a00f8000000000000004a00f8000000000000004a00f8000000000000005a00f8000000000000005a00f8000000000000005a00f8000000000000004a00f8000000000000005a00f8000000000000004a00f8000000
02:10:54.689 [DEBUG] [serial] Sin header 0xAA, descartando 128 bytes: 00005a00f8000000000000005a00f800
02:10:54.698 [DEBUG] [serial] RX 128 bytes: 000000005a00f8000000000000005a00f8000000000000004a00f8000000000000005a00f8000000000000004a00f8000000000000004a00f8000000000000005a00f8000000000000004a00f8000000000000005a00f8000000000000004a00f8000000000000005a00f8000000000000005a00f8000000000000005a00f800
02:10:54.698 [DEBUG] [serial] Sin header 0xAA, descartando 128 bytes: 000000005a00f8000000000000005a00
02:10:54.708 [DEBUG] [serial] RX 128 bytes: 0000000000004a00f8000000000000005a00f8000000000000004a00f8000000000000005a00f8000000000000004a00f8000000000000005a00f8000000000000005a00f8000000000000004a00f8000000000000005a00f8000000000000005a00f8000000000000005a00f8000000000000004a00f8000000000000005a00
02:10:54.708 [DEBUG] [serial] Sin header 0xAA, descartando 128 bytes: 0000000000004a00f800000000000000
02:10:54.717 [DEBUG] [serial] RX 128 bytes: f8000000000000004a00f8000000000000005a00f8000000000000005a00f8000000000000004a00f8000000000000005a00f8000000000000005a00f8000000000000005a00f8000000000000005a00f8000000000000005a00f8000000000000005a00f8000000000000005a00f8000000000000005a00f800000000000000
02:10:54.718 [DEBUG] [serial] Sin header 0xAA, descartando 128 bytes: f8000000000000004a00f80000000000
02:10:54.727 [DEBUG] [serial] RX 128 bytes: 5a00f8000000000000005a00f8000000000000005a00f8000000000000005a00f8000000000000004a00f8000000000000005a00f8000000000000005a00f8000000000000004a00f8000000000000005a00f8000000000000004a00f8000000000000005a00f8000000000000004a00f8000000000000005a00f80000000000
02:10:54.727 [DEBUG] [serial] Sin header 0xAA, descartando 128 bytes: 5a00f8000000000000005a00f8000000
02:10:54.737 [DEBUG] [serial] RX 128 bytes: 00004a00f8000000000000005a00f8000000000000004a00f8000000000000005a00f8000000000000004a00f8000000000000005a00f8000000000000005a00f8000000000000005a00f8000000000000005a00f8000000000000004a00f8000000000000005a00f8000000000000005a00f8000000000000005a00f8000000
02:10:54.737 [DEBUG] [serial] Sin header 0xAA, descartando 128 bytes: 00004a00f8000000000000005a00f800
02:10:54.746 [DEBUG] [serial] RX 128 bytes: 000000005a00f8000000000000005a00f8000000000000005a00f8000000000000004a00f8000000000000005a00f8000000000000005a00f8000000000000005a00f8000000000000005a00f8000000000000004a00f8000000000000005a00f8000000000000005a00f8000000000000004a00f8000000000000005a00f800
02:10:54.746 [DEBUG] [serial] Sin header 0xAA, descartando 128 bytes: 000000005a00f8000000000000005a00
02:10:54.756 [DEBUG] [serial] RX 128 bytes: 0000000000004a00f8000000000000005a00f8000000000000004a00f8000000000000005a00f8000000000000005a00f8000000000000004a00f8000000000000005a00f8000000000000005a00f8000000000000004a00f8000000000000005a00f8000000000000005a00f8000000000000004a00f8000000000000004a00
02:10:54.756 [DEBUG] [serial] Sin header 0xAA, descartando 128 bytes: 0000000000004a00f800000000000000
02:10:54.765 [DEBUG] [serial] RX 128 bytes: f8000000000000004a00f8000000000000005a00f8000000000000005a00f8000000000000004a00f8000000000000005a00f8000000000000005a00f8000000000000005a00f8000000000000004a00f8000000000000005a00f8000000000000005a00f8000000000000005a00f8000000000000005a00f800000000000000
02:10:54.765 [DEBUG] [serial] Sin header 0xAA, descartando 128 bytes: f8000000000000004a00f80000000000
02:10:54.775 [DEBUG] [serial] RX 128 bytes: 5a00f8000000000000004a00f8000000000000005a00f8000000000000004a00f8000000000000005a00f8000000000000005a00f8000000000000004a00f8000000000000005a00f8000000000000004a00f8000000000000005a00f8000000000000004a00f8000000000000005a00f8000000000000005a00f80000000000
02:10:54.775 [DEBUG] [serial] Sin header 0xAA, descartando 128 bytes: 5a00f8000000000000004a00f8000000
02:10:54.785 [DEBUG] [serial] RX 128 bytes: 00004a00f8000000000000005a00f8000000000000004a00f8000000000000005a00f8000000000000005a00f8000000000000004a00f8000000000000005a00f8000000000000004a00f8000000000000005a00f8000000000000004a00f8000000000000005a00f8000000000000004a00f8000000000000005a00f8000000
02:10:54.785 [DEBUG] [serial] Sin header 0xAA, descartando 128 bytes: 00004a00f8000000000000005a00f800
02:10:54.794 [DEBUG] [serial] RX 128 bytes: 000000004a00f8000000000000005a00f8000000000000004a00f8000000000000005a00f8000000000000004a00f8000000000000005a00f8000000000000004a00f8000000000000005a00f8000000000000005a00f8000000000000004a00f8000000000000005a00f8000000000000005a00f8000000000000004a00f800
02:10:54.794 [DEBUG] [serial] Sin header 0xAA, descartando 128 bytes: 000000004a00f8000000000000005a00
02:10:54.804 [DEBUG] [serial] RX 128 bytes: 0000000000005a00f8000000000000004a00f8000000000000005a00f8000000000000005a00f8000000000000004a00f8000000000000005a00f8000000000000004a00f8000000000000005a00f8000000000000005a00f8000000000000004a00f8000000000000004a00f8000000000000004a00f8000000000000005a00
02:10:54.804 [DEBUG] [serial] Sin header 0xAA, descartando 128 bytes: 0000000000005a00f800000000000000
02:10:54.813 [DEBUG] [serial] RX 128 bytes: f8000000000000004a00f8000000000000005a00f8000000000000005a00f8000000000000004a00f8000000000000005a00f8000000000000005a00f8000000000000005a00f8000000000000005a00f8000000000000005a00f8000000000000004a00f8000000000000005a00f8000000000000005a00f800000000000000
02:10:54.813 [DEBUG] [serial] Sin header 0xAA, descartando 128 bytes: f8000000000000004a00f80000000000
02:10:54.823 [DEBUG] [serial] RX 128 bytes: 4a00f8000000000000005a00f8000000000000004a00f8000000000000004a00f8000000000000005a00f8000000000000004a00f8000000000000005a00f8000000000000004a00f8000000000000005a00f8000000000000005a00f8000000000000005a00f8000000000000005a00f8000000000000005a00f80000000000
02:10:54.823 [DEBUG] [serial] Sin header 0xAA, descartando 128 bytes: 4a00f8000000000000005a00f8000000
02:10:54.833 [DEBUG] [serial] RX 128 bytes: 00005a00f8000000000000004a00f8000000000000005a00f8000000000000005a00f8000000000000004a00f8000000000000004a00f8000000000000005a00f8000000000000004a00f8000000000000005a00f8000000000000004a00f8000000000000005a00f8000000000000005a00f8000000000000005a00f8000000
02:10:54.833 [DEBUG] [serial] Sin header 0xAA, descartando 128 bytes: 00005a00f8000000000000004a00f800
02:10:54.842 [DEBUG] [serial] RX 128 bytes: 000000005a00f8000000000000004a00f8000000000000005a00f8000000000000005a00f8000000000000004a00f8000000000000005a00f8000000000000005a00f8000000000000005a00f8000000000000004a00f8000000000000005a00f8000000000000005a00f8000000000000005a00f8000000000000004a00f800
02:10:54.842 [DEBUG] [serial] Sin header 0xAA, descartando 128 bytes: 000000005a00f8000000000000004a00
02:10:54.852 [DEBUG] [serial] RX 128 bytes: 0000000000005a00f8000000000000004a00f8000000000000005a00f8000000000000005a00f8000000000000005a00f8000000000000004a00f8000000000000005a00f8000000000000004a00f8000000000000005a00f8000000000000004a00f8000000000000004a00f8000000000000005a00f8000000000000005a00
02:10:54.852 [DEBUG] [serial] Sin header 0xAA, descartando 128 bytes: 0000000000005a00f800000000000000
02:10:54.861 [DEBUG] [serial] RX 128 bytes: f8000000000000004a00f8000000000000005a00f8000000000000005a00f8000000000000004a00f8000000000000005a00f8000000000000005a00f8000000000000004a00f8000000000000005a00f8000000000000004a00f8000000000000005a00f8000000000000005a00f8000000000000004a00f800000000000000
02:10:54.861 [DEBUG] [serial] Sin header 0xAA, descartando 128 bytes: f8000000000000004a00f80000000000
02:10:54.871 [DEBUG] [serial] RX 128 bytes: 5a00f8000000000000004a00f8000000000000004a00f8000000000000005a00f8000000000000005a00f8000000000000005a00f8000000000000004a00f8000000000000005a00f8000000000000004a00f8000000000000005a00f8000000000000004a00f8000000000000005a00f8000000000000005a00f80000000000
02:10:54.871 [DEBUG] [serial] Sin header 0xAA, descartando 128 bytes: 5a00f8000000000000004a00f8000000
02:10:54.881 [DEBUG] [serial] RX 128 bytes: 00004a00f8000000000000005a00f8000000000000005a00f8000000000000005a00f8000000000000005a00f8000000000000004a00f8000000000000005a00f8000000000000005a00f8000000000000005a00f8000000000000005a00f8000000000000005a00f8000000000000004a00f8000000000000005a00f8000000
02:10:54.881 [DEBUG] [serial] Sin header 0xAA, descartando 128 bytes: 00004a00f8000000000000005a00f800
02:10:54.890 [DEBUG] [serial] RX 128 bytes: 000000005a00f8000000000000005a00f8000000000000004a00f8000000000000005a00f8000000000000004a00f8000000000000005a00f8000000000000005a00f8000000000000004a00f8000000000000005a00f8000000000000005a00f8000000000000005a00f8000000000000004a00f8000000000000005a00f800
02:10:54.890 [DEBUG] [serial] Sin header 0xAA, descartando 128 bytes: 000000005a00f8000000000000005a00
02:10:54.900 [DEBUG] [serial] RX 128 bytes: 0000000000005a00f8000000000000004a00f8000000000000005a00f8000000000000004a00f8000000000000005a00f8000000000000005a00f8000000000000004a00f8000000000000005a00f8000000000000004a00f8000000000000005a00f8000000000000004a00f8000000000000005a00f8000000000000004a00
02:10:54.900 [DEBUG] [serial] Sin header 0xAA, descartando 128 bytes: 0000000000005a00f800000000000000
02:10:54.910 [DEBUG] [serial] RX 128 bytes: f8000000000000005a00f8000000000000004a00f8000000000000005a00f8000000000000004a00f8000000000000005a00f8000000000000005a00f8000000000000005a00f8000000000000005a00f8000000000000004a00f8000000000000005a00f8000000000000004a00f8000000000000005a00f800000000000000
02:10:54.910 [DEBUG] [serial] Sin header 0xAA, descartando 128 bytes: f8000000000000005a00f80000000000
02:10:54.919 [DEBUG] [serial] RX 128 bytes: 5a00f8000000000000005a00f8000000000000005a00f8000000000000004a00f8000000000000005a00f8000000000000004a00f8000000000000005a00f8000000000000004a00f8000000000000005a00f8000000000000005a00f8000000000000005a00f8000000000000005a00f8000000000000005a00f80000000000
02:10:54.919 [DEBUG] [serial] Sin header 0xAA, descartando 128 bytes: 5a00f8000000000000005a00f8000000
02:10:54.929 [DEBUG] [serial] RX 128 bytes: 00005a00f8000000000000005a00f8000000000000004a00f8000000000000005a00f8000000000000004a00f8000000000000005a00f8000000000000004a00f8000000000000005a00f8000000000000005a00f8000000000000004a00f8000000000000005a00f8000000000000004a00f8000000000000005a00f8000000
02:10:54.929 [DEBUG] [serial] Sin header 0xAA, descartando 128 bytes: 00005a00f8000000000000005a00f800
02:10:54.938 [DEBUG] [serial] RX 128 bytes: 000000004a00f8000000000000005a00f8000000000000005a00f8000000000000004a00f8000000000000005a00f8000000000000004a00f8000000000000005a00f8000000000000005a00f8000000000000005a00f8000000000000005a00f8000000000000005a00f8000000000000005a00f8000000000000004a00f800
02:10:54.938 [DEBUG] [serial] Sin header 0xAA, descartando 128 bytes: 000000004a00f8000000000000005a00
02:10:54.948 [DEBUG] [serial] RX 128 bytes: 0000000000005a00f8000000000000005a00f8000000000000004a00f8000000000000005a00f8000000000000004a00f8000000000000005a00f8000000000000004a00f8000000000000005a00f8000000000000004a00f8000000000000005a00f8000000000000005a00f8000000000000004a00f8000000000000005a00
02:10:54.948 [DEBUG] [serial] Sin header 0xAA, descartando 128 bytes: 0000000000005a00f800000000000000
02:10:54.957 [DEBUG] [serial] RX 128 bytes: f8000000000000005a00f8000000000000005a00f8000000000000005a00f8000000000000005a00f8000000000000004a00f8000000000000004a00f8000000000000005a00f8000000000000005a00f8000000000000004a00f8000000000000005a00f8000000000000004a00f8000000000000005a00f800000000000000
02:10:54.957 [DEBUG] [serial] Sin header 0xAA, descartando 128 bytes: f8000000000000005a00f80000000000
02:10:54.967 [DEBUG] [serial] RX 128 bytes: 4a00f8000000000000005a00f8000000000000004a00f8000000000000005a00f8000000000000005a00f8000000000000005a00f8000000000000005a00f8000000000000004a00f8000000000000005a00f8000000000000004a00f8000000000000005a00f8000000000000004a00f8000000000000005a00f80000000000
02:10:54.967 [DEBUG] [serial] Sin header 0xAA, descartando 128 bytes: 4a00f8000000000000005a00f8000000
02:10:54.976 [DEBUG] [serial] RX 128 bytes: 00005a00f8000000000000005a00f8000000000000004a00f8000000000000005a00f8000000000000005a00f8000000000000005a00f8000000000000004a00f8000000000000004a00f8000000000000005a00f8000000000000004a00f8000000000000005a00f8000000000000004a00f8000000000000005a00f8000000
02:10:54.977 [DEBUG] [serial] Sin header 0xAA, descartando 128 bytes: 00005a00f8000000000000005a00f800
02:10:54.986 [DEBUG] [serial] RX 128 bytes: 000000005a00f8000000000000005a00f8000000000000004a00f8000000000000005a00f8000000000000004a00f8000000000000005a00f8000000000000005a00f8000000000000004a00f8000000000000005a00f8000000000000005a00f8000000000000005a00f8000000000000005a00f8000000000000005a00f800
02:10:54.986 [DEBUG] [serial] Sin header 0xAA, descartando 128 bytes: 000000005a00f8000000000000005a00
02:10:54.996 [DEBUG] [serial] RX 128 bytes: 0000000000005a00f8000000000000005a00f8000000000000005a00f8000000000000004a00f8000000000000005a00f8000000000000004a00f8000000000000005a00f8000000000000005a00f8000000000000004a00f8000000000000005a00f8000000000000004a00f8000000000000005a00f8000000000000004a00
02:10:54.996 [DEBUG] [serial] Sin header 0xAA, descartando 128 bytes: 0000000000005a00f800000000000000
02:10:55.006 [DEBUG] [serial] RX 128 bytes: f8000000000000005a00f8000000000000004a00f8000000000000005a00f8000000000000005a00f8000000000000005a00f8000000000000004a00f8000000000000005a00f8000000000000004a00f8000000000000005a00f8000000000000005a00f8000000000000005a00f8000000000000004a00f800000000000000
02:10:55.006 [DEBUG] [serial] Sin header 0xAA, descartando 128 bytes: f8000000000000005a00f80000000000
02:10:55.015 [DEBUG] [serial] RX 128 bytes: 4a00f8000000000000005a00f8000000000000005a00f8000000000000004a00f8000000000000005a00f8000000000000004a00f8000000000000005a00f8000000000000005a00f8000000000000005a00f8000000000000004a00f8000000000000005a00f8000000000000004a00f8000000000000005a00f80000000000
02:10:55.015 [DEBUG] [serial] Sin header 0xAA, descartando 128 bytes: 4a00f8000000000000005a00f8000000
02:10:55.024 [DEBUG] [serial] RX 128 bytes: 00004a00f8000000000000005a00f8000000000000004a00f8000000000000005a00f8000000000000005a00f8000000000000005a00f8000000000000005a00f8000000000000005a00f8000000000000004a00f8000000000000005a00f8000000000000004a00f8000000000000005a00f8000000000000004a00f8000000
02:10:55.025 [DEBUG] [serial] Sin header 0xAA, descartando 128 bytes: 00004a00f8000000000000005a00f800
02:10:55.034 [DEBUG] [serial] RX 128 bytes: 000000005a00f8000000000000004a00f8000000000000005a00f8000000000000005a00f8000000000000005a00f8000000000000004a00f8000000000000005a00f8000000000000004a00f8000000000000005a00f8000000000000005a00f8000000000000005a00f8000000000000005a00f8000000000000005a00f800
02:10:55.034 [DEBUG] [serial] Sin header 0xAA, descartando 128 bytes: 000000005a00f8000000000000004a00
02:10:55.044 [DEBUG] [serial] RX 128 bytes: 0000000000005a00f8000000000000005a00f8000000000000005a00f8000000000000004a00f8000000000000005a00f8000000000000004a00f8000000000000005a00f8000000000000004a00f8000000000000005a00f8000000000000005a00f8000000000000005a00f8000000000000005a00f8000000000000005a00
02:10:55.044 [DEBUG] [serial] Sin header 0xAA, descartando 128 bytes: 0000000000005a00f800000000000000
02:10:55.053 [DEBUG] [serial] RX 128 bytes: f8000000000000005a00f8000000000000004a00f8000000000000005a00f8000000000000005a00f8000000000000005a00f8000000000000004a00f8000000000000005a00f8000000000000005a00f8000000000000005a00f8000000000000005a00f8000000000000004a00f8000000000000005a00f800000000000000
02:10:55.053 [DEBUG] [serial] Sin header 0xAA, descartando 128 bytes: f8000000000000005a00f80000000000
02:10:55.063 [DEBUG] [serial] RX 128 bytes: 4a00f8000000000000005a00f8000000000000004a00f8000000000000005a00f8000000000000004a00f8000000000000004a00f8000000000000005a00f8000000000000005a00f8000000000000005a00f8000000000000005a00f8000000000000004a00f8000000000000005a00f8000000000000004a00f80000000000
02:10:55.063 [DEBUG] [serial] Sin header 0xAA, descartando 128 bytes: 4a00f8000000000000005a00f8000000
02:10:55.072 [DEBUG] [serial] RX 128 bytes: 00005a00f8000000000000004a00f8000000000000005a00f8000000000000005a00f8000000000000004a00f8000000000000005a00f8000000000000004a00f8000000000000005a00f8000000000000004a00f8000000000000005a00f8000000000000005a00f8000000000000005a00f8000000000000004a00f8000000
02:10:55.073 [DEBUG] [serial] Sin header 0xAA, descartando 128 bytes: 00005a00f8000000000000004a00f800
02:10:55.082 [DEBUG] [serial] RX 128 bytes: 000000005a00f8000000000000004a00f8000000000000005a00f8000000000000004a00f8000000000000005a00f8000000000000005a00f8000000000000005a00f8000000000000004a00f8000000000000005a00f8000000000000004a00f8000000000000005a00f8000000000000005a00f8000000000000004a00f800
02:10:55.083 [DEBUG] [serial] Sin header 0xAA, descartando 128 bytes: 000000005a00f8000000000000004a00
02:10:55.092 [DEBUG] [serial] RX 128 bytes: 0000000000005a00f8000000000000004a00f8000000000000005a00f8000000000000004a00f8000000000000005a00f8000000000000005a00f8000000000000005a00f8000000000000004a00f8000000000000005a00f8000000000000005a00f8000000000000005a00f8000000000000004a00f8000000000000004a00
02:10:55.092 [DEBUG] [serial] Sin header 0xAA, descartando 128 bytes: 0000000000005a00f800000000000000
02:10:55.101 [DEBUG] [serial] RX 128 bytes: f8000000000000005a00f8000000000000005a00f8000000000000005a00f8000000000000004a00f8000000000000005a00f8000000000000004a00f8000000000000005a00f8000000000000005a00f8000000000000004a00f8000000000000005a00f8000000000000004a00f8000000000000004a00f800000000000000
02:10:55.103 [DEBUG] [serial] Sin header 0xAA, descartando 128 bytes: f8000000000000005a00f80000000000
02:10:55.111 [DEBUG] [serial] RX 128 bytes: 5a00f8000000000000005a00f8000000000000004a00f8000000000000005a00f8000000000000004a00f8000000000000005a00f8000000000000005a00f8000000000000005a00f8000000000000005a00f8000000000000005a00f8000000000000004a00f8000000000000005a00f8000000000000005a00f80000000000
02:10:55.111 [DEBUG] [serial] Sin header 0xAA, descartando 128 bytes: 5a00f8000000000000005a00f8000000
02:10:55.120 [DEBUG] [serial] RX 128 bytes: 00005a00f8000000000000005a00f8000000000000005a00f8000000000000005a00f8000000000000005a00f8000000000000004a00f8000000000000005a00f8000000000000005a00f8000000000000004a00f8000000000000005a00f8000000000000004a00f8000000000000005a00f8000000000000005a00f8000000
02:10:55.121 [DEBUG] [serial] Sin header 0xAA, descartando 128 bytes: 00005a00f8000000000000005a00f800
02:10:55.130 [DEBUG] [serial] RX 128 bytes: 000000004a00f8000000000000005a00f8000000000000005a00f8000000000000005a00f8000000000000005a00f8000000000000005a00f8000000000000004a00f8000000000000005a00f8000000000000005a00f8000000000000004a00f8000000000000005a00f8000000000000005a00f8000000000000005a00f800
02:10:55.130 [DEBUG] [serial] Sin header 0xAA, descartando 128 bytes: 000000004a00f8000000000000005a00
02:10:55.140 [DEBUG] [serial] RX 128 bytes: 0000000000004a00f8000000000000004a00f8000000000000004a00f8000000000000005a00f8000000000000005a00f8000000000000005a00f8000000000000005a00f8000000000000005a00f8000000000000005a00f8000000000000005a00f8000000000000005a00f8000000000000004a00f8000000000000005a00
02:10:55.140 [DEBUG] [serial] Sin header 0xAA, descartando 128 bytes: 0000000000004a00f800000000000000
02:10:55.149 [DEBUG] [serial] RX 128 bytes: f8000000000000004a00f8000000000000005a00f8000000000000005a00f8000000000000004a00f8000000000000005a00f8000000000000005a00f8000000000000005a00f8000000000000004a00f8000000000000005a00f8000000000000004a00f8000000000000005a00f8000000000000005a00f800000000000000
02:10:55.149 [DEBUG] [serial] Sin header 0xAA, descartando 128 bytes: f8000000000000004a00f80000000000
02:10:55.159 [DEBUG] [serial] RX 128 bytes: 5a00f8000000000000005a00f8000000000000004a00f8000000000000004a00f8000000000000005a00f8000000000000004a00f8000000000000005a00f8000000000000005a00f8000000000000005a00f8000000000000005a00f8000000000000005a00f8000000000000005a00f8000000000000004a00f80000000000
02:10:55.159 [DEBUG] [serial] Sin header 0xAA, descartando 128 bytes: 5a00f8000000000000005a00f8000000
02:10:55.168 [INFO] [GUI] Click START
02:10:55.168 [INFO] [serial] Encolando TX CMD_START: bb04
02:10:55.168 [DEBUG] [serial] RX 128 bytes: 00005a00f8000000000000004a00f8000000000000005a00f8000000000000004a00f8000000000000005a00f8000000000000004a00f8000000000000005a00f8000000000000005a00f8000000000000004a00f8000000000000005a00f8000000000000004a00f8000000000000005a00f8000000000000005a00f8000000
02:10:55.169 [DEBUG] [serial] Sin header 0xAA, descartando 128 bytes: 00005a00f8000000000000004a00f800
02:10:55.178 [INFO] [serial] TX CMD_START: bb04
02:10:55.178 [DEBUG] [serial] TX OK: 2 bytes escritos
02:10:55.178 [DEBUG] [serial] RX 128 bytes: 000000005a00f8000000000000005a00f8000000000000005a00f8000000000000005a00f8000000000000005a00f8000000000000005a00f8000000000000005a00f8000000000000004a00f8000000000000005a00f8000000000000005a00f8000000000000005a00f8000000000000004a00f8000000000000005a00f800
02:10:55.178 [DEBUG] [serial] Sin header 0xAA, descartando 128 bytes: 000000005a00f8000000000000005a00
02:10:55.188 [DEBUG] [serial] RX 128 bytes: 0000000000004a00f8000000000000005a00f8000000000000005a00f8000000000000005a00f8000000000000004a00f8000000000000005a00f8000000000000005a00f8000000000000005a00f8000000000000005a00f8000000000000005a00f8000000000000005a00f8000000000000005a00f8000000000000005a00
02:10:55.188 [DEBUG] [serial] Sin header 0xAA, descartando 128 bytes: 0000000000004a00f800000000000000
02:10:55.197 [DEBUG] [serial] RX 128 bytes: f8000000000000005a00f8000000000000005a00f8000000000000005a00f8000000000000004a00f8000000000000005a00f8000000000000005a00f8000000000000005a00f8000000000000005a00f8000000000000005a00f8000000000000005a00f8000000000000005a00f8000000000000004a00f800000000000000
02:10:55.197 [DEBUG] [serial] Sin header 0xAA, descartando 128 bytes: f8000000000000005a00f80000000000
02:10:55.207 [DEBUG] [serial] RX 128 bytes: 5a00f8000000000000005a00f8000000000000005a00f8000000000000005a00f8000000000000005a00f8000000000000004a00f8000000000000005a00f8000000000000004a00f8000000000000004a00f8000000000000005a00f8000000000000005a00f8000000000000004a00f8000000000000004a00f80000000000
02:10:55.207 [DEBUG] [serial] Sin header 0xAA, descartando 128 bytes: 5a00f8000000000000005a00f8000000
02:10:55.216 [DEBUG] [serial] RX 128 bytes: 00005a00f8000000000000005a00f8000000000000004a00f8000000000000004a00f8000000000000005a00f8000000000000005a00f8000000000000005a00f8000000000000004a00f8000000000000005a00f8000000000000004a00f8000000000000005a00f8000000000000004a00f8000000000000005a00f8000000
02:10:55.217 [DEBUG] [serial] Sin header 0xAA, descartando 128 bytes: 00005a00f8000000000000005a00f800
02:10:55.226 [DEBUG] [serial] RX 128 bytes: 000000005a00f8000000000000005a00f8000000000000005a00f8000000000000004a00f8000000000000005a00f8000000000000004a00f8000000000000004a00f8000000000000005a00f8000000000000005a00f8000000000000004a00f8000000000000005a00f8000000000000004a00f8000000000000004a00f800
02:10:55.226 [DEBUG] [serial] Sin header 0xAA, descartando 128 bytes: 000000005a00f8000000000000005a00
02:10:55.236 [DEBUG] [serial] RX 128 bytes: 0000000000005a00f8000000000000005a00f8000000000000004a00f8000000000000004a00f8000000000000005a00f8000000000000005a00f8000000000000005a00f8000000000000005a00f8000000000000004a00f8000000000000005a00f8000000000000004a00f8000000000000005a00f8000000000000004a00
02:10:55.236 [DEBUG] [serial] Sin header 0xAA, descartando 128 bytes: 0000000000005a00f800000000000000
02:10:55.245 [DEBUG] [serial] RX 128 bytes: f8000000000000005a00f8000000000000005a00f8000000000000005a00f8000000000000004a00f8000000000000005a00f8000000000000004a00f8000000000000004a00f8000000000000005a00f8000000000000005a00f8000000000000004a00f8000000000000005a00f8000000000000005a00f800000000000000
02:10:55.245 [DEBUG] [serial] Sin header 0xAA, descartando 128 bytes: f8000000000000005a00f80000000000
02:10:55.255 [DEBUG] [serial] RX 128 bytes: 4a00f8000000000000005a00f8000000000000005a00f8000000000000004a00f8000000000000005a00f8000000000000005a00f8000000000000004a00f8000000000000005a00f8000000000000005a00f8000000000000004a00f8000000000000004a00f8000000000000004a00f8000000000000004a00f80000000000
02:10:55.255 [DEBUG] [serial] Sin header 0xAA, descartando 128 bytes: 4a00f8000000000000005a00f8000000
02:10:55.265 [DEBUG] [serial] RX 128 bytes: 00005a00f8000000000000005a00f8000000000000005a00f8000000000000005a00f8000000000000004a00f8000000000000004a00f8000000000000005a00f8000000000000005a00f8000000000000004a00f8000000000000005a00f8000000000000005a00f8000000000000005a00f8000000000000005a00f8000000
02:10:55.265 [DEBUG] [serial] Sin header 0xAA, descartando 128 bytes: 00005a00f8000000000000005a00f800
02:10:55.274 [DEBUG] [serial] RX 128 bytes: 000000005a00f8000000000000005a00f8000000000000005a00f8000000000000004a00f8000000000000004a00f8000000000000005a00f8000000000000004a00f8000000000000005a00f8000000000000005a00f8000000000000005a00f8000000000000005a00f8000000000000005a00f8000000000000005a00f800
02:10:55.274 [DEBUG] [serial] Sin header 0xAA, descartando 128 bytes: 000000005a00f8000000000000005a00
02:10:55.284 [DEBUG] [serial] RX 128 bytes: 0000000000005a00f8000000000000004a00f8000000000000005a00f8000000000000005a00f8000000000000005a00f8000000000000005a00f8000000000000005a00f8000000000000005a00f8000000000000005a00f8000000000000005a00f8000000000000004a00f8000000000000004a00f8000000000000005a00
02:10:55.284 [DEBUG] [serial] Sin header 0xAA, descartando 128 bytes: 0000000000005a00f800000000000000
02:10:55.293 [DEBUG] [serial] RX 128 bytes: f8000000000000004a00f8000000000000005a00f8000000000000004a00f8000000000000005a00f8000000000000004a00f8000000000000005a00f8000000000000005a00f8000000000000005a00f8000000000000004a00f8000000000000005a00f8000000000000005a00f8000000000000005a00f800000000000000
02:10:55.293 [DEBUG] [serial] Sin header 0xAA, descartando 128 bytes: f8000000000000004a00f80000000000
02:10:55.303 [DEBUG] [serial] RX 128 bytes: 5a00f8000000000000005a00f8000000000000005a00f8000000000000004a00f8000000000000005a00f8000000000000005a00f8000000000000004a00f8000000000000004a00f8000000000000004a00f8000000000000005a00f8000000000000004a00f8000000000000005a00f8000000000000004a00f80000000000
02:10:55.303 [DEBUG] [serial] Sin header 0xAA, descartando 128 bytes: 5a00f8000000000000005a00f8000000
02:10:55.312 [DEBUG] [serial] RX 128 bytes: 00005a00f8000000000000004a00f8000000000000005a00f8000000000000004a00f8000000000000005a00f8000000000000004a00f8000000000000005a00f8000000000000005a00f8000000000000005a00f8000000000000005a00f8000000000000004a00f8000000000000005a00f8000000000000004a00f8000000
02:10:55.312 [DEBUG] [serial] Sin header 0xAA, descartando 128 bytes: 00005a00f8000000000000004a00f800
02:10:55.322 [DEBUG] [serial] RX 128 bytes: 000000005a00f8000000000000005a00f8000000000000005a00f8000000000000005a00f8000000000000005a00f8000000000000004a00f8000000000000005a00f8000000000000005a00f8000000000000005a00f8000000000000005a00f8000000000000005a00f8000000000000004a00f8000000000000005a00f800
02:10:55.322 [DEBUG] [serial] Sin header 0xAA, descartando 128 bytes: 000000005a00f8000000000000005a00
02:10:55.332 [DEBUG] [serial] RX 128 bytes: 0000000000005a00f8000000000000005a00f8000000000000004a00f8000000000000005a00f8000000000000005a00f8000000000000004a00f8000000000000005a00f8000000000000005a00f8000000000000005a00f8000000000000005a00f8000000000000005a00f8000000000000004a00f8000000000000005a00
02:10:55.332 [DEBUG] [serial] Sin header 0xAA, descartando 128 bytes: 0000000000005a00f800000000000000
02:10:55.341 [DEBUG] [serial] RX 128 bytes: f8000000000000004a00f8000000000000005a00f8000000000000005a00f8000000000000004a00f8000000000000004a00f8000000000000005a00f8000000000000005a00f8000000000000004a00f8000000000000004a00f8000000000000005a00f8000000000000005a00f8000000000000004a00f800000000000000
02:10:55.341 [DEBUG] [serial] Sin header 0xAA, descartando 128 bytes: f8000000000000004a00f80000000000
02:10:55.351 [DEBUG] [serial] RX 128 bytes: 5a00f8000000000000005a00f8000000000000004a00f8000000000000005a00f8000000000000004a00f8000000000000005a00f8000000000000004a00f8000000000000005a00f8000000000000005a00f8000000000000004a00f8000000000000005a00f8000000000000005a00f8000000000000004a00f80000000000
02:10:55.351 [DEBUG] [serial] Sin header 0xAA, descartando 128 bytes: 5a00f8000000000000005a00f8000000
02:10:55.360 [DEBUG] [serial] RX 128 bytes: 00005a00f8000000000000004a00f8000000000000005a00f8000000000000004a00f8000000000000005a00f8000000000000005a00f8000000000000004a00f8000000000000005a00f8000000000000005a00f8000000000000005a00f8000000000000004a00f8000000000000005a00f8000000000000004a00f8000000
02:10:55.360 [DEBUG] [serial] Sin header 0xAA, descartando 128 bytes: 00005a00f8000000000000004a00f800
02:10:55.370 [DEBUG] [serial] RX 128 bytes: 000000005a00f8000000000000004a00f8000000000000005a00f8000000000000005a00f8000000000000004a00f8000000000000005a00f8000000000000004a00f8000000000000005a00f8000000000000004a00f8000000000000005a00f8000000000000004a00f8000000000000005a00f8000000000000005a00f800
02:10:55.371 [DEBUG] [serial] Sin header 0xAA, descartando 128 bytes: 000000005a00f8000000000000004a00
02:10:55.380 [DEBUG] [serial] RX 128 bytes: 0000000000004a00f8000000000000005a00f8000000000000005a00f8000000000000004a00f8000000000000005a00f8000000000000005a00f8000000000000005a00f8000000000000004a00f8000000000000005a00f8000000000000004a00f8000000000000005a00f8000000000000004a00f8000000000000004a00
02:10:55.380 [DEBUG] [serial] Sin header 0xAA, descartando 128 bytes: 0000000000004a00f800000000000000
02:10:55.389 [DEBUG] [serial] RX 128 bytes: f8000000000000005a00f8000000000000004a00f8000000000000005a00f8000000000000004a00f8000000000000005a00f8000000000000004a00f8000000000000005a00f8000000000000005a00f8000000000000004a00f8000000000000005a00f8000000000000004a00f8000000000000004a00f800000000000000
02:10:55.389 [DEBUG] [serial] Sin header 0xAA, descartando 128 bytes: f8000000000000005a00f80000000000
02:10:55.399 [DEBUG] [serial] RX 128 bytes: 5a00f8000000000000005a00f8000000000000005a00f8000000000000004a00f8000000000000004a00f8000000000000005a00f8000000000000004a00f8000000000000005a00f8000000000000005a00f8000000000000004a00f8000000000000004a00f8000000000000005a00f8000000000000005a00f80000000000
02:10:55.399 [DEBUG] [serial] Sin header 0xAA, descartando 128 bytes: 5a00f8000000000000005a00f8000000
02:10:55.408 [DEBUG] [serial] RX 128 bytes: 00004a00f8000000000000005a00f8000000000000004a00f8000000000000005a00f8000000000000004a00f8000000000000005a00f8000000000000004a00f8000000000000005a00f8000000000000004a00f8000000000000004a00f8000000000000005a00f8000000000000004a00f8000000000000005a00f8000000
02:10:55.408 [DEBUG] [serial] Sin header 0xAA, descartando 128 bytes: 00004a00f8000000000000005a00f800
02:10:55.418 [DEBUG] [serial] RX 128 bytes: 000000004a00f8000000000000005a00f8000000000000004a00f8000000000000005a00f8000000000000004a00f8000000000000005a00f8000000000000005a00f8000000000000005a00f8000000000000004a00f8000000000000005a00f8000000000000005a00f8000000000000004a00f8000000000000004a00f800
02:10:55.418 [DEBUG] [serial] Sin header 0xAA, descartando 128 bytes: 000000004a00f8000000000000005a00
02:10:55.427 [DEBUG] [serial] RX 128 bytes: 0000000000005a00f8000000000000005a00f8000000000000004a00f8000000000000005a00f8000000000000005a00f8000000000000004a00f8000000000000005a00f8000000000000005a00f8000000000000004a00f8000000000000005a00f8000000000000005a00f8000000000000004a00f8000000000000005a00
02:10:55.428 [DEBUG] [serial] Sin header 0xAA, descartando 128 bytes: 0000000000005a00f800000000000000
02:10:55.437 [DEBUG] [serial] RX 128 bytes: f8000000000000004a00f8000000000000005a00f8000000000000005a00f8000000000000005a00f8000000000000005a00f8000000000000005a00f8000000000000005a00f8000000000000005a00f8000000000000004a00f8000000000000005a00f8000000000000005a00f8000000000000004a00f800000000000000
02:10:55.437 [DEBUG] [serial] Sin header 0xAA, descartando 128 bytes: f8000000000000004a00f80000000000
02:10:55.446 [DEBUG] [serial] RX 128 bytes: 5a00f8000000000000004a00f8000000000000005a00f8000000000000005a00f8000000000000004a00f8000000000000004a00f8000000000000005a00f8000000000000005a00f8000000000000005a00f8000000000000004a00f8000000000000005a00f8000000000000005a00f8000000000000004a00f80000000000
02:10:55.447 [DEBUG] [serial] Sin header 0xAA, descartando 128 bytes: 5a00f8000000000000004a00f8000000
02:10:55.456 [DEBUG] [serial] RX 128 bytes: 00005a00f8000000000000004a00f8000000000000005a00f8000000000000005a00f8000000000000005a00f8000000000000005a00f8000000000000004a00f8000000000000005a00f8000000000000005a00f8000000000000004a00f8000000000000004a00f8000000000000005a00f8000000000000004a00f8000000
02:10:55.456 [DEBUG] [serial] Sin header 0xAA, descartando 128 bytes: 00005a00f8000000000000004a00f800
02:10:55.466 [DEBUG] [serial] RX 128 bytes: 000000005a00f8000000000000005a00f8000000000000005a00f8000000000000005a00f8000000000000005a00f8000000000000005a00f8000000000000004a00f8000000000000005a00f8000000000000005a00f8000000000000005a00f8000000000000005a00f8000000000000005a00f8000000000000005a00f800
02:10:55.466 [DEBUG] [serial] Sin header 0xAA, descartando 128 bytes: 000000005a00f8000000000000005a00
02:10:55.475 [DEBUG] [serial] RX 128 bytes: 0000000000004a00f8000000000000005a00f8000000000000005a00f8000000000000004a00f8000000000000005a00f8000000000000005a00f8000000000000004a00f8000000000000005a00f8000000000000005a00f8000000000000004a00f8000000000000005a00f8000000000000005a00f8000000000000004a00
02:10:55.476 [DEBUG] [serial] Sin header 0xAA, descartando 128 bytes: 0000000000004a00f800000000000000
02:10:55.485 [DEBUG] [serial] RX 128 bytes: f8000000000000004a00f8000000000000005a00f8000000000000005a00f8000000000000004a00f8000000000000005a00f8000000000000004a00f8000000000000005a00f8000000000000004a00f8000000000000005a00f8000000000000005a00f8000000000000005a00f8000000000000005a00f800000000000000
02:10:55.485 [DEBUG] [serial] Sin header 0xAA, descartando 128 bytes: f8000000000000004a00f80000000000
02:10:55.494 [DEBUG] [serial] RX 128 bytes: 5a00f8000000000000005a00f8000000000000005a00f8000000000000004a00f8000000000000005a00f8000000000000004a00f8000000000000005a00f8000000000000005a00f8000000000000004a00f8000000000000005a00f8000000000000004a00f8000000000000005a00f8000000000000005a00f80000000000
02:10:55.495 [DEBUG] [serial] Sin header 0xAA, descartando 128 bytes: 5a00f8000000000000005a00f8000000
02:10:55.504 [DEBUG] [serial] RX 128 bytes: 00005a00f8000000000000005a00f8000000000000005a00f8000000000000005a00f8000000000000004a00f8000000000000005a00f8000000000000004a00f8000000000000005a00f8000000000000004a00f8000000000000005a00f8000000000000004a00f8000000000000004a00f8000000000000005a00f8000000
02:10:55.504 [DEBUG] [serial] Sin header 0xAA, descartando 128 bytes: 00005a00f8000000000000005a00f800
02:10:55.514 [DEBUG] [serial] RX 128 bytes: 000000005a00f8000000000000004a00f8000000000000005a00f8000000000000005a00f8000000000000004a00f8000000000000005a00f8000000000000005a00f8000000000000004a00f8000000000000005a00f8000000000000005a00f8000000000000005a00f8000000000000004a00f8000000000000005a00f800
02:10:55.514 [DEBUG] [serial] Sin header 0xAA, descartando 128 bytes: 000000005a00f8000000000000004a00
02:10:55.523 [DEBUG] [serial] RX 128 bytes: 0000000000005a00f8000000000000005a00f8000000000000004a00f8000000000000004a00f8000000000000005a00f8000000000000005a00f8000000000000005a00f8000000000000005a00f8000000000000005a00f8000000000000005a00f8000000000000005a00f8000000000000005a00f8000000000000004a00
02:10:55.524 [DEBUG] [serial] Sin header 0xAA, descartando 128 bytes: 0000000000005a00f800000000000000
02:10:55.533 [DEBUG] [serial] RX 128 bytes: f8000000000000004a00f8000000000000005a00f8000000000000005a00f8000000000000004a00f8000000000000004a00f8000000000000005a00f8000000000000005a00f8000000000000005a00f8000000000000005a00f8000000000000005a00f8000000000000005a00f8000000000000004a00f800000000000000
02:10:55.533 [DEBUG] [serial] Sin header 0xAA, descartando 128 bytes: f8000000000000004a00f80000000000
02:10:55.542 [DEBUG] [serial] RX 128 bytes: 5a00f8000000000000005a00f8000000000000005a00f8000000000000004a00f8000000000000005a00f8000000000000005a00f8000000000000004a00f8000000000000004a00f8000000000000005a00f8000000000000004a00f8000000000000004a00f8000000000000005a00f8000000000000005a00f80000000000
02:10:55.543 [DEBUG] [serial] Sin header 0xAA, descartando 128 bytes: 5a00f8000000000000005a00f8000000
02:10:55.552 [DEBUG] [serial] RX 128 bytes: 00005a00f8000000000000005a00f8000000000000005a00f8000000000000005a00f8000000000000004a00f8000000000000005a00f8000000000000004a00f8000000000000004a00f8000000000000005a00f8000000000000005a00f8000000000000004a00f8000000000000005a00f8000000000000005a00f8000000
02:10:55.552 [DEBUG] [serial] Sin header 0xAA, descartando 128 bytes: 00005a00f8000000000000005a00f800
02:10:55.562 [DEBUG] [serial] RX 128 bytes: 000000005a00f8000000000000005a00f8000000000000005a00f8000000000000004a00f8000000000000004a00f8000000000000005a00f8000000000000005a00f8000000000000005a00f8000000000000005a00f8000000000000004a00f8000000000000004a00f8000000000000005a00f8000000000000005a00f800
02:10:55.562 [DEBUG] [serial] Sin header 0xAA, descartando 128 bytes: 000000005a00f8000000000000005a00
02:10:55.571 [DEBUG] [serial] RX 128 bytes: 0000000000004a00f8000000000000005a00f8000000000000005a00f8000000000000005a00f8000000000000004a00f8000000000000005a00f8000000000000004a00f8000000000000005a00f8000000000000005a00f8000000000000004a00f8000000000000004a00f8000000000000005a00f8000000000000005a00
02:10:55.572 [DEBUG] [serial] Sin header 0xAA, descartando 128 bytes: 0000000000004a00f800000000000000
02:10:55.581 [DEBUG] [serial] RX 128 bytes: f8000000000000005a00f8000000000000005a00f8000000000000005a00f8000000000000004a00f8000000000000005a00f8000000000000005a00f8000000000000005a00f8000000000000004a00f8000000000000005a00f8000000000000004a00f8000000000000005a00f8000000000000005a00f800000000000000
02:10:55.581 [DEBUG] [serial] Sin header 0xAA, descartando 128 bytes: f8000000000000005a00f80000000000
02:10:55.590 [DEBUG] [serial] RX 128 bytes: 4a00f8000000000000005a00f8000000000000005a00f8000000000000005a00f8000000000000005a00f8000000000000004a00f8000000000000005a00f8000000000000005a00f8000000000000005a00f8000000000000004a00f8000000000000005a00f8000000000000004a00f8000000000000005a00f80000000000
02:10:55.591 [DEBUG] [serial] Sin header 0xAA, descartando 128 bytes: 4a00f8000000000000005a00f8000000
02:10:55.600 [DEBUG] [serial] RX 128 bytes: 00005a00f8000000000000005a00f8000000000000005a00f8000000000000004a00f8000000000000005a00f8000000000000005a00f8000000000000004a00f8000000000000005a00f8000000000000005a00f8000000000000005a00f8000000000000004a00f8000000000000004a00f8000000000000005a00f8000000
02:10:55.600 [DEBUG] [serial] Sin header 0xAA, descartando 128 bytes: 00005a00f8000000000000005a00f800
02:10:55.610 [DEBUG] [serial] RX 128 bytes: 000000005a00f8000000000000004a00f8000000000000004a00f8000000000000005a00f8000000000000005a00f8000000000000005a00f8000000000000005a00f8000000000000004a00f8000000000000005a00f8000000000000005a00f8000000000000004a00f8000000000000005a00f8000000000000004a00f800
02:10:55.610 [DEBUG] [serial] Sin header 0xAA, descartando 128 bytes: 000000005a00f8000000000000004a00
02:10:55.619 [DEBUG] [serial] RX 128 bytes: 0000000000005a00f8000000000000004a00f8000000000000005a00f8000000000000005a00f8000000000000005a00f8000000000000005a00f8000000000000004a00f8000000000000005a00f8000000000000004a00f8000000000000005a00f8000000000000004a00f8000000000000004a00f8000000000000005a00
02:10:55.619 [DEBUG] [serial] Sin header 0xAA, descartando 128 bytes: 0000000000005a00f800000000000000
02:10:55.629 [DEBUG] [serial] RX 128 bytes: f8000000000000004a00f8000000000000005a00f8000000000000004a00f8000000000000005a00f8000000000000005a00f8000000000000004a00f8000000000000005a00f8000000000000005a00f8000000000000004a00f8000000000000005a00f8000000000000005a00f8000000000000004a00f800000000000000
02:10:55.629 [DEBUG] [serial] Sin header 0xAA, descartando 128 bytes: f8000000000000004a00f80000000000
02:10:55.638 [DEBUG] [serial] RX 128 bytes: 5a00f8000000000000004a00f8000000000000004a00f8000000000000005a00f8000000000000004a00f8000000000000005a00f8000000000000005a00f8000000000000005a00f8000000000000005a00f8000000000000005a00f8000000000000005a00f8000000000000005a00f8000000000000004a00f80000000000
02:10:55.638 [DEBUG] [serial] Sin header 0xAA, descartando 128 bytes: 5a00f8000000000000004a00f8000000
02:10:55.648 [DEBUG] [serial] RX 128 bytes: 00005a00f8000000000000004a00f8000000000000005a00f8000000000000005a00f8000000000000004a00f8000000000000005a00f8000000000000004a00f8000000000000005a00f8000000000000004a00f8000000000000005a00f8000000000000005a00f8000000000000005a00f8000000000000004a00f8000000
02:10:55.648 [DEBUG] [serial] Sin header 0xAA, descartando 128 bytes: 00005a00f8000000000000004a00f800
02:10:55.658 [DEBUG] [serial] RX 128 bytes: 000000004a00f8000000000000005a00f8000000000000005a00f8000000000000004a00f8000000000000005a00f8000000000000004a00f8000000000000005a00f8000000000000005a00f8000000000000004a00f8000000000000005a00f8000000000000004a00f8000000000000005a00f8000000000000005a00f800
02:10:55.658 [DEBUG] [serial] Sin header 0xAA, descartando 128 bytes: 000000004a00f8000000000000005a00
02:10:55.667 [DEBUG] [serial] RX 128 bytes: 0000000000005a00f8000000000000005a00f8000000000000005a00f8000000000000004a00f8000000000000005a00f8000000000000004a00f8000000000000005a00f8000000000000004a00f8000000000000005a00f8000000000000005a00f8000000000000005a00f8000000000000004a00f8000000000000005a00
02:10:55.667 [DEBUG] [serial] Sin header 0xAA, descartando 128 bytes: 0000000000005a00f800000000000000
02:10:55.677 [DEBUG] [serial] RX 128 bytes: f8000000000000005a00f8000000000000005a00f8000000000000005a00f8000000000000004a00f8000000000000004a00f8000000000000005a00f8000000000000004a00f8000000000000005a00f8000000000000004a00f8000000000000005a00f8000000000000004a00f8000000000000005a00f800000000000000
02:10:55.677 [DEBUG] [serial] Sin header 0xAA, descartando 128 bytes: f8000000000000005a00f80000000000
02:10:55.686 [DEBUG] [serial] RX 128 bytes: 4a00f8000000000000005a00f8000000000000004a00f8000000000000005a00f8000000000000004a00f8000000000000005a00f8000000000000005a00f8000000000000004a00f8000000000000004a00f8000000000000005a00f8000000000000005a00f8000000000000004a00f8000000000000005a00f80000000000
02:10:55.686 [DEBUG] [serial] Sin header 0xAA, descartando 128 bytes: 4a00f8000000000000005a00f8000000
02:10:55.696 [DEBUG] [serial] RX 128 bytes: 00004a00f8000000000000004a00f8000000000000005a00f8000000000000005a00f8000000000000004a00f8000000000000005a00f8000000000000004a00f8000000000000005a00f8000000000000004a00f8000000000000005a00f8000000000000005a00f8000000000000004a00f8000000000000005a00f8000000
02:10:55.696 [DEBUG] [serial] Sin header 0xAA, descartando 128 bytes: 00004a00f8000000000000004a00f800
02:10:55.706 [DEBUG] [serial] RX 128 bytes: 000000005a00f8000000000000004a00f8000000000000005a00f8000000000000005a00f8000000000000004a00f8000000000000005a00f8000000000000004a00f8000000000000005a00f8000000000000005a00f8000000000000004a00f8000000000000004a00f8000000000000005a00f8000000000000005a00f800
02:10:55.706 [DEBUG] [serial] Sin header 0xAA, descartando 128 bytes: 000000005a00f8000000000000004a00
02:10:55.715 [DEBUG] [serial] RX 128 bytes: 0000000000004a00f8000000000000004a00f8000000000000005a00f8000000000000005a00f8000000000000004a00f8000000000000004a00f8000000000000005a00f8000000000000005a00f8000000000000004a00f8000000000000005a00f8000000000000004a00f8000000000000005a00f8000000000000005a00
02:10:55.715 [DEBUG] [serial] Sin header 0xAA, descartando 128 bytes: 0000000000004a00f800000000000000
02:10:55.725 [DEBUG] [serial] RX 128 bytes: f8000000000000004a00f8000000000000005a00f8000000000000005a00f8000000000000005a00f8000000000000005a00f8000000000000005a00f8000000000000005a00f8000000000000004a00f8000000000000005a00f8000000000000005a00f8000000000000004a00f8000000000000005a00f800000000000000
02:10:55.725 [DEBUG] [serial] Sin header 0xAA, descartando 128 bytes: f8000000000000004a00f80000000000
02:10:55.734 [DEBUG] [serial] RX 128 bytes: 5a00f8000000000000004a00f8000000000000005a00f8000000000000005a00f8000000000000004a00f8000000000000005a00f8000000000000005a00f8000000000000005a00f8000000000000005a00f8000000000000005a00f8000000000000004a00f8000000000000005a00f8000000000000004a00f80000000000
02:10:55.734 [DEBUG] [serial] Sin header 0xAA, descartando 128 bytes: 5a00f8000000000000004a00f8000000
02:10:55.744 [DEBUG] [serial] RX 128 bytes: 00005a00f8000000000000005a00f8000000000000005a00f8000000000000004a00f8000000000000005a00f8000000000000005a00f8000000000000005a00f8000000000000005a00f8000000000000004a00f8000000000000005a00f8000000000000004a00f8000000000000005a00f8000000000000004a00f8000000
02:10:55.744 [DEBUG] [serial] Sin header 0xAA, descartando 128 bytes: 00005a00f8000000000000005a00f800
02:10:55.753 [DEBUG] [serial] RX 128 bytes: 000000004a00f8000000000000005a00f8000000000000005a00f8000000000000005a00f8000000000000004a00f8000000000000005a00f8000000000000004a00f8000000000000005a00f8000000000000005a00f8000000000000004a00f8000000000000005a00f8000000000000004a00f8000000000000005a00f800
02:10:55.754 [DEBUG] [serial] Sin header 0xAA, descartando 128 bytes: 000000004a00f8000000000000005a00
02:10:55.763 [DEBUG] [serial] RX 128 bytes: 0000000000005a00f8000000000000005a00f8000000000000005a00f8000000000000005a00f8000000000000004a00f8000000000000005a00f8000000000000004a00f8000000000000005a00f8000000000000004a00f8000000000000005a00f8000000000000005a00f8000000000000005a00f8000000000000004a00
02:10:55.763 [DEBUG] [serial] Sin header 0xAA, descartando 128 bytes: 0000000000005a00f800000000000000
02:10:55.772 [DEBUG] [serial] RX 128 bytes: f8000000000000005a00f8000000000000005a00f8000000000000004a00f8000000000000005a00f8000000000000004a00f8000000000000005a00f8000000000000005a00f8000000000000004a00f8000000000000004a00f8000000000000005a00f8000000000000004a00f8000000000000005a00f800000000000000
02:10:55.773 [DEBUG] [serial] Sin header 0xAA, descartando 128 bytes: f8000000000000005a00f80000000000
02:10:55.782 [DEBUG] [serial] RX 128 bytes: 5a00f8000000000000004a00f8000000000000004a00f8000000000000005a00f8000000000000005a00f8000000000000005a00f8000000000000004a00f8000000000000005a00f8000000000000004a00f8000000000000005a00f8000000000000005a00f8000000000000005a00f8000000000000005a00f80000000000
02:10:55.782 [DEBUG] [serial] Sin header 0xAA, descartando 128 bytes: 5a00f8000000000000004a00f8000000
02:10:55.792 [DEBUG] [serial] RX 128 bytes: 00004a00f8000000000000005a00f8000000000000005a00f8000000000000005a00f8000000000000005a00f8000000000000005a00f8000000000000004a00f8000000000000004a00f8000000000000005a00f8000000000000004a00f8000000000000005a00f8000000000000005a00f8000000000000005a00f8000000
02:10:55.792 [DEBUG] [serial] Sin header 0xAA, descartando 128 bytes: 00004a00f8000000000000005a00f800
02:10:55.801 [DEBUG] [serial] RX 128 bytes: 000000004a00f8000000000000004a00f8000000000000005a00f8000000000000005a00f8000000000000004a00f8000000000000005a00f8000000000000005a00f8000000000000004a00f8000000000000004a00f8000000000000004a00f8000000000000004a00f8000000000000004a00f8000000000000004a00f800
02:10:55.802 [DEBUG] [serial] Sin header 0xAA, descartando 128 bytes: 000000004a00f8000000000000004a00
02:10:55.811 [DEBUG] [serial] RX 128 bytes: 0000000000005a00f8000000000000005a00f8000000000000004a00f8000000000000004a00f8000000000000005a00f8000000000000005a00f8000000000000004a00f8000000000000004a00f8000000000000005a00f8000000000000005a00f8000000000000005a00f8000000000000005a00f8000000000000005a00
02:10:55.811 [DEBUG] [serial] Sin header 0xAA, descartando 128 bytes: 0000000000005a00f800000000000000
02:10:55.820 [DEBUG] [serial] RX 128 bytes: f8000000000000004a00f8000000000000005a00f8000000000000005a00f8000000000000004a00f8000000000000004a00f8000000000000005a00f8000000000000005a00f8000000000000005a00f8000000000000004a00f8000000000000005a00f8000000000000005a00f8000000000000005a00f800000000000000
02:10:55.821 [DEBUG] [serial] Sin header 0xAA, descartando 128 bytes: f8000000000000004a00f80000000000
02:10:55.830 [DEBUG] [serial] RX 128 bytes: 5a00f8000000000000004a00f8000000000000005a00f8000000000000005a00f8000000000000005a00f8000000000000005a00f8000000000000005a00f8000000000000004a00f8000000000000004a00f8000000000000005a00f8000000000000005a00f8000000000000005a00f8000000000000004a00f80000000000
02:10:55.830 [DEBUG] [serial] Sin header 0xAA, descartando 128 bytes: 5a00f8000000000000004a00f8000000
02:10:55.840 [DEBUG] [serial] RX 128 bytes: 00004a00f8000000000000005a00f8000000000000005a00f8000000000000004a00f8000000000000005a00f8000000000000005a00f8000000000000004a00f8000000000000005a00f8000000000000005a00f8000000000000004a00f8000000000000005a00f8000000000000005a00f8000000000000005a00f8000000
02:10:55.840 [DEBUG] [serial] Sin header 0xAA, descartando 128 bytes: 00004a00f8000000000000005a00f800
02:10:55.849 [DEBUG] [serial] RX 128 bytes: 000000005a00f8000000000000004a00f8000000000000005a00f8000000000000005a00f8000000000000004a00f8000000000000005a00f8000000000000004a00f8000000000000005a00f8000000000000005a00f8000000000000004a00f8000000000000004a00f8000000000000005a00f8000000000000004a00f800
02:10:55.850 [DEBUG] [serial] Sin header 0xAA, descartando 128 bytes: 000000005a00f8000000000000004a00
02:10:55.859 [DEBUG] [serial] RX 128 bytes: 0000000000005a00f8000000000000005a00f8000000000000005a00f8000000000000005a00f8000000000000005a00f8000000000000005a00f8000000000000004a00f8000000000000005a00f8000000000000004a00f8000000000000005a00f8000000000000005a00f8000000000000005a00f8000000000000004a00
02:10:55.859 [DEBUG] [serial] Sin header 0xAA, descartando 128 bytes: 0000000000005a00f800000000000000
02:10:55.868 [DEBUG] [serial] RX 128 bytes: f8000000000000005a00f8000000000000005a00f8000000000000004a00f8000000000000005a00f8000000000000004a00f8000000000000005a00f8000000000000005a00f8000000000000005a00f8000000000000004a00f8000000000000005a00f8000000000000005a00f8000000000000004a00f800000000000000
02:10:55.869 [DEBUG] [serial] Sin header 0xAA, descartando 128 bytes: f8000000000000005a00f80000000000
02:10:55.878 [DEBUG] [serial] RX 128 bytes: 5a00f8000000000000004a00f8000000000000005a00f8000000000000005a00f8000000000000005a00f8000000000000005a00f8000000000000005a00f8000000000000005a00f8000000000000004a00f8000000000000005a00f8000000000000005a00f8000000000000004a00f8000000000000005a00f80000000000
02:10:55.878 [DEBUG] [serial] Sin header 0xAA, descartando 128 bytes: 5a00f8000000000000004a00f8000000
02:10:55.888 [DEBUG] [serial] RX 128 bytes: 00004a00f8000000000000005a00f8000000000000005a00f8000000000000005a00f8000000000000005a00f8000000000000005a00f8000000000000004a00f8000000000000005a00f8000000000000004a00f8000000000000005a00f8000000000000004a00f8000000000000004a00f8000000000000005a00f8000000
02:10:55.888 [DEBUG] [serial] Sin header 0xAA, descartando 128 bytes: 00004a00f8000000000000005a00f800
02:10:55.897 [DEBUG] [serial] RX 128 bytes: 000000005a00f8000000000000005a00f8000000000000004a00f8000000000000005a00f8000000000000005a00f8000000000000004a00f8000000000000004a00f8000000000000005a00f8000000000000004a00f8000000000000005a00f8000000000000004a00f8000000000000005a00f8000000000000005a00f800
02:10:55.898 [DEBUG] [serial] Sin header 0xAA, descartando 128 bytes: 000000005a00f8000000000000005a00
02:10:55.907 [DEBUG] [serial] RX 128 bytes: 0000000000005a00f8000000000000005a00f8000000000000004a00f8000000000000005a00f8000000000000004a00f8000000000000004a00f8000000000000005a00f8000000000000005a00f8000000000000004a00f8000000000000005a00f8000000000000005a00f8000000000000005a00f8000000000000004a00
02:10:55.907 [DEBUG] [serial] Sin header 0xAA, descartando 128 bytes: 0000000000005a00f800000000000000
02:10:55.916 [DEBUG] [serial] RX 128 bytes: f8000000000000004a00f8000000000000005a00f8000000000000005a00f8000000000000004a00f8000000000000005a00f8000000000000005a00f8000000000000005a00f8000000000000004a00f8000000000000004a00f8000000000000005a00f8000000000000005a00f8000000000000005a00f800000000000000
02:10:55.917 [DEBUG] [serial] Sin header 0xAA, descartando 128 bytes: f8000000000000004a00f80000000000
02:10:55.926 [DEBUG] [serial] RX 128 bytes: 5a00f8000000000000005a00f8000000000000005a00f8000000000000004a00f8000000000000004a00f8000000000000004a00f8000000000000004a00f8000000000000005a00f8000000000000005a00f8000000000000005a00f8000000000000005a00f8000000000000005a00f8000000000000004a00f80000000000
02:10:55.926 [DEBUG] [serial] Sin header 0xAA, descartando 128 bytes: 5a00f8000000000000005a00f8000000
02:10:55.936 [DEBUG] [serial] RX 128 bytes: 00005a00f8000000000000005a00f8000000000000004a00f8000000000000005a00f8000000000000004a00f8000000000000004a00f8000000000000005a00f8000000000000005a00f8000000000000005a00f8000000000000005a00f8000000000000005a00f8000000000000005a00f8000000000000004a00f8000000
02:10:55.936 [DEBUG] [serial] Sin header 0xAA, descartando 128 bytes: 00005a00f8000000000000005a00f800
02:10:55.945 [DEBUG] [serial] RX 128 bytes: 000000004a00f8000000000000005a00f8000000000000005a00f8000000000000005a00f8000000000000005a00f8000000000000005a00f8000000000000004a00f8000000000000005a00f8000000000000005a00f8000000000000004a00f8000000000000004a00f8000000000000004a00f8000000000000004a00f800
02:10:55.945 [DEBUG] [serial] Sin header 0xAA, descartando 128 bytes: 000000004a00f8000000000000005a00
02:10:55.955 [DEBUG] [serial] RX 128 bytes: 0000000000005a00f8000000000000005a00f8000000000000005a00f8000000000000005a00f8000000000000004a00f8000000000000004a00f8000000000000005a00f8000000000000005a00f8000000000000004a00f8000000000000004a00f8000000000000005a00f8000000000000005a00f8000000000000005a00
02:10:55.955 [DEBUG] [serial] Sin header 0xAA, descartando 128 bytes: 0000000000005a00f800000000000000
02:10:55.964 [DEBUG] [serial] RX 128 bytes: f8000000000000005a00f8000000000000005a00f8000000000000004a00f8000000000000005a00f8000000000000005a00f8000000000000005a00f8000000000000005a00f8000000000000004a00f8000000000000005a00f8000000000000005a00f8000000000000005a00f8000000000000005a00f800000000000000
02:10:55.964 [DEBUG] [serial] Sin header 0xAA, descartando 128 bytes: f8000000000000005a00f80000000000
02:10:55.974 [DEBUG] [serial] RX 128 bytes: 5a00f8000000000000004a00f8000000000000005a00f8000000000000005a00f8000000000000004a00f8000000000000005a00f8000000000000005a00f8000000000000005a00f8000000000000004a00f8000000000000005a00f8000000000000005a00f8000000000000005a00f8000000000000004a00f80000000000
02:10:55.974 [DEBUG] [serial] Sin header 0xAA, descartando 128 bytes: 5a00f8000000000000004a00f8000000
02:10:55.984 [DEBUG] [serial] RX 128 bytes: 00005a00f8000000000000004a00f8000000000000005a00f8000000000000005a00f8000000000000005a00f8000000000000004a00f8000000000000004a00f8000000000000005a00f8000000000000004a00f8000000000000005a00f8000000000000005a00f8000000000000004a00f8000000000000005a00f8000000
02:10:55.984 [DEBUG] [serial] Sin header 0xAA, descartando 128 bytes: 00005a00f8000000000000004a00f800
02:10:55.993 [DEBUG] [serial] RX 128 bytes: 000000004a00f8000000000000005a00f8000000000000004a00f8000000000000004a00f8000000000000005a00f8000000000000005a00f8000000000000005a00f8000000000000004a00f8000000000000004a00f8000000000000004a00f8000000000000005a00f8000000000000005a00f8000000000000004a00f800
02:10:55.993 [DEBUG] [serial] Sin header 0xAA, descartando 128 bytes: 000000004a00f8000000000000005a00
02:10:56.003 [DEBUG] [serial] RX 128 bytes: 0000000000005a00f8000000000000005a00f8000000000000004a00f8000000000000004a00f8000000000000005a00f8000000000000004a00f8000000000000005a00f8000000000000005a00f8000000000000004a00f8000000000000005a00f8000000000000004a00f8000000000000005a00f8000000000000004a00
02:10:56.003 [DEBUG] [serial] Sin header 0xAA, descartando 128 bytes: 0000000000005a00f800000000000000
02:10:56.012 [DEBUG] [serial] RX 128 bytes: f8000000000000004a00f8000000000000005a00f8000000000000005a00f8000000000000004a00f8000000000000005a00f8000000000000005a00f8000000000000004a00f8000000000000004a00f8000000000000004a00f8000000000000005a00f8000000000000005a00f8000000000000005a00f800000000000000
02:10:56.012 [DEBUG] [serial] Sin header 0xAA, descartando 128 bytes: f8000000000000004a00f80000000000
02:10:56.022 [DEBUG] [serial] RX 128 bytes: 5a00f8000000000000004a00f8000000000000005a00f8000000000000005a00f8000000000000005a00f8000000000000005a00f8000000000000005a00f8000000000000004a00f8000000000000005a00f8000000000000005a00f8000000000000004a00f8000000000000005a00f8000000000000005a00f80000000000
02:10:56.022 [DEBUG] [serial] Sin header 0xAA, descartando 128 bytes: 5a00f8000000000000004a00f8000000
02:10:56.032 [DEBUG] [serial] RX 128 bytes: 00005a00f8000000000000005a00f8000000000000005a00f8000000000000004a00f8000000000000005a00f8000000000000004a00f8000000000000005a00f8000000000000005a00f8000000000000005a00f8000000000000004a00f8000000000000005a00f8000000000000004a00f8000000000000005a00f8000000
02:10:56.032 [DEBUG] [serial] Sin header 0xAA, descartando 128 bytes: 00005a00f8000000000000005a00f800
02:10:56.041 [DEBUG] [serial] RX 128 bytes: 000000005a00f8000000000000004a00f8000000000000005a00f8000000000000004a00f8000000000000005a00f8000000000000005a00f8000000000000004a00f8000000000000005a00f8000000000000004a00f8000000000000005a00f8000000000000004a00f8000000000000005a00f8000000000000005a00f800
02:10:56.041 [DEBUG] [serial] Sin header 0xAA, descartando 128 bytes: 000000005a00f8000000000000004a00
02:10:56.051 [DEBUG] [serial] RX 128 bytes: 0000000000005a00f8000000000000005a00f8000000000000005a00f8000000000000004a00f8000000000000005a00f8000000000000004a00f8000000000000005a00f8000000000000005a00f8000000000000004a00f8000000000000005a00f8000000000000005a00f8000000000000005a00f8000000000000004a00
02:10:56.051 [DEBUG] [serial] Sin header 0xAA, descartando 128 bytes: 0000000000005a00f800000000000000
02:10:56.060 [DEBUG] [serial] RX 128 bytes: f8000000000000005a00f8000000000000004a00f8000000000000005a00f8000000000000004a00f8000000000000005a00f8000000000000004a00f8000000000000005a00f8000000000000005a00f8000000000000004a00f8000000000000005a00f8000000000000004a00f8000000000000005a00f800000000000000
02:10:56.060 [DEBUG] [serial] Sin header 0xAA, descartando 128 bytes: f8000000000000005a00f80000000000
02:10:56.070 [DEBUG] [serial] RX 128 bytes: 4a00f8000000000000005a00f8000000000000005a00f8000000000000004a00f8000000000000005a00f8000000000000005a00f8000000000000004a00f8000000000000005a00f8000000000000004a00f8000000000000005a00f8000000000000004a00f8000000000000005a00f8000000000000004a00f80000000000
02:10:56.070 [DEBUG] [serial] Sin header 0xAA, descartando 128 bytes: 4a00f8000000000000005a00f8000000
02:10:56.079 [DEBUG] [serial] RX 128 bytes: 00005a00f8000000000000004a00f8000000000000005a00f8000000000000005a00f8000000000000005a00f8000000000000004a00f8000000000000005a00f8000000000000005a00f8000000000000004a00f8000000000000005a00f8000000000000004a00f8000000000000004a00f8000000000000005a00f8000000
02:10:56.080 [DEBUG] [serial] Sin header 0xAA, descartando 128 bytes: 00005a00f8000000000000004a00f800
02:10:56.089 [DEBUG] [serial] RX 128 bytes: 000000005a00f8000000000000004a00f8000000000000005a00f8000000000000004a00f8000000000000005a00f8000000000000005a00f8000000000000005a00f8000000000000005a00f8000000000000005a00f8000000000000004a00f8000000000000005a00f8000000000000005a00f8000000000000005a00f800
02:10:56.089 [DEBUG] [serial] Sin header 0xAA, descartando 128 bytes: 000000005a00f8000000000000004a00
02:10:56.099 [DEBUG] [serial] RX 128 bytes: 0000000000004a00f8000000000000004a00f8000000000000005a00f8000000000000005a00f8000000000000004a00f8000000000000004a00f8000000000000005a00f8000000000000005a00f8000000000000004a00f8000000000000004a00f8000000000000005a00f8000000000000005a00f8000000000000004a00
02:10:56.099 [DEBUG] [serial] Sin header 0xAA, descartando 128 bytes: 0000000000004a00f800000000000000
02:10:56.108 [DEBUG] [serial] RX 128 bytes: f8000000000000004a00f8000000000000005a00f8000000000000005a00f8000000000000004a00f8000000000000005a00f8000000000000005a00f8000000000000005a00f8000000000000004a00f8000000000000005a00f8000000000000005a00f8000000000000005a00f8000000000000004a00f800000000000000
02:10:56.108 [DEBUG] [serial] Sin header 0xAA, descartando 128 bytes: f8000000000000004a00f80000000000
02:10:56.118 [DEBUG] [serial] RX 128 bytes: 4a00f8000000000000005a00f8000000000000005a00f8000000000000004a00f8000000000000005a00f8000000000000005a00f8000000000000004a00f8000000000000005a00f8000000000000004a00f8000000000000005a00f8000000000000004a00f8000000000000005a00f8000000000000004a00f80000000000
02:10:56.118 [DEBUG] [serial] Sin header 0xAA, descartando 128 bytes: 4a00f8000000000000005a00f8000000
02:10:56.128 [DEBUG] [serial] RX 128 bytes: 00005a00f8000000000000004a00f8000000000000005a00f8000000000000005a00f8000000000000004a00f8000000000000005a00f8000000000000005a00f8000000000000005a00f8000000000000005a00f8000000000000004a00f8000000000000005a00f8000000000000004a00f8000000000000005a00f8000000
02:10:56.128 [DEBUG] [serial] Sin header 0xAA, descartando 128 bytes: 00005a00f8000000000000004a00f800
02:10:56.137 [DEBUG] [serial] RX 128 bytes: 000000005a00f8000000000000005a00f8000000000000005a00f8000000000000005a00f8000000000000005a00f8000000000000004a00f8000000000000005a00f8000000000000004a00f8000000000000005a00f8000000000000004a00f8000000000000004a00f8000000000000005a00f8000000000000005a00f800
02:10:56.137 [DEBUG] [serial] Sin header 0xAA, descartando 128 bytes: 000000005a00f8000000000000005a00
02:10:56.147 [DEBUG] [serial] RX 128 bytes: 0000000000004a00f8000000000000005a00f8000000000000005a00f8000000000000004a00f8000000000000005a00f8000000000000004a00f8000000000000005a00f8000000000000005a00f8000000000000004a00f8000000000000005a00f8000000000000005a00f8000000000000005a00f8000000000000004a00
02:10:56.147 [DEBUG] [serial] Sin header 0xAA, descartando 128 bytes: 0000000000004a00f800000000000000
02:10:56.156 [DEBUG] [serial] RX 128 bytes: f8000000000000005a00f8000000000000004a00f8000000000000005a00f8000000000000005a00f8000000000000004a00f8000000000000005a00f8000000000000005a00f8000000000000004a00f8000000000000004a00f8000000000000005a00f8000000000000005a00f8000000000000004a00f800000000000000
02:10:56.156 [DEBUG] [serial] Sin header 0xAA, descartando 128 bytes: f8000000000000005a00f80000000000
02:10:56.166 [DEBUG] [serial] RX 128 bytes: 5a00f8000000000000004a00f8000000000000005a00f8000000000000004a00f8000000000000004a00f8000000000000005a00f8000000000000004a00f8000000000000004a00f8000000000000005a00f8000000000000005a00f8000000000000004a00f8000000000000005a00f8000000000000005a00f80000000000
02:10:56.166 [DEBUG] [serial] Sin header 0xAA, descartando 128 bytes: 5a00f8000000000000004a00f8000000
02:10:56.175 [DEBUG] [serial] RX 128 bytes: 00004a00f8000000000000005a00f8000000000000005a00f8000000000000004a00f8000000000000005a00f8000000000000004a00f8000000000000005a00f8000000000000005a00f8000000000000004a00f8000000000000005a00f8000000000000004a00f8000000000000005a00f8000000000000004a00f8000000
02:10:56.175 [DEBUG] [serial] Sin header 0xAA, descartando 128 bytes: 00004a00f8000000000000005a00f800
02:10:56.185 [DEBUG] [serial] RX 128 bytes: 000000005a00f8000000000000005a00f8000000000000005a00f8000000000000004a00f8000000000000004a00f8000000000000005a00f8000000000000005a00f8000000000000005a00f8000000000000005a00f8000000000000004a00f8000000000000005a00f8000000000000005a00f8000000000000004a00f800
02:10:56.185 [DEBUG] [serial] Sin header 0xAA, descartando 128 bytes: 000000005a00f8000000000000005a00
02:10:56.194 [DEBUG] [serial] RX 128 bytes: 0000000000005a00f8000000000000004a00f8000000000000005a00f8000000000000005a00f8000000000000005a00f8000000000000005a00f8000000000000004a00f8000000000000005a00f8000000000000005a00f8000000000000005a00f8000000000000005a00f8000000000000005a00f8000000000000004a00
02:10:56.195 [DEBUG] [serial] Sin header 0xAA, descartando 128 bytes: 0000000000005a00f800000000000000
02:10:56.204 [DEBUG] [serial] RX 128 bytes: f8000000000000005a00f8000000000000004a00f8000000000000005a00f8000000000000005a00f8000000000000004a00f8000000000000005a00f8000000000000004a00f8000000000000005a00f8000000000000004a00f8000000000000005a00f8000000000000004a00f8000000000000005a00f800000000000000
02:10:56.204 [DEBUG] [serial] Sin header 0xAA, descartando 128 bytes: f8000000000000005a00f80000000000
02:10:56.214 [DEBUG] [serial] RX 128 bytes: 5a00f8000000000000004a00f8000000000000004a00f8000000000000005a00f8000000000000005a00f8000000000000005a00f8000000000000004a00f8000000000000004a00f8000000000000005a00f8000000000000004a00f8000000000000004a00f8000000000000005a00f8000000000000005a00f80000000000
02:10:56.214 [DEBUG] [serial] Sin header 0xAA, descartando 128 bytes: 5a00f8000000000000004a00f8000000
02:10:56.223 [DEBUG] [serial] RX 128 bytes: 00004a00f8000000000000005a00f8000000000000005a00f8000000000000005a00f8000000000000004a00f8000000000000005a00f8000000000000004a00f8000000000000005a00f8000000000000005a00f8000000000000004a00f8000000000000005a00f8000000000000004a00f8000000000000005a00f8000000
02:10:56.224 [DEBUG] [serial] Sin header 0xAA, descartando 128 bytes: 00004a00f8000000000000005a00f800
02:10:56.233 [DEBUG] [serial] RX 128 bytes: 000000004a00f8000000000000005a00f8000000000000004a00f8000000000000005a00f8000000000000004a00f8000000000000005a00f8000000000000005a00f8000000000000005a00f8000000000000005a00f8000000000000005a00f8000000000000005a00f8000000000000004a00f8000000000000005a00f800
02:10:56.234 [DEBUG] [serial] Sin header 0xAA, descartando 128 bytes: 000000004a00f8000000000000005a00
02:10:56.242 [DEBUG] [serial] RX 128 bytes: 0000000000005a00f8000000000000005a00f8000000000000005a00f8000000000000005a00f8000000000000005a00f8000000000000004a00f8000000000000005a00f8000000000000005a00f8000000000000004a00f8000000000000005a00f8000000000000005a00f8000000000000005a00f8000000000000004a00
02:10:56.243 [DEBUG] [serial] Sin header 0xAA, descartando 128 bytes: 0000000000005a00f800000000000000
02:10:56.252 [DEBUG] [serial] RX 128 bytes: f8000000000000005a00f8000000000000005a00f8000000000000005a00f8000000000000005a00f8000000000000004a00f8000000000000005a00f8000000000000005a00f8000000000000005a00f8000000000000004a00f8000000000000005a00f8000000000000004a00f8000000000000005a00f800000000000000
02:10:56.252 [DEBUG] [serial] Sin header 0xAA, descartando 128 bytes: f8000000000000005a00f80000000000
02:10:56.261 [DEBUG] [serial] RX 128 bytes: 5a00f8000000000000004a00f8000000000000004a00f8000000000000005a00f8000000000000005a00f8000000000000005a00f8000000000000004a00f8000000000000005a00f8000000000000005a00f8000000000000005a00f8000000000000004a00f8000000000000005a00f8000000000000005a00f80000000000
02:10:56.262 [DEBUG] [serial] Sin header 0xAA, descartando 128 bytes: 5a00f8000000000000004a00f8000000
02:10:56.271 [DEBUG] [serial] RX 128 bytes: 00005a00f8000000000000004a00f8000000000000005a00f8000000000000005a00f8000000000000005a00f8000000000000005a00f8000000000000004a00f8000000000000005a00f8000000000000004a00f8000000000000004a00f8000000000000005a00f8000000000000005a00f8000000000000004a00f8000000
02:10:56.271 [DEBUG] [serial] Sin header 0xAA, descartando 128 bytes: 00005a00f8000000000000004a00f800
02:10:56.281 [DEBUG] [serial] RX 128 bytes: 000000005a00f8000000000000004a00f8000000000000004a00f8000000000000005a00f8000000000000005a00f8000000000000005a00f8000000000000005a00f8000000000000005a00f8000000000000004a00f8000000000000005a00f8000000000000004a00f8000000000000004a00f8000000000000004a00f800
02:10:56.281 [DEBUG] [serial] Sin header 0xAA, descartando 128 bytes: 000000005a00f8000000000000004a00
02:10:56.291 [DEBUG] [serial] RX 128 bytes: 0000000000005a00f8000000000000004a00f8000000000000005a00f8000000000000004a00f8000000000000005a00f8000000000000005a00f8000000000000004a00f8000000000000005a00f8000000000000005a00f8000000000000005a00f8000000000000004a00f8000000000000004a00f8000000000000004a00
02:10:56.291 [DEBUG] [serial] Sin header 0xAA, descartando 128 bytes: 0000000000005a00f800000000000000
02:10:56.300 [DEBUG] [serial] RX 128 bytes: f8000000000000005a00f8000000000000005a00f8000000000000004a00f8000000000000005a00f8000000000000005a00f8000000000000004a00f8000000000000005a00f8000000000000004a00f8000000000000005a00f8000000000000004a00f8000000000000004a00f8000000000000005a00f800000000000000
02:10:56.300 [DEBUG] [serial] Sin header 0xAA, descartando 128 bytes: f8000000000000005a00f80000000000
02:10:56.310 [DEBUG] [serial] RX 128 bytes: 5a00f8000000000000004a00f8000000000000005a00f8000000000000005a00f8000000000000005a00f8000000000000004a00f8000000000000005a00f8000000000000004a00f8000000000000004a00f8000000000000005a00f8000000000000004a00f8000000000000005a00f8000000000000005a00f80000000000
02:10:56.311 [DEBUG] [serial] Sin header 0xAA, descartando 128 bytes: 5a00f8000000000000004a00f8000000
02:10:56.319 [DEBUG] [serial] RX 128 bytes: 00005a00f8000000000000004a00f8000000000000005a00f8000000000000004a00f8000000000000005a00f8000000000000005a00f8000000000000005a00f8000000000000005a00f8000000000000005a00f8000000000000005a00f8000000000000004a00f8000000000000004a00f8000000000000005a00f8000000
02:10:56.319 [DEBUG] [serial] Sin header 0xAA, descartando 128 bytes: 00005a00f8000000000000004a00f800
02:10:56.329 [DEBUG] [serial] RX 128 bytes: 000000005a00f8000000000000004a00f8000000000000004a00f8000000000000005a00f8000000000000004a00f8000000000000005a00f8000000000000005a00f8000000000000005a00f8000000000000005a00f8000000000000005a00f8000000000000005a00f8000000000000004a00f8000000000000004a00f800
02:10:56.329 [DEBUG] [serial] Sin header 0xAA, descartando 128 bytes: 000000005a00f8000000000000004a00
02:10:56.338 [DEBUG] [serial] RX 128 bytes: 0000000000005a00f8000000000000005a00f8000000000000005a00f8000000000000005a00f8000000000000004a00f8000000000000004a00f8000000000000005a00f8000000000000005a00f8000000000000004a00f8000000000000005a00f8000000000000004a00f8000000000000005a00f8000000000000005a00
02:10:56.339 [DEBUG] [serial] Sin header 0xAA, descartando 128 bytes: 0000000000005a00f800000000000000
02:10:56.348 [DEBUG] [serial] RX 128 bytes: f8000000000000005a00f8000000000000005a00f8000000000000004a00f8000000000000005a00f8000000000000005a00f8000000000000004a00f8000000000000005a00f8000000000000005a00f8000000000000004a00f8000000000000005a00f8000000000000004a00f8000000000000005a00f800000000000000
02:10:56.348 [DEBUG] [serial] Sin header 0xAA, descartando 128 bytes: f8000000000000005a00f80000000000
02:10:56.358 [DEBUG] [serial] RX 128 bytes: 4a00f8000000000000005a00f8000000000000004a00f8000000000000005a00f8000000000000005a00f8000000000000005a00f8000000000000005a00f8000000000000005a00f8000000000000004a00f8000000000000005a00f8000000000000004a00f8000000000000005a00f8000000000000005a00f80000000000
02:10:56.358 [DEBUG] [serial] Sin header 0xAA, descartando 128 bytes: 4a00f8000000000000005a00f8000000
02:10:56.367 [DEBUG] [serial] RX 128 bytes: 00005a00f8000000000000005a00f8000000000000005a00f8000000000000004a00f8000000000000005a00f8000000000000005a00f8000000000000005a00f8000000000000004a00f8000000000000005a00f8000000000000005a00f8000000000000005a00f8000000000000004a00f8000000000000005a00f8000000
02:10:56.367 [DEBUG] [serial] Sin header 0xAA, descartando 128 bytes: 00005a00f8000000000000005a00f800
02:10:56.377 [DEBUG] [serial] RX 128 bytes: 000000004a00f8000000000000005a00f8000000000000005a00f8000000000000004a00f8000000000000005a00f8000000000000005a00f8000000000000004a00f8000000000000005a00f8000000000000005a00f8000000000000005a00f8000000000000004a00f8000000000000005a00f8000000000000004a00f800
02:10:56.377 [DEBUG] [serial] Sin header 0xAA, descartando 128 bytes: 000000004a00f8000000000000005a00
02:10:56.386 [DEBUG] [serial] RX 128 bytes: 0000000000005a00f8000000000000005a00f8000000000000004a00f8000000000000004a00f8000000000000005a00f8000000000000005a00f8000000000000004a00f8000000000000005a00f8000000000000005a00f8000000000000005a00f8000000000000004a00f8000000000000005a00f8000000000000005a00
02:10:56.386 [DEBUG] [serial] Sin header 0xAA, descartando 128 bytes: 0000000000005a00f800000000000000
02:10:56.396 [DEBUG] [serial] RX 128 bytes: f8000000000000004a00f8000000000000005a00f8000000000000005a00f8000000000000004a00f8000000000000005a00f8000000000000004a00f8000000000000005a00f8000000000000005a00f8000000000000005a00f8000000000000004a00f8000000000000005a00f8000000000000005a00f800000000000000
02:10:56.396 [DEBUG] [serial] Sin header 0xAA, descartando 128 bytes: f8000000000000004a00f80000000000
02:10:56.406 [DEBUG] [serial] RX 128 bytes: 5a00f8000000000000005a00f8000000000000005a00f8000000000000004a00f8000000000000004a00f8000000000000005a00f8000000000000005a00f8000000000000005a00f8000000000000005a00f8000000000000004a00f8000000000000005a00f8000000000000005a00f8000000000000005a00f80000000000
02:10:56.406 [DEBUG] [serial] Sin header 0xAA, descartando 128 bytes: 5a00f8000000000000005a00f8000000
02:10:56.415 [DEBUG] [serial] RX 128 bytes: 00004a00f8000000000000005a00f8000000000000005a00f8000000000000004a00f8000000000000005a00f8000000000000005a00f8000000000000004a00f8000000000000005a00f8000000000000004a00f8000000000000005a00f8000000000000005a00f8000000000000005a00f8000000000000004a00f8000000
02:10:56.415 [DEBUG] [serial] Sin header 0xAA, descartando 128 bytes: 00004a00f8000000000000005a00f800
02:10:56.425 [DEBUG] [serial] RX 128 bytes: 000000005a00f8000000000000004a00f8000000000000005a00f8000000000000005a00f8000000000000005a00f8000000000000005a00f8000000000000005a00f8000000000000004a00f8000000000000005a00f8000000000000004a00f8000000000000005a00f8000000000000005a00f8000000000000005a00f800
02:10:56.425 [DEBUG] [serial] Sin header 0xAA, descartando 128 bytes: 000000005a00f8000000000000004a00
02:10:56.434 [DEBUG] [serial] RX 128 bytes: 0000000000005a00f8000000000000005a00f8000000000000005a00f8000000000000005a00f8000000000000005a00f8000000000000005a00f8000000000000004a00f8000000000000005a00f8000000000000004a00f8000000000000004a00f8000000000000004a00f8000000000000005a00f8000000000000005a00
02:10:56.434 [DEBUG] [serial] Sin header 0xAA, descartando 128 bytes: 0000000000005a00f800000000000000
02:10:56.444 [DEBUG] [serial] RX 128 bytes: f8000000000000005a00f8000000000000005a00f8000000000000005a00f8000000000000004a00f8000000000000005a00f8000000000000005a00f8000000000000004a00f8000000000000005a00f8000000000000004a00f8000000000000005a00f8000000000000005a00f8000000000000004a00f800000000000000
02:10:56.444 [DEBUG] [serial] Sin header 0xAA, descartando 128 bytes: f8000000000000005a00f80000000000
02:10:56.453 [DEBUG] [serial] RX 128 bytes: 4a00f8000000000000005a00f8000000000000004a00f8000000000000005a00f8000000000000005a00f8000000000000004a00f8000000000000005a00f8000000000000005a00f8000000000000005a00f8000000000000004a00f8000000000000004a00f8000000000000004a00f8000000000000005a00f80000000000
02:10:56.453 [DEBUG] [serial] Sin header 0xAA, descartando 128 bytes: 4a00f8000000000000005a00f8000000
02:10:56.463 [DEBUG] [serial] RX 128 bytes: 00005a00f8000000000000005a00f8000000000000005a00f8000000000000005a00f8000000000000005a00f8000000000000005a00f8000000000000004a00f8000000000000005a00f8000000000000004a00f8000000000000005a00f8000000000000005a00f8000000000000004a00f8000000000000005a00f8000000
02:10:56.463 [DEBUG] [serial] Sin header 0xAA, descartando 128 bytes: 00005a00f8000000000000005a00f800
02:10:56.474 [DEBUG] [serial] RX 128 bytes: 000000005a00f8000000000000004a00f8000000000000005a00f8000000000000005a00f8000000000000005a00f8000000000000004a00f8000000000000004a00f8000000000000004a00f8000000000000005a00f8000000000000004a00f8000000000000005a00f8000000000000004a00f8000000000000005a00f800
02:10:56.477 [DEBUG] [serial] Sin header 0xAA, descartando 128 bytes: 000000005a00f8000000000000004a00
02:10:56.482 [DEBUG] [serial] RX 128 bytes: 0000000000004a00f8000000000000004a00f8000000000000005a00f8000000000000004a00f8000000000000005a00f8000000000000005a00f8000000000000005a00f8000000000000005a00f8000000000000004a00f8000000000000005a00f8000000000000005a00f8000000000000004a00f8000000000000005a00
02:10:56.485 [DEBUG] [serial] Sin header 0xAA, descartando 128 bytes: 0000000000004a00f800000000000000
02:10:56.491 [DEBUG] [serial] RX 128 bytes: f8000000000000005a00f8000000000000005a00f8000000000000004a00f8000000000000005a00f8000000000000005a00f8000000000000004a00f8000000000000004a00f8000000000000005a00f8000000000000005a00f8000000000000004a00f8000000000000004a00f8000000000000005a00f800000000000000
02:10:56.492 [DEBUG] [serial] Sin header 0xAA, descartando 128 bytes: f8000000000000005a00f80000000000
02:10:56.501 [DEBUG] [serial] RX 128 bytes: 5a00f8000000000000005a00f8000000000000004a00f8000000000000005a00f8000000000000005a00f8000000000000005a00f8000000000000004a00f8000000000000005a00f8000000000000005a00f8000000000000005a00f8000000000000005a00f8000000000000004a00f8000000000000005a00f80000000000
02:10:56.503 [DEBUG] [serial] Sin header 0xAA, descartando 128 bytes: 5a00f8000000000000005a00f8000000
02:10:56.511 [DEBUG] [serial] RX 128 bytes: 00005a00f8000000000000005a00f8000000000000004a00f8000000000000005a00f8000000000000004a00f8000000000000005a00f8000000000000004a00f8000000000000005a00f8000000000000005a00f8000000000000004a00f8000000000000004a00f8000000000000004a00f8000000000000005a00f8000000
02:10:56.511 [DEBUG] [serial] Sin header 0xAA, descartando 128 bytes: 00005a00f8000000000000005a00f800
02:10:56.520 [DEBUG] [serial] RX 128 bytes: 000000005a00f8000000000000004a00f8000000000000004a00f8000000000000005a00f8000000000000005a00f8000000000000005a00f8000000000000004a00f8000000000000005a00f8000000000000005a00f8000000000000005a00f8000000000000004a00f8000000000000005a00f8000000000000005a00f800
02:10:56.521 [DEBUG] [serial] Sin header 0xAA, descartando 128 bytes: 000000005a00f8000000000000004a00
02:10:56.530 [DEBUG] [serial] RX 128 bytes: 0000000000005a00f8000000000000005a00f8000000000000004a00f8000000000000005a00f8000000000000005a00f8000000000000005a00f8000000000000004a00f8000000000000005a00f8000000000000005a00f8000000000000004a00f8000000000000005a00f8000000000000004a00f8000000000000005a00
02:10:56.530 [DEBUG] [serial] Sin header 0xAA, descartando 128 bytes: 0000000000005a00f800000000000000
02:10:56.539 [DEBUG] [serial] RX 128 bytes: f8000000000000004a00f8000000000000004a00f8000000000000005a00f8000000000000004a00f8000000000000005a00f8000000000000005a00f8000000000000005a00f8000000000000005a00f8000000000000005a00f8000000000000005a00f8000000000000004a00f8000000000000005a00f800000000000000
02:10:56.540 [DEBUG] [serial] Sin header 0xAA, descartando 128 bytes: f8000000000000004a00f80000000000
02:10:56.549 [DEBUG] [serial] RX 128 bytes: 5a00f8000000000000004a00f8000000000000004a00f8000000000000005a00f8000000000000005a00f8000000000000004a00f8000000000000005a00f8000000000000004a00f8000000000000004a00f8000000000000005a00f8000000000000005a00f8000000000000005a00f8000000000000004a00f80000000000
02:10:56.550 [DEBUG] [serial] Sin header 0xAA, descartando 128 bytes: 5a00f8000000000000004a00f8000000
02:10:56.559 [DEBUG] [serial] RX 128 bytes: 00005a00f8000000000000005a00f8000000000000004a00f8000000000000004a00f8000000000000005a00f8000000000000004a00f8000000000000005a00f8000000000000005a00f8000000000000005a00f8000000000000005a00f8000000000000004a00f8000000000000005a00f8000000000000004a00f8000000
02:10:56.559 [DEBUG] [serial] Sin header 0xAA, descartando 128 bytes: 00005a00f8000000000000005a00f800
02:10:56.568 [DEBUG] [serial] RX 128 bytes: 000000004a00f8000000000000005a00f8000000000000004a00f8000000000000005a00f8000000000000005a00f8000000000000004a00f8000000000000004a00f8000000000000005a00f8000000000000005a00f8000000000000005a00f8000000000000005a00f8000000000000004a00f8000000000000004a00f800
02:10:56.569 [DEBUG] [serial] Sin header 0xAA, descartando 128 bytes: 000000004a00f8000000000000005a00
02:10:56.578 [DEBUG] [serial] RX 128 bytes: 0000000000005a00f8000000000000005a00f8000000000000005a00f8000000000000004a00f8000000000000005a00f8000000000000005a00f8000000000000004a00f8000000000000005a00f8000000000000005a00f8000000000000005a00f8000000000000004a00f8000000000000005a00f8000000000000005a00
02:10:56.578 [DEBUG] [serial] Sin header 0xAA, descartando 128 bytes: 0000000000005a00f800000000000000
02:10:56.587 [DEBUG] [serial] RX 128 bytes: f8000000000000005a00f8000000000000005a00f8000000000000005a00f8000000000000005a00f8000000000000005a00f8000000000000004a00f8000000000000004a00f8000000000000005a00f8000000000000005a00f8000000000000005a00f8000000000000005a00f8000000000000005a00f800000000000000
02:10:56.588 [DEBUG] [serial] Sin header 0xAA, descartando 128 bytes: f8000000000000005a00f80000000000
02:10:56.597 [DEBUG] [serial] RX 128 bytes: 4a00f8000000000000004a00f8000000000000005a00f8000000000000005a00f8000000000000005a00f8000000000000004a00f8000000000000005a00f8000000000000005a00f8000000000000005a00f8000000000000004a00f8000000000000005a00f8000000000000005a00f8000000000000005a00f80000000000
02:10:56.597 [DEBUG] [serial] Sin header 0xAA, descartando 128 bytes: 4a00f8000000000000004a00f8000000
02:10:56.607 [DEBUG] [serial] RX 128 bytes: 00004a00f8000000000000005a00f8000000000000005a00f8000000000000004a00f8000000000000005a00f8000000000000005a00f8000000000000004a00f8000000000000004a00f8000000000000005a00f8000000000000005a00f8000000000000004a00f8000000000000004a00f8000000000000005a00f8000000
02:10:56.607 [DEBUG] [serial] Sin header 0xAA, descartando 128 bytes: 00004a00f8000000000000005a00f800
02:10:56.617 [DEBUG] [serial] RX 128 bytes: 000000005a00f8000000000000004a00f8000000000000005a00f8000000000000005a00f8000000000000004a00f8000000000000005a00f8000000000000005a00f8000000000000005a00f8000000000000005a00f8000000000000005a00f8000000000000005a00f8000000000000005a00f8000000000000005a00f800
02:10:56.617 [DEBUG] [serial] Sin header 0xAA, descartando 128 bytes: 000000005a00f8000000000000004a00
02:10:56.626 [DEBUG] [serial] RX 128 bytes: 0000000000005a00f8000000000000004a00f8000000000000005a00f8000000000000005a00f8000000000000005a00f8000000000000004a00f8000000000000005a00f8000000000000004a00f8000000000000005a00f8000000000000004a00f8000000000000005a00f8000000000000005a00f8000000000000004a00
02:10:56.626 [DEBUG] [serial] Sin header 0xAA, descartando 128 bytes: 0000000000005a00f800000000000000
02:10:56.635 [DEBUG] [serial] RX 128 bytes: f8000000000000004a00f8000000000000005a00f8000000000000005a00f8000000000000004a00f8000000000000005a00f8000000000000005a00f8000000000000004a00f8000000000000005a00f8000000000000005a00f8000000000000005a00f8000000000000005a00f8000000000000005a00f800000000000000
02:10:56.636 [DEBUG] [serial] Sin header 0xAA, descartando 128 bytes: f8000000000000004a00f80000000000
02:10:56.645 [DEBUG] [serial] RX 128 bytes: 5a00f8000000000000005a00f8000000000000005a00f8000000000000004a00f8000000000000005a00f8000000000000004a00f8000000000000004a00f8000000000000005a00f8000000000000005a00f8000000000000004a00f8000000000000005a00f8000000000000004a00f8000000000000004a00f80000000000
02:10:56.645 [DEBUG] [serial] Sin header 0xAA, descartando 128 bytes: 5a00f8000000000000005a00f8000000
02:10:56.655 [DEBUG] [serial] RX 128 bytes: 00005a00f8000000000000005a00f8000000000000004a00f8000000000000005a00f8000000000000005a00f8000000000000005a00f8000000000000005a00f8000000000000005a00f8000000000000004a00f8000000000000005a00f8000000000000005a00f8000000000000004a00f8000000000000004a00f8000000
02:10:56.655 [DEBUG] [serial] Sin header 0xAA, descartando 128 bytes: 00005a00f8000000000000005a00f800
02:10:56.664 [DEBUG] [serial] RX 128 bytes: 000000005a00f8000000000000005a00f8000000000000005a00f8000000000000004a00f8000000000000004a00f8000000000000005a00f8000000000000005a00f8000000000000005a00f8000000000000005a00f8000000000000005a00f8000000000000005a00f8000000000000005a00f8000000000000005a00f800
02:10:56.665 [DEBUG] [serial] Sin header 0xAA, descartando 128 bytes: 000000005a00f8000000000000005a00
02:10:56.674 [DEBUG] [serial] RX 128 bytes: 0000000000004a00f8000000000000004a00f8000000000000005a00f8000000000000004a00f8000000000000005a00f8000000000000005a00f8000000000000004a00f8000000000000005a00f8000000000000005a00f8000000000000005a00f8000000000000005a00f8000000000000004a00f8000000000000005a00
02:10:56.674 [DEBUG] [serial] Sin header 0xAA, descartando 128 bytes: 0000000000004a00f800000000000000
02:10:56.683 [DEBUG] [serial] RX 128 bytes: f8000000000000004a00f8000000000000005a00f8000000000000005a00f8000000000000005a00f8000000000000005a00f8000000000000004a00f8000000000000005a00f8000000000000004a00f8000000000000005a00f8000000000000005a00f8000000000000005a00f8000000000000005a00f800000000000000
02:10:56.683 [DEBUG] [serial] Sin header 0xAA, descartando 128 bytes: f8000000000000004a00f80000000000
02:10:56.693 [DEBUG] [serial] RX 128 bytes: 5a00f8000000000000004a00f8000000000000005a00f8000000000000005a00f8000000000000004a00f8000000000000005a00f8000000000000005a00f8000000000000005a00f8000000000000005a00f8000000000000005a00f8000000000000005a00f8000000000000004a00f8000000000000005a00f80000000000
02:10:56.693 [DEBUG] [serial] Sin header 0xAA, descartando 128 bytes: 5a00f8000000000000004a00f8000000
02:10:56.703 [DEBUG] [serial] RX 128 bytes: 00005a00f8000000000000005a00f8000000000000005a00f8000000000000004a00f8000000000000005a00f8000000000000005a00f8000000000000004a00f8000000000000005a00f8000000000000004a00f8000000000000004a00f8000000000000005a00f8000000000000004a00f8000000000000005a00f8000000
02:10:56.703 [DEBUG] [serial] Sin header 0xAA, descartando 128 bytes: 00005a00f8000000000000005a00f800
02:10:56.712 [DEBUG] [serial] RX 128 bytes: 000000005a00f8000000000000004a00f8000000000000005a00f8000000000000004a00f8000000000000005a00f8000000000000005a00f8000000000000005a00f8000000000000005a00f8000000000000005a00f8000000000000004a00f8000000000000005a00f8000000000000004a00f8000000000000005a00f800
02:10:56.712 [DEBUG] [serial] Sin header 0xAA, descartando 128 bytes: 000000005a00f8000000000000004a00
02:10:56.722 [DEBUG] [serial] RX 128 bytes: 0000000000005a00f8000000000000004a00f8000000000000005a00f8000000000000005a00f8000000000000005a00f8000000000000005a00f8000000000000004a00f8000000000000004a00f8000000000000005a00f8000000000000004a00f8000000000000005a00f8000000000000004a00f8000000000000005a00
02:10:56.722 [DEBUG] [serial] Sin header 0xAA, descartando 128 bytes: 0000000000005a00f800000000000000
02:10:56.731 [DEBUG] [serial] RX 128 bytes: f8000000000000005a00f8000000000000005a00f8000000000000005a00f8000000000000004a00f8000000000000005a00f8000000000000005a00f8000000000000005a00f8000000000000004a00f8000000000000005a00f8000000000000005a00f8000000000000005a00f8000000000000005a00f800000000000000
02:10:56.732 [DEBUG] [serial] Sin header 0xAA, descartando 128 bytes: f8000000000000005a00f80000000000
02:10:56.741 [DEBUG] [serial] RX 128 bytes: 5a00f8000000000000004a00f8000000000000004a00f8000000000000005a00f8000000000000005a00f8000000000000005a00f8000000000000005a00f8000000000000004a00f8000000000000004a00f8000000000000005a00f8000000000000005a00f8000000000000004a00f8000000000000005a00f80000000000
02:10:56.741 [DEBUG] [serial] Sin header 0xAA, descartando 128 bytes: 5a00f8000000000000004a00f8000000
02:10:56.751 [DEBUG] [serial] RX 128 bytes: 00004a00f8000000000000005a00f8000000000000005a00f8000000000000004a00f8000000000000005a00f8000000000000005a00f8000000000000004a00f8000000000000005a00f8000000000000005a00f8000000000000005a00f8000000000000004a00f8000000000000005a00f8000000000000005a00f8000000
02:10:56.751 [DEBUG] [serial] Sin header 0xAA, descartando 128 bytes: 00004a00f8000000000000005a00f800
02:10:56.760 [DEBUG] [serial] RX 128 bytes: 000000004a00f8000000000000005a00f8000000000000005a00f8000000000000004a00f8000000000000005a00f8000000000000005a00f8000000000000004a00f8000000000000004a00f8000000000000004a00f8000000000000004a00f8000000000000004a00f8000000000000005a00f8000000000000004a00f800
02:10:56.760 [DEBUG] [serial] Sin header 0xAA, descartando 128 bytes: 000000004a00f8000000000000005a00
02:10:56.770 [DEBUG] [serial] RX 128 bytes: 0000000000005a00f8000000000000005a00f8000000000000005a00f8000000000000004a00f8000000000000005a00f8000000000000005a00f8000000000000004a00f8000000000000005a00f8000000000000005a00f8000000000000004a00f8000000000000005a00f8000000000000005a00f8000000000000004a00
02:10:56.770 [DEBUG] [serial] Sin header 0xAA, descartando 128 bytes: 0000000000005a00f800000000000000
02:10:56.781 [DEBUG] [serial] RX 128 bytes: f8000000000000004a00f8000000000000005a00f8000000000000004a00f8000000000000005a00f8000000000000004a00f8000000000000005a00f8000000000000005a00f8000000000000004a00f8000000000000005a00f8000000000000004a00f8000000000000005a00f8000000000000004a00f800000000000000
02:10:56.781 [DEBUG] [serial] Sin header 0xAA, descartando 128 bytes: f8000000000000004a00f80000000000
02:10:56.789 [DEBUG] [serial] RX 128 bytes: 5a00f8000000000000004a00f8000000000000005a00f8000000000000005a00f8000000000000004a00f8000000000000005a00f8000000000000005a00f8000000000000005a00f8000000000000005a00f8000000000000004a00f8000000000000005a00f8000000000000004a00f8000000000000005a00f80000000000
02:10:56.789 [DEBUG] [serial] Sin header 0xAA, descartando 128 bytes: 5a00f8000000000000004a00f8000000
02:10:56.798 [DEBUG] [serial] RX 128 bytes: 00005a00f8000000000000004a00f8000000000000005a00f8000000000000005a00f8000000000000005a00f8000000000000005a00f8000000000000005a00f8000000000000005a00f8000000000000004a00f8000000000000004a00f8000000000000004a00f8000000000000004a00f8000000000000005a00f8000000
02:10:56.799 [DEBUG] [serial] Sin header 0xAA, descartando 128 bytes: 00005a00f8000000000000004a00f800
02:10:56.808 [DEBUG] [serial] RX 128 bytes: 000000005a00f8000000000000004a00f8000000000000005a00f8000000000000005a00f8000000000000004a00f8000000000000004a00f8000000000000005a00f8000000000000005a00f8000000000000004a00f8000000000000005a00f8000000000000005a00f8000000000000005a00f8000000000000005a00f800
02:10:56.808 [DEBUG] [serial] Sin header 0xAA, descartando 128 bytes: 000000005a00f8000000000000004a00
02:10:56.818 [DEBUG] [serial] RX 128 bytes: 0000000000004a00f8000000000000004a00f8000000000000005a00f8000000000000004a00f8000000000000005a00f8000000000000005a00f8000000000000004a00f8000000000000004a00f8000000000000005a00f8000000000000005a00f8000000000000004a00f8000000000000005a00f8000000000000004a00
02:10:56.818 [DEBUG] [serial] Sin header 0xAA, descartando 128 bytes: 0000000000004a00f800000000000000
02:10:56.827 [DEBUG] [serial] RX 128 bytes: f8000000000000005a00f8000000000000004a00f8000000000000005a00f8000000000000005a00f8000000000000005a00f8000000000000004a00f8000000000000005a00f8000000000000004a00f8000000000000005a00f8000000000000004a00f8000000000000005a00f8000000000000004a00f800000000000000
02:10:56.827 [DEBUG] [serial] Sin header 0xAA, descartando 128 bytes: f8000000000000005a00f80000000000
02:10:56.837 [DEBUG] [serial] RX 128 bytes: 5a00f8000000000000005a00f8000000000000004a00f8000000000000005a00f8000000000000004a00f8000000000000005a00f8000000000000004a00f8000000000000004a00f8000000000000005a00f8000000000000004a00f8000000000000005a00f8000000000000005a00f8000000000000005a00f80000000000
02:10:56.837 [DEBUG] [serial] Sin header 0xAA, descartando 128 bytes: 5a00f8000000000000005a00f8000000
02:10:56.846 [DEBUG] [serial] RX 128 bytes: 00005a00f8000000000000004a00f8000000000000005a00f8000000000000004a00f8000000000000005a00f8000000000000005a00f8000000000000005a00f8000000000000005a00f8000000000000005a00f8000000000000004a00f8000000000000005a00f8000000000000004a00f8000000000000005a00f8000000
02:10:56.847 [DEBUG] [serial] Sin header 0xAA, descartando 128 bytes: 00005a00f8000000000000004a00f800
02:10:56.856 [DEBUG] [serial] RX 128 bytes: 000000005a00f8000000000000005a00f8000000000000004a00f8000000000000005a00f8000000000000005a00f8000000000000005a00f8000000000000004a00f8000000000000005a00f8000000000000005a00f8000000000000005a00f8000000000000004a00f8000000000000005a00f8000000000000005a00f800
02:10:56.856 [DEBUG] [serial] Sin header 0xAA, descartando 128 bytes: 000000005a00f8000000000000005a00
02:10:56.866 [DEBUG] [serial] RX 128 bytes: 0000000000005a00f8000000000000005a00f8000000000000005a00f8000000000000004a00f8000000000000005a00f8000000000000005a00f8000000000000004a00f8000000000000005a00f8000000000000005a00f8000000000000005a00f8000000000000005a00f8000000000000004a00f8000000000000005a00
02:10:56.866 [DEBUG] [serial] Sin header 0xAA, descartando 128 bytes: 0000000000005a00f800000000000000
02:10:56.876 [DEBUG] [serial] RX 128 bytes: f8000000000000005a00f8000000000000004a00f8000000000000005a00f8000000000000004a00f8000000000000005a00f8000000000000005a00f8000000000000005a00f8000000000000004a00f8000000000000005a00f8000000000000005a00f8000000000000005a00f8000000000000004a00f800000000000000
02:10:56.877 [DEBUG] [serial] Sin header 0xAA, descartando 128 bytes: f8000000000000005a00f80000000000
02:10:56.885 [DEBUG] [serial] RX 128 bytes: 5a00f8000000000000004a00f8000000000000005a00f8000000000000004a00f8000000000000005a00f8000000000000005a00f8000000000000004a00f8000000000000005a00f8000000000000005a00f8000000000000005a00f8000000000000005a00f8000000000000004a00f8000000000000005a00f80000000000
02:10:56.885 [DEBUG] [serial] Sin header 0xAA, descartando 128 bytes: 5a00f8000000000000004a00f8000000
02:10:56.894 [DEBUG] [serial] RX 128 bytes: 00004a00f8000000000000005a00f8000000000000004a00f8000000000000005a00f8000000000000004a00f8000000000000005a00f8000000000000004a00f8000000000000005a00f8000000000000004a00f8000000000000005a00f8000000000000004a00f8000000000000005a00f8000000000000005a00f8000000
02:10:56.895 [DEBUG] [serial] Sin header 0xAA, descartando 128 bytes: 00004a00f8000000000000005a00f800
02:10:56.904 [DEBUG] [serial] RX 128 bytes: 000000005a00f8000000000000004a00f8000000000000005a00f8000000000000004a00f8000000000000005a00f8000000000000005a00f8000000000000004a00f8000000000000005a00f8000000000000005a00f8000000000000005a00f8000000000000005a00f8000000000000005a00f8000000000000005a00f800
02:10:56.904 [DEBUG] [serial] Sin header 0xAA, descartando 128 bytes: 000000005a00f8000000000000004a00
02:10:56.914 [DEBUG] [serial] RX 128 bytes: 0000000000005a00f8000000000000004a00f8000000000000004a00f8000000000000005a00f8000000000000005a00f8000000000000005a00f8000000000000005a00f8000000000000005a00f8000000000000004a00f8000000000000005a00f8000000000000004a00f8000000000000005a00f8000000000000005a00
02:10:56.914 [DEBUG] [serial] Sin header 0xAA, descartando 128 bytes: 0000000000005a00f800000000000000
02:10:56.923 [DEBUG] [serial] RX 128 bytes: f8000000000000004a00f8000000000000005a00f8000000000000004a00f8000000000000004a00f8000000000000005a00f8000000000000005a00f8000000000000004a00f8000000000000005a00f8000000000000004a00f8000000000000005a00f8000000000000004a00f8000000000000005a00f800000000000000
02:10:56.923 [DEBUG] [serial] Sin header 0xAA, descartando 128 bytes: f8000000000000004a00f80000000000
02:10:56.933 [DEBUG] [serial] RX 128 bytes: 5a00f8000000000000004a00f8000000000000005a00f8000000000000004a00f8000000000000005a00f8000000000000005a00f8000000000000005a00f8000000000000004a00f8000000000000005a00f8000000000000005a00f8000000000000005a00f8000000000000005a00f8000000000000004a00f80000000000
02:10:56.933 [DEBUG] [serial] Sin header 0xAA, descartando 128 bytes: 5a00f8000000000000004a00f8000000
02:10:56.942 [DEBUG] [serial] RX 128 bytes: 00005a00f8000000000000005a00f8000000000000005a00f8000000000000005a00f8000000000000004a00f8000000000000005a00f8000000000000005a00f8000000000000005a00f8000000000000004a00f8000000000000005a00f8000000000000004a00f8000000000000005a00f8000000000000005a00f8000000
02:10:56.943 [DEBUG] [serial] Sin header 0xAA, descartando 128 bytes: 00005a00f8000000000000005a00f800
02:10:56.952 [DEBUG] [serial] RX 128 bytes: 000000005a00f8000000000000005a00f8000000000000005a00f8000000000000004a00f8000000000000005a00f8000000000000004a00f8000000000000005a00f8000000000000005a00f8000000000000004a00f8000000000000005a00f8000000000000005a00f8000000000000005a00f8000000000000005a00f800
02:10:56.952 [DEBUG] [serial] Sin header 0xAA, descartando 128 bytes: 000000005a00f8000000000000005a00
02:10:56.962 [DEBUG] [serial] RX 128 bytes: 0000000000005a00f8000000000000005a00f8000000000000004a00f8000000000000005a00f8000000000000005a00f8000000000000004a00f8000000000000005a00f8000000000000005a00f8000000000000005a00f8000000000000004a00f8000000000000005a00f8000000000000005a00f8000000000000005a00
02:10:56.962 [DEBUG] [serial] Sin header 0xAA, descartando 128 bytes: 0000000000005a00f800000000000000
02:10:56.971 [DEBUG] [serial] RX 128 bytes: f8000000000000005a00f8000000000000004a00f8000000000000005a00f8000000000000005a00f8000000000000004a00f8000000000000005a00f8000000000000005a00f8000000000000005a00f8000000000000004a00f8000000000000005a00f8000000000000005a00f8000000000000004a00f800000000000000
02:10:56.971 [DEBUG] [serial] Sin header 0xAA, descartando 128 bytes: f8000000000000005a00f80000000000
02:10:56.981 [DEBUG] [serial] RX 128 bytes: 5a00f8000000000000004a00f8000000000000005a00f8000000000000004a00f8000000000000005a00f8000000000000004a00f8000000000000005a00f8000000000000004a00f8000000000000004a00f8000000000000005a00f8000000000000004a00f8000000000000005a00f8000000000000004a00f80000000000
02:10:56.981 [DEBUG] [serial] Sin header 0xAA, descartando 128 bytes: 5a00f8000000000000004a00f8000000
02:10:56.990 [DEBUG] [serial] RX 128 bytes: 00005a00f8000000000000004a00f8000000000000005a00f8000000000000004a00f8000000000000005a00f8000000000000005a00f8000000000000004a00f8000000000000005a00f8000000000000005a00f8000000000000004a00f8000000000000005a00f8000000000000005a00f8000000000000004a00f8000000
02:10:56.990 [DEBUG] [serial] Sin header 0xAA, descartando 128 bytes: 00005a00f8000000000000004a00f800
02:10:57.000 [DEBUG] [serial] RX 128 bytes: 000000005a00f8000000000000004a00f8000000000000005a00f8000000000000005a00f8000000000000005a00f8000000000000005a00f8000000000000004a00f8000000000000005a00f8000000000000005a00f8000000000000005a00f8000000000000004a00f8000000000000005a00f8000000000000005a00f800
02:10:57.000 [DEBUG] [serial] Sin header 0xAA, descartando 128 bytes: 000000005a00f8000000000000004a00
02:10:57.010 [DEBUG] [serial] RX 128 bytes: 0000000000005a00f8000000000000005a00f8000000000000005a00f8000000000000004a00f8000000000000005a00f8000000000000004a00f8000000000000005a00f8000000000000005a00f8000000000000004a00f8000000000000005a00f8000000000000004a00f8000000000000005a00f8000000000000005a00
02:10:57.010 [DEBUG] [serial] Sin header 0xAA, descartando 128 bytes: 0000000000005a00f800000000000000
02:10:57.019 [DEBUG] [serial] RX 128 bytes: f8000000000000004a00f8000000000000005a00f8000000000000004a00f8000000000000005a00f8000000000000005a00f8000000000000004a00f8000000000000005a00f8000000000000005a00f8000000000000004a00f8000000000000004a00f8000000000000005a00f8000000000000005a00f800000000000000
02:10:57.019 [DEBUG] [serial] Sin header 0xAA, descartando 128 bytes: f8000000000000004a00f80000000000
02:10:57.029 [DEBUG] [serial] RX 128 bytes: 5a00f8000000000000005a00f8000000000000004a00f8000000000000005a00f8000000000000004a00f8000000000000004a00f8000000000000005a00f8000000000000005a00f8000000000000004a00f8000000000000005a00f8000000000000004a00f8000000000000005a00f8000000000000004a00f80000000000
02:10:57.029 [DEBUG] [serial] Sin header 0xAA, descartando 128 bytes: 5a00f8000000000000005a00f8000000
02:10:57.038 [DEBUG] [serial] RX 128 bytes: 00005a00f8000000000000005a00f8000000000000004a00f8000000000000005a00f8000000000000004a00f8000000000000005a00f8000000000000004a00f8000000000000005a00f8000000000000005a00f8000000000000005a00f8000000000000005a00f8000000000000004a00f8000000000000005a00f8000000
02:10:57.038 [DEBUG] [serial] Sin header 0xAA, descartando 128 bytes: 00005a00f8000000000000005a00f800
02:10:57.048 [DEBUG] [serial] RX 128 bytes: 000000005a00f8000000000000004a00f8000000000000005a00f8000000000000005a00f8000000000000004a00f8000000000000005a00f8000000000000004a00f8000000000000005a00f8000000000000005a00f8000000000000004a00f8000000000000004a00f8000000000000005a00f8000000000000005a00f800
02:10:57.048 [DEBUG] [serial] Sin header 0xAA, descartando 128 bytes: 000000005a00f8000000000000004a00
02:10:57.058 [DEBUG] [serial] RX 128 bytes: 0000000000005a00f8000000000000004a00f8000000000000005a00f8000000000000005a00f8000000000000004a00f8000000000000004a00f8000000000000005a00f8000000000000005a00f8000000000000004a00f8000000000000005a00f8000000000000005a00f8000000000000004a00f8000000000000005a00
02:10:57.058 [DEBUG] [serial] Sin header 0xAA, descartando 128 bytes: 0000000000005a00f800000000000000
02:10:57.067 [DEBUG] [serial] RX 128 bytes: f8000000000000005a00f8000000000000004a00f8000000000000004a00f8000000000000005a00f8000000000000005a00f8000000000000005a00f8000000000000004a00f8000000000000005a00f8000000000000005a00f8000000000000004a00f8000000000000004a00f8000000000000005a00f800000000000000
02:10:57.067 [DEBUG] [serial] Sin header 0xAA, descartando 128 bytes: f8000000000000005a00f80000000000
02:10:57.077 [DEBUG] [serial] RX 128 bytes: 4a00f8000000000000005a00f8000000000000005a00f8000000000000005a00f8000000000000005a00f8000000000000004a00f8000000000000004a00f8000000000000005a00f8000000000000005a00f8000000000000004a00f8000000000000005a00f8000000000000005a00f8000000000000005a00f80000000000
02:10:57.077 [DEBUG] [serial] Sin header 0xAA, descartando 128 bytes: 4a00f8000000000000005a00f8000000
02:10:57.086 [DEBUG] [serial] RX 128 bytes: 00004a00f8000000000000005a00f8000000000000004a00f8000000000000004a00f8000000000000005a00f8000000000000004a00f8000000000000005a00f8000000000000004a00f8000000000000005a00f8000000000000004a00f8000000000000005a00f8000000000000005a00f8000000000000004a00f8000000
02:10:57.086 [DEBUG] [serial] Sin header 0xAA, descartando 128 bytes: 00004a00f8000000000000005a00f800
02:10:57.096 [DEBUG] [serial] RX 128 bytes: 000000005a00f8000000000000004a00f8000000000000005a00f8000000000000004a00f8000000000000005a00f8000000000000005a00f8000000000000004a00f8000000000000005a00f8000000000000005a00f8000000000000005a00f8000000000000004a00f8000000000000005a00f8000000000000004a00f800
02:10:57.096 [DEBUG] [serial] Sin header 0xAA, descartando 128 bytes: 000000005a00f8000000000000004a00
02:10:57.105 [DEBUG] [serial] RX 128 bytes: 0000000000005a00f8000000000000004a00f8000000000000005a00f8000000000000005a00f8000000000000005a00f8000000000000004a00f8000000000000005a00f8000000000000005a00f8000000000000005a00f8000000000000004a00f8000000000000004a00f8000000000000005a00f8000000000000004a00
02:10:57.106 [DEBUG] [serial] Sin header 0xAA, descartando 128 bytes: 0000000000005a00f800000000000000
02:10:57.115 [DEBUG] [serial] RX 128 bytes: f8000000000000005a00f8000000000000004a00f8000000000000005a00f8000000000000005a00f8000000000000004a00f8000000000000005a00f8000000000000004a00f8000000000000005a00f8000000000000005a00f8000000000000004a00f8000000000000005a00f8000000000000004a00f800000000000000
02:10:57.115 [DEBUG] [serial] Sin header 0xAA, descartando 128 bytes: f8000000000000005a00f80000000000
02:10:57.124 [DEBUG] [serial] RX 128 bytes: 5a00f8000000000000005a00f8000000000000004a00f8000000000000005a00f8000000000000004a00f8000000000000005a00f8000000000000004a00f8000000000000005a00f8000000000000005a00f8000000000000005a00f8000000000000005a00f8000000000000004a00f8000000000000005a00f80000000000
02:10:57.125 [DEBUG] [serial] Sin header 0xAA, descartando 128 bytes: 5a00f8000000000000005a00f8000000
02:10:57.134 [DEBUG] [serial] RX 128 bytes: 00004a00f8000000000000004a00f8000000000000005a00f8000000000000005a00f8000000000000004a00f8000000000000004a00f8000000000000005a00f8000000000000005a00f8000000000000005a00f8000000000000005a00f8000000000000005a00f8000000000000004a00f8000000000000005a00f8000000
02:10:57.134 [DEBUG] [serial] Sin header 0xAA, descartando 128 bytes: 00004a00f8000000000000004a00f800
02:10:57.144 [DEBUG] [serial] RX 128 bytes: 000000005a00f8000000000000004a00f8000000000000005a00f8000000000000005a00f8000000000000005a00f8000000000000004a00f8000000000000005a00f8000000000000005a00f8000000000000004a00f8000000000000005a00f8000000000000004a00f8000000000000005a00f8000000000000005a00f800
02:10:57.144 [DEBUG] [serial] Sin header 0xAA, descartando 128 bytes: 000000005a00f8000000000000004a00
02:10:57.153 [DEBUG] [serial] RX 128 bytes: 0000000000005a00f8000000000000004a00f8000000000000005a00f8000000000000004a00f8000000000000005a00f8000000000000004a00f8000000000000005a00f8000000000000005a00f8000000000000005a00f8000000000000005a00f8000000000000005a00f8000000000000005a00f8000000000000004a00
02:10:57.154 [DEBUG] [serial] Sin header 0xAA, descartando 128 bytes: 0000000000005a00f800000000000000
02:10:57.163 [DEBUG] [serial] RX 128 bytes: f8000000000000005a00f8000000000000004a00f8000000000000005a00f8000000000000005a00f8000000000000005a00f8000000000000005a00f8000000000000005a00f8000000000000004a00f8000000000000005a00f8000000000000004a00f8000000000000005a00f8000000000000005a00f800000000000000
02:10:57.163 [DEBUG] [serial] Sin header 0xAA, descartando 128 bytes: f8000000000000005a00f80000000000
02:10:57.172 [DEBUG] [serial] RX 128 bytes: 5a00f8000000000000005a00f8000000000000004a00f8000000000000005a00f8000000000000005a00f8000000000000004a00f8000000000000005a00f8000000000000005a00f8000000000000004a00f8000000000000005a00f8000000000000005a00f8000000000000004a00f8000000000000005a00f80000000000
02:10:57.173 [DEBUG] [serial] Sin header 0xAA, descartando 128 bytes: 5a00f8000000000000005a00f8000000
02:10:57.182 [DEBUG] [serial] RX 128 bytes: 00005a00f8000000000000004a00f8000000000000005a00f8000000000000005a00f8000000000000005a00f8000000000000004a00f8000000000000005a00f8000000000000005a00f8000000000000005a00f8000000000000005a00f8000000000000005a00f8000000000000004a00f8000000000000005a00f8000000
02:10:57.182 [DEBUG] [serial] Sin header 0xAA, descartando 128 bytes: 00005a00f8000000000000004a00f800
02:10:57.192 [DEBUG] [serial] RX 128 bytes: 000000005a00f8000000000000005a00f8000000000000004a00f8000000000000005a00f8000000000000005a00f8000000000000005a00f8000000000000005a00f8000000000000004a00f8000000000000005a00f8000000000000004a00f8000000000000005a00f8000000000000005a00f8000000000000005a00f800
02:10:57.192 [DEBUG] [serial] Sin header 0xAA, descartando 128 bytes: 000000005a00f8000000000000005a00
02:10:57.201 [DEBUG] [serial] RX 128 bytes: 0000000000004a00f8000000000000005a00f8000000000000004a00f8000000000000005a00f8000000000000004a00f8000000000000005a00f8000000000000005a00f8000000000000004a00f8000000000000005a00f8000000000000005a00f8000000000000004a00f8000000000000005a00f8000000000000004a00
02:10:57.202 [DEBUG] [serial] Sin header 0xAA, descartando 128 bytes: 0000000000004a00f800000000000000
02:10:57.211 [DEBUG] [serial] RX 128 bytes: f8000000000000005a00f8000000000000005a00f8000000000000004a00f8000000000000005a00f8000000000000004a00f8000000000000005a00f8000000000000004a00f8000000000000005a00f8000000000000004a00f8000000000000005a00f8000000000000004a00f8000000000000005a00f800000000000000
02:10:57.211 [DEBUG] [serial] Sin header 0xAA, descartando 128 bytes: f8000000000000005a00f80000000000
02:10:57.220 [DEBUG] [serial] RX 128 bytes: 5a00f8000000000000005a00f8000000000000005a00f8000000000000004a00f8000000000000004a00f8000000000000005a00f8000000000000004a00f8000000000000005a00f8000000000000005a00f8000000000000004a00f8000000000000005a00f8000000000000005a00f8000000000000004a00f80000000000
02:10:57.221 [DEBUG] [serial] Sin header 0xAA, descartando 128 bytes: 5a00f8000000000000005a00f8000000
02:10:57.230 [DEBUG] [serial] RX 128 bytes: 00005a00f8000000000000004a00f8000000000000005a00f8000000000000005a00f8000000000000005a00f8000000000000005a00f8000000000000004a00f8000000000000005a00f8000000000000005a00f8000000000000005a00f8000000000000005a00f8000000000000004a00f8000000000000005a00f8000000
02:10:57.230 [DEBUG] [serial] Sin header 0xAA, descartando 128 bytes: 00005a00f8000000000000004a00f800
02:10:57.240 [DEBUG] [serial] RX 128 bytes: 000000005a00f8000000000000004a00f8000000000000005a00f8000000000000005a00f8000000000000005a00f8000000000000004a00f8000000000000005a00f8000000000000004a00f8000000000000005a00f8000000000000005a00f8000000000000004a00f8000000000000005a00f8000000000000005a00f800
02:10:57.240 [DEBUG] [serial] Sin header 0xAA, descartando 128 bytes: 000000005a00f8000000000000004a00
02:10:57.249 [DEBUG] [serial] RX 128 bytes: 0000000000005a00f8000000000000005a00f8000000000000005a00f8000000000000005a00f8000000000000004a00f8000000000000004a00f8000000000000005a00f8000000000000005a00f8000000000000004a00f8000000000000005a00f8000000000000004a00f8000000000000005a00f8000000000000004a00
02:10:57.250 [DEBUG] [serial] Sin header 0xAA, descartando 128 bytes: 0000000000005a00f800000000000000
02:10:57.259 [DEBUG] [serial] RX 128 bytes: f8000000000000005a00f8000000000000005a00f8000000000000004a00f8000000000000005a00f8000000000000005a00f8000000000000005a00f8000000000000004a00f8000000000000005a00f8000000000000005a00f8000000000000004a00f8000000000000005a00f8000000000000004a00f800000000000000
02:10:57.259 [DEBUG] [serial] Sin header 0xAA, descartando 128 bytes: f8000000000000005a00f80000000000
02:10:57.268 [DEBUG] [serial] RX 128 bytes: 5a00f8000000000000005a00f8000000000000005a00f8000000000000005a00f8000000000000005a00f8000000000000004a00f8000000000000005a00f8000000000000004a00f8000000000000005a00f8000000000000004a00f8000000000000005a00f8000000000000005a00f8000000000000004a00f80000000000
02:10:57.269 [DEBUG] [serial] Sin header 0xAA, descartando 128 bytes: 5a00f8000000000000005a00f8000000
02:10:57.278 [DEBUG] [serial] RX 128 bytes: 00005a00f8000000000000005a00f8000000000000005a00f8000000000000005a00f8000000000000004a00f8000000000000005a00f8000000000000004a00f8000000000000005a00f8000000000000004a00f8000000000000004a00f8000000000000005a00f8000000000000005a00f8000000000000004a00f8000000
02:10:57.278 [DEBUG] [serial] Sin header 0xAA, descartando 128 bytes: 00005a00f8000000000000005a00f800
02:10:57.288 [DEBUG] [serial] RX 128 bytes: 000000005a00f8000000000000004a00f8000000000000005a00f8000000000000004a00f8000000000000005a00f8000000000000004a00f8000000000000005a00f8000000000000004a00f8000000000000005a00f8000000000000004a00f8000000000000005a00f8000000000000004a00f8000000000000005a00f800
02:10:57.288 [DEBUG] [serial] Sin header 0xAA, descartando 128 bytes: 000000005a00f8000000000000004a00
02:10:57.297 [DEBUG] [serial] RX 128 bytes: 0000000000004a00f8000000000000005a00f8000000000000005a00f8000000000000004a00f8000000000000005a00f8000000000000005a00f8000000000000005a00f8000000000000004a00f8000000000000005a00f8000000000000005a00f8000000000000004a00f8000000000000005a00f8000000000000005a00
02:10:57.297 [DEBUG] [serial] Sin header 0xAA, descartando 128 bytes: 0000000000004a00f800000000000000
02:10:57.307 [DEBUG] [serial] RX 128 bytes: f8000000000000004a00f8000000000000005a00f8000000000000004a00f8000000000000005a00f8000000000000004a00f8000000000000005a00f8000000000000005a00f8000000000000004a00f8000000000000005a00f8000000000000004a00f8000000000000005a00f8000000000000005a00f800000000000000
02:10:57.307 [DEBUG] [serial] Sin header 0xAA, descartando 128 bytes: f8000000000000004a00f80000000000
02:10:57.316 [DEBUG] [serial] RX 128 bytes: 5a00f8000000000000004a00f8000000000000005a00f8000000000000005a00f8000000000000004a00f8000000000000005a00f8000000000000005a00f8000000000000004a00f8000000000000005a00f8000000000000004a00f8000000000000005a00f8000000000000004a00f8000000000000005a00f80000000000
02:10:57.316 [DEBUG] [serial] Sin header 0xAA, descartando 128 bytes: 5a00f8000000000000004a00f8000000
02:10:57.326 [DEBUG] [serial] RX 128 bytes: 00005a00f8000000000000004a00f8000000000000005a00f8000000000000005a00f8000000000000004a00f8000000000000004a00f8000000000000005a00f8000000000000004a00f8000000000000004a00f8000000000000005a00f8000000000000004a00f8000000000000005a00f8000000000000005a00f8000000
02:10:57.326 [DEBUG] [serial] Sin header 0xAA, descartando 128 bytes: 00005a00f8000000000000004a00f800
02:10:57.336 [DEBUG] [serial] RX 128 bytes: 000000004a00f8000000000000005a00f8000000000000005a00f8000000000000005a00f8000000000000004a00f8000000000000005a00f8000000000000005a00f8000000000000004a00f8000000000000005a00f8000000000000005a00f8000000000000005a00f8000000000000004a00f8000000000000005a00f800
02:10:57.336 [DEBUG] [serial] Sin header 0xAA, descartando 128 bytes: 000000004a00f8000000000000005a00
02:10:57.346 [DEBUG] [serial] RX 128 bytes: 0000000000005a00f8000000000000005a00f8000000000000005a00f8000000000000004a00f8000000000000005a00f8000000000000004a00f8000000000000004a00f8000000000000005a00f8000000000000005a00f8000000000000004a00f8000000000000005a00f8000000000000005a00f8000000000000004a00
02:10:57.346 [DEBUG] [serial] Sin header 0xAA, descartando 128 bytes: 0000000000005a00f800000000000000
02:10:57.355 [DEBUG] [serial] RX 128 bytes: f8000000000000005a00f8000000000000005a00f8000000000000005a00f8000000000000005a00f8000000000000005a00f8000000000000005a00f8000000000000005a00f8000000000000005a00f8000000000000004a00f8000000000000004a00f8000000000000005a00f8000000000000005a00f800000000000000
02:10:57.355 [DEBUG] [serial] Sin header 0xAA, descartando 128 bytes: f8000000000000005a00f80000000000
02:10:57.364 [DEBUG] [serial] RX 128 bytes: 5a00f8000000000000005a00f8000000000000005a00f8000000000000004a00f8000000000000005a00f8000000000000005a00f8000000000000005a00f8000000000000004a00f8000000000000004a00f8000000000000005a00f8000000000000005a00f8000000000000004a00f8000000000000005a00f80000000000
02:10:57.364 [DEBUG] [serial] Sin header 0xAA, descartando 128 bytes: 5a00f8000000000000005a00f8000000
02:10:57.374 [DEBUG] [serial] RX 128 bytes: 00004a00f8000000000000005a00f8000000000000004a00f8000000000000005a00f8000000000000005a00f8000000000000005a00f8000000000000004a00f8000000000000005a00f8000000000000005a00f8000000000000005a00f8000000000000005a00f8000000000000005a00f8000000000000005a00f8000000
02:10:57.374 [DEBUG] [serial] Sin header 0xAA, descartando 128 bytes: 00004a00f8000000000000005a00f800
02:10:57.384 [DEBUG] [serial] RX 128 bytes: 000000005a00f8000000000000005a00f8000000000000004a00f8000000000000005a00f8000000000000004a00f8000000000000004a00f8000000000000005a00f8000000000000004a00f8000000000000005a00f8000000000000005a00f8000000000000004a00f8000000000000004a00f8000000000000005a00f800
02:10:57.384 [DEBUG] [serial] Sin header 0xAA, descartando 128 bytes: 000000005a00f8000000000000005a00
02:10:57.393 [DEBUG] [serial] RX 128 bytes: 0000000000005a00f8000000000000005a00f8000000000000005a00f8000000000000005a00f8000000000000005a00f8000000000000005a00f8000000000000005a00f8000000000000004a00f8000000000000004a00f8000000000000005a00f8000000000000005a00f8000000000000004a00f8000000000000005a00
02:10:57.393 [DEBUG] [serial] Sin header 0xAA, descartando 128 bytes: 0000000000005a00f800000000000000
02:10:57.403 [DEBUG] [serial] RX 128 bytes: f8000000000000004a00f8000000000000005a00f8000000000000004a00f8000000000000005a00f8000000000000004a00f8000000000000005a00f8000000000000004a00f8000000000000005a00f8000000000000005a00f8000000000000004a00f8000000000000005a00f8000000000000005a00f800000000000000
02:10:57.403 [DEBUG] [serial] Sin header 0xAA, descartando 128 bytes: f8000000000000004a00f80000000000
02:10:57.412 [DEBUG] [serial] RX 128 bytes: 4a00f8000000000000005a00f8000000000000004a00f8000000000000005a00f8000000000000005a00f8000000000000004a00f8000000000000005a00f8000000000000004a00f8000000000000005a00f8000000000000005a00f8000000000000005a00f8000000000000004a00f8000000000000005a00f80000000000
02:10:57.412 [DEBUG] [serial] Sin header 0xAA, descartando 128 bytes: 4a00f8000000000000005a00f8000000
02:10:57.422 [DEBUG] [serial] RX 128 bytes: 00004a00f8000000000000005a00f8000000000000005a00f8000000000000005a00f8000000000000005a00f8000000000000005a00f8000000000000004a00f8000000000000004a00f8000000000000005a00f8000000000000005a00f8000000000000004a00f8000000000000005a00f8000000000000004a00f8000000
02:10:57.422 [DEBUG] [serial] Sin header 0xAA, descartando 128 bytes: 00004a00f8000000000000005a00f800
02:10:57.431 [DEBUG] [serial] RX 128 bytes: 000000005a00f8000000000000004a00f8000000000000005a00f8000000000000005a00f8000000000000004a00f8000000000000005a00f8000000000000004a00f8000000000000005a00f8000000000000005a00f8000000000000004a00f8000000000000004a00f8000000000000005a00f8000000000000004a00f800
02:10:57.432 [DEBUG] [serial] Sin header 0xAA, descartando 128 bytes: 000000005a00f8000000000000004a00
02:10:57.441 [DEBUG] [serial] RX 128 bytes: 0000000000005a00f8000000000000004a00f8000000000000005a00f8000000000000005a00f8000000000000004a00f8000000000000005a00f8000000000000005a00f8000000000000004a00f8000000000000005a00f8000000000000005a00f8000000000000005a00f8000000000000005a00f8000000000000004a00
02:10:57.441 [DEBUG] [serial] Sin header 0xAA, descartando 128 bytes: 0000000000005a00f800000000000000
02:10:57.450 [DEBUG] [serial] RX 128 bytes: f8000000000000004a00f8000000000000005a00f8000000000000005a00f8000000000000004a00f8000000000000004a00f8000000000000005a00f8000000000000005a00f8000000000000004a00f8000000000000005a00f8000000000000005a00f8000000000000004a00f8000000000000005a00f800000000000000
02:10:57.451 [DEBUG] [serial] Sin header 0xAA, descartando 128 bytes: f8000000000000004a00f80000000000
02:10:57.460 [DEBUG] [serial] RX 128 bytes: 5a00f8000000000000004a00f8000000000000004a00f8000000000000005a00f8000000000000005a00f8000000000000005a00f8000000000000005a00f8000000000000005a00f8000000000000005a00f8000000000000004a00f8000000000000004a00f8000000000000005a00f8000000000000005a00f80000000000
02:10:57.460 [DEBUG] [serial] Sin header 0xAA, descartando 128 bytes: 5a00f8000000000000004a00f8000000
02:10:57.470 [DEBUG] [serial] RX 128 bytes: 00004a00f8000000000000005a00f8000000000000005a00f8000000000000005a00f8000000000000004a00f8000000000000005a00f8000000000000005a00f8000000000000005a00f8000000000000005a00f8000000000000005a00f8000000000000004a00f8000000000000005a00f8000000000000005a00f8000000
02:10:57.470 [DEBUG] [serial] Sin header 0xAA, descartando 128 bytes: 00004a00f8000000000000005a00f800
02:10:57.479 [DEBUG] [serial] RX 128 bytes: 000000004a00f8000000000000005a00f8000000000000005a00f8000000000000005a00f8000000000000005a00f8000000000000004a00f8000000000000004a00f8000000000000005a00f8000000000000005a00f8000000000000005a00f8000000000000004a00f8000000000000005a00f8000000000000005a00f800
02:10:57.480 [DEBUG] [serial] Sin header 0xAA, descartando 128 bytes: 000000004a00f8000000000000005a00
02:10:57.489 [DEBUG] [serial] RX 128 bytes: 0000000000004a00f8000000000000005a00f8000000000000004a00f8000000000000004a00f8000000000000005a00f8000000000000005a00f8000000000000004a00f8000000000000005a00f8000000000000005a00f8000000000000005a00f8000000000000004a00f8000000000000005a00f8000000000000005a00
02:10:57.489 [DEBUG] [serial] Sin header 0xAA, descartando 128 bytes: 0000000000004a00f800000000000000
02:10:57.498 [DEBUG] [serial] RX 128 bytes: f8000000000000005a00f8000000000000005a00f8000000000000004a00f8000000000000005a00f8000000000000005a00f8000000000000004a00f8000000000000005a00f8000000000000005a00f8000000000000005a00f8000000000000005a00f8000000000000005a00f8000000000000005a00f800000000000000
02:10:57.499 [DEBUG] [serial] Sin header 0xAA, descartando 128 bytes: f8000000000000005a00f80000000000
02:10:57.508 [DEBUG] [serial] RX 128 bytes: 4a00f8000000000000005a00f8000000000000005a00f8000000000000004a00f8000000000000005a00f8000000000000004a00f8000000000000004a00f8000000000000005a00f8000000000000005a00f8000000000000005a00f8000000000000004a00f8000000000000005a00f8000000000000005a00f80000000000
02:10:57.508 [DEBUG] [serial] Sin header 0xAA, descartando 128 bytes: 4a00f8000000000000005a00f8000000
02:10:57.518 [DEBUG] [serial] RX 128 bytes: 00004a00f8000000000000005a00f8000000000000005a00f8000000000000004a00f8000000000000005a00f8000000000000005a00f8000000000000004a00f8000000000000005a00f8000000000000004a00f8000000000000004a00f8000000000000005a00f8000000000000005a00f8000000000000005a00f8000000
02:10:57.518 [DEBUG] [serial] Sin header 0xAA, descartando 128 bytes: 00004a00f8000000000000005a00f800
02:10:57.527 [DEBUG] [serial] RX 128 bytes: 000000005a00f8000000000000004a00f8000000000000005a00f8000000000000005a00f8000000000000004a00f8000000000000005a00f8000000000000004a00f8000000000000005a00f8000000000000005a00f8000000000000004a00f8000000000000005a00f8000000000000005a00f8000000000000004a00f800
02:10:57.529 [DEBUG] [serial] Sin header 0xAA, descartando 128 bytes: 000000005a00f8000000000000004a00
02:10:57.537 [DEBUG] [serial] RX 128 bytes: 0000000000005a00f8000000000000005a00f8000000000000005a00f8000000000000005a00f8000000000000004a00f8000000000000004a00f8000000000000005a00f8000000000000005a00f8000000000000005a00f8000000000000004a00f8000000000000005a00f8000000000000005a00f8000000000000005a00
02:10:57.537 [DEBUG] [serial] Sin header 0xAA, descartando 128 bytes: 0000000000005a00f800000000000000
02:10:57.546 [DEBUG] [serial] RX 128 bytes: f8000000000000005a00f8000000000000005a00f8000000000000005a00f8000000000000004a00f8000000000000004a00f8000000000000005a00f8000000000000005a00f8000000000000004a00f8000000000000005a00f8000000000000005a00f8000000000000004a00f8000000000000005a00f800000000000000
02:10:57.547 [DEBUG] [serial] Sin header 0xAA, descartando 128 bytes: f8000000000000005a00f80000000000
02:10:57.556 [DEBUG] [serial] RX 128 bytes: 5a00f8000000000000004a00f8000000000000004a00f8000000000000005a00f8000000000000005a00f8000000000000005a00f8000000000000005a00f8000000000000005a00f8000000000000004a00f8000000000000004a00f8000000000000004a00f8000000000000005a00f8000000000000004a00f80000000000
02:10:57.556 [DEBUG] [serial] Sin header 0xAA, descartando 128 bytes: 5a00f8000000000000004a00f8000000
02:10:57.566 [DEBUG] [serial] RX 128 bytes: 00005a00f8000000000000005a00f8000000000000004a00f8000000000000005a00f8000000000000004a00f8000000000000004a00f8000000000000005a00f8000000000000005a00f8000000000000004a00f8000000000000004a00f8000000000000005a00f8000000000000004a00f8000000000000005a00f8000000
02:10:57.566 [DEBUG] [serial] Sin header 0xAA, descartando 128 bytes: 00005a00f8000000000000005a00f800
02:10:57.576 [DEBUG] [serial] RX 128 bytes: 000000005a00f8000000000000004a00f8000000000000005a00f8000000000000004a00f8000000000000005a00f8000000000000005a00f8000000000000004a00f8000000000000005a00f8000000000000004a00f8000000000000005a00f8000000000000005a00f8000000000000005a00f8000000000000004a00f800
02:10:57.576 [DEBUG] [serial] Sin header 0xAA, descartando 128 bytes: 000000005a00f8000000000000004a00
02:10:57.585 [DEBUG] [serial] RX 128 bytes: 0000000000005a00f8000000000000005a00f8000000000000005a00f8000000000000004a00f8000000000000005a00f8000000000000005a00f8000000000000005a00f8000000000000004a00f8000000000000005a00f8000000000000005a00f8000000000000005a00f8000000000000004a00f8000000000000005a00
02:10:57.585 [DEBUG] [serial] Sin header 0xAA, descartando 128 bytes: 0000000000005a00f800000000000000
02:10:57.594 [DEBUG] [serial] RX 128 bytes: f8000000000000005a00f8000000000000005a00f8000000000000005a00f8000000000000005a00f8000000000000004a00f8000000000000005a00f8000000000000004a00f8000000000000005a00f8000000000000005a00f8000000000000005a00f8000000000000005a00f8000000000000005a00f800000000000000
02:10:57.595 [DEBUG] [serial] Sin header 0xAA, descartando 128 bytes: f8000000000000005a00f80000000000
02:10:57.604 [DEBUG] [serial] RX 128 bytes: 5a00f8000000000000004a00f8000000000000004a00f8000000000000005a00f8000000000000004a00f8000000000000005a00f8000000000000004a00f8000000000000005a00f8000000000000005a00f8000000000000005a00f8000000000000005a00f8000000000000004a00f8000000000000005a00f80000000000
02:10:57.604 [DEBUG] [serial] Sin header 0xAA, descartando 128 bytes: 5a00f8000000000000004a00f8000000
02:10:57.614 [DEBUG] [serial] RX 128 bytes: 00005a00f8000000000000005a00f8000000000000004a00f8000000000000004a00f8000000000000004a00f8000000000000005a00f8000000000000004a00f8000000000000005a00f8000000000000005a00f8000000000000004a00f8000000000000005a00f8000000000000005a00f8000000000000005a00f8000000
02:10:57.614 [DEBUG] [serial] Sin header 0xAA, descartando 128 bytes: 00005a00f8000000000000005a00f800
02:10:57.624 [DEBUG] [serial] RX 128 bytes: 000000005a00f8000000000000004a00f8000000000000005a00f8000000000000005a00f8000000000000005a00f8000000000000005a00f8000000000000004a00f8000000000000004a00f8000000000000005a00f8000000000000004a00f8000000000000004a00f8000000000000004a00f8000000000000004a00f800
02:10:57.625 [DEBUG] [serial] Sin header 0xAA, descartando 128 bytes: 000000005a00f8000000000000004a00
02:10:57.633 [DEBUG] [serial] RX 128 bytes: 0000000000004a00f8000000000000005a00f8000000000000005a00f8000000000000005a00f8000000000000004a00f8000000000000005a00f8000000000000005a00f8000000000000004a00f8000000000000005a00f8000000000000004a00f8000000000000005a00f8000000000000004a00f8000000000000005a00
02:10:57.633 [DEBUG] [serial] Sin header 0xAA, descartando 128 bytes: 0000000000004a00f800000000000000
02:10:57.642 [DEBUG] [serial] RX 128 bytes: f8000000000000004a00f8000000000000005a00f8000000000000005a00f8000000000000005a00f8000000000000005a00f8000000000000004a00f8000000000000005a00f8000000000000005a00f8000000000000005a00f8000000000000005a00f8000000000000004a00f8000000000000005a00f800000000000000
02:10:57.642 [DEBUG] [serial] Sin header 0xAA, descartando 128 bytes: f8000000000000004a00f80000000000
02:10:57.652 [DEBUG] [serial] RX 128 bytes: 5a00f8000000000000005a00f8000000000000004a00f8000000000000005a00f8000000000000005a00f8000000000000005a00f8000000000000004a00f8000000000000005a00f8000000000000005a00f8000000000000005a00f8000000000000005a00f8000000000000005a00f8000000000000005a00f80000000000
02:10:57.652 [DEBUG] [serial] Sin header 0xAA, descartando 128 bytes: 5a00f8000000000000005a00f8000000
02:10:57.662 [DEBUG] [serial] RX 128 bytes: 00005a00f8000000000000005a00f8000000000000005a00f8000000000000005a00f8000000000000004a00f8000000000000005a00f8000000000000005a00f8000000000000005a00f8000000000000004a00f8000000000000005a00f8000000000000004a00f8000000000000005a00f8000000000000004a00f8000000
02:10:57.662 [DEBUG] [serial] Sin header 0xAA, descartando 128 bytes: 00005a00f8000000000000005a00f800
02:10:57.671 [DEBUG] [serial] RX 128 bytes: 000000004a00f8000000000000005a00f8000000000000005a00f8000000000000004a00f8000000000000005a00f8000000000000005a00f8000000000000005a00f8000000000000004a00f8000000000000005a00f8000000000000004a00f8000000000000004a00f8000000000000005a00f8000000000000005a00f800
02:10:57.671 [DEBUG] [serial] Sin header 0xAA, descartando 128 bytes: 000000004a00f8000000000000005a00
02:10:57.681 [DEBUG] [serial] RX 128 bytes: 0000000000005a00f8000000000000005a00f8000000000000005a00f8000000000000005a00f8000000000000005a00f8000000000000005a00f8000000000000004a00f8000000000000004a00f8000000000000005a00f8000000000000005a00f8000000000000004a00f8000000000000005a00f8000000000000005a00
02:10:57.681 [DEBUG] [serial] Sin header 0xAA, descartando 128 bytes: 0000000000005a00f800000000000000
02:10:57.690 [DEBUG] [serial] RX 128 bytes: f8000000000000005a00f8000000000000005a00f8000000000000005a00f8000000000000005a00f8000000000000004a00f8000000000000004a00f8000000000000005a00f8000000000000005a00f8000000000000005a00f8000000000000005a00f8000000000000005a00f8000000000000005a00f800000000000000
02:10:57.690 [DEBUG] [serial] Sin header 0xAA, descartando 128 bytes: f8000000000000005a00f80000000000
02:10:57.700 [DEBUG] [serial] RX 128 bytes: 4a00f8000000000000005a00f8000000000000005a00f8000000000000005a00f8000000000000005a00f8000000000000005a00f8000000000000005a00f8000000000000004a00f8000000000000004a00f8000000000000005a00f8000000000000005a00f8000000000000005a00f8000000000000004a00f80000000000
02:10:57.700 [DEBUG] [serial] Sin header 0xAA, descartando 128 bytes: 4a00f8000000000000005a00f8000000
02:10:57.710 [DEBUG] [serial] RX 128 bytes: 00005a00f8000000000000005a00f8000000000000005a00f8000000000000005a00f8000000000000004a00f8000000000000004a00f8000000000000004a00f8000000000000004a00f8000000000000005a00f8000000000000005a00f8000000000000005a00f8000000000000005a00f8000000000000004a00f8000000
02:10:57.710 [DEBUG] [serial] Sin header 0xAA, descartando 128 bytes: 00005a00f8000000000000005a00f800
02:10:57.720 [DEBUG] [serial] RX 128 bytes: 000000005a00f8000000000000005a00f8000000000000004a00f8000000000000005a00f8000000000000005a00f8000000000000004a00f8000000000000005a00f8000000000000005a00f8000000000000005a00f8000000000000005a00f8000000000000005a00f8000000000000004a00f8000000000000005a00f800
02:10:57.720 [DEBUG] [serial] Sin header 0xAA, descartando 128 bytes: 000000005a00f8000000000000005a00
02:10:57.729 [DEBUG] [serial] RX 128 bytes: 0000000000005a00f8000000000000005a00f8000000000000004a00f8000000000000004a00f8000000000000005a00f8000000000000004a00f8000000000000005a00f8000000000000005a00f8000000000000005a00f8000000000000005a00f8000000000000004a00f8000000000000005a00f8000000000000005a00
02:10:57.729 [DEBUG] [serial] Sin header 0xAA, descartando 128 bytes: 0000000000005a00f800000000000000
02:10:57.738 [DEBUG] [serial] RX 128 bytes: f8000000000000005a00f8000000000000005a00f8000000000000005a00f8000000000000004a00f8000000000000004a00f8000000000000005a00f8000000000000004a00f8000000000000005a00f8000000000000005a00f8000000000000005a00f8000000000000005a00f8000000000000004a00f800000000000000
02:10:57.738 [DEBUG] [serial] Sin header 0xAA, descartando 128 bytes: f8000000000000005a00f80000000000
02:10:57.748 [DEBUG] [serial] RX 128 bytes: 5a00f8000000000000004a00f8000000000000005a00f8000000000000005a00f8000000000000005a00f8000000000000005a00f8000000000000005a00f8000000000000004a00f8000000000000005a00f8000000000000004a00f8000000000000005a00f8000000000000005a00f8000000000000004a00f80000000000
02:10:57.748 [DEBUG] [serial] Sin header 0xAA, descartando 128 bytes: 5a00f8000000000000004a00f8000000
02:10:57.757 [DEBUG] [serial] RX 128 bytes: 00005a00f8000000000000005a00f8000000000000005a00f8000000000000004a00f8000000000000005a00f8000000000000005a00f8000000000000005a00f8000000000000004a00f8000000000000005a00f8000000000000005a00f8000000000000004a00f8000000000000005a00f8000000000000004a00f8000000
02:10:57.758 [DEBUG] [serial] Sin header 0xAA, descartando 128 bytes: 00005a00f8000000000000005a00f800
02:10:57.767 [DEBUG] [serial] RX 128 bytes: 000000005a00f8000000000000004a00f8000000000000005a00f8000000000000005a00f8000000000000004a00f8000000000000005a00f8000000000000004a00f8000000000000005a00f8000000000000004a00f8000000000000005a00f8000000000000004a00f8000000000000005a00f8000000000000005a00f800
02:10:57.767 [DEBUG] [serial] Sin header 0xAA, descartando 128 bytes: 000000005a00f8000000000000004a00
02:10:57.777 [DEBUG] [serial] RX 128 bytes: 0000000000005a00f8000000000000004a00f8000000000000005a00f8000000000000004a00f8000000000000005a00f8000000000000004a00f8000000000000005a00f8000000000000005a00f8000000000000004a00f8000000000000005a00f8000000000000005a00f8000000000000004a00f8000000000000005a00
02:10:57.777 [DEBUG] [serial] Sin header 0xAA, descartando 128 bytes: 0000000000005a00f800000000000000
02:10:57.786 [DEBUG] [serial] RX 128 bytes: f8000000000000004a00f8000000000000005a00f8000000000000005a00f8000000000000005a00f8000000000000005a00f8000000000000004a00f8000000000000005a00f8000000000000004a00f8000000000000005a00f8000000000000005a00f8000000000000004a00f8000000000000005a00f800000000000000
02:10:57.786 [DEBUG] [serial] Sin header 0xAA, descartando 128 bytes: f8000000000000004a00f80000000000
02:10:57.796 [DEBUG] [serial] RX 128 bytes: 5a00f8000000000000005a00f8000000000000004a00f8000000000000005a00f8000000000000005a00f8000000000000004a00f8000000000000005a00f8000000000000005a00f8000000000000004a00f8000000000000005a00f8000000000000005a00f8000000000000004a00f8000000000000004a00f80000000000
02:10:57.796 [DEBUG] [serial] Sin header 0xAA, descartando 128 bytes: 5a00f8000000000000005a00f8000000
02:10:57.805 [DEBUG] [serial] RX 128 bytes: 00005a00f8000000000000005a00f8000000000000004a00f8000000000000004a00f8000000000000005a00f8000000000000004a00f8000000000000004a00f8000000000000005a00f8000000000000005a00f8000000000000005a00f8000000000000004a00f8000000000000005a00f8000000000000005a00f8000000
02:10:57.806 [DEBUG] [serial] Sin header 0xAA, descartando 128 bytes: 00005a00f8000000000000005a00f800
02:10:57.815 [DEBUG] [serial] RX 128 bytes: 000000005a00f8000000000000004a00f8000000000000005a00f8000000000000005a00f8000000000000005a00f8000000000000004a00f8000000000000004a00f8000000000000004a00f8000000000000004a00f8000000000000004a00f8000000000000005a00f8000000000000005a00f8000000000000005a00f800
02:10:57.815 [DEBUG] [serial] Sin header 0xAA, descartando 128 bytes: 000000005a00f8000000000000004a00
02:10:57.825 [DEBUG] [serial] RX 128 bytes: 0000000000005a00f8000000000000005a00f8000000000000005a00f8000000000000004a00f8000000000000005a00f8000000000000004a00f8000000000000005a00f8000000000000005a00f8000000000000005a00f8000000000000004a00f8000000000000005a00f8000000000000005a00f8000000000000004a00
02:10:57.825 [DEBUG] [serial] Sin header 0xAA, descartando 128 bytes: 0000000000005a00f800000000000000
02:10:57.834 [DEBUG] [serial] RX 128 bytes: f8000000000000005a00f8000000000000005a00f8000000000000004a00f8000000000000005a00f8000000000000005a00f8000000000000004a00f8000000000000005a00f8000000000000004a00f8000000000000004a00f8000000000000005a00f8000000000000005a00f8000000000000005a00f800000000000000
02:10:57.834 [DEBUG] [serial] Sin header 0xAA, descartando 128 bytes: f8000000000000005a00f80000000000
02:10:57.844 [DEBUG] [serial] RX 128 bytes: 5a00f8000000000000004a00f8000000000000005a00f8000000000000005a00f8000000000000004a00f8000000000000005a00f8000000000000005a00f8000000000000004a00f8000000000000005a00f8000000000000005a00f8000000000000005a00f8000000000000005a00f8000000000000004a00f80000000000
02:10:57.844 [DEBUG] [serial] Sin header 0xAA, descartando 128 bytes: 5a00f8000000000000004a00f8000000
02:10:57.853 [DEBUG] [serial] RX 128 bytes: 00005a00f8000000000000005a00f8000000000000004a00f8000000000000005a00f8000000000000005a00f8000000000000004a00f8000000000000005a00f8000000000000005a00f8000000000000005a00f8000000000000005a00f8000000000000005a00f8000000000000005a00f8000000000000004a00f8000000
02:10:57.854 [DEBUG] [serial] Sin header 0xAA, descartando 128 bytes: 00005a00f8000000000000005a00f800
02:10:57.863 [DEBUG] [serial] RX 128 bytes: 000000005a00f8000000000000004a00f8000000000000005a00f8000000000000004a00f8000000000000005a00f8000000000000004a00f8000000000000005a00f8000000000000005a00f8000000000000004a00f8000000000000005a00f8000000000000005a00f8000000000000005a00f8000000000000005a00f800
02:10:57.863 [DEBUG] [serial] Sin header 0xAA, descartando 128 bytes: 000000005a00f8000000000000004a00
02:10:57.873 [DEBUG] [serial] RX 128 bytes: 0000000000004a00f8000000000000005a00f8000000000000004a00f8000000000000004a00f8000000000000005a00f8000000000000004a00f8000000000000005a00f8000000000000004a00f8000000000000005a00f8000000000000005a00f8000000000000004a00f8000000000000005a00f8000000000000004a00
02:10:57.873 [DEBUG] [serial] Sin header 0xAA, descartando 128 bytes: 0000000000004a00f800000000000000
02:10:57.882 [DEBUG] [serial] RX 128 bytes: f8000000000000005a00f8000000000000004a00f8000000000000005a00f8000000000000005a00f8000000000000005a00f8000000000000005a00f8000000000000005a00f8000000000000004a00f8000000000000004a00f8000000000000005a00f8000000000000005a00f8000000000000004a00f800000000000000
02:10:57.882 [DEBUG] [serial] Sin header 0xAA, descartando 128 bytes: f8000000000000005a00f80000000000
02:10:57.892 [DEBUG] [serial] RX 128 bytes: 4a00f8000000000000005a00f8000000000000004a00f8000000000000005a00f8000000000000004a00f8000000000000005a00f8000000000000004a00f8000000000000005a00f8000000000000005a00f8000000000000004a00f8000000000000005a00f8000000000000005a00f8000000000000005a00f80000000000
02:10:57.892 [DEBUG] [serial] Sin header 0xAA, descartando 128 bytes: 4a00f8000000000000005a00f8000000
02:10:57.901 [DEBUG] [serial] RX 128 bytes: 00004a00f8000000000000004a00f8000000000000005a00f8000000000000004a00f8000000000000005a00f8000000000000005a00f8000000000000005a00f8000000000000004a00f8000000000000004a00f8000000000000005a00f8000000000000005a00f8000000000000005a00f8000000000000004a00f8000000
02:10:57.902 [DEBUG] [serial] Sin header 0xAA, descartando 128 bytes: 00004a00f8000000000000004a00f800
02:10:57.911 [DEBUG] [serial] RX 128 bytes: 000000004a00f8000000000000005a00f8000000000000005a00f8000000000000004a00f8000000000000004a00f8000000000000005a00f8000000000000004a00f8000000000000004a00f8000000000000005a00f8000000000000005a00f8000000000000004a00f8000000000000005a00f8000000000000004a00f800
02:10:57.911 [DEBUG] [serial] Sin header 0xAA, descartando 128 bytes: 000000004a00f8000000000000005a00
02:10:57.921 [DEBUG] [serial] RX 128 bytes: 0000000000005a00f8000000000000005a00f8000000000000005a00f8000000000000005a00f8000000000000004a00f8000000000000005a00f8000000000000005a00f8000000000000005a00f8000000000000004a00f8000000000000004a00f8000000000000005a00f8000000000000005a00f8000000000000005a00
02:10:57.921 [DEBUG] [serial] Sin header 0xAA, descartando 128 bytes: 0000000000005a00f800000000000000
02:10:57.930 [DEBUG] [serial] RX 128 bytes: f8000000000000005a00f8000000000000004a00f8000000000000004a00f8000000000000005a00f8000000000000005a00f8000000000000005a00f8000000000000005a00f8000000000000004a00f8000000000000005a00f8000000000000004a00f8000000000000004a00f8000000000000005a00f800000000000000
02:10:57.930 [DEBUG] [serial] Sin header 0xAA, descartando 128 bytes: f8000000000000005a00f80000000000
02:10:57.940 [DEBUG] [serial] RX 128 bytes: 5a00f8000000000000005a00f8000000000000005a00f8000000000000004a00f8000000000000005a00f8000000000000004a00f8000000000000004a00f8000000000000005a00f8000000000000004a00f8000000000000005a00f8000000000000004a00f8000000000000005a00f8000000000000004a00f80000000000
02:10:57.940 [DEBUG] [serial] Sin header 0xAA, descartando 128 bytes: 5a00f8000000000000005a00f8000000
02:10:57.949 [DEBUG] [serial] RX 128 bytes: 00005a00f8000000000000004a00f8000000000000004a00f8000000000000005a00f8000000000000004a00f8000000000000004a00f8000000000000005a00f8000000000000005a00f8000000000000004a00f8000000000000005a00f8000000000000005a00f8000000000000004a00f8000000000000005a00f8000000
02:10:57.949 [DEBUG] [serial] Sin header 0xAA, descartando 128 bytes: 00005a00f8000000000000004a00f800
02:10:57.959 [DEBUG] [serial] RX 128 bytes: 000000005a00f8000000000000004a00f8000000000000004a00f8000000000000005a00f8000000000000004a00f8000000000000005a00f8000000000000005a00f8000000000000005a00f8000000000000004a00f8000000000000005a00f8000000000000005a00f8000000000000005a00f8000000000000004a00f800
02:10:57.959 [DEBUG] [serial] Sin header 0xAA, descartando 128 bytes: 000000005a00f8000000000000004a00
02:10:57.969 [DEBUG] [serial] RX 128 bytes: 0000000000005a00f8000000000000005a00f8000000000000005a00f8000000000000005a00f8000000000000004a00f8000000000000005a00f8000000000000004a00f8000000000000005a00f8000000000000005a00f8000000000000004a00f8000000000000005a00f8000000000000004a00f8000000000000005a00
02:10:57.969 [DEBUG] [serial] Sin header 0xAA, descartando 128 bytes: 0000000000005a00f800000000000000
02:10:57.978 [DEBUG] [serial] RX 128 bytes: f8000000000000004a00f8000000000000004a00f8000000000000005a00f8000000000000004a00f8000000000000005a00f8000000000000005a00f8000000000000004a00f8000000000000004a00f8000000000000005a00f8000000000000004a00f8000000000000005a00f8000000000000004a00f800000000000000
02:10:57.978 [DEBUG] [serial] Sin header 0xAA, descartando 128 bytes: f8000000000000004a00f80000000000
02:10:57.988 [DEBUG] [serial] RX 128 bytes: 5a00f8000000000000004a00f8000000000000005a00f8000000000000005a00f8000000000000005a00f8000000000000005a00f8000000000000004a00f8000000000000005a00f8000000000000004a00f8000000000000005a00f8000000000000005a00f8000000000000005a00f8000000000000005a00f80000000000
02:10:57.988 [DEBUG] [serial] Sin header 0xAA, descartando 128 bytes: 5a00f8000000000000004a00f8000000
02:10:57.997 [DEBUG] [serial] RX 128 bytes: 00004a00f8000000000000005a00f8000000000000004a00f8000000000000005a00f8000000000000005a00f8000000000000005a00f8000000000000005a00f8000000000000004a00f8000000000000005a00f8000000000000004a00f8000000000000005a00f8000000000000004a00f8000000000000004a00f8000000
02:10:57.998 [DEBUG] [serial] Sin header 0xAA, descartando 128 bytes: 00004a00f8000000000000005a00f800
02:10:58.007 [DEBUG] [serial] RX 128 bytes: 000000005a00f8000000000000004a00f8000000000000005a00f8000000000000005a00f8000000000000005a00f8000000000000004a00f8000000000000005a00f8000000000000005a00f8000000000000004a00f8000000000000005a00f8000000000000005a00f8000000000000004a00f8000000000000005a00f800
02:10:58.007 [DEBUG] [serial] Sin header 0xAA, descartando 128 bytes: 000000005a00f8000000000000004a00
02:10:58.017 [DEBUG] [serial] RX 128 bytes: 0000000000004a00f8000000000000005a00f8000000000000005a00f8000000000000004a00f8000000000000004a00f8000000000000005a00f8000000000000005a00f8000000000000005a00f8000000000000004a00f8000000000000005a00f8000000000000004a00f8000000000000005a00f8000000000000005a00
02:10:58.017 [DEBUG] [serial] Sin header 0xAA, descartando 128 bytes: 0000000000004a00f800000000000000
02:10:58.026 [DEBUG] [serial] RX 128 bytes: f8000000000000004a00f8000000000000005a00f8000000000000004a00f8000000000000005a00f8000000000000004a00f8000000000000005a00f8000000000000005a00f8000000000000004a00f8000000000000005a00f8000000000000004a00f8000000000000004a00f8000000000000005a00f800000000000000
02:10:58.026 [DEBUG] [serial] Sin header 0xAA, descartando 128 bytes: f8000000000000004a00f80000000000
02:10:58.035 [DEBUG] [serial] RX 128 bytes: 5a00f8000000000000004a00f8000000000000005a00f8000000000000004a00f8000000000000005a00f8000000000000005a00f8000000000000005a00f8000000000000005a00f8000000000000004a00f8000000000000005a00f8000000000000005a00f8000000000000005a00f8000000000000004a00f80000000000
02:10:58.036 [DEBUG] [serial] Sin header 0xAA, descartando 128 bytes: 5a00f8000000000000004a00f8000000
02:10:58.045 [DEBUG] [serial] RX 128 bytes: 00005a00f8000000000000005a00f8000000000000005a00f8000000000000004a00f8000000000000005a00f8000000000000004a00f8000000000000005a00f8000000000000005a00f8000000000000005a00f8000000000000005a00f8000000000000004a00f8000000000000005a00f8000000000000004a00f8000000
02:10:58.045 [DEBUG] [serial] Sin header 0xAA, descartando 128 bytes: 00005a00f8000000000000005a00f800
02:10:58.055 [DEBUG] [serial] RX 128 bytes: 000000005a00f8000000000000004a00f8000000000000005a00f8000000000000005a00f8000000000000004a00f8000000000000005a00f8000000000000004a00f8000000000000005a00f8000000000000005a00f8000000000000005a00f8000000000000005a00f8000000000000004a00f8000000000000005a00f800
02:10:58.055 [DEBUG] [serial] Sin header 0xAA, descartando 128 bytes: 000000005a00f8000000000000004a00
02:10:58.064 [DEBUG] [serial] RX 128 bytes: 0000000000004a00f8000000000000005a00f8000000000000004a00f8000000000000005a00f8000000000000004a00f8000000000000005a00f8000000000000004a00f8000000000000005a00f8000000000000004a00f8000000000000005a00f8000000000000004a00f8000000000000005a00f8000000000000005a00
02:10:58.065 [DEBUG] [serial] Sin header 0xAA, descartando 128 bytes: 0000000000004a00f800000000000000
02:10:58.074 [DEBUG] [serial] RX 128 bytes: f8000000000000004a00f8000000000000005a00f8000000000000005a00f8000000000000005a00f8000000000000005a00f8000000000000004a00f8000000000000005a00f8000000000000005a00f8000000000000005a00f8000000000000005a00f8000000000000005a00f8000000000000004a00f800000000000000
02:10:58.074 [DEBUG] [serial] Sin header 0xAA, descartando 128 bytes: f8000000000000004a00f80000000000
02:10:58.083 [DEBUG] [serial] RX 128 bytes: 5a00f8000000000000005a00f8000000000000004a00f8000000000000005a00f8000000000000004a00f8000000000000005a00f8000000000000005a00f8000000000000005a00f8000000000000005a00f8000000000000004a00f8000000000000004a00f8000000000000005a00f8000000000000005a00f80000000000
02:10:58.084 [DEBUG] [serial] Sin header 0xAA, descartando 128 bytes: 5a00f8000000000000005a00f8000000
02:10:58.093 [DEBUG] [serial] RX 128 bytes: 00005a00f8000000000000005a00f8000000000000004a00f8000000000000005a00f8000000000000005a00f8000000000000004a00f8000000000000005a00f8000000000000005a00f8000000000000005a00f8000000000000005a00f8000000000000005a00f8000000000000004a00f8000000000000005a00f8000000
02:10:58.093 [DEBUG] [serial] Sin header 0xAA, descartando 128 bytes: 00005a00f8000000000000005a00f800
02:10:58.103 [DEBUG] [serial] RX 128 bytes: 000000005a00f8000000000000005a00f8000000000000004a00f8000000000000005a00f8000000000000005a00f8000000000000004a00f8000000000000004a00f8000000000000004a00f8000000000000005a00f8000000000000005a00f8000000000000005a00f8000000000000005a00f8000000000000005a00f800
02:10:58.104 [DEBUG] [serial] Sin header 0xAA, descartando 128 bytes: 000000005a00f8000000000000005a00
02:10:58.112 [DEBUG] [serial] RX 128 bytes: 0000000000004a00f8000000000000005a00f8000000000000005a00f8000000000000004a00f8000000000000005a00f8000000000000005a00f8000000000000004a00f8000000000000004a00f8000000000000004a00f8000000000000005a00f8000000000000005a00f8000000000000005a00f8000000000000004a00
02:10:58.112 [DEBUG] [serial] Sin header 0xAA, descartando 128 bytes: 0000000000004a00f800000000000000
02:10:58.122 [DEBUG] [serial] RX 128 bytes: f8000000000000005a00f8000000000000005a00f8000000000000005a00f8000000000000005a00f8000000000000005a00f8000000000000005a00f8000000000000005a00f8000000000000004a00f8000000000000004a00f8000000000000005a00f8000000000000005a00f8000000000000005a00f800000000000000
02:10:58.122 [DEBUG] [serial] Sin header 0xAA, descartando 128 bytes: f8000000000000005a00f80000000000
02:10:58.131 [DEBUG] [serial] RX 128 bytes: 5a00f8000000000000004a00f8000000000000004a00f8000000000000005a00f8000000000000005a00f8000000000000005a00f8000000000000005a00f8000000000000004a00f8000000000000004a00f8000000000000005a00f8000000000000005a00f8000000000000005a00f8000000000000005a00f80000000000
02:10:58.132 [DEBUG] [serial] Sin header 0xAA, descartando 128 bytes: 5a00f8000000000000004a00f8000000
02:10:58.141 [DEBUG] [serial] RX 128 bytes: 00005a00f8000000000000005a00f8000000000000005a00f8000000000000005a00f8000000000000004a00f8000000000000005a00f8000000000000004a00f8000000000000004a00f8000000000000005a00f8000000000000005a00f8000000000000004a00f8000000000000004a00f8000000000000005a00f8000000
02:10:58.141 [DEBUG] [serial] Sin header 0xAA, descartando 128 bytes: 00005a00f8000000000000005a00f800
02:10:58.151 [DEBUG] [serial] RX 128 bytes: 000000004a00f8000000000000005a00f8000000000000005a00f8000000000000004a00f8000000000000005a00f8000000000000005a00f8000000000000004a00f8000000000000005a00f8000000000000005a00f8000000000000004a00f8000000000000005a00f8000000000000004a00f8000000000000005a00f800
02:10:58.151 [DEBUG] [serial] Sin header 0xAA, descartando 128 bytes: 000000004a00f8000000000000005a00
02:10:58.160 [DEBUG] [serial] RX 128 bytes: 0000000000005a00f8000000000000005a00f8000000000000005a00f8000000000000005a00f8000000000000004a00f8000000000000004a00f8000000000000005a00f8000000000000004a00f8000000000000005a00f8000000000000004a00f8000000000000005a00f8000000000000005a00f8000000000000005a00
02:10:58.160 [DEBUG] [serial] Sin header 0xAA, descartando 128 bytes: 0000000000005a00f800000000000000
02:10:58.169 [DEBUG] [serial] RX 128 bytes: f8000000000000004a00f8000000000000005a00f8000000000000004a00f8000000000000005a00f8000000000000005a00f8000000000000005a00f8000000000000004a00f8000000000000004a00f8000000000000004a00f8000000000000005a00f8000000000000005a00f8000000000000004a00f800000000000000
02:10:58.170 [DEBUG] [serial] Sin header 0xAA, descartando 128 bytes: f8000000000000004a00f80000000000
02:10:58.179 [DEBUG] [serial] RX 128 bytes: 4a00f8000000000000005a00f8000000000000005a00f8000000000000004a00f8000000000000005a00f8000000000000005a00f8000000000000005a00f8000000000000004a00f8000000000000005a00f8000000000000005a00f8000000000000005a00f8000000000000004a00f8000000000000004a00f80000000000
02:10:58.179 [DEBUG] [serial] Sin header 0xAA, descartando 128 bytes: 4a00f8000000000000005a00f8000000
02:10:58.189 [DEBUG] [serial] RX 128 bytes: 00005a00f8000000000000005a00f8000000000000004a00f8000000000000005a00f8000000000000004a00f8000000000000005a00f8000000000000005a00f8000000000000004a00f8000000000000005a00f8000000000000005a00f8000000000000004a00f8000000000000005a00f8000000000000005a00f8000000
02:10:58.189 [DEBUG] [serial] Sin header 0xAA, descartando 128 bytes: 00005a00f8000000000000005a00f800
02:10:58.198 [DEBUG] [serial] RX 128 bytes: 000000005a00f8000000000000004a00f8000000000000004a00f8000000000000005a00f8000000000000005a00f8000000000000004a00f8000000000000005a00f8000000000000005a00f8000000000000004a00f8000000000000005a00f8000000000000005a00f8000000000000005a00f8000000000000004a00f800
02:10:58.199 [DEBUG] [serial] Sin header 0xAA, descartando 128 bytes: 000000005a00f8000000000000004a00
02:10:58.208 [DEBUG] [serial] RX 128 bytes: 0000000000005a00f8000000000000005a00f8000000000000005a00f8000000000000004a00f8000000000000004a00f8000000000000004a00f8000000000000005a00f8000000000000005a00f8000000000000005a00f8000000000000005a00f8000000000000004a00f8000000000000005a00f8000000000000004a00
02:10:58.208 [DEBUG] [serial] Sin header 0xAA, descartando 128 bytes: 0000000000005a00f800000000000000
02:10:58.217 [DEBUG] [serial] RX 128 bytes: f8000000000000004a00f8000000000000005a00f8000000000000005a00f8000000000000004a00f8000000000000004a00f8000000000000004a00f8000000000000005a00f8000000000000005a00f8000000000000005a00f8000000000000005a00f8000000000000005a00f8000000000000005a00f800000000000000
02:10:58.218 [DEBUG] [serial] Sin header 0xAA, descartando 128 bytes: f8000000000000004a00f80000000000
02:10:58.227 [DEBUG] [serial] RX 128 bytes: 4a00f8000000000000005a00f8000000000000005a00f8000000000000004a00f8000000000000005a00f8000000000000005a00f8000000000000004a00f8000000000000005a00f8000000000000004a00f8000000000000005a00f8000000000000005a00f8000000000000004a00f8000000000000005a00f80000000000
02:10:58.227 [DEBUG] [serial] Sin header 0xAA, descartando 128 bytes: 4a00f8000000000000005a00f8000000
02:10:58.237 [DEBUG] [serial] RX 128 bytes: 00005a00f8000000000000005a00f8000000000000005a00f8000000000000005a00f8000000000000005a00f8000000000000004a00f8000000000000005a00f8000000000000004a00f8000000000000005a00f8000000000000004a00f8000000000000005a00f8000000000000005a00f8000000000000005a00f8000000
02:10:58.237 [DEBUG] [serial] Sin header 0xAA, descartando 128 bytes: 00005a00f8000000000000005a00f800
02:10:58.246 [DEBUG] [serial] RX 128 bytes: 000000005a00f8000000000000005a00f8000000000000004a00f8000000000000005a00f8000000000000005a00f8000000000000005a00f8000000000000005a00f8000000000000004a00f8000000000000005a00f8000000000000004a00f8000000000000005a00f8000000000000004a00f8000000000000005a00f800
02:10:58.247 [DEBUG] [serial] Sin header 0xAA, descartando 128 bytes: 000000005a00f8000000000000005a00
02:10:58.256 [DEBUG] [serial] RX 128 bytes: 0000000000004a00f8000000000000005a00f8000000000000005a00f8000000000000005a00f8000000000000005a00f8000000000000004a00f8000000000000005a00f8000000000000004a00f8000000000000004a00f8000000000000005a00f8000000000000005a00f8000000000000004a00f8000000000000005a00
02:10:58.256 [DEBUG] [serial] Sin header 0xAA, descartando 128 bytes: 0000000000004a00f800000000000000
02:10:58.266 [DEBUG] [serial] RX 128 bytes: f8000000000000004a00f8000000000000005a00f8000000000000004a00f8000000000000005a00f8000000000000004a00f8000000000000005a00f8000000000000004a00f8000000000000005a00f8000000000000005a00f8000000000000005a00f8000000000000005a00f8000000000000005a00f800000000000000
02:10:58.266 [DEBUG] [serial] Sin header 0xAA, descartando 128 bytes: f8000000000000004a00f80000000000
02:10:58.275 [DEBUG] [serial] RX 128 bytes: 5a00f8000000000000005a00f8000000000000005a00f8000000000000004a00f8000000000000005a00f8000000000000004a00f8000000000000005a00f8000000000000004a00f8000000000000005a00f8000000000000004a00f8000000000000005a00f8000000000000005a00f8000000000000004a00f80000000000
02:10:58.275 [DEBUG] [serial] Sin header 0xAA, descartando 128 bytes: 5a00f8000000000000005a00f8000000
02:10:58.285 [DEBUG] [serial] RX 128 bytes: 00004a00f8000000000000005a00f8000000000000005a00f8000000000000004a00f8000000000000005a00f8000000000000005a00f8000000000000004a00f8000000000000004a00f8000000000000005a00f8000000000000005a00f8000000000000005a00f8000000000000005a00f8000000000000005a00f8000000
02:10:58.285 [DEBUG] [serial] Sin header 0xAA, descartando 128 bytes: 00004a00f8000000000000005a00f800
02:10:58.295 [DEBUG] [serial] RX 128 bytes: 000000005a00f8000000000000004a00f8000000000000005a00f8000000000000004a00f8000000000000004a00f8000000000000005a00f8000000000000004a00f8000000000000005a00f8000000000000005a00f8000000000000004a00f8000000000000005a00f8000000000000005a00f8000000000000005a00f800
02:10:58.296 [DEBUG] [serial] Sin header 0xAA, descartando 128 bytes: 000000005a00f8000000000000004a00
02:10:58.304 [DEBUG] [serial] RX 128 bytes: 0000000000004a00f8000000000000005a00f8000000000000005a00f8000000000000004a00f8000000000000005a00f8000000000000004a00f8000000000000005a00f8000000000000005a00f8000000000000005a00f8000000000000005a00f8000000000000005a00f8000000000000005a00f8000000000000005a00
02:10:58.304 [DEBUG] [serial] Sin header 0xAA, descartando 128 bytes: 0000000000004a00f800000000000000
02:10:58.313 [DEBUG] [serial] RX 128 bytes: f8000000000000005a00f8000000000000004a00f8000000000000004a00f8000000000000004a00f8000000000000005a00f8000000000000005a00f8000000000000005a00f8000000000000004a00f8000000000000005a00f8000000000000005a00f8000000000000004a00f8000000000000005a00f800000000000000
02:10:58.314 [DEBUG] [serial] Sin header 0xAA, descartando 128 bytes: f8000000000000005a00f80000000000
02:10:58.323 [DEBUG] [serial] RX 128 bytes: 5a00f8000000000000004a00f8000000000000005a00f8000000000000005a00f8000000000000004a00f8000000000000005a00f8000000000000004a00f8000000000000005a00f8000000000000004a00f8000000000000005a00f8000000000000005a00f8000000000000005a00f8000000000000004a00f80000000000
02:10:58.323 [DEBUG] [serial] Sin header 0xAA, descartando 128 bytes: 5a00f8000000000000004a00f8000000
02:10:58.333 [DEBUG] [serial] RX 128 bytes: 00005a00f8000000000000004a00f8000000000000005a00f8000000000000005a00f8000000000000004a00f8000000000000004a00f8000000000000005a00f8000000000000005a00f8000000000000005a00f8000000000000005a00f8000000000000004a00f8000000000000005a00f8000000000000004a00f8000000
02:10:58.333 [DEBUG] [serial] Sin header 0xAA, descartando 128 bytes: 00005a00f8000000000000004a00f800
02:10:58.342 [DEBUG] [serial] RX 128 bytes: 000000005a00f8000000000000004a00f8000000000000005a00f8000000000000005a00f8000000000000004a00f8000000000000005a00f8000000000000005a00f8000000000000005a00f8000000000000004a00f8000000000000005a00f8000000000000004a00f8000000000000005a00f8000000000000004a00f800
02:10:58.343 [DEBUG] [serial] Sin header 0xAA, descartando 128 bytes: 000000005a00f8000000000000004a00
02:10:58.352 [DEBUG] [serial] RX 128 bytes: 0000000000005a00f8000000000000004a00f8000000000000005a00f8000000000000005a00f8000000000000005a00f8000000000000005a00f8000000000000005a00f8000000000000005a00f8000000000000004a00f8000000000000004a00f8000000000000005a00f8000000000000005a00f8000000000000005a00
02:10:58.352 [DEBUG] [serial] Sin header 0xAA, descartando 128 bytes: 0000000000005a00f800000000000000
02:10:58.353 [INFO] [serial] Stats: 0 pkts, 131072 bytes rx
02:10:58.361 [DEBUG] [serial] RX 128 bytes: f8000000000000005a00f8000000000000004a00f8000000000000005a00f8000000000000005a00f8000000000000004a00f8000000000000005a00f8000000000000004a00f8000000000000005a00f8000000000000005a00f8000000000000005a00f8000000000000004a00f8000000000000005a00f800000000000000
02:10:58.361 [DEBUG] [serial] Sin header 0xAA, descartando 128 bytes: f8000000000000005a00f80000000000
02:10:58.371 [DEBUG] [serial] RX 128 bytes: 4a00f8000000000000005a00f8000000000000005a00f8000000000000004a00f8000000000000005a00f8000000000000005a00f8000000000000004a00f8000000000000005a00f8000000000000005a00f8000000000000005a00f8000000000000004a00f8000000000000005a00f8000000000000005a00f80000000000
02:10:58.371 [DEBUG] [serial] Sin header 0xAA, descartando 128 bytes: 4a00f8000000000000005a00f8000000
02:10:58.381 [DEBUG] [serial] RX 128 bytes: 00005a00f8000000000000005a00f8000000000000005a00f8000000000000005a00f8000000000000005a00f8000000000000005a00f8000000000000005a00f8000000000000005a00f8000000000000005a00f8000000000000005a00f8000000000000005a00f8000000000000004a00f8000000000000005a00f8000000
02:10:58.381 [DEBUG] [serial] Sin header 0xAA, descartando 128 bytes: 00005a00f8000000000000005a00f800
02:10:58.390 [DEBUG] [serial] RX 128 bytes: 000000005a00f8000000000000004a00f8000000000000005a00f8000000000000005a00f8000000000000005a00f8000000000000004a00f8000000000000004a00f8000000000000005a00f8000000000000005a00f8000000000000005a00f8000000000000005a00f8000000000000005a00f8000000000000005a00f800
02:10:58.391 [DEBUG] [serial] Sin header 0xAA, descartando 128 bytes: 000000005a00f8000000000000004a00
02:10:58.400 [DEBUG] [serial] RX 128 bytes: 0000000000004a00f8000000000000004a00f8000000000000005a00f8000000000000005a00f8000000000000004a00f8000000000000005a00f8000000000000004a00f8000000000000005a00f8000000000000005a00f8000000000000004a00f8000000000000005a00f8000000000000005a00f8000000000000004a00
02:10:58.400 [DEBUG] [serial] Sin header 0xAA, descartando 128 bytes: 0000000000004a00f800000000000000
02:10:58.409 [DEBUG] [serial] RX 128 bytes: f8000000000000004a00f8000000000000005a00f8000000000000005a00f8000000000000005a00f8000000000000005a00f8000000000000004a00f8000000000000004a00f8000000000000005a00f8000000000000005a00f8000000000000004a00f8000000000000004a00f8000000000000005a00f800000000000000
02:10:58.409 [DEBUG] [serial] Sin header 0xAA, descartando 128 bytes: f8000000000000004a00f80000000000
02:10:58.419 [DEBUG] [serial] RX 128 bytes: 5a00f8000000000000004a00f8000000000000004a00f8000000000000005a00f8000000000000004a00f8000000000000005a00f8000000000000005a00f8000000000000005a00f8000000000000005a00f8000000000000004a00f8000000000000004a00f8000000000000005a00f8000000000000005a00f80000000000
02:10:58.419 [DEBUG] [serial] Sin header 0xAA, descartando 128 bytes: 5a00f8000000000000004a00f8000000
02:10:58.429 [DEBUG] [serial] RX 128 bytes: 00005a00f8000000000000004a00f8000000000000004a00f8000000000000004a00f8000000000000005a00f8000000000000005a00f8000000000000005a00f8000000000000005a00f8000000000000004a00f8000000000000004a00f8000000000000005a00f8000000000000005a00f8000000000000005a00f8000000
02:10:58.429 [DEBUG] [serial] Sin header 0xAA, descartando 128 bytes: 00005a00f8000000000000004a00f800
02:10:58.438 [DEBUG] [serial] RX 128 bytes: 000000005a00f8000000000000005a00f8000000000000004a00f8000000000000005a00f8000000000000005a00f8000000000000005a00f8000000000000005a00f8000000000000005a00f8000000000000005a00f8000000000000005a00f8000000000000004a00f8000000000000005a00f8000000000000005a00f800
02:10:58.438 [DEBUG] [serial] Sin header 0xAA, descartando 128 bytes: 000000005a00f8000000000000005a00
02:10:58.448 [DEBUG] [serial] RX 128 bytes: 0000000000005a00f8000000000000005a00f8000000000000005a00f8000000000000005a00f8000000000000005a00f8000000000000004a00f8000000000000005a00f8000000000000005a00f8000000000000005a00f8000000000000004a00f8000000000000005a00f8000000000000004a00f8000000000000005a00
02:10:58.448 [DEBUG] [serial] Sin header 0xAA, descartando 128 bytes: 0000000000005a00f800000000000000
02:10:58.457 [DEBUG] [serial] RX 128 bytes: f8000000000000004a00f8000000000000005a00f8000000000000004a00f8000000000000005a00f8000000000000004a00f8000000000000005a00f8000000000000005a00f8000000000000005a00f8000000000000005a00f8000000000000004a00f8000000000000004a00f8000000000000005a00f800000000000000
02:10:58.458 [DEBUG] [serial] Sin header 0xAA, descartando 128 bytes: f8000000000000004a00f80000000000
02:10:58.467 [DEBUG] [serial] RX 128 bytes: 5a00f8000000000000005a00f8000000000000005a00f8000000000000005a00f8000000000000005a00f8000000000000004a00f8000000000000005a00f8000000000000005a00f8000000000000005a00f8000000000000005a00f8000000000000005a00f8000000000000005a00f8000000000000004a00f80000000000
02:10:58.467 [DEBUG] [serial] Sin header 0xAA, descartando 128 bytes: 5a00f8000000000000005a00f8000000
02:10:58.476 [DEBUG] [serial] RX 128 bytes: 00005a00f8000000000000005a00f8000000000000005a00f8000000000000005a00f8000000000000005a00f8000000000000005a00f8000000000000005a00f8000000000000005a00f8000000000000005a00f8000000000000005a00f8000000000000004a00f8000000000000004a00f8000000000000005a00f8000000
02:10:58.477 [DEBUG] [serial] Sin header 0xAA, descartando 128 bytes: 00005a00f8000000000000005a00f800
02:10:58.486 [DEBUG] [serial] RX 128 bytes: 000000005a00f8000000000000005a00f8000000000000004a00f8000000000000005a00f8000000000000005a00f8000000000000004a00f8000000000000004a00f8000000000000004a00f8000000000000004a00f8000000000000005a00f8000000000000004a00f8000000000000004a00f8000000000000004a00f800
02:10:58.486 [DEBUG] [serial] Sin header 0xAA, descartando 128 bytes: 000000005a00f8000000000000005a00
02:10:58.496 [DEBUG] [serial] RX 128 bytes: 0000000000004a00f8000000000000005a00f8000000000000005a00f8000000000000005a00f8000000000000004a00f8000000000000005a00f8000000000000005a00f8000000000000005a00f8000000000000004a00f8000000000000005a00f8000000000000005a00f8000000000000005a00f8000000000000004a00
02:10:58.496 [DEBUG] [serial] Sin header 0xAA, descartando 128 bytes: 0000000000004a00f800000000000000
02:10:58.505 [DEBUG] [serial] RX 128 bytes: f8000000000000005a00f8000000000000005a00f8000000000000004a00f8000000000000005a00f8000000000000004a00f8000000000000005a00f8000000000000005a00f8000000000000004a00f8000000000000005a00f8000000000000005a00f8000000000000005a00f8000000000000004a00f800000000000000
02:10:58.505 [DEBUG] [serial] Sin header 0xAA, descartando 128 bytes: f8000000000000005a00f80000000000
02:10:58.515 [DEBUG] [serial] RX 128 bytes: 5a00f8000000000000005a00f8000000000000004a00f8000000000000005a00f8000000000000004a00f8000000000000005a00f8000000000000004a00f8000000000000004a00f8000000000000005a00f8000000000000005a00f8000000000000004a00f8000000000000005a00f8000000000000005a00f80000000000
02:10:58.515 [DEBUG] [serial] Sin header 0xAA, descartando 128 bytes: 5a00f8000000000000005a00f8000000
02:10:58.524 [DEBUG] [serial] RX 128 bytes: 00005a00f8000000000000004a00f8000000000000005a00f8000000000000004a00f8000000000000005a00f8000000000000005a00f8000000000000005a00f8000000000000005a00f8000000000000005a00f8000000000000005a00f8000000000000004a00f8000000000000005a00f8000000000000005a00f8000000
02:10:58.525 [DEBUG] [serial] Sin header 0xAA, descartando 128 bytes: 00005a00f8000000000000004a00f800
02:10:58.534 [DEBUG] [serial] RX 128 bytes: 000000004a00f8000000000000005a00f8000000000000005a00f8000000000000005a00f8000000000000005a00f8000000000000004a00f8000000000000005a00f8000000000000005a00f8000000000000005a00f8000000000000005a00f8000000000000005a00f8000000000000005a00f8000000000000005a00f800
02:10:58.534 [DEBUG] [serial] Sin header 0xAA, descartando 128 bytes: 000000004a00f8000000000000005a00
02:10:58.544 [DEBUG] [serial] RX 128 bytes: 0000000000005a00f8000000000000005a00f8000000000000004a00f8000000000000005a00f8000000000000004a00f8000000000000005a00f8000000000000004a00f8000000000000005a00f8000000000000004a00f8000000000000005a00f8000000000000005a00f8000000000000005a00f8000000000000004a00
02:10:58.544 [DEBUG] [serial] Sin header 0xAA, descartando 128 bytes: 0000000000005a00f800000000000000
02:10:58.553 [DEBUG] [serial] RX 128 bytes: f8000000000000005a00f8000000000000004a00f8000000000000005a00f8000000000000004a00f8000000000000005a00f8000000000000004a00f8000000000000005a00f8000000000000005a00f8000000000000004a00f8000000000000005a00f8000000000000005a00f8000000000000005a00f800000000000000
02:10:58.553 [DEBUG] [serial] Sin header 0xAA, descartando 128 bytes: f8000000000000005a00f80000000000
02:10:58.563 [DEBUG] [serial] RX 128 bytes: 4a00f8000000000000005a00f8000000000000005a00f8000000000000004a00f8000000000000005a00f8000000000000005a00f8000000000000004a00f8000000000000005a00f8000000000000005a00f8000000000000004a00f8000000000000005a00f8000000000000005a00f8000000000000005a00f80000000000
02:10:58.563 [DEBUG] [serial] Sin header 0xAA, descartando 128 bytes: 4a00f8000000000000005a00f8000000
02:10:58.572 [DEBUG] [serial] RX 128 bytes: 00005a00f8000000000000005a00f8000000000000004a00f8000000000000004a00f8000000000000005a00f8000000000000005a00f8000000000000005a00f8000000000000005a00f8000000000000005a00f8000000000000005a00f8000000000000004a00f8000000000000004a00f8000000000000004a00f8000000
02:10:58.573 [DEBUG] [serial] Sin header 0xAA, descartando 128 bytes: 00005a00f8000000000000005a00f800
02:10:58.582 [DEBUG] [serial] RX 128 bytes: 000000004a00f8000000000000005a00f8000000000000005a00f8000000000000005a00f8000000000000005a00f8000000000000004a00f8000000000000005a00f8000000000000005a00f8000000000000005a00f8000000000000005a00f8000000000000005a00f8000000000000005a00f8000000000000004a00f800
02:10:58.582 [DEBUG] [serial] Sin header 0xAA, descartando 128 bytes: 000000004a00f8000000000000005a00
02:10:58.592 [DEBUG] [serial] RX 128 bytes: 0000000000005a00f8000000000000005a00f8000000000000005a00f8000000000000005a00f8000000000000004a00f8000000000000005a00f8000000000000004a00f8000000000000005a00f8000000000000004a00f8000000000000005a00f8000000000000005a00f8000000000000005a00f8000000000000004a00
02:10:58.592 [DEBUG] [serial] Sin header 0xAA, descartando 128 bytes: 0000000000005a00f800000000000000
02:10:58.601 [DEBUG] [serial] RX 128 bytes: f8000000000000004a00f8000000000000004a00f8000000000000005a00f8000000000000004a00f8000000000000004a00f8000000000000005a00f8000000000000004a00f8000000000000005a00f8000000000000005a00f8000000000000005a00f8000000000000005a00f8000000000000004a00f800000000000000
02:10:58.601 [DEBUG] [serial] Sin header 0xAA, descartando 128 bytes: f8000000000000004a00f80000000000
02:10:58.611 [DEBUG] [serial] RX 128 bytes: 5a00f8000000000000004a00f8000000000000004a00f8000000000000004a00f8000000000000004a00f8000000000000004a00f8000000000000004a00f8000000000000005a00f8000000000000005a00f8000000000000004a00f8000000000000004a00f8000000000000005a00f8000000000000005a00f80000000000
02:10:58.611 [DEBUG] [serial] Sin header 0xAA, descartando 128 bytes: 5a00f8000000000000004a00f8000000
02:10:58.620 [DEBUG] [serial] RX 128 bytes: 00004a00f8000000000000005a00f8000000000000005a00f8000000000000005a00f8000000000000005a00f8000000000000004a00f8000000000000004a00f8000000000000005a00f8000000000000005a00f8000000000000005a00f8000000000000004a00f8000000000000005a00f8000000000000005a00f8000000
02:10:58.621 [DEBUG] [serial] Sin header 0xAA, descartando 128 bytes: 00004a00f8000000000000005a00f800
02:10:58.630 [DEBUG] [serial] RX 128 bytes: 000000005a00f8000000000000005a00f8000000000000005a00f8000000000000005a00f8000000000000004a00f8000000000000005a00f8000000000000005a00f8000000000000005a00f8000000000000004a00f8000000000000005a00f8000000000000005a00f8000000000000004a00f8000000000000004a00f800
02:10:58.630 [DEBUG] [serial] Sin header 0xAA, descartando 128 bytes: 000000005a00f8000000000000005a00
02:10:58.640 [DEBUG] [serial] RX 128 bytes: 0000000000005a00f8000000000000004a00f8000000000000005a00f8000000000000005a00f8000000000000005a00f8000000000000005a00f8000000000000004a00f8000000000000004a00f8000000000000005a00f8000000000000005a00f8000000000000004a00f8000000000000004a00f8000000000000005a00
02:10:58.640 [DEBUG] [serial] Sin header 0xAA, descartando 128 bytes: 0000000000005a00f800000000000000
02:10:58.649 [DEBUG] [serial] RX 128 bytes: f8000000000000005a00f8000000000000005a00f8000000000000005a00f8000000000000005a00f8000000000000005a00f8000000000000004a00f8000000000000005a00f8000000000000005a00f8000000000000005a00f8000000000000005a00f8000000000000004a00f8000000000000004a00f800000000000000
02:10:58.649 [DEBUG] [serial] Sin header 0xAA, descartando 128 bytes: f8000000000000005a00f80000000000
02:10:58.659 [DEBUG] [serial] RX 128 bytes: 5a00f8000000000000004a00f8000000000000004a00f8000000000000005a00f8000000000000005a00f8000000000000004a00f8000000000000004a00f8000000000000005a00f8000000000000005a00f8000000000000005a00f8000000000000005a00f8000000000000004a00f8000000000000005a00f80000000000
02:10:58.659 [DEBUG] [serial] Sin header 0xAA, descartando 128 bytes: 5a00f8000000000000004a00f8000000
02:10:58.668 [DEBUG] [serial] RX 128 bytes: 00005a00f8000000000000004a00f8000000000000005a00f8000000000000005a00f8000000000000005a00f8000000000000005a00f8000000000000005a00f8000000000000004a00f8000000000000005a00f8000000000000005a00f8000000000000004a00f8000000000000004a00f8000000000000005a00f8000000
02:10:58.669 [DEBUG] [serial] Sin header 0xAA, descartando 128 bytes: 00005a00f8000000000000004a00f800
02:10:58.678 [DEBUG] [serial] RX 128 bytes: 000000005a00f8000000000000005a00f8000000000000004a00f8000000000000004a00f8000000000000005a00f8000000000000005a00f8000000000000005a00f8000000000000005a00f8000000000000005a00f8000000000000004a00f8000000000000004a00f8000000000000005a00f8000000000000005a00f800
02:10:58.678 [DEBUG] [serial] Sin header 0xAA, descartando 128 bytes: 000000005a00f8000000000000005a00
02:10:58.688 [DEBUG] [serial] RX 128 bytes: 0000000000005a00f8000000000000004a00f8000000000000005a00f8000000000000005a00f8000000000000005a00f8000000000000004a00f8000000000000005a00f8000000000000005a00f8000000000000005a00f8000000000000004a00f8000000000000005a00f8000000000000005a00f8000000000000004a00
02:10:58.688 [DEBUG] [serial] Sin header 0xAA, descartando 128 bytes: 0000000000005a00f800000000000000
02:10:58.697 [DEBUG] [serial] RX 128 bytes: f8000000000000005a00f8000000000000005a00f8000000000000004a00f8000000000000005a00f8000000000000005a00f8000000000000005a00f8000000000000005a00f8000000000000005a00f8000000000000005a00f8000000000000004a00f8000000000000005a00f8000000000000005a00f800000000000000
02:10:58.697 [DEBUG] [serial] Sin header 0xAA, descartando 128 bytes: f8000000000000005a00f80000000000
02:10:58.707 [DEBUG] [serial] RX 128 bytes: 5a00f8000000000000005a00f8000000000000005a00f8000000000000004a00f8000000000000005a00f8000000000000005a00f8000000000000004a00f8000000000000005a00f8000000000000005a00f8000000000000004a00f8000000000000005a00f8000000000000005a00f8000000000000004a00f80000000000
02:10:58.707 [DEBUG] [serial] Sin header 0xAA, descartando 128 bytes: 5a00f8000000000000005a00f8000000
02:10:58.716 [DEBUG] [serial] RX 128 bytes: 00005a00f8000000000000005a00f8000000000000005a00f8000000000000005a00f8000000000000004a00f8000000000000004a00f8000000000000005a00f8000000000000005a00f8000000000000004a00f8000000000000004a00f8000000000000004a00f8000000000000005a00f8000000000000005a00f8000000
02:10:58.716 [DEBUG] [serial] Sin header 0xAA, descartando 128 bytes: 00005a00f8000000000000005a00f800
02:10:58.726 [DEBUG] [serial] RX 128 bytes: 000000005a00f8000000000000004a00f8000000000000004a00f8000000000000005a00f8000000000000005a00f8000000000000005a00f8000000000000004a00f8000000000000005a00f8000000000000005a00f8000000000000004a00f8000000000000005a00f8000000000000005a00f8000000000000004a00f800
02:10:58.726 [DEBUG] [serial] Sin header 0xAA, descartando 128 bytes: 000000005a00f8000000000000004a00
02:10:58.736 [DEBUG] [serial] RX 128 bytes: 0000000000005a00f8000000000000005a00f8000000000000004a00f8000000000000005a00f8000000000000005a00f8000000000000004a00f8000000000000005a00f8000000000000005a00f8000000000000005a00f8000000000000004a00f8000000000000005a00f8000000000000005a00f8000000000000005a00
02:10:58.736 [DEBUG] [serial] Sin header 0xAA, descartando 128 bytes: 0000000000005a00f800000000000000
02:10:58.745 [DEBUG] [serial] RX 128 bytes: f8000000000000004a00f8000000000000004a00f8000000000000005a00f8000000000000005a00f8000000000000004a00f8000000000000004a00f8000000000000004a00f8000000000000004a00f8000000000000004a00f8000000000000005a00f8000000000000005a00f8000000000000005a00f800000000000000
02:10:58.745 [DEBUG] [serial] Sin header 0xAA, descartando 128 bytes: f8000000000000004a00f80000000000
02:10:58.754 [DEBUG] [serial] RX 128 bytes: 5a00f8000000000000005a00f8000000000000005a00f8000000000000004a00f8000000000000005a00f8000000000000004a00f8000000000000004a00f8000000000000005a00f8000000000000005a00f8000000000000005a00f8000000000000005a00f8000000000000005a00f8000000000000005a00f80000000000
02:10:58.755 [DEBUG] [serial] Sin header 0xAA, descartando 128 bytes: 5a00f8000000000000005a00f8000000
02:10:58.764 [DEBUG] [serial] RX 128 bytes: 00004a00f8000000000000005a00f8000000000000005a00f8000000000000004a00f8000000000000005a00f8000000000000005a00f8000000000000005a00f8000000000000004a00f8000000000000005a00f8000000000000005a00f8000000000000004a00f8000000000000005a00f8000000000000004a00f8000000
02:10:58.765 [DEBUG] [serial] Sin header 0xAA, descartando 128 bytes: 00004a00f8000000000000005a00f800
02:10:58.774 [DEBUG] [serial] RX 128 bytes: 000000005a00f8000000000000004a00f8000000000000004a00f8000000000000005a00f8000000000000005a00f8000000000000005a00f8000000000000005a00f8000000000000004a00f8000000000000005a00f8000000000000005a00f8000000000000005a00f8000000000000005a00f8000000000000005a00f800
02:10:58.774 [DEBUG] [serial] Sin header 0xAA, descartando 128 bytes: 000000005a00f8000000000000004a00
02:10:58.783 [DEBUG] [serial] RX 128 bytes: 0000000000004a00f8000000000000004a00f8000000000000005a00f8000000000000005a00f8000000000000004a00f8000000000000004a00f8000000000000005a00f8000000000000005a00f8000000000000004a00f8000000000000005a00f8000000000000005a00f8000000000000004a00f8000000000000005a00
02:10:58.784 [DEBUG] [serial] Sin header 0xAA, descartando 128 bytes: 0000000000004a00f800000000000000
02:10:58.793 [DEBUG] [serial] RX 128 bytes: f8000000000000005a00f8000000000000005a00f8000000000000005a00f8000000000000004a00f8000000000000004a00f8000000000000005a00f8000000000000005a00f8000000000000005a00f8000000000000004a00f8000000000000005a00f8000000000000005a00f8000000000000004a00f800000000000000
02:10:58.793 [DEBUG] [serial] Sin header 0xAA, descartando 128 bytes: f8000000000000005a00f80000000000
02:10:58.802 [DEBUG] [serial] RX 128 bytes: 5a00f8000000000000005a00f8000000000000004a00f8000000000000005a00f8000000000000004a00f8000000000000005a00f8000000000000004a00f8000000000000005a00f8000000000000004a00f8000000000000005a00f8000000000000004a00f8000000000000005a00f8000000000000004a00f80000000000
02:10:58.803 [DEBUG] [serial] Sin header 0xAA, descartando 128 bytes: 5a00f8000000000000005a00f8000000
02:10:58.812 [DEBUG] [serial] RX 128 bytes: 00004a00f8000000000000004a00f8000000000000005a00f8000000000000005a00f8000000000000005a00f8000000000000005a00f8000000000000005a00f8000000000000004a00f8000000000000004a00f8000000000000004a00f8000000000000005a00f8000000000000005a00f8000000000000005a00f8000000
02:10:58.812 [DEBUG] [serial] Sin header 0xAA, descartando 128 bytes: 00004a00f8000000000000004a00f800
02:10:58.822 [DEBUG] [serial] RX 128 bytes: 000000005a00f8000000000000005a00f8000000000000004a00f8000000000000005a00f8000000000000004a00f8000000000000005a00f8000000000000004a00f8000000000000005a00f8000000000000005a00f8000000000000005a00f8000000000000004a00f8000000000000005a00f8000000000000005a00f800
02:10:58.822 [DEBUG] [serial] Sin header 0xAA, descartando 128 bytes: 000000005a00f8000000000000005a00
02:10:58.831 [DEBUG] [serial] RX 128 bytes: 0000000000004a00f8000000000000005a00f8000000000000005a00f8000000000000004a00f8000000000000004a00f8000000000000005a00f8000000000000004a00f8000000000000004a00f8000000000000005a00f8000000000000005a00f8000000000000005a00f8000000000000005a00f8000000000000005a00
02:10:58.832 [DEBUG] [serial] Sin header 0xAA, descartando 128 bytes: 0000000000004a00f800000000000000
02:10:58.841 [DEBUG] [serial] RX 128 bytes: f8000000000000005a00f8000000000000005a00f8000000000000005a00f8000000000000004a00f8000000000000005a00f8000000000000004a00f8000000000000004a00f8000000000000005a00f8000000000000004a00f8000000000000005a00f8000000000000005a00f8000000000000005a00f800000000000000
02:10:58.841 [DEBUG] [serial] Sin header 0xAA, descartando 128 bytes: f8000000000000005a00f80000000000
02:10:58.850 [DEBUG] [serial] RX 128 bytes: 4a00f8000000000000005a00f8000000000000005a00f8000000000000004a00f8000000000000004a00f8000000000000005a00f8000000000000005a00f8000000000000005a00f8000000000000005a00f8000000000000005a00f8000000000000004a00f8000000000000005a00f8000000000000005a00f80000000000
02:10:58.851 [DEBUG] [serial] Sin header 0xAA, descartando 128 bytes: 4a00f8000000000000005a00f8000000
02:10:58.860 [DEBUG] [serial] RX 128 bytes: 00005a00f8000000000000005a00f8000000000000004a00f8000000000000005a00f8000000000000004a00f8000000000000005a00f8000000000000004a00f8000000000000005a00f8000000000000004a00f8000000000000004a00f8000000000000005a00f8000000000000005a00f8000000000000005a00f8000000
02:10:58.860 [DEBUG] [serial] Sin header 0xAA, descartando 128 bytes: 00005a00f8000000000000005a00f800
02:10:58.870 [DEBUG] [serial] RX 128 bytes: 000000005a00f8000000000000005a00f8000000000000004a00f8000000000000005a00f8000000000000004a00f8000000000000005a00f8000000000000005a00f8000000000000005a00f8000000000000005a00f8000000000000005a00f8000000000000004a00f8000000000000005a00f8000000000000004a00f800
02:10:58.870 [DEBUG] [serial] Sin header 0xAA, descartando 128 bytes: 000000005a00f8000000000000005a00
02:10:58.879 [DEBUG] [serial] RX 128 bytes: 0000000000005a00f8000000000000005a00f8000000000000004a00f8000000000000004a00f8000000000000005a00f8000000000000005a00f8000000000000004a00f8000000000000005a00f8000000000000005a00f8000000000000004a00f8000000000000005a00f8000000000000004a00f8000000000000005a00
02:10:58.880 [DEBUG] [serial] Sin header 0xAA, descartando 128 bytes: 0000000000005a00f800000000000000
02:10:58.889 [DEBUG] [serial] RX 128 bytes: f8000000000000005a00f8000000000000004a00f8000000000000005a00f8000000000000004a00f8000000000000004a00f8000000000000005a00f8000000000000004a00f8000000000000005a00f8000000000000005a00f8000000000000005a00f8000000000000005a00f8000000000000005a00f800000000000000
02:10:58.889 [DEBUG] [serial] Sin header 0xAA, descartando 128 bytes: f8000000000000005a00f80000000000
02:10:58.898 [DEBUG] [serial] RX 128 bytes: 4a00f8000000000000005a00f8000000000000005a00f8000000000000004a00f8000000000000004a00f8000000000000005a00f8000000000000004a00f8000000000000004a00f8000000000000005a00f8000000000000004a00f8000000000000004a00f8000000000000005a00f8000000000000005a00f80000000000
02:10:58.899 [DEBUG] [serial] Sin header 0xAA, descartando 128 bytes: 4a00f8000000000000005a00f8000000
02:10:58.908 [DEBUG] [serial] RX 128 bytes: 00005a00f8000000000000004a00f8000000000000005a00f8000000000000005a00f8000000000000004a00f8000000000000004a00f8000000000000005a00f8000000000000005a00f8000000000000004a00f8000000000000005a00f8000000000000005a00f8000000000000004a00f8000000000000005a00f8000000
02:10:58.908 [DEBUG] [serial] Sin header 0xAA, descartando 128 bytes: 00005a00f8000000000000004a00f800
02:10:58.918 [DEBUG] [serial] RX 128 bytes: 000000005a00f8000000000000005a00f8000000000000004a00f8000000000000005a00f8000000000000005a00f8000000000000005a00f8000000000000005a00f8000000000000004a00f8000000000000004a00f8000000000000004a00f8000000000000004a00f8000000000000004a00f8000000000000004a00f800
02:10:58.918 [DEBUG] [serial] Sin header 0xAA, descartando 128 bytes: 000000005a00f8000000000000005a00
02:10:58.927 [DEBUG] [serial] RX 128 bytes: 0000000000005a00f8000000000000005a00f8000000000000005a00f8000000000000004a00f8000000000000005a00f8000000000000005a00f8000000000000005a00f8000000000000005a00f8000000000000004a00f8000000000000005a00f8000000000000005a00f8000000000000004a00f8000000000000005a00
02:10:58.927 [DEBUG] [serial] Sin header 0xAA, descartando 128 bytes: 0000000000005a00f800000000000000
02:10:58.937 [DEBUG] [serial] RX 128 bytes: f8000000000000005a00f8000000000000005a00f8000000000000004a00f8000000000000004a00f8000000000000005a00f8000000000000005a00f8000000000000004a00f8000000000000005a00f8000000000000004a00f8000000000000005a00f8000000000000004a00f8000000000000005a00f800000000000000
02:10:58.937 [DEBUG] [serial] Sin header 0xAA, descartando 128 bytes: f8000000000000005a00f80000000000
02:10:58.946 [DEBUG] [serial] RX 128 bytes: 5a00f8000000000000005a00f8000000000000005a00f8000000000000004a00f8000000000000005a00f8000000000000004a00f8000000000000005a00f8000000000000004a00f8000000000000005a00f8000000000000005a00f8000000000000004a00f8000000000000005a00f8000000000000005a00f80000000000
02:10:58.946 [DEBUG] [serial] Sin header 0xAA, descartando 128 bytes: 5a00f8000000000000005a00f8000000
02:10:58.956 [DEBUG] [serial] RX 128 bytes: 00004a00f8000000000000005a00f8000000000000004a00f8000000000000004a00f8000000000000005a00f8000000000000005a00f8000000000000004a00f8000000000000005a00f8000000000000004a00f8000000000000004a00f8000000000000005a00f8000000000000005a00f8000000000000004a00f8000000
02:10:58.956 [DEBUG] [serial] Sin header 0xAA, descartando 128 bytes: 00004a00f8000000000000005a00f800
02:10:58.966 [DEBUG] [serial] RX 128 bytes: 000000004a00f8000000000000005a00f8000000000000005a00f8000000000000005a00f8000000000000005a00f8000000000000004a00f8000000000000004a00f8000000000000005a00f8000000000000005a00f8000000000000004a00f8000000000000005a00f8000000000000005a00f8000000000000005a00f800
02:10:58.966 [DEBUG] [serial] Sin header 0xAA, descartando 128 bytes: 000000004a00f8000000000000005a00
02:10:58.975 [DEBUG] [serial] RX 128 bytes: 0000000000004a00f8000000000000005a00f8000000000000005a00f8000000000000005a00f8000000000000004a00f8000000000000005a00f8000000000000005a00f8000000000000004a00f8000000000000005a00f8000000000000004a00f8000000000000005a00f8000000000000005a00f8000000000000005a00
02:10:58.975 [DEBUG] [serial] Sin header 0xAA, descartando 128 bytes: 0000000000004a00f800000000000000
02:10:58.985 [DEBUG] [serial] RX 128 bytes: f8000000000000005a00f8000000000000005a00f8000000000000004a00f8000000000000005a00f8000000000000005a00f8000000000000005a00f8000000000000004a00f8000000000000005a00f8000000000000004a00f8000000000000005a00f8000000000000004a00f8000000000000005a00f800000000000000
02:10:58.985 [DEBUG] [serial] Sin header 0xAA, descartando 128 bytes: f8000000000000005a00f80000000000
02:10:58.994 [DEBUG] [serial] RX 128 bytes: 4a00f8000000000000005a00f8000000000000005a00f8000000000000004a00f8000000000000005a00f8000000000000005a00f8000000000000004a00f8000000000000005a00f8000000000000004a00f8000000000000005a00f8000000000000005a00f8000000000000005a00f8000000000000004a00f80000000000
02:10:58.994 [DEBUG] [serial] Sin header 0xAA, descartando 128 bytes: 4a00f8000000000000005a00f8000000
02:10:59.004 [DEBUG] [serial] RX 128 bytes: 00005a00f8000000000000005a00f8000000000000005a00f8000000000000005a00f8000000000000005a00f8000000000000004a00f8000000000000005a00f8000000000000005a00f8000000000000004a00f8000000000000004a00f8000000000000005a00f8000000000000005a00f8000000000000005a00f8000000
02:10:59.004 [DEBUG] [serial] Sin header 0xAA, descartando 128 bytes: 00005a00f8000000000000005a00f800
02:10:59.014 [DEBUG] [serial] RX 128 bytes: 000000005a00f8000000000000005a00f8000000000000005a00f8000000000000004a00f8000000000000004a00f8000000000000005a00f8000000000000005a00f8000000000000005a00f8000000000000005a00f8000000000000005a00f8000000000000005a00f8000000000000005a00f8000000000000005a00f800
02:10:59.014 [DEBUG] [serial] Sin header 0xAA, descartando 128 bytes: 000000005a00f8000000000000005a00
02:10:59.023 [DEBUG] [serial] RX 128 bytes: 0000000000004a00f8000000000000004a00f8000000000000005a00f8000000000000004a00f8000000000000005a00f8000000000000005a00f8000000000000005a00f8000000000000005a00f8000000000000005a00f8000000000000005a00f8000000000000005a00f8000000000000005a00f8000000000000005a00
02:10:59.023 [DEBUG] [serial] Sin header 0xAA, descartando 128 bytes: 0000000000004a00f800000000000000
02:10:59.033 [DEBUG] [serial] RX 128 bytes: f8000000000000004a00f8000000000000005a00f8000000000000005a00f8000000000000004a00f8000000000000005a00f8000000000000005a00f8000000000000005a00f8000000000000004a00f8000000000000004a00f8000000000000005a00f8000000000000005a00f8000000000000005a00f800000000000000
02:10:59.033 [DEBUG] [serial] Sin header 0xAA, descartando 128 bytes: f8000000000000004a00f80000000000
02:10:59.042 [DEBUG] [serial] RX 128 bytes: 4a00f8000000000000005a00f8000000000000005a00f8000000000000005a00f8000000000000004a00f8000000000000004a00f8000000000000004a00f8000000000000005a00f8000000000000005a00f8000000000000004a00f8000000000000005a00f8000000000000005a00f8000000000000005a00f80000000000
02:10:59.042 [DEBUG] [serial] Sin header 0xAA, descartando 128 bytes: 4a00f8000000000000005a00f8000000
02:10:59.052 [DEBUG] [serial] RX 128 bytes: 00005a00f8000000000000004a00f8000000000000005a00f8000000000000005a00f8000000000000005a00f8000000000000005a00f8000000000000005a00f8000000000000005a00f8000000000000004a00f8000000000000004a00f8000000000000004a00f8000000000000005a00f8000000000000004a00f8000000
02:10:59.052 [DEBUG] [serial] Sin header 0xAA, descartando 128 bytes: 00005a00f8000000000000004a00f800
02:10:59.061 [DEBUG] [serial] RX 128 bytes: 000000004a00f8000000000000005a00f8000000000000005a00f8000000000000005a00f8000000000000004a00f8000000000000005a00f8000000000000005a00f8000000000000004a00f8000000000000004a00f8000000000000005a00f8000000000000005a00f8000000000000005a00f8000000000000005a00f800
02:10:59.062 [DEBUG] [serial] Sin header 0xAA, descartando 128 bytes: 000000004a00f8000000000000005a00
02:10:59.071 [DEBUG] [serial] RX 128 bytes: 0000000000004a00f8000000000000004a00f8000000000000005a00f8000000000000004a00f8000000000000005a00f8000000000000005a00f8000000000000005a00f8000000000000005a00f8000000000000005a00f8000000000000005a00f8000000000000005a00f8000000000000005a00f8000000000000004a00
02:10:59.071 [DEBUG] [serial] Sin header 0xAA, descartando 128 bytes: 0000000000004a00f800000000000000
02:10:59.080 [DEBUG] [serial] RX 128 bytes: f8000000000000005a00f8000000000000005a00f8000000000000005a00f8000000000000005a00f8000000000000004a00f8000000000000005a00f8000000000000005a00f8000000000000004a00f8000000000000005a00f8000000000000005a00f8000000000000005a00f8000000000000004a00f800000000000000
02:10:59.081 [DEBUG] [serial] Sin header 0xAA, descartando 128 bytes: f8000000000000005a00f80000000000
02:10:59.090 [DEBUG] [serial] RX 128 bytes: 4a00f8000000000000005a00f8000000000000005a00f8000000000000004a00f8000000000000005a00f8000000000000005a00f8000000000000005a00f8000000000000005a00f8000000000000004a00f8000000000000005a00f8000000000000005a00f8000000000000005a00f8000000000000005a00f80000000000
02:10:59.090 [DEBUG] [serial] Sin header 0xAA, descartando 128 bytes: 4a00f8000000000000005a00f8000000
02:10:59.100 [DEBUG] [serial] RX 128 bytes: 00004a00f8000000000000005a00f8000000000000004a00f8000000000000005a00f8000000000000004a00f8000000000000004a00f8000000000000005a00f8000000000000004a00f8000000000000005a00f8000000000000004a00f8000000000000005a00f8000000000000004a00f8000000000000004a00f8000000
02:10:59.100 [DEBUG] [serial] Sin header 0xAA, descartando 128 bytes: 00004a00f8000000000000005a00f800
02:10:59.109 [DEBUG] [serial] RX 128 bytes: 000000005a00f8000000000000005a00f8000000000000004a00f8000000000000005a00f8000000000000004a00f8000000000000005a00f8000000000000004a00f8000000000000005a00f8000000000000005a00f8000000000000005a00f8000000000000004a00f8000000000000005a00f8000000000000005a00f800
02:10:59.110 [DEBUG] [serial] Sin header 0xAA, descartando 128 bytes: 000000005a00f8000000000000005a00
02:10:59.119 [DEBUG] [serial] RX 128 bytes: 0000000000004a00f8000000000000005a00f8000000000000005a00f8000000000000004a00f8000000000000005a00f8000000000000005a00f8000000000000005a00f8000000000000005a00f8000000000000004a00f8000000000000005a00f8000000000000004a00f8000000000000005a00f8000000000000004a00
02:10:59.119 [DEBUG] [serial] Sin header 0xAA, descartando 128 bytes: 0000000000004a00f800000000000000
02:10:59.128 [DEBUG] [serial] RX 128 bytes: f8000000000000005a00f8000000000000004a00f8000000000000004a00f8000000000000005a00f8000000000000004a00f8000000000000005a00f8000000000000005a00f8000000000000004a00f8000000000000004a00f8000000000000005a00f8000000000000005a00f8000000000000004a00f800000000000000
02:10:59.129 [DEBUG] [serial] Sin header 0xAA, descartando 128 bytes: f8000000000000005a00f80000000000
02:10:59.138 [DEBUG] [serial] RX 128 bytes: 5a00f8000000000000004a00f8000000000000005a00f8000000000000005a00f8000000000000004a00f8000000000000005a00f8000000000000005a00f8000000000000005a00f8000000000000005a00f8000000000000004a00f8000000000000005a00f8000000000000005a00f8000000000000005a00f80000000000
02:10:59.138 [DEBUG] [serial] Sin header 0xAA, descartando 128 bytes: 5a00f8000000000000004a00f8000000
02:10:59.148 [DEBUG] [serial] RX 128 bytes: 00005a00f8000000000000005a00f8000000000000004a00f8000000000000005a00f8000000000000005a00f8000000000000005a00f8000000000000004a00f8000000000000005a00f8000000000000005a00f8000000000000004a00f8000000000000005a00f8000000000000005a00f8000000000000005a00f8000000
02:10:59.149 [DEBUG] [serial] Sin header 0xAA, descartando 128 bytes: 00005a00f8000000000000005a00f800
02:10:59.157 [DEBUG] [serial] RX 128 bytes: 000000005a00f8000000000000004a00f8000000000000004a00f8000000000000005a00f8000000000000005a00f8000000000000004a00f8000000000000004a00f8000000000000005a00f8000000000000005a00f8000000000000004a00f8000000000000005a00f8000000000000005a00f8000000000000004a00f800
02:10:59.158 [DEBUG] [serial] Sin header 0xAA, descartando 128 bytes: 000000005a00f8000000000000004a00
02:10:59.167 [DEBUG] [serial] RX 128 bytes: 0000000000005a00f8000000000000004a00f8000000000000005a00f8000000000000005a00f8000000000000004a00f8000000000000005a00f8000000000000005a00f8000000000000005a00f8000000000000005a00f8000000000000005a00f8000000000000005a00f8000000000000005a00f8000000000000005a00
02:10:59.167 [DEBUG] [serial] Sin header 0xAA, descartando 128 bytes: 0000000000005a00f800000000000000
02:10:59.176 [DEBUG] [serial] RX 128 bytes: f8000000000000005a00f8000000000000004a00f8000000000000004a00f8000000000000005a00f8000000000000004a00f8000000000000005a00f8000000000000005a00f8000000000000004a00f8000000000000004a00f8000000000000004a00f8000000000000005a00f8000000000000005a00f800000000000000
02:10:59.179 [DEBUG] [serial] Sin header 0xAA, descartando 128 bytes: f8000000000000005a00f80000000000
02:10:59.186 [DEBUG] [serial] RX 128 bytes: 4a00f8000000000000004a00f8000000000000005a00f8000000000000005a00f8000000000000004a00f8000000000000005a00f8000000000000004a00f8000000000000005a00f8000000000000004a00f8000000000000005a00f8000000000000005a00f8000000000000005a00f8000000000000004a00f80000000000
02:10:59.186 [DEBUG] [serial] Sin header 0xAA, descartando 128 bytes: 4a00f8000000000000004a00f8000000
02:10:59.196 [DEBUG] [serial] RX 128 bytes: 00005a00f8000000000000004a00f8000000000000005a00f8000000000000005a00f8000000000000004a00f8000000000000005a00f8000000000000004a00f8000000000000005a00f8000000000000004a00f8000000000000004a00f8000000000000005a00f8000000000000004a00f8000000000000005a00f8000000
02:10:59.196 [DEBUG] [serial] Sin header 0xAA, descartando 128 bytes: 00005a00f8000000000000004a00f800
02:10:59.205 [DEBUG] [serial] RX 128 bytes: 000000005a00f8000000000000004a00f8000000000000004a00f8000000000000005a00f8000000000000005a00f8000000000000005a00f8000000000000004a00f8000000000000004a00f8000000000000005a00f8000000000000005a00f8000000000000004a00f8000000000000005a00f8000000000000005a00f800
02:10:59.206 [DEBUG] [serial] Sin header 0xAA, descartando 128 bytes: 000000005a00f8000000000000004a00
02:10:59.215 [DEBUG] [serial] RX 128 bytes: 0000000000005a00f8000000000000005a00f8000000000000004a00f8000000000000005a00f8000000000000005a00f8000000000000005a00f8000000000000004a00f8000000000000005a00f8000000000000004a00f8000000000000005a00f8000000000000004a00f8000000000000004a00f8000000000000005a00
02:10:59.215 [DEBUG] [serial] Sin header 0xAA, descartando 128 bytes: 0000000000005a00f800000000000000
02:10:59.224 [DEBUG] [serial] RX 128 bytes: f8000000000000004a00f8000000000000005a00f8000000000000005a00f8000000000000004a00f8000000000000005a00f8000000000000005a00f8000000000000004a00f8000000000000005a00f8000000000000005a00f8000000000000005a00f8000000000000005a00f8000000000000005a00f800000000000000
02:10:59.225 [DEBUG] [serial] Sin header 0xAA, descartando 128 bytes: f8000000000000004a00f80000000000
02:10:59.234 [DEBUG] [serial] RX 128 bytes: 5a00f8000000000000004a00f8000000000000005a00f8000000000000005a00f8000000000000005a00f8000000000000004a00f8000000000000005a00f8000000000000005a00f8000000000000004a00f8000000000000005a00f8000000000000005a00f8000000000000005a00f8000000000000004a00f80000000000
02:10:59.234 [DEBUG] [serial] Sin header 0xAA, descartando 128 bytes: 5a00f8000000000000004a00f8000000
02:10:59.244 [DEBUG] [serial] RX 128 bytes: 00005a00f8000000000000005a00f8000000000000005a00f8000000000000004a00f8000000000000005a00f8000000000000005a00f8000000000000005a00f8000000000000005a00f8000000000000004a00f8000000000000004a00f8000000000000004a00f8000000000000005a00f8000000000000005a00f8000000
02:10:59.244 [DEBUG] [serial] Sin header 0xAA, descartando 128 bytes: 00005a00f8000000000000005a00f800
02:10:59.253 [DEBUG] [serial] RX 128 bytes: 000000004a00f8000000000000004a00f8000000000000005a00f8000000000000005a00f8000000000000004a00f8000000000000005a00f8000000000000005a00f8000000000000005a00f8000000000000004a00f8000000000000004a00f8000000000000005a00f8000000000000005a00f8000000000000005a00f800
02:10:59.253 [DEBUG] [serial] Sin header 0xAA, descartando 128 bytes: 000000004a00f8000000000000004a00
02:10:59.263 [DEBUG] [serial] RX 128 bytes: 0000000000005a00f8000000000000004a00f8000000000000005a00f8000000000000005a00f8000000000000004a00f8000000000000004a00f8000000000000005a00f8000000000000004a00f8000000000000005a00f8000000000000005a00f8000000000000005a00f8000000000000005a00f8000000000000005a00
02:10:59.263 [DEBUG] [serial] Sin header 0xAA, descartando 128 bytes: 0000000000005a00f800000000000000
02:10:59.272 [DEBUG] [serial] RX 128 bytes: f8000000000000005a00f8000000000000004a00f8000000000000005a00f8000000000000004a00f8000000000000004a00f8000000000000005a00f8000000000000005a00f8000000000000005a00f8000000000000005a00f8000000000000004a00f8000000000000005a00f8000000000000004a00f800000000000000
02:10:59.272 [DEBUG] [serial] Sin header 0xAA, descartando 128 bytes: f8000000000000005a00f80000000000
02:10:59.282 [DEBUG] [serial] RX 128 bytes: 5a00f8000000000000004a00f8000000000000005a00f8000000000000005a00f8000000000000005a00f8000000000000004a00f8000000000000005a00f8000000000000004a00f8000000000000004a00f8000000000000005a00f8000000000000005a00f8000000000000005a00f8000000000000004a00f80000000000
02:10:59.282 [DEBUG] [serial] Sin header 0xAA, descartando 128 bytes: 5a00f8000000000000004a00f8000000
02:10:59.292 [DEBUG] [serial] RX 128 bytes: 00005a00f8000000000000004a00f8000000000000005a00f8000000000000004a00f8000000000000005a00f8000000000000004a00f8000000000000005a00f8000000000000005a00f8000000000000005a00f8000000000000005a00f8000000000000004a00f8000000000000005a00f8000000000000005a00f8000000
02:10:59.292 [DEBUG] [serial] Sin header 0xAA, descartando 128 bytes: 00005a00f8000000000000004a00f800
02:10:59.301 [DEBUG] [serial] RX 128 bytes: 000000004a00f8000000000000005a00f8000000000000005a00f8000000000000004a00f8000000000000005a00f8000000000000005a00f8000000000000005a00f8000000000000004a00f8000000000000005a00f8000000000000004a00f8000000000000005a00f8000000000000004a00f8000000000000005a00f800
02:10:59.301 [DEBUG] [serial] Sin header 0xAA, descartando 128 bytes: 000000004a00f8000000000000005a00
02:10:59.311 [DEBUG] [serial] RX 128 bytes: 0000000000005a00f8000000000000005a00f8000000000000005a00f8000000000000005a00f8000000000000004a00f8000000000000005a00f8000000000000005a00f8000000000000005a00f8000000000000004a00f8000000000000005a00f8000000000000005a00f8000000000000005a00f8000000000000005a00
02:10:59.311 [DEBUG] [serial] Sin header 0xAA, descartando 128 bytes: 0000000000005a00f800000000000000
02:10:59.320 [DEBUG] [serial] RX 128 bytes: f8000000000000004a00f8000000000000005a00f8000000000000005a00f8000000000000005a00f8000000000000005a00f8000000000000004a00f8000000000000005a00f8000000000000005a00f8000000000000004a00f8000000000000004a00f8000000000000005a00f8000000000000005a00f800000000000000
02:10:59.320 [DEBUG] [serial] Sin header 0xAA, descartando 128 bytes: f8000000000000004a00f80000000000
02:10:59.330 [DEBUG] [serial] RX 128 bytes: 5a00f8000000000000004a00f8000000000000005a00f8000000000000004a00f8000000000000005a00f8000000000000004a00f8000000000000004a00f8000000000000005a00f8000000000000004a00f8000000000000005a00f8000000000000005a00f8000000000000004a00f8000000000000004a00f80000000000
02:10:59.330 [DEBUG] [serial] Sin header 0xAA, descartando 128 bytes: 5a00f8000000000000004a00f8000000
02:10:59.340 [DEBUG] [serial] RX 128 bytes: 00005a00f8000000000000005a00f8000000000000005a00f8000000000000005a00f8000000000000005a00f8000000000000005a00f8000000000000004a00f8000000000000005a00f8000000000000005a00f8000000000000005a00f8000000000000004a00f8000000000000005a00f8000000000000005a00f8000000
02:10:59.340 [DEBUG] [serial] Sin header 0xAA, descartando 128 bytes: 00005a00f8000000000000005a00f800
02:10:59.349 [DEBUG] [serial] RX 128 bytes: 000000005a00f8000000000000004a00f8000000000000005a00f8000000000000005a00f8000000000000004a00f8000000000000005a00f8000000000000005a00f8000000000000005a00f8000000000000004a00f8000000000000005a00f8000000000000005a00f8000000000000005a00f8000000000000004a00f800
02:10:59.349 [DEBUG] [serial] Sin header 0xAA, descartando 128 bytes: 000000005a00f8000000000000004a00
02:10:59.359 [DEBUG] [serial] RX 128 bytes: 0000000000005a00f8000000000000005a00f8000000000000004a00f8000000000000004a00f8000000000000005a00f8000000000000005a00f8000000000000005a00f8000000000000004a00f8000000000000005a00f8000000000000005a00f8000000000000005a00f8000000000000005a00f8000000000000004a00
02:10:59.359 [DEBUG] [serial] Sin header 0xAA, descartando 128 bytes: 0000000000005a00f800000000000000
02:10:59.368 [DEBUG] [serial] RX 128 bytes: f8000000000000005a00f8000000000000005a00f8000000000000005a00f8000000000000005a00f8000000000000005a00f8000000000000005a00f8000000000000005a00f8000000000000005a00f8000000000000005a00f8000000000000004a00f8000000000000005a00f8000000000000005a00f800000000000000
02:10:59.368 [DEBUG] [serial] Sin header 0xAA, descartando 128 bytes: f8000000000000005a00f80000000000
02:10:59.378 [DEBUG] [serial] RX 128 bytes: 5a00f8000000000000005a00f8000000000000005a00f8000000000000005a00f8000000000000004a00f8000000000000005a00f8000000000000005a00f8000000000000004a00f8000000000000005a00f8000000000000005a00f8000000000000004a00f8000000000000005a00f8000000000000004a00f80000000000
02:10:59.378 [DEBUG] [serial] Sin header 0xAA, descartando 128 bytes: 5a00f8000000000000005a00f8000000
02:10:59.387 [DEBUG] [serial] RX 128 bytes: 00005a00f8000000000000005a00f8000000000000004a00f8000000000000005a00f8000000000000005a00f8000000000000005a00f8000000000000005a00f8000000000000005a00f8000000000000004a00f8000000000000004a00f8000000000000005a00f8000000000000004a00f8000000000000005a00f8000000
02:10:59.388 [DEBUG] [serial] Sin header 0xAA, descartando 128 bytes: 00005a00f8000000000000005a00f800
02:10:59.397 [DEBUG] [serial] RX 128 bytes: 000000005a00f8000000000000004a00f8000000000000005a00f8000000000000005a00f8000000000000005a00f8000000000000004a00f8000000000000005a00f8000000000000004a00f8000000000000004a00f8000000000000005a00f8000000000000004a00f8000000000000005a00f8000000000000005a00f800
02:10:59.397 [DEBUG] [serial] Sin header 0xAA, descartando 128 bytes: 000000005a00f8000000000000004a00
02:10:59.407 [DEBUG] [serial] RX 128 bytes: 0000000000004a00f8000000000000005a00f8000000000000005a00f8000000000000005a00f8000000000000005a00f8000000000000005a00f8000000000000004a00f8000000000000005a00f8000000000000004a00f8000000000000005a00f8000000000000004a00f8000000000000005a00f8000000000000005a00
02:10:59.407 [DEBUG] [serial] Sin header 0xAA, descartando 128 bytes: 0000000000004a00f800000000000000
02:10:59.416 [DEBUG] [serial] RX 128 bytes: f8000000000000005a00f8000000000000005a00f8000000000000004a00f8000000000000005a00f8000000000000005a00f8000000000000004a00f8000000000000005a00f8000000000000004a00f8000000000000005a00f8000000000000005a00f8000000000000005a00f8000000000000005a00f800000000000000
02:10:59.416 [DEBUG] [serial] Sin header 0xAA, descartando 128 bytes: f8000000000000005a00f80000000000
02:10:59.426 [DEBUG] [serial] RX 128 bytes: 5a00f8000000000000005a00f8000000000000005a00f8000000000000004a00f8000000000000005a00f8000000000000005a00f8000000000000005a00f8000000000000005a00f8000000000000004a00f8000000000000005a00f8000000000000004a00f8000000000000005a00f8000000000000004a00f80000000000
02:10:59.426 [DEBUG] [serial] Sin header 0xAA, descartando 128 bytes: 5a00f8000000000000005a00f8000000
02:10:59.435 [DEBUG] [serial] RX 128 bytes: 00005a00f8000000000000004a00f8000000000000005a00f8000000000000005a00f8000000000000004a00f8000000000000005a00f8000000000000005a00f8000000000000005a00f8000000000000004a00f8000000000000005a00f8000000000000005a00f8000000000000005a00f8000000000000005a00f8000000
02:10:59.436 [DEBUG] [serial] Sin header 0xAA, descartando 128 bytes: 00005a00f8000000000000004a00f800
02:10:59.445 [DEBUG] [serial] RX 128 bytes: 000000004a00f8000000000000005a00f8000000000000005a00f8000000000000004a00f8000000000000005a00f8000000000000004a00f8000000000000005a00f8000000000000005a00f8000000000000005a00f8000000000000004a00f8000000000000004a00f8000000000000005a00f8000000000000005a00f800
02:10:59.445 [DEBUG] [serial] Sin header 0xAA, descartando 128 bytes: 000000004a00f8000000000000005a00
02:10:59.455 [DEBUG] [serial] RX 128 bytes: 0000000000004a00f8000000000000004a00f8000000000000004a00f8000000000000005a00f8000000000000005a00f8000000000000005a00f8000000000000004a00f8000000000000005a00f8000000000000005a00f8000000000000005a00f8000000000000005a00f8000000000000005a00f8000000000000005a00
02:10:59.455 [DEBUG] [serial] Sin header 0xAA, descartando 128 bytes: 0000000000004a00f800000000000000
02:10:59.464 [DEBUG] [serial] RX 128 bytes: f8000000000000004a00f8000000000000005a00f8000000000000005a00f8000000000000005a00f8000000000000005a00f8000000000000005a00f8000000000000004a00f8000000000000005a00f8000000000000005a00f8000000000000004a00f8000000000000005a00f8000000000000005a00f800000000000000
02:10:59.464 [DEBUG] [serial] Sin header 0xAA, descartando 128 bytes: f8000000000000004a00f80000000000
02:10:59.474 [DEBUG] [serial] RX 128 bytes: 4a00f8000000000000005a00f8000000000000004a00f8000000000000005a00f8000000000000005a00f8000000000000004a00f8000000000000004a00f8000000000000005a00f8000000000000004a00f8000000000000005a00f8000000000000005a00f8000000000000004a00f8000000000000004a00f80000000000
02:10:59.474 [DEBUG] [serial] Sin header 0xAA, descartando 128 bytes: 4a00f8000000000000005a00f8000000
02:10:59.483 [DEBUG] [serial] RX 128 bytes: 00005a00f8000000000000005a00f8000000000000004a00f8000000000000005a00f8000000000000004a00f8000000000000005a00f8000000000000004a00f8000000000000005a00f8000000000000005a00f8000000000000004a00f8000000000000005a00f8000000000000004a00f8000000000000004a00f8000000
02:10:59.483 [DEBUG] [serial] Sin header 0xAA, descartando 128 bytes: 00005a00f8000000000000005a00f800
02:10:59.493 [DEBUG] [serial] RX 128 bytes: 000000005a00f8000000000000005a00f8000000000000004a00f8000000000000005a00f8000000000000004a00f8000000000000005a00f8000000000000005a00f8000000000000004a00f8000000000000005a00f8000000000000005a00f8000000000000005a00f8000000000000004a00f8000000000000005a00f800
02:10:59.493 [DEBUG] [serial] Sin header 0xAA, descartando 128 bytes: 000000005a00f8000000000000005a00
02:10:59.503 [DEBUG] [serial] RX 128 bytes: 0000000000005a00f8000000000000004a00f8000000000000005a00f8000000000000005a00f8000000000000005a00f8000000000000005a00f8000000000000004a00f8000000000000004a00f8000000000000005a00f8000000000000005a00f8000000000000005a00f8000000000000005a00f8000000000000005a00
02:10:59.503 [DEBUG] [serial] Sin header 0xAA, descartando 128 bytes: 0000000000005a00f800000000000000
02:10:59.512 [DEBUG] [serial] RX 128 bytes: f8000000000000005a00f8000000000000005a00f8000000000000004a00f8000000000000005a00f8000000000000005a00f8000000000000004a00f8000000000000005a00f8000000000000004a00f8000000000000005a00f8000000000000004a00f8000000000000005a00f8000000000000004a00f800000000000000
02:10:59.512 [DEBUG] [serial] Sin header 0xAA, descartando 128 bytes: f8000000000000005a00f80000000000
02:10:59.522 [DEBUG] [serial] RX 128 bytes: 5a00f8000000000000005a00f8000000000000004a00f8000000000000005a00f8000000000000005a00f8000000000000005a00f8000000000000004a00f8000000000000005a00f8000000000000005a00f8000000000000004a00f8000000000000005a00f8000000000000004a00f8000000000000005a00f80000000000
02:10:59.523 [DEBUG] [serial] Sin header 0xAA, descartando 128 bytes: 5a00f8000000000000005a00f8000000
02:10:59.531 [DEBUG] [serial] RX 128 bytes: 00005a00f8000000000000004a00f8000000000000005a00f8000000000000005a00f8000000000000004a00f8000000000000005a00f8000000000000004a00f8000000000000005a00f8000000000000004a00f8000000000000005a00f8000000000000005a00f8000000000000005a00f8000000000000004a00f8000000
02:10:59.532 [DEBUG] [serial] Sin header 0xAA, descartando 128 bytes: 00005a00f8000000000000004a00f800
02:10:59.541 [DEBUG] [serial] RX 128 bytes: 000000005a00f8000000000000004a00f8000000000000005a00f8000000000000005a00f8000000000000004a00f8000000000000005a00f8000000000000004a00f8000000000000005a00f8000000000000005a00f8000000000000004a00f8000000000000004a00f8000000000000005a00f8000000000000005a00f800
02:10:59.541 [DEBUG] [serial] Sin header 0xAA, descartando 128 bytes: 000000005a00f8000000000000004a00
02:10:59.551 [DEBUG] [serial] RX 128 bytes: 0000000000004a00f8000000000000005a00f8000000000000005a00f8000000000000004a00f8000000000000005a00f8000000000000004a00f8000000000000005a00f8000000000000004a00f8000000000000005a00f8000000000000005a00f8000000000000005a00f8000000000000005a00f8000000000000004a00
02:10:59.551 [DEBUG] [serial] Sin header 0xAA, descartando 128 bytes: 0000000000004a00f800000000000000
02:10:59.560 [DEBUG] [serial] RX 128 bytes: f8000000000000005a00f8000000000000005a00f8000000000000005a00f8000000000000005a00f8000000000000005a00f8000000000000005a00f8000000000000004a00f8000000000000004a00f8000000000000005a00f8000000000000005a00f8000000000000005a00f8000000000000005a00f800000000000000
02:10:59.560 [DEBUG] [serial] Sin header 0xAA, descartando 128 bytes: f8000000000000005a00f80000000000
02:10:59.570 [DEBUG] [serial] RX 128 bytes: 4a00f8000000000000005a00f8000000000000005a00f8000000000000005a00f8000000000000004a00f8000000000000005a00f8000000000000005a00f8000000000000004a00f8000000000000005a00f8000000000000005a00f8000000000000005a00f8000000000000004a00f8000000000000004a00f80000000000
02:10:59.570 [DEBUG] [serial] Sin header 0xAA, descartando 128 bytes: 4a00f8000000000000005a00f8000000
02:10:59.579 [DEBUG] [serial] RX 128 bytes: 00005a00f8000000000000004a00f8000000000000005a00f8000000000000005a00f8000000000000004a00f8000000000000005a00f8000000000000004a00f8000000000000005a00f8000000000000005a00f8000000000000005a00f8000000000000004a00f8000000000000005a00f8000000000000004a00f8000000
02:10:59.579 [DEBUG] [serial] Sin header 0xAA, descartando 128 bytes: 00005a00f8000000000000004a00f800
02:10:59.589 [DEBUG] [serial] RX 128 bytes: 000000004a00f8000000000000005a00f8000000000000004a00f8000000000000005a00f8000000000000005a00f8000000000000005a00f8000000000000005a00f8000000000000005a00f8000000000000005a00f8000000000000005a00f8000000000000005a00f8000000000000005a00f8000000000000005a00f800
02:10:59.589 [DEBUG] [serial] Sin header 0xAA, descartando 128 bytes: 000000004a00f8000000000000005a00
02:10:59.599 [DEBUG] [serial] RX 128 bytes: 0000000000004a00f8000000000000005a00f8000000000000005a00f8000000000000005a00f8000000000000005a00f8000000000000005a00f8000000000000004a00f8000000000000005a00f8000000000000004a00f8000000000000005a00f8000000000000004a00f8000000000000005a00f8000000000000005a00
02:10:59.599 [DEBUG] [serial] Sin header 0xAA, descartando 128 bytes: 0000000000004a00f800000000000000
02:10:59.608 [DEBUG] [serial] RX 128 bytes: f8000000000000005a00f8000000000000005a00f8000000000000005a00f8000000000000005a00f8000000000000005a00f8000000000000004a00f8000000000000004a00f8000000000000005a00f8000000000000005a00f8000000000000004a00f8000000000000005a00f8000000000000005a00f800000000000000
02:10:59.608 [DEBUG] [serial] Sin header 0xAA, descartando 128 bytes: f8000000000000005a00f80000000000
02:10:59.618 [DEBUG] [serial] RX 128 bytes: 5a00f8000000000000004a00f8000000000000004a00f8000000000000004a00f8000000000000005a00f8000000000000005a00f8000000000000005a00f8000000000000004a00f8000000000000005a00f8000000000000005a00f8000000000000004a00f8000000000000004a00f8000000000000005a00f80000000000
02:10:59.618 [DEBUG] [serial] Sin header 0xAA, descartando 128 bytes: 5a00f8000000000000004a00f8000000
02:10:59.627 [DEBUG] [serial] RX 128 bytes: 00004a00f8000000000000005a00f8000000000000005a00f8000000000000005a00f8000000000000004a00f8000000000000005a00f8000000000000005a00f8000000000000005a00f8000000000000005a00f8000000000000005a00f8000000000000004a00f8000000000000005a00f8000000000000004a00f8000000
02:10:59.627 [DEBUG] [serial] Sin header 0xAA, descartando 128 bytes: 00004a00f8000000000000005a00f800
02:10:59.637 [DEBUG] [serial] RX 128 bytes: 000000004a00f8000000000000004a00f8000000000000004a00f8000000000000005a00f8000000000000005a00f8000000000000005a00f8000000000000005a00f8000000000000005a00f8000000000000005a00f8000000000000004a00f8000000000000005a00f8000000000000004a00f8000000000000004a00f800
02:10:59.637 [DEBUG] [serial] Sin header 0xAA, descartando 128 bytes: 000000004a00f8000000000000004a00
02:10:59.647 [DEBUG] [serial] RX 128 bytes: 0000000000005a00f8000000000000004a00f8000000000000005a00f8000000000000004a00f8000000000000005a00f8000000000000004a00f8000000000000005a00f8000000000000005a00f8000000000000004a00f8000000000000005a00f8000000000000004a00f8000000000000005a00f8000000000000004a00
02:10:59.647 [DEBUG] [serial] Sin header 0xAA, descartando 128 bytes: 0000000000005a00f800000000000000
02:10:59.656 [DEBUG] [serial] RX 128 bytes: f8000000000000005a00f8000000000000004a00f8000000000000005a00f8000000000000004a00f8000000000000005a00f8000000000000004a00f8000000000000005a00f8000000000000005a00f8000000000000004a00f8000000000000005a00f8000000000000004a00f8000000000000005a00f800000000000000
02:10:59.656 [DEBUG] [serial] Sin header 0xAA, descartando 128 bytes: f8000000000000005a00f80000000000
02:10:59.666 [DEBUG] [serial] RX 128 bytes: 4a00f8000000000000005a00f8000000000000004a00f8000000000000005a00f8000000000000004a00f8000000000000005a00f8000000000000005a00f8000000000000004a00f8000000000000005a00f8000000000000004a00f8000000000000004a00f8000000000000005a00f8000000000000005a00f80000000000
02:10:59.666 [DEBUG] [serial] Sin header 0xAA, descartando 128 bytes: 4a00f8000000000000005a00f8000000
02:10:59.675 [DEBUG] [serial] RX 128 bytes: 00005a00f8000000000000004a00f8000000000000005a00f8000000000000005a00f8000000000000005a00f8000000000000005a00f8000000000000004a00f8000000000000004a00f8000000000000005a00f8000000000000005a00f8000000000000005a00f8000000000000005a00f8000000000000004a00f8000000
02:10:59.675 [DEBUG] [serial] Sin header 0xAA, descartando 128 bytes: 00005a00f8000000000000004a00f800
02:10:59.685 [DEBUG] [serial] RX 128 bytes: 000000005a00f8000000000000005a00f8000000000000004a00f8000000000000005a00f8000000000000004a00f8000000000000004a00f8000000000000005a00f8000000000000005a00f8000000000000005a00f8000000000000005a00f8000000000000005a00f8000000000000005a00f8000000000000005a00f800
02:10:59.685 [DEBUG] [serial] Sin header 0xAA, descartando 128 bytes: 000000005a00f8000000000000005a00
02:10:59.694 [DEBUG] [serial] RX 128 bytes: 0000000000005a00f8000000000000004a00f8000000000000005a00f8000000000000005a00f8000000000000005a00f8000000000000005a00f8000000000000005a00f8000000000000004a00f8000000000000005a00f8000000000000005a00f8000000000000005a00f8000000000000004a00f8000000000000005a00
02:10:59.695 [DEBUG] [serial] Sin header 0xAA, descartando 128 bytes: 0000000000005a00f800000000000000
02:10:59.704 [DEBUG] [serial] RX 128 bytes: f8000000000000004a00f8000000000000005a00f8000000000000004a00f8000000000000005a00f8000000000000004a00f8000000000000005a00f8000000000000005a00f8000000000000004a00f8000000000000005a00f8000000000000005a00f8000000000000004a00f8000000000000005a00f800000000000000
02:10:59.704 [DEBUG] [serial] Sin header 0xAA, descartando 128 bytes: f8000000000000004a00f80000000000
02:10:59.713 [DEBUG] [serial] RX 128 bytes: 4a00f8000000000000005a00f8000000000000005a00f8000000000000004a00f8000000000000005a00f8000000000000005a00f8000000000000004a00f8000000000000005a00f8000000000000004a00f8000000000000005a00f8000000000000004a00f8000000000000005a00f8000000000000004a00f80000000000
02:10:59.714 [DEBUG] [serial] Sin header 0xAA, descartando 128 bytes: 4a00f8000000000000005a00f8000000
02:10:59.723 [DEBUG] [serial] RX 128 bytes: 00005a00f8000000000000004a00f8000000000000005a00f8000000000000004a00f8000000000000005a00f8000000000000005a00f8000000000000005a00f8000000000000004a00f8000000000000005a00f8000000000000004a00f8000000000000005a00f8000000000000005a00f8000000000000004a00f8000000
02:10:59.723 [DEBUG] [serial] Sin header 0xAA, descartando 128 bytes: 00005a00f8000000000000004a00f800
02:10:59.733 [DEBUG] [serial] RX 128 bytes: 000000005a00f8000000000000005a00f8000000000000005a00f8000000000000004a00f8000000000000005a00f8000000000000004a00f8000000000000004a00f8000000000000005a00f8000000000000004a00f8000000000000005a00f8000000000000004a00f8000000000000005a00f8000000000000005a00f800
02:10:59.733 [DEBUG] [serial] Sin header 0xAA, descartando 128 bytes: 000000005a00f8000000000000005a00
02:10:59.742 [DEBUG] [serial] RX 128 bytes: 0000000000005a00f8000000000000005a00f8000000000000004a00f8000000000000005a00f8000000000000005a00f8000000000000005a00f8000000000000004a00f8000000000000005a00f8000000000000005a00f8000000000000005a00f8000000000000004a00f8000000000000004a00f8000000000000005a00
02:10:59.742 [DEBUG] [serial] Sin header 0xAA, descartando 128 bytes: 0000000000005a00f800000000000000
02:10:59.752 [DEBUG] [serial] RX 128 bytes: f8000000000000004a00f8000000000000005a00f8000000000000004a00f8000000000000005a00f8000000000000005a00f8000000000000004a00f8000000000000005a00f8000000000000005a00f8000000000000005a00f8000000000000004a00f8000000000000005a00f8000000000000005a00f800000000000000
02:10:59.752 [DEBUG] [serial] Sin header 0xAA, descartando 128 bytes: f8000000000000004a00f80000000000
02:10:59.761 [DEBUG] [serial] RX 128 bytes: 4a00f8000000000000005a00f8000000000000005a00f8000000000000004a00f8000000000000005a00f8000000000000004a00f8000000000000005a00f8000000000000005a00f8000000000000005a00f8000000000000005a00f8000000000000005a00f8000000000000005a00f8000000000000005a00f80000000000
02:10:59.762 [DEBUG] [serial] Sin header 0xAA, descartando 128 bytes: 4a00f8000000000000005a00f8000000
02:10:59.771 [DEBUG] [serial] RX 128 bytes: 00005a00f8000000000000004a00f8000000000000005a00f8000000000000005a00f8000000000000004a00f8000000000000005a00f8000000000000005a00f8000000000000004a00f8000000000000004a00f8000000000000005a00f8000000000000004a00f8000000000000005a00f8000000000000004a00f8000000
02:10:59.771 [DEBUG] [serial] Sin header 0xAA, descartando 128 bytes: 00005a00f8000000000000004a00f800
02:10:59.781 [DEBUG] [serial] RX 128 bytes: 000000005a00f8000000000000004a00f8000000000000005a00f8000000000000005a00f8000000000000005a00f8000000000000005a00f8000000000000004a00f8000000000000005a00f8000000000000005a00f8000000000000005a00f8000000000000004a00f8000000000000005a00f8000000000000005a00f800
02:10:59.781 [DEBUG] [serial] Sin header 0xAA, descartando 128 bytes: 000000005a00f8000000000000004a00
02:10:59.790 [DEBUG] [serial] RX 128 bytes: 0000000000005a00f8000000000000005a00f8000000000000005a00f8000000000000005a00f8000000000000004a00f8000000000000005a00f8000000000000004a00f8000000000000005a00f8000000000000004a00f8000000000000004a00f8000000000000005a00f8000000000000004a00f8000000000000005a00
02:10:59.791 [DEBUG] [serial] Sin header 0xAA, descartando 128 bytes: 0000000000005a00f800000000000000
02:10:59.800 [DEBUG] [serial] RX 128 bytes: f8000000000000005a00f8000000000000004a00f8000000000000005a00f8000000000000005a00f8000000000000005a00f8000000000000004a00f8000000000000005a00f8000000000000004a00f8000000000000004a00f8000000000000004a00f8000000000000004a00f8000000000000004a00f800000000000000
02:10:59.800 [DEBUG] [serial] Sin header 0xAA, descartando 128 bytes: f8000000000000005a00f80000000000
02:10:59.809 [DEBUG] [serial] RX 128 bytes: 4a00f8000000000000004a00f8000000000000004a00f8000000000000004a00f8000000000000004a00f8000000000000004a00f8000000000000004a00f8000000000000005a00f8000000000000005a00f8000000000000004a00f8000000000000005a00f8000000000000005a00f8000000000000005a00f80000000000
02:10:59.810 [DEBUG] [serial] Sin header 0xAA, descartando 128 bytes: 4a00f8000000000000004a00f8000000
02:10:59.819 [DEBUG] [serial] RX 128 bytes: 00005a00f8000000000000005a00f8000000000000005a00f8000000000000004a00f8000000000000005a00f8000000000000004a00f8000000000000005a00f8000000000000005a00f8000000000000004a00f8000000000000005a00f8000000000000004a00f8000000000000005a00f8000000000000005a00f8000000
02:10:59.819 [DEBUG] [serial] Sin header 0xAA, descartando 128 bytes: 00005a00f8000000000000005a00f800
02:10:59.829 [DEBUG] [serial] RX 128 bytes: 000000005a00f8000000000000005a00f8000000000000005a00f8000000000000005a00f8000000000000004a00f8000000000000005a00f8000000000000005a00f8000000000000004a00f8000000000000004a00f8000000000000005a00f8000000000000005a00f8000000000000004a00f8000000000000005a00f800
02:10:59.829 [DEBUG] [serial] Sin header 0xAA, descartando 128 bytes: 000000005a00f8000000000000005a00
02:10:59.838 [DEBUG] [serial] RX 128 bytes: 0000000000005a00f8000000000000004a00f8000000000000005a00f8000000000000005a00f8000000000000004a00f8000000000000005a00f8000000000000004a00f8000000000000005a00f8000000000000005a00f8000000000000004a00f8000000000000005a00f8000000000000004a00f8000000000000004a00
02:10:59.839 [DEBUG] [serial] Sin header 0xAA, descartando 128 bytes: 0000000000005a00f800000000000000
02:10:59.848 [DEBUG] [serial] RX 128 bytes: f8000000000000005a00f8000000000000005a00f8000000000000005a00f8000000000000004a00f8000000000000005a00f8000000000000005a00f8000000000000004a00f8000000000000005a00f8000000000000005a00f8000000000000004a00f8000000000000004a00f8000000000000005a00f800000000000000
02:10:59.848 [DEBUG] [serial] Sin header 0xAA, descartando 128 bytes: f8000000000000005a00f80000000000
02:10:59.857 [DEBUG] [serial] RX 128 bytes: 4a00f8000000000000005a00f8000000000000005a00f8000000000000004a00f8000000000000005a00f8000000000000004a00f8000000000000005a00f8000000000000005a00f8000000000000005a00f8000000000000004a00f8000000000000004a00f8000000000000005a00f8000000000000005a00f80000000000
02:10:59.858 [DEBUG] [serial] Sin header 0xAA, descartando 128 bytes: 4a00f8000000000000005a00f8000000
02:10:59.867 [DEBUG] [serial] RX 128 bytes: 00004a00f8000000000000005a00f8000000000000005a00f8000000000000005a00f8000000000000004a00f8000000000000005a00f8000000000000005a00f8000000000000005a00f8000000000000004a00f8000000000000004a00f8000000000000005a00f8000000000000005a00f8000000000000004a00f8000000
02:10:59.867 [DEBUG] [serial] Sin header 0xAA, descartando 128 bytes: 00004a00f8000000000000005a00f800
02:10:59.877 [DEBUG] [serial] RX 128 bytes: 000000005a00f8000000000000005a00f8000000000000004a00f8000000000000005a00f8000000000000004a00f8000000000000005a00f8000000000000005a00f8000000000000004a00f8000000000000004a00f8000000000000005a00f8000000000000005a00f8000000000000004a00f8000000000000004a00f800
02:10:59.877 [DEBUG] [serial] Sin header 0xAA, descartando 128 bytes: 000000005a00f8000000000000005a00
02:10:59.886 [DEBUG] [serial] RX 128 bytes: 0000000000005a00f8000000000000005a00f8000000000000004a00f8000000000000004a00f8000000000000005a00f8000000000000004a00f8000000000000005a00f8000000000000005a00f8000000000000005a00f8000000000000005a00f8000000000000005a00f8000000000000005a00f8000000000000005a00
02:10:59.886 [DEBUG] [serial] Sin header 0xAA, descartando 128 bytes: 0000000000005a00f800000000000000
02:10:59.896 [DEBUG] [serial] RX 128 bytes: f8000000000000004a00f8000000000000005a00f8000000000000004a00f8000000000000005a00f8000000000000004a00f8000000000000005a00f8000000000000005a00f8000000000000005a00f8000000000000005a00f8000000000000004a00f8000000000000005a00f8000000000000004a00f800000000000000
02:10:59.896 [DEBUG] [serial] Sin header 0xAA, descartando 128 bytes: f8000000000000004a00f80000000000
02:10:59.905 [DEBUG] [serial] RX 128 bytes: 4a00f8000000000000005a00f8000000000000005a00f8000000000000004a00f8000000000000005a00f8000000000000005a00f8000000000000005a00f8000000000000004a00f8000000000000005a00f8000000000000004a00f8000000000000005a00f8000000000000005a00f8000000000000005a00f80000000000
02:10:59.905 [DEBUG] [serial] Sin header 0xAA, descartando 128 bytes: 4a00f8000000000000005a00f8000000
02:10:59.915 [DEBUG] [serial] RX 128 bytes: 00005a00f8000000000000004a00f8000000000000005a00f8000000000000005a00f8000000000000004a00f8000000000000005a00f8000000000000004a00f8000000000000005a00f8000000000000005a00f8000000000000005a00f8000000000000005a00f8000000000000005a00f8000000000000004a00f8000000
02:10:59.915 [DEBUG] [serial] Sin header 0xAA, descartando 128 bytes: 00005a00f8000000000000004a00f800
02:10:59.925 [DEBUG] [serial] RX 128 bytes: 000000005a00f8000000000000005a00f8000000000000005a00f8000000000000005a00f8000000000000004a00f8000000000000005a00f8000000000000004a00f8000000000000005a00f8000000000000005a00f8000000000000005a00f8000000000000005a00f8000000000000005a00f8000000000000005a00f800
02:10:59.926 [DEBUG] [serial] Sin header 0xAA, descartando 128 bytes: 000000005a00f8000000000000005a00
02:10:59.929 [INFO] [GUI] Cerrando ventana...
02:10:59.929 [INFO] [serial] Encolando TX CMD_STOP (close): bb05
02:10:59.929 [INFO] [serial] Solicitando parada del worker...
02:10:59.934 [INFO] [serial] TX CMD_STOP (close): bb05
02:10:59.934 [DEBUG] [serial] TX OK: 2 bytes escritos
02:10:59.934 [DEBUG] [serial] RX 128 bytes: 0000000000005a00f8000000000000005a00f8000000000000004a00f8000000000000005a00f8000000000000004a00f8000000000000004a00f8000000000000005a00f8000000000000004a00f8000000000000005a00f8000000000000005a00f8000000000000005a00f8000000000000004a00f8000000000000005a00
02:10:59.935 [DEBUG] [serial] Sin header 0xAA, descartando 128 bytes: 0000000000005a00f800000000000000
02:10:59.935 [INFO] [serial] Loop de lectura terminado.
02:10:59.935 [INFO] [serial] Puerto cerrado.
02:10:59.935 [INFO] [GUI] Worker terminado, cerrando.
02:10:59.942 [INFO] [GUI] app.exec_() retorno con codigo 0
