02:09:37.673 [INFO] Log file: C:\Github\Tesis\src\python\geophone_scope - Copy\logs\scope_min_20260420_020937.log
02:09:37.673 [INFO] ============================================================
02:09:37.673 [INFO] scope_min.py arrancando
02:09:37.673 [INFO] ============================================================
02:09:37.673 [INFO] [USB] Buscando dispositivo Cypress por UART (COM port)...
02:09:37.680 [INFO] [USB] Puertos encontrados: 1
02:09:37.680 [INFO] [USB] Usando puerto: COM7 (KitProg USB-UART (COM7))
02:09:37.680 [INFO] Usando puerto: COM7
02:09:37.690 [INFO] [GUI] Iniciando ScopeWindow, puerto=COM7
02:09:37.691 [INFO] [GUI] Construyendo UI...
02:09:37.863 [INFO] [GUI] UI construida OK
02:09:37.863 [INFO] [GUI] Creando SerialWorker para COM7
02:09:37.864 [INFO] [serial] Abriendo puerto COM7 ...
02:09:37.864 [INFO] [GUI] SerialWorker iniciado
02:09:37.864 [INFO] [GUI] Timer de refresh iniciado (80ms)
02:09:37.864 [INFO] [GUI] ScopeWindow lista
02:09:38.060 [INFO] [GUI] app.exec_() — entrando en event loop Qt
02:09:38.060 [INFO] [serial] Puerto abierto: Serial<id=0x1ed66caba00, open=True>(port='COM7', baudrate=460800, bytesize=8, parity='N', stopbits=1, timeout=0.1, xonxoff=False, rtscts=False, dsrdtr=False)
02:09:38.060 [INFO] [serial] Entrando en loop de lectura...
02:09:38.069 [DEBUG] [serial] RX 128 bytes: 000000f8f800000000000000000000f8f800000000000000000000f8f800000000000000000000f8f800000000000000000000f8f800000000000000000000f8f800000000000000000000f8f800000000000000000000f8f800000000000000000000f8f800000000000000000000f8f800000000000000000000f8f8000000
02:09:38.069 [DEBUG] [serial] Sin header 0xAA, descartando 128 bytes: 000000f8f800000000000000000000f8
02:09:38.078 [DEBUG] [serial] RX 128 bytes: 00000000000000f8f800000000000000000000f8f800000000000000000000f8f800000000000000000000f8f800000000000000000000f8f800000000000000000000f8f800000000000000000000f8f800000000000000000000f8f800000000000000000000f8f800000000000000000000f8f800000000000000000000f8
02:09:38.079 [DEBUG] [serial] Sin header 0xAA, descartando 128 bytes: 00000000000000f8f800000000000000
02:09:38.095 [DEBUG] [serial] RX 128 bytes: f800000000000000000000f8f800000000000000000000f8f800000000000000000000f8f800000000000000000000f8f800000000000000000000f8f800000000000000000000f8f800000000000000000000f8f800000000000000000000f8f800000000000000000000f8f800000000000000000000f8f800000000000000
02:09:38.101 [DEBUG] [serial] Sin header 0xAA, descartando 128 bytes: f800000000000000000000f8f8000000
02:09:38.103 [DEBUG] [serial] RX 128 bytes: 000000f8f800000000000000000000f8f800000000000000000000f8f800000000000000000000f8f800000000000000000000f8f800000000000000000000f8f800000000000000000000f8f800000000000000000000f8f800000000000000000000f8f800000000000000000000f8f800000000000000000000f8f8000000
02:09:38.108 [DEBUG] [serial] Sin header 0xAA, descartando 128 bytes: 000000f8f800000000000000000000f8
02:09:38.111 [DEBUG] [serial] RX 128 bytes: 00000000000000f8f800000000000000000000f8f800000000000000000000f8f800000000000000000000f8f800000000000000000000f8f800000000000000000000f8f800000000000000000000f8f800000000000000000000f8f800000000000000000000f8f800000000000000000000f8f800000000000000000000f8
02:09:38.113 [DEBUG] [serial] Sin header 0xAA, descartando 128 bytes: 00000000000000f8f800000000000000
02:09:38.116 [DEBUG] [serial] RX 128 bytes: f800000000000000000000f8f800000000000000000000f8f800000000000000000000f8f800000000000000000000f8f800000000000000000000f8f800000000000000000000f8f800000000000000000000f8f800000000000000000000f8f800000000000000000000f8f800000000000000000000f8f800000000000000
02:09:38.117 [DEBUG] [serial] Sin header 0xAA, descartando 128 bytes: f800000000000000000000f8f8000000
02:09:38.128 [DEBUG] [serial] RX 128 bytes: 000000f8f800000000000000000000f8f800000000000000000000f8f800000000000000000000f8f800000000000000000000f8f800000000000000000000f8f800000000000000000000f8f800000000000000000000f8f800000000000000000000f8f800000000000000000000f8f800000000000000000000f8f8000000
02:09:38.129 [DEBUG] [serial] Sin header 0xAA, descartando 128 bytes: 000000f8f800000000000000000000f8
02:09:38.135 [DEBUG] [serial] RX 128 bytes: 00000000000000f8f800000000000000000000f8f800000000000000000000f8f800000000000000000000f8f800000000000000000000f8f800000000000000000000f8f800000000000000000000f8f800000000000000000000f8f800000000000000000000f8f800000000000000000000f8f800000000000000000000f8
02:09:38.137 [DEBUG] [serial] Sin header 0xAA, descartando 128 bytes: 00000000000000f8f800000000000000
02:09:38.144 [DEBUG] [serial] RX 128 bytes: f800000000000000000000f8f800000000000000000000f8f800000000000000000000f8f800000000000000000000f8f800000000000000000000f8f800000000000000000000f8f800000000000000000000f8f800000000000000000000f8f800000000000000000000f8f800000000000000000000f8f800000000000000
02:09:38.144 [DEBUG] [serial] Sin header 0xAA, descartando 128 bytes: f800000000000000000000f8f8000000
02:09:38.153 [DEBUG] [serial] RX 128 bytes: 000000f8f800000000000000000000f8f800000000000000000000f8f800000000000000000000f8f800000000000000000000f8f800000000000000000000f8f800000000000000000000f8f800000000000000000000f8f800000000000000000000f8f800000000000000000000f8f800000000000000000000f8f8000000
02:09:38.153 [DEBUG] [serial] Sin header 0xAA, descartando 128 bytes: 000000f8f800000000000000000000f8
02:09:38.162 [DEBUG] [serial] RX 128 bytes: 00000000000000f8f800000000000000000000f8f800000000000000000000f8f800000000000000000000f8f800000000000000000000f8f800000000000000000000f8f800000000000000000000f8f800000000000000000000f8f800000000000000000000f8f800000000000000000000f8f800000000000000000000f8
02:09:38.162 [DEBUG] [serial] Sin header 0xAA, descartando 128 bytes: 00000000000000f8f800000000000000
02:09:38.172 [DEBUG] [serial] RX 128 bytes: f800000000000000000000f8f800000000000000000000f8f800000000000000000000f8f800000000000000000000f8f800000000000000000000f8f800000000000000000000f8f800000000000000000000f8f800000000000000000000f8f800000000000000000000f8f800000000000000000000f8f800000000000000
02:09:38.172 [DEBUG] [serial] Sin header 0xAA, descartando 128 bytes: f800000000000000000000f8f8000000
02:09:38.181 [DEBUG] [serial] RX 128 bytes: 000000f8f800000000000000000000f8f800000000000000000000f8f800000000000000000000f8f800000000000000000000f8f800000000000000000000f8f800000000000000000000f8f800000000000000000000f8f800000000000000000000f8f800000000000000000000f8f800000000000000000000f8f8000000
02:09:38.181 [DEBUG] [serial] Sin header 0xAA, descartando 128 bytes: 000000f8f800000000000000000000f8
02:09:38.190 [DEBUG] [serial] RX 128 bytes: 00000000000000f8f800000000000000000000f8f800000000000000000000f8f800000000000000000000f8f800000000000000000000f8f800000000000000000000f8f800000000000000000000f8f800000000000000000000f8f800000000000000000000f8f800000000000000000000f8f800000000000000000000f8
02:09:38.190 [DEBUG] [serial] Sin header 0xAA, descartando 128 bytes: 00000000000000f8f800000000000000
02:09:38.200 [DEBUG] [serial] RX 128 bytes: f800000000000000000000f8f800000000000000000000f8f800000000000000000000f8f800000000000000000000f8f800000000000000000000f8f800000000000000000000f8f800000000000000000000f8f800000000000000000000f8f800000000000000000000f8f800000000000000000000f8f800000000000000
02:09:38.200 [DEBUG] [serial] Sin header 0xAA, descartando 128 bytes: f800000000000000000000f8f8000000
02:09:38.209 [DEBUG] [serial] RX 128 bytes: 000000f8f800000000000000000000f8f800000000000000000000f8f800000000000000000000f8f800000000000000000000f8f800000000000000000000f8f800000000000000000000f8f800000000000000000000f8f800000000000000000000f8f800000000000000000000f8f800000000000000000000f8f8000000
02:09:38.209 [DEBUG] [serial] Sin header 0xAA, descartando 128 bytes: 000000f8f800000000000000000000f8
02:09:38.218 [DEBUG] [serial] RX 128 bytes: 00000000000000f8f800000000000000000000f8f800000000000000000000f8f800000000000000000000f8f800000000000000000000f8f800000000000000000000f8f800000000000000000000f8f800000000000000000000f8f800000000000000000000f8f800000000000000000000f8f800000000000000000000f8
02:09:38.218 [DEBUG] [serial] Sin header 0xAA, descartando 128 bytes: 00000000000000f8f800000000000000
02:09:38.227 [DEBUG] [serial] RX 128 bytes: f800000000000000000000f8f800000000000000000000f8f800000000000000000000f8f800000000000000000000f8f800000000000000000000f8f800000000000000000000f8f800000000000000000000f8f800000000000000000000f8f800000000000000000000f8f800000000000000000000f8f800000000000000
02:09:38.228 [DEBUG] [serial] Sin header 0xAA, descartando 128 bytes: f800000000000000000000f8f8000000
02:09:38.237 [DEBUG] [serial] RX 128 bytes: 000000f8f800000000000000000000f8f800000000000000000000f8f800000000000000000000f8f800000000000000000000f8f800000000000000000000f8f800000000000000000000f8f800000000000000000000f8f800000000000000000000f8f800000000000000000000f8f800000000000000000000f8f8000000
02:09:38.237 [DEBUG] [serial] Sin header 0xAA, descartando 128 bytes: 000000f8f800000000000000000000f8
02:09:38.246 [DEBUG] [serial] RX 128 bytes: 00000000000000f8f800000000000000000000f8f800000000000000000000f8f800000000000000000000f8f800000000000000000000f8f800000000000000000000f8f800000000000000000000f8f800000000000000000000f8f800000000000000000000f8f800000000000000000000f8f800000000000000000000f8
02:09:38.246 [DEBUG] [serial] Sin header 0xAA, descartando 128 bytes: 00000000000000f8f800000000000000
02:09:38.255 [DEBUG] [serial] RX 128 bytes: f800000000000000000000f8f800000000000000000000f8f800000000000000000000f8f800000000000000000000f8f800000000000000000000f8f800000000000000000000f8f800000000000000000000f8f800000000000000000000f8f800000000000000000000f8f800000000000000000000f8f800000000000000
02:09:38.256 [DEBUG] [serial] Sin header 0xAA, descartando 128 bytes: f800000000000000000000f8f8000000
02:09:38.265 [DEBUG] [serial] RX 128 bytes: 000000f8f800000000000000000000f8f800000000000000000000f8f800000000000000000000f8f800000000000000000000f8f800000000000000000000f8f800000000000000000000f8f800000000000000000000f8f800000000000000000000f8f800000000000000000000f8f800000000000000000000f8f8000000
02:09:38.265 [DEBUG] [serial] Sin header 0xAA, descartando 128 bytes: 000000f8f800000000000000000000f8
02:09:38.274 [DEBUG] [serial] RX 128 bytes: 00000000000000f8f800000000000000000000f8f800000000000000000000f8f800000000000000000000f8f800000000000000000000f8f800000000000000000000f8f800000000000000000000f8f800000000000000000000f8f800000000000000000000f8f800000000000000000000f8f800000000000000000000f8
02:09:38.274 [DEBUG] [serial] Sin header 0xAA, descartando 128 bytes: 00000000000000f8f800000000000000
02:09:38.284 [DEBUG] [serial] RX 128 bytes: f800000000000000000000f8f800000000000000000000f8f800000000000000000000f8f800000000000000000000f8f800000000000000000000f8f800000000000000000000f8f800000000000000000000f8f800000000000000000000f8f800000000000000000000f8f800000000000000000000f8f800000000000000
02:09:38.284 [DEBUG] [serial] Sin header 0xAA, descartando 128 bytes: f800000000000000000000f8f8000000
02:09:38.293 [DEBUG] [serial] RX 128 bytes: 000000f8f800000000000000000000f8f800000000000000000000f8f800000000000000000000f8f800000000000000000000f8f800000000000000000000f8f800000000000000000000f8f800000000000000000000f8f800000000000000000000f8f800000000000000000000f8f800000000000000000000f8f8000000
02:09:38.293 [DEBUG] [serial] Sin header 0xAA, descartando 128 bytes: 000000f8f800000000000000000000f8
02:09:38.302 [DEBUG] [serial] RX 128 bytes: 00000000000000f8f800000000000000000000f8f800000000000000000000f8f800000000000000000000f8f800000000000000000000f8f800000000000000000000f8f800000000000000000000f8f800000000000000000000f8f800000000000000000000f8f800000000000000000000f8f800000000000000000000f8
02:09:38.302 [DEBUG] [serial] Sin header 0xAA, descartando 128 bytes: 00000000000000f8f800000000000000
02:09:38.311 [DEBUG] [serial] RX 128 bytes: f800000000000000000000f8f800000000000000000000f8f800000000000000000000f8f800000000000000000000f8f800000000000000000000f8f800000000000000000000f8f800000000000000000000f8f800000000000000000000f8f800000000000000000000f8f800000000000000000000f8f800000000000000
02:09:38.312 [DEBUG] [serial] Sin header 0xAA, descartando 128 bytes: f800000000000000000000f8f8000000
02:09:38.321 [DEBUG] [serial] RX 128 bytes: 000000f8f800000000000000000000f8f800000000000000000000f8f800000000000000000000f8f800000000000000000000f8f800000000000000000000f8f800000000000000000000f8f800000000000000000000f8f800000000000000000000f8f800000000000000000000f8f800000000000000000000f8f8000000
02:09:38.321 [DEBUG] [serial] Sin header 0xAA, descartando 128 bytes: 000000f8f800000000000000000000f8
02:09:38.330 [DEBUG] [serial] RX 128 bytes: 00000000000000f8f800000000000000000000f8f800000000000000000000f8f800000000000000000000f8f800000000000000000000f8f800000000000000000000f8f800000000000000000000f8f800000000000000000000f8f800000000000000000000f8f800000000000000000000f8f800000000000000000000f8
02:09:38.331 [DEBUG] [serial] Sin header 0xAA, descartando 128 bytes: 00000000000000f8f800000000000000
02:09:38.339 [DEBUG] [serial] RX 128 bytes: f800000000000000000000f8f800000000000000000000f8f800000000000000000000f8f800000000000000000000f8f800000000000000000000f8f800000000000000000000f8f800000000000000000000f8f800000000000000000000f8f800000000000000000000f8f800000000000000000000f8f800000000000000
02:09:38.339 [DEBUG] [serial] Sin header 0xAA, descartando 128 bytes: f800000000000000000000f8f8000000
02:09:38.348 [DEBUG] [serial] RX 128 bytes: 000000f8f800000000000000000000f8f800000000000000000000f8f800000000000000000000f8f800000000000000000000f8f800000000000000000000f8f800000000000000000000f8f800000000000000000000f8f800000000000000000000f8f800000000000000000000f8f800000000000000000000f8f8000000
02:09:38.349 [DEBUG] [serial] Sin header 0xAA, descartando 128 bytes: 000000f8f800000000000000000000f8
02:09:38.358 [DEBUG] [serial] RX 128 bytes: 00000000000000f8f800000000000000000000f8f800000000000000000000f8f800000000000000000000f8f800000000000000000000f8f800000000000000000000f8f800000000000000000000f8f800000000000000000000f8f800000000000000000000f8f800000000000000000000f8f800000000000000000000f8
02:09:38.358 [DEBUG] [serial] Sin header 0xAA, descartando 128 bytes: 00000000000000f8f800000000000000
02:09:38.367 [DEBUG] [serial] RX 128 bytes: f800000000000000000000f8f800000000000000000000f8f800000000000000000000f8f800000000000000000000f8f800000000000000000000f8f800000000000000000000f8f800000000000000000000f8f800000000000000000000f8f800000000000000000000f8f800000000000000000000f8f800000000000000
02:09:38.368 [DEBUG] [serial] Sin header 0xAA, descartando 128 bytes: f800000000000000000000f8f8000000
02:09:38.377 [DEBUG] [serial] RX 128 bytes: 000000f8f800000000000000000000f8f800000000000000000000f8f800000000000000000000f8f800000000000000000000f8f800000000000000000000f8f800000000000000000000f8f800000000000000000000f8f800000000000000000000f8f800000000000000000000f8f800000000000000000000f8f8000000
02:09:38.377 [DEBUG] [serial] Sin header 0xAA, descartando 128 bytes: 000000f8f800000000000000000000f8
02:09:38.386 [DEBUG] [serial] RX 128 bytes: 00000000000000f8f800000000000000000000f8f800000000000000000000f8f800000000000000000000f8f800000000000000000000f8f800000000000000000000f8f800000000000000000000f8f800000000000000000000f8f800000000000000000000f8f800000000000000000000f8f800000000000000000000f8
02:09:38.386 [DEBUG] [serial] Sin header 0xAA, descartando 128 bytes: 00000000000000f8f800000000000000
02:09:38.395 [DEBUG] [serial] RX 128 bytes: f800000000000000000000f8f800000000000000000000f8f800000000000000000000f8f800000000000000000000f8f800000000000000000000f8f800000000000000000000f8f800000000000000000000f8f800000000000000000000f8f800000000000000000000f8f800000000000000000000f8f800000000000000
02:09:38.395 [DEBUG] [serial] Sin header 0xAA, descartando 128 bytes: f800000000000000000000f8f8000000
02:09:38.404 [DEBUG] [serial] RX 128 bytes: 000000f8f800000000000000000000f8f800000000000000000000f8f800000000000000000000f8f800000000000000000000f8f800000000000000000000f8f800000000000000000000f8f800000000000000000000f8f800000000000000000000f8f800000000000000000000f8f800000000000000000000f8f8000000
02:09:38.405 [DEBUG] [serial] Sin header 0xAA, descartando 128 bytes: 000000f8f800000000000000000000f8
02:09:38.414 [DEBUG] [serial] RX 128 bytes: 00000000000000f8f800000000000000000000f8f800000000000000000000f8f800000000000000000000f8f800000000000000000000f8f800000000000000000000f8f800000000000000000000f8f800000000000000000000f8f800000000000000000000f8f800000000000000000000f8f800000000000000000000f8
02:09:38.414 [DEBUG] [serial] Sin header 0xAA, descartando 128 bytes: 00000000000000f8f800000000000000
02:09:38.424 [DEBUG] [serial] RX 128 bytes: f800000000000000000000f8f800000000000000000000f8f800000000000000000000f8f800000000000000000000f8f800000000000000000000f8f800000000000000000000f8f800000000000000000000f8f800000000000000000000f8f800000000000000000000f8f800000000000000000000f8f800000000000000
02:09:38.424 [DEBUG] [serial] Sin header 0xAA, descartando 128 bytes: f800000000000000000000f8f8000000
02:09:38.432 [DEBUG] [serial] RX 128 bytes: 000000f8f800000000000000000000f8f800000000000000000000f8f800000000000000000000f8f800000000000000000000f8f800000000000000000000f8f800000000000000000000f8f800000000000000000000f8f800000000000000000000f8f800000000000000000000f8f800000000000000000000f8f8000000
02:09:38.432 [DEBUG] [serial] Sin header 0xAA, descartando 128 bytes: 000000f8f800000000000000000000f8
02:09:38.442 [DEBUG] [serial] RX 128 bytes: 00000000000000f8f800000000000000000000f8f800000000000000000000f8f800000000000000000000f8f800000000000000000000f8f800000000000000000000f8f800000000000000000000f8f800000000000000000000f8f800000000000000000000f8f800000000000000000000f8f800000000000000000000f8
02:09:38.442 [DEBUG] [serial] Sin header 0xAA, descartando 128 bytes: 00000000000000f8f800000000000000
02:09:38.451 [DEBUG] [serial] RX 128 bytes: f800000000000000000000f8f800000000000000000000f8f800000000000000000000f8f800000000000000000000f8f800000000000000000000f8f800000000000000000000f8f800000000000000000000f8f800000000000000000000f8f800000000000000000000f8f800000000000000000000f8f800000000000000
02:09:38.451 [DEBUG] [serial] Sin header 0xAA, descartando 128 bytes: f800000000000000000000f8f8000000
02:09:38.460 [DEBUG] [serial] RX 128 bytes: 000000f8f800000000000000000000f8f800000000000000000000f8f800000000000000000000f8f800000000000000000000f8f800000000000000000000f8f800000000000000000000f8f800000000000000000000f8f800000000000000000000f8f800000000000000000000f8f800000000000000000000f8f8000000
02:09:38.460 [DEBUG] [serial] Sin header 0xAA, descartando 128 bytes: 000000f8f800000000000000000000f8
02:09:38.470 [DEBUG] [serial] RX 128 bytes: 00000000000000f8f800000000000000000000f8f800000000000000000000f8f800000000000000000000f8f800000000000000000000f8f800000000000000000000f8f800000000000000000000f8f800000000000000000000f8f800000000000000000000f8f800000000000000000000f8f800000000000000000000f8
02:09:38.470 [DEBUG] [serial] Sin header 0xAA, descartando 128 bytes: 00000000000000f8f800000000000000
02:09:38.479 [DEBUG] [serial] RX 128 bytes: f800000000000000000000f8f800000000000000000000f8f800000000000000000000f8f800000000000000000000f8f800000000000000000000f8f800000000000000000000f8f800000000000000000000f8f800000000000000000000f8f800000000000000000000f8f800000000000000000000f8f800000000000000
02:09:38.479 [DEBUG] [serial] Sin header 0xAA, descartando 128 bytes: f800000000000000000000f8f8000000
02:09:38.488 [DEBUG] [serial] RX 128 bytes: 000000f8f800000000000000000000f8f800000000000000000000f8f800000000000000000000f8f800000000000000000000f8f800000000000000000000f8f800000000000000000000f8f800000000000000000000f8f800000000000000000000f8f800000000000000000000f8f800000000000000000000f8f8000000
02:09:38.488 [DEBUG] [serial] Sin header 0xAA, descartando 128 bytes: 000000f8f800000000000000000000f8
02:09:38.498 [DEBUG] [serial] RX 128 bytes: 00000000000000f8f800000000000000000000f8f800000000000000000000f8f800000000000000000000f8f800000000000000000000f8f800000000000000000000f8f800000000000000000000f8f800000000000000000000f8f800000000000000000000f8f800000000000000000000f8f800000000000000000000f8
02:09:38.498 [DEBUG] [serial] Sin header 0xAA, descartando 128 bytes: 00000000000000f8f800000000000000
02:09:38.507 [DEBUG] [serial] RX 128 bytes: f800000000000000000000f8f800000000000000000000f8f800000000000000000000f8f800000000000000000000f8f800000000000000000000f8f800000000000000000000f8f800000000000000000000f8f800000000000000000000f8f800000000000000000000f8f800000000000000000000f8f800000000000000
02:09:38.507 [DEBUG] [serial] Sin header 0xAA, descartando 128 bytes: f800000000000000000000f8f8000000
02:09:38.516 [DEBUG] [serial] RX 128 bytes: 000000f8f800000000000000000000f8f800000000000000000000f8f800000000000000000000f8f800000000000000000000f8f800000000000000000000f8f800000000000000000000f8f800000000000000000000f8f800000000000000000000f8f800000000000000000000f8f800000000000000000000f8f8000000
02:09:38.518 [DEBUG] [serial] Sin header 0xAA, descartando 128 bytes: 000000f8f800000000000000000000f8
02:09:38.525 [DEBUG] [serial] RX 128 bytes: 00000000000000f8f800000000000000000000f8f800000000000000000000f8f800000000000000000000f8f800000000000000000000f8f800000000000000000000f8f800000000000000000000f8f800000000000000000000f8f800000000000000000000f8f800000000000000000000f8f800000000000000000000f8
02:09:38.526 [DEBUG] [serial] Sin header 0xAA, descartando 128 bytes: 00000000000000f8f800000000000000
02:09:38.535 [DEBUG] [serial] RX 128 bytes: f800000000000000000000f8f800000000000000000000f8f800000000000000000000f8f800000000000000000000f8f800000000000000000000f8f800000000000000000000f8f800000000000000000000f8f800000000000000000000f8f800000000000000000000f8f800000000000000000000f8f800000000000000
02:09:38.535 [DEBUG] [serial] Sin header 0xAA, descartando 128 bytes: f800000000000000000000f8f8000000
02:09:38.544 [DEBUG] [serial] RX 128 bytes: 000000f8f800000000000000000000f8f800000000000000000000f8f800000000000000000000f8f800000000000000000000f8f800000000000000000000f8f800000000000000000000f8f800000000000000000000f8f800000000000000000000f8f800000000000000000000f8f800000000000000000000f8f8000000
02:09:38.544 [DEBUG] [serial] Sin header 0xAA, descartando 128 bytes: 000000f8f800000000000000000000f8
02:09:38.553 [DEBUG] [serial] RX 128 bytes: 00000000000000f8f800000000000000000000f8f800000000000000000000f8f800000000000000000000f8f800000000000000000000f8f800000000000000000000f8f800000000000000000000f8f800000000000000000000f8f800000000000000000000f8f800000000000000000000f8f800000000000000000000f8
02:09:38.554 [DEBUG] [serial] Sin header 0xAA, descartando 128 bytes: 00000000000000f8f800000000000000
02:09:38.563 [DEBUG] [serial] RX 128 bytes: f800000000000000000000f8f800000000000000000000f8f800000000000000000000f8f800000000000000000000f8f800000000000000000000f8f800000000000000000000f8f800000000000000000000f8f800000000000000000000f8f800000000000000000000f8f800000000000000000000f8f800000000000000
02:09:38.563 [DEBUG] [serial] Sin header 0xAA, descartando 128 bytes: f800000000000000000000f8f8000000
02:09:38.572 [DEBUG] [serial] RX 128 bytes: 000000f8f800000000000000000000f8f800000000000000000000f8f800000000000000000000f8f800000000000000000000f8f800000000000000000000f8f800000000000000000000f8f800000000000000000000f8f800000000000000000000f8f800000000000000000000f8f800000000000000000000f8f8000000
02:09:38.572 [DEBUG] [serial] Sin header 0xAA, descartando 128 bytes: 000000f8f800000000000000000000f8
02:09:38.581 [DEBUG] [serial] RX 128 bytes: 00000000000000f8f800000000000000000000f8f800000000000000000000f8f800000000000000000000f8f800000000000000000000f8f800000000000000000000f8f800000000000000000000f8f800000000000000000000f8f800000000000000000000f8f800000000000000000000f8f800000000000000000000f8
02:09:38.582 [DEBUG] [serial] Sin header 0xAA, descartando 128 bytes: 00000000000000f8f800000000000000
02:09:38.591 [DEBUG] [serial] RX 128 bytes: f800000000000000000000f8f800000000000000000000f8f800000000000000000000f8f800000000000000000000f8f800000000000000000000f8f800000000000000000000f8f800000000000000000000f8f800000000000000000000f8f800000000000000000000f8f800000000000000000000f8f800000000000000
02:09:38.591 [DEBUG] [serial] Sin header 0xAA, descartando 128 bytes: f800000000000000000000f8f8000000
02:09:38.600 [DEBUG] [serial] RX 128 bytes: 000000f8f800000000000000000000f8f800000000000000000000f8f800000000000000000000f8f800000000000000000000f8f800000000000000000000f8f800000000000000000000f8f800000000000000000000f8f800000000000000000000f8f800000000000000000000f8f800000000000000000000f8f8000000
02:09:38.600 [DEBUG] [serial] Sin header 0xAA, descartando 128 bytes: 000000f8f800000000000000000000f8
02:09:38.609 [DEBUG] [serial] RX 128 bytes: 00000000000000f8f800000000000000000000f8f800000000000000000000f8f800000000000000000000f8f800000000000000000000f8f800000000000000000000f8f800000000000000000000f8f800000000000000000000f8f800000000000000000000f8f800000000000000000000f8f800000000000000000000f8
02:09:38.610 [DEBUG] [serial] Sin header 0xAA, descartando 128 bytes: 00000000000000f8f800000000000000
02:09:38.619 [DEBUG] [serial] RX 128 bytes: f800000000000000000000f8f800000000000000000000f8f800000000000000000000f8f800000000000000000000f8f800000000000000000000f8f800000000000000000000f8f800000000000000000000f8f800000000000000000000f8f800000000000000000000f8f800000000000000000000f8f800000000000000
02:09:38.619 [DEBUG] [serial] Sin header 0xAA, descartando 128 bytes: f800000000000000000000f8f8000000
02:09:38.628 [DEBUG] [serial] RX 128 bytes: 000000f8f800000000000000000000f8f800000000000000000000f8f800000000000000000000f8f800000000000000000000f8f800000000000000000000f8f800000000000000000000f8f800000000000000000000f8f800000000000000000000f8f800000000000000000000f8f800000000000000000000f8f8000000
02:09:38.628 [DEBUG] [serial] Sin header 0xAA, descartando 128 bytes: 000000f8f800000000000000000000f8
02:09:38.637 [DEBUG] [serial] RX 128 bytes: 00000000000000f8f800000000000000000000f8f800000000000000000000f8f800000000000000000000f8f800000000000000000000f8f800000000000000000000f8f800000000000000000000f8f800000000000000000000f8f800000000000000000000f8f800000000000000000000f8f800000000000000000000f8
02:09:38.637 [DEBUG] [serial] Sin header 0xAA, descartando 128 bytes: 00000000000000f8f800000000000000
02:09:38.646 [DEBUG] [serial] RX 128 bytes: f800000000000000000000f8f800000000000000000000f8f800000000000000000000f8f800000000000000000000f8f800000000000000000000f8f800000000000000000000f8f800000000000000000000f8f800000000000000000000f8f800000000000000000000f8f800000000000000000000f8f800000000000000
02:09:38.647 [DEBUG] [serial] Sin header 0xAA, descartando 128 bytes: f800000000000000000000f8f8000000
02:09:38.656 [DEBUG] [serial] RX 128 bytes: 000000f8f800000000000000000000f8f800000000000000000000f8f800000000000000000000f8f800000000000000000000f8f800000000000000000000f8f800000000000000000000f8f800000000000000000000f8f800000000000000000000f8f800000000000000000000f8f800000000000000000000f8f8000000
02:09:38.656 [DEBUG] [serial] Sin header 0xAA, descartando 128 bytes: 000000f8f800000000000000000000f8
02:09:38.665 [DEBUG] [serial] RX 128 bytes: 00000000000000f8f800000000000000000000f8f800000000000000000000f8f800000000000000000000f8f800000000000000000000f8f800000000000000000000f8f800000000000000000000f8f800000000000000000000f8f800000000000000000000f8f800000000000000000000f8f800000000000000000000f8
02:09:38.665 [DEBUG] [serial] Sin header 0xAA, descartando 128 bytes: 00000000000000f8f800000000000000
02:09:38.674 [DEBUG] [serial] RX 128 bytes: f800000000000000000000f8f800000000000000000000f8f800000000000000000000f8f800000000000000000000f8f800000000000000000000f8f800000000000000000000f8f800000000000000000000f8f800000000000000000000f8f800000000000000000000f8f800000000000000000000f8f800000000000000
02:09:38.675 [DEBUG] [serial] Sin header 0xAA, descartando 128 bytes: f800000000000000000000f8f8000000
02:09:38.684 [DEBUG] [serial] RX 128 bytes: 000000f8f800000000000000000000f8f800000000000000000000f8f800000000000000000000f8f800000000000000000000f8f800000000000000000000f8f800000000000000000000f8f800000000000000000000f8f800000000000000000000f8f800000000000000000000f8f800000000000000000000f8f8000000
02:09:38.684 [DEBUG] [serial] Sin header 0xAA, descartando 128 bytes: 000000f8f800000000000000000000f8
02:09:38.693 [DEBUG] [serial] RX 128 bytes: 00000000000000f8f800000000000000000000f8f800000000000000000000f8f800000000000000000000f8f800000000000000000000f8f800000000000000000000f8f800000000000000000000f8f800000000000000000000f8f800000000000000000000f8f800000000000000000000f8f800000000000000000000f8
02:09:38.693 [DEBUG] [serial] Sin header 0xAA, descartando 128 bytes: 00000000000000f8f800000000000000
02:09:38.702 [DEBUG] [serial] RX 128 bytes: f800000000000000000000f8f800000000000000000000f8f800000000000000000000f8f800000000000000000000f8f800000000000000000000f8f800000000000000000000f8f800000000000000000000f8f800000000000000000000f8f800000000000000000000f8f800000000000000000000f8f800000000000000
02:09:38.703 [DEBUG] [serial] Sin header 0xAA, descartando 128 bytes: f800000000000000000000f8f8000000
02:09:38.712 [DEBUG] [serial] RX 128 bytes: 000000f8f800000000000000000000f8f800000000000000000000f8f800000000000000000000f8f800000000000000000000f8f800000000000000000000f8f800000000000000000000f8f800000000000000000000f8f800000000000000000000f8f800000000000000000000f8f800000000000000000000f8f8000000
02:09:38.712 [DEBUG] [serial] Sin header 0xAA, descartando 128 bytes: 000000f8f800000000000000000000f8
02:09:38.721 [DEBUG] [serial] RX 128 bytes: 00000000000000f8f800000000000000000000f8f800000000000000000000f8f800000000000000000000f8f800000000000000000000f8f800000000000000000000f8f800000000000000000000f8f800000000000000000000f8f800000000000000000000f8f800000000000000000000f8f800000000000000000000f8
02:09:38.721 [DEBUG] [serial] Sin header 0xAA, descartando 128 bytes: 00000000000000f8f800000000000000
02:09:38.730 [DEBUG] [serial] RX 128 bytes: f800000000000000000000f8f800000000000000000000f8f800000000000000000000f8f800000000000000000000f8f800000000000000000000f8f800000000000000000000f8f800000000000000000000f8f800000000000000000000f8f800000000000000000000f8f800000000000000000000f8f800000000000000
02:09:38.730 [DEBUG] [serial] Sin header 0xAA, descartando 128 bytes: f800000000000000000000f8f8000000
02:09:38.740 [DEBUG] [serial] RX 128 bytes: 000000f8f800000000000000000000f8f800000000000000000000f8f800000000000000000000f8f800000000000000000000f8f800000000000000000000f8f800000000000000000000f8f800000000000000000000f8f800000000000000000000f8f800000000000000000000f8f800000000000000000000f8f8000000
02:09:38.740 [DEBUG] [serial] Sin header 0xAA, descartando 128 bytes: 000000f8f800000000000000000000f8
02:09:38.749 [DEBUG] [serial] RX 128 bytes: 00000000000000f8f800000000000000000000f8f800000000000000000000f8f800000000000000000000f8f800000000000000000000f8f800000000000000000000f8f800000000000000000000f8f800000000000000000000f8f800000000000000000000f8f800000000000000000000f8f800000000000000000000f8
02:09:38.749 [DEBUG] [serial] Sin header 0xAA, descartando 128 bytes: 00000000000000f8f800000000000000
02:09:38.758 [DEBUG] [serial] RX 128 bytes: f800000000000000000000f8f800000000000000000000f8f800000000000000000000f8f800000000000000000000f8f800000000000000000000f8f800000000000000000000f8f800000000000000000000f8f800000000000000000000f8f800000000000000000000f8f800000000000000000000f8f800000000000000
02:09:38.759 [DEBUG] [serial] Sin header 0xAA, descartando 128 bytes: f800000000000000000000f8f8000000
02:09:38.767 [DEBUG] [serial] RX 128 bytes: 000000f8f800000000000000000000f8f800000000000000000000f8f800000000000000000000f8f800000000000000000000f8f800000000000000000000f8f800000000000000000000f8f800000000000000000000f8f800000000000000000000f8f800000000000000000000f8f800000000000000000000f8f8000000
02:09:38.768 [DEBUG] [serial] Sin header 0xAA, descartando 128 bytes: 000000f8f800000000000000000000f8
02:09:38.777 [DEBUG] [serial] RX 128 bytes: 00000000000000f8f800000000000000000000f8f800000000000000000000f8f800000000000000000000f8f800000000000000000000f8f800000000000000000000f8f800000000000000000000f8f800000000000000000000f8f800000000000000000000f8f800000000000000000000f8f800000000000000000000f8
02:09:38.777 [DEBUG] [serial] Sin header 0xAA, descartando 128 bytes: 00000000000000f8f800000000000000
02:09:38.786 [DEBUG] [serial] RX 128 bytes: f800000000000000000000f8f800000000000000000000f8f800000000000000000000f8f800000000000000000000f8f800000000000000000000f8f800000000000000000000f8f800000000000000000000f8f800000000000000000000f8f800000000000000000000f8f800000000000000000000f8f800000000000000
02:09:38.786 [DEBUG] [serial] Sin header 0xAA, descartando 128 bytes: f800000000000000000000f8f8000000
02:09:38.795 [DEBUG] [serial] RX 128 bytes: 000000f8f800000000000000000000f8f800000000000000000000f8f800000000000000000000f8f800000000000000000000f8f800000000000000000000f8f800000000000000000000f8f800000000000000000000f8f800000000000000000000f8f800000000000000000000f8f800000000000000000000f8f8000000
02:09:38.796 [DEBUG] [serial] Sin header 0xAA, descartando 128 bytes: 000000f8f800000000000000000000f8
02:09:38.805 [DEBUG] [serial] RX 128 bytes: 00000000000000f8f800000000000000000000f8f800000000000000000000f8f800000000000000000000f8f800000000000000000000f8f800000000000000000000f8f800000000000000000000f8f800000000000000000000f8f800000000000000000000f8f800000000000000000000f8f800000000000000000000f8
02:09:38.805 [DEBUG] [serial] Sin header 0xAA, descartando 128 bytes: 00000000000000f8f800000000000000
02:09:38.814 [DEBUG] [serial] RX 128 bytes: f800000000000000000000f8f800000000000000000000f8f800000000000000000000f8f800000000000000000000f8f800000000000000000000f8f800000000000000000000f8f800000000000000000000f8f800000000000000000000f8f800000000000000000000f8f800000000000000000000f8f800000000000000
02:09:38.814 [DEBUG] [serial] Sin header 0xAA, descartando 128 bytes: f800000000000000000000f8f8000000
02:09:38.823 [DEBUG] [serial] RX 128 bytes: 000000f8f800000000000000000000f8f800000000000000000000f8f800000000000000000000f8f800000000000000000000f8f800000000000000000000f8f800000000000000000000f8f800000000000000000000f8f800000000000000000000f8f800000000000000000000f8f800000000000000000000f8f8000000
02:09:38.824 [DEBUG] [serial] Sin header 0xAA, descartando 128 bytes: 000000f8f800000000000000000000f8
02:09:38.833 [DEBUG] [serial] RX 128 bytes: 00000000000000f8f800000000000000000000f8f800000000000000000000f8f800000000000000000000f8f800000000000000000000f8f800000000000000000000f8f800000000000000000000f8f800000000000000000000f8f800000000000000000000f8f800000000000000000000f8f800000000000000000000f8
02:09:38.833 [DEBUG] [serial] Sin header 0xAA, descartando 128 bytes: 00000000000000f8f800000000000000
02:09:38.842 [DEBUG] [serial] RX 128 bytes: f800000000000000000000f8f800000000000000000000f8f800000000000000000000f8f800000000000000000000f8f800000000000000000000f8f800000000000000000000f8f800000000000000000000f8f800000000000000000000f8f800000000000000000000f8f800000000000000000000f8f800000000000000
02:09:38.842 [DEBUG] [serial] Sin header 0xAA, descartando 128 bytes: f800000000000000000000f8f8000000
02:09:38.851 [DEBUG] [serial] RX 128 bytes: 000000f8f800000000000000000000f8f800000000000000000000f8f800000000000000000000f8f800000000000000000000f8f800000000000000000000f8f800000000000000000000f8f800000000000000000000f8f800000000000000000000f8f800000000000000000000f8f800000000000000000000f8f8000000
02:09:38.852 [DEBUG] [serial] Sin header 0xAA, descartando 128 bytes: 000000f8f800000000000000000000f8
02:09:38.861 [DEBUG] [serial] RX 128 bytes: 00000000000000f8f800000000000000000000f8f800000000000000000000f8f800000000000000000000f8f800000000000000000000f8f800000000000000000000f8f800000000000000000000f8f800000000000000000000f8f800000000000000000000f8f800000000000000000000f8f800000000000000000000f8
02:09:38.861 [DEBUG] [serial] Sin header 0xAA, descartando 128 bytes: 00000000000000f8f800000000000000
02:09:38.870 [DEBUG] [serial] RX 128 bytes: f800000000000000000000f8f800000000000000000000f8f800000000000000000000f8f800000000000000000000f8f800000000000000000000f8f800000000000000000000f8f800000000000000000000f8f800000000000000000000f8f800000000000000000000f8f800000000000000000000f8f800000000000000
02:09:38.870 [DEBUG] [serial] Sin header 0xAA, descartando 128 bytes: f800000000000000000000f8f8000000
02:09:38.879 [DEBUG] [serial] RX 128 bytes: 000000f8f800000000000000000000f8f800000000000000000000f8f800000000000000000000f8f800000000000000000000f8f800000000000000000000f8f800000000000000000000f8f800000000000000000000f8f800000000000000000000f8f800000000000000000000f8f800000000000000000000f8f8000000
02:09:38.880 [DEBUG] [serial] Sin header 0xAA, descartando 128 bytes: 000000f8f800000000000000000000f8
02:09:38.889 [DEBUG] [serial] RX 128 bytes: 00000000000000f8f800000000000000000000f8f800000000000000000000f8f800000000000000000000f8f800000000000000000000f8f800000000000000000000f8f800000000000000000000f8f800000000000000000000f8f800000000000000000000f8f800000000000000000000f8f800000000000000000000f8
02:09:38.889 [DEBUG] [serial] Sin header 0xAA, descartando 128 bytes: 00000000000000f8f800000000000000
02:09:38.898 [DEBUG] [serial] RX 128 bytes: f800000000000000000000f8f800000000000000000000f8f800000000000000000000f8f800000000000000000000f8f800000000000000000000f8f800000000000000000000f8f800000000000000000000f8f800000000000000000000f8f800000000000000000000f8f800000000000000000000f8f800000000000000
02:09:38.898 [DEBUG] [serial] Sin header 0xAA, descartando 128 bytes: f800000000000000000000f8f8000000
02:09:38.907 [DEBUG] [serial] RX 128 bytes: 000000f8f800000000000000000000f8f800000000000000000000f8f800000000000000000000f8f800000000000000000000f8f800000000000000000000f8f800000000000000000000f8f800000000000000000000f8f800000000000000000000f8f800000000000000000000f8f800000000000000000000f8f8000000
02:09:38.907 [DEBUG] [serial] Sin header 0xAA, descartando 128 bytes: 000000f8f800000000000000000000f8
02:09:38.917 [DEBUG] [serial] RX 128 bytes: 00000000000000f8f800000000000000000000f8f800000000000000000000f8f800000000000000000000f8f800000000000000000000f8f800000000000000000000f8f800000000000000000000f8f800000000000000000000f8f800000000000000000000f8f800000000000000000000f8f800000000000000000000f8
02:09:38.917 [DEBUG] [serial] Sin header 0xAA, descartando 128 bytes: 00000000000000f8f800000000000000
02:09:38.926 [DEBUG] [serial] RX 128 bytes: f800000000000000000000f8f800000000000000000000f8f800000000000000000000f8f800000000000000000000f8f800000000000000000000f8f800000000000000000000f8f800000000000000000000f8f800000000000000000000f8f800000000000000000000f8f800000000000000000000f8f800000000000000
02:09:38.926 [DEBUG] [serial] Sin header 0xAA, descartando 128 bytes: f800000000000000000000f8f8000000
02:09:38.935 [DEBUG] [serial] RX 128 bytes: 000000f8f800000000000000000000f8f800000000000000000000f8f800000000000000000000f8f800000000000000000000f8f800000000000000000000f8f800000000000000000000f8f800000000000000000000f8f800000000000000000000f8f800000000000000000000f8f800000000000000000000f8f8000000
02:09:38.936 [DEBUG] [serial] Sin header 0xAA, descartando 128 bytes: 000000f8f800000000000000000000f8
02:09:38.945 [DEBUG] [serial] RX 128 bytes: 00000000000000f8f800000000000000000000f8f800000000000000000000f8f800000000000000000000f8f800000000000000000000f8f800000000000000000000f8f800000000000000000000f8f800000000000000000000f8f800000000000000000000f8f800000000000000000000f8f800000000000000000000f8
02:09:38.945 [DEBUG] [serial] Sin header 0xAA, descartando 128 bytes: 00000000000000f8f800000000000000
02:09:38.954 [DEBUG] [serial] RX 128 bytes: f800000000000000000000f8f800000000000000000000f8f800000000000000000000f8f800000000000000000000f8f800000000000000000000f8f800000000000000000000f8f800000000000000000000f8f800000000000000000000f8f800000000000000000000f8f800000000000000000000f8f800000000000000
02:09:38.954 [DEBUG] [serial] Sin header 0xAA, descartando 128 bytes: f800000000000000000000f8f8000000
02:09:38.963 [DEBUG] [serial] RX 128 bytes: 000000f8f800000000000000000000f8f800000000000000000000f8f800000000000000000000f8f800000000000000000000f8f800000000000000000000f8f800000000000000000000f8f800000000000000000000f8f800000000000000000000f8f800000000000000000000f8f800000000000000000000f8f8000000
02:09:38.963 [DEBUG] [serial] Sin header 0xAA, descartando 128 bytes: 000000f8f800000000000000000000f8
02:09:38.972 [DEBUG] [serial] RX 128 bytes: 00000000000000f8f800000000000000000000f8f800000000000000000000f8f800000000000000000000f8f800000000000000000000f8f800000000000000000000f8f800000000000000000000f8f800000000000000000000f8f800000000000000000000f8f800000000000000000000f8f800000000000000000000f8
02:09:38.973 [DEBUG] [serial] Sin header 0xAA, descartando 128 bytes: 00000000000000f8f800000000000000
02:09:38.982 [DEBUG] [serial] RX 128 bytes: f800000000000000000000f8f800000000000000000000f8f800000000000000000000f8f800000000000000000000f8f800000000000000000000f8f800000000000000000000f8f800000000000000000000f8f800000000000000000000f8f800000000000000000000f8f800000000000000000000f8f800000000000000
02:09:38.983 [DEBUG] [serial] Sin header 0xAA, descartando 128 bytes: f800000000000000000000f8f8000000
02:09:38.991 [DEBUG] [serial] RX 128 bytes: 000000f8f800000000000000000000f8f800000000000000000000f8f800000000000000000000f8f800000000000000000000f8f800000000000000000000f8f800000000000000000000f8f800000000000000000000f8f800000000000000000000f8f800000000000000000000f8f800000000000000000000f8f8000000
02:09:38.991 [DEBUG] [serial] Sin header 0xAA, descartando 128 bytes: 000000f8f800000000000000000000f8
02:09:39.000 [DEBUG] [serial] RX 128 bytes: 00000000000000f8f800000000000000000000f8f800000000000000000000f8f800000000000000000000f8f800000000000000000000f8f800000000000000000000f8f800000000000000000000f8f800000000000000000000f8f800000000000000000000f8f800000000000000000000f8f800000000000000000000f8
02:09:39.001 [DEBUG] [serial] Sin header 0xAA, descartando 128 bytes: 00000000000000f8f800000000000000
02:09:39.010 [DEBUG] [serial] RX 128 bytes: f800000000000000000000f8f800000000000000000000f8f800000000000000000000f8f800000000000000000000f8f800000000000000000000f8f800000000000000000000f8f800000000000000000000f8f800000000000000000000f8f800000000000000000000f8f800000000000000000000f8f800000000000000
02:09:39.010 [DEBUG] [serial] Sin header 0xAA, descartando 128 bytes: f800000000000000000000f8f8000000
02:09:39.019 [DEBUG] [serial] RX 128 bytes: 000000f8f800000000000000000000f8f800000000000000000000f8f800000000000000000000f8f800000000000000000000f8f800000000000000000000f8f800000000000000000000f8f800000000000000000000f8f800000000000000000000f8f800000000000000000000f8f800000000000000000000f8f8000000
02:09:39.019 [DEBUG] [serial] Sin header 0xAA, descartando 128 bytes: 000000f8f800000000000000000000f8
02:09:39.028 [DEBUG] [serial] RX 128 bytes: 00000000000000f8f800000000000000000000f8f800000000000000000000f8f800000000000000000000f8f800000000000000000000f8f800000000000000000000f8f800000000000000000000f8f800000000000000000000f8f800000000000000000000f8f800000000000000000000f8f800000000000000000000f8
02:09:39.028 [DEBUG] [serial] Sin header 0xAA, descartando 128 bytes: 00000000000000f8f800000000000000
02:09:39.038 [DEBUG] [serial] RX 128 bytes: f800000000000000000000f8f800000000000000000000f8f800000000000000000000f8f800000000000000000000f8f800000000000000000000f8f800000000000000000000f8f800000000000000000000f8f800000000000000000000f8f800000000000000000000f8f800000000000000000000f8f800000000000000
02:09:39.038 [DEBUG] [serial] Sin header 0xAA, descartando 128 bytes: f800000000000000000000f8f8000000
02:09:39.047 [DEBUG] [serial] RX 128 bytes: 000000f8f800000000000000000000f8f800000000000000000000f8f800000000000000000000f8f800000000000000000000f8f800000000000000000000f8f800000000000000000000f8f800000000000000000000f8f800000000000000000000f8f800000000000000000000f8f800000000000000000000f8f8000000
02:09:39.047 [DEBUG] [serial] Sin header 0xAA, descartando 128 bytes: 000000f8f800000000000000000000f8
02:09:39.056 [DEBUG] [serial] RX 128 bytes: 00000000000000f8f800000000000000000000f8f800000000000000000000f8f800000000000000000000f8f800000000000000000000f8f800000000000000000000f8f800000000000000000000f8f800000000000000000000f8f800000000000000000000f8f800000000000000000000f8f800000000000000000000f8
02:09:39.056 [DEBUG] [serial] Sin header 0xAA, descartando 128 bytes: 00000000000000f8f800000000000000
02:09:39.066 [DEBUG] [serial] RX 128 bytes: f800000000000000000000f8f800000000000000000000f8f800000000000000000000f8f800000000000000000000f8f800000000000000000000f8f800000000000000000000f8f800000000000000000000f8f800000000000000000000f8f800000000000000000000f8f800000000000000000000f8f800000000000000
02:09:39.066 [DEBUG] [serial] Sin header 0xAA, descartando 128 bytes: f800000000000000000000f8f8000000
02:09:39.075 [DEBUG] [serial] RX 128 bytes: 000000f8f800000000000000000000f8f800000000000000000000f8f800000000000000000000f8f800000000000000000000f8f800000000000000000000f8f800000000000000000000f8f800000000000000000000f8f800000000000000000000f8f800000000000000000000f8f800000000000000000000f8f8000000
02:09:39.075 [DEBUG] [serial] Sin header 0xAA, descartando 128 bytes: 000000f8f800000000000000000000f8
02:09:39.084 [DEBUG] [serial] RX 128 bytes: 00000000000000f8f800000000000000000000f8f800000000000000000000f8f800000000000000000000f8f800000000000000000000f8f800000000000000000000f8f800000000000000000000f8f800000000000000000000f8f800000000000000000000f8f800000000000000000000f8f800000000000000000000f8
02:09:39.084 [DEBUG] [serial] Sin header 0xAA, descartando 128 bytes: 00000000000000f8f800000000000000
02:09:39.093 [DEBUG] [serial] RX 128 bytes: f800000000000000000000f8f800000000000000000000f8f800000000000000000000f8f800000000000000000000f8f800000000000000000000f8f800000000000000000000f8f800000000000000000000f8f800000000000000000000f8f800000000000000000000f8f800000000000000000000f8f800000000000000
02:09:39.094 [DEBUG] [serial] Sin header 0xAA, descartando 128 bytes: f800000000000000000000f8f8000000
02:09:39.103 [DEBUG] [serial] RX 128 bytes: 000000f8f800000000000000000000f8f800000000000000000000f8f800000000000000000000f8f800000000000000000000f8f800000000000000000000f8f800000000000000000000f8f800000000000000000000f8f800000000000000000000f8f800000000000000000000f8f800000000000000000000f8f8000000
02:09:39.103 [DEBUG] [serial] Sin header 0xAA, descartando 128 bytes: 000000f8f800000000000000000000f8
02:09:39.112 [DEBUG] [serial] RX 128 bytes: 00000000000000f8f800000000000000000000f8f800000000000000000000f8f800000000000000000000f8f800000000000000000000f8f800000000000000000000f8f800000000000000000000f8f800000000000000000000f8f800000000000000000000f8f800000000000000000000f8f800000000000000000000f8
02:09:39.112 [DEBUG] [serial] Sin header 0xAA, descartando 128 bytes: 00000000000000f8f800000000000000
02:09:39.121 [DEBUG] [serial] RX 128 bytes: f800000000000000000000f8f800000000000000000000f8f800000000000000000000f8f800000000000000000000f8f800000000000000000000f8f800000000000000000000f8f800000000000000000000f8f800000000000000000000f8f800000000000000000000f8f800000000000000000000f8f800000000000000
02:09:39.122 [DEBUG] [serial] Sin header 0xAA, descartando 128 bytes: f800000000000000000000f8f8000000
02:09:39.131 [DEBUG] [serial] RX 128 bytes: 000000f8f800000000000000000000f8f800000000000000000000f8f800000000000000000000f8f800000000000000000000f8f800000000000000000000f8f800000000000000000000f8f800000000000000000000f8f800000000000000000000f8f800000000000000000000f8f800000000000000000000f8f8000000
02:09:39.131 [DEBUG] [serial] Sin header 0xAA, descartando 128 bytes: 000000f8f800000000000000000000f8
02:09:39.140 [DEBUG] [serial] RX 128 bytes: 00000000000000f8f800000000000000000000f8f800000000000000000000f8f800000000000000000000f8f800000000000000000000f8f800000000000000000000f8f800000000000000000000f8f800000000000000000000f8f800000000000000000000f8f800000000000000000000f8f800000000000000000000f8
02:09:39.140 [DEBUG] [serial] Sin header 0xAA, descartando 128 bytes: 00000000000000f8f800000000000000
02:09:39.149 [DEBUG] [serial] RX 128 bytes: f800000000000000000000f8f800000000000000000000f8f800000000000000000000f8f800000000000000000000f8f800000000000000000000f8f800000000000000000000f8f800000000000000000000f8f800000000000000000000f8f800000000000000000000f8f800000000000000000000f8f800000000000000
02:09:39.150 [DEBUG] [serial] Sin header 0xAA, descartando 128 bytes: f800000000000000000000f8f8000000
02:09:39.159 [DEBUG] [serial] RX 128 bytes: 000000f8f800000000000000000000f8f800000000000000000000f8f800000000000000000000f8f800000000000000000000f8f800000000000000000000f8f800000000000000000000f8f800000000000000000000f8f800000000000000000000f8f800000000000000000000f8f800000000000000000000f8f8000000
02:09:39.159 [DEBUG] [serial] Sin header 0xAA, descartando 128 bytes: 000000f8f800000000000000000000f8
02:09:39.168 [DEBUG] [serial] RX 128 bytes: 00000000000000f8f800000000000000000000f8f800000000000000000000f8f800000000000000000000f8f800000000000000000000f8f800000000000000000000f8f800000000000000000000f8f800000000000000000000f8f800000000000000000000f8f800000000000000000000f8f800000000000000000000f8
02:09:39.169 [DEBUG] [serial] Sin header 0xAA, descartando 128 bytes: 00000000000000f8f800000000000000
02:09:39.177 [DEBUG] [serial] RX 128 bytes: f800000000000000000000f8f800000000000000000000f8f800000000000000000000f8f800000000000000000000f8f800000000000000000000f8f800000000000000000000f8f800000000000000000000f8f800000000000000000000f8f800000000000000000000f8f800000000000000000000f8f800000000000000
02:09:39.177 [DEBUG] [serial] Sin header 0xAA, descartando 128 bytes: f800000000000000000000f8f8000000
02:09:39.187 [DEBUG] [serial] RX 128 bytes: 000000f8f800000000000000000000f8f800000000000000000000f8f800000000000000000000f8f800000000000000000000f8f800000000000000000000f8f800000000000000000000f8f800000000000000000000f8f800000000000000000000f8f800000000000000000000f8f800000000000000000000f8f8000000
02:09:39.187 [DEBUG] [serial] Sin header 0xAA, descartando 128 bytes: 000000f8f800000000000000000000f8
02:09:39.196 [DEBUG] [serial] RX 128 bytes: 00000000000000f8f800000000000000000000f8f800000000000000000000f8f800000000000000000000f8f800000000000000000000f8f800000000000000000000f8f800000000000000000000f8f800000000000000000000f8f800000000000000000000f8f800000000000000000000f8f800000000000000000000f8
02:09:39.196 [DEBUG] [serial] Sin header 0xAA, descartando 128 bytes: 00000000000000f8f800000000000000
02:09:39.205 [DEBUG] [serial] RX 128 bytes: f800000000000000000000f8f800000000000000000000f8f800000000000000000000f8f800000000000000000000f8f800000000000000000000f8f800000000000000000000f8f800000000000000000000f8f800000000000000000000f8f800000000000000000000f8f800000000000000000000f8f800000000000000
02:09:39.205 [DEBUG] [serial] Sin header 0xAA, descartando 128 bytes: f800000000000000000000f8f8000000
02:09:39.214 [DEBUG] [serial] RX 128 bytes: 000000f8f800000000000000000000f8f800000000000000000000f8f800000000000000000000f8f800000000000000000000f8f800000000000000000000f8f800000000000000000000f8f800000000000000000000f8f800000000000000000000f8f800000000000000000000f8f800000000000000000000f8f8000000
02:09:39.215 [DEBUG] [serial] Sin header 0xAA, descartando 128 bytes: 000000f8f800000000000000000000f8
02:09:39.224 [DEBUG] [serial] RX 128 bytes: 00000000000000f8f800000000000000000000f8f800000000000000000000f8f800000000000000000000f8f800000000000000000000f8f800000000000000000000f8f800000000000000000000f8f800000000000000000000f8f800000000000000000000f8f800000000000000000000f8f800000000000000000000f8
02:09:39.224 [DEBUG] [serial] Sin header 0xAA, descartando 128 bytes: 00000000000000f8f800000000000000
02:09:39.233 [DEBUG] [serial] RX 128 bytes: f800000000000000000000f8f800000000000000000000f8f800000000000000000000f8f800000000000000000000f8f800000000000000000000f8f800000000000000000000f8f800000000000000000000f8f800000000000000000000f8f800000000000000000000f8f800000000000000000000f8f800000000000000
02:09:39.233 [DEBUG] [serial] Sin header 0xAA, descartando 128 bytes: f800000000000000000000f8f8000000
02:09:39.242 [DEBUG] [serial] RX 128 bytes: 000000f8f800000000000000000000f8f800000000000000000000f8f800000000000000000000f8f800000000000000000000f8f800000000000000000000f8f800000000000000000000f8f800000000000000000000f8f800000000000000000000f8f800000000000000000000f8f800000000000000000000f8f8000000
02:09:39.243 [DEBUG] [serial] Sin header 0xAA, descartando 128 bytes: 000000f8f800000000000000000000f8
02:09:39.252 [DEBUG] [serial] RX 128 bytes: 00000000000000f8f800000000000000000000f8f800000000000000000000f8f800000000000000000000f8f800000000000000000000f8f800000000000000000000f8f800000000000000000000f8f800000000000000000000f8f800000000000000000000f8f800000000000000000000f8f800000000000000000000f8
02:09:39.252 [DEBUG] [serial] Sin header 0xAA, descartando 128 bytes: 00000000000000f8f800000000000000
02:09:39.261 [DEBUG] [serial] RX 128 bytes: f800000000000000000000f8f800000000000000000000f8f800000000000000000000f8f800000000000000000000f8f800000000000000000000f8f800000000000000000000f8f800000000000000000000f8f800000000000000000000f8f800000000000000000000f8f800000000000000000000f8f800000000000000
02:09:39.262 [DEBUG] [serial] Sin header 0xAA, descartando 128 bytes: f800000000000000000000f8f8000000
02:09:39.270 [DEBUG] [serial] RX 128 bytes: 000000f8f800000000000000000000f8f800000000000000000000f8f800000000000000000000f8f800000000000000000000f8f800000000000000000000f8f800000000000000000000f8f800000000000000000000f8f800000000000000000000f8f800000000000000000000f8f800000000000000000000f8f8000000
02:09:39.271 [DEBUG] [serial] Sin header 0xAA, descartando 128 bytes: 000000f8f800000000000000000000f8
02:09:39.280 [DEBUG] [serial] RX 128 bytes: 00000000000000f8f800000000000000000000f8f800000000000000000000f8f800000000000000000000f8f800000000000000000000f8f800000000000000000000f8f800000000000000000000f8f800000000000000000000f8f800000000000000000000f8f800000000000000000000f8f800000000000000000000f8
02:09:39.280 [DEBUG] [serial] Sin header 0xAA, descartando 128 bytes: 00000000000000f8f800000000000000
02:09:39.289 [DEBUG] [serial] RX 128 bytes: f800000000000000000000f8f800000000000000000000f8f800000000000000000000f8f800000000000000000000f8f800000000000000000000f8f800000000000000000000f8f800000000000000000000f8f800000000000000000000f8f800000000000000000000f8f800000000000000000000f8f800000000000000
02:09:39.289 [DEBUG] [serial] Sin header 0xAA, descartando 128 bytes: f800000000000000000000f8f8000000
02:09:39.298 [DEBUG] [serial] RX 128 bytes: 000000f8f800000000000000000000f8f800000000000000000000f8f800000000000000000000f8f800000000000000000000f8f800000000000000000000f8f800000000000000000000f8f800000000000000000000f8f800000000000000000000f8f800000000000000000000f8f800000000000000000000f8f8000000
02:09:39.299 [DEBUG] [serial] Sin header 0xAA, descartando 128 bytes: 000000f8f800000000000000000000f8
02:09:39.308 [DEBUG] [serial] RX 128 bytes: 00000000000000f8f800000000000000000000f8f800000000000000000000f8f800000000000000000000f8f800000000000000000000f8f800000000000000000000f8f800000000000000000000f8f800000000000000000000f8f800000000000000000000f8f800000000000000000000f8f800000000000000000000f8
02:09:39.308 [DEBUG] [serial] Sin header 0xAA, descartando 128 bytes: 00000000000000f8f800000000000000
02:09:39.317 [DEBUG] [serial] RX 128 bytes: f800000000000000000000f8f800000000000000000000f8f800000000000000000000f8f800000000000000000000f8f800000000000000000000f8f800000000000000000000f8f800000000000000000000f8f800000000000000000000f8f800000000000000000000f8f800000000000000000000f8f800000000000000
02:09:39.317 [DEBUG] [serial] Sin header 0xAA, descartando 128 bytes: f800000000000000000000f8f8000000
02:09:39.326 [DEBUG] [serial] RX 128 bytes: 000000f8f800000000000000000000f8f800000000000000000000f8f800000000000000000000f8f800000000000000000000f8f800000000000000000000f8f800000000000000000000f8f800000000000000000000f8f800000000000000000000f8f800000000000000000000f8f800000000000000000000f8f8000000
02:09:39.326 [DEBUG] [serial] Sin header 0xAA, descartando 128 bytes: 000000f8f800000000000000000000f8
02:09:39.336 [DEBUG] [serial] RX 128 bytes: 00000000000000f8f800000000000000000000f8f800000000000000000000f8f800000000000000000000f8f800000000000000000000f8f800000000000000000000f8f800000000000000000000f8f800000000000000000000f8f800000000000000000000f8f800000000000000000000f8f800000000000000000000f8
02:09:39.336 [DEBUG] [serial] Sin header 0xAA, descartando 128 bytes: 00000000000000f8f800000000000000
02:09:39.345 [DEBUG] [serial] RX 128 bytes: f800000000000000000000f8f800000000000000000000f8f800000000000000000000f8f800000000000000000000f8f800000000000000000000f8f800000000000000000000f8f800000000000000000000f8f800000000000000000000f8f800000000000000000000f8f800000000000000000000f8f800000000000000
02:09:39.345 [DEBUG] [serial] Sin header 0xAA, descartando 128 bytes: f800000000000000000000f8f8000000
02:09:39.354 [DEBUG] [serial] RX 128 bytes: 000000f8f800000000000000000000f8f800000000000000000000f8f800000000000000000000f8f800000000000000000000f8f800000000000000000000f8f800000000000000000000f8f800000000000000000000f8f800000000000000000000f8f800000000000000000000f8f800000000000000000000f8f8000000
02:09:39.354 [DEBUG] [serial] Sin header 0xAA, descartando 128 bytes: 000000f8f800000000000000000000f8
02:09:39.364 [DEBUG] [serial] RX 128 bytes: 00000000000000f8f800000000000000000000f8f800000000000000000000f8f800000000000000000000f8f800000000000000000000f8f800000000000000000000f8f800000000000000000000f8f800000000000000000000f8f800000000000000000000f8f800000000000000000000f8f800000000000000000000f8
02:09:39.364 [DEBUG] [serial] Sin header 0xAA, descartando 128 bytes: 00000000000000f8f800000000000000
02:09:39.373 [DEBUG] [serial] RX 128 bytes: f800000000000000000000f8f800000000000000000000f8f800000000000000000000f8f800000000000000000000f8f800000000000000000000f8f800000000000000000000f8f800000000000000000000f8f800000000000000000000f8f800000000000000000000f8f800000000000000000000f8f800000000000000
02:09:39.373 [DEBUG] [serial] Sin header 0xAA, descartando 128 bytes: f800000000000000000000f8f8000000
02:09:39.382 [DEBUG] [serial] RX 128 bytes: 000000f8f800000000000000000000f8f800000000000000000000f8f800000000000000000000f8f800000000000000000000f8f800000000000000000000f8f800000000000000000000f8f800000000000000000000f8f800000000000000000000f8f800000000000000000000f8f800000000000000000000f8f8000000
02:09:39.382 [DEBUG] [serial] Sin header 0xAA, descartando 128 bytes: 000000f8f800000000000000000000f8
02:09:39.391 [DEBUG] [serial] RX 128 bytes: 00000000000000f8f800000000000000000000f8f800000000000000000000f8f800000000000000000000f8f800000000000000000000f8f800000000000000000000f8f800000000000000000000f8f800000000000000000000f8f800000000000000000000f8f800000000000000000000f8f800000000000000000000f8
02:09:39.392 [DEBUG] [serial] Sin header 0xAA, descartando 128 bytes: 00000000000000f8f800000000000000
02:09:39.401 [DEBUG] [serial] RX 128 bytes: f800000000000000000000f8f800000000000000000000f8f800000000000000000000f8f800000000000000000000f8f800000000000000000000f8f800000000000000000000f8f800000000000000000000f8f800000000000000000000f8f800000000000000000000f8f800000000000000000000f8f800000000000000
02:09:39.401 [DEBUG] [serial] Sin header 0xAA, descartando 128 bytes: f800000000000000000000f8f8000000
02:09:39.410 [DEBUG] [serial] RX 128 bytes: 000000f8f800000000000000000000f8f800000000000000000000f8f800000000000000000000f8f800000000000000000000f8f800000000000000000000f8f800000000000000000000f8f800000000000000000000f8f800000000000000000000f8f800000000000000000000f8f800000000000000000000f8f8000000
02:09:39.410 [DEBUG] [serial] Sin header 0xAA, descartando 128 bytes: 000000f8f800000000000000000000f8
02:09:39.419 [DEBUG] [serial] RX 128 bytes: 00000000000000f8f800000000000000000000f8f800000000000000000000f8f800000000000000000000f8f800000000000000000000f8f800000000000000000000f8f800000000000000000000f8f800000000000000000000f8f800000000000000000000f8f800000000000000000000f8f800000000000000000000f8
02:09:39.420 [DEBUG] [serial] Sin header 0xAA, descartando 128 bytes: 00000000000000f8f800000000000000
02:09:39.429 [DEBUG] [serial] RX 128 bytes: f800000000000000000000f8f800000000000000000000f8f800000000000000000000f8f800000000000000000000f8f800000000000000000000f8f800000000000000000000f8f800000000000000000000f8f800000000000000000000f8f800000000000000000000f8f800000000000000000000f8f800000000000000
02:09:39.429 [DEBUG] [serial] Sin header 0xAA, descartando 128 bytes: f800000000000000000000f8f8000000
02:09:39.438 [DEBUG] [serial] RX 128 bytes: 000000f8f800000000000000000000f8f800000000000000000000f8f800000000000000000000f8f800000000000000000000f8f800000000000000000000f8f800000000000000000000f8f800000000000000000000f8f800000000000000000000f8f800000000000000000000f8f800000000000000000000f8f8000000
02:09:39.438 [DEBUG] [serial] Sin header 0xAA, descartando 128 bytes: 000000f8f800000000000000000000f8
02:09:39.447 [DEBUG] [serial] RX 128 bytes: 00000000000000f8f800000000000000000000f8f800000000000000000000f8f800000000000000000000f8f800000000000000000000f8f800000000000000000000f8f800000000000000000000f8f800000000000000000000f8f800000000000000000000f8f800000000000000000000f8f800000000000000000000f8
02:09:39.448 [DEBUG] [serial] Sin header 0xAA, descartando 128 bytes: 00000000000000f8f800000000000000
02:09:39.457 [DEBUG] [serial] RX 128 bytes: f800000000000000000000f8f800000000000000000000f8f800000000000000000000f8f800000000000000000000f8f800000000000000000000f8f800000000000000000000f8f800000000000000000000f8f800000000000000000000f8f800000000000000000000f8f800000000000000000000f8f800000000000000
02:09:39.457 [DEBUG] [serial] Sin header 0xAA, descartando 128 bytes: f800000000000000000000f8f8000000
02:09:39.466 [DEBUG] [serial] RX 128 bytes: 000000f8f800000000000000000000f8f800000000000000000000f8f800000000000000000000f8f800000000000000000000f8f800000000000000000000f8f800000000000000000000f8f800000000000000000000f8f800000000000000000000f8f800000000000000000000f8f800000000000000000000f8f8000000
02:09:39.466 [DEBUG] [serial] Sin header 0xAA, descartando 128 bytes: 000000f8f800000000000000000000f8
02:09:39.475 [DEBUG] [serial] RX 128 bytes: 00000000000000f8f800000000000000000000f8f800000000000000000000f8f800000000000000000000f8f800000000000000000000f8f800000000000000000000f8f800000000000000000000f8f800000000000000000000f8f800000000000000000000f8f800000000000000000000f8f800000000000000000000f8
02:09:39.475 [DEBUG] [serial] Sin header 0xAA, descartando 128 bytes: 00000000000000f8f800000000000000
02:09:39.485 [DEBUG] [serial] RX 128 bytes: f800000000000000000000f8f800000000000000000000f8f800000000000000000000f8f800000000000000000000f8f800000000000000000000f8f800000000000000000000f8f800000000000000000000f8f800000000000000000000f8f800000000000000000000f8f800000000000000000000f8f800000000000000
02:09:39.485 [DEBUG] [serial] Sin header 0xAA, descartando 128 bytes: f800000000000000000000f8f8000000
02:09:39.494 [DEBUG] [serial] RX 128 bytes: 000000f8f800000000000000000000f8f800000000000000000000f8f800000000000000000000f8f800000000000000000000f8f800000000000000000000f8f800000000000000000000f8f800000000000000000000f8f800000000000000000000f8f800000000000000000000f8f800000000000000000000f8f8000000
02:09:39.494 [DEBUG] [serial] Sin header 0xAA, descartando 128 bytes: 000000f8f800000000000000000000f8
02:09:39.503 [DEBUG] [serial] RX 128 bytes: 00000000000000f8f800000000000000000000f8f800000000000000000000f8f800000000000000000000f8f800000000000000000000f8f800000000000000000000f8f800000000000000000000f8f800000000000000000000f8f800000000000000000000f8f800000000000000000000f8f800000000000000000000f8
02:09:39.503 [DEBUG] [serial] Sin header 0xAA, descartando 128 bytes: 00000000000000f8f800000000000000
02:09:39.513 [DEBUG] [serial] RX 128 bytes: f800000000000000000000f8f800000000000000000000f8f800000000000000000000f8f800000000000000000000f8f800000000000000000000f8f800000000000000000000f8f800000000000000000000f8f800000000000000000000f8f800000000000000000000f8f800000000000000000000f8f800000000000000
02:09:39.513 [DEBUG] [serial] Sin header 0xAA, descartando 128 bytes: f800000000000000000000f8f8000000
02:09:39.522 [DEBUG] [serial] RX 128 bytes: 000000f8f800000000000000000000f8f800000000000000000000f8f800000000000000000000f8f800000000000000000000f8f800000000000000000000f8f800000000000000000000f8f800000000000000000000f8f800000000000000000000f8f800000000000000000000f8f800000000000000000000f8f8000000
02:09:39.522 [DEBUG] [serial] Sin header 0xAA, descartando 128 bytes: 000000f8f800000000000000000000f8
02:09:39.531 [DEBUG] [serial] RX 128 bytes: 00000000000000f8f800000000000000000000f8f800000000000000000000f8f800000000000000000000f8f800000000000000000000f8f800000000000000000000f8f800000000000000000000f8f800000000000000000000f8f800000000000000000000f8f800000000000000000000f8f800000000000000000000f8
02:09:39.531 [DEBUG] [serial] Sin header 0xAA, descartando 128 bytes: 00000000000000f8f800000000000000
02:09:39.540 [DEBUG] [serial] RX 128 bytes: f800000000000000000000f8f800000000000000000000f8f800000000000000000000f8f800000000000000000000f8f800000000000000000000f8f800000000000000000000f8f800000000000000000000f8f800000000000000000000f8f800000000000000000000f8f800000000000000000000f8f800000000000000
02:09:39.541 [DEBUG] [serial] Sin header 0xAA, descartando 128 bytes: f800000000000000000000f8f8000000
02:09:39.550 [DEBUG] [serial] RX 128 bytes: 000000f8f800000000000000000000f8f800000000000000000000f8f800000000000000000000f8f800000000000000000000f8f800000000000000000000f8f800000000000000000000f8f800000000000000000000f8f800000000000000000000f8f800000000000000000000f8f800000000000000000000f8f8000000
02:09:39.550 [DEBUG] [serial] Sin header 0xAA, descartando 128 bytes: 000000f8f800000000000000000000f8
02:09:39.559 [DEBUG] [serial] RX 128 bytes: 00000000000000f8f800000000000000000000f8f800000000000000000000f8f800000000000000000000f8f800000000000000000000f8f800000000000000000000f8f800000000000000000000f8f800000000000000000000f8f800000000000000000000f8f800000000000000000000f8f800000000000000000000f8
02:09:39.559 [DEBUG] [serial] Sin header 0xAA, descartando 128 bytes: 00000000000000f8f800000000000000
02:09:39.568 [DEBUG] [serial] RX 128 bytes: f800000000000000000000f8f800000000000000000000f8f800000000000000000000f8f800000000000000000000f8f800000000000000000000f8f800000000000000000000f8f800000000000000000000f8f800000000000000000000f8f800000000000000000000f8f800000000000000000000f8f800000000000000
02:09:39.568 [DEBUG] [serial] Sin header 0xAA, descartando 128 bytes: f800000000000000000000f8f8000000
02:09:39.578 [DEBUG] [serial] RX 128 bytes: 000000f8f800000000000000000000f8f800000000000000000000f8f800000000000000000000f8f800000000000000000000f8f800000000000000000000f8f800000000000000000000f8f800000000000000000000f8f800000000000000000000f8f800000000000000000000f8f800000000000000000000f8f8000000
02:09:39.578 [DEBUG] [serial] Sin header 0xAA, descartando 128 bytes: 000000f8f800000000000000000000f8
02:09:39.587 [DEBUG] [serial] RX 128 bytes: 00000000000000f8f800000000000000000000f8f800000000000000000000f8f800000000000000000000f8f800000000000000000000f8f800000000000000000000f8f800000000000000000000f8f800000000000000000000f8f800000000000000000000f8f800000000000000000000f8f800000000000000000000f8
02:09:39.587 [DEBUG] [serial] Sin header 0xAA, descartando 128 bytes: 00000000000000f8f800000000000000
02:09:39.596 [DEBUG] [serial] RX 128 bytes: f800000000000000000000f8f800000000000000000000f8f800000000000000000000f8f800000000000000000000f8f800000000000000000000f8f800000000000000000000f8f800000000000000000000f8f800000000000000000000f8f800000000000000000000f8f800000000000000000000f8f800000000000000
02:09:39.597 [DEBUG] [serial] Sin header 0xAA, descartando 128 bytes: f800000000000000000000f8f8000000
02:09:39.606 [DEBUG] [serial] RX 128 bytes: 000000f8f800000000000000000000f8f800000000000000000000f8f800000000000000000000f8f800000000000000000000f8f800000000000000000000f8f800000000000000000000f8f800000000000000000000f8f800000000000000000000f8f800000000000000000000f8f800000000000000000000f8f8000000
02:09:39.606 [DEBUG] [serial] Sin header 0xAA, descartando 128 bytes: 000000f8f800000000000000000000f8
02:09:39.615 [DEBUG] [serial] RX 128 bytes: 00000000000000f8f800000000000000000000f8f800000000000000000000f8f800000000000000000000f8f800000000000000000000f8f800000000000000000000f8f800000000000000000000f8f800000000000000000000f8f800000000000000000000f8f800000000000000000000f8f800000000000000000000f8
02:09:39.615 [DEBUG] [serial] Sin header 0xAA, descartando 128 bytes: 00000000000000f8f800000000000000
02:09:39.624 [DEBUG] [serial] RX 128 bytes: f800000000000000000000f8f800000000000000000000f8f800000000000000000000f8f800000000000000000000f8f800000000000000000000f8f800000000000000000000f8f800000000000000000000f8f800000000000000000000f8f800000000000000000000f8f800000000000000000000f8f800000000000000
02:09:39.624 [DEBUG] [serial] Sin header 0xAA, descartando 128 bytes: f800000000000000000000f8f8000000
02:09:39.634 [DEBUG] [serial] RX 128 bytes: 000000f8f800000000000000000000f8f800000000000000000000f8f800000000000000000000f8f800000000000000000000f8f800000000000000000000f8f800000000000000000000f8f800000000000000000000f8f800000000000000000000f8f800000000000000000000f8f800000000000000000000f8f8000000
02:09:39.634 [DEBUG] [serial] Sin header 0xAA, descartando 128 bytes: 000000f8f800000000000000000000f8
02:09:39.643 [DEBUG] [serial] RX 128 bytes: 00000000000000f8f800000000000000000000f8f800000000000000000000f8f800000000000000000000f8f800000000000000000000f8f800000000000000000000f8f800000000000000000000f8f800000000000000000000f8f800000000000000000000f8f800000000000000000000f8f800000000000000000000f8
02:09:39.643 [DEBUG] [serial] Sin header 0xAA, descartando 128 bytes: 00000000000000f8f800000000000000
02:09:39.652 [DEBUG] [serial] RX 128 bytes: f800000000000000000000f8f800000000000000000000f8f800000000000000000000f8f800000000000000000000f8f800000000000000000000f8f800000000000000000000f8f800000000000000000000f8f800000000000000000000f8f800000000000000000000f8f800000000000000000000f8f800000000000000
02:09:39.652 [DEBUG] [serial] Sin header 0xAA, descartando 128 bytes: f800000000000000000000f8f8000000
02:09:39.661 [DEBUG] [serial] RX 128 bytes: 000000f8f800000000000000000000f8f800000000000000000000f8f800000000000000000000f8f800000000000000000000f8f800000000000000000000f8f800000000000000000000f8f800000000000000000000f8f800000000000000000000f8f800000000000000000000f8f800000000000000000000f8f8000000
02:09:39.662 [DEBUG] [serial] Sin header 0xAA, descartando 128 bytes: 000000f8f800000000000000000000f8
02:09:39.671 [DEBUG] [serial] RX 128 bytes: 00000000000000f8f800000000000000000000f8f800000000000000000000f8f800000000000000000000f8f800000000000000000000f8f800000000000000000000f8f800000000000000000000f8f800000000000000000000f8f800000000000000000000f8f800000000000000000000f8f800000000000000000000f8
02:09:39.671 [DEBUG] [serial] Sin header 0xAA, descartando 128 bytes: 00000000000000f8f800000000000000
02:09:39.680 [DEBUG] [serial] RX 128 bytes: f800000000000000000000f8f800000000000000000000f8f800000000000000000000f8f800000000000000000000f8f800000000000000000000f8f800000000000000000000f8f800000000000000000000f8f800000000000000000000f8f800000000000000000000f8f800000000000000000000f8f800000000000000
02:09:39.680 [DEBUG] [serial] Sin header 0xAA, descartando 128 bytes: f800000000000000000000f8f8000000
02:09:39.689 [DEBUG] [serial] RX 128 bytes: 000000f8f800000000000000000000f8f800000000000000000000f8f800000000000000000000f8f800000000000000000000f8f800000000000000000000f8f800000000000000000000f8f800000000000000000000f8f800000000000000000000f8f800000000000000000000f8f800000000000000000000f8f8000000
02:09:39.689 [DEBUG] [serial] Sin header 0xAA, descartando 128 bytes: 000000f8f800000000000000000000f8
02:09:39.699 [DEBUG] [serial] RX 128 bytes: 00000000000000f8f800000000000000000000f8f800000000000000000000f8f800000000000000000000f8f800000000000000000000f8f800000000000000000000f8f800000000000000000000f8f800000000000000000000f8f800000000000000000000f8f800000000000000000000f8f800000000000000000000f8
02:09:39.699 [DEBUG] [serial] Sin header 0xAA, descartando 128 bytes: 00000000000000f8f800000000000000
02:09:39.708 [DEBUG] [serial] RX 128 bytes: f800000000000000000000f8f800000000000000000000f8f800000000000000000000f8f800000000000000000000f8f800000000000000000000f8f800000000000000000000f8f800000000000000000000f8f800000000000000000000f8f800000000000000000000f8f800000000000000000000f8f800000000000000
02:09:39.708 [DEBUG] [serial] Sin header 0xAA, descartando 128 bytes: f800000000000000000000f8f8000000
02:09:39.717 [DEBUG] [serial] RX 128 bytes: 000000f8f800000000000000000000f8f800000000000000000000f8f800000000000000000000f8f800000000000000000000f8f800000000000000000000f8f800000000000000000000f8f800000000000000000000f8f800000000000000000000f8f800000000000000000000f8f800000000000000000000f8f8000000
02:09:39.718 [DEBUG] [serial] Sin header 0xAA, descartando 128 bytes: 000000f8f800000000000000000000f8
02:09:39.727 [DEBUG] [serial] RX 128 bytes: 00000000000000f8f800000000000000000000f8f800000000000000000000f8f800000000000000000000f8f800000000000000000000f8f800000000000000000000f8f800000000000000000000f8f800000000000000000000f8f800000000000000000000f8f800000000000000000000f8f800000000000000000000f8
02:09:39.727 [DEBUG] [serial] Sin header 0xAA, descartando 128 bytes: 00000000000000f8f800000000000000
02:09:39.736 [DEBUG] [serial] RX 128 bytes: f800000000000000000000f8f800000000000000000000f8f800000000000000000000f8f800000000000000000000f8f800000000000000000000f8f800000000000000000000f8f800000000000000000000f8f800000000000000000000f8f800000000000000000000f8f800000000000000000000f8f800000000000000
02:09:39.736 [DEBUG] [serial] Sin header 0xAA, descartando 128 bytes: f800000000000000000000f8f8000000
02:09:39.745 [DEBUG] [serial] RX 128 bytes: 000000f8f800000000000000000000f8f800000000000000000000f8f800000000000000000000f8f800000000000000000000f8f800000000000000000000f8f800000000000000000000f8f800000000000000000000f8f800000000000000000000f8f800000000000000000000f8f800000000000000000000f8f8000000
02:09:39.745 [DEBUG] [serial] Sin header 0xAA, descartando 128 bytes: 000000f8f800000000000000000000f8
02:09:39.755 [DEBUG] [serial] RX 128 bytes: 00000000000000f8f800000000000000000000f8f800000000000000000000f8f800000000000000000000f8f800000000000000000000f8f800000000000000000000f8f800000000000000000000f8f800000000000000000000f8f800000000000000000000f8f800000000000000000000f8f800000000000000000000f8
02:09:39.755 [DEBUG] [serial] Sin header 0xAA, descartando 128 bytes: 00000000000000f8f800000000000000
02:09:39.764 [DEBUG] [serial] RX 128 bytes: f800000000000000000000f8f800000000000000000000f8f800000000000000000000f8f800000000000000000000f8f800000000000000000000f8f800000000000000000000f8f800000000000000000000f8f800000000000000000000f8f800000000000000000000f8f800000000000000000000f8f800000000000000
02:09:39.764 [DEBUG] [serial] Sin header 0xAA, descartando 128 bytes: f800000000000000000000f8f8000000
02:09:39.773 [DEBUG] [serial] RX 128 bytes: 000000f8f800000000000000000000f8f800000000000000000000f8f800000000000000000000f8f800000000000000000000f8f800000000000000000000f8f800000000000000000000f8f800000000000000000000f8f800000000000000000000f8f800000000000000000000f8f800000000000000000000f8f8000000
02:09:39.773 [DEBUG] [serial] Sin header 0xAA, descartando 128 bytes: 000000f8f800000000000000000000f8
02:09:39.783 [DEBUG] [serial] RX 128 bytes: 00000000000000f8f800000000000000000000f8f800000000000000000000f8f800000000000000000000f8f800000000000000000000f8f800000000000000000000f8f800000000000000000000f8f800000000000000000000f8f800000000000000000000f8f800000000000000000000f8f800000000000000000000f8
02:09:39.783 [DEBUG] [serial] Sin header 0xAA, descartando 128 bytes: 00000000000000f8f800000000000000
02:09:39.792 [DEBUG] [serial] RX 128 bytes: f800000000000000000000f8f800000000000000000000f8f800000000000000000000f8f800000000000000000000f8f800000000000000000000f8f800000000000000000000f8f800000000000000000000f8f800000000000000000000f8f800000000000000000000f8f800000000000000000000f8f800000000000000
02:09:39.792 [DEBUG] [serial] Sin header 0xAA, descartando 128 bytes: f800000000000000000000f8f8000000
02:09:39.801 [DEBUG] [serial] RX 128 bytes: 000000f8f800000000000000000000f8f800000000000000000000f8f800000000000000000000f8f800000000000000000000f8f800000000000000000000f8f800000000000000000000f8f800000000000000000000f8f800000000000000000000f8f800000000000000000000f8f800000000000000000000f8f8000000
02:09:39.801 [DEBUG] [serial] Sin header 0xAA, descartando 128 bytes: 000000f8f800000000000000000000f8
02:09:39.811 [DEBUG] [serial] RX 128 bytes: 00000000000000f8f800000000000000000000f8f800000000000000000000f8f800000000000000000000f8f800000000000000000000f8f800000000000000000000f8f800000000000000000000f8f800000000000000000000f8f800000000000000000000f8f800000000000000000000f8f800000000000000000000f8
02:09:39.811 [DEBUG] [serial] Sin header 0xAA, descartando 128 bytes: 00000000000000f8f800000000000000
02:09:39.820 [DEBUG] [serial] RX 128 bytes: f800000000000000000000f8f800000000000000000000f8f800000000000000000000f8f800000000000000000000f8f800000000000000000000f8f800000000000000000000f8f800000000000000000000f8f800000000000000000000f8f800000000000000000000f8f800000000000000000000f8f800000000000000
02:09:39.820 [DEBUG] [serial] Sin header 0xAA, descartando 128 bytes: f800000000000000000000f8f8000000
02:09:39.829 [DEBUG] [serial] RX 128 bytes: 000000f8f800000000000000000000f8f800000000000000000000f8f800000000000000000000f8f800000000000000000000f8f800000000000000000000f8f800000000000000000000f8f800000000000000000000f8f800000000000000000000f8f800000000000000000000f8f800000000000000000000f8f8000000
02:09:39.829 [DEBUG] [serial] Sin header 0xAA, descartando 128 bytes: 000000f8f800000000000000000000f8
02:09:39.838 [DEBUG] [serial] RX 128 bytes: 00000000000000f8f800000000000000000000f8f800000000000000000000f8f800000000000000000000f8f800000000000000000000f8f800000000000000000000f8f800000000000000000000f8f800000000000000000000f8f800000000000000000000f8f800000000000000000000f8f800000000000000000000f8
02:09:39.839 [DEBUG] [serial] Sin header 0xAA, descartando 128 bytes: 00000000000000f8f800000000000000
02:09:39.848 [DEBUG] [serial] RX 128 bytes: f800000000000000000000f8f800000000000000000000f8f800000000000000000000f8f800000000000000000000f8f800000000000000000000f8f800000000000000000000f8f800000000000000000000f8f800000000000000000000f8f800000000000000000000f8f800000000000000000000f8f800000000000000
02:09:39.848 [DEBUG] [serial] Sin header 0xAA, descartando 128 bytes: f800000000000000000000f8f8000000
02:09:39.857 [DEBUG] [serial] RX 128 bytes: 000000f8f800000000000000000000f8f800000000000000000000f8f800000000000000000000f8f800000000000000000000f8f800000000000000000000f8f800000000000000000000f8f800000000000000000000f8f800000000000000000000f8f800000000000000000000f8f800000000000000000000f8f8000000
02:09:39.857 [DEBUG] [serial] Sin header 0xAA, descartando 128 bytes: 000000f8f800000000000000000000f8
02:09:39.866 [DEBUG] [serial] RX 128 bytes: 00000000000000f8f800000000000000000000f8f800000000000000000000f8f800000000000000000000f8f800000000000000000000f8f800000000000000000000f8f800000000000000000000f8f800000000000000000000f8f800000000000000000000f8f800000000000000000000f8f800000000000000000000f8
02:09:39.867 [DEBUG] [serial] Sin header 0xAA, descartando 128 bytes: 00000000000000f8f800000000000000
02:09:39.876 [DEBUG] [serial] RX 128 bytes: f800000000000000000000f8f800000000000000000000f8f800000000000000000000f8f800000000000000000000f8f800000000000000000000f8f800000000000000000000f8f800000000000000000000f8f800000000000000000000f8f800000000000000000000f8f800000000000000000000f8f800000000000000
02:09:39.876 [DEBUG] [serial] Sin header 0xAA, descartando 128 bytes: f800000000000000000000f8f8000000
02:09:39.885 [DEBUG] [serial] RX 128 bytes: 000000f8f800000000000000000000f8f800000000000000000000f8f800000000000000000000f8f800000000000000000000f8f800000000000000000000f8f800000000000000000000f8f800000000000000000000f8f800000000000000000000f8f800000000000000000000f8f800000000000000000000f8f8000000
02:09:39.885 [DEBUG] [serial] Sin header 0xAA, descartando 128 bytes: 000000f8f800000000000000000000f8
02:09:39.894 [DEBUG] [serial] RX 128 bytes: 00000000000000f8f800000000000000000000f8f800000000000000000000f8f800000000000000000000f8f800000000000000000000f8f800000000000000000000f8f800000000000000000000f8f800000000000000000000f8f800000000000000000000f8f800000000000000000000f8f800000000000000000000f8
02:09:39.895 [DEBUG] [serial] Sin header 0xAA, descartando 128 bytes: 00000000000000f8f800000000000000
02:09:39.904 [DEBUG] [serial] RX 128 bytes: f800000000000000000000f8f800000000000000000000f8f800000000000000000000f8f800000000000000000000f8f800000000000000000000f8f800000000000000000000f8f800000000000000000000f8f800000000000000000000f8f800000000000000000000f8f800000000000000000000f8f800000000000000
02:09:39.904 [DEBUG] [serial] Sin header 0xAA, descartando 128 bytes: f800000000000000000000f8f8000000
02:09:39.913 [DEBUG] [serial] RX 128 bytes: 000000f8f800000000000000000000f8f800000000000000000000f8f800000000000000000000f8f800000000000000000000f8f800000000000000000000f8f800000000000000000000f8f800000000000000000000f8f800000000000000000000f8f800000000000000000000f8f800000000000000000000f8f8000000
02:09:39.913 [DEBUG] [serial] Sin header 0xAA, descartando 128 bytes: 000000f8f800000000000000000000f8
02:09:39.922 [DEBUG] [serial] RX 128 bytes: 00000000000000f8f800000000000000000000f8f800000000000000000000f8f800000000000000000000f8f800000000000000000000f8f800000000000000000000f8f800000000000000000000f8f800000000000000000000f8f800000000000000000000f8f800000000000000000000f8f800000000000000000000f8
02:09:39.922 [DEBUG] [serial] Sin header 0xAA, descartando 128 bytes: 00000000000000f8f800000000000000
02:09:39.932 [DEBUG] [serial] RX 128 bytes: f800000000000000000000f8f800000000000000000000f8f800000000000000000000f8f800000000000000000000f8f800000000000000000000f8f800000000000000000000f8f800000000000000000000f8f800000000000000000000f8f800000000000000000000f8f800000000000000000000f8f800000000000000
02:09:39.932 [DEBUG] [serial] Sin header 0xAA, descartando 128 bytes: f800000000000000000000f8f8000000
02:09:39.941 [DEBUG] [serial] RX 128 bytes: 000000f8f800000000000000000000f8f800000000000000000000f8f800000000000000000000f8f800000000000000000000f8f800000000000000000000f8f800000000000000000000f8f800000000000000000000f8f800000000000000000000f8f800000000000000000000f8f800000000000000000000f8f8000000
02:09:39.941 [DEBUG] [serial] Sin header 0xAA, descartando 128 bytes: 000000f8f800000000000000000000f8
02:09:39.950 [DEBUG] [serial] RX 128 bytes: 00000000000000f8f800000000000000000000f8f800000000000000000000f8f800000000000000000000f8f800000000000000000000f8f800000000000000000000f8f800000000000000000000f8f800000000000000000000f8f800000000000000000000f8f800000000000000000000f8f800000000000000000000f8
02:09:39.950 [DEBUG] [serial] Sin header 0xAA, descartando 128 bytes: 00000000000000f8f800000000000000
02:09:39.959 [DEBUG] [serial] RX 128 bytes: f800000000000000000000f8f800000000000000000000f8f800000000000000000000f8f800000000000000000000f8f800000000000000000000f8f800000000000000000000f8f800000000000000000000f8f800000000000000000000f8f800000000000000000000f8f800000000000000000000f8f800000000000000
02:09:39.960 [DEBUG] [serial] Sin header 0xAA, descartando 128 bytes: f800000000000000000000f8f8000000
02:09:39.969 [DEBUG] [serial] RX 128 bytes: 000000f8f800000000000000000000f8f800000000000000000000f8f800000000000000000000f8f800000000000000000000f8f800000000000000000000f8f800000000000000000000f8f800000000000000000000f8f800000000000000000000f8f800000000000000000000f8f800000000000000000000f8f8000000
02:09:39.969 [DEBUG] [serial] Sin header 0xAA, descartando 128 bytes: 000000f8f800000000000000000000f8
02:09:39.978 [DEBUG] [serial] RX 128 bytes: 00000000000000f8f800000000000000000000f8f800000000000000000000f8f800000000000000000000f8f800000000000000000000f8f800000000000000000000f8f800000000000000000000f8f800000000000000000000f8f800000000000000000000f8f800000000000000000000f8f800000000000000000000f8
02:09:39.978 [DEBUG] [serial] Sin header 0xAA, descartando 128 bytes: 00000000000000f8f800000000000000
02:09:39.987 [DEBUG] [serial] RX 128 bytes: f800000000000000000000f8f800000000000000000000f8f800000000000000000000f8f800000000000000000000f8f800000000000000000000f8f800000000000000000000f8f800000000000000000000f8f800000000000000000000f8f800000000000000000000f8f800000000000000000000f8f800000000000000
02:09:39.987 [DEBUG] [serial] Sin header 0xAA, descartando 128 bytes: f800000000000000000000f8f8000000
02:09:39.997 [DEBUG] [serial] RX 128 bytes: 000000f8f800000000000000000000f8f800000000000000000000f8f800000000000000000000f8f800000000000000000000f8f800000000000000000000f8f800000000000000000000f8f800000000000000000000f8f800000000000000000000f8f800000000000000000000f8f800000000000000000000f8f8000000
02:09:39.997 [DEBUG] [serial] Sin header 0xAA, descartando 128 bytes: 000000f8f800000000000000000000f8
02:09:40.006 [DEBUG] [serial] RX 128 bytes: 00000000000000f8f800000000000000000000f8f800000000000000000000f8f800000000000000000000f8f800000000000000000000f8f800000000000000000000f8f800000000000000000000f8f800000000000000000000f8f800000000000000000000f8f800000000000000000000f8f800000000000000000000f8
02:09:40.006 [DEBUG] [serial] Sin header 0xAA, descartando 128 bytes: 00000000000000f8f800000000000000
02:09:40.015 [DEBUG] [serial] RX 128 bytes: f800000000000000000000f8f800000000000000000000f8f800000000000000000000f8f800000000000000000000f8f800000000000000000000f8f800000000000000000000f8f800000000000000000000f8f800000000000000000000f8f800000000000000000000f8f800000000000000000000f8f800000000000000
02:09:40.015 [DEBUG] [serial] Sin header 0xAA, descartando 128 bytes: f800000000000000000000f8f8000000
02:09:40.025 [DEBUG] [serial] RX 128 bytes: 000000f8f800000000000000000000f8f800000000000000000000f8f800000000000000000000f8f800000000000000000000f8f800000000000000000000f8f800000000000000000000f8f800000000000000000000f8f800000000000000000000f8f800000000000000000000f8f800000000000000000000f8f8000000
02:09:40.025 [DEBUG] [serial] Sin header 0xAA, descartando 128 bytes: 000000f8f800000000000000000000f8
02:09:40.034 [DEBUG] [serial] RX 128 bytes: 00000000000000f8f800000000000000000000f8f800000000000000000000f8f800000000000000000000f8f800000000000000000000f8f800000000000000000000f8f800000000000000000000f8f800000000000000000000f8f800000000000000000000f8f800000000000000000000f8f800000000000000000000f8
02:09:40.034 [DEBUG] [serial] Sin header 0xAA, descartando 128 bytes: 00000000000000f8f800000000000000
02:09:40.043 [DEBUG] [serial] RX 128 bytes: f800000000000000000000f8f800000000000000000000f8f800000000000000000000f8f800000000000000000000f8f800000000000000000000f8f800000000000000000000f8f800000000000000000000f8f800000000000000000000f8f800000000000000000000f8f800000000000000000000f8f800000000000000
02:09:40.044 [DEBUG] [serial] Sin header 0xAA, descartando 128 bytes: f800000000000000000000f8f8000000
02:09:40.053 [DEBUG] [serial] RX 128 bytes: 000000f8f800000000000000000000f8f800000000000000000000f8f800000000000000000000f8f800000000000000000000f8f800000000000000000000f8f800000000000000000000f8f800000000000000000000f8f800000000000000000000f8f800000000000000000000f8f800000000000000000000f8f8000000
02:09:40.053 [DEBUG] [serial] Sin header 0xAA, descartando 128 bytes: 000000f8f800000000000000000000f8
02:09:40.062 [DEBUG] [serial] RX 128 bytes: 00000000000000f8f800000000000000000000f8f800000000000000000000f8f800000000000000000000f8f800000000000000000000f8f800000000000000000000f8f800000000000000000000f8f800000000000000000000f8f800000000000000000000f8f800000000000000000000f8f800000000000000000000f8
02:09:40.062 [DEBUG] [serial] Sin header 0xAA, descartando 128 bytes: 00000000000000f8f800000000000000
02:09:40.071 [DEBUG] [serial] RX 128 bytes: f800000000000000000000f8f800000000000000000000f8f800000000000000000000f8f800000000000000000000f8f800000000000000000000f8f800000000000000000000f8f800000000000000000000f8f800000000000000000000f8f800000000000000000000f8f800000000000000000000f8f800000000000000
02:09:40.071 [DEBUG] [serial] Sin header 0xAA, descartando 128 bytes: f800000000000000000000f8f8000000
02:09:40.081 [DEBUG] [serial] RX 128 bytes: 000000f8f800000000000000000000f8f800000000000000000000f8f800000000000000000000f8f800000000000000000000f8f800000000000000000000f8f800000000000000000000f8f800000000000000000000f8f800000000000000000000f8f800000000000000000000f8f800000000000000000000f8f8000000
02:09:40.081 [DEBUG] [serial] Sin header 0xAA, descartando 128 bytes: 000000f8f800000000000000000000f8
02:09:40.090 [DEBUG] [serial] RX 128 bytes: 00000000000000f8f800000000000000000000f8f800000000000000000000f8f800000000000000000000f8f800000000000000000000f8f800000000000000000000f8f800000000000000000000f8f800000000000000000000f8f800000000000000000000f8f800000000000000000000f8f800000000000000000000f8
02:09:40.090 [DEBUG] [serial] Sin header 0xAA, descartando 128 bytes: 00000000000000f8f800000000000000
02:09:40.099 [DEBUG] [serial] RX 128 bytes: f800000000000000000000f8f800000000000000000000f8f800000000000000000000f8f800000000000000000000f8f800000000000000000000f8f800000000000000000000f8f800000000000000000000f8f800000000000000000000f8f800000000000000000000f8f800000000000000000000f8f800000000000000
02:09:40.099 [DEBUG] [serial] Sin header 0xAA, descartando 128 bytes: f800000000000000000000f8f8000000
02:09:40.108 [DEBUG] [serial] RX 128 bytes: 000000f8f800000000000000000000f8f800000000000000000000f8f800000000000000000000f8f800000000000000000000f8f800000000000000000000f8f800000000000000000000f8f800000000000000000000f8f800000000000000000000f8f800000000000000000000f8f800000000000000000000f8f8000000
02:09:40.109 [DEBUG] [serial] Sin header 0xAA, descartando 128 bytes: 000000f8f800000000000000000000f8
02:09:40.118 [DEBUG] [serial] RX 128 bytes: 00000000000000f8f800000000000000000000f8f800000000000000000000f8f800000000000000000000f8f800000000000000000000f8f800000000000000000000f8f800000000000000000000f8f800000000000000000000f8f800000000000000000000f8f800000000000000000000f8f800000000000000000000f8
02:09:40.118 [DEBUG] [serial] Sin header 0xAA, descartando 128 bytes: 00000000000000f8f800000000000000
02:09:40.127 [DEBUG] [serial] RX 128 bytes: f800000000000000000000f8f800000000000000000000f8f800000000000000000000f8f800000000000000000000f8f800000000000000000000f8f800000000000000000000f8f800000000000000000000f8f800000000000000000000f8f800000000000000000000f8f800000000000000000000f8f800000000000000
02:09:40.127 [DEBUG] [serial] Sin header 0xAA, descartando 128 bytes: f800000000000000000000f8f8000000
02:09:40.136 [DEBUG] [serial] RX 128 bytes: 000000f8f800000000000000000000f8f800000000000000000000f8f800000000000000000000f8f800000000000000000000f8f800000000000000000000f8f800000000000000000000f8f800000000000000000000f8f800000000000000000000f8f800000000000000000000f8f800000000000000000000f8f8000000
02:09:40.136 [DEBUG] [serial] Sin header 0xAA, descartando 128 bytes: 000000f8f800000000000000000000f8
02:09:40.146 [DEBUG] [serial] RX 128 bytes: 00000000000000f8f800000000000000000000f8f800000000000000000000f8f800000000000000000000f8f800000000000000000000f8f800000000000000000000f8f800000000000000000000f8f800000000000000000000f8f800000000000000000000f8f800000000000000000000f8f800000000000000000000f8
02:09:40.146 [DEBUG] [serial] Sin header 0xAA, descartando 128 bytes: 00000000000000f8f800000000000000
02:09:40.155 [DEBUG] [serial] RX 128 bytes: f800000000000000000000f8f800000000000000000000f8f800000000000000000000f8f800000000000000000000f8f800000000000000000000f8f800000000000000000000f8f800000000000000000000f8f800000000000000000000f8f800000000000000000000f8f800000000000000000000f8f800000000000000
02:09:40.155 [DEBUG] [serial] Sin header 0xAA, descartando 128 bytes: f800000000000000000000f8f8000000
02:09:40.164 [DEBUG] [serial] RX 128 bytes: 000000f8f800000000000000000000f8f800000000000000000000f8f800000000000000000000f8f800000000000000000000f8f800000000000000000000f8f800000000000000000000f8f800000000000000000000f8f800000000000000000000f8f800000000000000000000f8f800000000000000000000f8f8000000
02:09:40.164 [DEBUG] [serial] Sin header 0xAA, descartando 128 bytes: 000000f8f800000000000000000000f8
02:09:40.174 [DEBUG] [serial] RX 128 bytes: 00000000000000f8f800000000000000000000f8f800000000000000000000f8f800000000000000000000f8f800000000000000000000f8f800000000000000000000f8f800000000000000000000f8f800000000000000000000f8f800000000000000000000f8f800000000000000000000f8f800000000000000000000f8
02:09:40.174 [DEBUG] [serial] Sin header 0xAA, descartando 128 bytes: 00000000000000f8f800000000000000
02:09:40.183 [DEBUG] [serial] RX 128 bytes: f800000000000000000000f8f800000000000000000000f8f800000000000000000000f8f800000000000000000000f8f800000000000000000000f8f800000000000000000000f8f800000000000000000000f8f800000000000000000000f8f800000000000000000000f8f800000000000000000000f8f800000000000000
02:09:40.183 [DEBUG] [serial] Sin header 0xAA, descartando 128 bytes: f800000000000000000000f8f8000000
02:09:40.192 [DEBUG] [serial] RX 128 bytes: 000000f8f800000000000000000000f8f800000000000000000000f8f800000000000000000000f8f800000000000000000000f8f800000000000000000000f8f800000000000000000000f8f800000000000000000000f8f800000000000000000000f8f800000000000000000000f8f800000000000000000000f8f8000000
02:09:40.192 [DEBUG] [serial] Sin header 0xAA, descartando 128 bytes: 000000f8f800000000000000000000f8
02:09:40.202 [DEBUG] [serial] RX 128 bytes: 00000000000000f8f800000000000000000000f8f800000000000000000000f8f800000000000000000000f8f800000000000000000000f8f800000000000000000000f8f800000000000000000000f8f800000000000000000000f8f800000000000000000000f8f800000000000000000000f8f800000000000000000000f8
02:09:40.203 [DEBUG] [serial] Sin header 0xAA, descartando 128 bytes: 00000000000000f8f800000000000000
02:09:40.211 [DEBUG] [serial] RX 128 bytes: f800000000000000000000f8f800000000000000000000f8f800000000000000000000f8f800000000000000000000f8f800000000000000000000f8f800000000000000000000f8f800000000000000000000f8f800000000000000000000f8f800000000000000000000f8f800000000000000000000f8f800000000000000
02:09:40.211 [DEBUG] [serial] Sin header 0xAA, descartando 128 bytes: f800000000000000000000f8f8000000
02:09:40.220 [DEBUG] [serial] RX 128 bytes: 000000f8f800000000000000000000f8f800000000000000000000f8f800000000000000000000f8f800000000000000000000f8f800000000000000000000f8f800000000000000000000f8f800000000000000000000f8f800000000000000000000f8f800000000000000000000f8f800000000000000000000f8f8000000
02:09:40.220 [DEBUG] [serial] Sin header 0xAA, descartando 128 bytes: 000000f8f800000000000000000000f8
02:09:40.230 [DEBUG] [serial] RX 128 bytes: 00000000000000f8f800000000000000000000f8f800000000000000000000f8f800000000000000000000f8f800000000000000000000f8f800000000000000000000f8f800000000000000000000f8f800000000000000000000f8f800000000000000000000f8f800000000000000000000f8f800000000000000000000f8
02:09:40.230 [DEBUG] [serial] Sin header 0xAA, descartando 128 bytes: 00000000000000f8f800000000000000
02:09:40.239 [DEBUG] [serial] RX 128 bytes: f800000000000000000000f8f800000000000000000000f8f800000000000000000000f8f800000000000000000000f8f800000000000000000000f8f800000000000000000000f8f800000000000000000000f8f800000000000000000000f8f800000000000000000000f8f800000000000000000000f8f800000000000000
02:09:40.239 [DEBUG] [serial] Sin header 0xAA, descartando 128 bytes: f800000000000000000000f8f8000000
02:09:40.248 [DEBUG] [serial] RX 128 bytes: 000000f8f800000000000000000000f8f800000000000000000000f8f800000000000000000000f8f800000000000000000000f8f800000000000000000000f8f800000000000000000000f8f800000000000000000000f8f800000000000000000000f8f800000000000000000000f8f800000000000000000000f8f8000000
02:09:40.248 [DEBUG] [serial] Sin header 0xAA, descartando 128 bytes: 000000f8f800000000000000000000f8
02:09:40.251 [INFO] [GUI] Click START
02:09:40.252 [INFO] [serial] Encolando TX CMD_START: bb04
02:09:40.257 [INFO] [serial] TX CMD_START: bb04
02:09:40.258 [DEBUG] [serial] TX OK: 2 bytes escritos
02:09:40.258 [DEBUG] [serial] RX 128 bytes: 00000000000000f8f800000000000000000000f8f800000000000000000000f8f800000000000000000000f8f800000000000000000000f8f800000000000000000000f8f800000000000000000000f8f800000000000000000000f8f800000000000000000000f8f800000000000000000000f8f800000000000000000000f8
02:09:40.258 [DEBUG] [serial] Sin header 0xAA, descartando 128 bytes: 00000000000000f8f800000000000000
02:09:40.267 [DEBUG] [serial] RX 128 bytes: f800000000000000000000f8f800000000000000000000f8f800000000000000000000f8f800000000000000000000f8f800000000000000000000f8f800000000000000000000f8f800000000000000000000f8f800000000000000000000f8f800000000000000000000f8f800000000000000000000f8f800000000000000
02:09:40.267 [DEBUG] [serial] Sin header 0xAA, descartando 128 bytes: f800000000000000000000f8f8000000
02:09:40.276 [DEBUG] [serial] RX 128 bytes: 000000f8f800000000000000000000f8f800000000000000000000f8f800000000000000000000f8f800000000000000000000f8f800000000000000000000f8f800000000000000000000f8f800000000000000000000f8f800000000000000000000f8f800000000000000000000f8f800000000000000000000f8f8000000
02:09:40.276 [DEBUG] [serial] Sin header 0xAA, descartando 128 bytes: 000000f8f800000000000000000000f8
02:09:40.285 [DEBUG] [serial] RX 128 bytes: 00000000000000f8f800000000000000000000f8f800000000000000000000f8f800000000000000000000f8f800000000000000000000f8f800000000000000000000f8f800000000000000000000f8f800000000000000000000f8f800000000000000000000f8f800000000000000000000f8f800000000000000000000f8
02:09:40.286 [DEBUG] [serial] Sin header 0xAA, descartando 128 bytes: 00000000000000f8f800000000000000
02:09:40.295 [DEBUG] [serial] RX 128 bytes: f800000000000000000000f8f800000000000000000000f8f800000000000000000000f8f800000000000000000000f8f800000000000000000000f8f800000000000000000000f8f800000000000000000000f8f800000000000000000000f8f800000000000000000000f8f800000000000000000000f8f800000000000000
02:09:40.296 [DEBUG] [serial] Sin header 0xAA, descartando 128 bytes: f800000000000000000000f8f8000000
02:09:40.304 [DEBUG] [serial] RX 128 bytes: 000000f8f800000000000000000000f8f800000000000000000000f8f800000000000000000000f8f800000000000000000000f8f800000000000000000000f8f800000000000000000000f8f800000000000000000000f8f800000000000000000000f8f800000000000000000000f8f800000000000000000000f8f8000000
02:09:40.304 [DEBUG] [serial] Sin header 0xAA, descartando 128 bytes: 000000f8f800000000000000000000f8
02:09:40.313 [DEBUG] [serial] RX 128 bytes: 00000000000000f8f800000000000000000000f8f800000000000000000000f8f800000000000000000000f8f800000000000000000000f8f800000000000000000000f8f800000000000000000000f8f800000000000000000000f8f800000000000000000000f8f800000000000000000000f8f800000000000000000000f8
02:09:40.313 [DEBUG] [serial] Sin header 0xAA, descartando 128 bytes: 00000000000000f8f800000000000000
02:09:40.322 [DEBUG] [serial] RX 128 bytes: f800000000000000000000f8f800000000000000000000f8f800000000000000000000f8f800000000000000000000f8f800000000000000000000f8f800000000000000000000f8f800000000000000000000f8f800000000000000000000f8f800000000000000000000f8f800000000000000000000f8f800000000000000
02:09:40.323 [DEBUG] [serial] Sin header 0xAA, descartando 128 bytes: f800000000000000000000f8f8000000
02:09:40.332 [DEBUG] [serial] RX 128 bytes: 000000f8f800000000000000000000f8f800000000000000000000f8f800000000000000000000f8f800000000000000000000f8f800000000000000000000f8f800000000000000000000f8f800000000000000000000f8f800000000000000000000f8f800000000000000000000f8f800000000000000000000f8f8000000
02:09:40.332 [DEBUG] [serial] Sin header 0xAA, descartando 128 bytes: 000000f8f800000000000000000000f8
02:09:40.341 [DEBUG] [serial] RX 128 bytes: 00000000000000f8f800000000000000000000f8f800000000000000000000f8f800000000000000000000f8f800000000000000000000f8f800000000000000000000f8f800000000000000000000f8f800000000000000000000f8f800000000000000000000f8f800000000000000000000f8f800000000000000000000f8
02:09:40.341 [DEBUG] [serial] Sin header 0xAA, descartando 128 bytes: 00000000000000f8f800000000000000
02:09:40.351 [DEBUG] [serial] RX 128 bytes: f800000000000000000000f8f800000000000000000000f8f800000000000000000000f8f800000000000000000000f8f800000000000000000000f8f800000000000000000000f8f800000000000000000000f8f800000000000000000000f8f800000000000000000000f8f800000000000000000000f8f800000000000000
02:09:40.351 [DEBUG] [serial] Sin header 0xAA, descartando 128 bytes: f800000000000000000000f8f8000000
02:09:40.360 [DEBUG] [serial] RX 128 bytes: 000000f8f800000000000000000000f8f800000000000000000000f8f800000000000000000000f8f800000000000000000000f8f800000000000000000000f8f800000000000000000000f8f800000000000000000000f8f800000000000000000000f8f800000000000000000000f8f800000000000000000000f8f8000000
02:09:40.360 [DEBUG] [serial] Sin header 0xAA, descartando 128 bytes: 000000f8f800000000000000000000f8
02:09:40.369 [DEBUG] [serial] RX 128 bytes: 00000000000000f8f800000000000000000000f8f800000000000000000000f8f800000000000000000000f8f800000000000000000000f8f800000000000000000000f8f800000000000000000000f8f800000000000000000000f8f800000000000000000000f8f800000000000000000000f8f800000000000000000000f8
02:09:40.369 [DEBUG] [serial] Sin header 0xAA, descartando 128 bytes: 00000000000000f8f800000000000000
02:09:40.378 [DEBUG] [serial] RX 128 bytes: f800000000000000000000f8f800000000000000000000f8f800000000000000000000f8f800000000000000000000f8f800000000000000000000f8f800000000000000000000f8f800000000000000000000f8f800000000000000000000f8f800000000000000000000f8f800000000000000000000f8f800000000000000
02:09:40.379 [DEBUG] [serial] Sin header 0xAA, descartando 128 bytes: f800000000000000000000f8f8000000
02:09:40.388 [DEBUG] [serial] RX 128 bytes: 000000f8f800000000000000000000f8f800000000000000000000f8f800000000000000000000f8f800000000000000000000f8f800000000000000000000f8f800000000000000000000f8f800000000000000000000f8f800000000000000000000f8f800000000000000000000f8f800000000000000000000f8f8000000
02:09:40.388 [DEBUG] [serial] Sin header 0xAA, descartando 128 bytes: 000000f8f800000000000000000000f8
02:09:40.397 [DEBUG] [serial] RX 128 bytes: 00000000000000f8f800000000000000000000f8f800000000000000000000f8f800000000000000000000f8f800000000000000000000f8f800000000000000000000f8f800000000000000000000f8f800000000000000000000f8f800000000000000000000f8f800000000000000000000f8f800000000000000000000f8
02:09:40.397 [DEBUG] [serial] Sin header 0xAA, descartando 128 bytes: 00000000000000f8f800000000000000
02:09:40.406 [DEBUG] [serial] RX 128 bytes: f800000000000000000000f8f800000000000000000000f8f800000000000000000000f8f800000000000000000000f8f800000000000000000000f8f800000000000000000000f8f800000000000000000000f8f800000000000000000000f8f800000000000000000000f8f800000000000000000000f8f800000000000000
02:09:40.406 [DEBUG] [serial] Sin header 0xAA, descartando 128 bytes: f800000000000000000000f8f8000000
02:09:40.416 [DEBUG] [serial] RX 128 bytes: 000000f8f800000000000000000000f8f800000000000000000000f8f800000000000000000000f8f800000000000000000000f8f800000000000000000000f8f800000000000000000000f8f800000000000000000000f8f800000000000000000000f8f800000000000000000000f8f800000000000000000000f8f8000000
02:09:40.416 [DEBUG] [serial] Sin header 0xAA, descartando 128 bytes: 000000f8f800000000000000000000f8
02:09:40.425 [DEBUG] [serial] RX 128 bytes: 00000000000000f8f800000000000000000000f8f800000000000000000000f8f800000000000000000000f8f800000000000000000000f8f800000000000000000000f8f800000000000000000000f8f800000000000000000000f8f800000000000000000000f8f800000000000000000000f8f800000000000000000000f8
02:09:40.425 [DEBUG] [serial] Sin header 0xAA, descartando 128 bytes: 00000000000000f8f800000000000000
02:09:40.434 [DEBUG] [serial] RX 128 bytes: f800000000000000000000f8f800000000000000000000f8f800000000000000000000f8f800000000000000000000f8f800000000000000000000f8f800000000000000000000f8f800000000000000000000f8f800000000000000000000f8f800000000000000000000f8f800000000000000000000f8f800000000000000
02:09:40.435 [DEBUG] [serial] Sin header 0xAA, descartando 128 bytes: f800000000000000000000f8f8000000
02:09:40.443 [DEBUG] [serial] RX 128 bytes: 000000f8f800000000000000000000f8f800000000000000000000f8f800000000000000000000f8f800000000000000000000f8f800000000000000000000f8f800000000000000000000f8f800000000000000000000f8f800000000000000000000f8f800000000000000000000f8f800000000000000000000f8f8000000
02:09:40.444 [DEBUG] [serial] Sin header 0xAA, descartando 128 bytes: 000000f8f800000000000000000000f8
02:09:40.453 [DEBUG] [serial] RX 128 bytes: 00000000000000f8f800000000000000000000f8f800000000000000000000f8f800000000000000000000f8f800000000000000000000f8f800000000000000000000f8f800000000000000000000f8f800000000000000000000f8f800000000000000000000f8f800000000000000000000f8f800000000000000000000f8
02:09:40.453 [DEBUG] [serial] Sin header 0xAA, descartando 128 bytes: 00000000000000f8f800000000000000
02:09:40.462 [DEBUG] [serial] RX 128 bytes: f800000000000000000000f8f800000000000000000000f8f800000000000000000000f8f800000000000000000000f8f800000000000000000000f8f800000000000000000000f8f800000000000000000000f8f800000000000000000000f8f800000000000000000000f8f800000000000000000000f8f800000000000000
02:09:40.462 [DEBUG] [serial] Sin header 0xAA, descartando 128 bytes: f800000000000000000000f8f8000000
02:09:40.471 [DEBUG] [serial] RX 128 bytes: 000000f8f800000000000000000000f8f800000000000000000000f8f800000000000000000000f8f800000000000000000000f8f800000000000000000000f8f800000000000000000000f8f800000000000000000000f8f800000000000000000000f8f800000000000000000000f8f800000000000000000000f8f8000000
02:09:40.472 [DEBUG] [serial] Sin header 0xAA, descartando 128 bytes: 000000f8f800000000000000000000f8
02:09:40.481 [DEBUG] [serial] RX 128 bytes: 00000000000000f8f800000000000000000000f8f800000000000000000000f8f800000000000000000000f8f800000000000000000000f8f800000000000000000000f8f800000000000000000000f8f800000000000000000000f8f800000000000000000000f8f800000000000000000000f8f800000000000000000000f8
02:09:40.481 [DEBUG] [serial] Sin header 0xAA, descartando 128 bytes: 00000000000000f8f800000000000000
02:09:40.490 [DEBUG] [serial] RX 128 bytes: f800000000000000000000f8f800000000000000000000f8f800000000000000000000f8f800000000000000000000f8f800000000000000000000f8f800000000000000000000f8f800000000000000000000f8f800000000000000000000f8f800000000000000000000f8f800000000000000000000f8f800000000000000
02:09:40.490 [DEBUG] [serial] Sin header 0xAA, descartando 128 bytes: f800000000000000000000f8f8000000
02:09:40.499 [DEBUG] [serial] RX 128 bytes: 000000f8f800000000000000000000f8f800000000000000000000f8f800000000000000000000f8f800000000000000000000f8f800000000000000000000f8f800000000000000000000f8f800000000000000000000f8f800000000000000000000f8f800000000000000000000f8f800000000000000000000f8f8000000
02:09:40.500 [DEBUG] [serial] Sin header 0xAA, descartando 128 bytes: 000000f8f800000000000000000000f8
02:09:40.509 [DEBUG] [serial] RX 128 bytes: 00000000000000f8f800000000000000000000f8f800000000000000000000f8f800000000000000000000f8f800000000000000000000f8f800000000000000000000f8f800000000000000000000f8f800000000000000000000f8f800000000000000000000f8f800000000000000000000f8f800000000000000000000f8
02:09:40.509 [DEBUG] [serial] Sin header 0xAA, descartando 128 bytes: 00000000000000f8f800000000000000
02:09:40.518 [DEBUG] [serial] RX 128 bytes: f800000000000000000000f8f800000000000000000000f8f800000000000000000000f8f800000000000000000000f8f800000000000000000000f8f800000000000000000000f8f800000000000000000000f8f800000000000000000000f8f800000000000000000000f8f800000000000000000000f8f800000000000000
02:09:40.518 [DEBUG] [serial] Sin header 0xAA, descartando 128 bytes: f800000000000000000000f8f8000000
02:09:40.527 [DEBUG] [serial] RX 128 bytes: 000000f8f800000000000000000000f8f800000000000000000000f8f800000000000000000000f8f800000000000000000000f8f800000000000000000000f8f800000000000000000000f8f800000000000000000000f8f800000000000000000000f8f800000000000000000000f8f800000000000000000000f8f8000000
02:09:40.527 [DEBUG] [serial] Sin header 0xAA, descartando 128 bytes: 000000f8f800000000000000000000f8
02:09:40.537 [DEBUG] [serial] RX 128 bytes: 00000000000000f8f800000000000000000000f8f800000000000000000000f8f800000000000000000000f8f800000000000000000000f8f800000000000000000000f8f800000000000000000000f8f800000000000000000000f8f800000000000000000000f8f800000000000000000000f8f800000000000000000000f8
02:09:40.537 [DEBUG] [serial] Sin header 0xAA, descartando 128 bytes: 00000000000000f8f800000000000000
02:09:40.546 [DEBUG] [serial] RX 128 bytes: f800000000000000000000f8f800000000000000000000f8f800000000000000000000f8f800000000000000000000f8f800000000000000000000f8f800000000000000000000f8f800000000000000000000f8f800000000000000000000f8f800000000000000000000f8f800000000000000000000f8f800000000000000
02:09:40.546 [DEBUG] [serial] Sin header 0xAA, descartando 128 bytes: f800000000000000000000f8f8000000
02:09:40.555 [DEBUG] [serial] RX 128 bytes: 000000f8f800000000000000000000f8f800000000000000000000f8f800000000000000000000f8f800000000000000000000f8f800000000000000000000f8f800000000000000000000f8f800000000000000000000f8f800000000000000000000f8f800000000000000000000f8f800000000000000000000f8f8000000
02:09:40.555 [DEBUG] [serial] Sin header 0xAA, descartando 128 bytes: 000000f8f800000000000000000000f8
02:09:40.565 [DEBUG] [serial] RX 128 bytes: 00000000000000f8f800000000000000000000f8f800000000000000000000f8f800000000000000000000f8f800000000000000000000f8f800000000000000000000f8f800000000000000000000f8f800000000000000000000f8f800000000000000000000f8f800000000000000000000f8f800000000000000000000f8
02:09:40.565 [DEBUG] [serial] Sin header 0xAA, descartando 128 bytes: 00000000000000f8f800000000000000
02:09:40.574 [DEBUG] [serial] RX 128 bytes: f800000000000000000000f8f800000000000000000000f8f800000000000000000000f8f800000000000000000000f8f800000000000000000000f8f800000000000000000000f8f800000000000000000000f8f800000000000000000000f8f800000000000000000000f8f800000000000000000000f8f800000000000000
02:09:40.574 [DEBUG] [serial] Sin header 0xAA, descartando 128 bytes: f800000000000000000000f8f8000000
02:09:40.583 [DEBUG] [serial] RX 128 bytes: 000000f8f800000000000000000000f8f800000000000000000000f8f800000000000000000000f8f800000000000000000000f8f800000000000000000000f8f800000000000000000000f8f800000000000000000000f8f800000000000000000000f8f800000000000000000000f8f800000000000000000000f8f8000000
02:09:40.583 [DEBUG] [serial] Sin header 0xAA, descartando 128 bytes: 000000f8f800000000000000000000f8
02:09:40.593 [DEBUG] [serial] RX 128 bytes: 00000000000000f8f800000000000000000000f8f800000000000000000000f8f800000000000000000000f8f800000000000000000000f8f800000000000000000000f8f800000000000000000000f8f800000000000000000000f8f800000000000000000000f8f800000000000000000000f8f800000000000000000000f8
02:09:40.593 [DEBUG] [serial] Sin header 0xAA, descartando 128 bytes: 00000000000000f8f800000000000000
02:09:40.602 [DEBUG] [serial] RX 128 bytes: f800000000000000000000f8f800000000000000000000f8f800000000000000000000f8f800000000000000000000f8f800000000000000000000f8f800000000000000000000f8f800000000000000000000f8f800000000000000000000f8f800000000000000000000f8f800000000000000000000f8f800000000000000
02:09:40.602 [DEBUG] [serial] Sin header 0xAA, descartando 128 bytes: f800000000000000000000f8f8000000
02:09:40.611 [DEBUG] [serial] RX 128 bytes: 000000f8f800000000000000000000f8f800000000000000000000f8f800000000000000000000f8f800000000000000000000f8f800000000000000000000f8f800000000000000000000f8f800000000000000000000f8f800000000000000000000f8f800000000000000000000f8f800000000000000000000f8f8000000
02:09:40.611 [DEBUG] [serial] Sin header 0xAA, descartando 128 bytes: 000000f8f800000000000000000000f8
02:09:40.620 [DEBUG] [serial] RX 128 bytes: 00000000000000f8f800000000000000000000f8f800000000000000000000f8f800000000000000000000f8f800000000000000000000f8f800000000000000000000f8f800000000000000000000f8f800000000000000000000f8f800000000000000000000f8f800000000000000000000f8f800000000000000000000f8
02:09:40.621 [DEBUG] [serial] Sin header 0xAA, descartando 128 bytes: 00000000000000f8f800000000000000
02:09:40.630 [DEBUG] [serial] RX 128 bytes: f800000000000000000000f8f800000000000000000000f8f800000000000000000000f8f800000000000000000000f8f800000000000000000000f8f800000000000000000000f8f800000000000000000000f8f800000000000000000000f8f800000000000000000000f8f800000000000000000000f8f800000000000000
02:09:40.630 [DEBUG] [serial] Sin header 0xAA, descartando 128 bytes: f800000000000000000000f8f8000000
02:09:40.639 [DEBUG] [serial] RX 128 bytes: 000000f8f800000000000000000000f8f800000000000000000000f8f800000000000000000000f8f800000000000000000000f8f800000000000000000000f8f800000000000000000000f8f800000000000000000000f8f800000000000000000000f8f800000000000000000000f8f800000000000000000000f8f8000000
02:09:40.639 [DEBUG] [serial] Sin header 0xAA, descartando 128 bytes: 000000f8f800000000000000000000f8
02:09:40.648 [DEBUG] [serial] RX 128 bytes: 00000000000000f8f800000000000000000000f8f800000000000000000000f8f800000000000000000000f8f800000000000000000000f8f800000000000000000000f8f800000000000000000000f8f800000000000000000000f8f800000000000000000000f8f800000000000000000000f8f800000000000000000000f8
02:09:40.649 [DEBUG] [serial] Sin header 0xAA, descartando 128 bytes: 00000000000000f8f800000000000000
02:09:40.658 [DEBUG] [serial] RX 128 bytes: f800000000000000000000f8f800000000000000000000f8f800000000000000000000f8f800000000000000000000f8f800000000000000000000f8f800000000000000000000f8f800000000000000000000f8f800000000000000000000f8f800000000000000000000f8f800000000000000000000f8f800000000000000
02:09:40.658 [DEBUG] [serial] Sin header 0xAA, descartando 128 bytes: f800000000000000000000f8f8000000
02:09:40.667 [DEBUG] [serial] RX 128 bytes: 000000f8f800000000000000000000f8f800000000000000000000f8f800000000000000000000f8f800000000000000000000f8f800000000000000000000f8f800000000000000000000f8f800000000000000000000f8f800000000000000000000f8f800000000000000000000f8f800000000000000000000f8f8000000
02:09:40.667 [DEBUG] [serial] Sin header 0xAA, descartando 128 bytes: 000000f8f800000000000000000000f8
02:09:40.677 [DEBUG] [serial] RX 128 bytes: 00000000000000f8f800000000000000000000f8f800000000000000000000f8f800000000000000000000f8f800000000000000000000f8f800000000000000000000f8f800000000000000000000f8f800000000000000000000f8f800000000000000000000f8f800000000000000000000f8f800000000000000000000f8
02:09:40.677 [DEBUG] [serial] Sin header 0xAA, descartando 128 bytes: 00000000000000f8f800000000000000
02:09:40.686 [DEBUG] [serial] RX 128 bytes: f800000000000000000000f8f800000000000000000000f8f800000000000000000000f8f800000000000000000000f8f800000000000000000000f8f800000000000000000000f8f800000000000000000000f8f800000000000000000000f8f800000000000000000000f8f800000000000000000000f8f800000000000000
02:09:40.686 [DEBUG] [serial] Sin header 0xAA, descartando 128 bytes: f800000000000000000000f8f8000000
02:09:40.695 [DEBUG] [serial] RX 128 bytes: 000000f8f800000000000000000000f8f800000000000000000000f8f800000000000000000000f8f800000000000000000000f8f800000000000000000000f8f800000000000000000000f8f800000000000000000000f8f800000000000000000000f8f800000000000000000000f8f800000000000000000000f8f8000000
02:09:40.695 [DEBUG] [serial] Sin header 0xAA, descartando 128 bytes: 000000f8f800000000000000000000f8
02:09:40.704 [DEBUG] [serial] RX 128 bytes: 00000000000000f8f800000000000000000000f8f800000000000000000000f8f800000000000000000000f8f800000000000000000000f8f800000000000000000000f8f800000000000000000000f8f800000000000000000000f8f800000000000000000000f8f800000000000000000000f8f800000000000000000000f8
02:09:40.704 [DEBUG] [serial] Sin header 0xAA, descartando 128 bytes: 00000000000000f8f800000000000000
02:09:40.714 [DEBUG] [serial] RX 128 bytes: f800000000000000000000f8f800000000000000000000f8f800000000000000000000f8f800000000000000000000f8f800000000000000000000f8f800000000000000000000f8f800000000000000000000f8f800000000000000000000f8f800000000000000000000f8f800000000000000000000f8f800000000000000
02:09:40.714 [DEBUG] [serial] Sin header 0xAA, descartando 128 bytes: f800000000000000000000f8f8000000
02:09:40.723 [DEBUG] [serial] RX 128 bytes: 000000f8f800000000000000000000f8f800000000000000000000f8f800000000000000000000f8f800000000000000000000f8f800000000000000000000f8f800000000000000000000f8f800000000000000000000f8f800000000000000000000f8f800000000000000000000f8f800000000000000000000f8f8000000
02:09:40.723 [DEBUG] [serial] Sin header 0xAA, descartando 128 bytes: 000000f8f800000000000000000000f8
02:09:40.732 [DEBUG] [serial] RX 128 bytes: 00000000000000f8f800000000000000000000f8f800000000000000000000f8f800000000000000000000f8f800000000000000000000f8f800000000000000000000f8f800000000000000000000f8f800000000000000000000f8f800000000000000000000f8f800000000000000000000f8f800000000000000000000f8
02:09:40.732 [DEBUG] [serial] Sin header 0xAA, descartando 128 bytes: 00000000000000f8f800000000000000
02:09:40.742 [DEBUG] [serial] RX 128 bytes: f800000000000000000000f8f800000000000000000000f8f800000000000000000000f8f800000000000000000000f8f800000000000000000000f8f800000000000000000000f8f800000000000000000000f8f800000000000000000000f8f800000000000000000000f8f800000000000000000000f8f800000000000000
02:09:40.742 [DEBUG] [serial] Sin header 0xAA, descartando 128 bytes: f800000000000000000000f8f8000000
02:09:40.751 [DEBUG] [serial] RX 128 bytes: 000000f8f800000000000000000000f8f800000000000000000000f8f800000000000000000000f8f800000000000000000000f8f800000000000000000000f8f800000000000000000000f8f800000000000000000000f8f800000000000000000000f8f800000000000000000000f8f800000000000000000000f8f8000000
02:09:40.751 [DEBUG] [serial] Sin header 0xAA, descartando 128 bytes: 000000f8f800000000000000000000f8
02:09:40.760 [DEBUG] [serial] RX 128 bytes: 00000000000000f8f800000000000000000000f8f800000000000000000000f8f800000000000000000000f8f800000000000000000000f8f800000000000000000000f8f800000000000000000000f8f800000000000000000000f8f800000000000000000000f8f800000000000000000000f8f800000000000000000000f8
02:09:40.760 [DEBUG] [serial] Sin header 0xAA, descartando 128 bytes: 00000000000000f8f800000000000000
02:09:40.769 [DEBUG] [serial] RX 128 bytes: f800000000000000000000f8f800000000000000000000f8f800000000000000000000f8f800000000000000000000f8f800000000000000000000f8f800000000000000000000f8f800000000000000000000f8f800000000000000000000f8f800000000000000000000f8f800000000000000000000f8f800000000000000
02:09:40.770 [DEBUG] [serial] Sin header 0xAA, descartando 128 bytes: f800000000000000000000f8f8000000
02:09:40.779 [DEBUG] [serial] RX 128 bytes: 000000f8f800000000000000000000f8f800000000000000000000f8f800000000000000000000f8f800000000000000000000f8f800000000000000000000f8f800000000000000000000f8f800000000000000000000f8f800000000000000000000f8f800000000000000000000f8f800000000000000000000f8f8000000
02:09:40.779 [DEBUG] [serial] Sin header 0xAA, descartando 128 bytes: 000000f8f800000000000000000000f8
02:09:40.788 [DEBUG] [serial] RX 128 bytes: 00000000000000f8f800000000000000000000f8f800000000000000000000f8f800000000000000000000f8f800000000000000000000f8f800000000000000000000f8f800000000000000000000f8f800000000000000000000f8f800000000000000000000f8f800000000000000000000f8f800000000000000000000f8
02:09:40.788 [DEBUG] [serial] Sin header 0xAA, descartando 128 bytes: 00000000000000f8f800000000000000
02:09:40.797 [DEBUG] [serial] RX 128 bytes: f800000000000000000000f8f800000000000000000000f8f800000000000000000000f8f800000000000000000000f8f800000000000000000000f8f800000000000000000000f8f800000000000000000000f8f800000000000000000000f8f800000000000000000000f8f800000000000000000000f8f800000000000000
02:09:40.798 [DEBUG] [serial] Sin header 0xAA, descartando 128 bytes: f800000000000000000000f8f8000000
02:09:40.807 [DEBUG] [serial] RX 128 bytes: 000000f8f800000000000000000000f8f800000000000000000000f8f800000000000000000000f8f800000000000000000000f8f800000000000000000000f8f800000000000000000000f8f800000000000000000000f8f800000000000000000000f8f800000000000000000000f8f800000000000000000000f8f8000000
02:09:40.807 [DEBUG] [serial] Sin header 0xAA, descartando 128 bytes: 000000f8f800000000000000000000f8
02:09:40.816 [DEBUG] [serial] RX 128 bytes: 00000000000000f8f800000000000000000000f8f800000000000000000000f8f800000000000000000000f8f800000000000000000000f8f800000000000000000000f8f800000000000000000000f8f800000000000000000000f8f800000000000000000000f8f800000000000000000000f8f800000000000000000000f8
02:09:40.816 [DEBUG] [serial] Sin header 0xAA, descartando 128 bytes: 00000000000000f8f800000000000000
02:09:40.826 [DEBUG] [serial] RX 128 bytes: f800000000000000000000f8f800000000000000000000f8f800000000000000000000f8f800000000000000000000f8f800000000000000000000f8f800000000000000000000f8f800000000000000000000f8f800000000000000000000f8f800000000000000000000f8f800000000000000000000f8f800000000000000
02:09:40.826 [DEBUG] [serial] Sin header 0xAA, descartando 128 bytes: f800000000000000000000f8f8000000
02:09:40.835 [DEBUG] [serial] RX 128 bytes: 000000f8f800000000000000000000f8f800000000000000000000f8f800000000000000000000f8f800000000000000000000f8f800000000000000000000f8f800000000000000000000f8f800000000000000000000f8f800000000000000000000f8f800000000000000000000f8f800000000000000000000f8f8000000
02:09:40.835 [DEBUG] [serial] Sin header 0xAA, descartando 128 bytes: 000000f8f800000000000000000000f8
02:09:40.844 [DEBUG] [serial] RX 128 bytes: 00000000000000f8f800000000000000000000f8f800000000000000000000f8f800000000000000000000f8f800000000000000000000f8f800000000000000000000f8f800000000000000000000f8f800000000000000000000f8f800000000000000000000f8f800000000000000000000f8f800000000000000000000f8
02:09:40.844 [DEBUG] [serial] Sin header 0xAA, descartando 128 bytes: 00000000000000f8f800000000000000
02:09:40.853 [DEBUG] [serial] RX 128 bytes: f800000000000000000000f8f800000000000000000000f8f800000000000000000000f8f800000000000000000000f8f800000000000000000000f8f800000000000000000000f8f800000000000000000000f8f800000000000000000000f8f800000000000000000000f8f800000000000000000000f8f800000000000000
02:09:40.854 [DEBUG] [serial] Sin header 0xAA, descartando 128 bytes: f800000000000000000000f8f8000000
02:09:40.863 [DEBUG] [serial] RX 128 bytes: 000000f8f800000000000000000000f8f800000000000000000000f8f800000000000000000000f8f800000000000000000000f8f800000000000000000000f8f800000000000000000000f8f800000000000000000000f8f800000000000000000000f8f800000000000000000000f8f800000000000000000000f8f8000000
02:09:40.863 [DEBUG] [serial] Sin header 0xAA, descartando 128 bytes: 000000f8f800000000000000000000f8
02:09:40.872 [DEBUG] [serial] RX 128 bytes: 00000000000000f8f800000000000000000000f8f800000000000000000000f8f800000000000000000000f8f800000000000000000000f8f800000000000000000000f8f800000000000000000000f8f800000000000000000000f8f800000000000000000000f8f800000000000000000000f8f800000000000000000000f8
02:09:40.872 [DEBUG] [serial] Sin header 0xAA, descartando 128 bytes: 00000000000000f8f800000000000000
02:09:40.881 [DEBUG] [serial] RX 128 bytes: f800000000000000000000f8f800000000000000000000f8f800000000000000000000f8f800000000000000000000f8f800000000000000000000f8f800000000000000000000f8f800000000000000000000f8f800000000000000000000f8f800000000000000000000f8f800000000000000000000f8f800000000000000
02:09:40.882 [DEBUG] [serial] Sin header 0xAA, descartando 128 bytes: f800000000000000000000f8f8000000
02:09:40.890 [DEBUG] [serial] RX 128 bytes: 000000f8f800000000000000000000f8f800000000000000000000f8f800000000000000000000f8f800000000000000000000f8f800000000000000000000f8f800000000000000000000f8f800000000000000000000f8f800000000000000000000f8f800000000000000000000f8f800000000000000000000f8f8000000
02:09:40.891 [DEBUG] [serial] Sin header 0xAA, descartando 128 bytes: 000000f8f800000000000000000000f8
02:09:40.900 [DEBUG] [serial] RX 128 bytes: 00000000000000f8f800000000000000000000f8f800000000000000000000f8f800000000000000000000f8f800000000000000000000f8f800000000000000000000f8f800000000000000000000f8f800000000000000000000f8f800000000000000000000f8f800000000000000000000f8f800000000000000000000f8
02:09:40.900 [DEBUG] [serial] Sin header 0xAA, descartando 128 bytes: 00000000000000f8f800000000000000
02:09:40.909 [DEBUG] [serial] RX 128 bytes: f800000000000000000000f8f800000000000000000000f8f800000000000000000000f8f800000000000000000000f8f800000000000000000000f8f800000000000000000000f8f800000000000000000000f8f800000000000000000000f8f800000000000000000000f8f800000000000000000000f8f800000000000000
02:09:40.910 [DEBUG] [serial] Sin header 0xAA, descartando 128 bytes: f800000000000000000000f8f8000000
02:09:40.918 [DEBUG] [serial] RX 128 bytes: 000000f8f800000000000000000000f8f800000000000000000000f8f800000000000000000000f8f800000000000000000000f8f800000000000000000000f8f800000000000000000000f8f800000000000000000000f8f800000000000000000000f8f800000000000000000000f8f800000000000000000000f8f8000000
02:09:40.919 [DEBUG] [serial] Sin header 0xAA, descartando 128 bytes: 000000f8f800000000000000000000f8
02:09:40.928 [DEBUG] [serial] RX 128 bytes: 00000000000000f8f800000000000000000000f8f800000000000000000000f8f800000000000000000000f8f800000000000000000000f8f800000000000000000000f8f800000000000000000000f8f800000000000000000000f8f800000000000000000000f8f800000000000000000000f8f800000000000000000000f8
02:09:40.928 [DEBUG] [serial] Sin header 0xAA, descartando 128 bytes: 00000000000000f8f800000000000000
02:09:40.937 [DEBUG] [serial] RX 128 bytes: f800000000000000000000f8f800000000000000000000f8f800000000000000000000f8f800000000000000000000f8f800000000000000000000f8f800000000000000000000f8f800000000000000000000f8f800000000000000000000f8f800000000000000000000f8f800000000000000000000f8f800000000000000
02:09:40.937 [DEBUG] [serial] Sin header 0xAA, descartando 128 bytes: f800000000000000000000f8f8000000
02:09:40.946 [DEBUG] [serial] RX 128 bytes: 000000f8f800000000000000000000f8f800000000000000000000f8f800000000000000000000f8f800000000000000000000f8f800000000000000000000f8f800000000000000000000f8f800000000000000000000f8f800000000000000000000f8f800000000000000000000f8f800000000000000000000f8f8000000
02:09:40.947 [DEBUG] [serial] Sin header 0xAA, descartando 128 bytes: 000000f8f800000000000000000000f8
02:09:40.956 [DEBUG] [serial] RX 128 bytes: 00000000000000f8f800000000000000000000f8f800000000000000000000f8f800000000000000000000f8f800000000000000000000f8f800000000000000000000f8f800000000000000000000f8f800000000000000000000f8f800000000000000000000f8f800000000000000000000f8f800000000000000000000f8
02:09:40.956 [DEBUG] [serial] Sin header 0xAA, descartando 128 bytes: 00000000000000f8f800000000000000
02:09:40.965 [DEBUG] [serial] RX 128 bytes: f800000000000000000000f8f800000000000000000000f8f800000000000000000000f8f800000000000000000000f8f800000000000000000000f8f800000000000000000000f8f800000000000000000000f8f800000000000000000000f8f800000000000000000000f8f800000000000000000000f8f800000000000000
02:09:40.965 [DEBUG] [serial] Sin header 0xAA, descartando 128 bytes: f800000000000000000000f8f8000000
02:09:40.974 [DEBUG] [serial] RX 128 bytes: 000000f8f800000000000000000000f8f800000000000000000000f8f800000000000000000000f8f800000000000000000000f8f800000000000000000000f8f800000000000000000000f8f800000000000000000000f8f800000000000000000000f8f800000000000000000000f8f800000000000000000000f8f8000000
02:09:40.974 [DEBUG] [serial] Sin header 0xAA, descartando 128 bytes: 000000f8f800000000000000000000f8
02:09:40.984 [DEBUG] [serial] RX 128 bytes: 00000000000000f8f800000000000000000000f8f800000000000000000000f8f800000000000000000000f8f800000000000000000000f8f800000000000000000000f8f800000000000000000000f8f800000000000000000000f8f800000000000000000000f8f800000000000000000000f8f800000000000000000000f8
02:09:40.984 [DEBUG] [serial] Sin header 0xAA, descartando 128 bytes: 00000000000000f8f800000000000000
02:09:40.993 [DEBUG] [serial] RX 128 bytes: f800000000000000000000f8f800000000000000000000f8f800000000000000000000f8f800000000000000000000f8f800000000000000000000f8f800000000000000000000f8f800000000000000000000f8f800000000000000000000f8f800000000000000000000f8f800000000000000000000f8f800000000000000
02:09:40.993 [DEBUG] [serial] Sin header 0xAA, descartando 128 bytes: f800000000000000000000f8f8000000
02:09:41.002 [DEBUG] [serial] RX 128 bytes: 000000f8f800000000000000000000f8f800000000000000000000f8f800000000000000000000f8f800000000000000000000f8f800000000000000000000f8f800000000000000000000f8f800000000000000000000f8f800000000000000000000f8f800000000000000000000f8f800000000000000000000f8f8000000
02:09:41.002 [DEBUG] [serial] Sin header 0xAA, descartando 128 bytes: 000000f8f800000000000000000000f8
02:09:41.012 [DEBUG] [serial] RX 128 bytes: 00000000000000f8f800000000000000000000f8f800000000000000000000f8f800000000000000000000f8f800000000000000000000f8f800000000000000000000f8f800000000000000000000f8f800000000000000000000f8f800000000000000000000f8f800000000000000000000f8f800000000000000000000f8
02:09:41.012 [DEBUG] [serial] Sin header 0xAA, descartando 128 bytes: 00000000000000f8f800000000000000
02:09:41.021 [DEBUG] [serial] RX 128 bytes: f800000000000000000000f8f800000000000000000000f8f800000000000000000000f8f800000000000000000000f8f800000000000000000000f8f800000000000000000000f8f800000000000000000000f8f800000000000000000000f8f800000000000000000000f8f800000000000000000000f8f800000000000000
02:09:41.021 [DEBUG] [serial] Sin header 0xAA, descartando 128 bytes: f800000000000000000000f8f8000000
02:09:41.030 [DEBUG] [serial] RX 128 bytes: 000000f8f800000000000000000000f8f800000000000000000000f8f800000000000000000000f8f800000000000000000000f8f800000000000000000000f8f800000000000000000000f8f800000000000000000000f8f800000000000000000000f8f800000000000000000000f8f800000000000000000000f8f8000000
02:09:41.030 [DEBUG] [serial] Sin header 0xAA, descartando 128 bytes: 000000f8f800000000000000000000f8
02:09:41.039 [DEBUG] [serial] RX 128 bytes: 00000000000000f8f800000000000000000000f8f800000000000000000000f8f800000000000000000000f8f800000000000000000000f8f800000000000000000000f8f800000000000000000000f8f800000000000000000000f8f800000000000000000000f8f800000000000000000000f8f800000000000000000000f8
02:09:41.040 [DEBUG] [serial] Sin header 0xAA, descartando 128 bytes: 00000000000000f8f800000000000000
02:09:41.049 [DEBUG] [serial] RX 128 bytes: f800000000000000000000f8f800000000000000000000f8f800000000000000000000f8f800000000000000000000f8f800000000000000000000f8f800000000000000000000f8f800000000000000000000f8f800000000000000000000f8f800000000000000000000f8f800000000000000000000f8f800000000000000
02:09:41.049 [DEBUG] [serial] Sin header 0xAA, descartando 128 bytes: f800000000000000000000f8f8000000
02:09:41.058 [DEBUG] [serial] RX 128 bytes: 000000f8f800000000000000000000f8f800000000000000000000f8f800000000000000000000f8f800000000000000000000f8f800000000000000000000f8f800000000000000000000f8f800000000000000000000f8f800000000000000000000f8f800000000000000000000f8f800000000000000000000f8f8000000
02:09:41.058 [DEBUG] [serial] Sin header 0xAA, descartando 128 bytes: 000000f8f800000000000000000000f8
02:09:41.067 [DEBUG] [serial] RX 128 bytes: 00000000000000f8f800000000000000000000f8f800000000000000000000f8f800000000000000000000f8f800000000000000000000f8f800000000000000000000f8f800000000000000000000f8f800000000000000000000f8f800000000000000000000f8f800000000000000000000f8f800000000000000000000f8
02:09:41.068 [DEBUG] [serial] Sin header 0xAA, descartando 128 bytes: 00000000000000f8f800000000000000
02:09:41.077 [DEBUG] [serial] RX 128 bytes: f800000000000000000000f8f800000000000000000000f8f800000000000000000000f8f800000000000000000000f8f800000000000000000000f8f800000000000000000000f8f800000000000000000000f8f800000000000000000000f8f800000000000000000000f8f800000000000000000000f8f800000000000000
02:09:41.077 [DEBUG] [serial] Sin header 0xAA, descartando 128 bytes: f800000000000000000000f8f8000000
02:09:41.086 [DEBUG] [serial] RX 128 bytes: 000000f8f800000000000000000000f8f800000000000000000000f8f800000000000000000000f8f800000000000000000000f8f800000000000000000000f8f800000000000000000000f8f800000000000000000000f8f800000000000000000000f8f800000000000000000000f8f800000000000000000000f8f8000000
02:09:41.086 [DEBUG] [serial] Sin header 0xAA, descartando 128 bytes: 000000f8f800000000000000000000f8
02:09:41.095 [DEBUG] [serial] RX 128 bytes: 00000000000000f8f800000000000000000000f8f800000000000000000000f8f800000000000000000000f8f800000000000000000000f8f800000000000000000000f8f800000000000000000000f8f800000000000000000000f8f800000000000000000000f8f800000000000000000000f8f800000000000000000000f8
02:09:41.096 [DEBUG] [serial] Sin header 0xAA, descartando 128 bytes: 00000000000000f8f800000000000000
02:09:41.105 [DEBUG] [serial] RX 128 bytes: f800000000000000000000f8f800000000000000000000f8f800000000000000000000f8f800000000000000000000f8f800000000000000000000f8f800000000000000000000f8f800000000000000000000f8f800000000000000000000f8f800000000000000000000f8f800000000000000000000f8f800000000000000
02:09:41.105 [DEBUG] [serial] Sin header 0xAA, descartando 128 bytes: f800000000000000000000f8f8000000
02:09:41.114 [DEBUG] [serial] RX 128 bytes: 000000f8f800000000000000000000f8f800000000000000000000f8f800000000000000000000f8f800000000000000000000f8f800000000000000000000f8f800000000000000000000f8f800000000000000000000f8f800000000000000000000f8f800000000000000000000f8f800000000000000000000f8f8000000
02:09:41.114 [DEBUG] [serial] Sin header 0xAA, descartando 128 bytes: 000000f8f800000000000000000000f8
02:09:41.123 [DEBUG] [serial] RX 128 bytes: 00000000000000f8f800000000000000000000f8f800000000000000000000f8f800000000000000000000f8f800000000000000000000f8f800000000000000000000f8f800000000000000000000f8f800000000000000000000f8f800000000000000000000f8f800000000000000000000f8f800000000000000000000f8
02:09:41.123 [DEBUG] [serial] Sin header 0xAA, descartando 128 bytes: 00000000000000f8f800000000000000
02:09:41.133 [DEBUG] [serial] RX 128 bytes: f800000000000000000000f8f800000000000000000000f8f800000000000000000000f8f800000000000000000000f8f800000000000000000000f8f800000000000000000000f8f800000000000000000000f8f800000000000000000000f8f800000000000000000000f8f800000000000000000000f8f800000000000000
02:09:41.133 [DEBUG] [serial] Sin header 0xAA, descartando 128 bytes: f800000000000000000000f8f8000000
02:09:41.142 [DEBUG] [serial] RX 128 bytes: 000000f8f800000000000000000000f8f800000000000000000000f8f800000000000000000000f8f800000000000000000000f8f800000000000000000000f8f800000000000000000000f8f800000000000000000000f8f800000000000000000000f8f800000000000000000000f8f800000000000000000000f8f8000000
02:09:41.142 [DEBUG] [serial] Sin header 0xAA, descartando 128 bytes: 000000f8f800000000000000000000f8
02:09:41.151 [DEBUG] [serial] RX 128 bytes: 00000000000000f8f800000000000000000000f8f800000000000000000000f8f800000000000000000000f8f800000000000000000000f8f800000000000000000000f8f800000000000000000000f8f800000000000000000000f8f800000000000000000000f8f800000000000000000000f8f800000000000000000000f8
02:09:41.151 [DEBUG] [serial] Sin header 0xAA, descartando 128 bytes: 00000000000000f8f800000000000000
02:09:41.161 [DEBUG] [serial] RX 128 bytes: f800000000000000000000f8f800000000000000000000f8f800000000000000000000f8f800000000000000000000f8f800000000000000000000f8f800000000000000000000f8f800000000000000000000f8f800000000000000000000f8f800000000000000000000f8f800000000000000000000f8f800000000000000
02:09:41.161 [DEBUG] [serial] Sin header 0xAA, descartando 128 bytes: f800000000000000000000f8f8000000
02:09:41.170 [DEBUG] [serial] RX 128 bytes: 000000f8f800000000000000000000f8f800000000000000000000f8f800000000000000000000f8f800000000000000000000f8f800000000000000000000f8f800000000000000000000f8f800000000000000000000f8f800000000000000000000f8f800000000000000000000f8f800000000000000000000f8f8000000
02:09:41.170 [DEBUG] [serial] Sin header 0xAA, descartando 128 bytes: 000000f8f800000000000000000000f8
02:09:41.179 [DEBUG] [serial] RX 128 bytes: 00000000000000f8f800000000000000000000f8f800000000000000000000f8f800000000000000000000f8f800000000000000000000f8f800000000000000000000f8f800000000000000000000f8f800000000000000000000f8f800000000000000000000f8f800000000000000000000f8f800000000000000000000f8
02:09:41.180 [DEBUG] [serial] Sin header 0xAA, descartando 128 bytes: 00000000000000f8f800000000000000
02:09:41.188 [DEBUG] [serial] RX 128 bytes: f800000000000000000000f8f800000000000000000000f8f800000000000000000000f8f800000000000000000000f8f800000000000000000000f8f800000000000000000000f8f800000000000000000000f8f800000000000000000000f8f800000000000000000000f8f800000000000000000000f8f800000000000000
02:09:41.189 [DEBUG] [serial] Sin header 0xAA, descartando 128 bytes: f800000000000000000000f8f8000000
02:09:41.198 [DEBUG] [serial] RX 128 bytes: 000000f8f800000000000000000000f8f800000000000000000000f8f800000000000000000000f8f800000000000000000000f8f800000000000000000000f8f800000000000000000000f8f800000000000000000000f8f800000000000000000000f8f800000000000000000000f8f800000000000000000000f8f8000000
02:09:41.198 [DEBUG] [serial] Sin header 0xAA, descartando 128 bytes: 000000f8f800000000000000000000f8
02:09:41.207 [DEBUG] [serial] RX 128 bytes: 00000000000000f8f800000000000000000000f8f800000000000000000000f8f800000000000000000000f8f800000000000000000000f8f800000000000000000000f8f800000000000000000000f8f800000000000000000000f8f800000000000000000000f8f800000000000000000000f8f800000000000000000000f8
02:09:41.207 [DEBUG] [serial] Sin header 0xAA, descartando 128 bytes: 00000000000000f8f800000000000000
02:09:41.216 [DEBUG] [serial] RX 128 bytes: f800000000000000000000f8f800000000000000000000f8f800000000000000000000f8f800000000000000000000f8f800000000000000000000f8f800000000000000000000f8f800000000000000000000f8f800000000000000000000f8f800000000000000000000f8f800000000000000000000f8f800000000000000
02:09:41.217 [DEBUG] [serial] Sin header 0xAA, descartando 128 bytes: f800000000000000000000f8f8000000
02:09:41.226 [DEBUG] [serial] RX 128 bytes: 000000f8f800000000000000000000f8f800000000000000000000f8f800000000000000000000f8f800000000000000000000f8f800000000000000000000f8f800000000000000000000f8f800000000000000000000f8f800000000000000000000f8f800000000000000000000f8f800000000000000000000f8f8000000
02:09:41.226 [DEBUG] [serial] Sin header 0xAA, descartando 128 bytes: 000000f8f800000000000000000000f8
02:09:41.236 [DEBUG] [serial] RX 128 bytes: 00000000000000f8f800000000000000000000f8f800000000000000000000f8f800000000000000000000f8f800000000000000000000f8f800000000000000000000f8f800000000000000000000f8f800000000000000000000f8f800000000000000000000f8f800000000000000000000f8f800000000000000000000f8
02:09:41.236 [DEBUG] [serial] Sin header 0xAA, descartando 128 bytes: 00000000000000f8f800000000000000
02:09:41.244 [DEBUG] [serial] RX 128 bytes: f800000000000000000000f8f800000000000000000000f8f800000000000000000000f8f800000000000000000000f8f800000000000000000000f8f800000000000000000000f8f800000000000000000000f8f800000000000000000000f8f800000000000000000000f8f800000000000000000000f8f800000000000000
02:09:41.245 [DEBUG] [serial] Sin header 0xAA, descartando 128 bytes: f800000000000000000000f8f8000000
02:09:41.254 [DEBUG] [serial] RX 128 bytes: 000000f8f800000000000000000000f8f800000000000000000000f8f800000000000000000000f8f800000000000000000000f8f800000000000000000000f8f800000000000000000000f8f800000000000000000000f8f800000000000000000000f8f800000000000000000000f8f800000000000000000000f8f8000000
02:09:41.254 [DEBUG] [serial] Sin header 0xAA, descartando 128 bytes: 000000f8f800000000000000000000f8
02:09:41.263 [DEBUG] [serial] RX 128 bytes: 00000000000000f8f800000000000000000000f8f800000000000000000000f8f800000000000000000000f8f800000000000000000000f8f800000000000000000000f8f800000000000000000000f8f800000000000000000000f8f800000000000000000000f8f800000000000000000000f8f800000000000000000000f8
02:09:41.263 [DEBUG] [serial] Sin header 0xAA, descartando 128 bytes: 00000000000000f8f800000000000000
02:09:41.272 [DEBUG] [serial] RX 128 bytes: f800000000000000000000f8f800000000000000000000f8f800000000000000000000f8f800000000000000000000f8f800000000000000000000f8f800000000000000000000f8f800000000000000000000f8f800000000000000000000f8f800000000000000000000f8f800000000000000000000f8f800000000000000
02:09:41.272 [DEBUG] [serial] Sin header 0xAA, descartando 128 bytes: f800000000000000000000f8f8000000
02:09:41.282 [DEBUG] [serial] RX 128 bytes: 000000f8f800000000000000000000f8f800000000000000000000f8f800000000000000000000f8f800000000000000000000f8f800000000000000000000f8f800000000000000000000f8f800000000000000000000f8f800000000000000000000f8f800000000000000000000f8f800000000000000000000f8f8000000
02:09:41.282 [DEBUG] [serial] Sin header 0xAA, descartando 128 bytes: 000000f8f800000000000000000000f8
02:09:41.291 [DEBUG] [serial] RX 128 bytes: 00000000000000f8f800000000000000000000f8f800000000000000000000f8f800000000000000000000f8f800000000000000000000f8f800000000000000000000f8f800000000000000000000f8f800000000000000000000f8f800000000000000000000f8f800000000000000000000f8f800000000000000000000f8
02:09:41.291 [DEBUG] [serial] Sin header 0xAA, descartando 128 bytes: 00000000000000f8f800000000000000
02:09:41.300 [DEBUG] [serial] RX 128 bytes: f800000000000000000000f8f800000000000000000000f8f800000000000000000000f8f800000000000000000000f8f800000000000000000000f8f800000000000000000000f8f800000000000000000000f8f800000000000000000000f8f800000000000000000000f8f800000000000000000000f8f800000000000000
02:09:41.300 [DEBUG] [serial] Sin header 0xAA, descartando 128 bytes: f800000000000000000000f8f8000000
02:09:41.309 [DEBUG] [serial] RX 128 bytes: 000000f8f800000000000000000000f8f800000000000000000000f8f800000000000000000000f8f800000000000000000000f8f800000000000000000000f8f800000000000000000000f8f800000000000000000000f8f800000000000000000000f8f800000000000000000000f8f800000000000000000000f8f8000000
02:09:41.310 [DEBUG] [serial] Sin header 0xAA, descartando 128 bytes: 000000f8f800000000000000000000f8
02:09:41.319 [DEBUG] [serial] RX 128 bytes: 00000000000000f8f800000000000000000000f8f800000000000000000000f8f800000000000000000000f8f800000000000000000000f8f800000000000000000000f8f800000000000000000000f8f800000000000000000000f8f800000000000000000000f8f800000000000000000000f8f800000000000000000000f8
02:09:41.319 [DEBUG] [serial] Sin header 0xAA, descartando 128 bytes: 00000000000000f8f800000000000000
02:09:41.328 [DEBUG] [serial] RX 128 bytes: f800000000000000000000f8f800000000000000000000f8f800000000000000000000f8f800000000000000000000f8f800000000000000000000f8f800000000000000000000f8f800000000000000000000f8f800000000000000000000f8f800000000000000000000f8f800000000000000000000f8f800000000000000
02:09:41.329 [DEBUG] [serial] Sin header 0xAA, descartando 128 bytes: f800000000000000000000f8f8000000
02:09:41.337 [DEBUG] [serial] RX 128 bytes: 000000f8f800000000000000000000f8f800000000000000000000f8f800000000000000000000f8f800000000000000000000f8f800000000000000000000f8f800000000000000000000f8f800000000000000000000f8f800000000000000000000f8f800000000000000000000f8f800000000000000000000f8f8000000
02:09:41.338 [DEBUG] [serial] Sin header 0xAA, descartando 128 bytes: 000000f8f800000000000000000000f8
02:09:41.347 [DEBUG] [serial] RX 128 bytes: 00000000000000f8f800000000000000000000f8f800000000000000000000f8f800000000000000000000f8f800000000000000000000f8f800000000000000000000f8f800000000000000000000f8f800000000000000000000f8f800000000000000000000f8f800000000000000000000f8f800000000000000000000f8
02:09:41.347 [DEBUG] [serial] Sin header 0xAA, descartando 128 bytes: 00000000000000f8f800000000000000
02:09:41.356 [DEBUG] [serial] RX 128 bytes: f800000000000000000000f8f800000000000000000000f8f800000000000000000000f8f800000000000000000000f8f800000000000000000000f8f800000000000000000000f8f800000000000000000000f8f800000000000000000000f8f800000000000000000000f8f800000000000000000000f8f800000000000000
02:09:41.356 [DEBUG] [serial] Sin header 0xAA, descartando 128 bytes: f800000000000000000000f8f8000000
02:09:41.365 [DEBUG] [serial] RX 128 bytes: 000000f8f800000000000000000000f8f800000000000000000000f8f800000000000000000000f8f800000000000000000000f8f800000000000000000000f8f800000000000000000000f8f800000000000000000000f8f800000000000000000000f8f800000000000000000000f8f800000000000000000000f8f8000000
02:09:41.366 [DEBUG] [serial] Sin header 0xAA, descartando 128 bytes: 000000f8f800000000000000000000f8
02:09:41.375 [DEBUG] [serial] RX 128 bytes: 00000000000000f8f800000000000000000000f8f800000000000000000000f8f800000000000000000000f8f800000000000000000000f8f800000000000000000000f8f800000000000000000000f8f800000000000000000000f8f800000000000000000000f8f800000000000000000000f8f800000000000000000000f8
02:09:41.375 [DEBUG] [serial] Sin header 0xAA, descartando 128 bytes: 00000000000000f8f800000000000000
02:09:41.384 [DEBUG] [serial] RX 128 bytes: f800000000000000000000f8f800000000000000000000f8f800000000000000000000f8f800000000000000000000f8f800000000000000000000f8f800000000000000000000f8f800000000000000000000f8f800000000000000000000f8f800000000000000000000f8f800000000000000000000f8f800000000000000
02:09:41.384 [DEBUG] [serial] Sin header 0xAA, descartando 128 bytes: f800000000000000000000f8f8000000
02:09:41.393 [DEBUG] [serial] RX 128 bytes: 000000f8f800000000000000000000f8f800000000000000000000f8f800000000000000000000f8f800000000000000000000f8f800000000000000000000f8f800000000000000000000f8f800000000000000000000f8f800000000000000000000f8f800000000000000000000f8f800000000000000000000f8f8000000
02:09:41.394 [DEBUG] [serial] Sin header 0xAA, descartando 128 bytes: 000000f8f800000000000000000000f8
02:09:41.403 [DEBUG] [serial] RX 128 bytes: 00000000000000f8f800000000000000000000f8f800000000000000000000f8f800000000000000000000f8f800000000000000000000f8f800000000000000000000f8f800000000000000000000f8f800000000000000000000f8f800000000000000000000f8f800000000000000000000f8f800000000000000000000f8
02:09:41.403 [DEBUG] [serial] Sin header 0xAA, descartando 128 bytes: 00000000000000f8f800000000000000
02:09:41.412 [DEBUG] [serial] RX 128 bytes: f800000000000000000000f8f800000000000000000000f8f800000000000000000000f8f800000000000000000000f8f800000000000000000000f8f800000000000000000000f8f800000000000000000000f8f800000000000000000000f8f800000000000000000000f8f800000000000000000000f8f800000000000000
02:09:41.412 [DEBUG] [serial] Sin header 0xAA, descartando 128 bytes: f800000000000000000000f8f8000000
02:09:41.422 [DEBUG] [serial] RX 128 bytes: 000000f8f800000000000000000000f8f800000000000000000000f8f800000000000000000000f8f800000000000000000000f8f800000000000000000000f8f800000000000000000000f8f800000000000000000000f8f800000000000000000000f8f800000000000000000000f8f800000000000000000000f8f8000000
02:09:41.422 [DEBUG] [serial] Sin header 0xAA, descartando 128 bytes: 000000f8f800000000000000000000f8
02:09:41.431 [DEBUG] [serial] RX 128 bytes: 00000000000000f8f800000000000000000000f8f800000000000000000000f8f800000000000000000000f8f800000000000000000000f8f800000000000000000000f8f800000000000000000000f8f800000000000000000000f8f800000000000000000000f8f800000000000000000000f8f800000000000000000000f8
02:09:41.431 [DEBUG] [serial] Sin header 0xAA, descartando 128 bytes: 00000000000000f8f800000000000000
02:09:41.440 [DEBUG] [serial] RX 128 bytes: f800000000000000000000f8f800000000000000000000f8f800000000000000000000f8f800000000000000000000f8f800000000000000000000f8f800000000000000000000f8f800000000000000000000f8f800000000000000000000f8f800000000000000000000f8f800000000000000000000f8f800000000000000
02:09:41.440 [DEBUG] [serial] Sin header 0xAA, descartando 128 bytes: f800000000000000000000f8f8000000
02:09:41.449 [DEBUG] [serial] RX 128 bytes: 000000f8f800000000000000000000f8f800000000000000000000f8f800000000000000000000f8f800000000000000000000f8f800000000000000000000f8f800000000000000000000f8f800000000000000000000f8f800000000000000000000f8f800000000000000000000f8f800000000000000000000f8f8000000
02:09:41.450 [DEBUG] [serial] Sin header 0xAA, descartando 128 bytes: 000000f8f800000000000000000000f8
02:09:41.459 [DEBUG] [serial] RX 128 bytes: 00000000000000f8f800000000000000000000f8f800000000000000000000f8f800000000000000000000f8f800000000000000000000f8f800000000000000000000f8f800000000000000000000f8f800000000000000000000f8f800000000000000000000f8f800000000000000000000f8f800000000000000000000f8
02:09:41.459 [DEBUG] [serial] Sin header 0xAA, descartando 128 bytes: 00000000000000f8f800000000000000
02:09:41.468 [DEBUG] [serial] RX 128 bytes: f800000000000000000000f8f800000000000000000000f8f800000000000000000000f8f800000000000000000000f8f800000000000000000000f8f800000000000000000000f8f800000000000000000000f8f800000000000000000000f8f800000000000000000000f8f800000000000000000000f8f800000000000000
02:09:41.468 [DEBUG] [serial] Sin header 0xAA, descartando 128 bytes: f800000000000000000000f8f8000000
02:09:41.477 [DEBUG] [serial] RX 128 bytes: 000000f8f800000000000000000000f8f800000000000000000000f8f800000000000000000000f8f800000000000000000000f8f800000000000000000000f8f800000000000000000000f8f800000000000000000000f8f800000000000000000000f8f800000000000000000000f8f800000000000000000000f8f8000000
02:09:41.477 [DEBUG] [serial] Sin header 0xAA, descartando 128 bytes: 000000f8f800000000000000000000f8
02:09:41.486 [DEBUG] [serial] RX 128 bytes: 00000000000000f8f800000000000000000000f8f800000000000000000000f8f800000000000000000000f8f800000000000000000000f8f800000000000000000000f8f800000000000000000000f8f800000000000000000000f8f800000000000000000000f8f800000000000000000000f8f800000000000000000000f8
02:09:41.487 [DEBUG] [serial] Sin header 0xAA, descartando 128 bytes: 00000000000000f8f800000000000000
02:09:41.496 [DEBUG] [serial] RX 128 bytes: f800000000000000000000f8f800000000000000000000f8f800000000000000000000f8f800000000000000000000f8f800000000000000000000f8f800000000000000000000f8f800000000000000000000f8f800000000000000000000f8f800000000000000000000f8f800000000000000000000f8f800000000000000
02:09:41.496 [DEBUG] [serial] Sin header 0xAA, descartando 128 bytes: f800000000000000000000f8f8000000
02:09:41.505 [DEBUG] [serial] RX 128 bytes: 000000f8f800000000000000000000f8f800000000000000000000f8f800000000000000000000f8f800000000000000000000f8f800000000000000000000f8f800000000000000000000f8f800000000000000000000f8f800000000000000000000f8f800000000000000000000f8f800000000000000000000f8f8000000
02:09:41.505 [DEBUG] [serial] Sin header 0xAA, descartando 128 bytes: 000000f8f800000000000000000000f8
02:09:41.515 [DEBUG] [serial] RX 128 bytes: 00000000000000f8f800000000000000000000f8f800000000000000000000f8f800000000000000000000f8f800000000000000000000f8f800000000000000000000f8f800000000000000000000f8f800000000000000000000f8f800000000000000000000f8f800000000000000000000f8f800000000000000000000f8
02:09:41.516 [DEBUG] [serial] Sin header 0xAA, descartando 128 bytes: 00000000000000f8f800000000000000
02:09:41.524 [DEBUG] [serial] RX 128 bytes: f800000000000000000000f8f800000000000000000000f8f800000000000000000000f8f800000000000000000000f8f800000000000000000000f8f800000000000000000000f8f800000000000000000000f8f800000000000000000000f8f800000000000000000000f8f800000000000000000000f8f800000000000000
02:09:41.524 [DEBUG] [serial] Sin header 0xAA, descartando 128 bytes: f800000000000000000000f8f8000000
02:09:41.533 [DEBUG] [serial] RX 128 bytes: 000000f8f800000000000000000000f8f800000000000000000000f8f800000000000000000000f8f800000000000000000000f8f800000000000000000000f8f800000000000000000000f8f800000000000000000000f8f800000000000000000000f8f800000000000000000000f8f800000000000000000000f8f8000000
02:09:41.533 [DEBUG] [serial] Sin header 0xAA, descartando 128 bytes: 000000f8f800000000000000000000f8
02:09:41.542 [DEBUG] [serial] RX 128 bytes: 00000000000000f8f800000000000000000000f8f800000000000000000000f8f800000000000000000000f8f800000000000000000000f8f800000000000000000000f8f800000000000000000000f8f800000000000000000000f8f800000000000000000000f8f800000000000000000000f8f800000000000000000000f8
02:09:41.543 [DEBUG] [serial] Sin header 0xAA, descartando 128 bytes: 00000000000000f8f800000000000000
02:09:41.552 [DEBUG] [serial] RX 128 bytes: f800000000000000000000f8f800000000000000000000f8f800000000000000000000f8f800000000000000000000f8f800000000000000000000f8f800000000000000000000f8f800000000000000000000f8f800000000000000000000f8f800000000000000000000f8f800000000000000000000f8f800000000000000
02:09:41.552 [DEBUG] [serial] Sin header 0xAA, descartando 128 bytes: f800000000000000000000f8f8000000
02:09:41.561 [DEBUG] [serial] RX 128 bytes: 000000f8f800000000000000000000f8f800000000000000000000f8f800000000000000000000f8f800000000000000000000f8f800000000000000000000f8f800000000000000000000f8f800000000000000000000f8f800000000000000000000f8f800000000000000000000f8f800000000000000000000f8f8000000
02:09:41.561 [DEBUG] [serial] Sin header 0xAA, descartando 128 bytes: 000000f8f800000000000000000000f8
02:09:41.570 [DEBUG] [serial] RX 128 bytes: 00000000000000f8f800000000000000000000f8f800000000000000000000f8f800000000000000000000f8f800000000000000000000f8f800000000000000000000f8f800000000000000000000f8f800000000000000000000f8f800000000000000000000f8f800000000000000000000f8f800000000000000000000f8
02:09:41.570 [DEBUG] [serial] Sin header 0xAA, descartando 128 bytes: 00000000000000f8f800000000000000
02:09:41.580 [DEBUG] [serial] RX 128 bytes: f800000000000000000000f8f800000000000000000000f8f800000000000000000000f8f800000000000000000000f8f800000000000000000000f8f800000000000000000000f8f800000000000000000000f8f800000000000000000000f8f800000000000000000000f8f800000000000000000000f8f800000000000000
02:09:41.580 [DEBUG] [serial] Sin header 0xAA, descartando 128 bytes: f800000000000000000000f8f8000000
02:09:41.589 [DEBUG] [serial] RX 128 bytes: 000000f8f800000000000000000000f8f800000000000000000000f8f800000000000000000000f8f800000000000000000000f8f800000000000000000000f8f800000000000000000000f8f800000000000000000000f8f800000000000000000000f8f800000000000000000000f8f800000000000000000000f8f8000000
02:09:41.589 [DEBUG] [serial] Sin header 0xAA, descartando 128 bytes: 000000f8f800000000000000000000f8
02:09:41.598 [DEBUG] [serial] RX 128 bytes: 00000000000000f8f800000000000000000000f8f800000000000000000000f8f800000000000000000000f8f800000000000000000000f8f800000000000000000000f8f800000000000000000000f8f800000000000000000000f8f800000000000000000000f8f800000000000000000000f8f800000000000000000000f8
02:09:41.598 [DEBUG] [serial] Sin header 0xAA, descartando 128 bytes: 00000000000000f8f800000000000000
02:09:41.608 [DEBUG] [serial] RX 128 bytes: f800000000000000000000f8f800000000000000000000f8f800000000000000000000f8f800000000000000000000f8f800000000000000000000f8f800000000000000000000f8f800000000000000000000f8f800000000000000000000f8f800000000000000000000f8f800000000000000000000f8f800000000000000
02:09:41.609 [DEBUG] [serial] Sin header 0xAA, descartando 128 bytes: f800000000000000000000f8f8000000
02:09:41.617 [DEBUG] [serial] RX 128 bytes: 000000f8f800000000000000000000f8f800000000000000000000f8f800000000000000000000f8f800000000000000000000f8f800000000000000000000f8f800000000000000000000f8f800000000000000000000f8f800000000000000000000f8f800000000000000000000f8f800000000000000000000f8f8000000
02:09:41.617 [DEBUG] [serial] Sin header 0xAA, descartando 128 bytes: 000000f8f800000000000000000000f8
02:09:41.626 [DEBUG] [serial] RX 128 bytes: 00000000000000f8f800000000000000000000f8f800000000000000000000f8f800000000000000000000f8f800000000000000000000f8f800000000000000000000f8f800000000000000000000f8f800000000000000000000f8f800000000000000000000f8f800000000000000000000f8f800000000000000000000f8
02:09:41.626 [DEBUG] [serial] Sin header 0xAA, descartando 128 bytes: 00000000000000f8f800000000000000
02:09:41.635 [DEBUG] [serial] RX 128 bytes: f800000000000000000000f8f800000000000000000000f8f800000000000000000000f8f800000000000000000000f8f800000000000000000000f8f800000000000000000000f8f800000000000000000000f8f800000000000000000000f8f800000000000000000000f8f800000000000000000000f8f800000000000000
02:09:41.636 [DEBUG] [serial] Sin header 0xAA, descartando 128 bytes: f800000000000000000000f8f8000000
02:09:41.645 [DEBUG] [serial] RX 128 bytes: 000000f8f800000000000000000000f8f800000000000000000000f8f800000000000000000000f8f800000000000000000000f8f800000000000000000000f8f800000000000000000000f8f800000000000000000000f8f800000000000000000000f8f800000000000000000000f8f800000000000000000000f8f8000000
02:09:41.645 [DEBUG] [serial] Sin header 0xAA, descartando 128 bytes: 000000f8f800000000000000000000f8
02:09:41.654 [DEBUG] [serial] RX 128 bytes: 00000000000000f8f800000000000000000000f8f800000000000000000000f8f800000000000000000000f8f800000000000000000000f8f800000000000000000000f8f800000000000000000000f8f800000000000000000000f8f800000000000000000000f8f800000000000000000000f8f800000000000000000000f8
02:09:41.654 [DEBUG] [serial] Sin header 0xAA, descartando 128 bytes: 00000000000000f8f800000000000000
02:09:41.663 [DEBUG] [serial] RX 128 bytes: f800000000000000000000f8f800000000000000000000f8f800000000000000000000f8f800000000000000000000f8f800000000000000000000f8f800000000000000000000f8f800000000000000000000f8f800000000000000000000f8f800000000000000000000f8f800000000000000000000f8f800000000000000
02:09:41.664 [DEBUG] [serial] Sin header 0xAA, descartando 128 bytes: f800000000000000000000f8f8000000
02:09:41.673 [DEBUG] [serial] RX 128 bytes: 000000f8f800000000000000000000f8f800000000000000000000f8f800000000000000000000f8f800000000000000000000f8f800000000000000000000f8f800000000000000000000f8f800000000000000000000f8f800000000000000000000f8f800000000000000000000f8f800000000000000000000f8f8000000
02:09:41.673 [DEBUG] [serial] Sin header 0xAA, descartando 128 bytes: 000000f8f800000000000000000000f8
02:09:41.682 [DEBUG] [serial] RX 128 bytes: 00000000000000f8f800000000000000000000f8f800000000000000000000f8f800000000000000000000f8f800000000000000000000f8f800000000000000000000f8f800000000000000000000f8f800000000000000000000f8f800000000000000000000f8f800000000000000000000f8f800000000000000000000f8
02:09:41.682 [DEBUG] [serial] Sin header 0xAA, descartando 128 bytes: 00000000000000f8f800000000000000
02:09:41.692 [DEBUG] [serial] RX 128 bytes: f800000000000000000000f8f800000000000000000000f8f800000000000000000000f8f800000000000000000000f8f800000000000000000000f8f800000000000000000000f8f800000000000000000000f8f800000000000000000000f8f800000000000000000000f8f800000000000000000000f8f800000000000000
02:09:41.692 [DEBUG] [serial] Sin header 0xAA, descartando 128 bytes: f800000000000000000000f8f8000000
02:09:41.701 [DEBUG] [serial] RX 128 bytes: 000000f8f800000000000000000000f8f800000000000000000000f8f800000000000000000000f8f800000000000000000000f8f800000000000000000000f8f800000000000000000000f8f800000000000000000000f8f800000000000000000000f8f800000000000000000000f8f800000000000000000000f8f8000000
02:09:41.701 [DEBUG] [serial] Sin header 0xAA, descartando 128 bytes: 000000f8f800000000000000000000f8
02:09:41.710 [DEBUG] [serial] RX 128 bytes: 00000000000000f8f800000000000000000000f8f800000000000000000000f8f800000000000000000000f8f800000000000000000000f8f800000000000000000000f8f800000000000000000000f8f800000000000000000000f8f800000000000000000000f8f800000000000000000000f8f800000000000000000000f8
02:09:41.710 [DEBUG] [serial] Sin header 0xAA, descartando 128 bytes: 00000000000000f8f800000000000000
02:09:41.719 [DEBUG] [serial] RX 128 bytes: f800000000000000000000f8f800000000000000000000f8f800000000000000000000f8f800000000000000000000f8f800000000000000000000f8f800000000000000000000f8f800000000000000000000f8f800000000000000000000f8f800000000000000000000f8f800000000000000000000f8f800000000000000
02:09:41.719 [DEBUG] [serial] Sin header 0xAA, descartando 128 bytes: f800000000000000000000f8f8000000
02:09:41.728 [DEBUG] [serial] RX 128 bytes: 000000f8f800000000000000000000f8f800000000000000000000f8f800000000000000000000f8f800000000000000000000f8f800000000000000000000f8f800000000000000000000f8f800000000000000000000f8f800000000000000000000f8f800000000000000000000f8f800000000000000000000f8f8000000
02:09:41.729 [DEBUG] [serial] Sin header 0xAA, descartando 128 bytes: 000000f8f800000000000000000000f8
02:09:41.738 [DEBUG] [serial] RX 128 bytes: 00000000000000f8f800000000000000000000f8f800000000000000000000f8f800000000000000000000f8f800000000000000000000f8f800000000000000000000f8f800000000000000000000f8f800000000000000000000f8f800000000000000000000f8f800000000000000000000f8f800000000000000000000f8
02:09:41.738 [DEBUG] [serial] Sin header 0xAA, descartando 128 bytes: 00000000000000f8f800000000000000
02:09:41.747 [DEBUG] [serial] RX 128 bytes: f800000000000000000000f8f800000000000000000000f8f800000000000000000000f8f800000000000000000000f8f800000000000000000000f8f800000000000000000000f8f800000000000000000000f8f800000000000000000000f8f800000000000000000000f8f800000000000000000000f8f800000000000000
02:09:41.747 [DEBUG] [serial] Sin header 0xAA, descartando 128 bytes: f800000000000000000000f8f8000000
02:09:41.756 [DEBUG] [serial] RX 128 bytes: 000000f8f800000000000000000000f8f800000000000000000000f8f800000000000000000000f8f800000000000000000000f8f800000000000000000000f8f800000000000000000000f8f800000000000000000000f8f800000000000000000000f8f800000000000000000000f8f800000000000000000000f8f8000000
02:09:41.757 [DEBUG] [serial] Sin header 0xAA, descartando 128 bytes: 000000f8f800000000000000000000f8
02:09:41.766 [DEBUG] [serial] RX 128 bytes: 00000000000000f8f800000000000000000000f8f800000000000000000000f8f800000000000000000000f8f800000000000000000000f8f800000000000000000000f8f800000000000000000000f8f800000000000000000000f8f800000000000000000000f8f800000000000000000000f8f800000000000000000000f8
02:09:41.766 [DEBUG] [serial] Sin header 0xAA, descartando 128 bytes: 00000000000000f8f800000000000000
02:09:41.775 [DEBUG] [serial] RX 128 bytes: f800000000000000000000f8f800000000000000000000f8f800000000000000000000f8f800000000000000000000f8f800000000000000000000f8f800000000000000000000f8f800000000000000000000f8f800000000000000000000f8f800000000000000000000f8f800000000000000000000f8f800000000000000
02:09:41.775 [DEBUG] [serial] Sin header 0xAA, descartando 128 bytes: f800000000000000000000f8f8000000
02:09:41.784 [DEBUG] [serial] RX 128 bytes: 000000f8f800000000000000000000f8f800000000000000000000f8f800000000000000000000f8f800000000000000000000f8f800000000000000000000f8f800000000000000000000f8f800000000000000000000f8f800000000000000000000f8f800000000000000000000f8f800000000000000000000f8f8000000
02:09:41.785 [DEBUG] [serial] Sin header 0xAA, descartando 128 bytes: 000000f8f800000000000000000000f8
02:09:41.795 [DEBUG] [serial] RX 128 bytes: 00000000000000f8f800000000000000000000f8f800000000000000000000f8f800000000000000000000f8f800000000000000000000f8f800000000000000000000f8f800000000000000000000f8f800000000000000000000f8f800000000000000000000f8f800000000000000000000f8f800000000000000000000f8
02:09:41.795 [DEBUG] [serial] Sin header 0xAA, descartando 128 bytes: 00000000000000f8f800000000000000
02:09:41.803 [DEBUG] [serial] RX 128 bytes: f800000000000000000000f8f800000000000000000000f8f800000000000000000000f8f800000000000000000000f8f800000000000000000000f8f800000000000000000000f8f800000000000000000000f8f800000000000000000000f8f800000000000000000000f8f800000000000000000000f8f800000000000000
02:09:41.803 [DEBUG] [serial] Sin header 0xAA, descartando 128 bytes: f800000000000000000000f8f8000000
02:09:41.812 [DEBUG] [serial] RX 128 bytes: 000000f8f800000000000000000000f8f800000000000000000000f8f800000000000000000000f8f800000000000000000000f8f800000000000000000000f8f800000000000000000000f8f800000000000000000000f8f800000000000000000000f8f800000000000000000000f8f800000000000000000000f8f8000000
02:09:41.813 [DEBUG] [serial] Sin header 0xAA, descartando 128 bytes: 000000f8f800000000000000000000f8
02:09:41.822 [DEBUG] [serial] RX 128 bytes: 00000000000000f8f800000000000000000000f8f800000000000000000000f8f800000000000000000000f8f800000000000000000000f8f800000000000000000000f8f800000000000000000000f8f800000000000000000000f8f800000000000000000000f8f800000000000000000000f8f800000000000000000000f8
02:09:41.822 [DEBUG] [serial] Sin header 0xAA, descartando 128 bytes: 00000000000000f8f800000000000000
02:09:41.831 [DEBUG] [serial] RX 128 bytes: f800000000000000000000f8f800000000000000000000f8f800000000000000000000f8f800000000000000000000f8f800000000000000000000f8f800000000000000000000f8f800000000000000000000f8f800000000000000000000f8f800000000000000000000f8f800000000000000000000f8f800000000000000
02:09:41.831 [DEBUG] [serial] Sin header 0xAA, descartando 128 bytes: f800000000000000000000f8f8000000
02:09:41.840 [DEBUG] [serial] RX 128 bytes: 000000f8f800000000000000000000f8f800000000000000000000f8f800000000000000000000f8f800000000000000000000f8f800000000000000000000f8f800000000000000000000f8f800000000000000000000f8f800000000000000000000f8f800000000000000000000f8f800000000000000000000f8f8000000
02:09:41.840 [DEBUG] [serial] Sin header 0xAA, descartando 128 bytes: 000000f8f800000000000000000000f8
02:09:41.850 [DEBUG] [serial] RX 128 bytes: 00000000000000f8f800000000000000000000f8f800000000000000000000f8f800000000000000000000f8f800000000000000000000f8f800000000000000000000f8f800000000000000000000f8f800000000000000000000f8f800000000000000000000f8f800000000000000000000f8f800000000000000000000f8
02:09:41.850 [DEBUG] [serial] Sin header 0xAA, descartando 128 bytes: 00000000000000f8f800000000000000
02:09:41.859 [DEBUG] [serial] RX 128 bytes: f800000000000000000000f8f800000000000000000000f8f800000000000000000000f8f800000000000000000000f8f800000000000000000000f8f800000000000000000000f8f800000000000000000000f8f800000000000000000000f8f800000000000000000000f8f800000000000000000000f8f800000000000000
02:09:41.859 [DEBUG] [serial] Sin header 0xAA, descartando 128 bytes: f800000000000000000000f8f8000000
02:09:41.868 [DEBUG] [serial] RX 128 bytes: 000000f8f800000000000000000000f8f800000000000000000000f8f800000000000000000000f8f800000000000000000000f8f800000000000000000000f8f800000000000000000000f8f800000000000000000000f8f800000000000000000000f8f800000000000000000000f8f800000000000000000000f8f8000000
02:09:41.868 [DEBUG] [serial] Sin header 0xAA, descartando 128 bytes: 000000f8f800000000000000000000f8
02:09:41.878 [DEBUG] [serial] RX 128 bytes: 00000000000000f8f800000000000000000000f8f800000000000000000000f8f800000000000000000000f8f800000000000000000000f8f800000000000000000000f8f800000000000000000000f8f800000000000000000000f8f800000000000000000000f8f800000000000000000000f8f800000000000000000000f8
02:09:41.878 [DEBUG] [serial] Sin header 0xAA, descartando 128 bytes: 00000000000000f8f800000000000000
02:09:41.888 [DEBUG] [serial] RX 128 bytes: f800000000000000000000f8f800000000000000000000f8f800000000000000000000f8f800000000000000000000f8f800000000000000000000f8f800000000000000000000f8f800000000000000000000f8f800000000000000000000f8f800000000000000000000f8f800000000000000000000f8f800000000000000
02:09:41.888 [DEBUG] [serial] Sin header 0xAA, descartando 128 bytes: f800000000000000000000f8f8000000
02:09:41.896 [DEBUG] [serial] RX 128 bytes: 000000f8f800000000000000000000f8f800000000000000000000f8f800000000000000000000f8f800000000000000000000f8f800000000000000000000f8f800000000000000000000f8f800000000000000000000f8f800000000000000000000f8f800000000000000000000f8f800000000000000000000f8f8000000
02:09:41.896 [DEBUG] [serial] Sin header 0xAA, descartando 128 bytes: 000000f8f800000000000000000000f8
02:09:41.905 [DEBUG] [serial] RX 128 bytes: 00000000000000f8f800000000000000000000f8f800000000000000000000f8f800000000000000000000f8f800000000000000000000f8f800000000000000000000f8f800000000000000000000f8f800000000000000000000f8f800000000000000000000f8f800000000000000000000f8f800000000000000000000f8
02:09:41.906 [DEBUG] [serial] Sin header 0xAA, descartando 128 bytes: 00000000000000f8f800000000000000
02:09:41.915 [DEBUG] [serial] RX 128 bytes: f800000000000000000000f8f800000000000000000000f8f800000000000000000000f8f800000000000000000000f8f800000000000000000000f8f800000000000000000000f8f800000000000000000000f8f800000000000000000000f8f800000000000000000000f8f800000000000000000000f8f800000000000000
02:09:41.915 [DEBUG] [serial] Sin header 0xAA, descartando 128 bytes: f800000000000000000000f8f8000000
02:09:41.924 [DEBUG] [serial] RX 128 bytes: 000000f8f800000000000000000000f8f800000000000000000000f8f800000000000000000000f8f800000000000000000000f8f800000000000000000000f8f800000000000000000000f8f800000000000000000000f8f800000000000000000000f8f800000000000000000000f8f800000000000000000000f8f8000000
02:09:41.924 [DEBUG] [serial] Sin header 0xAA, descartando 128 bytes: 000000f8f800000000000000000000f8
02:09:41.933 [DEBUG] [serial] RX 128 bytes: 00000000000000f8f800000000000000000000f8f800000000000000000000f8f800000000000000000000f8f800000000000000000000f8f800000000000000000000f8f800000000000000000000f8f800000000000000000000f8f800000000000000000000f8f800000000000000000000f8f800000000000000000000f8
02:09:41.934 [DEBUG] [serial] Sin header 0xAA, descartando 128 bytes: 00000000000000f8f800000000000000
02:09:41.943 [DEBUG] [serial] RX 128 bytes: f800000000000000000000f8f800000000000000000000f8f800000000000000000000f8f800000000000000000000f8f800000000000000000000f8f800000000000000000000f8f800000000000000000000f8f800000000000000000000f8f800000000000000000000f8f800000000000000000000f8f800000000000000
02:09:41.943 [DEBUG] [serial] Sin header 0xAA, descartando 128 bytes: f800000000000000000000f8f8000000
02:09:41.952 [DEBUG] [serial] RX 128 bytes: 000000f8f800000000000000000000f8f800000000000000000000f8f800000000000000000000f8f800000000000000000000f8f800000000000000000000f8f800000000000000000000f8f800000000000000000000f8f800000000000000000000f8f800000000000000000000f8f800000000000000000000f8f8000000
02:09:41.952 [DEBUG] [serial] Sin header 0xAA, descartando 128 bytes: 000000f8f800000000000000000000f8
02:09:41.961 [DEBUG] [serial] RX 128 bytes: 00000000000000f8f800000000000000000000f8f800000000000000000000f8f800000000000000000000f8f800000000000000000000f8f800000000000000000000f8f800000000000000000000f8f800000000000000000000f8f800000000000000000000f8f800000000000000000000f8f800000000000000000000f8
02:09:41.962 [DEBUG] [serial] Sin header 0xAA, descartando 128 bytes: 00000000000000f8f800000000000000
02:09:41.971 [DEBUG] [serial] RX 128 bytes: f800000000000000000000f8f800000000000000000000f8f800000000000000000000f8f800000000000000000000f8f800000000000000000000f8f800000000000000000000f8f800000000000000000000f8f800000000000000000000f8f800000000000000000000f8f800000000000000000000f8f800000000000000
02:09:41.971 [DEBUG] [serial] Sin header 0xAA, descartando 128 bytes: f800000000000000000000f8f8000000
02:09:41.981 [DEBUG] [serial] RX 128 bytes: 000000f8f800000000000000000000f8f800000000000000000000f8f800000000000000000000f8f800000000000000000000f8f800000000000000000000f8f800000000000000000000f8f800000000000000000000f8f800000000000000000000f8f800000000000000000000f8f800000000000000000000f8f8000000
02:09:41.981 [DEBUG] [serial] Sin header 0xAA, descartando 128 bytes: 000000f8f800000000000000000000f8
02:09:41.989 [DEBUG] [serial] RX 128 bytes: 00000000000000f8f800000000000000000000f8f800000000000000000000f8f800000000000000000000f8f800000000000000000000f8f800000000000000000000f8f800000000000000000000f8f800000000000000000000f8f800000000000000000000f8f800000000000000000000f8f800000000000000000000f8
02:09:41.989 [DEBUG] [serial] Sin header 0xAA, descartando 128 bytes: 00000000000000f8f800000000000000
02:09:41.999 [DEBUG] [serial] RX 128 bytes: f800000000000000000000f8f800000000000000000000f8f800000000000000000000f8f800000000000000000000f8f800000000000000000000f8f800000000000000000000f8f800000000000000000000f8f800000000000000000000f8f800000000000000000000f8f800000000000000000000f8f800000000000000
02:09:41.999 [DEBUG] [serial] Sin header 0xAA, descartando 128 bytes: f800000000000000000000f8f8000000
02:09:42.008 [DEBUG] [serial] RX 128 bytes: 000000f8f800000000000000000000f8f800000000000000000000f8f800000000000000000000f8f800000000000000000000f8f800000000000000000000f8f800000000000000000000f8f800000000000000000000f8f800000000000000000000f8f800000000000000000000f8f800000000000000000000f8f8000000
02:09:42.008 [DEBUG] [serial] Sin header 0xAA, descartando 128 bytes: 000000f8f800000000000000000000f8
02:09:42.017 [DEBUG] [serial] RX 128 bytes: 00000000000000f8f800000000000000000000f8f800000000000000000000f8f800000000000000000000f8f800000000000000000000f8f800000000000000000000f8f800000000000000000000f8f800000000000000000000f8f800000000000000000000f8f800000000000000000000f8f800000000000000000000f8
02:09:42.017 [DEBUG] [serial] Sin header 0xAA, descartando 128 bytes: 00000000000000f8f800000000000000
02:09:42.027 [DEBUG] [serial] RX 128 bytes: f800000000000000000000f8f800000000000000000000f8f800000000000000000000f8f800000000000000000000f8f800000000000000000000f8f800000000000000000000f8f800000000000000000000f8f800000000000000000000f8f800000000000000000000f8f800000000000000000000f8f800000000000000
02:09:42.027 [DEBUG] [serial] Sin header 0xAA, descartando 128 bytes: f800000000000000000000f8f8000000
02:09:42.036 [DEBUG] [serial] RX 128 bytes: 000000f8f800000000000000000000f8f800000000000000000000f8f800000000000000000000f8f800000000000000000000f8f800000000000000000000f8f800000000000000000000f8f800000000000000000000f8f800000000000000000000f8f800000000000000000000f8f800000000000000000000f8f8000000
02:09:42.036 [DEBUG] [serial] Sin header 0xAA, descartando 128 bytes: 000000f8f800000000000000000000f8
02:09:42.045 [DEBUG] [serial] RX 128 bytes: 00000000000000f8f800000000000000000000f8f800000000000000000000f8f800000000000000000000f8f800000000000000000000f8f800000000000000000000f8f800000000000000000000f8f800000000000000000000f8f800000000000000000000f8f800000000000000000000f8f800000000000000000000f8
02:09:42.045 [DEBUG] [serial] Sin header 0xAA, descartando 128 bytes: 00000000000000f8f800000000000000
02:09:42.054 [DEBUG] [serial] RX 128 bytes: f800000000000000000000f8f800000000000000000000f8f800000000000000000000f8f800000000000000000000f8f800000000000000000000f8f800000000000000000000f8f800000000000000000000f8f800000000000000000000f8f800000000000000000000f8f800000000000000000000f8f800000000000000
02:09:42.055 [DEBUG] [serial] Sin header 0xAA, descartando 128 bytes: f800000000000000000000f8f8000000
02:09:42.064 [DEBUG] [serial] RX 128 bytes: 000000f8f800000000000000000000f8f800000000000000000000f8f800000000000000000000f8f800000000000000000000f8f800000000000000000000f8f800000000000000000000f8f800000000000000000000f8f800000000000000000000f8f800000000000000000000f8f800000000000000000000f8f8000000
02:09:42.064 [DEBUG] [serial] Sin header 0xAA, descartando 128 bytes: 000000f8f800000000000000000000f8
02:09:42.073 [DEBUG] [serial] RX 128 bytes: 00000000000000f8f800000000000000000000f8f800000000000000000000f8f800000000000000000000f8f800000000000000000000f8f800000000000000000000f8f800000000000000000000f8f800000000000000000000f8f800000000000000000000f8f800000000000000000000f8f800000000000000000000f8
02:09:42.074 [DEBUG] [serial] Sin header 0xAA, descartando 128 bytes: 00000000000000f8f800000000000000
02:09:42.077 [INFO] [GUI] Click STOP
02:09:42.078 [INFO] [serial] Encolando TX CMD_STOP: bb05
02:09:42.082 [INFO] [serial] TX CMD_STOP: bb05
02:09:42.083 [DEBUG] [serial] TX OK: 2 bytes escritos
02:09:42.083 [DEBUG] [serial] RX 128 bytes: f800000000000000000000f8f800000000000000000000f8f800000000000000000000f8f800000000000000000000f8f800000000000000000000f8f800000000000000000000f8f800000000000000000000f8f800000000000000000000f8f800000000000000000000f8f800000000000000000000f8f800000000000000
02:09:42.083 [DEBUG] [serial] Sin header 0xAA, descartando 128 bytes: f800000000000000000000f8f8000000
02:09:42.092 [DEBUG] [serial] RX 128 bytes: 000000f8f800000000000000000000f8f800000000000000000000f8f800000000000000000000f8f800000000000000000000f8f800000000000000000000f8f800000000000000000000f8f800000000000000000000f8f800000000000000000000f8f800000000000000000000f8f800000000000000000000f8f8000000
02:09:42.092 [DEBUG] [serial] Sin header 0xAA, descartando 128 bytes: 000000f8f800000000000000000000f8
02:09:42.101 [DEBUG] [serial] RX 128 bytes: 00000000000000f8f800000000000000000000f8f800000000000000000000f8f800000000000000000000f8f800000000000000000000f8f800000000000000000000f8f800000000000000000000f8f800000000000000000000f8f800000000000000000000f8f800000000000000000000f8f800000000000000000000f8
02:09:42.101 [DEBUG] [serial] Sin header 0xAA, descartando 128 bytes: 00000000000000f8f800000000000000
02:09:42.110 [DEBUG] [serial] RX 128 bytes: f800000000000000000000f8f800000000000000000000f8f800000000000000000000f8f800000000000000000000f8f800000000000000000000f8f800000000000000000000f8f800000000000000000000f8f800000000000000000000f8f800000000000000000000f8f800000000000000000000f8f800000000000000
02:09:42.111 [DEBUG] [serial] Sin header 0xAA, descartando 128 bytes: f800000000000000000000f8f8000000
02:09:42.120 [DEBUG] [serial] RX 128 bytes: 000000f8f800000000000000000000f8f800000000000000000000f8f800000000000000000000f8f800000000000000000000f8f800000000000000000000f8f800000000000000000000f8f800000000000000000000f8f800000000000000000000f8f800000000000000000000f8f800000000000000000000f8f8000000
02:09:42.120 [DEBUG] [serial] Sin header 0xAA, descartando 128 bytes: 000000f8f800000000000000000000f8
02:09:42.129 [DEBUG] [serial] RX 128 bytes: 00000000000000f8f800000000000000000000f8f800000000000000000000f8f800000000000000000000f8f800000000000000000000f8f800000000000000000000f8f800000000000000000000f8f800000000000000000000f8f800000000000000000000f8f800000000000000000000f8f800000000000000000000f8
02:09:42.129 [DEBUG] [serial] Sin header 0xAA, descartando 128 bytes: 00000000000000f8f800000000000000
02:09:42.138 [DEBUG] [serial] RX 128 bytes: f800000000000000000000f8f800000000000000000000f8f800000000000000000000f8f800000000000000000000f8f800000000000000000000f8f800000000000000000000f8f800000000000000000000f8f800000000000000000000f8f800000000000000000000f8f800000000000000000000f8f800000000000000
02:09:42.138 [DEBUG] [serial] Sin header 0xAA, descartando 128 bytes: f800000000000000000000f8f8000000
02:09:42.148 [DEBUG] [serial] RX 128 bytes: 000000f8f800000000000000000000f8f800000000000000000000f8f800000000000000000000f8f800000000000000000000f8f800000000000000000000f8f800000000000000000000f8f800000000000000000000f8f800000000000000000000f8f800000000000000000000f8f800000000000000000000f8f8000000
02:09:42.148 [DEBUG] [serial] Sin header 0xAA, descartando 128 bytes: 000000f8f800000000000000000000f8
02:09:42.157 [DEBUG] [serial] RX 128 bytes: 00000000000000f8f800000000000000000000f8f800000000000000000000f8f800000000000000000000f8f800000000000000000000f8f800000000000000000000f8f800000000000000000000f8f800000000000000000000f8f800000000000000000000f8f800000000000000000000f8f800000000000000000000f8
02:09:42.157 [DEBUG] [serial] Sin header 0xAA, descartando 128 bytes: 00000000000000f8f800000000000000
02:09:42.166 [DEBUG] [serial] RX 128 bytes: f800000000000000000000f8f800000000000000000000f8f800000000000000000000f8f800000000000000000000f8f800000000000000000000f8f800000000000000000000f8f800000000000000000000f8f800000000000000000000f8f800000000000000000000f8f800000000000000000000f8f800000000000000
02:09:42.167 [DEBUG] [serial] Sin header 0xAA, descartando 128 bytes: f800000000000000000000f8f8000000
02:09:42.175 [DEBUG] [serial] RX 128 bytes: 000000f8f800000000000000000000f8f800000000000000000000f8f800000000000000000000f8f800000000000000000000f8f800000000000000000000f8f800000000000000000000f8f800000000000000000000f8f800000000000000000000f8f800000000000000000000f8f800000000000000000000f8f8000000
02:09:42.176 [DEBUG] [serial] Sin header 0xAA, descartando 128 bytes: 000000f8f800000000000000000000f8
02:09:42.185 [DEBUG] [serial] RX 128 bytes: 00000000000000f8f800000000000000000000f8f800000000000000000000f8f800000000000000000000f8f800000000000000000000f8f800000000000000000000f8f800000000000000000000f8f800000000000000000000f8f800000000000000000000f8f800000000000000000000f8f800000000000000000000f8
02:09:42.185 [DEBUG] [serial] Sin header 0xAA, descartando 128 bytes: 00000000000000f8f800000000000000
02:09:42.194 [DEBUG] [serial] RX 128 bytes: f800000000000000000000f8f800000000000000000000f8f800000000000000000000f8f800000000000000000000f8f800000000000000000000f8f800000000000000000000f8f800000000000000000000f8f800000000000000000000f8f800000000000000000000f8f800000000000000000000f8f800000000000000
02:09:42.194 [DEBUG] [serial] Sin header 0xAA, descartando 128 bytes: f800000000000000000000f8f8000000
02:09:42.203 [DEBUG] [serial] RX 128 bytes: 000000f8f800000000000000000000f8f800000000000000000000f8f800000000000000000000f8f800000000000000000000f8f800000000000000000000f8f800000000000000000000f8f800000000000000000000f8f800000000000000000000f8f800000000000000000000f8f800000000000000000000f8f8000000
02:09:42.204 [DEBUG] [serial] Sin header 0xAA, descartando 128 bytes: 000000f8f800000000000000000000f8
02:09:42.213 [DEBUG] [serial] RX 128 bytes: 00000000000000f8f800000000000000000000f8f800000000000000000000f8f800000000000000000000f8f800000000000000000000f8f800000000000000000000f8f800000000000000000000f8f800000000000000000000f8f800000000000000000000f8f800000000000000000000f8f800000000000000000000f8
02:09:42.213 [DEBUG] [serial] Sin header 0xAA, descartando 128 bytes: 00000000000000f8f800000000000000
02:09:42.222 [DEBUG] [serial] RX 128 bytes: f800000000000000000000f8f800000000000000000000f8f800000000000000000000f8f800000000000000000000f8f800000000000000000000f8f800000000000000000000f8f800000000000000000000f8f800000000000000000000f8f800000000000000000000f8f800000000000000000000f8f800000000000000
02:09:42.222 [DEBUG] [serial] Sin header 0xAA, descartando 128 bytes: f800000000000000000000f8f8000000
02:09:42.231 [DEBUG] [serial] RX 128 bytes: 000000f8f800000000000000000000f8f800000000000000000000f8f800000000000000000000f8f800000000000000000000f8f800000000000000000000f8f800000000000000000000f8f800000000000000000000f8f800000000000000000000f8f800000000000000000000f8f800000000000000000000f8f8000000
02:09:42.232 [DEBUG] [serial] Sin header 0xAA, descartando 128 bytes: 000000f8f800000000000000000000f8
02:09:42.241 [DEBUG] [serial] RX 128 bytes: 00000000000000f8f800000000000000000000f8f800000000000000000000f8f800000000000000000000f8f800000000000000000000f8f800000000000000000000f8f800000000000000000000f8f800000000000000000000f8f800000000000000000000f8f800000000000000000000f8f800000000000000000000f8
02:09:42.241 [DEBUG] [serial] Sin header 0xAA, descartando 128 bytes: 00000000000000f8f800000000000000
02:09:42.250 [DEBUG] [serial] RX 128 bytes: f800000000000000000000f8f800000000000000000000f8f800000000000000000000f8f800000000000000000000f8f800000000000000000000f8f800000000000000000000f8f800000000000000000000f8f800000000000000000000f8f800000000000000000000f8f800000000000000000000f8f800000000000000
02:09:42.250 [DEBUG] [serial] Sin header 0xAA, descartando 128 bytes: f800000000000000000000f8f8000000
02:09:42.259 [DEBUG] [serial] RX 128 bytes: 000000f8f800000000000000000000f8f800000000000000000000f8f800000000000000000000f8f800000000000000000000f8f800000000000000000000f8f800000000000000000000f8f800000000000000000000f8f800000000000000000000f8f800000000000000000000f8f800000000000000000000f8f8000000
02:09:42.259 [DEBUG] [serial] Sin header 0xAA, descartando 128 bytes: 000000f8f800000000000000000000f8
02:09:42.269 [DEBUG] [serial] RX 128 bytes: 00000000000000f8f800000000000000000000f8f800000000000000000000f8f800000000000000000000f8f800000000000000000000f8f800000000000000000000f8f800000000000000000000f8f800000000000000000000f8f800000000000000000000f8f800000000000000000000f8f800000000000000000000f8
02:09:42.269 [DEBUG] [serial] Sin header 0xAA, descartando 128 bytes: 00000000000000f8f800000000000000
02:09:42.278 [DEBUG] [serial] RX 128 bytes: f800000000000000000000f8f800000000000000000000f8f800000000000000000000f8f800000000000000000000f8f800000000000000000000f8f800000000000000000000f8f800000000000000000000f8f800000000000000000000f8f800000000000000000000f8f800000000000000000000f8f800000000000000
02:09:42.278 [DEBUG] [serial] Sin header 0xAA, descartando 128 bytes: f800000000000000000000f8f8000000
02:09:42.287 [DEBUG] [serial] RX 128 bytes: 000000f8f800000000000000000000f8f800000000000000000000f8f800000000000000000000f8f800000000000000000000f8f800000000000000000000f8f800000000000000000000f8f800000000000000000000f8f800000000000000000000f8f800000000000000000000f8f800000000000000000000f8f8000000
02:09:42.287 [DEBUG] [serial] Sin header 0xAA, descartando 128 bytes: 000000f8f800000000000000000000f8
02:09:42.297 [DEBUG] [serial] RX 128 bytes: 00000000000000f8f800000000000000000000f8f800000000000000000000f8f800000000000000000000f8f800000000000000000000f8f800000000000000000000f8f800000000000000000000f8f800000000000000000000f8f800000000000000000000f8f800000000000000000000f8f800000000000000000000f8
02:09:42.297 [DEBUG] [serial] Sin header 0xAA, descartando 128 bytes: 00000000000000f8f800000000000000
02:09:42.306 [DEBUG] [serial] RX 128 bytes: f800000000000000000000f8f800000000000000000000f8f800000000000000000000f8f800000000000000000000f8f800000000000000000000f8f800000000000000000000f8f800000000000000000000f8f800000000000000000000f8f800000000000000000000f8f800000000000000000000f8f800000000000000
02:09:42.306 [DEBUG] [serial] Sin header 0xAA, descartando 128 bytes: f800000000000000000000f8f8000000
02:09:42.315 [DEBUG] [serial] RX 128 bytes: 000000f8f800000000000000000000f8f800000000000000000000f8f800000000000000000000f8f800000000000000000000f8f800000000000000000000f8f800000000000000000000f8f800000000000000000000f8f800000000000000000000f8f800000000000000000000f8f800000000000000000000f8f8000000
02:09:42.315 [DEBUG] [serial] Sin header 0xAA, descartando 128 bytes: 000000f8f800000000000000000000f8
02:09:42.325 [DEBUG] [serial] RX 128 bytes: 00000000000000f8f800000000000000000000f8f800000000000000000000f8f800000000000000000000f8f800000000000000000000f8f800000000000000000000f8f800000000000000000000f8f800000000000000000000f8f800000000000000000000f8f800000000000000000000f8f800000000000000000000f8
02:09:42.325 [DEBUG] [serial] Sin header 0xAA, descartando 128 bytes: 00000000000000f8f800000000000000
02:09:42.334 [DEBUG] [serial] RX 128 bytes: f800000000000000000000f8f800000000000000000000f8f800000000000000000000f8f800000000000000000000f8f800000000000000000000f8f800000000000000000000f8f800000000000000000000f8f800000000000000000000f8f800000000000000000000f8f800000000000000000000f8f800000000000000
02:09:42.334 [DEBUG] [serial] Sin header 0xAA, descartando 128 bytes: f800000000000000000000f8f8000000
02:09:42.343 [DEBUG] [serial] RX 128 bytes: 000000f8f800000000000000000000f8f800000000000000000000f8f800000000000000000000f8f800000000000000000000f8f800000000000000000000f8f800000000000000000000f8f800000000000000000000f8f800000000000000000000f8f800000000000000000000f8f800000000000000000000f8f8000000
02:09:42.343 [DEBUG] [serial] Sin header 0xAA, descartando 128 bytes: 000000f8f800000000000000000000f8
02:09:42.352 [DEBUG] [serial] RX 128 bytes: 00000000000000f8f800000000000000000000f8f800000000000000000000f8f800000000000000000000f8f800000000000000000000f8f800000000000000000000f8f800000000000000000000f8f800000000000000000000f8f800000000000000000000f8f800000000000000000000f8f800000000000000000000f8
02:09:42.353 [DEBUG] [serial] Sin header 0xAA, descartando 128 bytes: 00000000000000f8f800000000000000
02:09:42.362 [DEBUG] [serial] RX 128 bytes: f800000000000000000000f8f800000000000000000000f8f800000000000000000000f8f800000000000000000000f8f800000000000000000000f8f800000000000000000000f8f800000000000000000000f8f800000000000000000000f8f800000000000000000000f8f800000000000000000000f8f800000000000000
02:09:42.362 [DEBUG] [serial] Sin header 0xAA, descartando 128 bytes: f800000000000000000000f8f8000000
02:09:42.371 [DEBUG] [serial] RX 128 bytes: 000000f8f800000000000000000000f8f800000000000000000000f8f800000000000000000000f8f800000000000000000000f8f800000000000000000000f8f800000000000000000000f8f800000000000000000000f8f800000000000000000000f8f800000000000000000000f8f800000000000000000000f8f8000000
02:09:42.371 [DEBUG] [serial] Sin header 0xAA, descartando 128 bytes: 000000f8f800000000000000000000f8
02:09:42.380 [DEBUG] [serial] RX 128 bytes: 00000000000000f8f800000000000000000000f8f800000000000000000000f8f800000000000000000000f8f800000000000000000000f8f800000000000000000000f8f800000000000000000000f8f800000000000000000000f8f800000000000000000000f8f800000000000000000000f8f800000000000000000000f8
02:09:42.381 [DEBUG] [serial] Sin header 0xAA, descartando 128 bytes: 00000000000000f8f800000000000000
02:09:42.390 [DEBUG] [serial] RX 128 bytes: f800000000000000000000f8f800000000000000000000f8f800000000000000000000f8f800000000000000000000f8f800000000000000000000f8f800000000000000000000f8f800000000000000000000f8f800000000000000000000f8f800000000000000000000f8f800000000000000000000f8f800000000000000
02:09:42.390 [DEBUG] [serial] Sin header 0xAA, descartando 128 bytes: f800000000000000000000f8f8000000
02:09:42.399 [DEBUG] [serial] RX 128 bytes: 000000f8f800000000000000000000f8f800000000000000000000f8f800000000000000000000f8f800000000000000000000f8f800000000000000000000f8f800000000000000000000f8f800000000000000000000f8f800000000000000000000f8f800000000000000000000f8f800000000000000000000f8f8000000
02:09:42.399 [DEBUG] [serial] Sin header 0xAA, descartando 128 bytes: 000000f8f800000000000000000000f8
02:09:42.408 [DEBUG] [serial] RX 128 bytes: 00000000000000f8f800000000000000000000f8f800000000000000000000f8f800000000000000000000f8f800000000000000000000f8f800000000000000000000f8f800000000000000000000f8f800000000000000000000f8f800000000000000000000f8f800000000000000000000f8f800000000000000000000f8
02:09:42.408 [DEBUG] [serial] Sin header 0xAA, descartando 128 bytes: 00000000000000f8f800000000000000
02:09:42.418 [DEBUG] [serial] RX 128 bytes: f800000000000000000000f8f800000000000000000000f8f800000000000000000000f8f800000000000000000000f8f800000000000000000000f8f800000000000000000000f8f800000000000000000000f8f800000000000000000000f8f800000000000000000000f8f800000000000000000000f8f800000000000000
02:09:42.418 [DEBUG] [serial] Sin header 0xAA, descartando 128 bytes: f800000000000000000000f8f8000000
02:09:42.427 [DEBUG] [serial] RX 128 bytes: 000000f8f800000000000000000000f8f800000000000000000000f8f800000000000000000000f8f800000000000000000000f8f800000000000000000000f8f800000000000000000000f8f800000000000000000000f8f800000000000000000000f8f800000000000000000000f8f800000000000000000000f8f8000000
02:09:42.427 [DEBUG] [serial] Sin header 0xAA, descartando 128 bytes: 000000f8f800000000000000000000f8
02:09:42.436 [DEBUG] [serial] RX 128 bytes: 00000000000000f8f800000000000000000000f8f800000000000000000000f8f800000000000000000000f8f800000000000000000000f8f800000000000000000000f8f800000000000000000000f8f800000000000000000000f8f800000000000000000000f8f800000000000000000000f8f800000000000000000000f8
02:09:42.436 [DEBUG] [serial] Sin header 0xAA, descartando 128 bytes: 00000000000000f8f800000000000000
02:09:42.446 [DEBUG] [serial] RX 128 bytes: f800000000000000000000f8f800000000000000000000f8f800000000000000000000f8f800000000000000000000f8f800000000000000000000f8f800000000000000000000f8f800000000000000000000f8f800000000000000000000f8f800000000000000000000f8f800000000000000000000f8f800000000000000
02:09:42.446 [DEBUG] [serial] Sin header 0xAA, descartando 128 bytes: f800000000000000000000f8f8000000
02:09:42.455 [DEBUG] [serial] RX 128 bytes: 000000f8f800000000000000000000f8f800000000000000000000f8f800000000000000000000f8f800000000000000000000f8f800000000000000000000f8f800000000000000000000f8f800000000000000000000f8f800000000000000000000f8f800000000000000000000f8f800000000000000000000f8f8000000
02:09:42.455 [DEBUG] [serial] Sin header 0xAA, descartando 128 bytes: 000000f8f800000000000000000000f8
02:09:42.464 [DEBUG] [serial] RX 128 bytes: 00000000000000f8f800000000000000000000f8f800000000000000000000f8f800000000000000000000f8f800000000000000000000f8f800000000000000000000f8f800000000000000000000f8f800000000000000000000f8f800000000000000000000f8f800000000000000000000f8f800000000000000000000f8
02:09:42.464 [DEBUG] [serial] Sin header 0xAA, descartando 128 bytes: 00000000000000f8f800000000000000
02:09:42.474 [DEBUG] [serial] RX 128 bytes: f800000000000000000000f8f800000000000000000000f8f800000000000000000000f8f800000000000000000000f8f800000000000000000000f8f800000000000000000000f8f800000000000000000000f8f800000000000000000000f8f800000000000000000000f8f800000000000000000000f8f800000000000000
02:09:42.474 [DEBUG] [serial] Sin header 0xAA, descartando 128 bytes: f800000000000000000000f8f8000000
02:09:42.483 [DEBUG] [serial] RX 128 bytes: 000000f8f800000000000000000000f8f800000000000000000000f8f800000000000000000000f8f800000000000000000000f8f800000000000000000000f8f800000000000000000000f8f800000000000000000000f8f800000000000000000000f8f800000000000000000000f8f800000000000000000000f8f8000000
02:09:42.483 [DEBUG] [serial] Sin header 0xAA, descartando 128 bytes: 000000f8f800000000000000000000f8
02:09:42.492 [DEBUG] [serial] RX 128 bytes: 00000000000000f8f800000000000000000000f8f800000000000000000000f8f800000000000000000000f8f800000000000000000000f8f800000000000000000000f8f800000000000000000000f8f800000000000000000000f8f800000000000000000000f8f800000000000000000000f8f800000000000000000000f8
02:09:42.492 [DEBUG] [serial] Sin header 0xAA, descartando 128 bytes: 00000000000000f8f800000000000000
02:09:42.501 [DEBUG] [serial] RX 128 bytes: f800000000000000000000f8f800000000000000000000f8f800000000000000000000f8f800000000000000000000f8f800000000000000000000f8f800000000000000000000f8f800000000000000000000f8f800000000000000000000f8f800000000000000000000f8f800000000000000000000f8f800000000000000
02:09:42.501 [DEBUG] [serial] Sin header 0xAA, descartando 128 bytes: f800000000000000000000f8f8000000
02:09:42.511 [DEBUG] [serial] RX 128 bytes: 000000f8f800000000000000000000f8f800000000000000000000f8f800000000000000000000f8f800000000000000000000f8f800000000000000000000f8f800000000000000000000f8f800000000000000000000f8f800000000000000000000f8f800000000000000000000f8f800000000000000000000f8f8000000
02:09:42.511 [DEBUG] [serial] Sin header 0xAA, descartando 128 bytes: 000000f8f800000000000000000000f8
02:09:42.520 [DEBUG] [serial] RX 128 bytes: 00000000000000f8f800000000000000000000f8f800000000000000000000f8f800000000000000000000f8f800000000000000000000f8f800000000000000000000f8f800000000000000000000f8f800000000000000000000f8f800000000000000000000f8f800000000000000000000f8f800000000000000000000f8
02:09:42.520 [DEBUG] [serial] Sin header 0xAA, descartando 128 bytes: 00000000000000f8f800000000000000
02:09:42.529 [DEBUG] [serial] RX 128 bytes: f800000000000000000000f8f800000000000000000000f8f800000000000000000000f8f800000000000000000000f8f800000000000000000000f8f800000000000000000000f8f800000000000000000000f8f800000000000000000000f8f800000000000000000000f8f800000000000000000000f8f800000000000000
02:09:42.530 [DEBUG] [serial] Sin header 0xAA, descartando 128 bytes: f800000000000000000000f8f8000000
02:09:42.539 [DEBUG] [serial] RX 128 bytes: 000000f8f800000000000000000000f8f800000000000000000000f8f800000000000000000000f8f800000000000000000000f8f800000000000000000000f8f800000000000000000000f8f800000000000000000000f8f800000000000000000000f8f800000000000000000000f8f800000000000000000000f8f8000000
02:09:42.539 [DEBUG] [serial] Sin header 0xAA, descartando 128 bytes: 000000f8f800000000000000000000f8
02:09:42.548 [DEBUG] [serial] RX 128 bytes: 00000000000000f8f800000000000000000000f8f800000000000000000000f8f800000000000000000000f8f800000000000000000000f8f800000000000000000000f8f800000000000000000000f8f800000000000000000000f8f800000000000000000000f8f800000000000000000000f8f800000000000000000000f8
02:09:42.548 [DEBUG] [serial] Sin header 0xAA, descartando 128 bytes: 00000000000000f8f800000000000000
02:09:42.557 [DEBUG] [serial] RX 128 bytes: f800000000000000000000f8f800000000000000000000f8f800000000000000000000f8f800000000000000000000f8f800000000000000000000f8f800000000000000000000f8f800000000000000000000f8f800000000000000000000f8f800000000000000000000f8f800000000000000000000f8f800000000000000
02:09:42.558 [DEBUG] [serial] Sin header 0xAA, descartando 128 bytes: f800000000000000000000f8f8000000
02:09:42.567 [DEBUG] [serial] RX 128 bytes: 000000f8f800000000000000000000f8f800000000000000000000f8f800000000000000000000f8f800000000000000000000f8f800000000000000000000f8f800000000000000000000f8f800000000000000000000f8f800000000000000000000f8f800000000000000000000f8f800000000000000000000f8f8000000
02:09:42.567 [DEBUG] [serial] Sin header 0xAA, descartando 128 bytes: 000000f8f800000000000000000000f8
02:09:42.576 [DEBUG] [serial] RX 128 bytes: 00000000000000f8f800000000000000000000f8f800000000000000000000f8f800000000000000000000f8f800000000000000000000f8f800000000000000000000f8f800000000000000000000f8f800000000000000000000f8f800000000000000000000f8f800000000000000000000f8f800000000000000000000f8
02:09:42.576 [DEBUG] [serial] Sin header 0xAA, descartando 128 bytes: 00000000000000f8f800000000000000
02:09:42.585 [DEBUG] [serial] RX 128 bytes: f800000000000000000000f8f800000000000000000000f8f800000000000000000000f8f800000000000000000000f8f800000000000000000000f8f800000000000000000000f8f800000000000000000000f8f800000000000000000000f8f800000000000000000000f8f800000000000000000000f8f800000000000000
02:09:42.585 [DEBUG] [serial] Sin header 0xAA, descartando 128 bytes: f800000000000000000000f8f8000000
02:09:42.595 [DEBUG] [serial] RX 128 bytes: 000000f8f800000000000000000000f8f800000000000000000000f8f800000000000000000000f8f800000000000000000000f8f800000000000000000000f8f800000000000000000000f8f800000000000000000000f8f800000000000000000000f8f800000000000000000000f8f800000000000000000000f8f8000000
02:09:42.595 [DEBUG] [serial] Sin header 0xAA, descartando 128 bytes: 000000f8f800000000000000000000f8
02:09:42.604 [DEBUG] [serial] RX 128 bytes: 00000000000000f8f800000000000000000000f8f800000000000000000000f8f800000000000000000000f8f800000000000000000000f8f800000000000000000000f8f800000000000000000000f8f800000000000000000000f8f800000000000000000000f8f800000000000000000000f8f800000000000000000000f8
02:09:42.604 [DEBUG] [serial] Sin header 0xAA, descartando 128 bytes: 00000000000000f8f800000000000000
02:09:42.613 [DEBUG] [serial] RX 128 bytes: f800000000000000000000f8f800000000000000000000f8f800000000000000000000f8f800000000000000000000f8f800000000000000000000f8f800000000000000000000f8f800000000000000000000f8f800000000000000000000f8f800000000000000000000f8f800000000000000000000f8f800000000000000
02:09:42.613 [DEBUG] [serial] Sin header 0xAA, descartando 128 bytes: f800000000000000000000f8f8000000
02:09:42.622 [DEBUG] [serial] RX 128 bytes: 000000f8f800000000000000000000f8f800000000000000000000f8f800000000000000000000f8f800000000000000000000f8f800000000000000000000f8f800000000000000000000f8f800000000000000000000f8f800000000000000000000f8f800000000000000000000f8f800000000000000000000f8f8000000
02:09:42.622 [DEBUG] [serial] Sin header 0xAA, descartando 128 bytes: 000000f8f800000000000000000000f8
02:09:42.632 [DEBUG] [serial] RX 128 bytes: 00000000000000f8f800000000000000000000f8f800000000000000000000f8f800000000000000000000f8f800000000000000000000f8f800000000000000000000f8f800000000000000000000f8f800000000000000000000f8f800000000000000000000f8f800000000000000000000f8f800000000000000000000f8
02:09:42.632 [DEBUG] [serial] Sin header 0xAA, descartando 128 bytes: 00000000000000f8f800000000000000
02:09:42.641 [DEBUG] [serial] RX 128 bytes: f800000000000000000000f8f800000000000000000000f8f800000000000000000000f8f800000000000000000000f8f800000000000000000000f8f800000000000000000000f8f800000000000000000000f8f800000000000000000000f8f800000000000000000000f8f800000000000000000000f8f800000000000000
02:09:42.641 [DEBUG] [serial] Sin header 0xAA, descartando 128 bytes: f800000000000000000000f8f8000000
02:09:42.651 [DEBUG] [serial] RX 128 bytes: 000000f8f800000000000000000000f8f800000000000000000000f8f800000000000000000000f8f800000000000000000000f8f800000000000000000000f8f800000000000000000000f8f800000000000000000000f8f800000000000000000000f8f800000000000000000000f8f800000000000000000000f8f8000000
02:09:42.651 [DEBUG] [serial] Sin header 0xAA, descartando 128 bytes: 000000f8f800000000000000000000f8
02:09:42.660 [DEBUG] [serial] RX 128 bytes: 00000000000000f8f800000000000000000000f8f800000000000000000000f8f800000000000000000000f8f800000000000000000000f8f800000000000000000000f8f800000000000000000000f8f800000000000000000000f8f800000000000000000000f8f800000000000000000000f8f800000000000000000000f8
02:09:42.660 [DEBUG] [serial] Sin header 0xAA, descartando 128 bytes: 00000000000000f8f800000000000000
02:09:42.669 [DEBUG] [serial] RX 128 bytes: f800000000000000000000f8f800000000000000000000f8f800000000000000000000f8f800000000000000000000f8f800000000000000000000f8f800000000000000000000f8f800000000000000000000f8f800000000000000000000f8f800000000000000000000f8f800000000000000000000f8f800000000000000
02:09:42.669 [DEBUG] [serial] Sin header 0xAA, descartando 128 bytes: f800000000000000000000f8f8000000
02:09:42.678 [DEBUG] [serial] RX 128 bytes: 000000f8f800000000000000000000f8f800000000000000000000f8f800000000000000000000f8f800000000000000000000f8f800000000000000000000f8f800000000000000000000f8f800000000000000000000f8f800000000000000000000f8f800000000000000000000f8f800000000000000000000f8f8000000
02:09:42.679 [DEBUG] [serial] Sin header 0xAA, descartando 128 bytes: 000000f8f800000000000000000000f8
02:09:42.687 [DEBUG] [serial] RX 128 bytes: 00000000000000f8f800000000000000000000f8f800000000000000000000f8f800000000000000000000f8f800000000000000000000f8f800000000000000000000f8f800000000000000000000f8f800000000000000000000f8f800000000000000000000f8f800000000000000000000f8f800000000000000000000f8
02:09:42.688 [DEBUG] [serial] Sin header 0xAA, descartando 128 bytes: 00000000000000f8f800000000000000
02:09:42.697 [DEBUG] [serial] RX 128 bytes: f800000000000000000000f8f800000000000000000000f8f800000000000000000000f8f800000000000000000000f8f800000000000000000000f8f800000000000000000000f8f800000000000000000000f8f800000000000000000000f8f800000000000000000000f8f800000000000000000000f8f800000000000000
02:09:42.697 [DEBUG] [serial] Sin header 0xAA, descartando 128 bytes: f800000000000000000000f8f8000000
02:09:42.706 [DEBUG] [serial] RX 128 bytes: 000000f8f800000000000000000000f8f800000000000000000000f8f800000000000000000000f8f800000000000000000000f8f800000000000000000000f8f800000000000000000000f8f800000000000000000000f8f800000000000000000000f8f800000000000000000000f8f800000000000000000000f8f8000000
02:09:42.706 [DEBUG] [serial] Sin header 0xAA, descartando 128 bytes: 000000f8f800000000000000000000f8
02:09:42.716 [DEBUG] [serial] RX 128 bytes: 00000000000000f8f800000000000000000000f8f800000000000000000000f8f800000000000000000000f8f800000000000000000000f8f800000000000000000000f8f800000000000000000000f8f800000000000000000000f8f800000000000000000000f8f800000000000000000000f8f800000000000000000000f8
02:09:42.716 [DEBUG] [serial] Sin header 0xAA, descartando 128 bytes: 00000000000000f8f800000000000000
02:09:42.725 [DEBUG] [serial] RX 128 bytes: f800000000000000000000f8f800000000000000000000f8f800000000000000000000f8f800000000000000000000f8f800000000000000000000f8f800000000000000000000f8f800000000000000000000f8f800000000000000000000f8f800000000000000000000f8f800000000000000000000f8f800000000000000
02:09:42.725 [DEBUG] [serial] Sin header 0xAA, descartando 128 bytes: f800000000000000000000f8f8000000
02:09:42.735 [DEBUG] [serial] RX 128 bytes: 000000f8f800000000000000000000f8f800000000000000000000f8f800000000000000000000f8f800000000000000000000f8f800000000000000000000f8f800000000000000000000f8f800000000000000000000f8f800000000000000000000f8f800000000000000000000f8f800000000000000000000f8f8000000
02:09:42.735 [DEBUG] [serial] Sin header 0xAA, descartando 128 bytes: 000000f8f800000000000000000000f8
02:09:42.744 [DEBUG] [serial] RX 128 bytes: 00000000000000f8f800000000000000000000f8f800000000000000000000f8f800000000000000000000f8f800000000000000000000f8f800000000000000000000f8f800000000000000000000f8f800000000000000000000f8f800000000000000000000f8f800000000000000000000f8f800000000000000000000f8
02:09:42.744 [DEBUG] [serial] Sin header 0xAA, descartando 128 bytes: 00000000000000f8f800000000000000
02:09:42.753 [DEBUG] [serial] RX 128 bytes: f800000000000000000000f8f800000000000000000000f8f800000000000000000000f8f800000000000000000000f8f800000000000000000000f8f800000000000000000000f8f800000000000000000000f8f800000000000000000000f8f800000000000000000000f8f800000000000000000000f8f800000000000000
02:09:42.753 [DEBUG] [serial] Sin header 0xAA, descartando 128 bytes: f800000000000000000000f8f8000000
02:09:42.762 [DEBUG] [serial] RX 128 bytes: 000000f8f800000000000000000000f8f800000000000000000000f8f800000000000000000000f8f800000000000000000000f8f800000000000000000000f8f800000000000000000000f8f800000000000000000000f8f800000000000000000000f8f800000000000000000000f8f800000000000000000000f8f8000000
02:09:42.762 [DEBUG] [serial] Sin header 0xAA, descartando 128 bytes: 000000f8f800000000000000000000f8
02:09:42.771 [DEBUG] [serial] RX 128 bytes: 00000000000000f8f800000000000000000000f8f800000000000000000000f8f800000000000000000000f8f800000000000000000000f8f800000000000000000000f8f800000000000000000000f8f800000000000000000000f8f800000000000000000000f8f800000000000000000000f8f800000000000000000000f8
02:09:42.771 [DEBUG] [serial] Sin header 0xAA, descartando 128 bytes: 00000000000000f8f800000000000000
02:09:42.781 [DEBUG] [serial] RX 128 bytes: f800000000000000000000f8f800000000000000000000f8f800000000000000000000f8f800000000000000000000f8f800000000000000000000f8f800000000000000000000f8f800000000000000000000f8f800000000000000000000f8f800000000000000000000f8f800000000000000000000f8f800000000000000
02:09:42.781 [DEBUG] [serial] Sin header 0xAA, descartando 128 bytes: f800000000000000000000f8f8000000
02:09:42.790 [DEBUG] [serial] RX 128 bytes: 000000f8f800000000000000000000f8f800000000000000000000f8f800000000000000000000f8f800000000000000000000f8f800000000000000000000f8f800000000000000000000f8f800000000000000000000f8f800000000000000000000f8f800000000000000000000f8f800000000000000000000f8f8000000
02:09:42.790 [DEBUG] [serial] Sin header 0xAA, descartando 128 bytes: 000000f8f800000000000000000000f8
02:09:42.799 [DEBUG] [serial] RX 128 bytes: 00000000000000f8f800000000000000000000f8f800000000000000000000f8f800000000000000000000f8f800000000000000000000f8f800000000000000000000f8f800000000000000000000f8f800000000000000000000f8f800000000000000000000f8f800000000000000000000f8f800000000000000000000f8
02:09:42.800 [DEBUG] [serial] Sin header 0xAA, descartando 128 bytes: 00000000000000f8f800000000000000
02:09:42.809 [DEBUG] [serial] RX 128 bytes: f800000000000000000000f8f800000000000000000000f8f800000000000000000000f8f800000000000000000000f8f800000000000000000000f8f800000000000000000000f8f800000000000000000000f8f800000000000000000000f8f800000000000000000000f8f800000000000000000000f8f800000000000000
02:09:42.809 [DEBUG] [serial] Sin header 0xAA, descartando 128 bytes: f800000000000000000000f8f8000000
02:09:42.818 [DEBUG] [serial] RX 128 bytes: 000000f8f800000000000000000000f8f800000000000000000000f8f800000000000000000000f8f800000000000000000000f8f800000000000000000000f8f800000000000000000000f8f800000000000000000000f8f800000000000000000000f8f800000000000000000000f8f800000000000000000000f8f8000000
02:09:42.818 [DEBUG] [serial] Sin header 0xAA, descartando 128 bytes: 000000f8f800000000000000000000f8
02:09:42.828 [DEBUG] [serial] RX 128 bytes: 00000000000000f8f800000000000000000000f8f800000000000000000000f8f800000000000000000000f8f800000000000000000000f8f800000000000000000000f8f800000000000000000000f8f800000000000000000000f8f800000000000000000000f8f800000000000000000000f8f800000000000000000000f8
02:09:42.828 [DEBUG] [serial] Sin header 0xAA, descartando 128 bytes: 00000000000000f8f800000000000000
02:09:42.836 [DEBUG] [serial] RX 128 bytes: f800000000000000000000f8f800000000000000000000f8f800000000000000000000f8f800000000000000000000f8f800000000000000000000f8f800000000000000000000f8f800000000000000000000f8f800000000000000000000f8f800000000000000000000f8f800000000000000000000f8f800000000000000
02:09:42.837 [DEBUG] [serial] Sin header 0xAA, descartando 128 bytes: f800000000000000000000f8f8000000
02:09:42.846 [DEBUG] [serial] RX 128 bytes: 000000f8f800000000000000000000f8f800000000000000000000f8f800000000000000000000f8f800000000000000000000f8f800000000000000000000f8f800000000000000000000f8f800000000000000000000f8f800000000000000000000f8f800000000000000000000f8f800000000000000000000f8f8000000
02:09:42.846 [DEBUG] [serial] Sin header 0xAA, descartando 128 bytes: 000000f8f800000000000000000000f8
02:09:42.855 [DEBUG] [serial] RX 128 bytes: 00000000000000f8f800000000000000000000f8f800000000000000000000f8f800000000000000000000f8f800000000000000000000f8f800000000000000000000f8f800000000000000000000f8f800000000000000000000f8f800000000000000000000f8f800000000000000000000f8f800000000000000000000f8
02:09:42.855 [DEBUG] [serial] Sin header 0xAA, descartando 128 bytes: 00000000000000f8f800000000000000
02:09:42.864 [DEBUG] [serial] RX 128 bytes: f800000000000000000000f8f800000000000000000000f8f800000000000000000000f8f800000000000000000000f8f800000000000000000000f8f800000000000000000000f8f800000000000000000000f8f800000000000000000000f8f800000000000000000000f8f800000000000000000000f8f800000000000000
02:09:42.865 [DEBUG] [serial] Sin header 0xAA, descartando 128 bytes: f800000000000000000000f8f8000000
02:09:42.865 [INFO] [serial] Stats: 0 pkts, 66048 bytes rx
02:09:42.874 [DEBUG] [serial] RX 128 bytes: 000000f8f800000000000000000000f8f800000000000000000000f8f800000000000000000000f8f800000000000000000000f8f800000000000000000000f8f800000000000000000000f8f800000000000000000000f8f800000000000000000000f8f800000000000000000000f8f800000000000000000000f8f8000000
02:09:42.874 [DEBUG] [serial] Sin header 0xAA, descartando 128 bytes: 000000f8f800000000000000000000f8
02:09:42.883 [DEBUG] [serial] RX 128 bytes: 00000000000000f8f800000000000000000000f8f800000000000000000000f8f800000000000000000000f8f800000000000000000000f8f800000000000000000000f8f800000000000000000000f8f800000000000000000000f8f800000000000000000000f8f800000000000000000000f8f800000000000000000000f8
02:09:42.883 [DEBUG] [serial] Sin header 0xAA, descartando 128 bytes: 00000000000000f8f800000000000000
02:09:42.892 [DEBUG] [serial] RX 128 bytes: f800000000000000000000f8f800000000000000000000f8f800000000000000000000f8f800000000000000000000f8f800000000000000000000f8f800000000000000000000f8f800000000000000000000f8f800000000000000000000f8f800000000000000000000f8f800000000000000000000f8f800000000000000
02:09:42.893 [DEBUG] [serial] Sin header 0xAA, descartando 128 bytes: f800000000000000000000f8f8000000
02:09:42.902 [DEBUG] [serial] RX 128 bytes: 000000f8f800000000000000000000f8f800000000000000000000f8f800000000000000000000f8f800000000000000000000f8f800000000000000000000f8f800000000000000000000f8f800000000000000000000f8f800000000000000000000f8f800000000000000000000f8f800000000000000000000f8f8000000
02:09:42.902 [DEBUG] [serial] Sin header 0xAA, descartando 128 bytes: 000000f8f800000000000000000000f8
02:09:42.911 [DEBUG] [serial] RX 128 bytes: 00000000000000f8f800000000000000000000f8f800000000000000000000f8f800000000000000000000f8f800000000000000000000f8f800000000000000000000f8f800000000000000000000f8f800000000000000000000f8f800000000000000000000f8f800000000000000000000f8f800000000000000000000f8
02:09:42.911 [DEBUG] [serial] Sin header 0xAA, descartando 128 bytes: 00000000000000f8f800000000000000
02:09:42.920 [DEBUG] [serial] RX 128 bytes: f800000000000000000000f8f800000000000000000000f8f800000000000000000000f8f800000000000000000000f8f800000000000000000000f8f800000000000000000000f8f800000000000000000000f8f800000000000000000000f8f800000000000000000000f8f800000000000000000000f8f800000000000000
02:09:42.920 [DEBUG] [serial] Sin header 0xAA, descartando 128 bytes: f800000000000000000000f8f8000000
02:09:42.930 [DEBUG] [serial] RX 128 bytes: 000000f8f800000000000000000000f8f800000000000000000000f8f800000000000000000000f8f800000000000000000000f8f800000000000000000000f8f800000000000000000000f8f800000000000000000000f8f800000000000000000000f8f800000000000000000000f8f800000000000000000000f8f8000000
02:09:42.931 [DEBUG] [serial] Sin header 0xAA, descartando 128 bytes: 000000f8f800000000000000000000f8
02:09:42.939 [DEBUG] [serial] RX 128 bytes: 00000000000000f8f800000000000000000000f8f800000000000000000000f8f800000000000000000000f8f800000000000000000000f8f800000000000000000000f8f800000000000000000000f8f800000000000000000000f8f800000000000000000000f8f800000000000000000000f8f800000000000000000000f8
02:09:42.939 [DEBUG] [serial] Sin header 0xAA, descartando 128 bytes: 00000000000000f8f800000000000000
02:09:42.948 [DEBUG] [serial] RX 128 bytes: f800000000000000000000f8f800000000000000000000f8f800000000000000000000f8f800000000000000000000f8f800000000000000000000f8f800000000000000000000f8f800000000000000000000f8f800000000000000000000f8f800000000000000000000f8f800000000000000000000f8f800000000000000
02:09:42.948 [DEBUG] [serial] Sin header 0xAA, descartando 128 bytes: f800000000000000000000f8f8000000
02:09:42.957 [DEBUG] [serial] RX 128 bytes: 000000f8f800000000000000000000f8f800000000000000000000f8f800000000000000000000f8f800000000000000000000f8f800000000000000000000f8f800000000000000000000f8f800000000000000000000f8f800000000000000000000f8f800000000000000000000f8f800000000000000000000f8f8000000
02:09:42.958 [DEBUG] [serial] Sin header 0xAA, descartando 128 bytes: 000000f8f800000000000000000000f8
02:09:42.967 [DEBUG] [serial] RX 128 bytes: 00000000000000f8f800000000000000000000f8f800000000000000000000f8f800000000000000000000f8f800000000000000000000f8f800000000000000000000f8f800000000000000000000f8f800000000000000000000f8f800000000000000000000f8f800000000000000000000f8f800000000000000000000f8
02:09:42.967 [DEBUG] [serial] Sin header 0xAA, descartando 128 bytes: 00000000000000f8f800000000000000
02:09:42.976 [DEBUG] [serial] RX 128 bytes: f800000000000000000000f8f800000000000000000000f8f800000000000000000000f8f800000000000000000000f8f800000000000000000000f8f800000000000000000000f8f800000000000000000000f8f800000000000000000000f8f800000000000000000000f8f800000000000000000000f8f800000000000000
02:09:42.976 [DEBUG] [serial] Sin header 0xAA, descartando 128 bytes: f800000000000000000000f8f8000000
02:09:42.985 [DEBUG] [serial] RX 128 bytes: 000000f8f800000000000000000000f8f800000000000000000000f8f800000000000000000000f8f800000000000000000000f8f800000000000000000000f8f800000000000000000000f8f800000000000000000000f8f800000000000000000000f8f800000000000000000000f8f800000000000000000000f8f8000000
02:09:42.986 [DEBUG] [serial] Sin header 0xAA, descartando 128 bytes: 000000f8f800000000000000000000f8
02:09:42.995 [DEBUG] [serial] RX 128 bytes: 00000000000000f8f800000000000000000000f8f800000000000000000000f8f800000000000000000000f8f800000000000000000000f8f800000000000000000000f8f800000000000000000000f8f800000000000000000000f8f800000000000000000000f8f800000000000000000000f8f800000000000000000000f8
02:09:42.995 [DEBUG] [serial] Sin header 0xAA, descartando 128 bytes: 00000000000000f8f800000000000000
02:09:43.004 [DEBUG] [serial] RX 128 bytes: f800000000000000000000f8f800000000000000000000f8f800000000000000000000f8f800000000000000000000f8f800000000000000000000f8f800000000000000000000f8f800000000000000000000f8f800000000000000000000f8f800000000000000000000f8f800000000000000000000f8f800000000000000
02:09:43.004 [DEBUG] [serial] Sin header 0xAA, descartando 128 bytes: f800000000000000000000f8f8000000
02:09:43.013 [DEBUG] [serial] RX 128 bytes: 000000f8f800000000000000000000f8f800000000000000000000f8f800000000000000000000f8f800000000000000000000f8f800000000000000000000f8f800000000000000000000f8f800000000000000000000f8f800000000000000000000f8f800000000000000000000f8f800000000000000000000f8f8000000
02:09:43.014 [DEBUG] [serial] Sin header 0xAA, descartando 128 bytes: 000000f8f800000000000000000000f8
02:09:43.023 [DEBUG] [serial] RX 128 bytes: 00000000000000f8f800000000000000000000f8f800000000000000000000f8f800000000000000000000f8f800000000000000000000f8f800000000000000000000f8f800000000000000000000f8f800000000000000000000f8f800000000000000000000f8f800000000000000000000f8f800000000000000000000f8
02:09:43.023 [DEBUG] [serial] Sin header 0xAA, descartando 128 bytes: 00000000000000f8f800000000000000
02:09:43.032 [DEBUG] [serial] RX 128 bytes: f800000000000000000000f8f800000000000000000000f8f800000000000000000000f8f800000000000000000000f8f800000000000000000000f8f800000000000000000000f8f800000000000000000000f8f800000000000000000000f8f800000000000000000000f8f800000000000000000000f8f800000000000000
02:09:43.032 [DEBUG] [serial] Sin header 0xAA, descartando 128 bytes: f800000000000000000000f8f8000000
02:09:43.041 [DEBUG] [serial] RX 128 bytes: 000000f8f800000000000000000000f8f800000000000000000000f8f800000000000000000000f8f800000000000000000000f8f800000000000000000000f8f800000000000000000000f8f800000000000000000000f8f800000000000000000000f8f800000000000000000000f8f800000000000000000000f8f8000000
02:09:43.041 [DEBUG] [serial] Sin header 0xAA, descartando 128 bytes: 000000f8f800000000000000000000f8
02:09:43.051 [DEBUG] [serial] RX 128 bytes: 00000000000000f8f800000000000000000000f8f800000000000000000000f8f800000000000000000000f8f800000000000000000000f8f800000000000000000000f8f800000000000000000000f8f800000000000000000000f8f800000000000000000000f8f800000000000000000000f8f800000000000000000000f8
02:09:43.051 [DEBUG] [serial] Sin header 0xAA, descartando 128 bytes: 00000000000000f8f800000000000000
02:09:43.060 [DEBUG] [serial] RX 128 bytes: f800000000000000000000f8f800000000000000000000f8f800000000000000000000f8f800000000000000000000f8f800000000000000000000f8f800000000000000000000f8f800000000000000000000f8f800000000000000000000f8f800000000000000000000f8f800000000000000000000f8f800000000000000
02:09:43.060 [DEBUG] [serial] Sin header 0xAA, descartando 128 bytes: f800000000000000000000f8f8000000
02:09:43.069 [DEBUG] [serial] RX 128 bytes: 000000f8f800000000000000000000f8f800000000000000000000f8f800000000000000000000f8f800000000000000000000f8f800000000000000000000f8f800000000000000000000f8f800000000000000000000f8f800000000000000000000f8f800000000000000000000f8f800000000000000000000f8f8000000
02:09:43.069 [DEBUG] [serial] Sin header 0xAA, descartando 128 bytes: 000000f8f800000000000000000000f8
02:09:43.079 [DEBUG] [serial] RX 128 bytes: 00000000000000f8f800000000000000000000f8f800000000000000000000f8f800000000000000000000f8f800000000000000000000f8f800000000000000000000f8f800000000000000000000f8f800000000000000000000f8f800000000000000000000f8f800000000000000000000f8f800000000000000000000f8
02:09:43.079 [DEBUG] [serial] Sin header 0xAA, descartando 128 bytes: 00000000000000f8f800000000000000
02:09:43.088 [DEBUG] [serial] RX 128 bytes: f800000000000000000000f8f800000000000000000000f8f800000000000000000000f8f800000000000000000000f8f800000000000000000000f8f800000000000000000000f8f800000000000000000000f8f800000000000000000000f8f800000000000000000000f8f800000000000000000000f8f800000000000000
02:09:43.088 [DEBUG] [serial] Sin header 0xAA, descartando 128 bytes: f800000000000000000000f8f8000000
02:09:43.097 [DEBUG] [serial] RX 128 bytes: 000000f8f800000000000000000000f8f800000000000000000000f8f800000000000000000000f8f800000000000000000000f8f800000000000000000000f8f800000000000000000000f8f800000000000000000000f8f800000000000000000000f8f800000000000000000000f8f800000000000000000000f8f8000000
02:09:43.098 [DEBUG] [serial] Sin header 0xAA, descartando 128 bytes: 000000f8f800000000000000000000f8
02:09:43.107 [DEBUG] [serial] RX 128 bytes: 00000000000000f8f800000000000000000000f8f800000000000000000000f8f800000000000000000000f8f800000000000000000000f8f800000000000000000000f8f800000000000000000000f8f800000000000000000000f8f800000000000000000000f8f800000000000000000000f8f800000000000000000000f8
02:09:43.107 [DEBUG] [serial] Sin header 0xAA, descartando 128 bytes: 00000000000000f8f800000000000000
02:09:43.116 [DEBUG] [serial] RX 128 bytes: f800000000000000000000f8f800000000000000000000f8f800000000000000000000f8f800000000000000000000f8f800000000000000000000f8f800000000000000000000f8f800000000000000000000f8f800000000000000000000f8f800000000000000000000f8f800000000000000000000f8f800000000000000
02:09:43.117 [DEBUG] [serial] Sin header 0xAA, descartando 128 bytes: f800000000000000000000f8f8000000
02:09:43.125 [DEBUG] [serial] RX 128 bytes: 000000f8f800000000000000000000f8f800000000000000000000f8f800000000000000000000f8f800000000000000000000f8f800000000000000000000f8f800000000000000000000f8f800000000000000000000f8f800000000000000000000f8f800000000000000000000f8f800000000000000000000f8f8000000
02:09:43.125 [DEBUG] [serial] Sin header 0xAA, descartando 128 bytes: 000000f8f800000000000000000000f8
02:09:43.134 [DEBUG] [serial] RX 128 bytes: 00000000000000f8f800000000000000000000f8f800000000000000000000f8f800000000000000000000f8f800000000000000000000f8f800000000000000000000f8f800000000000000000000f8f800000000000000000000f8f800000000000000000000f8f800000000000000000000f8f800000000000000000000f8
02:09:43.135 [DEBUG] [serial] Sin header 0xAA, descartando 128 bytes: 00000000000000f8f800000000000000
02:09:43.144 [DEBUG] [serial] RX 128 bytes: f800000000000000000000f8f800000000000000000000f8f800000000000000000000f8f800000000000000000000f8f800000000000000000000f8f800000000000000000000f8f800000000000000000000f8f800000000000000000000f8f800000000000000000000f8f800000000000000000000f8f800000000000000
02:09:43.144 [DEBUG] [serial] Sin header 0xAA, descartando 128 bytes: f800000000000000000000f8f8000000
02:09:43.153 [DEBUG] [serial] RX 128 bytes: 000000f8f800000000000000000000f8f800000000000000000000f8f800000000000000000000f8f800000000000000000000f8f800000000000000000000f8f800000000000000000000f8f800000000000000000000f8f800000000000000000000f8f800000000000000000000f8f800000000000000000000f8f8000000
02:09:43.153 [DEBUG] [serial] Sin header 0xAA, descartando 128 bytes: 000000f8f800000000000000000000f8
02:09:43.162 [DEBUG] [serial] RX 128 bytes: 00000000000000f8f800000000000000000000f8f800000000000000000000f8f800000000000000000000f8f800000000000000000000f8f800000000000000000000f8f800000000000000000000f8f800000000000000000000f8f800000000000000000000f8f800000000000000000000f8f800000000000000000000f8
02:09:43.163 [DEBUG] [serial] Sin header 0xAA, descartando 128 bytes: 00000000000000f8f800000000000000
02:09:43.172 [DEBUG] [serial] RX 128 bytes: f800000000000000000000f8f800000000000000000000f8f800000000000000000000f8f800000000000000000000f8f800000000000000000000f8f800000000000000000000f8f800000000000000000000f8f800000000000000000000f8f800000000000000000000f8f800000000000000000000f8f800000000000000
02:09:43.172 [DEBUG] [serial] Sin header 0xAA, descartando 128 bytes: f800000000000000000000f8f8000000
02:09:43.181 [DEBUG] [serial] RX 128 bytes: 000000f8f800000000000000000000f8f800000000000000000000f8f800000000000000000000f8f800000000000000000000f8f800000000000000000000f8f800000000000000000000f8f800000000000000000000f8f800000000000000000000f8f800000000000000000000f8f800000000000000000000f8f8000000
02:09:43.181 [DEBUG] [serial] Sin header 0xAA, descartando 128 bytes: 000000f8f800000000000000000000f8
02:09:43.190 [DEBUG] [serial] RX 128 bytes: 00000000000000f8f800000000000000000000f8f800000000000000000000f8f800000000000000000000f8f800000000000000000000f8f800000000000000000000f8f800000000000000000000f8f800000000000000000000f8f800000000000000000000f8f800000000000000000000f8f800000000000000000000f8
02:09:43.191 [DEBUG] [serial] Sin header 0xAA, descartando 128 bytes: 00000000000000f8f800000000000000
02:09:43.200 [DEBUG] [serial] RX 128 bytes: f800000000000000000000f8f800000000000000000000f8f800000000000000000000f8f800000000000000000000f8f800000000000000000000f8f800000000000000000000f8f800000000000000000000f8f800000000000000000000f8f800000000000000000000f8f800000000000000000000f8f800000000000000
02:09:43.200 [DEBUG] [serial] Sin header 0xAA, descartando 128 bytes: f800000000000000000000f8f8000000
02:09:43.209 [DEBUG] [serial] RX 128 bytes: 000000f8f800000000000000000000f8f800000000000000000000f8f800000000000000000000f8f800000000000000000000f8f800000000000000000000f8f800000000000000000000f8f800000000000000000000f8f800000000000000000000f8f800000000000000000000f8f800000000000000000000f8f8000000
02:09:43.210 [DEBUG] [serial] Sin header 0xAA, descartando 128 bytes: 000000f8f800000000000000000000f8
02:09:43.218 [DEBUG] [serial] RX 128 bytes: 00000000000000f8f800000000000000000000f8f800000000000000000000f8f800000000000000000000f8f800000000000000000000f8f800000000000000000000f8f800000000000000000000f8f800000000000000000000f8f800000000000000000000f8f800000000000000000000f8f800000000000000000000f8
02:09:43.218 [DEBUG] [serial] Sin header 0xAA, descartando 128 bytes: 00000000000000f8f800000000000000
02:09:43.228 [DEBUG] [serial] RX 128 bytes: f800000000000000000000f8f800000000000000000000f8f800000000000000000000f8f800000000000000000000f8f800000000000000000000f8f800000000000000000000f8f800000000000000000000f8f800000000000000000000f8f800000000000000000000f8f800000000000000000000f8f800000000000000
02:09:43.228 [DEBUG] [serial] Sin header 0xAA, descartando 128 bytes: f800000000000000000000f8f8000000
02:09:43.237 [DEBUG] [serial] RX 128 bytes: 000000f8f800000000000000000000f8f800000000000000000000f8f800000000000000000000f8f800000000000000000000f8f800000000000000000000f8f800000000000000000000f8f800000000000000000000f8f800000000000000000000f8f800000000000000000000f8f800000000000000000000f8f8000000
02:09:43.237 [DEBUG] [serial] Sin header 0xAA, descartando 128 bytes: 000000f8f800000000000000000000f8
02:09:43.246 [DEBUG] [serial] RX 128 bytes: 00000000000000f8f800000000000000000000f8f800000000000000000000f8f800000000000000000000f8f800000000000000000000f8f800000000000000000000f8f800000000000000000000f8f800000000000000000000f8f800000000000000000000f8f800000000000000000000f8f800000000000000000000f8
02:09:43.246 [DEBUG] [serial] Sin header 0xAA, descartando 128 bytes: 00000000000000f8f800000000000000
02:09:43.256 [DEBUG] [serial] RX 128 bytes: f800000000000000000000f8f800000000000000000000f8f800000000000000000000f8f800000000000000000000f8f800000000000000000000f8f800000000000000000000f8f800000000000000000000f8f800000000000000000000f8f800000000000000000000f8f800000000000000000000f8f800000000000000
02:09:43.256 [DEBUG] [serial] Sin header 0xAA, descartando 128 bytes: f800000000000000000000f8f8000000
02:09:43.265 [DEBUG] [serial] RX 128 bytes: 000000f8f800000000000000000000f8f800000000000000000000f8f800000000000000000000f8f800000000000000000000f8f800000000000000000000f8f800000000000000000000f8f800000000000000000000f8f800000000000000000000f8f800000000000000000000f8f800000000000000000000f8f8000000
02:09:43.265 [DEBUG] [serial] Sin header 0xAA, descartando 128 bytes: 000000f8f800000000000000000000f8
02:09:43.274 [DEBUG] [serial] RX 128 bytes: 00000000000000f8f800000000000000000000f8f800000000000000000000f8f800000000000000000000f8f800000000000000000000f8f800000000000000000000f8f800000000000000000000f8f800000000000000000000f8f800000000000000000000f8f800000000000000000000f8f800000000000000000000f8
02:09:43.274 [DEBUG] [serial] Sin header 0xAA, descartando 128 bytes: 00000000000000f8f800000000000000
02:09:43.278 [INFO] [GUI] Click MuxIn -> 1
02:09:43.278 [INFO] [serial] Encolando TX CMD_MUX_IN sel=1: bb0101
02:09:43.283 [INFO] [serial] TX CMD_MUX_IN sel=1: bb0101
02:09:43.284 [DEBUG] [serial] TX OK: 3 bytes escritos
02:09:43.284 [DEBUG] [serial] RX 128 bytes: f800000000000000000000f8f800000000000000000000f8f800000000000000000000f8f800000000000000000000f8f800000000000000000000f8f800000000000000000000f8f800000000000000000000f8f800000000000000000000f8f800000000000000000000f8f800000000000000000000f8f800000000000000
02:09:43.284 [DEBUG] [serial] Sin header 0xAA, descartando 128 bytes: f800000000000000000000f8f8000000
02:09:43.293 [DEBUG] [serial] RX 128 bytes: 000000f8f800000000000000000000f8f800000000000000000000f8f800000000000000000000f8f800000000000000000000f8f800000000000000000000f8f800000000000000000000f8f800000000000000000000f8f800000000000000000000f8f800000000000000000000f8f800000000000000000000f8f8000000
02:09:43.293 [DEBUG] [serial] Sin header 0xAA, descartando 128 bytes: 000000f8f800000000000000000000f8
02:09:43.303 [DEBUG] [serial] RX 128 bytes: 00000000000000f8f800000000000000000000f8f800000000000000000000f8f800000000000000000000f8f800000000000000000000f8f800000000000000000000f8f800000000000000000000f8f800000000000000000000f8f800000000000000000000f8f800000000000000000000f8f800000000000000000000f8
02:09:43.303 [DEBUG] [serial] Sin header 0xAA, descartando 128 bytes: 00000000000000f8f800000000000000
02:09:43.311 [DEBUG] [serial] RX 128 bytes: f800000000000000000000f8f800000000000000000000f8f800000000000000000000f8f800000000000000000000f8f800000000000000000000f8f800000000000000000000f8f800000000000000000000f8f800000000000000000000f8f800000000000000000000f8f800000000000000000000f8f800000000000000
02:09:43.312 [DEBUG] [serial] Sin header 0xAA, descartando 128 bytes: f800000000000000000000f8f8000000
02:09:43.321 [DEBUG] [serial] RX 128 bytes: 000000f8f800000000000000000000f8f800000000000000000000f8f800000000000000000000f8f800000000000000000000f8f800000000000000000000f8f800000000000000000000f8f800000000000000000000f8f800000000000000000000f8f800000000000000000000f8f800000000000000000000f8f8000000
02:09:43.321 [DEBUG] [serial] Sin header 0xAA, descartando 128 bytes: 000000f8f800000000000000000000f8
02:09:43.330 [DEBUG] [serial] RX 128 bytes: 00000000000000f8f800000000000000000000f8f800000000000000000000f8f800000000000000000000f8f800000000000000000000f8f800000000000000000000f8f800000000000000000000f8f800000000000000000000f8f800000000000000000000f8f800000000000000000000f8f800000000000000000000f8
02:09:43.330 [DEBUG] [serial] Sin header 0xAA, descartando 128 bytes: 00000000000000f8f800000000000000
02:09:43.339 [DEBUG] [serial] RX 128 bytes: f800000000000000000000f8f800000000000000000000f8f800000000000000000000f8f800000000000000000000f8f800000000000000000000f8f800000000000000000000f8f800000000000000000000f8f800000000000000000000f8f800000000000000000000f8f800000000000000000000f8f800000000000000
02:09:43.340 [DEBUG] [serial] Sin header 0xAA, descartando 128 bytes: f800000000000000000000f8f8000000
02:09:43.349 [DEBUG] [serial] RX 128 bytes: 000000f8f800000000000000000000f8f800000000000000000000f8f800000000000000000000f8f800000000000000000000f8f800000000000000000000f8f800000000000000000000f8f800000000000000000000f8f800000000000000000000f8f800000000000000000000f8f800000000000000000000f8f8000000
02:09:43.349 [DEBUG] [serial] Sin header 0xAA, descartando 128 bytes: 000000f8f800000000000000000000f8
02:09:43.358 [DEBUG] [serial] RX 128 bytes: 00000000000000f8f800000000000000000000f8f800000000000000000000f8f800000000000000000000f8f800000000000000000000f8f800000000000000000000f8f800000000000000000000f8f800000000000000000000f8f800000000000000000000f8f800000000000000000000f8f800000000000000000000f8
02:09:43.358 [DEBUG] [serial] Sin header 0xAA, descartando 128 bytes: 00000000000000f8f800000000000000
02:09:43.367 [DEBUG] [serial] RX 128 bytes: f800000000000000000000f8f800000000000000000000f8f800000000000000000000f8f800000000000000000000f8f800000000000000000000f8f800000000000000000000f8f800000000000000000000f8f800000000000000000000f8f800000000000000000000f8f800000000000000000000f8f800000000000000
02:09:43.367 [DEBUG] [serial] Sin header 0xAA, descartando 128 bytes: f800000000000000000000f8f8000000
02:09:43.377 [DEBUG] [serial] RX 128 bytes: 000000f8f800000000000000000000f8f800000000000000000000f8f800000000000000000000f8f800000000000000000000f8f800000000000000000000f8f800000000000000000000f8f800000000000000000000f8f800000000000000000000f8f800000000000000000000f8f800000000000000000000f8f8000000
02:09:43.377 [DEBUG] [serial] Sin header 0xAA, descartando 128 bytes: 000000f8f800000000000000000000f8
02:09:43.386 [DEBUG] [serial] RX 128 bytes: 00000000000000f8f800000000000000000000f8f800000000000000000000f8f800000000000000000000f8f800000000000000000000f8f800000000000000000000f8f800000000000000000000f8f800000000000000000000f8f800000000000000000000f8f800000000000000000000f8f800000000000000000000f8
02:09:43.386 [DEBUG] [serial] Sin header 0xAA, descartando 128 bytes: 00000000000000f8f800000000000000
02:09:43.395 [DEBUG] [serial] RX 128 bytes: f800000000000000000000f8f800000000000000000000f8f800000000000000000000f8f800000000000000000000f8f800000000000000000000f8f800000000000000000000f8f800000000000000000000f8f800000000000000000000f8f800000000000000000000f8f800000000000000000000f8f800000000000000
02:09:43.396 [DEBUG] [serial] Sin header 0xAA, descartando 128 bytes: f800000000000000000000f8f8000000
02:09:43.404 [DEBUG] [serial] RX 128 bytes: 000000f8f800000000000000000000f8f800000000000000000000f8f800000000000000000000f8f800000000000000000000f8f800000000000000000000f8f800000000000000000000f8f800000000000000000000f8f800000000000000000000f8f800000000000000000000f8f800000000000000000000f8f8000000
02:09:43.405 [DEBUG] [serial] Sin header 0xAA, descartando 128 bytes: 000000f8f800000000000000000000f8
02:09:43.414 [DEBUG] [serial] RX 128 bytes: 00000000000000f8f800000000000000000000f8f800000000000000000000f8f800000000000000000000f8f800000000000000000000f8f800000000000000000000f8f800000000000000000000f8f800000000000000000000f8f800000000000000000000f8f800000000000000000000f8f800000000000000000000f8
02:09:43.414 [DEBUG] [serial] Sin header 0xAA, descartando 128 bytes: 00000000000000f8f800000000000000
02:09:43.423 [DEBUG] [serial] RX 128 bytes: f800000000000000000000f8f800000000000000000000f8f800000000000000000000f8f800000000000000000000f8f800000000000000000000f8f800000000000000000000f8f800000000000000000000f8f800000000000000000000f8f800000000000000000000f8f800000000000000000000f8f800000000000000
02:09:43.423 [DEBUG] [serial] Sin header 0xAA, descartando 128 bytes: f800000000000000000000f8f8000000
02:09:43.432 [DEBUG] [serial] RX 128 bytes: 000000f8f800000000000000000000f8f800000000000000000000f8f800000000000000000000f8f800000000000000000000f8f800000000000000000000f8f800000000000000000000f8f800000000000000000000f8f800000000000000000000f8f800000000000000000000f8f800000000000000000000f8f8000000
02:09:43.433 [DEBUG] [serial] Sin header 0xAA, descartando 128 bytes: 000000f8f800000000000000000000f8
02:09:43.442 [DEBUG] [serial] RX 128 bytes: 00000000000000f8f800000000000000000000f8f800000000000000000000f8f800000000000000000000f8f800000000000000000000f8f800000000000000000000f8f800000000000000000000f8f800000000000000000000f8f800000000000000000000f8f800000000000000000000f8f800000000000000000000f8
02:09:43.442 [DEBUG] [serial] Sin header 0xAA, descartando 128 bytes: 00000000000000f8f800000000000000
02:09:43.451 [DEBUG] [serial] RX 128 bytes: f800000000000000000000f8f800000000000000000000f8f800000000000000000000f8f800000000000000000000f8f800000000000000000000f8f800000000000000000000f8f800000000000000000000f8f800000000000000000000f8f800000000000000000000f8f800000000000000000000f8f800000000000000
02:09:43.451 [DEBUG] [serial] Sin header 0xAA, descartando 128 bytes: f800000000000000000000f8f8000000
02:09:43.461 [DEBUG] [serial] RX 128 bytes: 000000f8f800000000000000000000f8f800000000000000000000f8f800000000000000000000f8f800000000000000000000f8f800000000000000000000f8f800000000000000000000f8f800000000000000000000f8f800000000000000000000f8f800000000000000000000f8f800000000000000000000f8f8000000
02:09:43.461 [DEBUG] [serial] Sin header 0xAA, descartando 128 bytes: 000000f8f800000000000000000000f8
02:09:43.470 [DEBUG] [serial] RX 128 bytes: 00000000000000f8f800000000000000000000f8f800000000000000000000f8f800000000000000000000f8f800000000000000000000f8f800000000000000000000f8f800000000000000000000f8f800000000000000000000f8f800000000000000000000f8f800000000000000000000f8f800000000000000000000f8
02:09:43.470 [DEBUG] [serial] Sin header 0xAA, descartando 128 bytes: 00000000000000f8f800000000000000
02:09:43.479 [DEBUG] [serial] RX 128 bytes: f800000000000000000000f8f800000000000000000000f8f800000000000000000000f8f800000000000000000000f8f800000000000000000000f8f800000000000000000000f8f800000000000000000000f8f800000000000000000000f8f800000000000000000000f8f800000000000000000000f8f800000000000000
02:09:43.480 [DEBUG] [serial] Sin header 0xAA, descartando 128 bytes: f800000000000000000000f8f8000000
02:09:43.488 [DEBUG] [serial] RX 128 bytes: 000000f8f800000000000000000000f8f800000000000000000000f8f800000000000000000000f8f800000000000000000000f8f800000000000000000000f8f800000000000000000000f8f800000000000000000000f8f800000000000000000000f8f800000000000000000000f8f800000000000000000000f8f8000000
02:09:43.488 [DEBUG] [serial] Sin header 0xAA, descartando 128 bytes: 000000f8f800000000000000000000f8
02:09:43.498 [DEBUG] [serial] RX 128 bytes: 00000000000000f8f800000000000000000000f8f800000000000000000000f8f800000000000000000000f8f800000000000000000000f8f800000000000000000000f8f800000000000000000000f8f800000000000000000000f8f800000000000000000000f8f800000000000000000000f8f800000000000000000000f8
02:09:43.498 [DEBUG] [serial] Sin header 0xAA, descartando 128 bytes: 00000000000000f8f800000000000000
02:09:43.507 [DEBUG] [serial] RX 128 bytes: f800000000000000000000f8f800000000000000000000f8f800000000000000000000f8f800000000000000000000f8f800000000000000000000f8f800000000000000000000f8f800000000000000000000f8f800000000000000000000f8f800000000000000000000f8f800000000000000000000f8f800000000000000
02:09:43.507 [DEBUG] [serial] Sin header 0xAA, descartando 128 bytes: f800000000000000000000f8f8000000
02:09:43.516 [DEBUG] [serial] RX 128 bytes: 000000f8f800000000000000000000f8f800000000000000000000f8f800000000000000000000f8f800000000000000000000f8f800000000000000000000f8f800000000000000000000f8f800000000000000000000f8f800000000000000000000f8f800000000000000000000f8f800000000000000000000f8f8000000
02:09:43.516 [DEBUG] [serial] Sin header 0xAA, descartando 128 bytes: 000000f8f800000000000000000000f8
02:09:43.526 [DEBUG] [serial] RX 128 bytes: 00000000000000f8f800000000000000000000f8f800000000000000000000f8f800000000000000000000f8f800000000000000000000f8f800000000000000000000f8f800000000000000000000f8f800000000000000000000f8f800000000000000000000f8f800000000000000000000f8f800000000000000000000f8
02:09:43.526 [DEBUG] [serial] Sin header 0xAA, descartando 128 bytes: 00000000000000f8f800000000000000
02:09:43.535 [DEBUG] [serial] RX 128 bytes: f800000000000000000000f8f800000000000000000000f8f800000000000000000000f8f800000000000000000000f8f800000000000000000000f8f800000000000000000000f8f800000000000000000000f8f800000000000000000000f8f800000000000000000000f8f800000000000000000000f8f800000000000000
02:09:43.535 [DEBUG] [serial] Sin header 0xAA, descartando 128 bytes: f800000000000000000000f8f8000000
02:09:43.544 [DEBUG] [serial] RX 128 bytes: 000000f8f800000000000000000000f8f800000000000000000000f8f800000000000000000000f8f800000000000000000000f8f800000000000000000000f8f800000000000000000000f8f800000000000000000000f8f800000000000000000000f8f800000000000000000000f8f800000000000000000000f8f8000000
02:09:43.544 [DEBUG] [serial] Sin header 0xAA, descartando 128 bytes: 000000f8f800000000000000000000f8
02:09:43.554 [DEBUG] [serial] RX 128 bytes: 00000000000000f8f800000000000000000000f8f800000000000000000000f8f800000000000000000000f8f800000000000000000000f8f800000000000000000000f8f800000000000000000000f8f800000000000000000000f8f800000000000000000000f8f800000000000000000000f8f800000000000000000000f8
02:09:43.554 [DEBUG] [serial] Sin header 0xAA, descartando 128 bytes: 00000000000000f8f800000000000000
02:09:43.563 [DEBUG] [serial] RX 128 bytes: f800000000000000000000f8f800000000000000000000f8f800000000000000000000f8f800000000000000000000f8f800000000000000000000f8f800000000000000000000f8f800000000000000000000f8f800000000000000000000f8f800000000000000000000f8f800000000000000000000f8f800000000000000
02:09:43.563 [DEBUG] [serial] Sin header 0xAA, descartando 128 bytes: f800000000000000000000f8f8000000
02:09:43.572 [DEBUG] [serial] RX 128 bytes: 000000f8f800000000000000000000f8f800000000000000000000f8f800000000000000000000f8f800000000000000000000f8f800000000000000000000f8f800000000000000000000f8f800000000000000000000f8f800000000000000000000f8f800000000000000000000f8f800000000000000000000f8f8000000
02:09:43.573 [DEBUG] [serial] Sin header 0xAA, descartando 128 bytes: 000000f8f800000000000000000000f8
02:09:43.581 [DEBUG] [serial] RX 128 bytes: 00000000000000f8f800000000000000000000f8f800000000000000000000f8f800000000000000000000f8f800000000000000000000f8f800000000000000000000f8f800000000000000000000f8f800000000000000000000f8f800000000000000000000f8f800000000000000000000f8f800000000000000000000f8
02:09:43.582 [DEBUG] [serial] Sin header 0xAA, descartando 128 bytes: 00000000000000f8f800000000000000
02:09:43.591 [DEBUG] [serial] RX 128 bytes: f800000000000000000000f8f800000000000000000000f8f800000000000000000000f8f800000000000000000000f8f800000000000000000000f8f800000000000000000000f8f800000000000000000000f8f800000000000000000000f8f800000000000000000000f8f800000000000000000000f8f800000000000000
02:09:43.591 [DEBUG] [serial] Sin header 0xAA, descartando 128 bytes: f800000000000000000000f8f8000000
02:09:43.600 [DEBUG] [serial] RX 128 bytes: 000000f8f800000000000000000000f8f800000000000000000000f8f800000000000000000000f8f800000000000000000000f8f800000000000000000000f8f800000000000000000000f8f800000000000000000000f8f800000000000000000000f8f800000000000000000000f8f800000000000000000000f8f8000000
02:09:43.600 [DEBUG] [serial] Sin header 0xAA, descartando 128 bytes: 000000f8f800000000000000000000f8
02:09:43.609 [DEBUG] [serial] RX 128 bytes: 00000000000000f8f800000000000000000000f8f800000000000000000000f8f800000000000000000000f8f800000000000000000000f8f800000000000000000000f8f800000000000000000000f8f800000000000000000000f8f800000000000000000000f8f800000000000000000000f8f800000000000000000000f8
02:09:43.610 [DEBUG] [serial] Sin header 0xAA, descartando 128 bytes: 00000000000000f8f800000000000000
02:09:43.619 [DEBUG] [serial] RX 128 bytes: f800000000000000000000f8f800000000000000000000f8f800000000000000000000f8f800000000000000000000f8f800000000000000000000f8f800000000000000000000f8f800000000000000000000f8f800000000000000000000f8f800000000000000000000f8f800000000000000000000f8f800000000000000
02:09:43.619 [DEBUG] [serial] Sin header 0xAA, descartando 128 bytes: f800000000000000000000f8f8000000
02:09:43.628 [DEBUG] [serial] RX 128 bytes: 000000f8f800000000000000000000f8f800000000000000000000f8f800000000000000000000f8f800000000000000000000f8f800000000000000000000f8f800000000000000000000f8f800000000000000000000f8f800000000000000000000f8f800000000000000000000f8f800000000000000000000f8f8000000
02:09:43.628 [DEBUG] [serial] Sin header 0xAA, descartando 128 bytes: 000000f8f800000000000000000000f8
02:09:43.637 [DEBUG] [serial] RX 128 bytes: 00000000000000f8f800000000000000000000f8f800000000000000000000f8f800000000000000000000f8f800000000000000000000f8f800000000000000000000f8f800000000000000000000f8f800000000000000000000f8f800000000000000000000f8f800000000000000000000f8f800000000000000000000f8
02:09:43.638 [DEBUG] [serial] Sin header 0xAA, descartando 128 bytes: 00000000000000f8f800000000000000
02:09:43.647 [DEBUG] [serial] RX 128 bytes: f800000000000000000000f8f800000000000000000000f8f800000000000000000000f8f800000000000000000000f8f800000000000000000000f8f800000000000000000000f8f800000000000000000000f8f800000000000000000000f8f800000000000000000000f8f800000000000000000000f8f800000000000000
02:09:43.647 [DEBUG] [serial] Sin header 0xAA, descartando 128 bytes: f800000000000000000000f8f8000000
02:09:43.656 [DEBUG] [serial] RX 128 bytes: 000000f8f800000000000000000000f8f800000000000000000000f8f800000000000000000000f8f800000000000000000000f8f800000000000000000000f8f800000000000000000000f8f800000000000000000000f8f800000000000000000000f8f800000000000000000000f8f800000000000000000000f8f8000000
02:09:43.656 [DEBUG] [serial] Sin header 0xAA, descartando 128 bytes: 000000f8f800000000000000000000f8
02:09:43.665 [DEBUG] [serial] RX 128 bytes: 00000000000000f8f800000000000000000000f8f800000000000000000000f8f800000000000000000000f8f800000000000000000000f8f800000000000000000000f8f800000000000000000000f8f800000000000000000000f8f800000000000000000000f8f800000000000000000000f8f800000000000000000000f8
02:09:43.665 [DEBUG] [serial] Sin header 0xAA, descartando 128 bytes: 00000000000000f8f800000000000000
02:09:43.675 [DEBUG] [serial] RX 128 bytes: f800000000000000000000f8f800000000000000000000f8f800000000000000000000f8f800000000000000000000f8f800000000000000000000f8f800000000000000000000f8f800000000000000000000f8f800000000000000000000f8f800000000000000000000f8f800000000000000000000f8f800000000000000
02:09:43.675 [DEBUG] [serial] Sin header 0xAA, descartando 128 bytes: f800000000000000000000f8f8000000
02:09:43.684 [DEBUG] [serial] RX 128 bytes: 000000f8f800000000000000000000f8f800000000000000000000f8f800000000000000000000f8f800000000000000000000f8f800000000000000000000f8f800000000000000000000f8f800000000000000000000f8f800000000000000000000f8f800000000000000000000f8f800000000000000000000f8f8000000
02:09:43.684 [DEBUG] [serial] Sin header 0xAA, descartando 128 bytes: 000000f8f800000000000000000000f8
02:09:43.693 [DEBUG] [serial] RX 128 bytes: 00000000000000f8f800000000000000000000f8f800000000000000000000f8f800000000000000000000f8f800000000000000000000f8f800000000000000000000f8f800000000000000000000f8f800000000000000000000f8f800000000000000000000f8f800000000000000000000f8f800000000000000000000f8
02:09:43.693 [DEBUG] [serial] Sin header 0xAA, descartando 128 bytes: 00000000000000f8f800000000000000
02:09:43.703 [DEBUG] [serial] RX 128 bytes: f800000000000000000000f8f800000000000000000000f8f800000000000000000000f8f800000000000000000000f8f800000000000000000000f8f800000000000000000000f8f800000000000000000000f8f800000000000000000000f8f800000000000000000000f8f800000000000000000000f8f800000000000000
02:09:43.703 [DEBUG] [serial] Sin header 0xAA, descartando 128 bytes: f800000000000000000000f8f8000000
02:09:43.712 [DEBUG] [serial] RX 128 bytes: 000000f8f800000000000000000000f8f800000000000000000000f8f800000000000000000000f8f800000000000000000000f8f800000000000000000000f8f800000000000000000000f8f800000000000000000000f8f800000000000000000000f8f800000000000000000000f8f800000000000000000000f8f8000000
02:09:43.712 [DEBUG] [serial] Sin header 0xAA, descartando 128 bytes: 000000f8f800000000000000000000f8
02:09:43.721 [DEBUG] [serial] RX 128 bytes: 00000000000000f8f800000000000000000000f8f800000000000000000000f8f800000000000000000000f8f800000000000000000000f8f800000000000000000000f8f800000000000000000000f8f800000000000000000000f8f800000000000000000000f8f800000000000000000000f8f800000000000000000000f8
02:09:43.721 [DEBUG] [serial] Sin header 0xAA, descartando 128 bytes: 00000000000000f8f800000000000000
02:09:43.730 [DEBUG] [serial] RX 128 bytes: f800000000000000000000f8f800000000000000000000f8f800000000000000000000f8f800000000000000000000f8f800000000000000000000f8f800000000000000000000f8f800000000000000000000f8f800000000000000000000f8f800000000000000000000f8f800000000000000000000f8f800000000000000
02:09:43.731 [DEBUG] [serial] Sin header 0xAA, descartando 128 bytes: f800000000000000000000f8f8000000
02:09:43.740 [DEBUG] [serial] RX 128 bytes: 000000f8f800000000000000000000f8f800000000000000000000f8f800000000000000000000f8f800000000000000000000f8f800000000000000000000f8f800000000000000000000f8f800000000000000000000f8f800000000000000000000f8f800000000000000000000f8f800000000000000000000f8f8000000
02:09:43.740 [DEBUG] [serial] Sin header 0xAA, descartando 128 bytes: 000000f8f800000000000000000000f8
02:09:43.749 [DEBUG] [serial] RX 128 bytes: 00000000000000f8f800000000000000000000f8f800000000000000000000f8f800000000000000000000f8f800000000000000000000f8f800000000000000000000f8f800000000000000000000f8f800000000000000000000f8f800000000000000000000f8f800000000000000000000f8f800000000000000000000f8
02:09:43.750 [DEBUG] [serial] Sin header 0xAA, descartando 128 bytes: 00000000000000f8f800000000000000
02:09:43.758 [DEBUG] [serial] RX 128 bytes: f800000000000000000000f8f800000000000000000000f8f800000000000000000000f8f800000000000000000000f8f800000000000000000000f8f800000000000000000000f8f800000000000000000000f8f800000000000000000000f8f800000000000000000000f8f800000000000000000000f8f800000000000000
02:09:43.759 [DEBUG] [serial] Sin header 0xAA, descartando 128 bytes: f800000000000000000000f8f8000000
02:09:43.768 [DEBUG] [serial] RX 128 bytes: 000000f8f800000000000000000000f8f800000000000000000000f8f800000000000000000000f8f800000000000000000000f8f800000000000000000000f8f800000000000000000000f8f800000000000000000000f8f800000000000000000000f8f800000000000000000000f8f800000000000000000000f8f8000000
02:09:43.769 [DEBUG] [serial] Sin header 0xAA, descartando 128 bytes: 000000f8f800000000000000000000f8
02:09:43.777 [DEBUG] [serial] RX 128 bytes: 00000000000000f8f800000000000000000000f8f800000000000000000000f8f800000000000000000000f8f800000000000000000000f8f800000000000000000000f8f800000000000000000000f8f800000000000000000000f8f800000000000000000000f8f800000000000000000000f8f800000000000000000000f8
02:09:43.777 [DEBUG] [serial] Sin header 0xAA, descartando 128 bytes: 00000000000000f8f800000000000000
02:09:43.786 [DEBUG] [serial] RX 128 bytes: f800000000000000000000f8f800000000000000000000f8f800000000000000000000f8f800000000000000000000f8f800000000000000000000f8f800000000000000000000f8f800000000000000000000f8f800000000000000000000f8f800000000000000000000f8f800000000000000000000f8f800000000000000
02:09:43.787 [DEBUG] [serial] Sin header 0xAA, descartando 128 bytes: f800000000000000000000f8f8000000
02:09:43.796 [DEBUG] [serial] RX 128 bytes: 000000f8f800000000000000000000f8f800000000000000000000f8f800000000000000000000f8f800000000000000000000f8f800000000000000000000f8f800000000000000000000f8f800000000000000000000f8f800000000000000000000f8f800000000000000000000f8f800000000000000000000f8f8000000
02:09:43.796 [DEBUG] [serial] Sin header 0xAA, descartando 128 bytes: 000000f8f800000000000000000000f8
02:09:43.805 [DEBUG] [serial] RX 128 bytes: 00000000000000f8f800000000000000000000f8f800000000000000000000f8f800000000000000000000f8f800000000000000000000f8f800000000000000000000f8f800000000000000000000f8f800000000000000000000f8f800000000000000000000f8f800000000000000000000f8f800000000000000000000f8
02:09:43.805 [DEBUG] [serial] Sin header 0xAA, descartando 128 bytes: 00000000000000f8f800000000000000
02:09:43.814 [DEBUG] [serial] RX 128 bytes: f800000000000000000000f8f800000000000000000000f8f800000000000000000000f8f800000000000000000000f8f800000000000000000000f8f800000000000000000000f8f800000000000000000000f8f800000000000000000000f8f800000000000000000000f8f800000000000000000000f8f800000000000000
02:09:43.814 [DEBUG] [serial] Sin header 0xAA, descartando 128 bytes: f800000000000000000000f8f8000000
02:09:43.824 [DEBUG] [serial] RX 128 bytes: 000000f8f800000000000000000000f8f800000000000000000000f8f800000000000000000000f8f800000000000000000000f8f800000000000000000000f8f800000000000000000000f8f800000000000000000000f8f800000000000000000000f8f800000000000000000000f8f800000000000000000000f8f8000000
02:09:43.824 [DEBUG] [serial] Sin header 0xAA, descartando 128 bytes: 000000f8f800000000000000000000f8
02:09:43.833 [DEBUG] [serial] RX 128 bytes: 00000000000000f8f800000000000000000000f8f800000000000000000000f8f800000000000000000000f8f800000000000000000000f8f800000000000000000000f8f800000000000000000000f8f800000000000000000000f8f800000000000000000000f8f800000000000000000000f8f800000000000000000000f8
02:09:43.833 [DEBUG] [serial] Sin header 0xAA, descartando 128 bytes: 00000000000000f8f800000000000000
02:09:43.842 [DEBUG] [serial] RX 128 bytes: f800000000000000000000f8f800000000000000000000f8f800000000000000000000f8f800000000000000000000f8f800000000000000000000f8f800000000000000000000f8f800000000000000000000f8f800000000000000000000f8f800000000000000000000f8f800000000000000000000f8f800000000000000
02:09:43.842 [DEBUG] [serial] Sin header 0xAA, descartando 128 bytes: f800000000000000000000f8f8000000
02:09:43.851 [DEBUG] [serial] RX 128 bytes: 000000f8f800000000000000000000f8f800000000000000000000f8f800000000000000000000f8f800000000000000000000f8f800000000000000000000f8f800000000000000000000f8f800000000000000000000f8f800000000000000000000f8f800000000000000000000f8f800000000000000000000f8f8000000
02:09:43.852 [DEBUG] [serial] Sin header 0xAA, descartando 128 bytes: 000000f8f800000000000000000000f8
02:09:43.861 [DEBUG] [serial] RX 128 bytes: 00000000000000f8f800000000000000000000f8f800000000000000000000f8f800000000000000000000f8f800000000000000000000f8f800000000000000000000f8f800000000000000000000f8f800000000000000000000f8f800000000000000000000f8f800000000000000000000f8f800000000000000000000f8
02:09:43.862 [DEBUG] [serial] Sin header 0xAA, descartando 128 bytes: 00000000000000f8f800000000000000
02:09:43.870 [DEBUG] [serial] RX 128 bytes: f800000000000000000000f8f800000000000000000000f8f800000000000000000000f8f800000000000000000000f8f800000000000000000000f8f800000000000000000000f8f800000000000000000000f8f800000000000000000000f8f800000000000000000000f8f800000000000000000000f8f800000000000000
02:09:43.870 [DEBUG] [serial] Sin header 0xAA, descartando 128 bytes: f800000000000000000000f8f8000000
02:09:43.879 [DEBUG] [serial] RX 128 bytes: 000000f8f800000000000000000000f8f800000000000000000000f8f800000000000000000000f8f800000000000000000000f8f800000000000000000000f8f800000000000000000000f8f800000000000000000000f8f800000000000000000000f8f800000000000000000000f8f800000000000000000000f8f8000000
02:09:43.880 [DEBUG] [serial] Sin header 0xAA, descartando 128 bytes: 000000f8f800000000000000000000f8
02:09:43.889 [DEBUG] [serial] RX 128 bytes: 00000000000000f8f800000000000000000000f8f800000000000000000000f8f800000000000000000000f8f800000000000000000000f8f800000000000000000000f8f800000000000000000000f8f800000000000000000000f8f800000000000000000000f8f800000000000000000000f8f800000000000000000000f8
02:09:43.889 [DEBUG] [serial] Sin header 0xAA, descartando 128 bytes: 00000000000000f8f800000000000000
02:09:43.898 [DEBUG] [serial] RX 128 bytes: f800000000000000000000f8f800000000000000000000f8f800000000000000000000f8f800000000000000000000f8f800000000000000000000f8f800000000000000000000f8f800000000000000000000f8f800000000000000000000f8f800000000000000000000f8f800000000000000000000f8f800000000000000
02:09:43.898 [DEBUG] [serial] Sin header 0xAA, descartando 128 bytes: f800000000000000000000f8f8000000
02:09:43.907 [DEBUG] [serial] RX 128 bytes: 000000f8f800000000000000000000f8f800000000000000000000f8f800000000000000000000f8f800000000000000000000f8f800000000000000000000f8f800000000000000000000f8f800000000000000000000f8f800000000000000000000f8f800000000000000000000f8f800000000000000000000f8f8000000
02:09:43.908 [DEBUG] [serial] Sin header 0xAA, descartando 128 bytes: 000000f8f800000000000000000000f8
02:09:43.917 [DEBUG] [serial] RX 128 bytes: 00000000000000f8f800000000000000000000f8f800000000000000000000f8f800000000000000000000f8f800000000000000000000f8f800000000000000000000f8f800000000000000000000f8f800000000000000000000f8f800000000000000000000f8f800000000000000000000f8f800000000000000000000f8
02:09:43.917 [DEBUG] [serial] Sin header 0xAA, descartando 128 bytes: 00000000000000f8f800000000000000
02:09:43.926 [DEBUG] [serial] RX 128 bytes: f800000000000000000000f8f800000000000000000000f8f800000000000000000000f8f800000000000000000000f8f800000000000000000000f8f800000000000000000000f8f800000000000000000000f8f800000000000000000000f8f800000000000000000000f8f800000000000000000000f8f800000000000000
02:09:43.926 [DEBUG] [serial] Sin header 0xAA, descartando 128 bytes: f800000000000000000000f8f8000000
02:09:43.935 [DEBUG] [serial] RX 128 bytes: 000000f8f800000000000000000000f8f800000000000000000000f8f800000000000000000000f8f800000000000000000000f8f800000000000000000000f8f800000000000000000000f8f800000000000000000000f8f800000000000000000000f8f800000000000000000000f8f800000000000000000000f8f8000000
02:09:43.935 [DEBUG] [serial] Sin header 0xAA, descartando 128 bytes: 000000f8f800000000000000000000f8
02:09:43.945 [DEBUG] [serial] RX 128 bytes: 00000000000000f8f800000000000000000000f8f800000000000000000000f8f800000000000000000000f8f800000000000000000000f8f800000000000000000000f8f800000000000000000000f8f800000000000000000000f8f800000000000000000000f8f800000000000000000000f8f800000000000000000000f8
02:09:43.945 [DEBUG] [serial] Sin header 0xAA, descartando 128 bytes: 00000000000000f8f800000000000000
02:09:43.954 [DEBUG] [serial] RX 128 bytes: f800000000000000000000f8f800000000000000000000f8f800000000000000000000f8f800000000000000000000f8f800000000000000000000f8f800000000000000000000f8f800000000000000000000f8f800000000000000000000f8f800000000000000000000f8f800000000000000000000f8f800000000000000
02:09:43.955 [DEBUG] [serial] Sin header 0xAA, descartando 128 bytes: f800000000000000000000f8f8000000
02:09:43.963 [DEBUG] [serial] RX 128 bytes: 000000f8f800000000000000000000f8f800000000000000000000f8f800000000000000000000f8f800000000000000000000f8f800000000000000000000f8f800000000000000000000f8f800000000000000000000f8f800000000000000000000f8f800000000000000000000f8f800000000000000000000f8f8000000
02:09:43.963 [DEBUG] [serial] Sin header 0xAA, descartando 128 bytes: 000000f8f800000000000000000000f8
02:09:43.973 [DEBUG] [serial] RX 128 bytes: 00000000000000f8f800000000000000000000f8f800000000000000000000f8f800000000000000000000f8f800000000000000000000f8f800000000000000000000f8f800000000000000000000f8f800000000000000000000f8f800000000000000000000f8f800000000000000000000f8f800000000000000000000f8
02:09:43.973 [DEBUG] [serial] Sin header 0xAA, descartando 128 bytes: 00000000000000f8f800000000000000
02:09:43.982 [DEBUG] [serial] RX 128 bytes: f800000000000000000000f8f800000000000000000000f8f800000000000000000000f8f800000000000000000000f8f800000000000000000000f8f800000000000000000000f8f800000000000000000000f8f800000000000000000000f8f800000000000000000000f8f800000000000000000000f8f800000000000000
02:09:43.982 [DEBUG] [serial] Sin header 0xAA, descartando 128 bytes: f800000000000000000000f8f8000000
02:09:43.991 [DEBUG] [serial] RX 128 bytes: 000000f8f800000000000000000000f8f800000000000000000000f8f800000000000000000000f8f800000000000000000000f8f800000000000000000000f8f800000000000000000000f8f800000000000000000000f8f800000000000000000000f8f800000000000000000000f8f800000000000000000000f8f8000000
02:09:43.991 [DEBUG] [serial] Sin header 0xAA, descartando 128 bytes: 000000f8f800000000000000000000f8
02:09:44.000 [DEBUG] [serial] RX 128 bytes: 00000000000000f8f800000000000000000000f8f800000000000000000000f8f800000000000000000000f8f800000000000000000000f8f800000000000000000000f8f800000000000000000000f8f800000000000000000000f8f800000000000000000000f8f800000000000000000000f8f800000000000000000000f8
02:09:44.001 [DEBUG] [serial] Sin header 0xAA, descartando 128 bytes: 00000000000000f8f800000000000000
02:09:44.010 [DEBUG] [serial] RX 128 bytes: f800000000000000000000f8f800000000000000000000f8f800000000000000000000f8f800000000000000000000f8f800000000000000000000f8f800000000000000000000f8f800000000000000000000f8f800000000000000000000f8f800000000000000000000f8f800000000000000000000f8f800000000000000
02:09:44.010 [DEBUG] [serial] Sin header 0xAA, descartando 128 bytes: f800000000000000000000f8f8000000
02:09:44.019 [DEBUG] [serial] RX 128 bytes: 000000f8f800000000000000000000f8f800000000000000000000f8f800000000000000000000f8f800000000000000000000f8f800000000000000000000f8f800000000000000000000f8f800000000000000000000f8f800000000000000000000f8f800000000000000000000f8f800000000000000000000f8f8000000
02:09:44.019 [DEBUG] [serial] Sin header 0xAA, descartando 128 bytes: 000000f8f800000000000000000000f8
02:09:44.028 [DEBUG] [serial] RX 128 bytes: 00000000000000f8f800000000000000000000f8f800000000000000000000f8f800000000000000000000f8f800000000000000000000f8f800000000000000000000f8f800000000000000000000f8f800000000000000000000f8f800000000000000000000f8f800000000000000000000f8f800000000000000000000f8
02:09:44.029 [DEBUG] [serial] Sin header 0xAA, descartando 128 bytes: 00000000000000f8f800000000000000
02:09:44.038 [DEBUG] [serial] RX 128 bytes: f800000000000000000000f8f800000000000000000000f8f800000000000000000000f8f800000000000000000000f8f800000000000000000000f8f800000000000000000000f8f800000000000000000000f8f800000000000000000000f8f800000000000000000000f8f800000000000000000000f8f800000000000000
02:09:44.038 [DEBUG] [serial] Sin header 0xAA, descartando 128 bytes: f800000000000000000000f8f8000000
02:09:44.047 [DEBUG] [serial] RX 128 bytes: 000000f8f800000000000000000000f8f800000000000000000000f8f800000000000000000000f8f800000000000000000000f8f800000000000000000000f8f800000000000000000000f8f800000000000000000000f8f800000000000000000000f8f800000000000000000000f8f800000000000000000000f8f8000000
02:09:44.047 [DEBUG] [serial] Sin header 0xAA, descartando 128 bytes: 000000f8f800000000000000000000f8
02:09:44.056 [DEBUG] [serial] RX 128 bytes: 00000000000000f8f800000000000000000000f8f800000000000000000000f8f800000000000000000000f8f800000000000000000000f8f800000000000000000000f8f800000000000000000000f8f800000000000000000000f8f800000000000000000000f8f800000000000000000000f8f800000000000000000000f8
02:09:44.057 [DEBUG] [serial] Sin header 0xAA, descartando 128 bytes: 00000000000000f8f800000000000000
02:09:44.066 [DEBUG] [serial] RX 128 bytes: f800000000000000000000f8f800000000000000000000f8f800000000000000000000f8f800000000000000000000f8f800000000000000000000f8f800000000000000000000f8f800000000000000000000f8f800000000000000000000f8f800000000000000000000f8f800000000000000000000f8f800000000000000
02:09:44.066 [DEBUG] [serial] Sin header 0xAA, descartando 128 bytes: f800000000000000000000f8f8000000
02:09:44.075 [DEBUG] [serial] RX 128 bytes: 000000f8f800000000000000000000f8f800000000000000000000f8f800000000000000000000f8f800000000000000000000f8f800000000000000000000f8f800000000000000000000f8f800000000000000000000f8f800000000000000000000f8f800000000000000000000f8f800000000000000000000f8f8000000
02:09:44.075 [DEBUG] [serial] Sin header 0xAA, descartando 128 bytes: 000000f8f800000000000000000000f8
02:09:44.084 [DEBUG] [serial] RX 128 bytes: 00000000000000f8f800000000000000000000f8f800000000000000000000f8f800000000000000000000f8f800000000000000000000f8f800000000000000000000f8f800000000000000000000f8f800000000000000000000f8f800000000000000000000f8f800000000000000000000f8f800000000000000000000f8
02:09:44.084 [DEBUG] [serial] Sin header 0xAA, descartando 128 bytes: 00000000000000f8f800000000000000
02:09:44.094 [DEBUG] [serial] RX 128 bytes: f800000000000000000000f8f800000000000000000000f8f800000000000000000000f8f800000000000000000000f8f800000000000000000000f8f800000000000000000000f8f800000000000000000000f8f800000000000000000000f8f800000000000000000000f8f800000000000000000000f8f800000000000000
02:09:44.094 [DEBUG] [serial] Sin header 0xAA, descartando 128 bytes: f800000000000000000000f8f8000000
02:09:44.103 [DEBUG] [serial] RX 128 bytes: 000000f8f800000000000000000000f8f800000000000000000000f8f800000000000000000000f8f800000000000000000000f8f800000000000000000000f8f800000000000000000000f8f800000000000000000000f8f800000000000000000000f8f800000000000000000000f8f800000000000000000000f8f8000000
02:09:44.103 [DEBUG] [serial] Sin header 0xAA, descartando 128 bytes: 000000f8f800000000000000000000f8
02:09:44.112 [DEBUG] [serial] RX 128 bytes: 00000000000000f8f800000000000000000000f8f800000000000000000000f8f800000000000000000000f8f800000000000000000000f8f800000000000000000000f8f800000000000000000000f8f800000000000000000000f8f800000000000000000000f8f800000000000000000000f8f800000000000000000000f8
02:09:44.112 [DEBUG] [serial] Sin header 0xAA, descartando 128 bytes: 00000000000000f8f800000000000000
02:09:44.122 [DEBUG] [serial] RX 128 bytes: f800000000000000000000f8f800000000000000000000f8f800000000000000000000f8f800000000000000000000f8f800000000000000000000f8f800000000000000000000f8f800000000000000000000f8f800000000000000000000f8f800000000000000000000f8f800000000000000000000f8f800000000000000
02:09:44.122 [DEBUG] [serial] Sin header 0xAA, descartando 128 bytes: f800000000000000000000f8f8000000
02:09:44.131 [DEBUG] [serial] RX 128 bytes: 000000f8f800000000000000000000f8f800000000000000000000f8f800000000000000000000f8f800000000000000000000f8f800000000000000000000f8f800000000000000000000f8f800000000000000000000f8f800000000000000000000f8f800000000000000000000f8f800000000000000000000f8f8000000
02:09:44.131 [DEBUG] [serial] Sin header 0xAA, descartando 128 bytes: 000000f8f800000000000000000000f8
02:09:44.140 [DEBUG] [serial] RX 128 bytes: 00000000000000f8f800000000000000000000f8f800000000000000000000f8f800000000000000000000f8f800000000000000000000f8f800000000000000000000f8f800000000000000000000f8f800000000000000000000f8f800000000000000000000f8f800000000000000000000f8f800000000000000000000f8
02:09:44.141 [DEBUG] [serial] Sin header 0xAA, descartando 128 bytes: 00000000000000f8f800000000000000
02:09:44.149 [DEBUG] [serial] RX 128 bytes: f800000000000000000000f8f800000000000000000000f8f800000000000000000000f8f800000000000000000000f8f800000000000000000000f8f800000000000000000000f8f800000000000000000000f8f800000000000000000000f8f800000000000000000000f8f800000000000000000000f8f800000000000000
02:09:44.150 [DEBUG] [serial] Sin header 0xAA, descartando 128 bytes: f800000000000000000000f8f8000000
02:09:44.159 [DEBUG] [serial] RX 128 bytes: 000000f8f800000000000000000000f8f800000000000000000000f8f800000000000000000000f8f800000000000000000000f8f800000000000000000000f8f800000000000000000000f8f800000000000000000000f8f800000000000000000000f8f800000000000000000000f8f800000000000000000000f8f8000000
02:09:44.159 [DEBUG] [serial] Sin header 0xAA, descartando 128 bytes: 000000f8f800000000000000000000f8
02:09:44.168 [DEBUG] [serial] RX 128 bytes: 00000000000000f8f800000000000000000000f8f800000000000000000000f8f800000000000000000000f8f800000000000000000000f8f800000000000000000000f8f800000000000000000000f8f800000000000000000000f8f800000000000000000000f8f800000000000000000000f8f800000000000000000000f8
02:09:44.168 [DEBUG] [serial] Sin header 0xAA, descartando 128 bytes: 00000000000000f8f800000000000000
02:09:44.177 [DEBUG] [serial] RX 128 bytes: f800000000000000000000f8f800000000000000000000f8f800000000000000000000f8f800000000000000000000f8f800000000000000000000f8f800000000000000000000f8f800000000000000000000f8f800000000000000000000f8f800000000000000000000f8f800000000000000000000f8f800000000000000
02:09:44.178 [DEBUG] [serial] Sin header 0xAA, descartando 128 bytes: f800000000000000000000f8f8000000
02:09:44.187 [DEBUG] [serial] RX 128 bytes: 000000f8f800000000000000000000f8f800000000000000000000f8f800000000000000000000f8f800000000000000000000f8f800000000000000000000f8f800000000000000000000f8f800000000000000000000f8f800000000000000000000f8f800000000000000000000f8f800000000000000000000f8f8000000
02:09:44.187 [DEBUG] [serial] Sin header 0xAA, descartando 128 bytes: 000000f8f800000000000000000000f8
02:09:44.196 [DEBUG] [serial] RX 128 bytes: 00000000000000f8f800000000000000000000f8f800000000000000000000f8f800000000000000000000f8f800000000000000000000f8f800000000000000000000f8f800000000000000000000f8f800000000000000000000f8f800000000000000000000f8f800000000000000000000f8f800000000000000000000f8
02:09:44.196 [DEBUG] [serial] Sin header 0xAA, descartando 128 bytes: 00000000000000f8f800000000000000
02:09:44.205 [DEBUG] [serial] RX 128 bytes: f800000000000000000000f8f800000000000000000000f8f800000000000000000000f8f800000000000000000000f8f800000000000000000000f8f800000000000000000000f8f800000000000000000000f8f800000000000000000000f8f800000000000000000000f8f800000000000000000000f8f800000000000000
02:09:44.206 [DEBUG] [serial] Sin header 0xAA, descartando 128 bytes: f800000000000000000000f8f8000000
02:09:44.215 [DEBUG] [serial] RX 128 bytes: 000000f8f800000000000000000000f8f800000000000000000000f8f800000000000000000000f8f800000000000000000000f8f800000000000000000000f8f800000000000000000000f8f800000000000000000000f8f800000000000000000000f8f800000000000000000000f8f800000000000000000000f8f8000000
02:09:44.215 [DEBUG] [serial] Sin header 0xAA, descartando 128 bytes: 000000f8f800000000000000000000f8
02:09:44.224 [DEBUG] [serial] RX 128 bytes: 00000000000000f8f800000000000000000000f8f800000000000000000000f8f800000000000000000000f8f800000000000000000000f8f800000000000000000000f8f800000000000000000000f8f800000000000000000000f8f800000000000000000000f8f800000000000000000000f8f800000000000000000000f8
02:09:44.224 [DEBUG] [serial] Sin header 0xAA, descartando 128 bytes: 00000000000000f8f800000000000000
02:09:44.233 [DEBUG] [serial] RX 128 bytes: f800000000000000000000f8f800000000000000000000f8f800000000000000000000f8f800000000000000000000f8f800000000000000000000f8f800000000000000000000f8f800000000000000000000f8f800000000000000000000f8f800000000000000000000f8f800000000000000000000f8f800000000000000
02:09:44.234 [DEBUG] [serial] Sin header 0xAA, descartando 128 bytes: f800000000000000000000f8f8000000
02:09:44.243 [DEBUG] [serial] RX 128 bytes: 000000f8f800000000000000000000f8f800000000000000000000f8f800000000000000000000f8f800000000000000000000f8f800000000000000000000f8f800000000000000000000f8f800000000000000000000f8f800000000000000000000f8f800000000000000000000f8f800000000000000000000f8f8000000
02:09:44.243 [DEBUG] [serial] Sin header 0xAA, descartando 128 bytes: 000000f8f800000000000000000000f8
02:09:44.252 [DEBUG] [serial] RX 128 bytes: 00000000000000f8f800000000000000000000f8f800000000000000000000f8f800000000000000000000f8f800000000000000000000f8f800000000000000000000f8f800000000000000000000f8f800000000000000000000f8f800000000000000000000f8f800000000000000000000f8f800000000000000000000f8
02:09:44.252 [DEBUG] [serial] Sin header 0xAA, descartando 128 bytes: 00000000000000f8f800000000000000
02:09:44.261 [DEBUG] [serial] RX 128 bytes: f800000000000000000000f8f800000000000000000000f8f800000000000000000000f8f800000000000000000000f8f800000000000000000000f8f800000000000000000000f8f800000000000000000000f8f800000000000000000000f8f800000000000000000000f8f800000000000000000000f8f800000000000000
02:09:44.261 [DEBUG] [serial] Sin header 0xAA, descartando 128 bytes: f800000000000000000000f8f8000000
02:09:44.270 [DEBUG] [serial] RX 128 bytes: 000000f8f800000000000000000000f8f800000000000000000000f8f800000000000000000000f8f800000000000000000000f8f800000000000000000000f8f800000000000000000000f8f800000000000000000000f8f800000000000000000000f8f800000000000000000000f8f800000000000000000000f8f8000000
02:09:44.271 [DEBUG] [serial] Sin header 0xAA, descartando 128 bytes: 000000f8f800000000000000000000f8
02:09:44.280 [DEBUG] [serial] RX 128 bytes: 00000000000000f8f800000000000000000000f8f800000000000000000000f8f800000000000000000000f8f800000000000000000000f8f800000000000000000000f8f800000000000000000000f8f800000000000000000000f8f800000000000000000000f8f800000000000000000000f8f800000000000000000000f8
02:09:44.280 [DEBUG] [serial] Sin header 0xAA, descartando 128 bytes: 00000000000000f8f800000000000000
02:09:44.289 [DEBUG] [serial] RX 128 bytes: f800000000000000000000f8f800000000000000000000f8f800000000000000000000f8f800000000000000000000f8f800000000000000000000f8f800000000000000000000f8f800000000000000000000f8f800000000000000000000f8f800000000000000000000f8f800000000000000000000f8f800000000000000
02:09:44.289 [DEBUG] [serial] Sin header 0xAA, descartando 128 bytes: f800000000000000000000f8f8000000
02:09:44.298 [DEBUG] [serial] RX 128 bytes: 000000f8f800000000000000000000f8f800000000000000000000f8f800000000000000000000f8f800000000000000000000f8f800000000000000000000f8f800000000000000000000f8f800000000000000000000f8f800000000000000000000f8f800000000000000000000f8f800000000000000000000f8f8000000
02:09:44.299 [DEBUG] [serial] Sin header 0xAA, descartando 128 bytes: 000000f8f800000000000000000000f8
02:09:44.308 [DEBUG] [serial] RX 128 bytes: 00000000000000f8f800000000000000000000f8f800000000000000000000f8f800000000000000000000f8f800000000000000000000f8f800000000000000000000f8f800000000000000000000f8f800000000000000000000f8f800000000000000000000f8f800000000000000000000f8f800000000000000000000f8
02:09:44.308 [DEBUG] [serial] Sin header 0xAA, descartando 128 bytes: 00000000000000f8f800000000000000
02:09:44.317 [DEBUG] [serial] RX 128 bytes: f800000000000000000000f8f800000000000000000000f8f800000000000000000000f8f800000000000000000000f8f800000000000000000000f8f800000000000000000000f8f800000000000000000000f8f800000000000000000000f8f800000000000000000000f8f800000000000000000000f8f800000000000000
02:09:44.317 [DEBUG] [serial] Sin header 0xAA, descartando 128 bytes: f800000000000000000000f8f8000000
02:09:44.327 [DEBUG] [serial] RX 128 bytes: 000000f8f800000000000000000000f8f800000000000000000000f8f800000000000000000000f8f800000000000000000000f8f800000000000000000000f8f800000000000000000000f8f800000000000000000000f8f800000000000000000000f8f800000000000000000000f8f800000000000000000000f8f8000000
02:09:44.327 [DEBUG] [serial] Sin header 0xAA, descartando 128 bytes: 000000f8f800000000000000000000f8
02:09:44.336 [DEBUG] [serial] RX 128 bytes: 00000000000000f8f800000000000000000000f8f800000000000000000000f8f800000000000000000000f8f800000000000000000000f8f800000000000000000000f8f800000000000000000000f8f800000000000000000000f8f800000000000000000000f8f800000000000000000000f8f800000000000000000000f8
02:09:44.336 [DEBUG] [serial] Sin header 0xAA, descartando 128 bytes: 00000000000000f8f800000000000000
02:09:44.345 [DEBUG] [serial] RX 128 bytes: f800000000000000000000f8f800000000000000000000f8f800000000000000000000f8f800000000000000000000f8f800000000000000000000f8f800000000000000000000f8f800000000000000000000f8f800000000000000000000f8f800000000000000000000f8f800000000000000000000f8f800000000000000
02:09:44.345 [DEBUG] [serial] Sin header 0xAA, descartando 128 bytes: f800000000000000000000f8f8000000
02:09:44.354 [DEBUG] [serial] RX 128 bytes: 000000f8f800000000000000000000f8f800000000000000000000f8f800000000000000000000f8f800000000000000000000f8f800000000000000000000f8f800000000000000000000f8f800000000000000000000f8f800000000000000000000f8f800000000000000000000f8f800000000000000000000f8f8000000
02:09:44.354 [DEBUG] [serial] Sin header 0xAA, descartando 128 bytes: 000000f8f800000000000000000000f8
02:09:44.364 [DEBUG] [serial] RX 128 bytes: 00000000000000f8f800000000000000000000f8f800000000000000000000f8f800000000000000000000f8f800000000000000000000f8f800000000000000000000f8f800000000000000000000f8f800000000000000000000f8f800000000000000000000f8f800000000000000000000f8f800000000000000000000f8
02:09:44.364 [DEBUG] [serial] Sin header 0xAA, descartando 128 bytes: 00000000000000f8f800000000000000
02:09:44.373 [DEBUG] [serial] RX 128 bytes: f800000000000000000000f8f800000000000000000000f8f800000000000000000000f8f800000000000000000000f8f800000000000000000000f8f800000000000000000000f8f800000000000000000000f8f800000000000000000000f8f800000000000000000000f8f800000000000000000000f8f800000000000000
02:09:44.373 [DEBUG] [serial] Sin header 0xAA, descartando 128 bytes: f800000000000000000000f8f8000000
02:09:44.382 [DEBUG] [serial] RX 128 bytes: 000000f8f800000000000000000000f8f800000000000000000000f8f800000000000000000000f8f800000000000000000000f8f800000000000000000000f8f800000000000000000000f8f800000000000000000000f8f800000000000000000000f8f800000000000000000000f8f800000000000000000000f8f8000000
02:09:44.382 [DEBUG] [serial] Sin header 0xAA, descartando 128 bytes: 000000f8f800000000000000000000f8
02:09:44.392 [DEBUG] [serial] RX 128 bytes: 00000000000000f8f800000000000000000000f8f800000000000000000000f8f800000000000000000000f8f800000000000000000000f8f800000000000000000000f8f800000000000000000000f8f800000000000000000000f8f800000000000000000000f8f800000000000000000000f8f800000000000000000000f8
02:09:44.392 [DEBUG] [serial] Sin header 0xAA, descartando 128 bytes: 00000000000000f8f800000000000000
02:09:44.401 [DEBUG] [serial] RX 128 bytes: f800000000000000000000f8f800000000000000000000f8f800000000000000000000f8f800000000000000000000f8f800000000000000000000f8f800000000000000000000f8f800000000000000000000f8f800000000000000000000f8f800000000000000000000f8f800000000000000000000f8f800000000000000
02:09:44.401 [DEBUG] [serial] Sin header 0xAA, descartando 128 bytes: f800000000000000000000f8f8000000
02:09:44.410 [DEBUG] [serial] RX 128 bytes: 000000f8f800000000000000000000f8f800000000000000000000f8f800000000000000000000f8f800000000000000000000f8f800000000000000000000f8f800000000000000000000f8f800000000000000000000f8f800000000000000000000f8f800000000000000000000f8f800000000000000000000f8f8000000
02:09:44.410 [DEBUG] [serial] Sin header 0xAA, descartando 128 bytes: 000000f8f800000000000000000000f8
02:09:44.420 [DEBUG] [serial] RX 128 bytes: 00000000000000f8f800000000000000000000f8f800000000000000000000f8f800000000000000000000f8f800000000000000000000f8f800000000000000000000f8f800000000000000000000f8f800000000000000000000f8f800000000000000000000f8f800000000000000000000f8f800000000000000000000f8
02:09:44.420 [DEBUG] [serial] Sin header 0xAA, descartando 128 bytes: 00000000000000f8f800000000000000
02:09:44.429 [DEBUG] [serial] RX 128 bytes: f800000000000000000000f8f800000000000000000000f8f800000000000000000000f8f800000000000000000000f8f800000000000000000000f8f800000000000000000000f8f800000000000000000000f8f800000000000000000000f8f800000000000000000000f8f800000000000000000000f8f800000000000000
02:09:44.429 [DEBUG] [serial] Sin header 0xAA, descartando 128 bytes: f800000000000000000000f8f8000000
02:09:44.438 [DEBUG] [serial] RX 128 bytes: 000000f8f800000000000000000000f8f800000000000000000000f8f800000000000000000000f8f800000000000000000000f8f800000000000000000000f8f800000000000000000000f8f800000000000000000000f8f800000000000000000000f8f800000000000000000000f8f800000000000000000000f8f8000000
02:09:44.438 [DEBUG] [serial] Sin header 0xAA, descartando 128 bytes: 000000f8f800000000000000000000f8
02:09:44.447 [DEBUG] [serial] RX 128 bytes: 00000000000000f8f800000000000000000000f8f800000000000000000000f8f800000000000000000000f8f800000000000000000000f8f800000000000000000000f8f800000000000000000000f8f800000000000000000000f8f800000000000000000000f8f800000000000000000000f8f800000000000000000000f8
02:09:44.447 [DEBUG] [serial] Sin header 0xAA, descartando 128 bytes: 00000000000000f8f800000000000000
02:09:44.457 [DEBUG] [serial] RX 128 bytes: f800000000000000000000f8f800000000000000000000f8f800000000000000000000f8f800000000000000000000f8f800000000000000000000f8f800000000000000000000f8f800000000000000000000f8f800000000000000000000f8f800000000000000000000f8f800000000000000000000f8f800000000000000
02:09:44.457 [DEBUG] [serial] Sin header 0xAA, descartando 128 bytes: f800000000000000000000f8f8000000
02:09:44.466 [DEBUG] [serial] RX 128 bytes: 000000f8f800000000000000000000f8f800000000000000000000f8f800000000000000000000f8f800000000000000000000f8f800000000000000000000f8f800000000000000000000f8f800000000000000000000f8f800000000000000000000f8f800000000000000000000f8f800000000000000000000f8f8000000
02:09:44.466 [DEBUG] [serial] Sin header 0xAA, descartando 128 bytes: 000000f8f800000000000000000000f8
02:09:44.475 [DEBUG] [serial] RX 128 bytes: 00000000000000f8f800000000000000000000f8f800000000000000000000f8f800000000000000000000f8f800000000000000000000f8f800000000000000000000f8f800000000000000000000f8f800000000000000000000f8f800000000000000000000f8f800000000000000000000f8f800000000000000000000f8
02:09:44.476 [DEBUG] [serial] Sin header 0xAA, descartando 128 bytes: 00000000000000f8f800000000000000
02:09:44.485 [DEBUG] [serial] RX 128 bytes: f800000000000000000000f8f800000000000000000000f8f800000000000000000000f8f800000000000000000000f8f800000000000000000000f8f800000000000000000000f8f800000000000000000000f8f800000000000000000000f8f800000000000000000000f8f800000000000000000000f8f800000000000000
02:09:44.485 [DEBUG] [serial] Sin header 0xAA, descartando 128 bytes: f800000000000000000000f8f8000000
02:09:44.494 [DEBUG] [serial] RX 128 bytes: 000000f8f800000000000000000000f8f800000000000000000000f8f800000000000000000000f8f800000000000000000000f8f800000000000000000000f8f800000000000000000000f8f800000000000000000000f8f800000000000000000000f8f800000000000000000000f8f800000000000000000000f8f8000000
02:09:44.494 [DEBUG] [serial] Sin header 0xAA, descartando 128 bytes: 000000f8f800000000000000000000f8
02:09:44.503 [DEBUG] [serial] RX 128 bytes: 00000000000000f8f800000000000000000000f8f800000000000000000000f8f800000000000000000000f8f800000000000000000000f8f800000000000000000000f8f800000000000000000000f8f800000000000000000000f8f800000000000000000000f8f800000000000000000000f8f800000000000000000000f8
02:09:44.504 [DEBUG] [serial] Sin header 0xAA, descartando 128 bytes: 00000000000000f8f800000000000000
02:09:44.513 [DEBUG] [serial] RX 128 bytes: f800000000000000000000f8f800000000000000000000f8f800000000000000000000f8f800000000000000000000f8f800000000000000000000f8f800000000000000000000f8f800000000000000000000f8f800000000000000000000f8f800000000000000000000f8f800000000000000000000f8f800000000000000
02:09:44.513 [DEBUG] [serial] Sin header 0xAA, descartando 128 bytes: f800000000000000000000f8f8000000
02:09:44.522 [DEBUG] [serial] RX 128 bytes: 000000f8f800000000000000000000f8f800000000000000000000f8f800000000000000000000f8f800000000000000000000f8f800000000000000000000f8f800000000000000000000f8f800000000000000000000f8f800000000000000000000f8f800000000000000000000f8f800000000000000000000f8f8000000
02:09:44.522 [DEBUG] [serial] Sin header 0xAA, descartando 128 bytes: 000000f8f800000000000000000000f8
02:09:44.531 [DEBUG] [serial] RX 128 bytes: 00000000000000f8f800000000000000000000f8f800000000000000000000f8f800000000000000000000f8f800000000000000000000f8f800000000000000000000f8f800000000000000000000f8f800000000000000000000f8f800000000000000000000f8f800000000000000000000f8f800000000000000000000f8
02:09:44.531 [DEBUG] [serial] Sin header 0xAA, descartando 128 bytes: 00000000000000f8f800000000000000
02:09:44.541 [DEBUG] [serial] RX 128 bytes: f800000000000000000000f8f800000000000000000000f8f800000000000000000000f8f800000000000000000000f8f800000000000000000000f8f800000000000000000000f8f800000000000000000000f8f800000000000000000000f8f800000000000000000000f8f800000000000000000000f8f800000000000000
02:09:44.541 [DEBUG] [serial] Sin header 0xAA, descartando 128 bytes: f800000000000000000000f8f8000000
02:09:44.550 [DEBUG] [serial] RX 128 bytes: 000000f8f800000000000000000000f8f800000000000000000000f8f800000000000000000000f8f800000000000000000000f8f800000000000000000000f8f800000000000000000000f8f800000000000000000000f8f800000000000000000000f8f800000000000000000000f8f800000000000000000000f8f8000000
02:09:44.550 [DEBUG] [serial] Sin header 0xAA, descartando 128 bytes: 000000f8f800000000000000000000f8
02:09:44.559 [DEBUG] [serial] RX 128 bytes: 00000000000000f8f800000000000000000000f8f800000000000000000000f8f800000000000000000000f8f800000000000000000000f8f800000000000000000000f8f800000000000000000000f8f800000000000000000000f8f800000000000000000000f8f800000000000000000000f8f800000000000000000000f8
02:09:44.559 [DEBUG] [serial] Sin header 0xAA, descartando 128 bytes: 00000000000000f8f800000000000000
02:09:44.569 [DEBUG] [serial] RX 128 bytes: f800000000000000000000f8f800000000000000000000f8f800000000000000000000f8f800000000000000000000f8f800000000000000000000f8f800000000000000000000f8f800000000000000000000f8f800000000000000000000f8f800000000000000000000f8f800000000000000000000f8f800000000000000
02:09:44.569 [DEBUG] [serial] Sin header 0xAA, descartando 128 bytes: f800000000000000000000f8f8000000
02:09:44.578 [DEBUG] [serial] RX 128 bytes: 000000f8f800000000000000000000f8f800000000000000000000f8f800000000000000000000f8f800000000000000000000f8f800000000000000000000f8f800000000000000000000f8f800000000000000000000f8f800000000000000000000f8f800000000000000000000f8f800000000000000000000f8f8000000
02:09:44.578 [DEBUG] [serial] Sin header 0xAA, descartando 128 bytes: 000000f8f800000000000000000000f8
02:09:44.587 [DEBUG] [serial] RX 128 bytes: 00000000000000f8f800000000000000000000f8f800000000000000000000f8f800000000000000000000f8f800000000000000000000f8f800000000000000000000f8f800000000000000000000f8f800000000000000000000f8f800000000000000000000f8f800000000000000000000f8f800000000000000000000f8
02:09:44.587 [DEBUG] [serial] Sin header 0xAA, descartando 128 bytes: 00000000000000f8f800000000000000
02:09:44.596 [DEBUG] [serial] RX 128 bytes: f800000000000000000000f8f800000000000000000000f8f800000000000000000000f8f800000000000000000000f8f800000000000000000000f8f800000000000000000000f8f800000000000000000000f8f800000000000000000000f8f800000000000000000000f8f800000000000000000000f8f800000000000000
02:09:44.597 [DEBUG] [serial] Sin header 0xAA, descartando 128 bytes: f800000000000000000000f8f8000000
02:09:44.606 [DEBUG] [serial] RX 128 bytes: 000000f8f800000000000000000000f8f800000000000000000000f8f800000000000000000000f8f800000000000000000000f8f800000000000000000000f8f800000000000000000000f8f800000000000000000000f8f800000000000000000000f8f800000000000000000000f8f800000000000000000000f8f8000000
02:09:44.607 [DEBUG] [serial] Sin header 0xAA, descartando 128 bytes: 000000f8f800000000000000000000f8
02:09:44.615 [DEBUG] [serial] RX 128 bytes: 00000000000000f8f800000000000000000000f8f800000000000000000000f8f800000000000000000000f8f800000000000000000000f8f800000000000000000000f8f800000000000000000000f8f800000000000000000000f8f800000000000000000000f8f800000000000000000000f8f800000000000000000000f8
02:09:44.615 [DEBUG] [serial] Sin header 0xAA, descartando 128 bytes: 00000000000000f8f800000000000000
02:09:44.624 [DEBUG] [serial] RX 128 bytes: f800000000000000000000f8f800000000000000000000f8f800000000000000000000f8f800000000000000000000f8f800000000000000000000f8f800000000000000000000f8f800000000000000000000f8f800000000000000000000f8f800000000000000000000f8f800000000000000000000f8f800000000000000
02:09:44.625 [DEBUG] [serial] Sin header 0xAA, descartando 128 bytes: f800000000000000000000f8f8000000
02:09:44.634 [DEBUG] [serial] RX 128 bytes: 000000f8f800000000000000000000f8f800000000000000000000f8f800000000000000000000f8f800000000000000000000f8f800000000000000000000f8f800000000000000000000f8f800000000000000000000f8f800000000000000000000f8f800000000000000000000f8f800000000000000000000f8f8000000
02:09:44.634 [DEBUG] [serial] Sin header 0xAA, descartando 128 bytes: 000000f8f800000000000000000000f8
02:09:44.643 [DEBUG] [serial] RX 128 bytes: 00000000000000f8f800000000000000000000f8f800000000000000000000f8f800000000000000000000f8f800000000000000000000f8f800000000000000000000f8f800000000000000000000f8f800000000000000000000f8f800000000000000000000f8f800000000000000000000f8f800000000000000000000f8
02:09:44.643 [DEBUG] [serial] Sin header 0xAA, descartando 128 bytes: 00000000000000f8f800000000000000
02:09:44.652 [DEBUG] [serial] RX 128 bytes: f800000000000000000000f8f800000000000000000000f8f800000000000000000000f8f800000000000000000000f8f800000000000000000000f8f800000000000000000000f8f800000000000000000000f8f800000000000000000000f8f800000000000000000000f8f800000000000000000000f8f800000000000000
02:09:44.652 [DEBUG] [serial] Sin header 0xAA, descartando 128 bytes: f800000000000000000000f8f8000000
02:09:44.662 [DEBUG] [serial] RX 128 bytes: 000000f8f800000000000000000000f8f800000000000000000000f8f800000000000000000000f8f800000000000000000000f8f800000000000000000000f8f800000000000000000000f8f800000000000000000000f8f800000000000000000000f8f800000000000000000000f8f800000000000000000000f8f8000000
02:09:44.662 [DEBUG] [serial] Sin header 0xAA, descartando 128 bytes: 000000f8f800000000000000000000f8
02:09:44.671 [DEBUG] [serial] RX 128 bytes: 00000000000000f8f800000000000000000000f8f800000000000000000000f8f800000000000000000000f8f800000000000000000000f8f800000000000000000000f8f800000000000000000000f8f800000000000000000000f8f800000000000000000000f8f800000000000000000000f8f800000000000000000000f8
02:09:44.671 [DEBUG] [serial] Sin header 0xAA, descartando 128 bytes: 00000000000000f8f800000000000000
02:09:44.680 [DEBUG] [serial] RX 128 bytes: f800000000000000000000f8f800000000000000000000f8f800000000000000000000f8f800000000000000000000f8f800000000000000000000f8f800000000000000000000f8f800000000000000000000f8f800000000000000000000f8f800000000000000000000f8f800000000000000000000f8f800000000000000
02:09:44.680 [DEBUG] [serial] Sin header 0xAA, descartando 128 bytes: f800000000000000000000f8f8000000
02:09:44.690 [DEBUG] [serial] RX 128 bytes: 000000f8f800000000000000000000f8f800000000000000000000f8f800000000000000000000f8f800000000000000000000f8f800000000000000000000f8f800000000000000000000f8f800000000000000000000f8f800000000000000000000f8f800000000000000000000f8f800000000000000000000f8f8000000
02:09:44.690 [DEBUG] [serial] Sin header 0xAA, descartando 128 bytes: 000000f8f800000000000000000000f8
02:09:44.699 [DEBUG] [serial] RX 128 bytes: 00000000000000f8f800000000000000000000f8f800000000000000000000f8f800000000000000000000f8f800000000000000000000f8f800000000000000000000f8f800000000000000000000f8f800000000000000000000f8f800000000000000000000f8f800000000000000000000f8f800000000000000000000f8
02:09:44.699 [DEBUG] [serial] Sin header 0xAA, descartando 128 bytes: 00000000000000f8f800000000000000
02:09:44.708 [DEBUG] [serial] RX 128 bytes: f800000000000000000000f8f800000000000000000000f8f800000000000000000000f8f800000000000000000000f8f800000000000000000000f8f800000000000000000000f8f800000000000000000000f8f800000000000000000000f8f800000000000000000000f8f800000000000000000000f8f800000000000000
02:09:44.708 [DEBUG] [serial] Sin header 0xAA, descartando 128 bytes: f800000000000000000000f8f8000000
02:09:44.717 [DEBUG] [serial] RX 128 bytes: 000000f8f800000000000000000000f8f800000000000000000000f8f800000000000000000000f8f800000000000000000000f8f800000000000000000000f8f800000000000000000000f8f800000000000000000000f8f800000000000000000000f8f800000000000000000000f8f800000000000000000000f8f8000000
02:09:44.718 [DEBUG] [serial] Sin header 0xAA, descartando 128 bytes: 000000f8f800000000000000000000f8
02:09:44.727 [DEBUG] [serial] RX 128 bytes: 00000000000000f8f800000000000000000000f8f800000000000000000000f8f800000000000000000000f8f800000000000000000000f8f800000000000000000000f8f800000000000000000000f8f800000000000000000000f8f800000000000000000000f8f800000000000000000000f8f800000000000000000000f8
02:09:44.727 [DEBUG] [serial] Sin header 0xAA, descartando 128 bytes: 00000000000000f8f800000000000000
02:09:44.736 [DEBUG] [serial] RX 128 bytes: f800000000000000000000f8f800000000000000000000f8f800000000000000000000f8f800000000000000000000f8f800000000000000000000f8f800000000000000000000f8f800000000000000000000f8f800000000000000000000f8f800000000000000000000f8f800000000000000000000f8f800000000000000
02:09:44.736 [DEBUG] [serial] Sin header 0xAA, descartando 128 bytes: f800000000000000000000f8f8000000
02:09:44.745 [DEBUG] [serial] RX 128 bytes: 000000f8f800000000000000000000f8f800000000000000000000f8f800000000000000000000f8f800000000000000000000f8f800000000000000000000f8f800000000000000000000f8f800000000000000000000f8f800000000000000000000f8f800000000000000000000f8f800000000000000000000f8f8000000
02:09:44.746 [DEBUG] [serial] Sin header 0xAA, descartando 128 bytes: 000000f8f800000000000000000000f8
02:09:44.755 [DEBUG] [serial] RX 128 bytes: 00000000000000f8f800000000000000000000f8f800000000000000000000f8f800000000000000000000f8f800000000000000000000f8f800000000000000000000f8f800000000000000000000f8f800000000000000000000f8f800000000000000000000f8f800000000000000000000f8f800000000000000000000f8
02:09:44.755 [DEBUG] [serial] Sin header 0xAA, descartando 128 bytes: 00000000000000f8f800000000000000
02:09:44.764 [DEBUG] [serial] RX 128 bytes: f800000000000000000000f8f800000000000000000000f8f800000000000000000000f8f800000000000000000000f8f800000000000000000000f8f800000000000000000000f8f800000000000000000000f8f800000000000000000000f8f800000000000000000000f8f800000000000000000000f8f800000000000000
02:09:44.764 [DEBUG] [serial] Sin header 0xAA, descartando 128 bytes: f800000000000000000000f8f8000000
02:09:44.773 [DEBUG] [serial] RX 128 bytes: 000000f8f800000000000000000000f8f800000000000000000000f8f800000000000000000000f8f800000000000000000000f8f800000000000000000000f8f800000000000000000000f8f800000000000000000000f8f800000000000000000000f8f800000000000000000000f8f800000000000000000000f8f8000000
02:09:44.774 [DEBUG] [serial] Sin header 0xAA, descartando 128 bytes: 000000f8f800000000000000000000f8
02:09:44.783 [DEBUG] [serial] RX 128 bytes: 00000000000000f8f800000000000000000000f8f800000000000000000000f8f800000000000000000000f8f800000000000000000000f8f800000000000000000000f8f800000000000000000000f8f800000000000000000000f8f800000000000000000000f8f800000000000000000000f8f800000000000000000000f8
02:09:44.783 [DEBUG] [serial] Sin header 0xAA, descartando 128 bytes: 00000000000000f8f800000000000000
02:09:44.792 [DEBUG] [serial] RX 128 bytes: f800000000000000000000f8f800000000000000000000f8f800000000000000000000f8f800000000000000000000f8f800000000000000000000f8f800000000000000000000f8f800000000000000000000f8f800000000000000000000f8f800000000000000000000f8f800000000000000000000f8f800000000000000
02:09:44.792 [DEBUG] [serial] Sin header 0xAA, descartando 128 bytes: f800000000000000000000f8f8000000
02:09:44.801 [DEBUG] [serial] RX 128 bytes: 000000f8f800000000000000000000f8f800000000000000000000f8f800000000000000000000f8f800000000000000000000f8f800000000000000000000f8f800000000000000000000f8f800000000000000000000f8f800000000000000000000f8f800000000000000000000f8f800000000000000000000f8f8000000
02:09:44.801 [DEBUG] [serial] Sin header 0xAA, descartando 128 bytes: 000000f8f800000000000000000000f8
02:09:44.811 [DEBUG] [serial] RX 128 bytes: 00000000000000f8f800000000000000000000f8f800000000000000000000f8f800000000000000000000f8f800000000000000000000f8f800000000000000000000f8f800000000000000000000f8f800000000000000000000f8f800000000000000000000f8f800000000000000000000f8f800000000000000000000f8
02:09:44.811 [DEBUG] [serial] Sin header 0xAA, descartando 128 bytes: 00000000000000f8f800000000000000
02:09:44.820 [DEBUG] [serial] RX 128 bytes: f800000000000000000000f8f800000000000000000000f8f800000000000000000000f8f800000000000000000000f8f800000000000000000000f8f800000000000000000000f8f800000000000000000000f8f800000000000000000000f8f800000000000000000000f8f800000000000000000000f8f800000000000000
02:09:44.820 [DEBUG] [serial] Sin header 0xAA, descartando 128 bytes: f800000000000000000000f8f8000000
02:09:44.829 [DEBUG] [serial] RX 128 bytes: 000000f8f800000000000000000000f8f800000000000000000000f8f800000000000000000000f8f800000000000000000000f8f800000000000000000000f8f800000000000000000000f8f800000000000000000000f8f800000000000000000000f8f800000000000000000000f8f800000000000000000000f8f8000000
02:09:44.829 [DEBUG] [serial] Sin header 0xAA, descartando 128 bytes: 000000f8f800000000000000000000f8
02:09:44.838 [DEBUG] [serial] RX 128 bytes: 00000000000000f8f800000000000000000000f8f800000000000000000000f8f800000000000000000000f8f800000000000000000000f8f800000000000000000000f8f800000000000000000000f8f800000000000000000000f8f800000000000000000000f8f800000000000000000000f8f800000000000000000000f8
02:09:44.839 [DEBUG] [serial] Sin header 0xAA, descartando 128 bytes: 00000000000000f8f800000000000000
02:09:44.848 [DEBUG] [serial] RX 128 bytes: f800000000000000000000f8f800000000000000000000f8f800000000000000000000f8f800000000000000000000f8f800000000000000000000f8f800000000000000000000f8f800000000000000000000f8f800000000000000000000f8f800000000000000000000f8f800000000000000000000f8f800000000000000
02:09:44.848 [DEBUG] [serial] Sin header 0xAA, descartando 128 bytes: f800000000000000000000f8f8000000
02:09:44.857 [DEBUG] [serial] RX 128 bytes: 000000f8f800000000000000000000f8f800000000000000000000f8f800000000000000000000f8f800000000000000000000f8f800000000000000000000f8f800000000000000000000f8f800000000000000000000f8f800000000000000000000f8f800000000000000000000f8f800000000000000000000f8f8000000
02:09:44.857 [DEBUG] [serial] Sin header 0xAA, descartando 128 bytes: 000000f8f800000000000000000000f8
02:09:44.866 [DEBUG] [serial] RX 128 bytes: 00000000000000f8f800000000000000000000f8f800000000000000000000f8f800000000000000000000f8f800000000000000000000f8f800000000000000000000f8f800000000000000000000f8f800000000000000000000f8f800000000000000000000f8f800000000000000000000f8f800000000000000000000f8
02:09:44.866 [DEBUG] [serial] Sin header 0xAA, descartando 128 bytes: 00000000000000f8f800000000000000
02:09:44.876 [DEBUG] [serial] RX 128 bytes: f800000000000000000000f8f800000000000000000000f8f800000000000000000000f8f800000000000000000000f8f800000000000000000000f8f800000000000000000000f8f800000000000000000000f8f800000000000000000000f8f800000000000000000000f8f800000000000000000000f8f800000000000000
02:09:44.876 [DEBUG] [serial] Sin header 0xAA, descartando 128 bytes: f800000000000000000000f8f8000000
02:09:44.885 [DEBUG] [serial] RX 128 bytes: 000000f8f800000000000000000000f8f800000000000000000000f8f800000000000000000000f8f800000000000000000000f8f800000000000000000000f8f800000000000000000000f8f800000000000000000000f8f800000000000000000000f8f800000000000000000000f8f800000000000000000000f8f8000000
02:09:44.885 [DEBUG] [serial] Sin header 0xAA, descartando 128 bytes: 000000f8f800000000000000000000f8
02:09:44.894 [DEBUG] [serial] RX 128 bytes: 00000000000000f8f800000000000000000000f8f800000000000000000000f8f800000000000000000000f8f800000000000000000000f8f800000000000000000000f8f800000000000000000000f8f800000000000000000000f8f800000000000000000000f8f800000000000000000000f8f800000000000000000000f8
02:09:44.894 [DEBUG] [serial] Sin header 0xAA, descartando 128 bytes: 00000000000000f8f800000000000000
02:09:44.904 [DEBUG] [serial] RX 128 bytes: f800000000000000000000f8f800000000000000000000f8f800000000000000000000f8f800000000000000000000f8f800000000000000000000f8f800000000000000000000f8f800000000000000000000f8f800000000000000000000f8f800000000000000000000f8f800000000000000000000f8f800000000000000
02:09:44.904 [DEBUG] [serial] Sin header 0xAA, descartando 128 bytes: f800000000000000000000f8f8000000
02:09:44.913 [DEBUG] [serial] RX 128 bytes: 000000f8f800000000000000000000f8f800000000000000000000f8f800000000000000000000f8f800000000000000000000f8f800000000000000000000f8f800000000000000000000f8f800000000000000000000f8f800000000000000000000f8f800000000000000000000f8f800000000000000000000f8f8000000
02:09:44.913 [DEBUG] [serial] Sin header 0xAA, descartando 128 bytes: 000000f8f800000000000000000000f8
02:09:44.922 [DEBUG] [serial] RX 128 bytes: 00000000000000f8f800000000000000000000f8f800000000000000000000f8f800000000000000000000f8f800000000000000000000f8f800000000000000000000f8f800000000000000000000f8f800000000000000000000f8f800000000000000000000f8f800000000000000000000f8f800000000000000000000f8
02:09:44.923 [DEBUG] [serial] Sin header 0xAA, descartando 128 bytes: 00000000000000f8f800000000000000
02:09:44.931 [DEBUG] [serial] RX 128 bytes: f800000000000000000000f8f800000000000000000000f8f800000000000000000000f8f800000000000000000000f8f800000000000000000000f8f800000000000000000000f8f800000000000000000000f8f800000000000000000000f8f800000000000000000000f8f800000000000000000000f8f800000000000000
02:09:44.932 [DEBUG] [serial] Sin header 0xAA, descartando 128 bytes: f800000000000000000000f8f8000000
02:09:44.941 [DEBUG] [serial] RX 128 bytes: 000000f8f800000000000000000000f8f800000000000000000000f8f800000000000000000000f8f800000000000000000000f8f800000000000000000000f8f800000000000000000000f8f800000000000000000000f8f800000000000000000000f8f800000000000000000000f8f800000000000000000000f8f8000000
02:09:44.941 [DEBUG] [serial] Sin header 0xAA, descartando 128 bytes: 000000f8f800000000000000000000f8
02:09:44.950 [DEBUG] [serial] RX 128 bytes: 00000000000000f8f800000000000000000000f8f800000000000000000000f8f800000000000000000000f8f800000000000000000000f8f800000000000000000000f8f800000000000000000000f8f800000000000000000000f8f800000000000000000000f8f800000000000000000000f8f800000000000000000000f8
02:09:44.950 [DEBUG] [serial] Sin header 0xAA, descartando 128 bytes: 00000000000000f8f800000000000000
02:09:44.959 [DEBUG] [serial] RX 128 bytes: f800000000000000000000f8f800000000000000000000f8f800000000000000000000f8f800000000000000000000f8f800000000000000000000f8f800000000000000000000f8f800000000000000000000f8f800000000000000000000f8f800000000000000000000f8f800000000000000000000f8f800000000000000
02:09:44.960 [DEBUG] [serial] Sin header 0xAA, descartando 128 bytes: f800000000000000000000f8f8000000
02:09:44.969 [DEBUG] [serial] RX 128 bytes: 000000f8f800000000000000000000f8f800000000000000000000f8f800000000000000000000f8f800000000000000000000f8f800000000000000000000f8f800000000000000000000f8f800000000000000000000f8f800000000000000000000f8f800000000000000000000f8f800000000000000000000f8f8000000
02:09:44.969 [DEBUG] [serial] Sin header 0xAA, descartando 128 bytes: 000000f8f800000000000000000000f8
02:09:44.978 [DEBUG] [serial] RX 128 bytes: 00000000000000f8f800000000000000000000f8f800000000000000000000f8f800000000000000000000f8f800000000000000000000f8f800000000000000000000f8f800000000000000000000f8f800000000000000000000f8f800000000000000000000f8f800000000000000000000f8f800000000000000000000f8
02:09:44.978 [DEBUG] [serial] Sin header 0xAA, descartando 128 bytes: 00000000000000f8f800000000000000
02:09:44.987 [DEBUG] [serial] RX 128 bytes: f800000000000000000000f8f800000000000000000000f8f800000000000000000000f8f800000000000000000000f8f800000000000000000000f8f800000000000000000000f8f800000000000000000000f8f800000000000000000000f8f800000000000000000000f8f800000000000000000000f8f800000000000000
02:09:44.988 [DEBUG] [serial] Sin header 0xAA, descartando 128 bytes: f800000000000000000000f8f8000000
02:09:44.997 [DEBUG] [serial] RX 128 bytes: 000000f8f800000000000000000000f8f800000000000000000000f8f800000000000000000000f8f800000000000000000000f8f800000000000000000000f8f800000000000000000000f8f800000000000000000000f8f800000000000000000000f8f800000000000000000000f8f800000000000000000000f8f8000000
02:09:44.997 [DEBUG] [serial] Sin header 0xAA, descartando 128 bytes: 000000f8f800000000000000000000f8
02:09:45.006 [DEBUG] [serial] RX 128 bytes: 00000000000000f8f800000000000000000000f8f800000000000000000000f8f800000000000000000000f8f800000000000000000000f8f800000000000000000000f8f800000000000000000000f8f800000000000000000000f8f800000000000000000000f8f800000000000000000000f8f800000000000000000000f8
02:09:45.006 [DEBUG] [serial] Sin header 0xAA, descartando 128 bytes: 00000000000000f8f800000000000000
02:09:45.015 [DEBUG] [serial] RX 128 bytes: f800000000000000000000f8f800000000000000000000f8f800000000000000000000f8f800000000000000000000f8f800000000000000000000f8f800000000000000000000f8f800000000000000000000f8f800000000000000000000f8f800000000000000000000f8f800000000000000000000f8f800000000000000
02:09:45.015 [DEBUG] [serial] Sin header 0xAA, descartando 128 bytes: f800000000000000000000f8f8000000
02:09:45.025 [DEBUG] [serial] RX 128 bytes: 000000f8f800000000000000000000f8f800000000000000000000f8f800000000000000000000f8f800000000000000000000f8f800000000000000000000f8f800000000000000000000f8f800000000000000000000f8f800000000000000000000f8f800000000000000000000f8f800000000000000000000f8f8000000
02:09:45.025 [DEBUG] [serial] Sin header 0xAA, descartando 128 bytes: 000000f8f800000000000000000000f8
02:09:45.034 [DEBUG] [serial] RX 128 bytes: 00000000000000f8f800000000000000000000f8f800000000000000000000f8f800000000000000000000f8f800000000000000000000f8f800000000000000000000f8f800000000000000000000f8f800000000000000000000f8f800000000000000000000f8f800000000000000000000f8f800000000000000000000f8
02:09:45.034 [DEBUG] [serial] Sin header 0xAA, descartando 128 bytes: 00000000000000f8f800000000000000
02:09:45.043 [DEBUG] [serial] RX 128 bytes: f800000000000000000000f8f800000000000000000000f8f800000000000000000000f8f800000000000000000000f8f800000000000000000000f8f800000000000000000000f8f800000000000000000000f8f800000000000000000000f8f800000000000000000000f8f800000000000000000000f8f800000000000000
02:09:45.043 [DEBUG] [serial] Sin header 0xAA, descartando 128 bytes: f800000000000000000000f8f8000000
02:09:45.052 [DEBUG] [serial] RX 128 bytes: 000000f8f800000000000000000000f8f800000000000000000000f8f800000000000000000000f8f800000000000000000000f8f800000000000000000000f8f800000000000000000000f8f800000000000000000000f8f800000000000000000000f8f800000000000000000000f8f800000000000000000000f8f8000000
02:09:45.053 [DEBUG] [serial] Sin header 0xAA, descartando 128 bytes: 000000f8f800000000000000000000f8
02:09:45.062 [DEBUG] [serial] RX 128 bytes: 00000000000000f8f800000000000000000000f8f800000000000000000000f8f800000000000000000000f8f800000000000000000000f8f800000000000000000000f8f800000000000000000000f8f800000000000000000000f8f800000000000000000000f8f800000000000000000000f8f800000000000000000000f8
02:09:45.062 [DEBUG] [serial] Sin header 0xAA, descartando 128 bytes: 00000000000000f8f800000000000000
02:09:45.071 [DEBUG] [serial] RX 128 bytes: f800000000000000000000f8f800000000000000000000f8f800000000000000000000f8f800000000000000000000f8f800000000000000000000f8f800000000000000000000f8f800000000000000000000f8f800000000000000000000f8f800000000000000000000f8f800000000000000000000f8f800000000000000
02:09:45.071 [DEBUG] [serial] Sin header 0xAA, descartando 128 bytes: f800000000000000000000f8f8000000
02:09:45.080 [DEBUG] [serial] RX 128 bytes: 000000f8f800000000000000000000f8f800000000000000000000f8f800000000000000000000f8f800000000000000000000f8f800000000000000000000f8f800000000000000000000f8f800000000000000000000f8f800000000000000000000f8f800000000000000000000f8f800000000000000000000f8f8000000
02:09:45.081 [DEBUG] [serial] Sin header 0xAA, descartando 128 bytes: 000000f8f800000000000000000000f8
02:09:45.090 [DEBUG] [serial] RX 128 bytes: 00000000000000f8f800000000000000000000f8f800000000000000000000f8f800000000000000000000f8f800000000000000000000f8f800000000000000000000f8f800000000000000000000f8f800000000000000000000f8f800000000000000000000f8f800000000000000000000f8f800000000000000000000f8
02:09:45.090 [DEBUG] [serial] Sin header 0xAA, descartando 128 bytes: 00000000000000f8f800000000000000
02:09:45.099 [DEBUG] [serial] RX 128 bytes: f800000000000000000000f8f800000000000000000000f8f800000000000000000000f8f800000000000000000000f8f800000000000000000000f8f800000000000000000000f8f800000000000000000000f8f800000000000000000000f8f800000000000000000000f8f800000000000000000000f8f800000000000000
02:09:45.099 [DEBUG] [serial] Sin header 0xAA, descartando 128 bytes: f800000000000000000000f8f8000000
02:09:45.109 [DEBUG] [serial] RX 128 bytes: 000000f8f800000000000000000000f8f800000000000000000000f8f800000000000000000000f8f800000000000000000000f8f800000000000000000000f8f800000000000000000000f8f800000000000000000000f8f800000000000000000000f8f800000000000000000000f8f800000000000000000000f8f8000000
02:09:45.109 [DEBUG] [serial] Sin header 0xAA, descartando 128 bytes: 000000f8f800000000000000000000f8
02:09:45.118 [DEBUG] [serial] RX 128 bytes: 00000000000000f8f800000000000000000000f8f800000000000000000000f8f800000000000000000000f8f800000000000000000000f8f800000000000000000000f8f800000000000000000000f8f800000000000000000000f8f800000000000000000000f8f800000000000000000000f8f800000000000000000000f8
02:09:45.118 [DEBUG] [serial] Sin header 0xAA, descartando 128 bytes: 00000000000000f8f800000000000000
02:09:45.127 [DEBUG] [serial] RX 128 bytes: f800000000000000000000f8f800000000000000000000f8f800000000000000000000f8f800000000000000000000f8f800000000000000000000f8f800000000000000000000f8f800000000000000000000f8f800000000000000000000f8f800000000000000000000f8f800000000000000000000f8f800000000000000
02:09:45.127 [DEBUG] [serial] Sin header 0xAA, descartando 128 bytes: f800000000000000000000f8f8000000
02:09:45.136 [DEBUG] [serial] RX 128 bytes: 000000f8f800000000000000000000f8f800000000000000000000f8f800000000000000000000f8f800000000000000000000f8f800000000000000000000f8f800000000000000000000f8f800000000000000000000f8f800000000000000000000f8f800000000000000000000f8f800000000000000000000f8f8000000
02:09:45.136 [DEBUG] [serial] Sin header 0xAA, descartando 128 bytes: 000000f8f800000000000000000000f8
02:09:45.146 [DEBUG] [serial] RX 128 bytes: 00000000000000f8f800000000000000000000f8f800000000000000000000f8f800000000000000000000f8f800000000000000000000f8f800000000000000000000f8f800000000000000000000f8f800000000000000000000f8f800000000000000000000f8f800000000000000000000f8f800000000000000000000f8
02:09:45.146 [DEBUG] [serial] Sin header 0xAA, descartando 128 bytes: 00000000000000f8f800000000000000
02:09:45.155 [DEBUG] [serial] RX 128 bytes: f800000000000000000000f8f800000000000000000000f8f800000000000000000000f8f800000000000000000000f8f800000000000000000000f8f800000000000000000000f8f800000000000000000000f8f800000000000000000000f8f800000000000000000000f8f800000000000000000000f8f800000000000000
02:09:45.155 [DEBUG] [serial] Sin header 0xAA, descartando 128 bytes: f800000000000000000000f8f8000000
02:09:45.164 [DEBUG] [serial] RX 128 bytes: 000000f8f800000000000000000000f8f800000000000000000000f8f800000000000000000000f8f800000000000000000000f8f800000000000000000000f8f800000000000000000000f8f800000000000000000000f8f800000000000000000000f8f800000000000000000000f8f800000000000000000000f8f8000000
02:09:45.164 [DEBUG] [serial] Sin header 0xAA, descartando 128 bytes: 000000f8f800000000000000000000f8
02:09:45.174 [DEBUG] [serial] RX 128 bytes: 00000000000000f8f800000000000000000000f8f800000000000000000000f8f800000000000000000000f8f800000000000000000000f8f800000000000000000000f8f800000000000000000000f8f800000000000000000000f8f800000000000000000000f8f800000000000000000000f8f800000000000000000000f8
02:09:45.174 [DEBUG] [serial] Sin header 0xAA, descartando 128 bytes: 00000000000000f8f800000000000000
02:09:45.183 [DEBUG] [serial] RX 128 bytes: f800000000000000000000f8f800000000000000000000f8f800000000000000000000f8f800000000000000000000f8f800000000000000000000f8f800000000000000000000f8f800000000000000000000f8f800000000000000000000f8f800000000000000000000f8f800000000000000000000f8f800000000000000
02:09:45.183 [DEBUG] [serial] Sin header 0xAA, descartando 128 bytes: f800000000000000000000f8f8000000
02:09:45.192 [DEBUG] [serial] RX 128 bytes: 000000f8f800000000000000000000f8f800000000000000000000f8f800000000000000000000f8f800000000000000000000f8f800000000000000000000f8f800000000000000000000f8f800000000000000000000f8f800000000000000000000f8f800000000000000000000f8f800000000000000000000f8f8000000
02:09:45.192 [DEBUG] [serial] Sin header 0xAA, descartando 128 bytes: 000000f8f800000000000000000000f8
02:09:45.202 [DEBUG] [serial] RX 128 bytes: 00000000000000f8f800000000000000000000f8f800000000000000000000f8f800000000000000000000f8f800000000000000000000f8f800000000000000000000f8f800000000000000000000f8f800000000000000000000f8f800000000000000000000f8f800000000000000000000f8f800000000000000000000f8
02:09:45.202 [DEBUG] [serial] Sin header 0xAA, descartando 128 bytes: 00000000000000f8f800000000000000
02:09:45.211 [DEBUG] [serial] RX 128 bytes: f800000000000000000000f8f800000000000000000000f8f800000000000000000000f8f800000000000000000000f8f800000000000000000000f8f800000000000000000000f8f800000000000000000000f8f800000000000000000000f8f800000000000000000000f8f800000000000000000000f8f800000000000000
02:09:45.211 [DEBUG] [serial] Sin header 0xAA, descartando 128 bytes: f800000000000000000000f8f8000000
02:09:45.220 [DEBUG] [serial] RX 128 bytes: 000000f8f800000000000000000000f8f800000000000000000000f8f800000000000000000000f8f800000000000000000000f8f800000000000000000000f8f800000000000000000000f8f800000000000000000000f8f800000000000000000000f8f800000000000000000000f8f800000000000000000000f8f8000000
02:09:45.220 [DEBUG] [serial] Sin header 0xAA, descartando 128 bytes: 000000f8f800000000000000000000f8
02:09:45.229 [DEBUG] [serial] RX 128 bytes: 00000000000000f8f800000000000000000000f8f800000000000000000000f8f800000000000000000000f8f800000000000000000000f8f800000000000000000000f8f800000000000000000000f8f800000000000000000000f8f800000000000000000000f8f800000000000000000000f8f800000000000000000000f8
02:09:45.230 [DEBUG] [serial] Sin header 0xAA, descartando 128 bytes: 00000000000000f8f800000000000000
02:09:45.239 [DEBUG] [serial] RX 128 bytes: f800000000000000000000f8f800000000000000000000f8f800000000000000000000f8f800000000000000000000f8f800000000000000000000f8f800000000000000000000f8f800000000000000000000f8f800000000000000000000f8f800000000000000000000f8f800000000000000000000f8f800000000000000
02:09:45.239 [DEBUG] [serial] Sin header 0xAA, descartando 128 bytes: f800000000000000000000f8f8000000
02:09:45.248 [DEBUG] [serial] RX 128 bytes: 000000f8f800000000000000000000f8f800000000000000000000f8f800000000000000000000f8f800000000000000000000f8f800000000000000000000f8f800000000000000000000f8f800000000000000000000f8f800000000000000000000f8f800000000000000000000f8f800000000000000000000f8f8000000
02:09:45.248 [DEBUG] [serial] Sin header 0xAA, descartando 128 bytes: 000000f8f800000000000000000000f8
02:09:45.257 [DEBUG] [serial] RX 128 bytes: 00000000000000f8f800000000000000000000f8f800000000000000000000f8f800000000000000000000f8f800000000000000000000f8f800000000000000000000f8f800000000000000000000f8f800000000000000000000f8f800000000000000000000f8f800000000000000000000f8f800000000000000000000f8
02:09:45.258 [DEBUG] [serial] Sin header 0xAA, descartando 128 bytes: 00000000000000f8f800000000000000
02:09:45.267 [DEBUG] [serial] RX 128 bytes: f800000000000000000000f8f800000000000000000000f8f800000000000000000000f8f800000000000000000000f8f800000000000000000000f8f800000000000000000000f8f800000000000000000000f8f800000000000000000000f8f800000000000000000000f8f800000000000000000000f8f800000000000000
02:09:45.267 [DEBUG] [serial] Sin header 0xAA, descartando 128 bytes: f800000000000000000000f8f8000000
02:09:45.276 [DEBUG] [serial] RX 128 bytes: 000000f8f800000000000000000000f8f800000000000000000000f8f800000000000000000000f8f800000000000000000000f8f800000000000000000000f8f800000000000000000000f8f800000000000000000000f8f800000000000000000000f8f800000000000000000000f8f800000000000000000000f8f8000000
02:09:45.276 [DEBUG] [serial] Sin header 0xAA, descartando 128 bytes: 000000f8f800000000000000000000f8
02:09:45.285 [DEBUG] [serial] RX 128 bytes: 00000000000000f8f800000000000000000000f8f800000000000000000000f8f800000000000000000000f8f800000000000000000000f8f800000000000000000000f8f800000000000000000000f8f800000000000000000000f8f800000000000000000000f8f800000000000000000000f8f800000000000000000000f8
02:09:45.286 [DEBUG] [serial] Sin header 0xAA, descartando 128 bytes: 00000000000000f8f800000000000000
02:09:45.295 [DEBUG] [serial] RX 128 bytes: f800000000000000000000f8f800000000000000000000f8f800000000000000000000f8f800000000000000000000f8f800000000000000000000f8f800000000000000000000f8f800000000000000000000f8f800000000000000000000f8f800000000000000000000f8f800000000000000000000f8f800000000000000
02:09:45.295 [DEBUG] [serial] Sin header 0xAA, descartando 128 bytes: f800000000000000000000f8f8000000
02:09:45.304 [DEBUG] [serial] RX 128 bytes: 000000f8f800000000000000000000f8f800000000000000000000f8f800000000000000000000f8f800000000000000000000f8f800000000000000000000f8f800000000000000000000f8f800000000000000000000f8f800000000000000000000f8f800000000000000000000f8f800000000000000000000f8f8000000
02:09:45.304 [DEBUG] [serial] Sin header 0xAA, descartando 128 bytes: 000000f8f800000000000000000000f8
02:09:45.313 [DEBUG] [serial] RX 128 bytes: 00000000000000f8f800000000000000000000f8f800000000000000000000f8f800000000000000000000f8f800000000000000000000f8f800000000000000000000f8f800000000000000000000f8f800000000000000000000f8f800000000000000000000f8f800000000000000000000f8f800000000000000000000f8
02:09:45.313 [DEBUG] [serial] Sin header 0xAA, descartando 128 bytes: 00000000000000f8f800000000000000
02:09:45.323 [DEBUG] [serial] RX 128 bytes: f800000000000000000000f8f800000000000000000000f8f800000000000000000000f8f800000000000000000000f8f800000000000000000000f8f800000000000000000000f8f800000000000000000000f8f800000000000000000000f8f800000000000000000000f8f800000000000000000000f8f800000000000000
02:09:45.323 [DEBUG] [serial] Sin header 0xAA, descartando 128 bytes: f800000000000000000000f8f8000000
02:09:45.332 [DEBUG] [serial] RX 128 bytes: 000000f8f800000000000000000000f8f800000000000000000000f8f800000000000000000000f8f800000000000000000000f8f800000000000000000000f8f800000000000000000000f8f800000000000000000000f8f800000000000000000000f8f800000000000000000000f8f800000000000000000000f8f8000000
02:09:45.332 [DEBUG] [serial] Sin header 0xAA, descartando 128 bytes: 000000f8f800000000000000000000f8
02:09:45.341 [DEBUG] [serial] RX 128 bytes: 00000000000000f8f800000000000000000000f8f800000000000000000000f8f800000000000000000000f8f800000000000000000000f8f800000000000000000000f8f800000000000000000000f8f800000000000000000000f8f800000000000000000000f8f800000000000000000000f8f800000000000000000000f8
02:09:45.341 [DEBUG] [serial] Sin header 0xAA, descartando 128 bytes: 00000000000000f8f800000000000000
02:09:45.351 [DEBUG] [serial] RX 128 bytes: f800000000000000000000f8f800000000000000000000f8f800000000000000000000f8f800000000000000000000f8f800000000000000000000f8f800000000000000000000f8f800000000000000000000f8f800000000000000000000f8f800000000000000000000f8f800000000000000000000f8f800000000000000
02:09:45.351 [DEBUG] [serial] Sin header 0xAA, descartando 128 bytes: f800000000000000000000f8f8000000
02:09:45.360 [DEBUG] [serial] RX 128 bytes: 000000f8f800000000000000000000f8f800000000000000000000f8f800000000000000000000f8f800000000000000000000f8f800000000000000000000f8f800000000000000000000f8f800000000000000000000f8f800000000000000000000f8f800000000000000000000f8f800000000000000000000f8f8000000
02:09:45.360 [DEBUG] [serial] Sin header 0xAA, descartando 128 bytes: 000000f8f800000000000000000000f8
02:09:45.369 [DEBUG] [serial] RX 128 bytes: 00000000000000f8f800000000000000000000f8f800000000000000000000f8f800000000000000000000f8f800000000000000000000f8f800000000000000000000f8f800000000000000000000f8f800000000000000000000f8f800000000000000000000f8f800000000000000000000f8f800000000000000000000f8
02:09:45.369 [DEBUG] [serial] Sin header 0xAA, descartando 128 bytes: 00000000000000f8f800000000000000
02:09:45.378 [DEBUG] [serial] RX 128 bytes: f800000000000000000000f8f800000000000000000000f8f800000000000000000000f8f800000000000000000000f8f800000000000000000000f8f800000000000000000000f8f800000000000000000000f8f800000000000000000000f8f800000000000000000000f8f800000000000000000000f8f800000000000000
02:09:45.379 [DEBUG] [serial] Sin header 0xAA, descartando 128 bytes: f800000000000000000000f8f8000000
02:09:45.388 [DEBUG] [serial] RX 128 bytes: 000000f8f800000000000000000000f8f800000000000000000000f8f800000000000000000000f8f800000000000000000000f8f800000000000000000000f8f800000000000000000000f8f800000000000000000000f8f800000000000000000000f8f800000000000000000000f8f800000000000000000000f8f8000000
02:09:45.388 [DEBUG] [serial] Sin header 0xAA, descartando 128 bytes: 000000f8f800000000000000000000f8
02:09:45.397 [DEBUG] [serial] RX 128 bytes: 00000000000000f8f800000000000000000000f8f800000000000000000000f8f800000000000000000000f8f800000000000000000000f8f800000000000000000000f8f800000000000000000000f8f800000000000000000000f8f800000000000000000000f8f800000000000000000000f8f800000000000000000000f8
02:09:45.397 [DEBUG] [serial] Sin header 0xAA, descartando 128 bytes: 00000000000000f8f800000000000000
02:09:45.406 [DEBUG] [serial] RX 128 bytes: f800000000000000000000f8f800000000000000000000f8f800000000000000000000f8f800000000000000000000f8f800000000000000000000f8f800000000000000000000f8f800000000000000000000f8f800000000000000000000f8f800000000000000000000f8f800000000000000000000f8f800000000000000
02:09:45.407 [DEBUG] [serial] Sin header 0xAA, descartando 128 bytes: f800000000000000000000f8f8000000
02:09:45.416 [DEBUG] [serial] RX 128 bytes: 000000f8f800000000000000000000f8f800000000000000000000f8f800000000000000000000f8f800000000000000000000f8f800000000000000000000f8f800000000000000000000f8f800000000000000000000f8f800000000000000000000f8f800000000000000000000f8f800000000000000000000f8f8000000
02:09:45.416 [DEBUG] [serial] Sin header 0xAA, descartando 128 bytes: 000000f8f800000000000000000000f8
02:09:45.425 [DEBUG] [serial] RX 128 bytes: 00000000000000f8f800000000000000000000f8f800000000000000000000f8f800000000000000000000f8f800000000000000000000f8f800000000000000000000f8f800000000000000000000f8f800000000000000000000f8f800000000000000000000f8f800000000000000000000f8f800000000000000000000f8
02:09:45.425 [DEBUG] [serial] Sin header 0xAA, descartando 128 bytes: 00000000000000f8f800000000000000
02:09:45.434 [DEBUG] [serial] RX 128 bytes: f800000000000000000000f8f800000000000000000000f8f800000000000000000000f8f800000000000000000000f8f800000000000000000000f8f800000000000000000000f8f800000000000000000000f8f800000000000000000000f8f800000000000000000000f8f800000000000000000000f8f800000000000000
02:09:45.435 [DEBUG] [serial] Sin header 0xAA, descartando 128 bytes: f800000000000000000000f8f8000000
02:09:45.444 [DEBUG] [serial] RX 128 bytes: 000000f8f800000000000000000000f8f800000000000000000000f8f800000000000000000000f8f800000000000000000000f8f800000000000000000000f8f800000000000000000000f8f800000000000000000000f8f800000000000000000000f8f800000000000000000000f8f800000000000000000000f8f8000000
02:09:45.444 [DEBUG] [serial] Sin header 0xAA, descartando 128 bytes: 000000f8f800000000000000000000f8
02:09:45.453 [DEBUG] [serial] RX 128 bytes: 00000000000000f8f800000000000000000000f8f800000000000000000000f8f800000000000000000000f8f800000000000000000000f8f800000000000000000000f8f800000000000000000000f8f800000000000000000000f8f800000000000000000000f8f800000000000000000000f8f800000000000000000000f8
02:09:45.454 [DEBUG] [serial] Sin header 0xAA, descartando 128 bytes: 00000000000000f8f800000000000000
02:09:45.462 [DEBUG] [serial] RX 128 bytes: f800000000000000000000f8f800000000000000000000f8f800000000000000000000f8f800000000000000000000f8f800000000000000000000f8f800000000000000000000f8f800000000000000000000f8f800000000000000000000f8f800000000000000000000f8f800000000000000000000f8f800000000000000
02:09:45.462 [DEBUG] [serial] Sin header 0xAA, descartando 128 bytes: f800000000000000000000f8f8000000
02:09:45.472 [DEBUG] [serial] RX 128 bytes: 000000f8f800000000000000000000f8f800000000000000000000f8f800000000000000000000f8f800000000000000000000f8f800000000000000000000f8f800000000000000000000f8f800000000000000000000f8f800000000000000000000f8f800000000000000000000f8f800000000000000000000f8f8000000
02:09:45.472 [DEBUG] [serial] Sin header 0xAA, descartando 128 bytes: 000000f8f800000000000000000000f8
02:09:45.481 [DEBUG] [serial] RX 128 bytes: 00000000000000f8f800000000000000000000f8f800000000000000000000f8f800000000000000000000f8f800000000000000000000f8f800000000000000000000f8f800000000000000000000f8f800000000000000000000f8f800000000000000000000f8f800000000000000000000f8f800000000000000000000f8
02:09:45.481 [DEBUG] [serial] Sin header 0xAA, descartando 128 bytes: 00000000000000f8f800000000000000
02:09:45.490 [DEBUG] [serial] RX 128 bytes: f800000000000000000000f8f800000000000000000000f8f800000000000000000000f8f800000000000000000000f8f800000000000000000000f8f800000000000000000000f8f800000000000000000000f8f800000000000000000000f8f800000000000000000000f8f800000000000000000000f8f800000000000000
02:09:45.490 [DEBUG] [serial] Sin header 0xAA, descartando 128 bytes: f800000000000000000000f8f8000000
02:09:45.499 [DEBUG] [serial] RX 128 bytes: 000000f8f800000000000000000000f8f800000000000000000000f8f800000000000000000000f8f800000000000000000000f8f800000000000000000000f8f800000000000000000000f8f800000000000000000000f8f800000000000000000000f8f800000000000000000000f8f800000000000000000000f8f8000000
02:09:45.500 [DEBUG] [serial] Sin header 0xAA, descartando 128 bytes: 000000f8f800000000000000000000f8
02:09:45.509 [DEBUG] [serial] RX 128 bytes: 00000000000000f8f800000000000000000000f8f800000000000000000000f8f800000000000000000000f8f800000000000000000000f8f800000000000000000000f8f800000000000000000000f8f800000000000000000000f8f800000000000000000000f8f800000000000000000000f8f800000000000000000000f8
02:09:45.509 [DEBUG] [serial] Sin header 0xAA, descartando 128 bytes: 00000000000000f8f800000000000000
02:09:45.518 [DEBUG] [serial] RX 128 bytes: f800000000000000000000f8f800000000000000000000f8f800000000000000000000f8f800000000000000000000f8f800000000000000000000f8f800000000000000000000f8f800000000000000000000f8f800000000000000000000f8f800000000000000000000f8f800000000000000000000f8f800000000000000
02:09:45.518 [DEBUG] [serial] Sin header 0xAA, descartando 128 bytes: f800000000000000000000f8f8000000
02:09:45.527 [DEBUG] [serial] RX 128 bytes: 000000f8f800000000000000000000f8f800000000000000000000f8f800000000000000000000f8f800000000000000000000f8f800000000000000000000f8f800000000000000000000f8f800000000000000000000f8f800000000000000000000f8f800000000000000000000f8f800000000000000000000f8f8000000
02:09:45.528 [DEBUG] [serial] Sin header 0xAA, descartando 128 bytes: 000000f8f800000000000000000000f8
02:09:45.537 [DEBUG] [serial] RX 128 bytes: 00000000000000f8f800000000000000000000f8f800000000000000000000f8f800000000000000000000f8f800000000000000000000f8f800000000000000000000f8f800000000000000000000f8f800000000000000000000f8f800000000000000000000f8f800000000000000000000f8f800000000000000000000f8
02:09:45.537 [DEBUG] [serial] Sin header 0xAA, descartando 128 bytes: 00000000000000f8f800000000000000
02:09:45.546 [DEBUG] [serial] RX 128 bytes: f800000000000000000000f8f800000000000000000000f8f800000000000000000000f8f800000000000000000000f8f800000000000000000000f8f800000000000000000000f8f800000000000000000000f8f800000000000000000000f8f800000000000000000000f8f800000000000000000000f8f800000000000000
02:09:45.546 [DEBUG] [serial] Sin header 0xAA, descartando 128 bytes: f800000000000000000000f8f8000000
02:09:45.555 [DEBUG] [serial] RX 128 bytes: 000000f8f800000000000000000000f8f800000000000000000000f8f800000000000000000000f8f800000000000000000000f8f800000000000000000000f8f800000000000000000000f8f800000000000000000000f8f800000000000000000000f8f800000000000000000000f8f800000000000000000000f8f8000000
02:09:45.556 [DEBUG] [serial] Sin header 0xAA, descartando 128 bytes: 000000f8f800000000000000000000f8
02:09:45.565 [DEBUG] [serial] RX 128 bytes: 00000000000000f8f800000000000000000000f8f800000000000000000000f8f800000000000000000000f8f800000000000000000000f8f800000000000000000000f8f800000000000000000000f8f800000000000000000000f8f800000000000000000000f8f800000000000000000000f8f800000000000000000000f8
02:09:45.565 [DEBUG] [serial] Sin header 0xAA, descartando 128 bytes: 00000000000000f8f800000000000000
02:09:45.574 [DEBUG] [serial] RX 128 bytes: f800000000000000000000f8f800000000000000000000f8f800000000000000000000f8f800000000000000000000f8f800000000000000000000f8f800000000000000000000f8f800000000000000000000f8f800000000000000000000f8f800000000000000000000f8f800000000000000000000f8f800000000000000
02:09:45.574 [DEBUG] [serial] Sin header 0xAA, descartando 128 bytes: f800000000000000000000f8f8000000
02:09:45.583 [DEBUG] [serial] RX 128 bytes: 000000f8f800000000000000000000f8f800000000000000000000f8f800000000000000000000f8f800000000000000000000f8f800000000000000000000f8f800000000000000000000f8f800000000000000000000f8f800000000000000000000f8f800000000000000000000f8f800000000000000000000f8f8000000
02:09:45.583 [DEBUG] [serial] Sin header 0xAA, descartando 128 bytes: 000000f8f800000000000000000000f8
02:09:45.593 [DEBUG] [serial] RX 128 bytes: 00000000000000f8f800000000000000000000f8f800000000000000000000f8f800000000000000000000f8f800000000000000000000f8f800000000000000000000f8f800000000000000000000f8f800000000000000000000f8f800000000000000000000f8f800000000000000000000f8f800000000000000000000f8
02:09:45.593 [DEBUG] [serial] Sin header 0xAA, descartando 128 bytes: 00000000000000f8f800000000000000
02:09:45.602 [DEBUG] [serial] RX 128 bytes: f800000000000000000000f8f800000000000000000000f8f800000000000000000000f8f800000000000000000000f8f800000000000000000000f8f800000000000000000000f8f800000000000000000000f8f800000000000000000000f8f800000000000000000000f8f800000000000000000000f8f800000000000000
02:09:45.602 [DEBUG] [serial] Sin header 0xAA, descartando 128 bytes: f800000000000000000000f8f8000000
02:09:45.611 [DEBUG] [serial] RX 128 bytes: 000000f8f800000000000000000000f8f800000000000000000000f8f800000000000000000000f8f800000000000000000000f8f800000000000000000000f8f800000000000000000000f8f800000000000000000000f8f800000000000000000000f8f800000000000000000000f8f800000000000000000000f8f8000000
02:09:45.611 [DEBUG] [serial] Sin header 0xAA, descartando 128 bytes: 000000f8f800000000000000000000f8
02:09:45.621 [DEBUG] [serial] RX 128 bytes: 00000000000000f8f800000000000000000000f8f800000000000000000000f8f800000000000000000000f8f800000000000000000000f8f800000000000000000000f8f800000000000000000000f8f800000000000000000000f8f800000000000000000000f8f800000000000000000000f8f800000000000000000000f8
02:09:45.621 [DEBUG] [serial] Sin header 0xAA, descartando 128 bytes: 00000000000000f8f800000000000000
02:09:45.630 [DEBUG] [serial] RX 128 bytes: f800000000000000000000f8f800000000000000000000f8f800000000000000000000f8f800000000000000000000f8f800000000000000000000f8f800000000000000000000f8f800000000000000000000f8f800000000000000000000f8f800000000000000000000f8f800000000000000000000f8f800000000000000
02:09:45.630 [DEBUG] [serial] Sin header 0xAA, descartando 128 bytes: f800000000000000000000f8f8000000
02:09:45.639 [DEBUG] [serial] RX 128 bytes: 000000f8f800000000000000000000f8f800000000000000000000f8f800000000000000000000f8f800000000000000000000f8f800000000000000000000f8f800000000000000000000f8f800000000000000000000f8f800000000000000000000f8f800000000000000000000f8f800000000000000000000f8f8000000
02:09:45.640 [DEBUG] [serial] Sin header 0xAA, descartando 128 bytes: 000000f8f800000000000000000000f8
02:09:45.649 [DEBUG] [serial] RX 128 bytes: 00000000000000f8f800000000000000000000f8f800000000000000000000f8f800000000000000000000f8f800000000000000000000f8f800000000000000000000f8f800000000000000000000f8f800000000000000000000f8f800000000000000000000f8f800000000000000000000f8f800000000000000000000f8
02:09:45.649 [DEBUG] [serial] Sin header 0xAA, descartando 128 bytes: 00000000000000f8f800000000000000
02:09:45.658 [DEBUG] [serial] RX 128 bytes: f800000000000000000000f8f800000000000000000000f8f800000000000000000000f8f800000000000000000000f8f800000000000000000000f8f800000000000000000000f8f800000000000000000000f8f800000000000000000000f8f800000000000000000000f8f800000000000000000000f8f800000000000000
02:09:45.658 [DEBUG] [serial] Sin header 0xAA, descartando 128 bytes: f800000000000000000000f8f8000000
02:09:45.667 [DEBUG] [serial] RX 128 bytes: 000000f8f800000000000000000000f8f800000000000000000000f8f800000000000000000000f8f800000000000000000000f8f800000000000000000000f8f800000000000000000000f8f800000000000000000000f8f800000000000000000000f8f800000000000000000000f8f800000000000000000000f8f8000000
02:09:45.667 [DEBUG] [serial] Sin header 0xAA, descartando 128 bytes: 000000f8f800000000000000000000f8
02:09:45.676 [DEBUG] [serial] RX 128 bytes: 00000000000000f8f800000000000000000000f8f800000000000000000000f8f800000000000000000000f8f800000000000000000000f8f800000000000000000000f8f800000000000000000000f8f800000000000000000000f8f800000000000000000000f8f800000000000000000000f8f800000000000000000000f8
02:09:45.677 [DEBUG] [serial] Sin header 0xAA, descartando 128 bytes: 00000000000000f8f800000000000000
02:09:45.686 [DEBUG] [serial] RX 128 bytes: f800000000000000000000f8f800000000000000000000f8f800000000000000000000f8f800000000000000000000f8f800000000000000000000f8f800000000000000000000f8f800000000000000000000f8f800000000000000000000f8f800000000000000000000f8f800000000000000000000f8f800000000000000
02:09:45.686 [DEBUG] [serial] Sin header 0xAA, descartando 128 bytes: f800000000000000000000f8f8000000
02:09:45.695 [DEBUG] [serial] RX 128 bytes: 000000f8f800000000000000000000f8f800000000000000000000f8f800000000000000000000f8f800000000000000000000f8f800000000000000000000f8f800000000000000000000f8f800000000000000000000f8f800000000000000000000f8f800000000000000000000f8f800000000000000000000f8f8000000
02:09:45.695 [DEBUG] [serial] Sin header 0xAA, descartando 128 bytes: 000000f8f800000000000000000000f8
02:09:45.704 [DEBUG] [serial] RX 128 bytes: 00000000000000f8f800000000000000000000f8f800000000000000000000f8f800000000000000000000f8f800000000000000000000f8f800000000000000000000f8f800000000000000000000f8f800000000000000000000f8f800000000000000000000f8f800000000000000000000f8f800000000000000000000f8
02:09:45.705 [DEBUG] [serial] Sin header 0xAA, descartando 128 bytes: 00000000000000f8f800000000000000
02:09:45.714 [DEBUG] [serial] RX 128 bytes: f800000000000000000000f8f800000000000000000000f8f800000000000000000000f8f800000000000000000000f8f800000000000000000000f8f800000000000000000000f8f800000000000000000000f8f800000000000000000000f8f800000000000000000000f8f800000000000000000000f8f800000000000000
02:09:45.714 [DEBUG] [serial] Sin header 0xAA, descartando 128 bytes: f800000000000000000000f8f8000000
02:09:45.723 [DEBUG] [serial] RX 128 bytes: 000000f8f800000000000000000000f8f800000000000000000000f8f800000000000000000000f8f800000000000000000000f8f800000000000000000000f8f800000000000000000000f8f800000000000000000000f8f800000000000000000000f8f800000000000000000000f8f800000000000000000000f8f8000000
02:09:45.723 [DEBUG] [serial] Sin header 0xAA, descartando 128 bytes: 000000f8f800000000000000000000f8
02:09:45.732 [DEBUG] [serial] RX 128 bytes: 00000000000000f8f800000000000000000000f8f800000000000000000000f8f800000000000000000000f8f800000000000000000000f8f800000000000000000000f8f800000000000000000000f8f800000000000000000000f8f800000000000000000000f8f800000000000000000000f8f800000000000000000000f8
02:09:45.733 [DEBUG] [serial] Sin header 0xAA, descartando 128 bytes: 00000000000000f8f800000000000000
02:09:45.742 [DEBUG] [serial] RX 128 bytes: f800000000000000000000f8f800000000000000000000f8f800000000000000000000f8f800000000000000000000f8f800000000000000000000f8f800000000000000000000f8f800000000000000000000f8f800000000000000000000f8f800000000000000000000f8f800000000000000000000f8f800000000000000
02:09:45.742 [DEBUG] [serial] Sin header 0xAA, descartando 128 bytes: f800000000000000000000f8f8000000
02:09:45.751 [DEBUG] [serial] RX 128 bytes: 000000f8f800000000000000000000f8f800000000000000000000f8f800000000000000000000f8f800000000000000000000f8f800000000000000000000f8f800000000000000000000f8f800000000000000000000f8f800000000000000000000f8f800000000000000000000f8f800000000000000000000f8f8000000
02:09:45.751 [DEBUG] [serial] Sin header 0xAA, descartando 128 bytes: 000000f8f800000000000000000000f8
02:09:45.760 [DEBUG] [serial] RX 128 bytes: 00000000000000f8f800000000000000000000f8f800000000000000000000f8f800000000000000000000f8f800000000000000000000f8f800000000000000000000f8f800000000000000000000f8f800000000000000000000f8f800000000000000000000f8f800000000000000000000f8f800000000000000000000f8
02:09:45.760 [DEBUG] [serial] Sin header 0xAA, descartando 128 bytes: 00000000000000f8f800000000000000
02:09:45.770 [DEBUG] [serial] RX 128 bytes: f800000000000000000000f8f800000000000000000000f8f800000000000000000000f8f800000000000000000000f8f800000000000000000000f8f800000000000000000000f8f800000000000000000000f8f800000000000000000000f8f800000000000000000000f8f800000000000000000000f8f800000000000000
02:09:45.770 [DEBUG] [serial] Sin header 0xAA, descartando 128 bytes: f800000000000000000000f8f8000000
02:09:45.779 [DEBUG] [serial] RX 128 bytes: 000000f8f800000000000000000000f8f800000000000000000000f8f800000000000000000000f8f800000000000000000000f8f800000000000000000000f8f800000000000000000000f8f800000000000000000000f8f800000000000000000000f8f800000000000000000000f8f800000000000000000000f8f8000000
02:09:45.779 [DEBUG] [serial] Sin header 0xAA, descartando 128 bytes: 000000f8f800000000000000000000f8
02:09:45.788 [DEBUG] [serial] RX 128 bytes: 00000000000000f8f800000000000000000000f8f800000000000000000000f8f800000000000000000000f8f800000000000000000000f8f800000000000000000000f8f800000000000000000000f8f800000000000000000000f8f800000000000000000000f8f800000000000000000000f8f800000000000000000000f8
02:09:45.788 [DEBUG] [serial] Sin header 0xAA, descartando 128 bytes: 00000000000000f8f800000000000000
02:09:45.798 [DEBUG] [serial] RX 128 bytes: f800000000000000000000f8f800000000000000000000f8f800000000000000000000f8f800000000000000000000f8f800000000000000000000f8f800000000000000000000f8f800000000000000000000f8f800000000000000000000f8f800000000000000000000f8f800000000000000000000f8f800000000000000
02:09:45.798 [DEBUG] [serial] Sin header 0xAA, descartando 128 bytes: f800000000000000000000f8f8000000
02:09:45.807 [DEBUG] [serial] RX 128 bytes: 000000f8f800000000000000000000f8f800000000000000000000f8f800000000000000000000f8f800000000000000000000f8f800000000000000000000f8f800000000000000000000f8f800000000000000000000f8f800000000000000000000f8f800000000000000000000f8f800000000000000000000f8f8000000
02:09:45.807 [DEBUG] [serial] Sin header 0xAA, descartando 128 bytes: 000000f8f800000000000000000000f8
02:09:45.816 [DEBUG] [serial] RX 128 bytes: 00000000000000f8f800000000000000000000f8f800000000000000000000f8f800000000000000000000f8f800000000000000000000f8f800000000000000000000f8f800000000000000000000f8f800000000000000000000f8f800000000000000000000f8f800000000000000000000f8f800000000000000000000f8
02:09:45.816 [DEBUG] [serial] Sin header 0xAA, descartando 128 bytes: 00000000000000f8f800000000000000
02:09:45.826 [DEBUG] [serial] RX 128 bytes: f800000000000000000000f8f800000000000000000000f8f800000000000000000000f8f800000000000000000000f8f800000000000000000000f8f800000000000000000000f8f800000000000000000000f8f800000000000000000000f8f800000000000000000000f8f800000000000000000000f8f800000000000000
02:09:45.826 [DEBUG] [serial] Sin header 0xAA, descartando 128 bytes: f800000000000000000000f8f8000000
02:09:45.835 [DEBUG] [serial] RX 128 bytes: 000000f8f800000000000000000000f8f800000000000000000000f8f800000000000000000000f8f800000000000000000000f8f800000000000000000000f8f800000000000000000000f8f800000000000000000000f8f800000000000000000000f8f800000000000000000000f8f800000000000000000000f8f8000000
02:09:45.835 [DEBUG] [serial] Sin header 0xAA, descartando 128 bytes: 000000f8f800000000000000000000f8
02:09:45.844 [DEBUG] [serial] RX 128 bytes: 00000000000000f8f800000000000000000000f8f800000000000000000000f8f800000000000000000000f8f800000000000000000000f8f800000000000000000000f8f800000000000000000000f8f800000000000000000000f8f800000000000000000000f8f800000000000000000000f8f800000000000000000000f8
02:09:45.844 [DEBUG] [serial] Sin header 0xAA, descartando 128 bytes: 00000000000000f8f800000000000000
02:09:45.853 [DEBUG] [serial] RX 128 bytes: f800000000000000000000f8f800000000000000000000f8f800000000000000000000f8f800000000000000000000f8f800000000000000000000f8f800000000000000000000f8f800000000000000000000f8f800000000000000000000f8f800000000000000000000f8f800000000000000000000f8f800000000000000
02:09:45.854 [DEBUG] [serial] Sin header 0xAA, descartando 128 bytes: f800000000000000000000f8f8000000
02:09:45.863 [DEBUG] [serial] RX 128 bytes: 000000f8f800000000000000000000f8f800000000000000000000f8f800000000000000000000f8f800000000000000000000f8f800000000000000000000f8f800000000000000000000f8f800000000000000000000f8f800000000000000000000f8f800000000000000000000f8f800000000000000000000f8f8000000
02:09:45.863 [DEBUG] [serial] Sin header 0xAA, descartando 128 bytes: 000000f8f800000000000000000000f8
02:09:45.872 [DEBUG] [serial] RX 128 bytes: 00000000000000f8f800000000000000000000f8f800000000000000000000f8f800000000000000000000f8f800000000000000000000f8f800000000000000000000f8f800000000000000000000f8f800000000000000000000f8f800000000000000000000f8f800000000000000000000f8f800000000000000000000f8
02:09:45.872 [DEBUG] [serial] Sin header 0xAA, descartando 128 bytes: 00000000000000f8f800000000000000
02:09:45.881 [DEBUG] [serial] RX 128 bytes: f800000000000000000000f8f800000000000000000000f8f800000000000000000000f8f800000000000000000000f8f800000000000000000000f8f800000000000000000000f8f800000000000000000000f8f800000000000000000000f8f800000000000000000000f8f800000000000000000000f8f800000000000000
02:09:45.882 [DEBUG] [serial] Sin header 0xAA, descartando 128 bytes: f800000000000000000000f8f8000000
02:09:45.891 [DEBUG] [serial] RX 128 bytes: 000000f8f800000000000000000000f8f800000000000000000000f8f800000000000000000000f8f800000000000000000000f8f800000000000000000000f8f800000000000000000000f8f800000000000000000000f8f800000000000000000000f8f800000000000000000000f8f800000000000000000000f8f8000000
02:09:45.891 [DEBUG] [serial] Sin header 0xAA, descartando 128 bytes: 000000f8f800000000000000000000f8
02:09:45.900 [DEBUG] [serial] RX 128 bytes: 00000000000000f8f800000000000000000000f8f800000000000000000000f8f800000000000000000000f8f800000000000000000000f8f800000000000000000000f8f800000000000000000000f8f800000000000000000000f8f800000000000000000000f8f800000000000000000000f8f800000000000000000000f8
02:09:45.900 [DEBUG] [serial] Sin header 0xAA, descartando 128 bytes: 00000000000000f8f800000000000000
02:09:45.909 [DEBUG] [serial] RX 128 bytes: f800000000000000000000f8f800000000000000000000f8f800000000000000000000f8f800000000000000000000f8f800000000000000000000f8f800000000000000000000f8f800000000000000000000f8f800000000000000000000f8f800000000000000000000f8f800000000000000000000f8f800000000000000
02:09:45.909 [DEBUG] [serial] Sin header 0xAA, descartando 128 bytes: f800000000000000000000f8f8000000
02:09:45.919 [DEBUG] [serial] RX 128 bytes: 000000f8f800000000000000000000f8f800000000000000000000f8f800000000000000000000f8f800000000000000000000f8f800000000000000000000f8f800000000000000000000f8f800000000000000000000f8f800000000000000000000f8f800000000000000000000f8f800000000000000000000f8f8000000
02:09:45.919 [DEBUG] [serial] Sin header 0xAA, descartando 128 bytes: 000000f8f800000000000000000000f8
02:09:45.928 [DEBUG] [serial] RX 128 bytes: 00000000000000f8f800000000000000000000f8f800000000000000000000f8f800000000000000000000f8f800000000000000000000f8f800000000000000000000f8f800000000000000000000f8f800000000000000000000f8f800000000000000000000f8f800000000000000000000f8f800000000000000000000f8
02:09:45.928 [DEBUG] [serial] Sin header 0xAA, descartando 128 bytes: 00000000000000f8f800000000000000
02:09:45.937 [DEBUG] [serial] RX 128 bytes: f800000000000000000000f8f800000000000000000000f8f800000000000000000000f8f800000000000000000000f8f800000000000000000000f8f800000000000000000000f8f800000000000000000000f8f800000000000000000000f8f800000000000000000000f8f800000000000000000000f8f800000000000000
02:09:45.937 [DEBUG] [serial] Sin header 0xAA, descartando 128 bytes: f800000000000000000000f8f8000000
02:09:45.946 [DEBUG] [serial] RX 128 bytes: 000000f8f800000000000000000000f8f800000000000000000000f8f800000000000000000000f8f800000000000000000000f8f800000000000000000000f8f800000000000000000000f8f800000000000000000000f8f800000000000000000000f8f800000000000000000000f8f800000000000000000000f8f8000000
02:09:45.947 [DEBUG] [serial] Sin header 0xAA, descartando 128 bytes: 000000f8f800000000000000000000f8
02:09:45.956 [DEBUG] [serial] RX 128 bytes: 00000000000000f8f800000000000000000000f8f800000000000000000000f8f800000000000000000000f8f800000000000000000000f8f800000000000000000000f8f800000000000000000000f8f800000000000000000000f8f800000000000000000000f8f800000000000000000000f8f800000000000000000000f8
02:09:45.956 [DEBUG] [serial] Sin header 0xAA, descartando 128 bytes: 00000000000000f8f800000000000000
02:09:45.965 [DEBUG] [serial] RX 128 bytes: f800000000000000000000f8f800000000000000000000f8f800000000000000000000f8f800000000000000000000f8f800000000000000000000f8f800000000000000000000f8f800000000000000000000f8f800000000000000000000f8f800000000000000000000f8f800000000000000000000f8f800000000000000
02:09:45.965 [DEBUG] [serial] Sin header 0xAA, descartando 128 bytes: f800000000000000000000f8f8000000
02:09:45.974 [DEBUG] [serial] RX 128 bytes: 000000f8f800000000000000000000f8f800000000000000000000f8f800000000000000000000f8f800000000000000000000f8f800000000000000000000f8f800000000000000000000f8f800000000000000000000f8f800000000000000000000f8f800000000000000000000f8f800000000000000000000f8f8000000
02:09:45.975 [DEBUG] [serial] Sin header 0xAA, descartando 128 bytes: 000000f8f800000000000000000000f8
02:09:45.984 [DEBUG] [serial] RX 128 bytes: 00000000000000f8f800000000000000000000f8f800000000000000000000f8f800000000000000000000f8f800000000000000000000f8f800000000000000000000f8f800000000000000000000f8f800000000000000000000f8f800000000000000000000f8f800000000000000000000f8f800000000000000000000f8
02:09:45.984 [DEBUG] [serial] Sin header 0xAA, descartando 128 bytes: 00000000000000f8f800000000000000
02:09:45.993 [DEBUG] [serial] RX 128 bytes: f800000000000000000000f8f800000000000000000000f8f800000000000000000000f8f800000000000000000000f8f800000000000000000000f8f800000000000000000000f8f800000000000000000000f8f800000000000000000000f8f800000000000000000000f8f800000000000000000000f8f800000000000000
02:09:45.993 [DEBUG] [serial] Sin header 0xAA, descartando 128 bytes: f800000000000000000000f8f8000000
02:09:46.002 [DEBUG] [serial] RX 128 bytes: 000000f8f800000000000000000000f8f800000000000000000000f8f800000000000000000000f8f800000000000000000000f8f800000000000000000000f8f800000000000000000000f8f800000000000000000000f8f800000000000000000000f8f800000000000000000000f8f800000000000000000000f8f8000000
02:09:46.003 [DEBUG] [serial] Sin header 0xAA, descartando 128 bytes: 000000f8f800000000000000000000f8
02:09:46.012 [DEBUG] [serial] RX 128 bytes: 00000000000000f8f800000000000000000000f8f800000000000000000000f8f800000000000000000000f8f800000000000000000000f8f800000000000000000000f8f800000000000000000000f8f800000000000000000000f8f800000000000000000000f8f800000000000000000000f8f800000000000000000000f8
02:09:46.012 [DEBUG] [serial] Sin header 0xAA, descartando 128 bytes: 00000000000000f8f800000000000000
02:09:46.021 [DEBUG] [serial] RX 128 bytes: f800000000000000000000f8f800000000000000000000f8f800000000000000000000f8f800000000000000000000f8f800000000000000000000f8f800000000000000000000f8f800000000000000000000f8f800000000000000000000f8f800000000000000000000f8f800000000000000000000f8f800000000000000
02:09:46.021 [DEBUG] [serial] Sin header 0xAA, descartando 128 bytes: f800000000000000000000f8f8000000
02:09:46.030 [DEBUG] [serial] RX 128 bytes: 000000f8f800000000000000000000f8f800000000000000000000f8f800000000000000000000f8f800000000000000000000f8f800000000000000000000f8f800000000000000000000f8f800000000000000000000f8f800000000000000000000f8f800000000000000000000f8f800000000000000000000f8f8000000
02:09:46.030 [DEBUG] [serial] Sin header 0xAA, descartando 128 bytes: 000000f8f800000000000000000000f8
02:09:46.040 [DEBUG] [serial] RX 128 bytes: 00000000000000f8f800000000000000000000f8f800000000000000000000f8f800000000000000000000f8f800000000000000000000f8f800000000000000000000f8f800000000000000000000f8f800000000000000000000f8f800000000000000000000f8f800000000000000000000f8f800000000000000000000f8
02:09:46.040 [DEBUG] [serial] Sin header 0xAA, descartando 128 bytes: 00000000000000f8f800000000000000
02:09:46.049 [DEBUG] [serial] RX 128 bytes: f800000000000000000000f8f800000000000000000000f8f800000000000000000000f8f800000000000000000000f8f800000000000000000000f8f800000000000000000000f8f800000000000000000000f8f800000000000000000000f8f800000000000000000000f8f800000000000000000000f8f800000000000000
02:09:46.049 [DEBUG] [serial] Sin header 0xAA, descartando 128 bytes: f800000000000000000000f8f8000000
02:09:46.058 [DEBUG] [serial] RX 128 bytes: 000000f8f800000000000000000000f8f800000000000000000000f8f800000000000000000000f8f800000000000000000000f8f800000000000000000000f8f800000000000000000000f8f800000000000000000000f8f800000000000000000000f8f800000000000000000000f8f800000000000000000000f8f8000000
02:09:46.058 [DEBUG] [serial] Sin header 0xAA, descartando 128 bytes: 000000f8f800000000000000000000f8
02:09:46.068 [DEBUG] [serial] RX 128 bytes: 00000000000000f8f800000000000000000000f8f800000000000000000000f8f800000000000000000000f8f800000000000000000000f8f800000000000000000000f8f800000000000000000000f8f800000000000000000000f8f800000000000000000000f8f800000000000000000000f8f800000000000000000000f8
02:09:46.068 [DEBUG] [serial] Sin header 0xAA, descartando 128 bytes: 00000000000000f8f800000000000000
02:09:46.077 [DEBUG] [serial] RX 128 bytes: f800000000000000000000f8f800000000000000000000f8f800000000000000000000f8f800000000000000000000f8f800000000000000000000f8f800000000000000000000f8f800000000000000000000f8f800000000000000000000f8f800000000000000000000f8f800000000000000000000f8f800000000000000
02:09:46.077 [DEBUG] [serial] Sin header 0xAA, descartando 128 bytes: f800000000000000000000f8f8000000
02:09:46.086 [DEBUG] [serial] RX 128 bytes: 000000f8f800000000000000000000f8f800000000000000000000f8f800000000000000000000f8f800000000000000000000f8f800000000000000000000f8f800000000000000000000f8f800000000000000000000f8f800000000000000000000f8f800000000000000000000f8f800000000000000000000f8f8000000
02:09:46.086 [DEBUG] [serial] Sin header 0xAA, descartando 128 bytes: 000000f8f800000000000000000000f8
02:09:46.096 [DEBUG] [serial] RX 128 bytes: 00000000000000f8f800000000000000000000f8f800000000000000000000f8f800000000000000000000f8f800000000000000000000f8f800000000000000000000f8f800000000000000000000f8f800000000000000000000f8f800000000000000000000f8f800000000000000000000f8f800000000000000000000f8
02:09:46.096 [DEBUG] [serial] Sin header 0xAA, descartando 128 bytes: 00000000000000f8f800000000000000
02:09:46.105 [DEBUG] [serial] RX 128 bytes: f800000000000000000000f8f800000000000000000000f8f800000000000000000000f8f800000000000000000000f8f800000000000000000000f8f800000000000000000000f8f800000000000000000000f8f800000000000000000000f8f800000000000000000000f8f800000000000000000000f8f800000000000000
02:09:46.105 [DEBUG] [serial] Sin header 0xAA, descartando 128 bytes: f800000000000000000000f8f8000000
02:09:46.114 [DEBUG] [serial] RX 128 bytes: 000000f8f800000000000000000000f8f800000000000000000000f8f800000000000000000000f8f800000000000000000000f8f800000000000000000000f8f800000000000000000000f8f800000000000000000000f8f800000000000000000000f8f800000000000000000000f8f800000000000000000000f8f8000000
02:09:46.114 [DEBUG] [serial] Sin header 0xAA, descartando 128 bytes: 000000f8f800000000000000000000f8
02:09:46.123 [DEBUG] [serial] RX 128 bytes: 00000000000000f8f800000000000000000000f8f800000000000000000000f8f800000000000000000000f8f800000000000000000000f8f800000000000000000000f8f800000000000000000000f8f800000000000000000000f8f800000000000000000000f8f800000000000000000000f8f800000000000000000000f8
02:09:46.124 [DEBUG] [serial] Sin header 0xAA, descartando 128 bytes: 00000000000000f8f800000000000000
02:09:46.133 [DEBUG] [serial] RX 128 bytes: f800000000000000000000f8f800000000000000000000f8f800000000000000000000f8f800000000000000000000f8f800000000000000000000f8f800000000000000000000f8f800000000000000000000f8f800000000000000000000f8f800000000000000000000f8f800000000000000000000f8f800000000000000
02:09:46.133 [DEBUG] [serial] Sin header 0xAA, descartando 128 bytes: f800000000000000000000f8f8000000
02:09:46.142 [DEBUG] [serial] RX 128 bytes: 000000f8f800000000000000000000f8f800000000000000000000f8f800000000000000000000f8f800000000000000000000f8f800000000000000000000f8f800000000000000000000f8f800000000000000000000f8f800000000000000000000f8f800000000000000000000f8f800000000000000000000f8f8000000
02:09:46.142 [DEBUG] [serial] Sin header 0xAA, descartando 128 bytes: 000000f8f800000000000000000000f8
02:09:46.151 [DEBUG] [serial] RX 128 bytes: 00000000000000f8f800000000000000000000f8f800000000000000000000f8f800000000000000000000f8f800000000000000000000f8f800000000000000000000f8f800000000000000000000f8f800000000000000000000f8f800000000000000000000f8f800000000000000000000f8f800000000000000000000f8
02:09:46.152 [DEBUG] [serial] Sin header 0xAA, descartando 128 bytes: 00000000000000f8f800000000000000
02:09:46.161 [DEBUG] [serial] RX 128 bytes: f800000000000000000000f8f800000000000000000000f8f800000000000000000000f8f800000000000000000000f8f800000000000000000000f8f800000000000000000000f8f800000000000000000000f8f800000000000000000000f8f800000000000000000000f8f800000000000000000000f8f800000000000000
02:09:46.161 [DEBUG] [serial] Sin header 0xAA, descartando 128 bytes: f800000000000000000000f8f8000000
02:09:46.170 [DEBUG] [serial] RX 128 bytes: 000000f8f800000000000000000000f8f800000000000000000000f8f800000000000000000000f8f800000000000000000000f8f800000000000000000000f8f800000000000000000000f8f800000000000000000000f8f800000000000000000000f8f800000000000000000000f8f800000000000000000000f8f8000000
02:09:46.170 [DEBUG] [serial] Sin header 0xAA, descartando 128 bytes: 000000f8f800000000000000000000f8
02:09:46.179 [DEBUG] [serial] RX 128 bytes: 00000000000000f8f800000000000000000000f8f800000000000000000000f8f800000000000000000000f8f800000000000000000000f8f800000000000000000000f8f800000000000000000000f8f800000000000000000000f8f800000000000000000000f8f800000000000000000000f8f800000000000000000000f8
02:09:46.179 [DEBUG] [serial] Sin header 0xAA, descartando 128 bytes: 00000000000000f8f800000000000000
02:09:46.189 [DEBUG] [serial] RX 128 bytes: f800000000000000000000f8f800000000000000000000f8f800000000000000000000f8f800000000000000000000f8f800000000000000000000f8f800000000000000000000f8f800000000000000000000f8f800000000000000000000f8f800000000000000000000f8f800000000000000000000f8f800000000000000
02:09:46.189 [DEBUG] [serial] Sin header 0xAA, descartando 128 bytes: f800000000000000000000f8f8000000
02:09:46.198 [DEBUG] [serial] RX 128 bytes: 000000f8f800000000000000000000f8f800000000000000000000f8f800000000000000000000f8f800000000000000000000f8f800000000000000000000f8f800000000000000000000f8f800000000000000000000f8f800000000000000000000f8f800000000000000000000f8f800000000000000000000f8f8000000
02:09:46.198 [DEBUG] [serial] Sin header 0xAA, descartando 128 bytes: 000000f8f800000000000000000000f8
02:09:46.207 [DEBUG] [serial] RX 128 bytes: 00000000000000f8f800000000000000000000f8f800000000000000000000f8f800000000000000000000f8f800000000000000000000f8f800000000000000000000f8f800000000000000000000f8f800000000000000000000f8f800000000000000000000f8f800000000000000000000f8f800000000000000000000f8
02:09:46.207 [DEBUG] [serial] Sin header 0xAA, descartando 128 bytes: 00000000000000f8f800000000000000
02:09:46.217 [DEBUG] [serial] RX 128 bytes: f800000000000000000000f8f800000000000000000000f8f800000000000000000000f8f800000000000000000000f8f800000000000000000000f8f800000000000000000000f8f800000000000000000000f8f800000000000000000000f8f800000000000000000000f8f800000000000000000000f8f800000000000000
02:09:46.217 [DEBUG] [serial] Sin header 0xAA, descartando 128 bytes: f800000000000000000000f8f8000000
02:09:46.226 [DEBUG] [serial] RX 128 bytes: 000000f8f800000000000000000000f8f800000000000000000000f8f800000000000000000000f8f800000000000000000000f8f800000000000000000000f8f800000000000000000000f8f800000000000000000000f8f800000000000000000000f8f800000000000000000000f8f800000000000000000000f8f8000000
02:09:46.226 [DEBUG] [serial] Sin header 0xAA, descartando 128 bytes: 000000f8f800000000000000000000f8
02:09:46.235 [DEBUG] [serial] RX 128 bytes: 00000000000000f8f800000000000000000000f8f800000000000000000000f8f800000000000000000000f8f800000000000000000000f8f800000000000000000000f8f800000000000000000000f8f800000000000000000000f8f800000000000000000000f8f800000000000000000000f8f800000000000000000000f8
02:09:46.235 [DEBUG] [serial] Sin header 0xAA, descartando 128 bytes: 00000000000000f8f800000000000000
02:09:46.245 [DEBUG] [serial] RX 128 bytes: f800000000000000000000f8f800000000000000000000f8f800000000000000000000f8f800000000000000000000f8f800000000000000000000f8f800000000000000000000f8f800000000000000000000f8f800000000000000000000f8f800000000000000000000f8f800000000000000000000f8f800000000000000
02:09:46.245 [DEBUG] [serial] Sin header 0xAA, descartando 128 bytes: f800000000000000000000f8f8000000
02:09:46.254 [DEBUG] [serial] RX 128 bytes: 000000f8f800000000000000000000f8f800000000000000000000f8f800000000000000000000f8f800000000000000000000f8f800000000000000000000f8f800000000000000000000f8f800000000000000000000f8f800000000000000000000f8f800000000000000000000f8f800000000000000000000f8f8000000
02:09:46.254 [DEBUG] [serial] Sin header 0xAA, descartando 128 bytes: 000000f8f800000000000000000000f8
02:09:46.263 [DEBUG] [serial] RX 128 bytes: 00000000000000f8f800000000000000000000f8f800000000000000000000f8f800000000000000000000f8f800000000000000000000f8f800000000000000000000f8f800000000000000000000f8f800000000000000000000f8f800000000000000000000f8f800000000000000000000f8f800000000000000000000f8
02:09:46.263 [DEBUG] [serial] Sin header 0xAA, descartando 128 bytes: 00000000000000f8f800000000000000
02:09:46.272 [DEBUG] [serial] RX 128 bytes: f800000000000000000000f8f800000000000000000000f8f800000000000000000000f8f800000000000000000000f8f800000000000000000000f8f800000000000000000000f8f800000000000000000000f8f800000000000000000000f8f800000000000000000000f8f800000000000000000000f8f800000000000000
02:09:46.273 [DEBUG] [serial] Sin header 0xAA, descartando 128 bytes: f800000000000000000000f8f8000000
02:09:46.282 [DEBUG] [serial] RX 128 bytes: 000000f8f800000000000000000000f8f800000000000000000000f8f800000000000000000000f8f800000000000000000000f8f800000000000000000000f8f800000000000000000000f8f800000000000000000000f8f800000000000000000000f8f800000000000000000000f8f800000000000000000000f8f8000000
02:09:46.282 [DEBUG] [serial] Sin header 0xAA, descartando 128 bytes: 000000f8f800000000000000000000f8
02:09:46.291 [DEBUG] [serial] RX 128 bytes: 00000000000000f8f800000000000000000000f8f800000000000000000000f8f800000000000000000000f8f800000000000000000000f8f800000000000000000000f8f800000000000000000000f8f800000000000000000000f8f800000000000000000000f8f800000000000000000000f8f800000000000000000000f8
02:09:46.291 [DEBUG] [serial] Sin header 0xAA, descartando 128 bytes: 00000000000000f8f800000000000000
02:09:46.300 [DEBUG] [serial] RX 128 bytes: f800000000000000000000f8f800000000000000000000f8f800000000000000000000f8f800000000000000000000f8f800000000000000000000f8f800000000000000000000f8f800000000000000000000f8f800000000000000000000f8f800000000000000000000f8f800000000000000000000f8f800000000000000
02:09:46.301 [DEBUG] [serial] Sin header 0xAA, descartando 128 bytes: f800000000000000000000f8f8000000
02:09:46.309 [DEBUG] [serial] RX 128 bytes: 000000f8f800000000000000000000f8f800000000000000000000f8f800000000000000000000f8f800000000000000000000f8f800000000000000000000f8f800000000000000000000f8f800000000000000000000f8f800000000000000000000f8f800000000000000000000f8f800000000000000000000f8f8000000
02:09:46.310 [DEBUG] [serial] Sin header 0xAA, descartando 128 bytes: 000000f8f800000000000000000000f8
02:09:46.319 [DEBUG] [serial] RX 128 bytes: 00000000000000f8f800000000000000000000f8f800000000000000000000f8f800000000000000000000f8f800000000000000000000f8f800000000000000000000f8f800000000000000000000f8f800000000000000000000f8f800000000000000000000f8f800000000000000000000f8f800000000000000000000f8
02:09:46.319 [DEBUG] [serial] Sin header 0xAA, descartando 128 bytes: 00000000000000f8f800000000000000
02:09:46.328 [DEBUG] [serial] RX 128 bytes: f800000000000000000000f8f800000000000000000000f8f800000000000000000000f8f800000000000000000000f8f800000000000000000000f8f800000000000000000000f8f800000000000000000000f8f800000000000000000000f8f800000000000000000000f8f800000000000000000000f8f800000000000000
02:09:46.329 [DEBUG] [serial] Sin header 0xAA, descartando 128 bytes: f800000000000000000000f8f8000000
02:09:46.338 [DEBUG] [serial] RX 128 bytes: 000000f8f800000000000000000000f8f800000000000000000000f8f800000000000000000000f8f800000000000000000000f8f800000000000000000000f8f800000000000000000000f8f800000000000000000000f8f800000000000000000000f8f800000000000000000000f8f800000000000000000000f8f8000000
02:09:46.338 [DEBUG] [serial] Sin header 0xAA, descartando 128 bytes: 000000f8f800000000000000000000f8
02:09:46.347 [DEBUG] [serial] RX 128 bytes: 00000000000000f8f800000000000000000000f8f800000000000000000000f8f800000000000000000000f8f800000000000000000000f8f800000000000000000000f8f800000000000000000000f8f800000000000000000000f8f800000000000000000000f8f800000000000000000000f8f800000000000000000000f8
02:09:46.347 [DEBUG] [serial] Sin header 0xAA, descartando 128 bytes: 00000000000000f8f800000000000000
02:09:46.356 [DEBUG] [serial] RX 128 bytes: f800000000000000000000f8f800000000000000000000f8f800000000000000000000f8f800000000000000000000f8f800000000000000000000f8f800000000000000000000f8f800000000000000000000f8f800000000000000000000f8f800000000000000000000f8f800000000000000000000f8f800000000000000
02:09:46.356 [DEBUG] [serial] Sin header 0xAA, descartando 128 bytes: f800000000000000000000f8f8000000
02:09:46.365 [DEBUG] [serial] RX 128 bytes: 000000f8f800000000000000000000f8f800000000000000000000f8f800000000000000000000f8f800000000000000000000f8f800000000000000000000f8f800000000000000000000f8f800000000000000000000f8f800000000000000000000f8f800000000000000000000f8f800000000000000000000f8f8000000
02:09:46.366 [DEBUG] [serial] Sin header 0xAA, descartando 128 bytes: 000000f8f800000000000000000000f8
02:09:46.375 [DEBUG] [serial] RX 128 bytes: 00000000000000f8f800000000000000000000f8f800000000000000000000f8f800000000000000000000f8f800000000000000000000f8f800000000000000000000f8f800000000000000000000f8f800000000000000000000f8f800000000000000000000f8f800000000000000000000f8f800000000000000000000f8
02:09:46.375 [DEBUG] [serial] Sin header 0xAA, descartando 128 bytes: 00000000000000f8f800000000000000
02:09:46.384 [DEBUG] [serial] RX 128 bytes: f800000000000000000000f8f800000000000000000000f8f800000000000000000000f8f800000000000000000000f8f800000000000000000000f8f800000000000000000000f8f800000000000000000000f8f800000000000000000000f8f800000000000000000000f8f800000000000000000000f8f800000000000000
02:09:46.384 [DEBUG] [serial] Sin header 0xAA, descartando 128 bytes: f800000000000000000000f8f8000000
02:09:46.394 [DEBUG] [serial] RX 128 bytes: 000000f8f800000000000000000000f8f800000000000000000000f8f800000000000000000000f8f800000000000000000000f8f800000000000000000000f8f800000000000000000000f8f800000000000000000000f8f800000000000000000000f8f800000000000000000000f8f800000000000000000000f8f8000000
02:09:46.394 [DEBUG] [serial] Sin header 0xAA, descartando 128 bytes: 000000f8f800000000000000000000f8
02:09:46.403 [DEBUG] [serial] RX 128 bytes: 00000000000000f8f800000000000000000000f8f800000000000000000000f8f800000000000000000000f8f800000000000000000000f8f800000000000000000000f8f800000000000000000000f8f800000000000000000000f8f800000000000000000000f8f800000000000000000000f8f800000000000000000000f8
02:09:46.403 [DEBUG] [serial] Sin header 0xAA, descartando 128 bytes: 00000000000000f8f800000000000000
02:09:46.412 [DEBUG] [serial] RX 128 bytes: f800000000000000000000f8f800000000000000000000f8f800000000000000000000f8f800000000000000000000f8f800000000000000000000f8f800000000000000000000f8f800000000000000000000f8f800000000000000000000f8f800000000000000000000f8f800000000000000000000f8f800000000000000
02:09:46.412 [DEBUG] [serial] Sin header 0xAA, descartando 128 bytes: f800000000000000000000f8f8000000
02:09:46.421 [DEBUG] [serial] RX 128 bytes: 000000f8f800000000000000000000f8f800000000000000000000f8f800000000000000000000f8f800000000000000000000f8f800000000000000000000f8f800000000000000000000f8f800000000000000000000f8f800000000000000000000f8f800000000000000000000f8f800000000000000000000f8f8000000
02:09:46.421 [DEBUG] [serial] Sin header 0xAA, descartando 128 bytes: 000000f8f800000000000000000000f8
02:09:46.431 [DEBUG] [serial] RX 128 bytes: 00000000000000f8f800000000000000000000f8f800000000000000000000f8f800000000000000000000f8f800000000000000000000f8f800000000000000000000f8f800000000000000000000f8f800000000000000000000f8f800000000000000000000f8f800000000000000000000f8f800000000000000000000f8
02:09:46.431 [DEBUG] [serial] Sin header 0xAA, descartando 128 bytes: 00000000000000f8f800000000000000
02:09:46.440 [DEBUG] [serial] RX 128 bytes: f800000000000000000000f8f800000000000000000000f8f800000000000000000000f8f800000000000000000000f8f800000000000000000000f8f800000000000000000000f8f800000000000000000000f8f800000000000000000000f8f800000000000000000000f8f800000000000000000000f8f800000000000000
02:09:46.440 [DEBUG] [serial] Sin header 0xAA, descartando 128 bytes: f800000000000000000000f8f8000000
02:09:46.449 [DEBUG] [serial] RX 128 bytes: 000000f8f800000000000000000000f8f800000000000000000000f8f800000000000000000000f8f800000000000000000000f8f800000000000000000000f8f800000000000000000000f8f800000000000000000000f8f800000000000000000000f8f800000000000000000000f8f800000000000000000000f8f8000000
02:09:46.450 [DEBUG] [serial] Sin header 0xAA, descartando 128 bytes: 000000f8f800000000000000000000f8
02:09:46.459 [DEBUG] [serial] RX 128 bytes: 00000000000000f8f800000000000000000000f8f800000000000000000000f8f800000000000000000000f8f800000000000000000000f8f800000000000000000000f8f800000000000000000000f8f800000000000000000000f8f800000000000000000000f8f800000000000000000000f8f800000000000000000000f8
02:09:46.459 [DEBUG] [serial] Sin header 0xAA, descartando 128 bytes: 00000000000000f8f800000000000000
02:09:46.468 [DEBUG] [serial] RX 128 bytes: f800000000000000000000f8f800000000000000000000f8f800000000000000000000f8f800000000000000000000f8f800000000000000000000f8f800000000000000000000f8f800000000000000000000f8f800000000000000000000f8f800000000000000000000f8f800000000000000000000f8f800000000000000
02:09:46.468 [DEBUG] [serial] Sin header 0xAA, descartando 128 bytes: f800000000000000000000f8f8000000
02:09:46.477 [DEBUG] [serial] RX 128 bytes: 000000f8f800000000000000000000f8f800000000000000000000f8f800000000000000000000f8f800000000000000000000f8f800000000000000000000f8f800000000000000000000f8f800000000000000000000f8f800000000000000000000f8f800000000000000000000f8f800000000000000000000f8f8000000
02:09:46.477 [DEBUG] [serial] Sin header 0xAA, descartando 128 bytes: 000000f8f800000000000000000000f8
02:09:46.486 [DEBUG] [serial] RX 128 bytes: 00000000000000f8f800000000000000000000f8f800000000000000000000f8f800000000000000000000f8f800000000000000000000f8f800000000000000000000f8f800000000000000000000f8f800000000000000000000f8f800000000000000000000f8f800000000000000000000f8f800000000000000000000f8
02:09:46.487 [DEBUG] [serial] Sin header 0xAA, descartando 128 bytes: 00000000000000f8f800000000000000
02:09:46.496 [DEBUG] [serial] RX 128 bytes: f800000000000000000000f8f800000000000000000000f8f800000000000000000000f8f800000000000000000000f8f800000000000000000000f8f800000000000000000000f8f800000000000000000000f8f800000000000000000000f8f800000000000000000000f8f800000000000000000000f8f800000000000000
02:09:46.496 [DEBUG] [serial] Sin header 0xAA, descartando 128 bytes: f800000000000000000000f8f8000000
02:09:46.505 [DEBUG] [serial] RX 128 bytes: 000000f8f800000000000000000000f8f800000000000000000000f8f800000000000000000000f8f800000000000000000000f8f800000000000000000000f8f800000000000000000000f8f800000000000000000000f8f800000000000000000000f8f800000000000000000000f8f800000000000000000000f8f8000000
02:09:46.505 [DEBUG] [serial] Sin header 0xAA, descartando 128 bytes: 000000f8f800000000000000000000f8
02:09:46.514 [DEBUG] [serial] RX 128 bytes: 00000000000000f8f800000000000000000000f8f800000000000000000000f8f800000000000000000000f8f800000000000000000000f8f800000000000000000000f8f800000000000000000000f8f800000000000000000000f8f800000000000000000000f8f800000000000000000000f8f800000000000000000000f8
02:09:46.515 [DEBUG] [serial] Sin header 0xAA, descartando 128 bytes: 00000000000000f8f800000000000000
02:09:46.524 [DEBUG] [serial] RX 128 bytes: f800000000000000000000f8f800000000000000000000f8f800000000000000000000f8f800000000000000000000f8f800000000000000000000f8f800000000000000000000f8f800000000000000000000f8f800000000000000000000f8f800000000000000000000f8f800000000000000000000f8f800000000000000
02:09:46.524 [DEBUG] [serial] Sin header 0xAA, descartando 128 bytes: f800000000000000000000f8f8000000
02:09:46.533 [DEBUG] [serial] RX 128 bytes: 000000f8f800000000000000000000f8f800000000000000000000f8f800000000000000000000f8f800000000000000000000f8f800000000000000000000f8f800000000000000000000f8f800000000000000000000f8f800000000000000000000f8f800000000000000000000f8f800000000000000000000f8f8000000
02:09:46.533 [DEBUG] [serial] Sin header 0xAA, descartando 128 bytes: 000000f8f800000000000000000000f8
02:09:46.542 [DEBUG] [serial] RX 128 bytes: 00000000000000f8f800000000000000000000f8f800000000000000000000f8f800000000000000000000f8f800000000000000000000f8f800000000000000000000f8f800000000000000000000f8f800000000000000000000f8f800000000000000000000f8f800000000000000000000f8f800000000000000000000f8
02:09:46.543 [DEBUG] [serial] Sin header 0xAA, descartando 128 bytes: 00000000000000f8f800000000000000
02:09:46.552 [DEBUG] [serial] RX 128 bytes: f800000000000000000000f8f800000000000000000000f8f800000000000000000000f8f800000000000000000000f8f800000000000000000000f8f800000000000000000000f8f800000000000000000000f8f800000000000000000000f8f800000000000000000000f8f800000000000000000000f8f800000000000000
02:09:46.552 [DEBUG] [serial] Sin header 0xAA, descartando 128 bytes: f800000000000000000000f8f8000000
02:09:46.561 [DEBUG] [serial] RX 128 bytes: 000000f8f800000000000000000000f8f800000000000000000000f8f800000000000000000000f8f800000000000000000000f8f800000000000000000000f8f800000000000000000000f8f800000000000000000000f8f800000000000000000000f8f800000000000000000000f8f800000000000000000000f8f8000000
02:09:46.561 [DEBUG] [serial] Sin header 0xAA, descartando 128 bytes: 000000f8f800000000000000000000f8
02:09:46.570 [DEBUG] [serial] RX 128 bytes: 00000000000000f8f800000000000000000000f8f800000000000000000000f8f800000000000000000000f8f800000000000000000000f8f800000000000000000000f8f800000000000000000000f8f800000000000000000000f8f800000000000000000000f8f800000000000000000000f8f800000000000000000000f8
02:09:46.571 [DEBUG] [serial] Sin header 0xAA, descartando 128 bytes: 00000000000000f8f800000000000000
02:09:46.580 [DEBUG] [serial] RX 128 bytes: f800000000000000000000f8f800000000000000000000f8f800000000000000000000f8f800000000000000000000f8f800000000000000000000f8f800000000000000000000f8f800000000000000000000f8f800000000000000000000f8f800000000000000000000f8f800000000000000000000f8f800000000000000
02:09:46.580 [DEBUG] [serial] Sin header 0xAA, descartando 128 bytes: f800000000000000000000f8f8000000
02:09:46.589 [DEBUG] [serial] RX 128 bytes: 000000f8f800000000000000000000f8f800000000000000000000f8f800000000000000000000f8f800000000000000000000f8f800000000000000000000f8f800000000000000000000f8f800000000000000000000f8f800000000000000000000f8f800000000000000000000f8f800000000000000000000f8f8000000
02:09:46.590 [DEBUG] [serial] Sin header 0xAA, descartando 128 bytes: 000000f8f800000000000000000000f8
02:09:46.598 [DEBUG] [serial] RX 128 bytes: 00000000000000f8f800000000000000000000f8f800000000000000000000f8f800000000000000000000f8f800000000000000000000f8f800000000000000000000f8f800000000000000000000f8f800000000000000000000f8f800000000000000000000f8f800000000000000000000f8f800000000000000000000f8
02:09:46.599 [DEBUG] [serial] Sin header 0xAA, descartando 128 bytes: 00000000000000f8f800000000000000
02:09:46.608 [DEBUG] [serial] RX 128 bytes: f800000000000000000000f8f800000000000000000000f8f800000000000000000000f8f800000000000000000000f8f800000000000000000000f8f800000000000000000000f8f800000000000000000000f8f800000000000000000000f8f800000000000000000000f8f800000000000000000000f8f800000000000000
02:09:46.608 [DEBUG] [serial] Sin header 0xAA, descartando 128 bytes: f800000000000000000000f8f8000000
02:09:46.617 [DEBUG] [serial] RX 128 bytes: 000000f8f800000000000000000000f8f800000000000000000000f8f800000000000000000000f8f800000000000000000000f8f800000000000000000000f8f800000000000000000000f8f800000000000000000000f8f800000000000000000000f8f800000000000000000000f8f800000000000000000000f8f8000000
02:09:46.617 [DEBUG] [serial] Sin header 0xAA, descartando 128 bytes: 000000f8f800000000000000000000f8
02:09:46.626 [DEBUG] [serial] RX 128 bytes: 00000000000000f8f800000000000000000000f8f800000000000000000000f8f800000000000000000000f8f800000000000000000000f8f800000000000000000000f8f800000000000000000000f8f800000000000000000000f8f800000000000000000000f8f800000000000000000000f8f800000000000000000000f8
02:09:46.626 [DEBUG] [serial] Sin header 0xAA, descartando 128 bytes: 00000000000000f8f800000000000000
02:09:46.635 [DEBUG] [serial] RX 128 bytes: f800000000000000000000f8f800000000000000000000f8f800000000000000000000f8f800000000000000000000f8f800000000000000000000f8f800000000000000000000f8f800000000000000000000f8f800000000000000000000f8f800000000000000000000f8f800000000000000000000f8f800000000000000
02:09:46.636 [DEBUG] [serial] Sin header 0xAA, descartando 128 bytes: f800000000000000000000f8f8000000
02:09:46.645 [DEBUG] [serial] RX 128 bytes: 000000f8f800000000000000000000f8f800000000000000000000f8f800000000000000000000f8f800000000000000000000f8f800000000000000000000f8f800000000000000000000f8f800000000000000000000f8f800000000000000000000f8f800000000000000000000f8f800000000000000000000f8f8000000
02:09:46.645 [DEBUG] [serial] Sin header 0xAA, descartando 128 bytes: 000000f8f800000000000000000000f8
02:09:46.654 [DEBUG] [serial] RX 128 bytes: 00000000000000f8f800000000000000000000f8f800000000000000000000f8f800000000000000000000f8f800000000000000000000f8f800000000000000000000f8f800000000000000000000f8f800000000000000000000f8f800000000000000000000f8f800000000000000000000f8f800000000000000000000f8
02:09:46.654 [DEBUG] [serial] Sin header 0xAA, descartando 128 bytes: 00000000000000f8f800000000000000
02:09:46.663 [DEBUG] [serial] RX 128 bytes: f800000000000000000000f8f800000000000000000000f8f800000000000000000000f8f800000000000000000000f8f800000000000000000000f8f800000000000000000000f8f800000000000000000000f8f800000000000000000000f8f800000000000000000000f8f800000000000000000000f8f800000000000000
02:09:46.664 [DEBUG] [serial] Sin header 0xAA, descartando 128 bytes: f800000000000000000000f8f8000000
02:09:46.673 [DEBUG] [serial] RX 128 bytes: 000000f8f800000000000000000000f8f800000000000000000000f8f800000000000000000000f8f800000000000000000000f8f800000000000000000000f8f800000000000000000000f8f800000000000000000000f8f800000000000000000000f8f800000000000000000000f8f800000000000000000000f8f8000000
02:09:46.673 [DEBUG] [serial] Sin header 0xAA, descartando 128 bytes: 000000f8f800000000000000000000f8
02:09:46.682 [DEBUG] [serial] RX 128 bytes: 00000000000000f8f800000000000000000000f8f800000000000000000000f8f800000000000000000000f8f800000000000000000000f8f800000000000000000000f8f800000000000000000000f8f800000000000000000000f8f800000000000000000000f8f800000000000000000000f8f800000000000000000000f8
02:09:46.683 [DEBUG] [serial] Sin header 0xAA, descartando 128 bytes: 00000000000000f8f800000000000000
02:09:46.691 [DEBUG] [serial] RX 128 bytes: f800000000000000000000f8f800000000000000000000f8f800000000000000000000f8f800000000000000000000f8f800000000000000000000f8f800000000000000000000f8f800000000000000000000f8f800000000000000000000f8f800000000000000000000f8f800000000000000000000f8f800000000000000
02:09:46.692 [DEBUG] [serial] Sin header 0xAA, descartando 128 bytes: f800000000000000000000f8f8000000
02:09:46.701 [DEBUG] [serial] RX 128 bytes: 000000f8f800000000000000000000f8f800000000000000000000f8f800000000000000000000f8f800000000000000000000f8f800000000000000000000f8f800000000000000000000f8f800000000000000000000f8f800000000000000000000f8f800000000000000000000f8f800000000000000000000f8f8000000
02:09:46.701 [DEBUG] [serial] Sin header 0xAA, descartando 128 bytes: 000000f8f800000000000000000000f8
02:09:46.710 [DEBUG] [serial] RX 128 bytes: 00000000000000f8f800000000000000000000f8f800000000000000000000f8f800000000000000000000f8f800000000000000000000f8f800000000000000000000f8f800000000000000000000f8f800000000000000000000f8f800000000000000000000f8f800000000000000000000f8f800000000000000000000f8
02:09:46.710 [DEBUG] [serial] Sin header 0xAA, descartando 128 bytes: 00000000000000f8f800000000000000
02:09:46.719 [DEBUG] [serial] RX 128 bytes: f800000000000000000000f8f800000000000000000000f8f800000000000000000000f8f800000000000000000000f8f800000000000000000000f8f800000000000000000000f8f800000000000000000000f8f800000000000000000000f8f800000000000000000000f8f800000000000000000000f8f800000000000000
02:09:46.720 [DEBUG] [serial] Sin header 0xAA, descartando 128 bytes: f800000000000000000000f8f8000000
02:09:46.729 [DEBUG] [serial] RX 128 bytes: 000000f8f800000000000000000000f8f800000000000000000000f8f800000000000000000000f8f800000000000000000000f8f800000000000000000000f8f800000000000000000000f8f800000000000000000000f8f800000000000000000000f8f800000000000000000000f8f800000000000000000000f8f8000000
02:09:46.729 [DEBUG] [serial] Sin header 0xAA, descartando 128 bytes: 000000f8f800000000000000000000f8
02:09:46.738 [DEBUG] [serial] RX 128 bytes: 00000000000000f8f800000000000000000000f8f800000000000000000000f8f800000000000000000000f8f800000000000000000000f8f800000000000000000000f8f800000000000000000000f8f800000000000000000000f8f800000000000000000000f8f800000000000000000000f8f800000000000000000000f8
02:09:46.738 [DEBUG] [serial] Sin header 0xAA, descartando 128 bytes: 00000000000000f8f800000000000000
02:09:46.747 [DEBUG] [serial] RX 128 bytes: f800000000000000000000f8f800000000000000000000f8f800000000000000000000f8f800000000000000000000f8f800000000000000000000f8f800000000000000000000f8f800000000000000000000f8f800000000000000000000f8f800000000000000000000f8f800000000000000000000f8f800000000000000
02:09:46.747 [DEBUG] [serial] Sin header 0xAA, descartando 128 bytes: f800000000000000000000f8f8000000
02:09:46.757 [DEBUG] [serial] RX 128 bytes: 000000f8f800000000000000000000f8f800000000000000000000f8f800000000000000000000f8f800000000000000000000f8f800000000000000000000f8f800000000000000000000f8f800000000000000000000f8f800000000000000000000f8f800000000000000000000f8f800000000000000000000f8f8000000
02:09:46.757 [DEBUG] [serial] Sin header 0xAA, descartando 128 bytes: 000000f8f800000000000000000000f8
02:09:46.766 [DEBUG] [serial] RX 128 bytes: 00000000000000f8f800000000000000000000f8f800000000000000000000f8f800000000000000000000f8f800000000000000000000f8f800000000000000000000f8f800000000000000000000f8f800000000000000000000f8f800000000000000000000f8f800000000000000000000f8f800000000000000000000f8
02:09:46.766 [DEBUG] [serial] Sin header 0xAA, descartando 128 bytes: 00000000000000f8f800000000000000
02:09:46.775 [DEBUG] [serial] RX 128 bytes: f800000000000000000000f8f800000000000000000000f8f800000000000000000000f8f800000000000000000000f8f800000000000000000000f8f800000000000000000000f8f800000000000000000000f8f800000000000000000000f8f800000000000000000000f8f800000000000000000000f8f800000000000000
02:09:46.775 [DEBUG] [serial] Sin header 0xAA, descartando 128 bytes: f800000000000000000000f8f8000000
02:09:46.784 [DEBUG] [serial] RX 128 bytes: 000000f8f800000000000000000000f8f800000000000000000000f8f800000000000000000000f8f800000000000000000000f8f800000000000000000000f8f800000000000000000000f8f800000000000000000000f8f800000000000000000000f8f800000000000000000000f8f800000000000000000000f8f8000000
02:09:46.785 [DEBUG] [serial] Sin header 0xAA, descartando 128 bytes: 000000f8f800000000000000000000f8
02:09:46.794 [DEBUG] [serial] RX 128 bytes: 00000000000000f8f800000000000000000000f8f800000000000000000000f8f800000000000000000000f8f800000000000000000000f8f800000000000000000000f8f800000000000000000000f8f800000000000000000000f8f800000000000000000000f8f800000000000000000000f8f800000000000000000000f8
02:09:46.794 [DEBUG] [serial] Sin header 0xAA, descartando 128 bytes: 00000000000000f8f800000000000000
02:09:46.803 [DEBUG] [serial] RX 128 bytes: f800000000000000000000f8f800000000000000000000f8f800000000000000000000f8f800000000000000000000f8f800000000000000000000f8f800000000000000000000f8f800000000000000000000f8f800000000000000000000f8f800000000000000000000f8f800000000000000000000f8f800000000000000
02:09:46.803 [DEBUG] [serial] Sin header 0xAA, descartando 128 bytes: f800000000000000000000f8f8000000
02:09:46.812 [DEBUG] [serial] RX 128 bytes: 000000f8f800000000000000000000f8f800000000000000000000f8f800000000000000000000f8f800000000000000000000f8f800000000000000000000f8f800000000000000000000f8f800000000000000000000f8f800000000000000000000f8f800000000000000000000f8f800000000000000000000f8f8000000
02:09:46.813 [DEBUG] [serial] Sin header 0xAA, descartando 128 bytes: 000000f8f800000000000000000000f8
02:09:46.822 [DEBUG] [serial] RX 128 bytes: 00000000000000f8f800000000000000000000f8f800000000000000000000f8f800000000000000000000f8f800000000000000000000f8f800000000000000000000f8f800000000000000000000f8f800000000000000000000f8f800000000000000000000f8f800000000000000000000f8f800000000000000000000f8
02:09:46.822 [DEBUG] [serial] Sin header 0xAA, descartando 128 bytes: 00000000000000f8f800000000000000
02:09:46.831 [DEBUG] [serial] RX 128 bytes: f800000000000000000000f8f800000000000000000000f8f800000000000000000000f8f800000000000000000000f8f800000000000000000000f8f800000000000000000000f8f800000000000000000000f8f800000000000000000000f8f800000000000000000000f8f800000000000000000000f8f800000000000000
02:09:46.831 [DEBUG] [serial] Sin header 0xAA, descartando 128 bytes: f800000000000000000000f8f8000000
02:09:46.840 [DEBUG] [serial] RX 128 bytes: 000000f8f800000000000000000000f8f800000000000000000000f8f800000000000000000000f8f800000000000000000000f8f800000000000000000000f8f800000000000000000000f8f800000000000000000000f8f800000000000000000000f8f800000000000000000000f8f800000000000000000000f8f8000000
02:09:46.841 [DEBUG] [serial] Sin header 0xAA, descartando 128 bytes: 000000f8f800000000000000000000f8
02:09:46.850 [DEBUG] [serial] RX 128 bytes: 00000000000000f8f800000000000000000000f8f800000000000000000000f8f800000000000000000000f8f800000000000000000000f8f800000000000000000000f8f800000000000000000000f8f800000000000000000000f8f800000000000000000000f8f800000000000000000000f8f800000000000000000000f8
02:09:46.850 [DEBUG] [serial] Sin header 0xAA, descartando 128 bytes: 00000000000000f8f800000000000000
02:09:46.859 [DEBUG] [serial] RX 128 bytes: f800000000000000000000f8f800000000000000000000f8f800000000000000000000f8f800000000000000000000f8f800000000000000000000f8f800000000000000000000f8f800000000000000000000f8f800000000000000000000f8f800000000000000000000f8f800000000000000000000f8f800000000000000
02:09:46.859 [DEBUG] [serial] Sin header 0xAA, descartando 128 bytes: f800000000000000000000f8f8000000
02:09:46.868 [DEBUG] [serial] RX 128 bytes: 000000f8f800000000000000000000f8f800000000000000000000f8f800000000000000000000f8f800000000000000000000f8f800000000000000000000f8f800000000000000000000f8f800000000000000000000f8f800000000000000000000f8f800000000000000000000f8f800000000000000000000f8f8000000
02:09:46.868 [DEBUG] [serial] Sin header 0xAA, descartando 128 bytes: 000000f8f800000000000000000000f8
02:09:46.878 [DEBUG] [serial] RX 128 bytes: 00000000000000f8f800000000000000000000f8f800000000000000000000f8f800000000000000000000f8f800000000000000000000f8f800000000000000000000f8f800000000000000000000f8f800000000000000000000f8f800000000000000000000f8f800000000000000000000f8f800000000000000000000f8
02:09:46.878 [DEBUG] [serial] Sin header 0xAA, descartando 128 bytes: 00000000000000f8f800000000000000
02:09:46.887 [DEBUG] [serial] RX 128 bytes: f800000000000000000000f8f800000000000000000000f8f800000000000000000000f8f800000000000000000000f8f800000000000000000000f8f800000000000000000000f8f800000000000000000000f8f800000000000000000000f8f800000000000000000000f8f800000000000000000000f8f800000000000000
02:09:46.887 [DEBUG] [serial] Sin header 0xAA, descartando 128 bytes: f800000000000000000000f8f8000000
02:09:46.896 [DEBUG] [serial] RX 128 bytes: 000000f8f800000000000000000000f8f800000000000000000000f8f800000000000000000000f8f800000000000000000000f8f800000000000000000000f8f800000000000000000000f8f800000000000000000000f8f800000000000000000000f8f800000000000000000000f8f800000000000000000000f8f8000000
02:09:46.896 [DEBUG] [serial] Sin header 0xAA, descartando 128 bytes: 000000f8f800000000000000000000f8
02:09:46.906 [DEBUG] [serial] RX 128 bytes: 00000000000000f8f800000000000000000000f8f800000000000000000000f8f800000000000000000000f8f800000000000000000000f8f800000000000000000000f8f800000000000000000000f8f800000000000000000000f8f800000000000000000000f8f800000000000000000000f8f800000000000000000000f8
02:09:46.906 [DEBUG] [serial] Sin header 0xAA, descartando 128 bytes: 00000000000000f8f800000000000000
02:09:46.915 [DEBUG] [serial] RX 128 bytes: f800000000000000000000f8f800000000000000000000f8f800000000000000000000f8f800000000000000000000f8f800000000000000000000f8f800000000000000000000f8f800000000000000000000f8f800000000000000000000f8f800000000000000000000f8f800000000000000000000f8f800000000000000
02:09:46.915 [DEBUG] [serial] Sin header 0xAA, descartando 128 bytes: f800000000000000000000f8f8000000
02:09:46.924 [DEBUG] [serial] RX 128 bytes: 000000f8f800000000000000000000f8f800000000000000000000f8f800000000000000000000f8f800000000000000000000f8f800000000000000000000f8f800000000000000000000f8f800000000000000000000f8f800000000000000000000f8f800000000000000000000f8f800000000000000000000f8f8000000
02:09:46.924 [DEBUG] [serial] Sin header 0xAA, descartando 128 bytes: 000000f8f800000000000000000000f8
02:09:46.934 [DEBUG] [serial] RX 128 bytes: 00000000000000f8f800000000000000000000f8f800000000000000000000f8f800000000000000000000f8f800000000000000000000f8f800000000000000000000f8f800000000000000000000f8f800000000000000000000f8f800000000000000000000f8f800000000000000000000f8f800000000000000000000f8
02:09:46.934 [DEBUG] [serial] Sin header 0xAA, descartando 128 bytes: 00000000000000f8f800000000000000
02:09:46.943 [DEBUG] [serial] RX 128 bytes: f800000000000000000000f8f800000000000000000000f8f800000000000000000000f8f800000000000000000000f8f800000000000000000000f8f800000000000000000000f8f800000000000000000000f8f800000000000000000000f8f800000000000000000000f8f800000000000000000000f8f800000000000000
02:09:46.943 [DEBUG] [serial] Sin header 0xAA, descartando 128 bytes: f800000000000000000000f8f8000000
02:09:46.952 [DEBUG] [serial] RX 128 bytes: 000000f8f800000000000000000000f8f800000000000000000000f8f800000000000000000000f8f800000000000000000000f8f800000000000000000000f8f800000000000000000000f8f800000000000000000000f8f800000000000000000000f8f800000000000000000000f8f800000000000000000000f8f8000000
02:09:46.952 [DEBUG] [serial] Sin header 0xAA, descartando 128 bytes: 000000f8f800000000000000000000f8
02:09:46.962 [DEBUG] [serial] RX 128 bytes: 00000000000000f8f800000000000000000000f8f800000000000000000000f8f800000000000000000000f8f800000000000000000000f8f800000000000000000000f8f800000000000000000000f8f800000000000000000000f8f800000000000000000000f8f800000000000000000000f8f800000000000000000000f8
02:09:46.963 [DEBUG] [serial] Sin header 0xAA, descartando 128 bytes: 00000000000000f8f800000000000000
02:09:46.971 [DEBUG] [serial] RX 128 bytes: f800000000000000000000f8f800000000000000000000f8f800000000000000000000f8f800000000000000000000f8f800000000000000000000f8f800000000000000000000f8f800000000000000000000f8f800000000000000000000f8f800000000000000000000f8f800000000000000000000f8f800000000000000
02:09:46.971 [DEBUG] [serial] Sin header 0xAA, descartando 128 bytes: f800000000000000000000f8f8000000
02:09:46.980 [DEBUG] [serial] RX 128 bytes: 000000f8f800000000000000000000f8f800000000000000000000f8f800000000000000000000f8f800000000000000000000f8f800000000000000000000f8f800000000000000000000f8f800000000000000000000f8f800000000000000000000f8f800000000000000000000f8f800000000000000000000f8f8000000
02:09:46.980 [DEBUG] [serial] Sin header 0xAA, descartando 128 bytes: 000000f8f800000000000000000000f8
02:09:46.989 [DEBUG] [serial] RX 128 bytes: 00000000000000f8f800000000000000000000f8f800000000000000000000f8f800000000000000000000f8f800000000000000000000f8f800000000000000000000f8f800000000000000000000f8f800000000000000000000f8f800000000000000000000f8f800000000000000000000f8f800000000000000000000f8
02:09:46.990 [DEBUG] [serial] Sin header 0xAA, descartando 128 bytes: 00000000000000f8f800000000000000
02:09:46.999 [DEBUG] [serial] RX 128 bytes: f800000000000000000000f8f800000000000000000000f8f800000000000000000000f8f800000000000000000000f8f800000000000000000000f8f800000000000000000000f8f800000000000000000000f8f800000000000000000000f8f800000000000000000000f8f800000000000000000000f8f800000000000000
02:09:46.999 [DEBUG] [serial] Sin header 0xAA, descartando 128 bytes: f800000000000000000000f8f8000000
02:09:47.008 [DEBUG] [serial] RX 128 bytes: 000000f8f800000000000000000000f8f800000000000000000000f8f800000000000000000000f8f800000000000000000000f8f800000000000000000000f8f800000000000000000000f8f800000000000000000000f8f800000000000000000000f8f800000000000000000000f8f800000000000000000000f8f8000000
02:09:47.008 [DEBUG] [serial] Sin header 0xAA, descartando 128 bytes: 000000f8f800000000000000000000f8
02:09:47.017 [DEBUG] [serial] RX 128 bytes: 00000000000000f8f800000000000000000000f8f800000000000000000000f8f800000000000000000000f8f800000000000000000000f8f800000000000000000000f8f800000000000000000000f8f800000000000000000000f8f800000000000000000000f8f800000000000000000000f8f800000000000000000000f8
02:09:47.018 [DEBUG] [serial] Sin header 0xAA, descartando 128 bytes: 00000000000000f8f800000000000000
02:09:47.027 [DEBUG] [serial] RX 128 bytes: f800000000000000000000f8f800000000000000000000f8f800000000000000000000f8f800000000000000000000f8f800000000000000000000f8f800000000000000000000f8f800000000000000000000f8f800000000000000000000f8f800000000000000000000f8f800000000000000000000f8f800000000000000
02:09:47.027 [DEBUG] [serial] Sin header 0xAA, descartando 128 bytes: f800000000000000000000f8f8000000
02:09:47.036 [DEBUG] [serial] RX 128 bytes: 000000f8f800000000000000000000f8f800000000000000000000f8f800000000000000000000f8f800000000000000000000f8f800000000000000000000f8f800000000000000000000f8f800000000000000000000f8f800000000000000000000f8f800000000000000000000f8f800000000000000000000f8f8000000
02:09:47.036 [DEBUG] [serial] Sin header 0xAA, descartando 128 bytes: 000000f8f800000000000000000000f8
02:09:47.045 [DEBUG] [serial] RX 128 bytes: 00000000000000f8f800000000000000000000f8f800000000000000000000f8f800000000000000000000f8f800000000000000000000f8f800000000000000000000f8f800000000000000000000f8f800000000000000000000f8f800000000000000000000f8f800000000000000000000f8f800000000000000000000f8
02:09:47.045 [DEBUG] [serial] Sin header 0xAA, descartando 128 bytes: 00000000000000f8f800000000000000
02:09:47.055 [DEBUG] [serial] RX 128 bytes: f800000000000000000000f8f800000000000000000000f8f800000000000000000000f8f800000000000000000000f8f800000000000000000000f8f800000000000000000000f8f800000000000000000000f8f800000000000000000000f8f800000000000000000000f8f800000000000000000000f8f800000000000000
02:09:47.055 [DEBUG] [serial] Sin header 0xAA, descartando 128 bytes: f800000000000000000000f8f8000000
02:09:47.064 [DEBUG] [serial] RX 128 bytes: 000000f8f800000000000000000000f8f800000000000000000000f8f800000000000000000000f8f800000000000000000000f8f800000000000000000000f8f800000000000000000000f8f800000000000000000000f8f800000000000000000000f8f800000000000000000000f8f800000000000000000000f8f8000000
02:09:47.064 [DEBUG] [serial] Sin header 0xAA, descartando 128 bytes: 000000f8f800000000000000000000f8
02:09:47.073 [DEBUG] [serial] RX 128 bytes: 00000000000000f8f800000000000000000000f8f800000000000000000000f8f800000000000000000000f8f800000000000000000000f8f800000000000000000000f8f800000000000000000000f8f800000000000000000000f8f800000000000000000000f8f800000000000000000000f8f800000000000000000000f8
02:09:47.073 [DEBUG] [serial] Sin header 0xAA, descartando 128 bytes: 00000000000000f8f800000000000000
02:09:47.083 [DEBUG] [serial] RX 128 bytes: f800000000000000000000f8f800000000000000000000f8f800000000000000000000f8f800000000000000000000f8f800000000000000000000f8f800000000000000000000f8f800000000000000000000f8f800000000000000000000f8f800000000000000000000f8f800000000000000000000f8f800000000000000
02:09:47.083 [DEBUG] [serial] Sin header 0xAA, descartando 128 bytes: f800000000000000000000f8f8000000
02:09:47.092 [DEBUG] [serial] RX 128 bytes: 000000f8f800000000000000000000f8f800000000000000000000f8f800000000000000000000f8f800000000000000000000f8f800000000000000000000f8f800000000000000000000f8f800000000000000000000f8f800000000000000000000f8f800000000000000000000f8f800000000000000000000f8f8000000
02:09:47.092 [DEBUG] [serial] Sin header 0xAA, descartando 128 bytes: 000000f8f800000000000000000000f8
02:09:47.101 [DEBUG] [serial] RX 128 bytes: 00000000000000f8f800000000000000000000f8f800000000000000000000f8f800000000000000000000f8f800000000000000000000f8f800000000000000000000f8f800000000000000000000f8f800000000000000000000f8f800000000000000000000f8f800000000000000000000f8f800000000000000000000f8
02:09:47.101 [DEBUG] [serial] Sin header 0xAA, descartando 128 bytes: 00000000000000f8f800000000000000
02:09:47.110 [DEBUG] [serial] RX 128 bytes: f800000000000000000000f8f800000000000000000000f8f800000000000000000000f8f800000000000000000000f8f800000000000000000000f8f800000000000000000000f8f800000000000000000000f8f800000000000000000000f8f800000000000000000000f8f800000000000000000000f8f800000000000000
02:09:47.111 [DEBUG] [serial] Sin header 0xAA, descartando 128 bytes: f800000000000000000000f8f8000000
02:09:47.120 [DEBUG] [serial] RX 128 bytes: 000000f8f800000000000000000000f8f800000000000000000000f8f800000000000000000000f8f800000000000000000000f8f800000000000000000000f8f800000000000000000000f8f800000000000000000000f8f800000000000000000000f8f800000000000000000000f8f800000000000000000000f8f8000000
02:09:47.120 [DEBUG] [serial] Sin header 0xAA, descartando 128 bytes: 000000f8f800000000000000000000f8
02:09:47.129 [DEBUG] [serial] RX 128 bytes: 00000000000000f8f800000000000000000000f8f800000000000000000000f8f800000000000000000000f8f800000000000000000000f8f800000000000000000000f8f800000000000000000000f8f800000000000000000000f8f800000000000000000000f8f800000000000000000000f8f800000000000000000000f8
02:09:47.129 [DEBUG] [serial] Sin header 0xAA, descartando 128 bytes: 00000000000000f8f800000000000000
02:09:47.138 [DEBUG] [serial] RX 128 bytes: f800000000000000000000f8f800000000000000000000f8f800000000000000000000f8f800000000000000000000f8f800000000000000000000f8f800000000000000000000f8f800000000000000000000f8f800000000000000000000f8f800000000000000000000f8f800000000000000000000f8f800000000000000
02:09:47.139 [DEBUG] [serial] Sin header 0xAA, descartando 128 bytes: f800000000000000000000f8f8000000
02:09:47.148 [DEBUG] [serial] RX 128 bytes: 000000f8f800000000000000000000f8f800000000000000000000f8f800000000000000000000f8f800000000000000000000f8f800000000000000000000f8f800000000000000000000f8f800000000000000000000f8f800000000000000000000f8f800000000000000000000f8f800000000000000000000f8f8000000
02:09:47.149 [DEBUG] [serial] Sin header 0xAA, descartando 128 bytes: 000000f8f800000000000000000000f8
02:09:47.157 [DEBUG] [serial] RX 128 bytes: 00000000000000f8f800000000000000000000f8f800000000000000000000f8f800000000000000000000f8f800000000000000000000f8f800000000000000000000f8f800000000000000000000f8f800000000000000000000f8f800000000000000000000f8f800000000000000000000f8f800000000000000000000f8
02:09:47.157 [DEBUG] [serial] Sin header 0xAA, descartando 128 bytes: 00000000000000f8f800000000000000
02:09:47.166 [DEBUG] [serial] RX 128 bytes: f800000000000000000000f8f800000000000000000000f8f800000000000000000000f8f800000000000000000000f8f800000000000000000000f8f800000000000000000000f8f800000000000000000000f8f800000000000000000000f8f800000000000000000000f8f800000000000000000000f8f800000000000000
02:09:47.167 [DEBUG] [serial] Sin header 0xAA, descartando 128 bytes: f800000000000000000000f8f8000000
02:09:47.176 [DEBUG] [serial] RX 128 bytes: 000000f8f800000000000000000000f8f800000000000000000000f8f800000000000000000000f8f800000000000000000000f8f800000000000000000000f8f800000000000000000000f8f800000000000000000000f8f800000000000000000000f8f800000000000000000000f8f800000000000000000000f8f8000000
02:09:47.176 [DEBUG] [serial] Sin header 0xAA, descartando 128 bytes: 000000f8f800000000000000000000f8
02:09:47.185 [DEBUG] [serial] RX 128 bytes: 00000000000000f8f800000000000000000000f8f800000000000000000000f8f800000000000000000000f8f800000000000000000000f8f800000000000000000000f8f800000000000000000000f8f800000000000000000000f8f800000000000000000000f8f800000000000000000000f8f800000000000000000000f8
02:09:47.185 [DEBUG] [serial] Sin header 0xAA, descartando 128 bytes: 00000000000000f8f800000000000000
02:09:47.194 [DEBUG] [serial] RX 128 bytes: f800000000000000000000f8f800000000000000000000f8f800000000000000000000f8f800000000000000000000f8f800000000000000000000f8f800000000000000000000f8f800000000000000000000f8f800000000000000000000f8f800000000000000000000f8f800000000000000000000f8f800000000000000
02:09:47.194 [DEBUG] [serial] Sin header 0xAA, descartando 128 bytes: f800000000000000000000f8f8000000
02:09:47.204 [DEBUG] [serial] RX 128 bytes: 000000f8f800000000000000000000f8f800000000000000000000f8f800000000000000000000f8f800000000000000000000f8f800000000000000000000f8f800000000000000000000f8f800000000000000000000f8f800000000000000000000f8f800000000000000000000f8f800000000000000000000f8f8000000
02:09:47.204 [DEBUG] [serial] Sin header 0xAA, descartando 128 bytes: 000000f8f800000000000000000000f8
02:09:47.213 [DEBUG] [serial] RX 128 bytes: 00000000000000f8f800000000000000000000f8f800000000000000000000f8f800000000000000000000f8f800000000000000000000f8f800000000000000000000f8f800000000000000000000f8f800000000000000000000f8f800000000000000000000f8f800000000000000000000f8f800000000000000000000f8
02:09:47.213 [DEBUG] [serial] Sin header 0xAA, descartando 128 bytes: 00000000000000f8f800000000000000
02:09:47.222 [DEBUG] [serial] RX 128 bytes: f800000000000000000000f8f800000000000000000000f8f800000000000000000000f8f800000000000000000000f8f800000000000000000000f8f800000000000000000000f8f800000000000000000000f8f800000000000000000000f8f800000000000000000000f8f800000000000000000000f8f800000000000000
02:09:47.222 [DEBUG] [serial] Sin header 0xAA, descartando 128 bytes: f800000000000000000000f8f8000000
02:09:47.231 [DEBUG] [serial] RX 128 bytes: 000000f8f800000000000000000000f8f800000000000000000000f8f800000000000000000000f8f800000000000000000000f8f800000000000000000000f8f800000000000000000000f8f800000000000000000000f8f800000000000000000000f8f800000000000000000000f8f800000000000000000000f8f8000000
02:09:47.232 [DEBUG] [serial] Sin header 0xAA, descartando 128 bytes: 000000f8f800000000000000000000f8
02:09:47.241 [DEBUG] [serial] RX 128 bytes: 00000000000000f8f800000000000000000000f8f800000000000000000000f8f800000000000000000000f8f800000000000000000000f8f800000000000000000000f8f800000000000000000000f8f800000000000000000000f8f800000000000000000000f8f800000000000000000000f8f800000000000000000000f8
02:09:47.242 [DEBUG] [serial] Sin header 0xAA, descartando 128 bytes: 00000000000000f8f800000000000000
02:09:47.250 [DEBUG] [serial] RX 128 bytes: f800000000000000000000f8f800000000000000000000f8f800000000000000000000f8f800000000000000000000f8f800000000000000000000f8f800000000000000000000f8f800000000000000000000f8f800000000000000000000f8f800000000000000000000f8f800000000000000000000f8f800000000000000
02:09:47.250 [DEBUG] [serial] Sin header 0xAA, descartando 128 bytes: f800000000000000000000f8f8000000
02:09:47.259 [DEBUG] [serial] RX 128 bytes: 000000f8f800000000000000000000f8f800000000000000000000f8f800000000000000000000f8f800000000000000000000f8f800000000000000000000f8f800000000000000000000f8f800000000000000000000f8f800000000000000000000f8f800000000000000000000f8f800000000000000000000f8f8000000
02:09:47.260 [DEBUG] [serial] Sin header 0xAA, descartando 128 bytes: 000000f8f800000000000000000000f8
02:09:47.269 [DEBUG] [serial] RX 128 bytes: 00000000000000f8f800000000000000000000f8f800000000000000000000f8f800000000000000000000f8f800000000000000000000f8f800000000000000000000f8f800000000000000000000f8f800000000000000000000f8f800000000000000000000f8f800000000000000000000f8f800000000000000000000f8
02:09:47.269 [DEBUG] [serial] Sin header 0xAA, descartando 128 bytes: 00000000000000f8f800000000000000
02:09:47.278 [DEBUG] [serial] RX 128 bytes: f800000000000000000000f8f800000000000000000000f8f800000000000000000000f8f800000000000000000000f8f800000000000000000000f8f800000000000000000000f8f800000000000000000000f8f800000000000000000000f8f800000000000000000000f8f800000000000000000000f8f800000000000000
02:09:47.278 [DEBUG] [serial] Sin header 0xAA, descartando 128 bytes: f800000000000000000000f8f8000000
02:09:47.287 [DEBUG] [serial] RX 128 bytes: 000000f8f800000000000000000000f8f800000000000000000000f8f800000000000000000000f8f800000000000000000000f8f800000000000000000000f8f800000000000000000000f8f800000000000000000000f8f800000000000000000000f8f800000000000000000000f8f800000000000000000000f8f8000000
02:09:47.287 [DEBUG] [serial] Sin header 0xAA, descartando 128 bytes: 000000f8f800000000000000000000f8
02:09:47.297 [DEBUG] [serial] RX 128 bytes: 00000000000000f8f800000000000000000000f8f800000000000000000000f8f800000000000000000000f8f800000000000000000000f8f800000000000000000000f8f800000000000000000000f8f800000000000000000000f8f800000000000000000000f8f800000000000000000000f8f800000000000000000000f8
02:09:47.297 [DEBUG] [serial] Sin header 0xAA, descartando 128 bytes: 00000000000000f8f800000000000000
02:09:47.306 [DEBUG] [serial] RX 128 bytes: f800000000000000000000f8f800000000000000000000f8f800000000000000000000f8f800000000000000000000f8f800000000000000000000f8f800000000000000000000f8f800000000000000000000f8f800000000000000000000f8f800000000000000000000f8f800000000000000000000f8f800000000000000
02:09:47.306 [DEBUG] [serial] Sin header 0xAA, descartando 128 bytes: f800000000000000000000f8f8000000
02:09:47.315 [DEBUG] [serial] RX 128 bytes: 000000f8f800000000000000000000f8f800000000000000000000f8f800000000000000000000f8f800000000000000000000f8f800000000000000000000f8f800000000000000000000f8f800000000000000000000f8f800000000000000000000f8f800000000000000000000f8f800000000000000000000f8f8000000
02:09:47.315 [DEBUG] [serial] Sin header 0xAA, descartando 128 bytes: 000000f8f800000000000000000000f8
02:09:47.325 [DEBUG] [serial] RX 128 bytes: 00000000000000f8f800000000000000000000f8f800000000000000000000f8f800000000000000000000f8f800000000000000000000f8f800000000000000000000f8f800000000000000000000f8f800000000000000000000f8f800000000000000000000f8f800000000000000000000f8f800000000000000000000f8
02:09:47.325 [DEBUG] [serial] Sin header 0xAA, descartando 128 bytes: 00000000000000f8f800000000000000
02:09:47.334 [DEBUG] [serial] RX 128 bytes: f800000000000000000000f8f800000000000000000000f8f800000000000000000000f8f800000000000000000000f8f800000000000000000000f8f800000000000000000000f8f800000000000000000000f8f800000000000000000000f8f800000000000000000000f8f800000000000000000000f8f800000000000000
02:09:47.334 [DEBUG] [serial] Sin header 0xAA, descartando 128 bytes: f800000000000000000000f8f8000000
02:09:47.343 [DEBUG] [serial] RX 128 bytes: 000000f8f800000000000000000000f8f800000000000000000000f8f800000000000000000000f8f800000000000000000000f8f800000000000000000000f8f800000000000000000000f8f800000000000000000000f8f800000000000000000000f8f800000000000000000000f8f800000000000000000000f8f8000000
02:09:47.343 [DEBUG] [serial] Sin header 0xAA, descartando 128 bytes: 000000f8f800000000000000000000f8
02:09:47.353 [DEBUG] [serial] RX 128 bytes: 00000000000000f8f800000000000000000000f8f800000000000000000000f8f800000000000000000000f8f800000000000000000000f8f800000000000000000000f8f800000000000000000000f8f800000000000000000000f8f800000000000000000000f8f800000000000000000000f8f800000000000000000000f8
02:09:47.353 [DEBUG] [serial] Sin header 0xAA, descartando 128 bytes: 00000000000000f8f800000000000000
02:09:47.362 [DEBUG] [serial] RX 128 bytes: f800000000000000000000f8f800000000000000000000f8f800000000000000000000f8f800000000000000000000f8f800000000000000000000f8f800000000000000000000f8f800000000000000000000f8f800000000000000000000f8f800000000000000000000f8f800000000000000000000f8f800000000000000
02:09:47.362 [DEBUG] [serial] Sin header 0xAA, descartando 128 bytes: f800000000000000000000f8f8000000
02:09:47.371 [DEBUG] [serial] RX 128 bytes: 000000f8f800000000000000000000f8f800000000000000000000f8f800000000000000000000f8f800000000000000000000f8f800000000000000000000f8f800000000000000000000f8f800000000000000000000f8f800000000000000000000f8f800000000000000000000f8f800000000000000000000f8f8000000
02:09:47.371 [DEBUG] [serial] Sin header 0xAA, descartando 128 bytes: 000000f8f800000000000000000000f8
02:09:47.381 [DEBUG] [serial] RX 128 bytes: 00000000000000f8f800000000000000000000f8f800000000000000000000f8f800000000000000000000f8f800000000000000000000f8f800000000000000000000f8f800000000000000000000f8f800000000000000000000f8f800000000000000000000f8f800000000000000000000f8f800000000000000000000f8
02:09:47.381 [DEBUG] [serial] Sin header 0xAA, descartando 128 bytes: 00000000000000f8f800000000000000
02:09:47.390 [DEBUG] [serial] RX 128 bytes: f800000000000000000000f8f800000000000000000000f8f800000000000000000000f8f800000000000000000000f8f800000000000000000000f8f800000000000000000000f8f800000000000000000000f8f800000000000000000000f8f800000000000000000000f8f800000000000000000000f8f800000000000000
02:09:47.390 [DEBUG] [serial] Sin header 0xAA, descartando 128 bytes: f800000000000000000000f8f8000000
02:09:47.399 [DEBUG] [serial] RX 128 bytes: 000000f8f800000000000000000000f8f800000000000000000000f8f800000000000000000000f8f800000000000000000000f8f800000000000000000000f8f800000000000000000000f8f800000000000000000000f8f800000000000000000000f8f800000000000000000000f8f800000000000000000000f8f8000000
02:09:47.399 [DEBUG] [serial] Sin header 0xAA, descartando 128 bytes: 000000f8f800000000000000000000f8
02:09:47.408 [DEBUG] [serial] RX 128 bytes: 00000000000000f8f800000000000000000000f8f800000000000000000000f8f800000000000000000000f8f800000000000000000000f8f800000000000000000000f8f800000000000000000000f8f800000000000000000000f8f800000000000000000000f8f800000000000000000000f8f800000000000000000000f8
02:09:47.408 [DEBUG] [serial] Sin header 0xAA, descartando 128 bytes: 00000000000000f8f800000000000000
02:09:47.418 [DEBUG] [serial] RX 128 bytes: f800000000000000000000f8f800000000000000000000f8f800000000000000000000f8f800000000000000000000f8f800000000000000000000f8f800000000000000000000f8f800000000000000000000f8f800000000000000000000f8f800000000000000000000f8f800000000000000000000f8f800000000000000
02:09:47.418 [DEBUG] [serial] Sin header 0xAA, descartando 128 bytes: f800000000000000000000f8f8000000
02:09:47.427 [DEBUG] [serial] RX 128 bytes: 000000f8f800000000000000000000f8f800000000000000000000f8f800000000000000000000f8f800000000000000000000f8f800000000000000000000f8f800000000000000000000f8f800000000000000000000f8f800000000000000000000f8f800000000000000000000f8f800000000000000000000f8f8000000
02:09:47.427 [DEBUG] [serial] Sin header 0xAA, descartando 128 bytes: 000000f8f800000000000000000000f8
02:09:47.436 [DEBUG] [serial] RX 128 bytes: 00000000000000f8f800000000000000000000f8f800000000000000000000f8f800000000000000000000f8f800000000000000000000f8f800000000000000000000f8f800000000000000000000f8f800000000000000000000f8f800000000000000000000f8f800000000000000000000f8f800000000000000000000f8
02:09:47.436 [DEBUG] [serial] Sin header 0xAA, descartando 128 bytes: 00000000000000f8f800000000000000
02:09:47.446 [DEBUG] [serial] RX 128 bytes: f800000000000000000000f8f800000000000000000000f8f800000000000000000000f8f800000000000000000000f8f800000000000000000000f8f800000000000000000000f8f800000000000000000000f8f800000000000000000000f8f800000000000000000000f8f800000000000000000000f8f800000000000000
02:09:47.446 [DEBUG] [serial] Sin header 0xAA, descartando 128 bytes: f800000000000000000000f8f8000000
02:09:47.455 [DEBUG] [serial] RX 128 bytes: 000000f8f800000000000000000000f8f800000000000000000000f8f800000000000000000000f8f800000000000000000000f8f800000000000000000000f8f800000000000000000000f8f800000000000000000000f8f800000000000000000000f8f800000000000000000000f8f800000000000000000000f8f8000000
02:09:47.455 [DEBUG] [serial] Sin header 0xAA, descartando 128 bytes: 000000f8f800000000000000000000f8
02:09:47.464 [DEBUG] [serial] RX 128 bytes: 00000000000000f8f800000000000000000000f8f800000000000000000000f8f800000000000000000000f8f800000000000000000000f8f800000000000000000000f8f800000000000000000000f8f800000000000000000000f8f800000000000000000000f8f800000000000000000000f8f800000000000000000000f8
02:09:47.464 [DEBUG] [serial] Sin header 0xAA, descartando 128 bytes: 00000000000000f8f800000000000000
02:09:47.474 [DEBUG] [serial] RX 128 bytes: f800000000000000000000f8f800000000000000000000f8f800000000000000000000f8f800000000000000000000f8f800000000000000000000f8f800000000000000000000f8f800000000000000000000f8f800000000000000000000f8f800000000000000000000f8f800000000000000000000f8f800000000000000
02:09:47.474 [DEBUG] [serial] Sin header 0xAA, descartando 128 bytes: f800000000000000000000f8f8000000
02:09:47.483 [DEBUG] [serial] RX 128 bytes: 000000f8f800000000000000000000f8f800000000000000000000f8f800000000000000000000f8f800000000000000000000f8f800000000000000000000f8f800000000000000000000f8f800000000000000000000f8f800000000000000000000f8f800000000000000000000f8f800000000000000000000f8f8000000
02:09:47.483 [DEBUG] [serial] Sin header 0xAA, descartando 128 bytes: 000000f8f800000000000000000000f8
02:09:47.492 [DEBUG] [serial] RX 128 bytes: 00000000000000f8f800000000000000000000f8f800000000000000000000f8f800000000000000000000f8f800000000000000000000f8f800000000000000000000f8f800000000000000000000f8f800000000000000000000f8f800000000000000000000f8f800000000000000000000f8f800000000000000000000f8
02:09:47.492 [DEBUG] [serial] Sin header 0xAA, descartando 128 bytes: 00000000000000f8f800000000000000
02:09:47.502 [DEBUG] [serial] RX 128 bytes: f800000000000000000000f8f800000000000000000000f8f800000000000000000000f8f800000000000000000000f8f800000000000000000000f8f800000000000000000000f8f800000000000000000000f8f800000000000000000000f8f800000000000000000000f8f800000000000000000000f8f800000000000000
02:09:47.502 [DEBUG] [serial] Sin header 0xAA, descartando 128 bytes: f800000000000000000000f8f8000000
02:09:47.511 [DEBUG] [serial] RX 128 bytes: 000000f8f800000000000000000000f8f800000000000000000000f8f800000000000000000000f8f800000000000000000000f8f800000000000000000000f8f800000000000000000000f8f800000000000000000000f8f800000000000000000000f8f800000000000000000000f8f800000000000000000000f8f8000000
02:09:47.511 [DEBUG] [serial] Sin header 0xAA, descartando 128 bytes: 000000f8f800000000000000000000f8
02:09:47.520 [DEBUG] [serial] RX 128 bytes: 00000000000000f8f800000000000000000000f8f800000000000000000000f8f800000000000000000000f8f800000000000000000000f8f800000000000000000000f8f800000000000000000000f8f800000000000000000000f8f800000000000000000000f8f800000000000000000000f8f800000000000000000000f8
02:09:47.521 [DEBUG] [serial] Sin header 0xAA, descartando 128 bytes: 00000000000000f8f800000000000000
02:09:47.529 [DEBUG] [serial] RX 128 bytes: f800000000000000000000f8f800000000000000000000f8f800000000000000000000f8f800000000000000000000f8f800000000000000000000f8f800000000000000000000f8f800000000000000000000f8f800000000000000000000f8f800000000000000000000f8f800000000000000000000f8f800000000000000
02:09:47.530 [DEBUG] [serial] Sin header 0xAA, descartando 128 bytes: f800000000000000000000f8f8000000
02:09:47.539 [DEBUG] [serial] RX 128 bytes: 000000f8f800000000000000000000f8f800000000000000000000f8f800000000000000000000f8f800000000000000000000f8f800000000000000000000f8f800000000000000000000f8f800000000000000000000f8f800000000000000000000f8f800000000000000000000f8f800000000000000000000f8f8000000
02:09:47.539 [DEBUG] [serial] Sin header 0xAA, descartando 128 bytes: 000000f8f800000000000000000000f8
02:09:47.548 [DEBUG] [serial] RX 128 bytes: 00000000000000f8f800000000000000000000f8f800000000000000000000f8f800000000000000000000f8f800000000000000000000f8f800000000000000000000f8f800000000000000000000f8f800000000000000000000f8f800000000000000000000f8f800000000000000000000f8f800000000000000000000f8
02:09:47.548 [DEBUG] [serial] Sin header 0xAA, descartando 128 bytes: 00000000000000f8f800000000000000
02:09:47.557 [DEBUG] [serial] RX 128 bytes: f800000000000000000000f8f800000000000000000000f8f800000000000000000000f8f800000000000000000000f8f800000000000000000000f8f800000000000000000000f8f800000000000000000000f8f800000000000000000000f8f800000000000000000000f8f800000000000000000000f8f800000000000000
02:09:47.558 [DEBUG] [serial] Sin header 0xAA, descartando 128 bytes: f800000000000000000000f8f8000000
02:09:47.567 [DEBUG] [serial] RX 128 bytes: 000000f8f800000000000000000000f8f800000000000000000000f8f800000000000000000000f8f800000000000000000000f8f800000000000000000000f8f800000000000000000000f8f800000000000000000000f8f800000000000000000000f8f800000000000000000000f8f800000000000000000000f8f8000000
02:09:47.567 [DEBUG] [serial] Sin header 0xAA, descartando 128 bytes: 000000f8f800000000000000000000f8
02:09:47.576 [DEBUG] [serial] RX 128 bytes: 00000000000000f8f800000000000000000000f8f800000000000000000000f8f800000000000000000000f8f800000000000000000000f8f800000000000000000000f8f800000000000000000000f8f800000000000000000000f8f800000000000000000000f8f800000000000000000000f8f800000000000000000000f8
02:09:47.576 [DEBUG] [serial] Sin header 0xAA, descartando 128 bytes: 00000000000000f8f800000000000000
02:09:47.585 [DEBUG] [serial] RX 128 bytes: f800000000000000000000f8f800000000000000000000f8f800000000000000000000f8f800000000000000000000f8f800000000000000000000f8f800000000000000000000f8f800000000000000000000f8f800000000000000000000f8f800000000000000000000f8f800000000000000000000f8f800000000000000
02:09:47.585 [DEBUG] [serial] Sin header 0xAA, descartando 128 bytes: f800000000000000000000f8f8000000
02:09:47.594 [DEBUG] [serial] RX 128 bytes: 000000f8f800000000000000000000f8f800000000000000000000f8f800000000000000000000f8f800000000000000000000f8f800000000000000000000f8f800000000000000000000f8f800000000000000000000f8f800000000000000000000f8f800000000000000000000f8f800000000000000000000f8f8000000
02:09:47.595 [DEBUG] [serial] Sin header 0xAA, descartando 128 bytes: 000000f8f800000000000000000000f8
02:09:47.604 [DEBUG] [serial] RX 128 bytes: 00000000000000f8f800000000000000000000f8f800000000000000000000f8f800000000000000000000f8f800000000000000000000f8f800000000000000000000f8f800000000000000000000f8f800000000000000000000f8f800000000000000000000f8f800000000000000000000f8f800000000000000000000f8
02:09:47.604 [DEBUG] [serial] Sin header 0xAA, descartando 128 bytes: 00000000000000f8f800000000000000
02:09:47.613 [DEBUG] [serial] RX 128 bytes: f800000000000000000000f8f800000000000000000000f8f800000000000000000000f8f800000000000000000000f8f800000000000000000000f8f800000000000000000000f8f800000000000000000000f8f800000000000000000000f8f800000000000000000000f8f800000000000000000000f8f800000000000000
02:09:47.614 [DEBUG] [serial] Sin header 0xAA, descartando 128 bytes: f800000000000000000000f8f8000000
02:09:47.622 [DEBUG] [serial] RX 128 bytes: 000000f8f800000000000000000000f8f800000000000000000000f8f800000000000000000000f8f800000000000000000000f8f800000000000000000000f8f800000000000000000000f8f800000000000000000000f8f800000000000000000000f8f800000000000000000000f8f800000000000000000000f8f8000000
02:09:47.623 [DEBUG] [serial] Sin header 0xAA, descartando 128 bytes: 000000f8f800000000000000000000f8
02:09:47.632 [DEBUG] [serial] RX 128 bytes: 00000000000000f8f800000000000000000000f8f800000000000000000000f8f800000000000000000000f8f800000000000000000000f8f800000000000000000000f8f800000000000000000000f8f800000000000000000000f8f800000000000000000000f8f800000000000000000000f8f800000000000000000000f8
02:09:47.632 [DEBUG] [serial] Sin header 0xAA, descartando 128 bytes: 00000000000000f8f800000000000000
02:09:47.641 [DEBUG] [serial] RX 128 bytes: f800000000000000000000f8f800000000000000000000f8f800000000000000000000f8f800000000000000000000f8f800000000000000000000f8f800000000000000000000f8f800000000000000000000f8f800000000000000000000f8f800000000000000000000f8f800000000000000000000f8f800000000000000
02:09:47.642 [DEBUG] [serial] Sin header 0xAA, descartando 128 bytes: f800000000000000000000f8f8000000
02:09:47.651 [DEBUG] [serial] RX 128 bytes: 000000f8f800000000000000000000f8f800000000000000000000f8f800000000000000000000f8f800000000000000000000f8f800000000000000000000f8f800000000000000000000f8f800000000000000000000f8f800000000000000000000f8f800000000000000000000f8f800000000000000000000f8f8000000
02:09:47.651 [DEBUG] [serial] Sin header 0xAA, descartando 128 bytes: 000000f8f800000000000000000000f8
02:09:47.660 [DEBUG] [serial] RX 128 bytes: 00000000000000f8f800000000000000000000f8f800000000000000000000f8f800000000000000000000f8f800000000000000000000f8f800000000000000000000f8f800000000000000000000f8f800000000000000000000f8f800000000000000000000f8f800000000000000000000f8f800000000000000000000f8
02:09:47.660 [DEBUG] [serial] Sin header 0xAA, descartando 128 bytes: 00000000000000f8f800000000000000
02:09:47.669 [DEBUG] [serial] RX 128 bytes: f800000000000000000000f8f800000000000000000000f8f800000000000000000000f8f800000000000000000000f8f800000000000000000000f8f800000000000000000000f8f800000000000000000000f8f800000000000000000000f8f800000000000000000000f8f800000000000000000000f8f800000000000000
02:09:47.669 [DEBUG] [serial] Sin header 0xAA, descartando 128 bytes: f800000000000000000000f8f8000000
02:09:47.678 [DEBUG] [serial] RX 128 bytes: 000000f8f800000000000000000000f8f800000000000000000000f8f800000000000000000000f8f800000000000000000000f8f800000000000000000000f8f800000000000000000000f8f800000000000000000000f8f800000000000000000000f8f800000000000000000000f8f800000000000000000000f8f8000000
02:09:47.678 [DEBUG] [serial] Sin header 0xAA, descartando 128 bytes: 000000f8f800000000000000000000f8
02:09:47.688 [DEBUG] [serial] RX 128 bytes: 00000000000000f8f800000000000000000000f8f800000000000000000000f8f800000000000000000000f8f800000000000000000000f8f800000000000000000000f8f800000000000000000000f8f800000000000000000000f8f800000000000000000000f8f800000000000000000000f8f800000000000000000000f8
02:09:47.688 [DEBUG] [serial] Sin header 0xAA, descartando 128 bytes: 00000000000000f8f800000000000000
02:09:47.697 [DEBUG] [serial] RX 128 bytes: f800000000000000000000f8f800000000000000000000f8f800000000000000000000f8f800000000000000000000f8f800000000000000000000f8f800000000000000000000f8f800000000000000000000f8f800000000000000000000f8f800000000000000000000f8f800000000000000000000f8f800000000000000
02:09:47.697 [DEBUG] [serial] Sin header 0xAA, descartando 128 bytes: f800000000000000000000f8f8000000
02:09:47.706 [DEBUG] [serial] RX 128 bytes: 000000f8f800000000000000000000f8f800000000000000000000f8f800000000000000000000f8f800000000000000000000f8f800000000000000000000f8f800000000000000000000f8f800000000000000000000f8f800000000000000000000f8f800000000000000000000f8f800000000000000000000f8f8000000
02:09:47.706 [DEBUG] [serial] Sin header 0xAA, descartando 128 bytes: 000000f8f800000000000000000000f8
02:09:47.716 [DEBUG] [serial] RX 128 bytes: 00000000000000f8f800000000000000000000f8f800000000000000000000f8f800000000000000000000f8f800000000000000000000f8f800000000000000000000f8f800000000000000000000f8f800000000000000000000f8f800000000000000000000f8f800000000000000000000f8f800000000000000000000f8
02:09:47.716 [DEBUG] [serial] Sin header 0xAA, descartando 128 bytes: 00000000000000f8f800000000000000
02:09:47.725 [DEBUG] [serial] RX 128 bytes: f800000000000000000000f8f800000000000000000000f8f800000000000000000000f8f800000000000000000000f8f800000000000000000000f8f800000000000000000000f8f800000000000000000000f8f800000000000000000000f8f800000000000000000000f8f800000000000000000000f8f800000000000000
02:09:47.725 [DEBUG] [serial] Sin header 0xAA, descartando 128 bytes: f800000000000000000000f8f8000000
02:09:47.734 [DEBUG] [serial] RX 128 bytes: 000000f8f800000000000000000000f8f800000000000000000000f8f800000000000000000000f8f800000000000000000000f8f800000000000000000000f8f800000000000000000000f8f800000000000000000000f8f800000000000000000000f8f800000000000000000000f8f800000000000000000000f8f8000000
02:09:47.734 [DEBUG] [serial] Sin header 0xAA, descartando 128 bytes: 000000f8f800000000000000000000f8
02:09:47.744 [DEBUG] [serial] RX 128 bytes: 00000000000000f8f800000000000000000000f8f800000000000000000000f8f800000000000000000000f8f800000000000000000000f8f800000000000000000000f8f800000000000000000000f8f800000000000000000000f8f800000000000000000000f8f800000000000000000000f8f800000000000000000000f8
02:09:47.744 [DEBUG] [serial] Sin header 0xAA, descartando 128 bytes: 00000000000000f8f800000000000000
02:09:47.753 [DEBUG] [serial] RX 128 bytes: f800000000000000000000f8f800000000000000000000f8f800000000000000000000f8f800000000000000000000f8f800000000000000000000f8f800000000000000000000f8f800000000000000000000f8f800000000000000000000f8f800000000000000000000f8f800000000000000000000f8f800000000000000
02:09:47.753 [DEBUG] [serial] Sin header 0xAA, descartando 128 bytes: f800000000000000000000f8f8000000
02:09:47.762 [DEBUG] [serial] RX 128 bytes: 000000f8f800000000000000000000f8f800000000000000000000f8f800000000000000000000f8f800000000000000000000f8f800000000000000000000f8f800000000000000000000f8f800000000000000000000f8f800000000000000000000f8f800000000000000000000f8f800000000000000000000f8f8000000
02:09:47.762 [DEBUG] [serial] Sin header 0xAA, descartando 128 bytes: 000000f8f800000000000000000000f8
02:09:47.771 [DEBUG] [serial] RX 128 bytes: 00000000000000f8f800000000000000000000f8f800000000000000000000f8f800000000000000000000f8f800000000000000000000f8f800000000000000000000f8f800000000000000000000f8f800000000000000000000f8f800000000000000000000f8f800000000000000000000f8f800000000000000000000f8
02:09:47.772 [DEBUG] [serial] Sin header 0xAA, descartando 128 bytes: 00000000000000f8f800000000000000
02:09:47.781 [DEBUG] [serial] RX 128 bytes: f800000000000000000000f8f800000000000000000000f8f800000000000000000000f8f800000000000000000000f8f800000000000000000000f8f800000000000000000000f8f800000000000000000000f8f800000000000000000000f8f800000000000000000000f8f800000000000000000000f8f800000000000000
02:09:47.781 [DEBUG] [serial] Sin header 0xAA, descartando 128 bytes: f800000000000000000000f8f8000000
02:09:47.790 [DEBUG] [serial] RX 128 bytes: 000000f8f800000000000000000000f8f800000000000000000000f8f800000000000000000000f8f800000000000000000000f8f800000000000000000000f8f800000000000000000000f8f800000000000000000000f8f800000000000000000000f8f800000000000000000000f8f800000000000000000000f8f8000000
02:09:47.790 [DEBUG] [serial] Sin header 0xAA, descartando 128 bytes: 000000f8f800000000000000000000f8
02:09:47.799 [DEBUG] [serial] RX 128 bytes: 00000000000000f8f800000000000000000000f8f800000000000000000000f8f800000000000000000000f8f800000000000000000000f8f800000000000000000000f8f800000000000000000000f8f800000000000000000000f8f800000000000000000000f8f800000000000000000000f8f800000000000000000000f8
02:09:47.800 [DEBUG] [serial] Sin header 0xAA, descartando 128 bytes: 00000000000000f8f800000000000000
02:09:47.809 [DEBUG] [serial] RX 128 bytes: f800000000000000000000f8f800000000000000000000f8f800000000000000000000f8f800000000000000000000f8f800000000000000000000f8f800000000000000000000f8f800000000000000000000f8f800000000000000000000f8f800000000000000000000f8f800000000000000000000f8f800000000000000
02:09:47.809 [DEBUG] [serial] Sin header 0xAA, descartando 128 bytes: f800000000000000000000f8f8000000
02:09:47.818 [DEBUG] [serial] RX 128 bytes: 000000f8f800000000000000000000f8f800000000000000000000f8f800000000000000000000f8f800000000000000000000f8f800000000000000000000f8f800000000000000000000f8f800000000000000000000f8f800000000000000000000f8f800000000000000000000f8f800000000000000000000f8f8000000
02:09:47.818 [DEBUG] [serial] Sin header 0xAA, descartando 128 bytes: 000000f8f800000000000000000000f8
02:09:47.827 [DEBUG] [serial] RX 128 bytes: 00000000000000f8f800000000000000000000f8f800000000000000000000f8f800000000000000000000f8f800000000000000000000f8f800000000000000000000f8f800000000000000000000f8f800000000000000000000f8f800000000000000000000f8f800000000000000000000f8f800000000000000000000f8
02:09:47.828 [DEBUG] [serial] Sin header 0xAA, descartando 128 bytes: 00000000000000f8f800000000000000
02:09:47.837 [DEBUG] [serial] RX 128 bytes: f800000000000000000000f8f800000000000000000000f8f800000000000000000000f8f800000000000000000000f8f800000000000000000000f8f800000000000000000000f8f800000000000000000000f8f800000000000000000000f8f800000000000000000000f8f800000000000000000000f8f800000000000000
02:09:47.837 [DEBUG] [serial] Sin header 0xAA, descartando 128 bytes: f800000000000000000000f8f8000000
02:09:47.846 [DEBUG] [serial] RX 128 bytes: 000000f8f800000000000000000000f8f800000000000000000000f8f800000000000000000000f8f800000000000000000000f8f800000000000000000000f8f800000000000000000000f8f800000000000000000000f8f800000000000000000000f8f800000000000000000000f8f800000000000000000000f8f8000000
02:09:47.846 [DEBUG] [serial] Sin header 0xAA, descartando 128 bytes: 000000f8f800000000000000000000f8
02:09:47.855 [DEBUG] [serial] RX 128 bytes: 00000000000000f8f800000000000000000000f8f800000000000000000000f8f800000000000000000000f8f800000000000000000000f8f800000000000000000000f8f800000000000000000000f8f800000000000000000000f8f800000000000000000000f8f800000000000000000000f8f800000000000000000000f8
02:09:47.855 [DEBUG] [serial] Sin header 0xAA, descartando 128 bytes: 00000000000000f8f800000000000000
02:09:47.865 [DEBUG] [serial] RX 128 bytes: f800000000000000000000f8f800000000000000000000f8f800000000000000000000f8f800000000000000000000f8f800000000000000000000f8f800000000000000000000f8f800000000000000000000f8f800000000000000000000f8f800000000000000000000f8f800000000000000000000f8f800000000000000
02:09:47.865 [DEBUG] [serial] Sin header 0xAA, descartando 128 bytes: f800000000000000000000f8f8000000
02:09:47.865 [INFO] [serial] Stats: 0 pkts, 134784 bytes rx
02:09:47.874 [DEBUG] [serial] RX 128 bytes: 000000f8f800000000000000000000f8f800000000000000000000f8f800000000000000000000f8f800000000000000000000f8f800000000000000000000f8f800000000000000000000f8f800000000000000000000f8f800000000000000000000f8f800000000000000000000f8f800000000000000000000f8f8000000
02:09:47.874 [DEBUG] [serial] Sin header 0xAA, descartando 128 bytes: 000000f8f800000000000000000000f8
02:09:47.883 [DEBUG] [serial] RX 128 bytes: 00000000000000f8f800000000000000000000f8f800000000000000000000f8f800000000000000000000f8f800000000000000000000f8f800000000000000000000f8f800000000000000000000f8f800000000000000000000f8f800000000000000000000f8f800000000000000000000f8f800000000000000000000f8
02:09:47.884 [DEBUG] [serial] Sin header 0xAA, descartando 128 bytes: 00000000000000f8f800000000000000
02:09:47.893 [DEBUG] [serial] RX 128 bytes: f800000000000000000000f8f800000000000000000000f8f800000000000000000000f8f800000000000000000000f8f800000000000000000000f8f800000000000000000000f8f800000000000000000000f8f800000000000000000000f8f800000000000000000000f8f800000000000000000000f8f800000000000000
02:09:47.893 [DEBUG] [serial] Sin header 0xAA, descartando 128 bytes: f800000000000000000000f8f8000000
02:09:47.902 [DEBUG] [serial] RX 128 bytes: 000000f8f800000000000000000000f8f800000000000000000000f8f800000000000000000000f8f800000000000000000000f8f800000000000000000000f8f800000000000000000000f8f800000000000000000000f8f800000000000000000000f8f800000000000000000000f8f800000000000000000000f8f8000000
02:09:47.902 [DEBUG] [serial] Sin header 0xAA, descartando 128 bytes: 000000f8f800000000000000000000f8
02:09:47.911 [DEBUG] [serial] RX 128 bytes: 00000000000000f8f800000000000000000000f8f800000000000000000000f8f800000000000000000000f8f800000000000000000000f8f800000000000000000000f8f800000000000000000000f8f800000000000000000000f8f800000000000000000000f8f800000000000000000000f8f800000000000000000000f8
02:09:47.912 [DEBUG] [serial] Sin header 0xAA, descartando 128 bytes: 00000000000000f8f800000000000000
02:09:47.920 [DEBUG] [serial] RX 128 bytes: f800000000000000000000f8f800000000000000000000f8f800000000000000000000f8f800000000000000000000f8f800000000000000000000f8f800000000000000000000f8f800000000000000000000f8f800000000000000000000f8f800000000000000000000f8f800000000000000000000f8f800000000000000
02:09:47.921 [DEBUG] [serial] Sin header 0xAA, descartando 128 bytes: f800000000000000000000f8f8000000
02:09:47.930 [DEBUG] [serial] RX 128 bytes: 000000f8f800000000000000000000f8f800000000000000000000f8f800000000000000000000f8f800000000000000000000f8f800000000000000000000f8f800000000000000000000f8f800000000000000000000f8f800000000000000000000f8f800000000000000000000f8f800000000000000000000f8f8000000
02:09:47.930 [DEBUG] [serial] Sin header 0xAA, descartando 128 bytes: 000000f8f800000000000000000000f8
02:09:47.939 [DEBUG] [serial] RX 128 bytes: 00000000000000f8f800000000000000000000f8f800000000000000000000f8f800000000000000000000f8f800000000000000000000f8f800000000000000000000f8f800000000000000000000f8f800000000000000000000f8f800000000000000000000f8f800000000000000000000f8f800000000000000000000f8
02:09:47.939 [DEBUG] [serial] Sin header 0xAA, descartando 128 bytes: 00000000000000f8f800000000000000
02:09:47.948 [DEBUG] [serial] RX 128 bytes: f800000000000000000000f8f800000000000000000000f8f800000000000000000000f8f800000000000000000000f8f800000000000000000000f8f800000000000000000000f8f800000000000000000000f8f800000000000000000000f8f800000000000000000000f8f800000000000000000000f8f800000000000000
02:09:47.949 [DEBUG] [serial] Sin header 0xAA, descartando 128 bytes: f800000000000000000000f8f8000000
02:09:47.958 [DEBUG] [serial] RX 128 bytes: 000000f8f800000000000000000000f8f800000000000000000000f8f800000000000000000000f8f800000000000000000000f8f800000000000000000000f8f800000000000000000000f8f800000000000000000000f8f800000000000000000000f8f800000000000000000000f8f800000000000000000000f8f8000000
02:09:47.958 [DEBUG] [serial] Sin header 0xAA, descartando 128 bytes: 000000f8f800000000000000000000f8
02:09:47.967 [DEBUG] [serial] RX 128 bytes: 00000000000000f8f800000000000000000000f8f800000000000000000000f8f800000000000000000000f8f800000000000000000000f8f800000000000000000000f8f800000000000000000000f8f800000000000000000000f8f800000000000000000000f8f800000000000000000000f8f800000000000000000000f8
02:09:47.967 [DEBUG] [serial] Sin header 0xAA, descartando 128 bytes: 00000000000000f8f800000000000000
02:09:47.976 [DEBUG] [serial] RX 128 bytes: f800000000000000000000f8f800000000000000000000f8f800000000000000000000f8f800000000000000000000f8f800000000000000000000f8f800000000000000000000f8f800000000000000000000f8f800000000000000000000f8f800000000000000000000f8f800000000000000000000f8f800000000000000
02:09:47.977 [DEBUG] [serial] Sin header 0xAA, descartando 128 bytes: f800000000000000000000f8f8000000
02:09:47.986 [DEBUG] [serial] RX 128 bytes: 000000f8f800000000000000000000f8f800000000000000000000f8f800000000000000000000f8f800000000000000000000f8f800000000000000000000f8f800000000000000000000f8f800000000000000000000f8f800000000000000000000f8f800000000000000000000f8f800000000000000000000f8f8000000
02:09:47.986 [DEBUG] [serial] Sin header 0xAA, descartando 128 bytes: 000000f8f800000000000000000000f8
02:09:47.995 [DEBUG] [serial] RX 128 bytes: 00000000000000f8f800000000000000000000f8f800000000000000000000f8f800000000000000000000f8f800000000000000000000f8f800000000000000000000f8f800000000000000000000f8f800000000000000000000f8f800000000000000000000f8f800000000000000000000f8f800000000000000000000f8
02:09:47.995 [DEBUG] [serial] Sin header 0xAA, descartando 128 bytes: 00000000000000f8f800000000000000
02:09:48.004 [DEBUG] [serial] RX 128 bytes: f800000000000000000000f8f800000000000000000000f8f800000000000000000000f8f800000000000000000000f8f800000000000000000000f8f800000000000000000000f8f800000000000000000000f8f800000000000000000000f8f800000000000000000000f8f800000000000000000000f8f800000000000000
02:09:48.005 [DEBUG] [serial] Sin header 0xAA, descartando 128 bytes: f800000000000000000000f8f8000000
02:09:48.014 [DEBUG] [serial] RX 128 bytes: 000000f8f800000000000000000000f8f800000000000000000000f8f800000000000000000000f8f800000000000000000000f8f800000000000000000000f8f800000000000000000000f8f800000000000000000000f8f800000000000000000000f8f800000000000000000000f8f800000000000000000000f8f8000000
02:09:48.014 [DEBUG] [serial] Sin header 0xAA, descartando 128 bytes: 000000f8f800000000000000000000f8
02:09:48.023 [DEBUG] [serial] RX 128 bytes: 00000000000000f8f800000000000000000000f8f800000000000000000000f8f800000000000000000000f8f800000000000000000000f8f800000000000000000000f8f800000000000000000000f8f800000000000000000000f8f800000000000000000000f8f800000000000000000000f8f800000000000000000000f8
02:09:48.023 [DEBUG] [serial] Sin header 0xAA, descartando 128 bytes: 00000000000000f8f800000000000000
02:09:48.032 [DEBUG] [serial] RX 128 bytes: f800000000000000000000f8f800000000000000000000f8f800000000000000000000f8f800000000000000000000f8f800000000000000000000f8f800000000000000000000f8f800000000000000000000f8f800000000000000000000f8f800000000000000000000f8f800000000000000000000f8f800000000000000
02:09:48.032 [DEBUG] [serial] Sin header 0xAA, descartando 128 bytes: f800000000000000000000f8f8000000
02:09:48.042 [DEBUG] [serial] RX 128 bytes: 000000f8f800000000000000000000f8f800000000000000000000f8f800000000000000000000f8f800000000000000000000f8f800000000000000000000f8f800000000000000000000f8f800000000000000000000f8f800000000000000000000f8f800000000000000000000f8f800000000000000000000f8f8000000
02:09:48.042 [DEBUG] [serial] Sin header 0xAA, descartando 128 bytes: 000000f8f800000000000000000000f8
02:09:48.051 [DEBUG] [serial] RX 128 bytes: 00000000000000f8f800000000000000000000f8f800000000000000000000f8f800000000000000000000f8f800000000000000000000f8f800000000000000000000f8f800000000000000000000f8f800000000000000000000f8f800000000000000000000f8f800000000000000000000f8f800000000000000000000f8
02:09:48.051 [DEBUG] [serial] Sin header 0xAA, descartando 128 bytes: 00000000000000f8f800000000000000
02:09:48.060 [DEBUG] [serial] RX 128 bytes: f800000000000000000000f8f800000000000000000000f8f800000000000000000000f8f800000000000000000000f8f800000000000000000000f8f800000000000000000000f8f800000000000000000000f8f800000000000000000000f8f800000000000000000000f8f800000000000000000000f8f800000000000000
02:09:48.060 [DEBUG] [serial] Sin header 0xAA, descartando 128 bytes: f800000000000000000000f8f8000000
02:09:48.069 [DEBUG] [serial] RX 128 bytes: 000000f8f800000000000000000000f8f800000000000000000000f8f800000000000000000000f8f800000000000000000000f8f800000000000000000000f8f800000000000000000000f8f800000000000000000000f8f800000000000000000000f8f800000000000000000000f8f800000000000000000000f8f8000000
02:09:48.070 [DEBUG] [serial] Sin header 0xAA, descartando 128 bytes: 000000f8f800000000000000000000f8
02:09:48.079 [DEBUG] [serial] RX 128 bytes: 00000000000000f8f800000000000000000000f8f800000000000000000000f8f800000000000000000000f8f800000000000000000000f8f800000000000000000000f8f800000000000000000000f8f800000000000000000000f8f800000000000000000000f8f800000000000000000000f8f800000000000000000000f8
02:09:48.079 [DEBUG] [serial] Sin header 0xAA, descartando 128 bytes: 00000000000000f8f800000000000000
02:09:48.088 [DEBUG] [serial] RX 128 bytes: f800000000000000000000f8f800000000000000000000f8f800000000000000000000f8f800000000000000000000f8f800000000000000000000f8f800000000000000000000f8f800000000000000000000f8f800000000000000000000f8f800000000000000000000f8f800000000000000000000f8f800000000000000
02:09:48.088 [DEBUG] [serial] Sin header 0xAA, descartando 128 bytes: f800000000000000000000f8f8000000
02:09:48.097 [DEBUG] [serial] RX 128 bytes: 000000f8f800000000000000000000f8f800000000000000000000f8f800000000000000000000f8f800000000000000000000f8f800000000000000000000f8f800000000000000000000f8f800000000000000000000f8f800000000000000000000f8f800000000000000000000f8f800000000000000000000f8f8000000
02:09:48.098 [DEBUG] [serial] Sin header 0xAA, descartando 128 bytes: 000000f8f800000000000000000000f8
02:09:48.107 [DEBUG] [serial] RX 128 bytes: 00000000000000f8f800000000000000000000f8f800000000000000000000f8f800000000000000000000f8f800000000000000000000f8f800000000000000000000f8f800000000000000000000f8f800000000000000000000f8f800000000000000000000f8f800000000000000000000f8f800000000000000000000f8
02:09:48.107 [DEBUG] [serial] Sin header 0xAA, descartando 128 bytes: 00000000000000f8f800000000000000
02:09:48.116 [DEBUG] [serial] RX 128 bytes: f800000000000000000000f8f800000000000000000000f8f800000000000000000000f8f800000000000000000000f8f800000000000000000000f8f800000000000000000000f8f800000000000000000000f8f800000000000000000000f8f800000000000000000000f8f800000000000000000000f8f800000000000000
02:09:48.116 [DEBUG] [serial] Sin header 0xAA, descartando 128 bytes: f800000000000000000000f8f8000000
02:09:48.125 [DEBUG] [serial] RX 128 bytes: 000000f8f800000000000000000000f8f800000000000000000000f8f800000000000000000000f8f800000000000000000000f8f800000000000000000000f8f800000000000000000000f8f800000000000000000000f8f800000000000000000000f8f800000000000000000000f8f800000000000000000000f8f8000000
02:09:48.126 [DEBUG] [serial] Sin header 0xAA, descartando 128 bytes: 000000f8f800000000000000000000f8
02:09:48.135 [DEBUG] [serial] RX 128 bytes: 00000000000000f8f800000000000000000000f8f800000000000000000000f8f800000000000000000000f8f800000000000000000000f8f800000000000000000000f8f800000000000000000000f8f800000000000000000000f8f800000000000000000000f8f800000000000000000000f8f800000000000000000000f8
02:09:48.135 [DEBUG] [serial] Sin header 0xAA, descartando 128 bytes: 00000000000000f8f800000000000000
02:09:48.144 [DEBUG] [serial] RX 128 bytes: f800000000000000000000f8f800000000000000000000f8f800000000000000000000f8f800000000000000000000f8f800000000000000000000f8f800000000000000000000f8f800000000000000000000f8f800000000000000000000f8f800000000000000000000f8f800000000000000000000f8f800000000000000
02:09:48.144 [DEBUG] [serial] Sin header 0xAA, descartando 128 bytes: f800000000000000000000f8f8000000
02:09:48.153 [DEBUG] [serial] RX 128 bytes: 000000f8f800000000000000000000f8f800000000000000000000f8f800000000000000000000f8f800000000000000000000f8f800000000000000000000f8f800000000000000000000f8f800000000000000000000f8f800000000000000000000f8f800000000000000000000f8f800000000000000000000f8f8000000
02:09:48.153 [DEBUG] [serial] Sin header 0xAA, descartando 128 bytes: 000000f8f800000000000000000000f8
02:09:48.163 [DEBUG] [serial] RX 128 bytes: 00000000000000f8f800000000000000000000f8f800000000000000000000f8f800000000000000000000f8f800000000000000000000f8f800000000000000000000f8f800000000000000000000f8f800000000000000000000f8f800000000000000000000f8f800000000000000000000f8f800000000000000000000f8
02:09:48.163 [DEBUG] [serial] Sin header 0xAA, descartando 128 bytes: 00000000000000f8f800000000000000
02:09:48.172 [DEBUG] [serial] RX 128 bytes: f800000000000000000000f8f800000000000000000000f8f800000000000000000000f8f800000000000000000000f8f800000000000000000000f8f800000000000000000000f8f800000000000000000000f8f800000000000000000000f8f800000000000000000000f8f800000000000000000000f8f800000000000000
02:09:48.172 [DEBUG] [serial] Sin header 0xAA, descartando 128 bytes: f800000000000000000000f8f8000000
02:09:48.181 [DEBUG] [serial] RX 128 bytes: 000000f8f800000000000000000000f8f800000000000000000000f8f800000000000000000000f8f800000000000000000000f8f800000000000000000000f8f800000000000000000000f8f800000000000000000000f8f800000000000000000000f8f800000000000000000000f8f800000000000000000000f8f8000000
02:09:48.181 [DEBUG] [serial] Sin header 0xAA, descartando 128 bytes: 000000f8f800000000000000000000f8
02:09:48.191 [DEBUG] [serial] RX 128 bytes: 00000000000000f8f800000000000000000000f8f800000000000000000000f8f800000000000000000000f8f800000000000000000000f8f800000000000000000000f8f800000000000000000000f8f800000000000000000000f8f800000000000000000000f8f800000000000000000000f8f800000000000000000000f8
02:09:48.191 [DEBUG] [serial] Sin header 0xAA, descartando 128 bytes: 00000000000000f8f800000000000000
02:09:48.200 [DEBUG] [serial] RX 128 bytes: f800000000000000000000f8f800000000000000000000f8f800000000000000000000f8f800000000000000000000f8f800000000000000000000f8f800000000000000000000f8f800000000000000000000f8f800000000000000000000f8f800000000000000000000f8f800000000000000000000f8f800000000000000
02:09:48.200 [DEBUG] [serial] Sin header 0xAA, descartando 128 bytes: f800000000000000000000f8f8000000
02:09:48.209 [DEBUG] [serial] RX 128 bytes: 000000f8f800000000000000000000f8f800000000000000000000f8f800000000000000000000f8f800000000000000000000f8f800000000000000000000f8f800000000000000000000f8f800000000000000000000f8f800000000000000000000f8f800000000000000000000f8f800000000000000000000f8f8000000
02:09:48.209 [DEBUG] [serial] Sin header 0xAA, descartando 128 bytes: 000000f8f800000000000000000000f8
02:09:48.219 [DEBUG] [serial] RX 128 bytes: 00000000000000f8f800000000000000000000f8f800000000000000000000f8f800000000000000000000f8f800000000000000000000f8f800000000000000000000f8f800000000000000000000f8f800000000000000000000f8f800000000000000000000f8f800000000000000000000f8f800000000000000000000f8
02:09:48.219 [DEBUG] [serial] Sin header 0xAA, descartando 128 bytes: 00000000000000f8f800000000000000
02:09:48.228 [DEBUG] [serial] RX 128 bytes: f800000000000000000000f8f800000000000000000000f8f800000000000000000000f8f800000000000000000000f8f800000000000000000000f8f800000000000000000000f8f800000000000000000000f8f800000000000000000000f8f800000000000000000000f8f800000000000000000000f8f800000000000000
02:09:48.228 [DEBUG] [serial] Sin header 0xAA, descartando 128 bytes: f800000000000000000000f8f8000000
02:09:48.237 [DEBUG] [serial] RX 128 bytes: 000000f8f800000000000000000000f8f800000000000000000000f8f800000000000000000000f8f800000000000000000000f8f800000000000000000000f8f800000000000000000000f8f800000000000000000000f8f800000000000000000000f8f800000000000000000000f8f800000000000000000000f8f8000000
02:09:48.237 [DEBUG] [serial] Sin header 0xAA, descartando 128 bytes: 000000f8f800000000000000000000f8
02:09:48.246 [DEBUG] [serial] RX 128 bytes: 00000000000000f8f800000000000000000000f8f800000000000000000000f8f800000000000000000000f8f800000000000000000000f8f800000000000000000000f8f800000000000000000000f8f800000000000000000000f8f800000000000000000000f8f800000000000000000000f8f800000000000000000000f8
02:09:48.247 [DEBUG] [serial] Sin header 0xAA, descartando 128 bytes: 00000000000000f8f800000000000000
02:09:48.256 [DEBUG] [serial] RX 128 bytes: f800000000000000000000f8f800000000000000000000f8f800000000000000000000f8f800000000000000000000f8f800000000000000000000f8f800000000000000000000f8f800000000000000000000f8f800000000000000000000f8f800000000000000000000f8f800000000000000000000f8f800000000000000
02:09:48.256 [DEBUG] [serial] Sin header 0xAA, descartando 128 bytes: f800000000000000000000f8f8000000
02:09:48.265 [DEBUG] [serial] RX 128 bytes: 000000f8f800000000000000000000f8f800000000000000000000f8f800000000000000000000f8f800000000000000000000f8f800000000000000000000f8f800000000000000000000f8f800000000000000000000f8f800000000000000000000f8f800000000000000000000f8f800000000000000000000f8f8000000
02:09:48.265 [DEBUG] [serial] Sin header 0xAA, descartando 128 bytes: 000000f8f800000000000000000000f8
02:09:48.274 [DEBUG] [serial] RX 128 bytes: 00000000000000f8f800000000000000000000f8f800000000000000000000f8f800000000000000000000f8f800000000000000000000f8f800000000000000000000f8f800000000000000000000f8f800000000000000000000f8f800000000000000000000f8f800000000000000000000f8f800000000000000000000f8
02:09:48.275 [DEBUG] [serial] Sin header 0xAA, descartando 128 bytes: 00000000000000f8f800000000000000
02:09:48.284 [DEBUG] [serial] RX 128 bytes: f800000000000000000000f8f800000000000000000000f8f800000000000000000000f8f800000000000000000000f8f800000000000000000000f8f800000000000000000000f8f800000000000000000000f8f800000000000000000000f8f800000000000000000000f8f800000000000000000000f8f800000000000000
02:09:48.284 [DEBUG] [serial] Sin header 0xAA, descartando 128 bytes: f800000000000000000000f8f8000000
02:09:48.293 [DEBUG] [serial] RX 128 bytes: 000000f8f800000000000000000000f8f800000000000000000000f8f800000000000000000000f8f800000000000000000000f8f800000000000000000000f8f800000000000000000000f8f800000000000000000000f8f800000000000000000000f8f800000000000000000000f8f800000000000000000000f8f8000000
02:09:48.293 [DEBUG] [serial] Sin header 0xAA, descartando 128 bytes: 000000f8f800000000000000000000f8
02:09:48.302 [DEBUG] [serial] RX 128 bytes: 00000000000000f8f800000000000000000000f8f800000000000000000000f8f800000000000000000000f8f800000000000000000000f8f800000000000000000000f8f800000000000000000000f8f800000000000000000000f8f800000000000000000000f8f800000000000000000000f8f800000000000000000000f8
02:09:48.303 [DEBUG] [serial] Sin header 0xAA, descartando 128 bytes: 00000000000000f8f800000000000000
02:09:48.312 [DEBUG] [serial] RX 128 bytes: f800000000000000000000f8f800000000000000000000f8f800000000000000000000f8f800000000000000000000f8f800000000000000000000f8f800000000000000000000f8f800000000000000000000f8f800000000000000000000f8f800000000000000000000f8f800000000000000000000f8f800000000000000
02:09:48.312 [DEBUG] [serial] Sin header 0xAA, descartando 128 bytes: f800000000000000000000f8f8000000
02:09:48.321 [DEBUG] [serial] RX 128 bytes: 000000f8f800000000000000000000f8f800000000000000000000f8f800000000000000000000f8f800000000000000000000f8f800000000000000000000f8f800000000000000000000f8f800000000000000000000f8f800000000000000000000f8f800000000000000000000f8f800000000000000000000f8f8000000
02:09:48.321 [DEBUG] [serial] Sin header 0xAA, descartando 128 bytes: 000000f8f800000000000000000000f8
02:09:48.330 [DEBUG] [serial] RX 128 bytes: 00000000000000f8f800000000000000000000f8f800000000000000000000f8f800000000000000000000f8f800000000000000000000f8f800000000000000000000f8f800000000000000000000f8f800000000000000000000f8f800000000000000000000f8f800000000000000000000f8f800000000000000000000f8
02:09:48.330 [DEBUG] [serial] Sin header 0xAA, descartando 128 bytes: 00000000000000f8f800000000000000
02:09:48.340 [DEBUG] [serial] RX 128 bytes: f800000000000000000000f8f800000000000000000000f8f800000000000000000000f8f800000000000000000000f8f800000000000000000000f8f800000000000000000000f8f800000000000000000000f8f800000000000000000000f8f800000000000000000000f8f800000000000000000000f8f800000000000000
02:09:48.340 [DEBUG] [serial] Sin header 0xAA, descartando 128 bytes: f800000000000000000000f8f8000000
02:09:48.349 [DEBUG] [serial] RX 128 bytes: 000000f8f800000000000000000000f8f800000000000000000000f8f800000000000000000000f8f800000000000000000000f8f800000000000000000000f8f800000000000000000000f8f800000000000000000000f8f800000000000000000000f8f800000000000000000000f8f800000000000000000000f8f8000000
02:09:48.349 [DEBUG] [serial] Sin header 0xAA, descartando 128 bytes: 000000f8f800000000000000000000f8
02:09:48.358 [DEBUG] [serial] RX 128 bytes: 00000000000000f8f800000000000000000000f8f800000000000000000000f8f800000000000000000000f8f800000000000000000000f8f800000000000000000000f8f800000000000000000000f8f800000000000000000000f8f800000000000000000000f8f800000000000000000000f8f800000000000000000000f8
02:09:48.359 [DEBUG] [serial] Sin header 0xAA, descartando 128 bytes: 00000000000000f8f800000000000000
02:09:48.368 [DEBUG] [serial] RX 128 bytes: f800000000000000000000f8f800000000000000000000f8f800000000000000000000f8f800000000000000000000f8f800000000000000000000f8f800000000000000000000f8f800000000000000000000f8f800000000000000000000f8f800000000000000000000f8f800000000000000000000f8f800000000000000
02:09:48.368 [DEBUG] [serial] Sin header 0xAA, descartando 128 bytes: f800000000000000000000f8f8000000
02:09:48.377 [DEBUG] [serial] RX 128 bytes: 000000f8f800000000000000000000f8f800000000000000000000f8f800000000000000000000f8f800000000000000000000f8f800000000000000000000f8f800000000000000000000f8f800000000000000000000f8f800000000000000000000f8f800000000000000000000f8f800000000000000000000f8f8000000
02:09:48.377 [DEBUG] [serial] Sin header 0xAA, descartando 128 bytes: 000000f8f800000000000000000000f8
02:09:48.386 [DEBUG] [serial] RX 128 bytes: 00000000000000f8f800000000000000000000f8f800000000000000000000f8f800000000000000000000f8f800000000000000000000f8f800000000000000000000f8f800000000000000000000f8f800000000000000000000f8f800000000000000000000f8f800000000000000000000f8f800000000000000000000f8
02:09:48.386 [DEBUG] [serial] Sin header 0xAA, descartando 128 bytes: 00000000000000f8f800000000000000
02:09:48.395 [DEBUG] [serial] RX 128 bytes: f800000000000000000000f8f800000000000000000000f8f800000000000000000000f8f800000000000000000000f8f800000000000000000000f8f800000000000000000000f8f800000000000000000000f8f800000000000000000000f8f800000000000000000000f8f800000000000000000000f8f800000000000000
02:09:48.396 [DEBUG] [serial] Sin header 0xAA, descartando 128 bytes: f800000000000000000000f8f8000000
02:09:48.405 [DEBUG] [serial] RX 128 bytes: 000000f8f800000000000000000000f8f800000000000000000000f8f800000000000000000000f8f800000000000000000000f8f800000000000000000000f8f800000000000000000000f8f800000000000000000000f8f800000000000000000000f8f800000000000000000000f8f800000000000000000000f8f8000000
02:09:48.405 [DEBUG] [serial] Sin header 0xAA, descartando 128 bytes: 000000f8f800000000000000000000f8
02:09:48.414 [DEBUG] [serial] RX 128 bytes: 00000000000000f8f800000000000000000000f8f800000000000000000000f8f800000000000000000000f8f800000000000000000000f8f800000000000000000000f8f800000000000000000000f8f800000000000000000000f8f800000000000000000000f8f800000000000000000000f8f800000000000000000000f8
02:09:48.414 [DEBUG] [serial] Sin header 0xAA, descartando 128 bytes: 00000000000000f8f800000000000000
02:09:48.423 [DEBUG] [serial] RX 128 bytes: f800000000000000000000f8f800000000000000000000f8f800000000000000000000f8f800000000000000000000f8f800000000000000000000f8f800000000000000000000f8f800000000000000000000f8f800000000000000000000f8f800000000000000000000f8f800000000000000000000f8f800000000000000
02:09:48.424 [DEBUG] [serial] Sin header 0xAA, descartando 128 bytes: f800000000000000000000f8f8000000
02:09:48.433 [DEBUG] [serial] RX 128 bytes: 000000f8f800000000000000000000f8f800000000000000000000f8f800000000000000000000f8f800000000000000000000f8f800000000000000000000f8f800000000000000000000f8f800000000000000000000f8f800000000000000000000f8f800000000000000000000f8f800000000000000000000f8f8000000
02:09:48.433 [DEBUG] [serial] Sin header 0xAA, descartando 128 bytes: 000000f8f800000000000000000000f8
02:09:48.442 [DEBUG] [serial] RX 128 bytes: 00000000000000f8f800000000000000000000f8f800000000000000000000f8f800000000000000000000f8f800000000000000000000f8f800000000000000000000f8f800000000000000000000f8f800000000000000000000f8f800000000000000000000f8f800000000000000000000f8f800000000000000000000f8
02:09:48.442 [DEBUG] [serial] Sin header 0xAA, descartando 128 bytes: 00000000000000f8f800000000000000
02:09:48.451 [DEBUG] [serial] RX 128 bytes: f800000000000000000000f8f800000000000000000000f8f800000000000000000000f8f800000000000000000000f8f800000000000000000000f8f800000000000000000000f8f800000000000000000000f8f800000000000000000000f8f800000000000000000000f8f800000000000000000000f8f800000000000000
02:09:48.452 [DEBUG] [serial] Sin header 0xAA, descartando 128 bytes: f800000000000000000000f8f8000000
02:09:48.461 [DEBUG] [serial] RX 128 bytes: 000000f8f800000000000000000000f8f800000000000000000000f8f800000000000000000000f8f800000000000000000000f8f800000000000000000000f8f800000000000000000000f8f800000000000000000000f8f800000000000000000000f8f800000000000000000000f8f800000000000000000000f8f8000000
02:09:48.461 [DEBUG] [serial] Sin header 0xAA, descartando 128 bytes: 000000f8f800000000000000000000f8
02:09:48.470 [DEBUG] [serial] RX 128 bytes: 00000000000000f8f800000000000000000000f8f800000000000000000000f8f800000000000000000000f8f800000000000000000000f8f800000000000000000000f8f800000000000000000000f8f800000000000000000000f8f800000000000000000000f8f800000000000000000000f8f800000000000000000000f8
02:09:48.470 [DEBUG] [serial] Sin header 0xAA, descartando 128 bytes: 00000000000000f8f800000000000000
02:09:48.479 [DEBUG] [serial] RX 128 bytes: f800000000000000000000f8f800000000000000000000f8f800000000000000000000f8f800000000000000000000f8f800000000000000000000f8f800000000000000000000f8f800000000000000000000f8f800000000000000000000f8f800000000000000000000f8f800000000000000000000f8f800000000000000
02:09:48.479 [DEBUG] [serial] Sin header 0xAA, descartando 128 bytes: f800000000000000000000f8f8000000
02:09:48.488 [DEBUG] [serial] RX 128 bytes: 000000f8f800000000000000000000f8f800000000000000000000f8f800000000000000000000f8f800000000000000000000f8f800000000000000000000f8f800000000000000000000f8f800000000000000000000f8f800000000000000000000f8f800000000000000000000f8f800000000000000000000f8f8000000
02:09:48.489 [DEBUG] [serial] Sin header 0xAA, descartando 128 bytes: 000000f8f800000000000000000000f8
02:09:48.498 [DEBUG] [serial] RX 128 bytes: 00000000000000f8f800000000000000000000f8f800000000000000000000f8f800000000000000000000f8f800000000000000000000f8f800000000000000000000f8f800000000000000000000f8f800000000000000000000f8f800000000000000000000f8f800000000000000000000f8f800000000000000000000f8
02:09:48.498 [DEBUG] [serial] Sin header 0xAA, descartando 128 bytes: 00000000000000f8f800000000000000
02:09:48.507 [DEBUG] [serial] RX 128 bytes: f800000000000000000000f8f800000000000000000000f8f800000000000000000000f8f800000000000000000000f8f800000000000000000000f8f800000000000000000000f8f800000000000000000000f8f800000000000000000000f8f800000000000000000000f8f800000000000000000000f8f800000000000000
02:09:48.507 [DEBUG] [serial] Sin header 0xAA, descartando 128 bytes: f800000000000000000000f8f8000000
02:09:48.516 [DEBUG] [serial] RX 128 bytes: 000000f8f800000000000000000000f8f800000000000000000000f8f800000000000000000000f8f800000000000000000000f8f800000000000000000000f8f800000000000000000000f8f800000000000000000000f8f800000000000000000000f8f800000000000000000000f8f800000000000000000000f8f8000000
02:09:48.517 [DEBUG] [serial] Sin header 0xAA, descartando 128 bytes: 000000f8f800000000000000000000f8
02:09:48.526 [DEBUG] [serial] RX 128 bytes: 00000000000000f8f800000000000000000000f8f800000000000000000000f8f800000000000000000000f8f800000000000000000000f8f800000000000000000000f8f800000000000000000000f8f800000000000000000000f8f800000000000000000000f8f800000000000000000000f8f800000000000000000000f8
02:09:48.526 [DEBUG] [serial] Sin header 0xAA, descartando 128 bytes: 00000000000000f8f800000000000000
02:09:48.535 [DEBUG] [serial] RX 128 bytes: f800000000000000000000f8f800000000000000000000f8f800000000000000000000f8f800000000000000000000f8f800000000000000000000f8f800000000000000000000f8f800000000000000000000f8f800000000000000000000f8f800000000000000000000f8f800000000000000000000f8f800000000000000
02:09:48.535 [DEBUG] [serial] Sin header 0xAA, descartando 128 bytes: f800000000000000000000f8f8000000
02:09:48.544 [DEBUG] [serial] RX 128 bytes: 000000f8f800000000000000000000f8f800000000000000000000f8f800000000000000000000f8f800000000000000000000f8f800000000000000000000f8f800000000000000000000f8f800000000000000000000f8f800000000000000000000f8f800000000000000000000f8f800000000000000000000f8f8000000
02:09:48.545 [DEBUG] [serial] Sin header 0xAA, descartando 128 bytes: 000000f8f800000000000000000000f8
02:09:48.554 [DEBUG] [serial] RX 128 bytes: 00000000000000f8f800000000000000000000f8f800000000000000000000f8f800000000000000000000f8f800000000000000000000f8f800000000000000000000f8f800000000000000000000f8f800000000000000000000f8f800000000000000000000f8f800000000000000000000f8f800000000000000000000f8
02:09:48.555 [DEBUG] [serial] Sin header 0xAA, descartando 128 bytes: 00000000000000f8f800000000000000
02:09:48.563 [DEBUG] [serial] RX 128 bytes: f800000000000000000000f8f800000000000000000000f8f800000000000000000000f8f800000000000000000000f8f800000000000000000000f8f800000000000000000000f8f800000000000000000000f8f800000000000000000000f8f800000000000000000000f8f800000000000000000000f8f800000000000000
02:09:48.563 [DEBUG] [serial] Sin header 0xAA, descartando 128 bytes: f800000000000000000000f8f8000000
02:09:48.572 [DEBUG] [serial] RX 128 bytes: 000000f8f800000000000000000000f8f800000000000000000000f8f800000000000000000000f8f800000000000000000000f8f800000000000000000000f8f800000000000000000000f8f800000000000000000000f8f800000000000000000000f8f800000000000000000000f8f800000000000000000000f8f8000000
02:09:48.573 [DEBUG] [serial] Sin header 0xAA, descartando 128 bytes: 000000f8f800000000000000000000f8
02:09:48.582 [DEBUG] [serial] RX 128 bytes: 00000000000000f8f800000000000000000000f8f800000000000000000000f8f800000000000000000000f8f800000000000000000000f8f800000000000000000000f8f800000000000000000000f8f800000000000000000000f8f800000000000000000000f8f800000000000000000000f8f800000000000000000000f8
02:09:48.582 [DEBUG] [serial] Sin header 0xAA, descartando 128 bytes: 00000000000000f8f800000000000000
02:09:48.591 [DEBUG] [serial] RX 128 bytes: f800000000000000000000f8f800000000000000000000f8f800000000000000000000f8f800000000000000000000f8f800000000000000000000f8f800000000000000000000f8f800000000000000000000f8f800000000000000000000f8f800000000000000000000f8f800000000000000000000f8f800000000000000
02:09:48.591 [DEBUG] [serial] Sin header 0xAA, descartando 128 bytes: f800000000000000000000f8f8000000
02:09:48.600 [DEBUG] [serial] RX 128 bytes: 000000f8f800000000000000000000f8f800000000000000000000f8f800000000000000000000f8f800000000000000000000f8f800000000000000000000f8f800000000000000000000f8f800000000000000000000f8f800000000000000000000f8f800000000000000000000f8f800000000000000000000f8f8000000
02:09:48.600 [DEBUG] [serial] Sin header 0xAA, descartando 128 bytes: 000000f8f800000000000000000000f8
02:09:48.610 [DEBUG] [serial] RX 128 bytes: 00000000000000f8f800000000000000000000f8f800000000000000000000f8f800000000000000000000f8f800000000000000000000f8f800000000000000000000f8f800000000000000000000f8f800000000000000000000f8f800000000000000000000f8f800000000000000000000f8f800000000000000000000f8
02:09:48.610 [DEBUG] [serial] Sin header 0xAA, descartando 128 bytes: 00000000000000f8f800000000000000
02:09:48.619 [DEBUG] [serial] RX 128 bytes: f800000000000000000000f8f800000000000000000000f8f800000000000000000000f8f800000000000000000000f8f800000000000000000000f8f800000000000000000000f8f800000000000000000000f8f800000000000000000000f8f800000000000000000000f8f800000000000000000000f8f800000000000000
02:09:48.619 [DEBUG] [serial] Sin header 0xAA, descartando 128 bytes: f800000000000000000000f8f8000000
02:09:48.628 [DEBUG] [serial] RX 128 bytes: 000000f8f800000000000000000000f8f800000000000000000000f8f800000000000000000000f8f800000000000000000000f8f800000000000000000000f8f800000000000000000000f8f800000000000000000000f8f800000000000000000000f8f800000000000000000000f8f800000000000000000000f8f8000000
02:09:48.628 [DEBUG] [serial] Sin header 0xAA, descartando 128 bytes: 000000f8f800000000000000000000f8
02:09:48.638 [DEBUG] [serial] RX 128 bytes: 00000000000000f8f800000000000000000000f8f800000000000000000000f8f800000000000000000000f8f800000000000000000000f8f800000000000000000000f8f800000000000000000000f8f800000000000000000000f8f800000000000000000000f8f800000000000000000000f8f800000000000000000000f8
02:09:48.638 [DEBUG] [serial] Sin header 0xAA, descartando 128 bytes: 00000000000000f8f800000000000000
02:09:48.647 [DEBUG] [serial] RX 128 bytes: f800000000000000000000f8f800000000000000000000f8f800000000000000000000f8f800000000000000000000f8f800000000000000000000f8f800000000000000000000f8f800000000000000000000f8f800000000000000000000f8f800000000000000000000f8f800000000000000000000f8f800000000000000
02:09:48.647 [DEBUG] [serial] Sin header 0xAA, descartando 128 bytes: f800000000000000000000f8f8000000
02:09:48.656 [DEBUG] [serial] RX 128 bytes: 000000f8f800000000000000000000f8f800000000000000000000f8f800000000000000000000f8f800000000000000000000f8f800000000000000000000f8f800000000000000000000f8f800000000000000000000f8f800000000000000000000f8f800000000000000000000f8f800000000000000000000f8f8000000
02:09:48.656 [DEBUG] [serial] Sin header 0xAA, descartando 128 bytes: 000000f8f800000000000000000000f8
02:09:48.666 [DEBUG] [serial] RX 128 bytes: 00000000000000f8f800000000000000000000f8f800000000000000000000f8f800000000000000000000f8f800000000000000000000f8f800000000000000000000f8f800000000000000000000f8f800000000000000000000f8f800000000000000000000f8f800000000000000000000f8f800000000000000000000f8
02:09:48.666 [DEBUG] [serial] Sin header 0xAA, descartando 128 bytes: 00000000000000f8f800000000000000
02:09:48.675 [DEBUG] [serial] RX 128 bytes: f800000000000000000000f8f800000000000000000000f8f800000000000000000000f8f800000000000000000000f8f800000000000000000000f8f800000000000000000000f8f800000000000000000000f8f800000000000000000000f8f800000000000000000000f8f800000000000000000000f8f800000000000000
02:09:48.675 [DEBUG] [serial] Sin header 0xAA, descartando 128 bytes: f800000000000000000000f8f8000000
02:09:48.684 [DEBUG] [serial] RX 128 bytes: 000000f8f800000000000000000000f8f800000000000000000000f8f800000000000000000000f8f800000000000000000000f8f800000000000000000000f8f800000000000000000000f8f800000000000000000000f8f800000000000000000000f8f800000000000000000000f8f800000000000000000000f8f8000000
02:09:48.684 [DEBUG] [serial] Sin header 0xAA, descartando 128 bytes: 000000f8f800000000000000000000f8
02:09:48.693 [DEBUG] [serial] RX 128 bytes: 00000000000000f8f800000000000000000000f8f800000000000000000000f8f800000000000000000000f8f800000000000000000000f8f800000000000000000000f8f800000000000000000000f8f800000000000000000000f8f800000000000000000000f8f800000000000000000000f8f800000000000000000000f8
02:09:48.694 [DEBUG] [serial] Sin header 0xAA, descartando 128 bytes: 00000000000000f8f800000000000000
02:09:48.703 [DEBUG] [serial] RX 128 bytes: f800000000000000000000f8f800000000000000000000f8f800000000000000000000f8f800000000000000000000f8f800000000000000000000f8f800000000000000000000f8f800000000000000000000f8f800000000000000000000f8f800000000000000000000f8f800000000000000000000f8f800000000000000
02:09:48.703 [DEBUG] [serial] Sin header 0xAA, descartando 128 bytes: f800000000000000000000f8f8000000
02:09:48.712 [DEBUG] [serial] RX 128 bytes: 000000f8f800000000000000000000f8f800000000000000000000f8f800000000000000000000f8f800000000000000000000f8f800000000000000000000f8f800000000000000000000f8f800000000000000000000f8f800000000000000000000f8f800000000000000000000f8f800000000000000000000f8f8000000
02:09:48.712 [DEBUG] [serial] Sin header 0xAA, descartando 128 bytes: 000000f8f800000000000000000000f8
02:09:48.721 [DEBUG] [serial] RX 128 bytes: 00000000000000f8f800000000000000000000f8f800000000000000000000f8f800000000000000000000f8f800000000000000000000f8f800000000000000000000f8f800000000000000000000f8f800000000000000000000f8f800000000000000000000f8f800000000000000000000f8f800000000000000000000f8
02:09:48.722 [DEBUG] [serial] Sin header 0xAA, descartando 128 bytes: 00000000000000f8f800000000000000
02:09:48.731 [DEBUG] [serial] RX 128 bytes: f800000000000000000000f8f800000000000000000000f8f800000000000000000000f8f800000000000000000000f8f800000000000000000000f8f800000000000000000000f8f800000000000000000000f8f800000000000000000000f8f800000000000000000000f8f800000000000000000000f8f800000000000000
02:09:48.731 [DEBUG] [serial] Sin header 0xAA, descartando 128 bytes: f800000000000000000000f8f8000000
02:09:48.740 [DEBUG] [serial] RX 128 bytes: 000000f8f800000000000000000000f8f800000000000000000000f8f800000000000000000000f8f800000000000000000000f8f800000000000000000000f8f800000000000000000000f8f800000000000000000000f8f800000000000000000000f8f800000000000000000000f8f800000000000000000000f8f8000000
02:09:48.740 [DEBUG] [serial] Sin header 0xAA, descartando 128 bytes: 000000f8f800000000000000000000f8
02:09:48.749 [DEBUG] [serial] RX 128 bytes: 00000000000000f8f800000000000000000000f8f800000000000000000000f8f800000000000000000000f8f800000000000000000000f8f800000000000000000000f8f800000000000000000000f8f800000000000000000000f8f800000000000000000000f8f800000000000000000000f8f800000000000000000000f8
02:09:48.750 [DEBUG] [serial] Sin header 0xAA, descartando 128 bytes: 00000000000000f8f800000000000000
02:09:48.759 [DEBUG] [serial] RX 128 bytes: f800000000000000000000f8f800000000000000000000f8f800000000000000000000f8f800000000000000000000f8f800000000000000000000f8f800000000000000000000f8f800000000000000000000f8f800000000000000000000f8f800000000000000000000f8f800000000000000000000f8f800000000000000
02:09:48.759 [DEBUG] [serial] Sin header 0xAA, descartando 128 bytes: f800000000000000000000f8f8000000
02:09:48.768 [DEBUG] [serial] RX 128 bytes: 000000f8f800000000000000000000f8f800000000000000000000f8f800000000000000000000f8f800000000000000000000f8f800000000000000000000f8f800000000000000000000f8f800000000000000000000f8f800000000000000000000f8f800000000000000000000f8f800000000000000000000f8f8000000
02:09:48.768 [DEBUG] [serial] Sin header 0xAA, descartando 128 bytes: 000000f8f800000000000000000000f8
02:09:48.777 [DEBUG] [serial] RX 128 bytes: 00000000000000f8f800000000000000000000f8f800000000000000000000f8f800000000000000000000f8f800000000000000000000f8f800000000000000000000f8f800000000000000000000f8f800000000000000000000f8f800000000000000000000f8f800000000000000000000f8f800000000000000000000f8
02:09:48.777 [DEBUG] [serial] Sin header 0xAA, descartando 128 bytes: 00000000000000f8f800000000000000
02:09:48.787 [DEBUG] [serial] RX 128 bytes: f800000000000000000000f8f800000000000000000000f8f800000000000000000000f8f800000000000000000000f8f800000000000000000000f8f800000000000000000000f8f800000000000000000000f8f800000000000000000000f8f800000000000000000000f8f800000000000000000000f8f800000000000000
02:09:48.787 [DEBUG] [serial] Sin header 0xAA, descartando 128 bytes: f800000000000000000000f8f8000000
02:09:48.796 [DEBUG] [serial] RX 128 bytes: 000000f8f800000000000000000000f8f800000000000000000000f8f800000000000000000000f8f800000000000000000000f8f800000000000000000000f8f800000000000000000000f8f800000000000000000000f8f800000000000000000000f8f800000000000000000000f8f800000000000000000000f8f8000000
02:09:48.796 [DEBUG] [serial] Sin header 0xAA, descartando 128 bytes: 000000f8f800000000000000000000f8
02:09:48.805 [DEBUG] [serial] RX 128 bytes: 00000000000000f8f800000000000000000000f8f800000000000000000000f8f800000000000000000000f8f800000000000000000000f8f800000000000000000000f8f800000000000000000000f8f800000000000000000000f8f800000000000000000000f8f800000000000000000000f8f800000000000000000000f8
02:09:48.805 [DEBUG] [serial] Sin header 0xAA, descartando 128 bytes: 00000000000000f8f800000000000000
02:09:48.815 [DEBUG] [serial] RX 128 bytes: f800000000000000000000f8f800000000000000000000f8f800000000000000000000f8f800000000000000000000f8f800000000000000000000f8f800000000000000000000f8f800000000000000000000f8f800000000000000000000f8f800000000000000000000f8f800000000000000000000f8f800000000000000
02:09:48.815 [DEBUG] [serial] Sin header 0xAA, descartando 128 bytes: f800000000000000000000f8f8000000
02:09:48.824 [DEBUG] [serial] RX 128 bytes: 000000f8f800000000000000000000f8f800000000000000000000f8f800000000000000000000f8f800000000000000000000f8f800000000000000000000f8f800000000000000000000f8f800000000000000000000f8f800000000000000000000f8f800000000000000000000f8f800000000000000000000f8f8000000
02:09:48.824 [DEBUG] [serial] Sin header 0xAA, descartando 128 bytes: 000000f8f800000000000000000000f8
02:09:48.833 [DEBUG] [serial] RX 128 bytes: 00000000000000f8f800000000000000000000f8f800000000000000000000f8f800000000000000000000f8f800000000000000000000f8f800000000000000000000f8f800000000000000000000f8f800000000000000000000f8f800000000000000000000f8f800000000000000000000f8f800000000000000000000f8
02:09:48.833 [DEBUG] [serial] Sin header 0xAA, descartando 128 bytes: 00000000000000f8f800000000000000
02:09:48.842 [DEBUG] [serial] RX 128 bytes: f800000000000000000000f8f800000000000000000000f8f800000000000000000000f8f800000000000000000000f8f800000000000000000000f8f800000000000000000000f8f800000000000000000000f8f800000000000000000000f8f800000000000000000000f8f800000000000000000000f8f800000000000000
02:09:48.843 [DEBUG] [serial] Sin header 0xAA, descartando 128 bytes: f800000000000000000000f8f8000000
02:09:48.852 [DEBUG] [serial] RX 128 bytes: 000000f8f800000000000000000000f8f800000000000000000000f8f800000000000000000000f8f800000000000000000000f8f800000000000000000000f8f800000000000000000000f8f800000000000000000000f8f800000000000000000000f8f800000000000000000000f8f800000000000000000000f8f8000000
02:09:48.852 [DEBUG] [serial] Sin header 0xAA, descartando 128 bytes: 000000f8f800000000000000000000f8
02:09:48.861 [DEBUG] [serial] RX 128 bytes: 00000000000000f8f800000000000000000000f8f800000000000000000000f8f800000000000000000000f8f800000000000000000000f8f800000000000000000000f8f800000000000000000000f8f800000000000000000000f8f800000000000000000000f8f800000000000000000000f8f800000000000000000000f8
02:09:48.861 [DEBUG] [serial] Sin header 0xAA, descartando 128 bytes: 00000000000000f8f800000000000000
02:09:48.870 [DEBUG] [serial] RX 128 bytes: f800000000000000000000f8f800000000000000000000f8f800000000000000000000f8f800000000000000000000f8f800000000000000000000f8f800000000000000000000f8f800000000000000000000f8f800000000000000000000f8f800000000000000000000f8f800000000000000000000f8f800000000000000
02:09:48.870 [DEBUG] [serial] Sin header 0xAA, descartando 128 bytes: f800000000000000000000f8f8000000
02:09:48.880 [DEBUG] [serial] RX 128 bytes: 000000f8f800000000000000000000f8f800000000000000000000f8f800000000000000000000f8f800000000000000000000f8f800000000000000000000f8f800000000000000000000f8f800000000000000000000f8f800000000000000000000f8f800000000000000000000f8f800000000000000000000f8f8000000
02:09:48.880 [DEBUG] [serial] Sin header 0xAA, descartando 128 bytes: 000000f8f800000000000000000000f8
02:09:48.889 [DEBUG] [serial] RX 128 bytes: 00000000000000f8f800000000000000000000f8f800000000000000000000f8f800000000000000000000f8f800000000000000000000f8f800000000000000000000f8f800000000000000000000f8f800000000000000000000f8f800000000000000000000f8f800000000000000000000f8f800000000000000000000f8
02:09:48.889 [DEBUG] [serial] Sin header 0xAA, descartando 128 bytes: 00000000000000f8f800000000000000
02:09:48.898 [DEBUG] [serial] RX 128 bytes: f800000000000000000000f8f800000000000000000000f8f800000000000000000000f8f800000000000000000000f8f800000000000000000000f8f800000000000000000000f8f800000000000000000000f8f800000000000000000000f8f800000000000000000000f8f800000000000000000000f8f800000000000000
02:09:48.898 [DEBUG] [serial] Sin header 0xAA, descartando 128 bytes: f800000000000000000000f8f8000000
02:09:48.908 [DEBUG] [serial] RX 128 bytes: 000000f8f800000000000000000000f8f800000000000000000000f8f800000000000000000000f8f800000000000000000000f8f800000000000000000000f8f800000000000000000000f8f800000000000000000000f8f800000000000000000000f8f800000000000000000000f8f800000000000000000000f8f8000000
02:09:48.908 [DEBUG] [serial] Sin header 0xAA, descartando 128 bytes: 000000f8f800000000000000000000f8
02:09:48.917 [DEBUG] [serial] RX 128 bytes: 00000000000000f8f800000000000000000000f8f800000000000000000000f8f800000000000000000000f8f800000000000000000000f8f800000000000000000000f8f800000000000000000000f8f800000000000000000000f8f800000000000000000000f8f800000000000000000000f8f800000000000000000000f8
02:09:48.917 [DEBUG] [serial] Sin header 0xAA, descartando 128 bytes: 00000000000000f8f800000000000000
02:09:48.927 [DEBUG] [serial] RX 128 bytes: f800000000000000000000f8f800000000000000000000f8f800000000000000000000f8f800000000000000000000f8f800000000000000000000f8f800000000000000000000f8f800000000000000000000f8f800000000000000000000f8f800000000000000000000f8f800000000000000000000f8f800000000000000
02:09:48.927 [DEBUG] [serial] Sin header 0xAA, descartando 128 bytes: f800000000000000000000f8f8000000
02:09:48.936 [DEBUG] [serial] RX 128 bytes: 000000f8f800000000000000000000f8f800000000000000000000f8f800000000000000000000f8f800000000000000000000f8f800000000000000000000f8f800000000000000000000f8f800000000000000000000f8f800000000000000000000f8f800000000000000000000f8f800000000000000000000f8f8000000
02:09:48.936 [DEBUG] [serial] Sin header 0xAA, descartando 128 bytes: 000000f8f800000000000000000000f8
02:09:48.945 [DEBUG] [serial] RX 128 bytes: 00000000000000f8f800000000000000000000f8f800000000000000000000f8f800000000000000000000f8f800000000000000000000f8f800000000000000000000f8f800000000000000000000f8f800000000000000000000f8f800000000000000000000f8f800000000000000000000f8f800000000000000000000f8
02:09:48.945 [DEBUG] [serial] Sin header 0xAA, descartando 128 bytes: 00000000000000f8f800000000000000
02:09:48.954 [DEBUG] [serial] RX 128 bytes: f800000000000000000000f8f800000000000000000000f8f800000000000000000000f8f800000000000000000000f8f800000000000000000000f8f800000000000000000000f8f800000000000000000000f8f800000000000000000000f8f800000000000000000000f8f800000000000000000000f8f800000000000000
02:09:48.954 [DEBUG] [serial] Sin header 0xAA, descartando 128 bytes: f800000000000000000000f8f8000000
02:09:48.963 [DEBUG] [serial] RX 128 bytes: 000000f8f800000000000000000000f8f800000000000000000000f8f800000000000000000000f8f800000000000000000000f8f800000000000000000000f8f800000000000000000000f8f800000000000000000000f8f800000000000000000000f8f800000000000000000000f8f800000000000000000000f8f8000000
02:09:48.964 [DEBUG] [serial] Sin header 0xAA, descartando 128 bytes: 000000f8f800000000000000000000f8
02:09:48.973 [DEBUG] [serial] RX 128 bytes: 00000000000000f8f800000000000000000000f8f800000000000000000000f8f800000000000000000000f8f800000000000000000000f8f800000000000000000000f8f800000000000000000000f8f800000000000000000000f8f800000000000000000000f8f800000000000000000000f8f800000000000000000000f8
02:09:48.973 [DEBUG] [serial] Sin header 0xAA, descartando 128 bytes: 00000000000000f8f800000000000000
02:09:48.982 [DEBUG] [serial] RX 128 bytes: f800000000000000000000f8f800000000000000000000f8f800000000000000000000f8f800000000000000000000f8f800000000000000000000f8f800000000000000000000f8f800000000000000000000f8f800000000000000000000f8f800000000000000000000f8f800000000000000000000f8f800000000000000
02:09:48.982 [DEBUG] [serial] Sin header 0xAA, descartando 128 bytes: f800000000000000000000f8f8000000
02:09:48.991 [DEBUG] [serial] RX 128 bytes: 000000f8f800000000000000000000f8f800000000000000000000f8f800000000000000000000f8f800000000000000000000f8f800000000000000000000f8f800000000000000000000f8f800000000000000000000f8f800000000000000000000f8f800000000000000000000f8f800000000000000000000f8f8000000
02:09:48.991 [DEBUG] [serial] Sin header 0xAA, descartando 128 bytes: 000000f8f800000000000000000000f8
02:09:49.001 [DEBUG] [serial] RX 128 bytes: 00000000000000f8f800000000000000000000f8f800000000000000000000f8f800000000000000000000f8f800000000000000000000f8f800000000000000000000f8f800000000000000000000f8f800000000000000000000f8f800000000000000000000f8f800000000000000000000f8f800000000000000000000f8
02:09:49.001 [DEBUG] [serial] Sin header 0xAA, descartando 128 bytes: 00000000000000f8f800000000000000
02:09:49.010 [DEBUG] [serial] RX 128 bytes: f800000000000000000000f8f800000000000000000000f8f800000000000000000000f8f800000000000000000000f8f800000000000000000000f8f800000000000000000000f8f800000000000000000000f8f800000000000000000000f8f800000000000000000000f8f800000000000000000000f8f800000000000000
02:09:49.010 [DEBUG] [serial] Sin header 0xAA, descartando 128 bytes: f800000000000000000000f8f8000000
02:09:49.019 [DEBUG] [serial] RX 128 bytes: 000000f8f800000000000000000000f8f800000000000000000000f8f800000000000000000000f8f800000000000000000000f8f800000000000000000000f8f800000000000000000000f8f800000000000000000000f8f800000000000000000000f8f800000000000000000000f8f800000000000000000000f8f8000000
02:09:49.020 [DEBUG] [serial] Sin header 0xAA, descartando 128 bytes: 000000f8f800000000000000000000f8
02:09:49.029 [DEBUG] [serial] RX 128 bytes: 00000000000000f8f800000000000000000000f8f800000000000000000000f8f800000000000000000000f8f800000000000000000000f8f800000000000000000000f8f800000000000000000000f8f800000000000000000000f8f800000000000000000000f8f800000000000000000000f8f800000000000000000000f8
02:09:49.029 [DEBUG] [serial] Sin header 0xAA, descartando 128 bytes: 00000000000000f8f800000000000000
02:09:49.038 [DEBUG] [serial] RX 128 bytes: f800000000000000000000f8f800000000000000000000f8f800000000000000000000f8f800000000000000000000f8f800000000000000000000f8f800000000000000000000f8f800000000000000000000f8f800000000000000000000f8f800000000000000000000f8f800000000000000000000f8f800000000000000
02:09:49.038 [DEBUG] [serial] Sin header 0xAA, descartando 128 bytes: f800000000000000000000f8f8000000
02:09:49.047 [DEBUG] [serial] RX 128 bytes: 000000f8f800000000000000000000f8f800000000000000000000f8f800000000000000000000f8f800000000000000000000f8f800000000000000000000f8f800000000000000000000f8f800000000000000000000f8f800000000000000000000f8f800000000000000000000f8f800000000000000000000f8f8000000
02:09:49.047 [DEBUG] [serial] Sin header 0xAA, descartando 128 bytes: 000000f8f800000000000000000000f8
02:09:49.057 [DEBUG] [serial] RX 128 bytes: 00000000000000f8f800000000000000000000f8f800000000000000000000f8f800000000000000000000f8f800000000000000000000f8f800000000000000000000f8f800000000000000000000f8f800000000000000000000f8f800000000000000000000f8f800000000000000000000f8f800000000000000000000f8
02:09:49.057 [DEBUG] [serial] Sin header 0xAA, descartando 128 bytes: 00000000000000f8f800000000000000
02:09:49.066 [DEBUG] [serial] RX 128 bytes: f800000000000000000000f8f800000000000000000000f8f800000000000000000000f8f800000000000000000000f8f800000000000000000000f8f800000000000000000000f8f800000000000000000000f8f800000000000000000000f8f800000000000000000000f8f800000000000000000000f8f800000000000000
02:09:49.066 [DEBUG] [serial] Sin header 0xAA, descartando 128 bytes: f800000000000000000000f8f8000000
02:09:49.075 [DEBUG] [serial] RX 128 bytes: 000000f8f800000000000000000000f8f800000000000000000000f8f800000000000000000000f8f800000000000000000000f8f800000000000000000000f8f800000000000000000000f8f800000000000000000000f8f800000000000000000000f8f800000000000000000000f8f800000000000000000000f8f8000000
02:09:49.075 [DEBUG] [serial] Sin header 0xAA, descartando 128 bytes: 000000f8f800000000000000000000f8
02:09:49.085 [DEBUG] [serial] RX 128 bytes: 00000000000000f8f800000000000000000000f8f800000000000000000000f8f800000000000000000000f8f800000000000000000000f8f800000000000000000000f8f800000000000000000000f8f800000000000000000000f8f800000000000000000000f8f800000000000000000000f8f800000000000000000000f8
02:09:49.085 [DEBUG] [serial] Sin header 0xAA, descartando 128 bytes: 00000000000000f8f800000000000000
02:09:49.094 [DEBUG] [serial] RX 128 bytes: f800000000000000000000f8f800000000000000000000f8f800000000000000000000f8f800000000000000000000f8f800000000000000000000f8f800000000000000000000f8f800000000000000000000f8f800000000000000000000f8f800000000000000000000f8f800000000000000000000f8f800000000000000
02:09:49.094 [DEBUG] [serial] Sin header 0xAA, descartando 128 bytes: f800000000000000000000f8f8000000
02:09:49.103 [DEBUG] [serial] RX 128 bytes: 000000f8f800000000000000000000f8f800000000000000000000f8f800000000000000000000f8f800000000000000000000f8f800000000000000000000f8f800000000000000000000f8f800000000000000000000f8f800000000000000000000f8f800000000000000000000f8f800000000000000000000f8f8000000
02:09:49.103 [DEBUG] [serial] Sin header 0xAA, descartando 128 bytes: 000000f8f800000000000000000000f8
02:09:49.113 [DEBUG] [serial] RX 128 bytes: 00000000000000f8f800000000000000000000f8f800000000000000000000f8f800000000000000000000f8f800000000000000000000f8f800000000000000000000f8f800000000000000000000f8f800000000000000000000f8f800000000000000000000f8f800000000000000000000f8f800000000000000000000f8
02:09:49.114 [DEBUG] [serial] Sin header 0xAA, descartando 128 bytes: 00000000000000f8f800000000000000
02:09:49.122 [DEBUG] [serial] RX 128 bytes: f800000000000000000000f8f800000000000000000000f8f800000000000000000000f8f800000000000000000000f8f800000000000000000000f8f800000000000000000000f8f800000000000000000000f8f800000000000000000000f8f800000000000000000000f8f800000000000000000000f8f800000000000000
02:09:49.122 [DEBUG] [serial] Sin header 0xAA, descartando 128 bytes: f800000000000000000000f8f8000000
02:09:49.131 [DEBUG] [serial] RX 128 bytes: 000000f8f800000000000000000000f8f800000000000000000000f8f800000000000000000000f8f800000000000000000000f8f800000000000000000000f8f800000000000000000000f8f800000000000000000000f8f800000000000000000000f8f800000000000000000000f8f800000000000000000000f8f8000000
02:09:49.131 [DEBUG] [serial] Sin header 0xAA, descartando 128 bytes: 000000f8f800000000000000000000f8
02:09:49.140 [DEBUG] [serial] RX 128 bytes: 00000000000000f8f800000000000000000000f8f800000000000000000000f8f800000000000000000000f8f800000000000000000000f8f800000000000000000000f8f800000000000000000000f8f800000000000000000000f8f800000000000000000000f8f800000000000000000000f8f800000000000000000000f8
02:09:49.141 [DEBUG] [serial] Sin header 0xAA, descartando 128 bytes: 00000000000000f8f800000000000000
02:09:49.150 [DEBUG] [serial] RX 128 bytes: f800000000000000000000f8f800000000000000000000f8f800000000000000000000f8f800000000000000000000f8f800000000000000000000f8f800000000000000000000f8f800000000000000000000f8f800000000000000000000f8f800000000000000000000f8f800000000000000000000f8f800000000000000
02:09:49.150 [DEBUG] [serial] Sin header 0xAA, descartando 128 bytes: f800000000000000000000f8f8000000
02:09:49.159 [DEBUG] [serial] RX 128 bytes: 000000f8f800000000000000000000f8f800000000000000000000f8f800000000000000000000f8f800000000000000000000f8f800000000000000000000f8f800000000000000000000f8f800000000000000000000f8f800000000000000000000f8f800000000000000000000f8f800000000000000000000f8f8000000
02:09:49.159 [DEBUG] [serial] Sin header 0xAA, descartando 128 bytes: 000000f8f800000000000000000000f8
02:09:49.168 [DEBUG] [serial] RX 128 bytes: 00000000000000f8f800000000000000000000f8f800000000000000000000f8f800000000000000000000f8f800000000000000000000f8f800000000000000000000f8f800000000000000000000f8f800000000000000000000f8f800000000000000000000f8f800000000000000000000f8f800000000000000000000f8
02:09:49.168 [DEBUG] [serial] Sin header 0xAA, descartando 128 bytes: 00000000000000f8f800000000000000
02:09:49.178 [DEBUG] [serial] RX 128 bytes: f800000000000000000000f8f800000000000000000000f8f800000000000000000000f8f800000000000000000000f8f800000000000000000000f8f800000000000000000000f8f800000000000000000000f8f800000000000000000000f8f800000000000000000000f8f800000000000000000000f8f800000000000000
02:09:49.178 [DEBUG] [serial] Sin header 0xAA, descartando 128 bytes: f800000000000000000000f8f8000000
02:09:49.187 [DEBUG] [serial] RX 128 bytes: 000000f8f800000000000000000000f8f800000000000000000000f8f800000000000000000000f8f800000000000000000000f8f800000000000000000000f8f800000000000000000000f8f800000000000000000000f8f800000000000000000000f8f800000000000000000000f8f800000000000000000000f8f8000000
02:09:49.187 [DEBUG] [serial] Sin header 0xAA, descartando 128 bytes: 000000f8f800000000000000000000f8
02:09:49.196 [DEBUG] [serial] RX 128 bytes: 00000000000000f8f800000000000000000000f8f800000000000000000000f8f800000000000000000000f8f800000000000000000000f8f800000000000000000000f8f800000000000000000000f8f800000000000000000000f8f800000000000000000000f8f800000000000000000000f8f800000000000000000000f8
02:09:49.196 [DEBUG] [serial] Sin header 0xAA, descartando 128 bytes: 00000000000000f8f800000000000000
02:09:49.206 [DEBUG] [serial] RX 128 bytes: f800000000000000000000f8f800000000000000000000f8f800000000000000000000f8f800000000000000000000f8f800000000000000000000f8f800000000000000000000f8f800000000000000000000f8f800000000000000000000f8f800000000000000000000f8f800000000000000000000f8f800000000000000
02:09:49.207 [DEBUG] [serial] Sin header 0xAA, descartando 128 bytes: f800000000000000000000f8f8000000
02:09:49.215 [DEBUG] [serial] RX 128 bytes: 000000f8f800000000000000000000f8f800000000000000000000f8f800000000000000000000f8f800000000000000000000f8f800000000000000000000f8f800000000000000000000f8f800000000000000000000f8f800000000000000000000f8f800000000000000000000f8f800000000000000000000f8f8000000
02:09:49.215 [DEBUG] [serial] Sin header 0xAA, descartando 128 bytes: 000000f8f800000000000000000000f8
02:09:49.224 [DEBUG] [serial] RX 128 bytes: 00000000000000f8f800000000000000000000f8f800000000000000000000f8f800000000000000000000f8f800000000000000000000f8f800000000000000000000f8f800000000000000000000f8f800000000000000000000f8f800000000000000000000f8f800000000000000000000f8f800000000000000000000f8
02:09:49.224 [DEBUG] [serial] Sin header 0xAA, descartando 128 bytes: 00000000000000f8f800000000000000
02:09:49.233 [DEBUG] [serial] RX 128 bytes: f800000000000000000000f8f800000000000000000000f8f800000000000000000000f8f800000000000000000000f8f800000000000000000000f8f800000000000000000000f8f800000000000000000000f8f800000000000000000000f8f800000000000000000000f8f800000000000000000000f8f800000000000000
02:09:49.234 [DEBUG] [serial] Sin header 0xAA, descartando 128 bytes: f800000000000000000000f8f8000000
02:09:49.243 [DEBUG] [serial] RX 128 bytes: 000000f8f800000000000000000000f8f800000000000000000000f8f800000000000000000000f8f800000000000000000000f8f800000000000000000000f8f800000000000000000000f8f800000000000000000000f8f800000000000000000000f8f800000000000000000000f8f800000000000000000000f8f8000000
02:09:49.243 [DEBUG] [serial] Sin header 0xAA, descartando 128 bytes: 000000f8f800000000000000000000f8
02:09:49.252 [DEBUG] [serial] RX 128 bytes: 00000000000000f8f800000000000000000000f8f800000000000000000000f8f800000000000000000000f8f800000000000000000000f8f800000000000000000000f8f800000000000000000000f8f800000000000000000000f8f800000000000000000000f8f800000000000000000000f8f800000000000000000000f8
02:09:49.252 [DEBUG] [serial] Sin header 0xAA, descartando 128 bytes: 00000000000000f8f800000000000000
02:09:49.261 [DEBUG] [serial] RX 128 bytes: f800000000000000000000f8f800000000000000000000f8f800000000000000000000f8f800000000000000000000f8f800000000000000000000f8f800000000000000000000f8f800000000000000000000f8f800000000000000000000f8f800000000000000000000f8f800000000000000000000f8f800000000000000
02:09:49.262 [DEBUG] [serial] Sin header 0xAA, descartando 128 bytes: f800000000000000000000f8f8000000
02:09:49.271 [DEBUG] [serial] RX 128 bytes: 000000f8f800000000000000000000f8f800000000000000000000f8f800000000000000000000f8f800000000000000000000f8f800000000000000000000f8f800000000000000000000f8f800000000000000000000f8f800000000000000000000f8f800000000000000000000f8f800000000000000000000f8f8000000
02:09:49.271 [DEBUG] [serial] Sin header 0xAA, descartando 128 bytes: 000000f8f800000000000000000000f8
02:09:49.280 [DEBUG] [serial] RX 128 bytes: 00000000000000f8f800000000000000000000f8f800000000000000000000f8f800000000000000000000f8f800000000000000000000f8f800000000000000000000f8f800000000000000000000f8f800000000000000000000f8f800000000000000000000f8f800000000000000000000f8f800000000000000000000f8
02:09:49.280 [DEBUG] [serial] Sin header 0xAA, descartando 128 bytes: 00000000000000f8f800000000000000
02:09:49.289 [DEBUG] [serial] RX 128 bytes: f800000000000000000000f8f800000000000000000000f8f800000000000000000000f8f800000000000000000000f8f800000000000000000000f8f800000000000000000000f8f800000000000000000000f8f800000000000000000000f8f800000000000000000000f8f800000000000000000000f8f800000000000000
02:09:49.289 [DEBUG] [serial] Sin header 0xAA, descartando 128 bytes: f800000000000000000000f8f8000000
02:09:49.299 [DEBUG] [serial] RX 128 bytes: 000000f8f800000000000000000000f8f800000000000000000000f8f800000000000000000000f8f800000000000000000000f8f800000000000000000000f8f800000000000000000000f8f800000000000000000000f8f800000000000000000000f8f800000000000000000000f8f800000000000000000000f8f8000000
02:09:49.300 [DEBUG] [serial] Sin header 0xAA, descartando 128 bytes: 000000f8f800000000000000000000f8
02:09:49.308 [DEBUG] [serial] RX 128 bytes: 00000000000000f8f800000000000000000000f8f800000000000000000000f8f800000000000000000000f8f800000000000000000000f8f800000000000000000000f8f800000000000000000000f8f800000000000000000000f8f800000000000000000000f8f800000000000000000000f8f800000000000000000000f8
02:09:49.308 [DEBUG] [serial] Sin header 0xAA, descartando 128 bytes: 00000000000000f8f800000000000000
02:09:49.317 [DEBUG] [serial] RX 128 bytes: f800000000000000000000f8f800000000000000000000f8f800000000000000000000f8f800000000000000000000f8f800000000000000000000f8f800000000000000000000f8f800000000000000000000f8f800000000000000000000f8f800000000000000000000f8f800000000000000000000f8f800000000000000
02:09:49.317 [DEBUG] [serial] Sin header 0xAA, descartando 128 bytes: f800000000000000000000f8f8000000
02:09:49.326 [DEBUG] [serial] RX 128 bytes: 000000f8f800000000000000000000f8f800000000000000000000f8f800000000000000000000f8f800000000000000000000f8f800000000000000000000f8f800000000000000000000f8f800000000000000000000f8f800000000000000000000f8f800000000000000000000f8f800000000000000000000f8f8000000
02:09:49.327 [DEBUG] [serial] Sin header 0xAA, descartando 128 bytes: 000000f8f800000000000000000000f8
02:09:49.336 [DEBUG] [serial] RX 128 bytes: 00000000000000f8f800000000000000000000f8f800000000000000000000f8f800000000000000000000f8f800000000000000000000f8f800000000000000000000f8f800000000000000000000f8f800000000000000000000f8f800000000000000000000f8f800000000000000000000f8f800000000000000000000f8
02:09:49.336 [DEBUG] [serial] Sin header 0xAA, descartando 128 bytes: 00000000000000f8f800000000000000
02:09:49.345 [DEBUG] [serial] RX 128 bytes: f800000000000000000000f8f800000000000000000000f8f800000000000000000000f8f800000000000000000000f8f800000000000000000000f8f800000000000000000000f8f800000000000000000000f8f800000000000000000000f8f800000000000000000000f8f800000000000000000000f8f800000000000000
02:09:49.345 [DEBUG] [serial] Sin header 0xAA, descartando 128 bytes: f800000000000000000000f8f8000000
02:09:49.354 [DEBUG] [serial] RX 128 bytes: 000000f8f800000000000000000000f8f800000000000000000000f8f800000000000000000000f8f800000000000000000000f8f800000000000000000000f8f800000000000000000000f8f800000000000000000000f8f800000000000000000000f8f800000000000000000000f8f800000000000000000000f8f8000000
02:09:49.355 [DEBUG] [serial] Sin header 0xAA, descartando 128 bytes: 000000f8f800000000000000000000f8
02:09:49.364 [DEBUG] [serial] RX 128 bytes: 00000000000000f8f800000000000000000000f8f800000000000000000000f8f800000000000000000000f8f800000000000000000000f8f800000000000000000000f8f800000000000000000000f8f800000000000000000000f8f800000000000000000000f8f800000000000000000000f8f800000000000000000000f8
02:09:49.364 [DEBUG] [serial] Sin header 0xAA, descartando 128 bytes: 00000000000000f8f800000000000000
02:09:49.373 [DEBUG] [serial] RX 128 bytes: f800000000000000000000f8f800000000000000000000f8f800000000000000000000f8f800000000000000000000f8f800000000000000000000f8f800000000000000000000f8f800000000000000000000f8f800000000000000000000f8f800000000000000000000f8f800000000000000000000f8f800000000000000
02:09:49.373 [DEBUG] [serial] Sin header 0xAA, descartando 128 bytes: f800000000000000000000f8f8000000
02:09:49.383 [DEBUG] [serial] RX 128 bytes: 000000f8f800000000000000000000f8f800000000000000000000f8f800000000000000000000f8f800000000000000000000f8f800000000000000000000f8f800000000000000000000f8f800000000000000000000f8f800000000000000000000f8f800000000000000000000f8f800000000000000000000f8f8000000
02:09:49.383 [DEBUG] [serial] Sin header 0xAA, descartando 128 bytes: 000000f8f800000000000000000000f8
02:09:49.393 [DEBUG] [serial] RX 128 bytes: 00000000000000f8f800000000000000000000f8f800000000000000000000f8f800000000000000000000f8f800000000000000000000f8f800000000000000000000f8f800000000000000000000f8f800000000000000000000f8f800000000000000000000f8f800000000000000000000f8f800000000000000000000f8
02:09:49.393 [DEBUG] [serial] Sin header 0xAA, descartando 128 bytes: 00000000000000f8f800000000000000
02:09:49.401 [DEBUG] [serial] RX 128 bytes: f800000000000000000000f8f800000000000000000000f8f800000000000000000000f8f800000000000000000000f8f800000000000000000000f8f800000000000000000000f8f800000000000000000000f8f800000000000000000000f8f800000000000000000000f8f800000000000000000000f8f800000000000000
02:09:49.401 [DEBUG] [serial] Sin header 0xAA, descartando 128 bytes: f800000000000000000000f8f8000000
02:09:49.410 [DEBUG] [serial] RX 128 bytes: 000000f8f800000000000000000000f8f800000000000000000000f8f800000000000000000000f8f800000000000000000000f8f800000000000000000000f8f800000000000000000000f8f800000000000000000000f8f800000000000000000000f8f800000000000000000000f8f800000000000000000000f8f8000000
02:09:49.410 [DEBUG] [serial] Sin header 0xAA, descartando 128 bytes: 000000f8f800000000000000000000f8
02:09:49.420 [DEBUG] [serial] RX 128 bytes: 00000000000000f8f800000000000000000000f8f800000000000000000000f8f800000000000000000000f8f800000000000000000000f8f800000000000000000000f8f800000000000000000000f8f800000000000000000000f8f800000000000000000000f8f800000000000000000000f8f800000000000000000000f8
02:09:49.420 [DEBUG] [serial] Sin header 0xAA, descartando 128 bytes: 00000000000000f8f800000000000000
02:09:49.429 [DEBUG] [serial] RX 128 bytes: f800000000000000000000f8f800000000000000000000f8f800000000000000000000f8f800000000000000000000f8f800000000000000000000f8f800000000000000000000f8f800000000000000000000f8f800000000000000000000f8f800000000000000000000f8f800000000000000000000f8f800000000000000
02:09:49.429 [DEBUG] [serial] Sin header 0xAA, descartando 128 bytes: f800000000000000000000f8f8000000
02:09:49.438 [DEBUG] [serial] RX 128 bytes: 000000f8f800000000000000000000f8f800000000000000000000f8f800000000000000000000f8f800000000000000000000f8f800000000000000000000f8f800000000000000000000f8f800000000000000000000f8f800000000000000000000f8f800000000000000000000f8f800000000000000000000f8f8000000
02:09:49.438 [DEBUG] [serial] Sin header 0xAA, descartando 128 bytes: 000000f8f800000000000000000000f8
02:09:49.448 [DEBUG] [serial] RX 128 bytes: 00000000000000f8f800000000000000000000f8f800000000000000000000f8f800000000000000000000f8f800000000000000000000f8f800000000000000000000f8f800000000000000000000f8f800000000000000000000f8f800000000000000000000f8f800000000000000000000f8f800000000000000000000f8
02:09:49.448 [DEBUG] [serial] Sin header 0xAA, descartando 128 bytes: 00000000000000f8f800000000000000
02:09:49.457 [DEBUG] [serial] RX 128 bytes: f800000000000000000000f8f800000000000000000000f8f800000000000000000000f8f800000000000000000000f8f800000000000000000000f8f800000000000000000000f8f800000000000000000000f8f800000000000000000000f8f800000000000000000000f8f800000000000000000000f8f800000000000000
02:09:49.457 [DEBUG] [serial] Sin header 0xAA, descartando 128 bytes: f800000000000000000000f8f8000000
02:09:49.466 [DEBUG] [serial] RX 128 bytes: 000000f8f800000000000000000000f8f800000000000000000000f8f800000000000000000000f8f800000000000000000000f8f800000000000000000000f8f800000000000000000000f8f800000000000000000000f8f800000000000000000000f8f800000000000000000000f8f800000000000000000000f8f8000000
02:09:49.467 [DEBUG] [serial] Sin header 0xAA, descartando 128 bytes: 000000f8f800000000000000000000f8
02:09:49.476 [DEBUG] [serial] RX 128 bytes: 00000000000000f8f800000000000000000000f8f800000000000000000000f8f800000000000000000000f8f800000000000000000000f8f800000000000000000000f8f800000000000000000000f8f800000000000000000000f8f800000000000000000000f8f800000000000000000000f8f800000000000000000000f8
02:09:49.476 [DEBUG] [serial] Sin header 0xAA, descartando 128 bytes: 00000000000000f8f800000000000000
02:09:49.485 [DEBUG] [serial] RX 128 bytes: f800000000000000000000f8f800000000000000000000f8f800000000000000000000f8f800000000000000000000f8f800000000000000000000f8f800000000000000000000f8f800000000000000000000f8f800000000000000000000f8f800000000000000000000f8f800000000000000000000f8f800000000000000
02:09:49.486 [DEBUG] [serial] Sin header 0xAA, descartando 128 bytes: f800000000000000000000f8f8000000
02:09:49.494 [DEBUG] [serial] RX 128 bytes: 000000f8f800000000000000000000f8f800000000000000000000f8f800000000000000000000f8f800000000000000000000f8f800000000000000000000f8f800000000000000000000f8f800000000000000000000f8f800000000000000000000f8f800000000000000000000f8f800000000000000000000f8f8000000
02:09:49.494 [DEBUG] [serial] Sin header 0xAA, descartando 128 bytes: 000000f8f800000000000000000000f8
02:09:49.503 [DEBUG] [serial] RX 128 bytes: 00000000000000f8f800000000000000000000f8f800000000000000000000f8f800000000000000000000f8f800000000000000000000f8f800000000000000000000f8f800000000000000000000f8f800000000000000000000f8f800000000000000000000f8f800000000000000000000f8f800000000000000000000f8
02:09:49.504 [DEBUG] [serial] Sin header 0xAA, descartando 128 bytes: 00000000000000f8f800000000000000
02:09:49.513 [DEBUG] [serial] RX 128 bytes: f800000000000000000000f8f800000000000000000000f8f800000000000000000000f8f800000000000000000000f8f800000000000000000000f8f800000000000000000000f8f800000000000000000000f8f800000000000000000000f8f800000000000000000000f8f800000000000000000000f8f800000000000000
02:09:49.513 [DEBUG] [serial] Sin header 0xAA, descartando 128 bytes: f800000000000000000000f8f8000000
02:09:49.522 [DEBUG] [serial] RX 128 bytes: 000000f8f800000000000000000000f8f800000000000000000000f8f800000000000000000000f8f800000000000000000000f8f800000000000000000000f8f800000000000000000000f8f800000000000000000000f8f800000000000000000000f8f800000000000000000000f8f800000000000000000000f8f8000000
02:09:49.522 [DEBUG] [serial] Sin header 0xAA, descartando 128 bytes: 000000f8f800000000000000000000f8
02:09:49.531 [DEBUG] [serial] RX 128 bytes: 00000000000000f8f800000000000000000000f8f800000000000000000000f8f800000000000000000000f8f800000000000000000000f8f800000000000000000000f8f800000000000000000000f8f800000000000000000000f8f800000000000000000000f8f800000000000000000000f8f800000000000000000000f8
02:09:49.532 [DEBUG] [serial] Sin header 0xAA, descartando 128 bytes: 00000000000000f8f800000000000000
02:09:49.541 [DEBUG] [serial] RX 128 bytes: f800000000000000000000f8f800000000000000000000f8f800000000000000000000f8f800000000000000000000f8f800000000000000000000f8f800000000000000000000f8f800000000000000000000f8f800000000000000000000f8f800000000000000000000f8f800000000000000000000f8f800000000000000
02:09:49.541 [DEBUG] [serial] Sin header 0xAA, descartando 128 bytes: f800000000000000000000f8f8000000
02:09:49.550 [DEBUG] [serial] RX 128 bytes: 000000f8f800000000000000000000f8f800000000000000000000f8f800000000000000000000f8f800000000000000000000f8f800000000000000000000f8f800000000000000000000f8f800000000000000000000f8f800000000000000000000f8f800000000000000000000f8f800000000000000000000f8f8000000
02:09:49.550 [DEBUG] [serial] Sin header 0xAA, descartando 128 bytes: 000000f8f800000000000000000000f8
02:09:49.559 [DEBUG] [serial] RX 128 bytes: 00000000000000f8f800000000000000000000f8f800000000000000000000f8f800000000000000000000f8f800000000000000000000f8f800000000000000000000f8f800000000000000000000f8f800000000000000000000f8f800000000000000000000f8f800000000000000000000f8f800000000000000000000f8
02:09:49.560 [DEBUG] [serial] Sin header 0xAA, descartando 128 bytes: 00000000000000f8f800000000000000
02:09:49.569 [DEBUG] [serial] RX 128 bytes: f800000000000000000000f8f800000000000000000000f8f800000000000000000000f8f800000000000000000000f8f800000000000000000000f8f800000000000000000000f8f800000000000000000000f8f800000000000000000000f8f800000000000000000000f8f800000000000000000000f8f800000000000000
02:09:49.569 [DEBUG] [serial] Sin header 0xAA, descartando 128 bytes: f800000000000000000000f8f8000000
02:09:49.579 [DEBUG] [serial] RX 128 bytes: 000000f8f800000000000000000000f8f800000000000000000000f8f800000000000000000000f8f800000000000000000000f8f800000000000000000000f8f800000000000000000000f8f800000000000000000000f8f800000000000000000000f8f800000000000000000000f8f800000000000000000000f8f8000000
02:09:49.579 [DEBUG] [serial] Sin header 0xAA, descartando 128 bytes: 000000f8f800000000000000000000f8
02:09:49.587 [DEBUG] [serial] RX 128 bytes: 00000000000000f8f800000000000000000000f8f800000000000000000000f8f800000000000000000000f8f800000000000000000000f8f800000000000000000000f8f800000000000000000000f8f800000000000000000000f8f800000000000000000000f8f800000000000000000000f8f800000000000000000000f8
02:09:49.587 [DEBUG] [serial] Sin header 0xAA, descartando 128 bytes: 00000000000000f8f800000000000000
02:09:49.597 [DEBUG] [serial] RX 128 bytes: f800000000000000000000f8f800000000000000000000f8f800000000000000000000f8f800000000000000000000f8f800000000000000000000f8f800000000000000000000f8f800000000000000000000f8f800000000000000000000f8f800000000000000000000f8f800000000000000000000f8f800000000000000
02:09:49.597 [DEBUG] [serial] Sin header 0xAA, descartando 128 bytes: f800000000000000000000f8f8000000
02:09:49.606 [DEBUG] [serial] RX 128 bytes: 000000f8f800000000000000000000f8f800000000000000000000f8f800000000000000000000f8f800000000000000000000f8f800000000000000000000f8f800000000000000000000f8f800000000000000000000f8f800000000000000000000f8f800000000000000000000f8f800000000000000000000f8f8000000
02:09:49.606 [DEBUG] [serial] Sin header 0xAA, descartando 128 bytes: 000000f8f800000000000000000000f8
02:09:49.615 [DEBUG] [serial] RX 128 bytes: 00000000000000f8f800000000000000000000f8f800000000000000000000f8f800000000000000000000f8f800000000000000000000f8f800000000000000000000f8f800000000000000000000f8f800000000000000000000f8f800000000000000000000f8f800000000000000000000f8f800000000000000000000f8
02:09:49.615 [DEBUG] [serial] Sin header 0xAA, descartando 128 bytes: 00000000000000f8f800000000000000
02:09:49.625 [DEBUG] [serial] RX 128 bytes: f800000000000000000000f8f800000000000000000000f8f800000000000000000000f8f800000000000000000000f8f800000000000000000000f8f800000000000000000000f8f800000000000000000000f8f800000000000000000000f8f800000000000000000000f8f800000000000000000000f8f800000000000000
02:09:49.625 [DEBUG] [serial] Sin header 0xAA, descartando 128 bytes: f800000000000000000000f8f8000000
02:09:49.634 [DEBUG] [serial] RX 128 bytes: 000000f8f800000000000000000000f8f800000000000000000000f8f800000000000000000000f8f800000000000000000000f8f800000000000000000000f8f800000000000000000000f8f800000000000000000000f8f800000000000000000000f8f800000000000000000000f8f800000000000000000000f8f8000000
02:09:49.634 [DEBUG] [serial] Sin header 0xAA, descartando 128 bytes: 000000f8f800000000000000000000f8
02:09:49.643 [DEBUG] [serial] RX 128 bytes: 00000000000000f8f800000000000000000000f8f800000000000000000000f8f800000000000000000000f8f800000000000000000000f8f800000000000000000000f8f800000000000000000000f8f800000000000000000000f8f800000000000000000000f8f800000000000000000000f8f800000000000000000000f8
02:09:49.643 [DEBUG] [serial] Sin header 0xAA, descartando 128 bytes: 00000000000000f8f800000000000000
02:09:49.652 [DEBUG] [serial] RX 128 bytes: f800000000000000000000f8f800000000000000000000f8f800000000000000000000f8f800000000000000000000f8f800000000000000000000f8f800000000000000000000f8f800000000000000000000f8f800000000000000000000f8f800000000000000000000f8f800000000000000000000f8f800000000000000
02:09:49.653 [DEBUG] [serial] Sin header 0xAA, descartando 128 bytes: f800000000000000000000f8f8000000
02:09:49.662 [DEBUG] [serial] RX 128 bytes: 000000f8f800000000000000000000f8f800000000000000000000f8f800000000000000000000f8f800000000000000000000f8f800000000000000000000f8f800000000000000000000f8f800000000000000000000f8f800000000000000000000f8f800000000000000000000f8f800000000000000000000f8f8000000
02:09:49.662 [DEBUG] [serial] Sin header 0xAA, descartando 128 bytes: 000000f8f800000000000000000000f8
02:09:49.672 [DEBUG] [serial] RX 128 bytes: 00000000000000f8f800000000000000000000f8f800000000000000000000f8f800000000000000000000f8f800000000000000000000f8f800000000000000000000f8f800000000000000000000f8f800000000000000000000f8f800000000000000000000f8f800000000000000000000f8f800000000000000000000f8
02:09:49.672 [DEBUG] [serial] Sin header 0xAA, descartando 128 bytes: 00000000000000f8f800000000000000
02:09:49.680 [DEBUG] [serial] RX 128 bytes: f800000000000000000000f8f800000000000000000000f8f800000000000000000000f8f800000000000000000000f8f800000000000000000000f8f800000000000000000000f8f800000000000000000000f8f800000000000000000000f8f800000000000000000000f8f800000000000000000000f8f800000000000000
02:09:49.681 [DEBUG] [serial] Sin header 0xAA, descartando 128 bytes: f800000000000000000000f8f8000000
02:09:49.690 [DEBUG] [serial] RX 128 bytes: 000000f8f800000000000000000000f8f800000000000000000000f8f800000000000000000000f8f800000000000000000000f8f800000000000000000000f8f800000000000000000000f8f800000000000000000000f8f800000000000000000000f8f800000000000000000000f8f800000000000000000000f8f8000000
02:09:49.690 [DEBUG] [serial] Sin header 0xAA, descartando 128 bytes: 000000f8f800000000000000000000f8
02:09:49.699 [DEBUG] [serial] RX 128 bytes: 00000000000000f8f800000000000000000000f8f800000000000000000000f8f800000000000000000000f8f800000000000000000000f8f800000000000000000000f8f800000000000000000000f8f800000000000000000000f8f800000000000000000000f8f800000000000000000000f8f800000000000000000000f8
02:09:49.699 [DEBUG] [serial] Sin header 0xAA, descartando 128 bytes: 00000000000000f8f800000000000000
02:09:49.708 [DEBUG] [serial] RX 128 bytes: f800000000000000000000f8f800000000000000000000f8f800000000000000000000f8f800000000000000000000f8f800000000000000000000f8f800000000000000000000f8f800000000000000000000f8f800000000000000000000f8f800000000000000000000f8f800000000000000000000f8f800000000000000
02:09:49.709 [DEBUG] [serial] Sin header 0xAA, descartando 128 bytes: f800000000000000000000f8f8000000
02:09:49.718 [DEBUG] [serial] RX 128 bytes: 000000f8f800000000000000000000f8f800000000000000000000f8f800000000000000000000f8f800000000000000000000f8f800000000000000000000f8f800000000000000000000f8f800000000000000000000f8f800000000000000000000f8f800000000000000000000f8f800000000000000000000f8f8000000
02:09:49.718 [DEBUG] [serial] Sin header 0xAA, descartando 128 bytes: 000000f8f800000000000000000000f8
02:09:49.727 [DEBUG] [serial] RX 128 bytes: 00000000000000f8f800000000000000000000f8f800000000000000000000f8f800000000000000000000f8f800000000000000000000f8f800000000000000000000f8f800000000000000000000f8f800000000000000000000f8f800000000000000000000f8f800000000000000000000f8f800000000000000000000f8
02:09:49.727 [DEBUG] [serial] Sin header 0xAA, descartando 128 bytes: 00000000000000f8f800000000000000
02:09:49.736 [DEBUG] [serial] RX 128 bytes: f800000000000000000000f8f800000000000000000000f8f800000000000000000000f8f800000000000000000000f8f800000000000000000000f8f800000000000000000000f8f800000000000000000000f8f800000000000000000000f8f800000000000000000000f8f800000000000000000000f8f800000000000000
02:09:49.737 [DEBUG] [serial] Sin header 0xAA, descartando 128 bytes: f800000000000000000000f8f8000000
02:09:49.746 [DEBUG] [serial] RX 128 bytes: 000000f8f800000000000000000000f8f800000000000000000000f8f800000000000000000000f8f800000000000000000000f8f800000000000000000000f8f800000000000000000000f8f800000000000000000000f8f800000000000000000000f8f800000000000000000000f8f800000000000000000000f8f8000000
02:09:49.746 [DEBUG] [serial] Sin header 0xAA, descartando 128 bytes: 000000f8f800000000000000000000f8
02:09:49.755 [DEBUG] [serial] RX 128 bytes: 00000000000000f8f800000000000000000000f8f800000000000000000000f8f800000000000000000000f8f800000000000000000000f8f800000000000000000000f8f800000000000000000000f8f800000000000000000000f8f800000000000000000000f8f800000000000000000000f8f800000000000000000000f8
02:09:49.755 [DEBUG] [serial] Sin header 0xAA, descartando 128 bytes: 00000000000000f8f800000000000000
02:09:49.764 [DEBUG] [serial] RX 128 bytes: f800000000000000000000f8f800000000000000000000f8f800000000000000000000f8f800000000000000000000f8f800000000000000000000f8f800000000000000000000f8f800000000000000000000f8f800000000000000000000f8f800000000000000000000f8f800000000000000000000f8f800000000000000
02:09:49.766 [DEBUG] [serial] Sin header 0xAA, descartando 128 bytes: f800000000000000000000f8f8000000
02:09:49.773 [DEBUG] [serial] RX 128 bytes: 000000f8f800000000000000000000f8f800000000000000000000f8f800000000000000000000f8f800000000000000000000f8f800000000000000000000f8f800000000000000000000f8f800000000000000000000f8f800000000000000000000f8f800000000000000000000f8f800000000000000000000f8f8000000
02:09:49.774 [DEBUG] [serial] Sin header 0xAA, descartando 128 bytes: 000000f8f800000000000000000000f8
02:09:49.783 [DEBUG] [serial] RX 128 bytes: 00000000000000f8f800000000000000000000f8f800000000000000000000f8f800000000000000000000f8f800000000000000000000f8f800000000000000000000f8f800000000000000000000f8f800000000000000000000f8f800000000000000000000f8f800000000000000000000f8f800000000000000000000f8
02:09:49.783 [DEBUG] [serial] Sin header 0xAA, descartando 128 bytes: 00000000000000f8f800000000000000
02:09:49.792 [DEBUG] [serial] RX 128 bytes: f800000000000000000000f8f800000000000000000000f8f800000000000000000000f8f800000000000000000000f8f800000000000000000000f8f800000000000000000000f8f800000000000000000000f8f800000000000000000000f8f800000000000000000000f8f800000000000000000000f8f800000000000000
02:09:49.792 [DEBUG] [serial] Sin header 0xAA, descartando 128 bytes: f800000000000000000000f8f8000000
02:09:49.801 [DEBUG] [serial] RX 128 bytes: 000000f8f800000000000000000000f8f800000000000000000000f8f800000000000000000000f8f800000000000000000000f8f800000000000000000000f8f800000000000000000000f8f800000000000000000000f8f800000000000000000000f8f800000000000000000000f8f800000000000000000000f8f8000000
02:09:49.802 [DEBUG] [serial] Sin header 0xAA, descartando 128 bytes: 000000f8f800000000000000000000f8
02:09:49.811 [DEBUG] [serial] RX 128 bytes: 00000000000000f8f800000000000000000000f8f800000000000000000000f8f800000000000000000000f8f800000000000000000000f8f800000000000000000000f8f800000000000000000000f8f800000000000000000000f8f800000000000000000000f8f800000000000000000000f8f800000000000000000000f8
02:09:49.811 [DEBUG] [serial] Sin header 0xAA, descartando 128 bytes: 00000000000000f8f800000000000000
02:09:49.820 [DEBUG] [serial] RX 128 bytes: f800000000000000000000f8f800000000000000000000f8f800000000000000000000f8f800000000000000000000f8f800000000000000000000f8f800000000000000000000f8f800000000000000000000f8f800000000000000000000f8f800000000000000000000f8f800000000000000000000f8f800000000000000
02:09:49.820 [DEBUG] [serial] Sin header 0xAA, descartando 128 bytes: f800000000000000000000f8f8000000
02:09:49.829 [DEBUG] [serial] RX 128 bytes: 000000f8f800000000000000000000f8f800000000000000000000f8f800000000000000000000f8f800000000000000000000f8f800000000000000000000f8f800000000000000000000f8f800000000000000000000f8f800000000000000000000f8f800000000000000000000f8f800000000000000000000f8f8000000
02:09:49.830 [DEBUG] [serial] Sin header 0xAA, descartando 128 bytes: 000000f8f800000000000000000000f8
02:09:49.839 [DEBUG] [serial] RX 128 bytes: 00000000000000f8f800000000000000000000f8f800000000000000000000f8f800000000000000000000f8f800000000000000000000f8f800000000000000000000f8f800000000000000000000f8f800000000000000000000f8f800000000000000000000f8f800000000000000000000f8f800000000000000000000f8
02:09:49.839 [DEBUG] [serial] Sin header 0xAA, descartando 128 bytes: 00000000000000f8f800000000000000
02:09:49.848 [DEBUG] [serial] RX 128 bytes: f800000000000000000000f8f800000000000000000000f8f800000000000000000000f8f800000000000000000000f8f800000000000000000000f8f800000000000000000000f8f800000000000000000000f8f800000000000000000000f8f800000000000000000000f8f800000000000000000000f8f800000000000000
02:09:49.848 [DEBUG] [serial] Sin header 0xAA, descartando 128 bytes: f800000000000000000000f8f8000000
02:09:49.858 [DEBUG] [serial] RX 128 bytes: 000000f8f800000000000000000000f8f800000000000000000000f8f800000000000000000000f8f800000000000000000000f8f800000000000000000000f8f800000000000000000000f8f800000000000000000000f8f800000000000000000000f8f800000000000000000000f8f800000000000000000000f8f8000000
02:09:49.858 [DEBUG] [serial] Sin header 0xAA, descartando 128 bytes: 000000f8f800000000000000000000f8
02:09:49.867 [DEBUG] [serial] RX 128 bytes: 00000000000000f8f800000000000000000000f8f800000000000000000000f8f800000000000000000000f8f800000000000000000000f8f800000000000000000000f8f800000000000000000000f8f800000000000000000000f8f800000000000000000000f8f800000000000000000000f8f800000000000000000000f8
02:09:49.867 [DEBUG] [serial] Sin header 0xAA, descartando 128 bytes: 00000000000000f8f800000000000000
02:09:49.876 [DEBUG] [serial] RX 128 bytes: f800000000000000000000f8f800000000000000000000f8f800000000000000000000f8f800000000000000000000f8f800000000000000000000f8f800000000000000000000f8f800000000000000000000f8f800000000000000000000f8f800000000000000000000f8f800000000000000000000f8f800000000000000
02:09:49.876 [DEBUG] [serial] Sin header 0xAA, descartando 128 bytes: f800000000000000000000f8f8000000
02:09:49.885 [DEBUG] [serial] RX 128 bytes: 000000f8f800000000000000000000f8f800000000000000000000f8f800000000000000000000f8f800000000000000000000f8f800000000000000000000f8f800000000000000000000f8f800000000000000000000f8f800000000000000000000f8f800000000000000000000f8f800000000000000000000f8f8000000
02:09:49.885 [DEBUG] [serial] Sin header 0xAA, descartando 128 bytes: 000000f8f800000000000000000000f8
02:09:49.895 [DEBUG] [serial] RX 128 bytes: 00000000000000f8f800000000000000000000f8f800000000000000000000f8f800000000000000000000f8f800000000000000000000f8f800000000000000000000f8f800000000000000000000f8f800000000000000000000f8f800000000000000000000f8f800000000000000000000f8f800000000000000000000f8
02:09:49.895 [DEBUG] [serial] Sin header 0xAA, descartando 128 bytes: 00000000000000f8f800000000000000
02:09:49.904 [DEBUG] [serial] RX 128 bytes: f800000000000000000000f8f800000000000000000000f8f800000000000000000000f8f800000000000000000000f8f800000000000000000000f8f800000000000000000000f8f800000000000000000000f8f800000000000000000000f8f800000000000000000000f8f800000000000000000000f8f800000000000000
02:09:49.904 [DEBUG] [serial] Sin header 0xAA, descartando 128 bytes: f800000000000000000000f8f8000000
02:09:49.913 [DEBUG] [serial] RX 128 bytes: 000000f8f800000000000000000000f8f800000000000000000000f8f800000000000000000000f8f800000000000000000000f8f800000000000000000000f8f800000000000000000000f8f800000000000000000000f8f800000000000000000000f8f800000000000000000000f8f800000000000000000000f8f8000000
02:09:49.913 [DEBUG] [serial] Sin header 0xAA, descartando 128 bytes: 000000f8f800000000000000000000f8
02:09:49.923 [DEBUG] [serial] RX 128 bytes: 00000000000000f8f800000000000000000000f8f800000000000000000000f8f800000000000000000000f8f800000000000000000000f8f800000000000000000000f8f800000000000000000000f8f800000000000000000000f8f800000000000000000000f8f800000000000000000000f8f800000000000000000000f8
02:09:49.923 [DEBUG] [serial] Sin header 0xAA, descartando 128 bytes: 00000000000000f8f800000000000000
02:09:49.932 [DEBUG] [serial] RX 128 bytes: f800000000000000000000f8f800000000000000000000f8f800000000000000000000f8f800000000000000000000f8f800000000000000000000f8f800000000000000000000f8f800000000000000000000f8f800000000000000000000f8f800000000000000000000f8f800000000000000000000f8f800000000000000
02:09:49.932 [DEBUG] [serial] Sin header 0xAA, descartando 128 bytes: f800000000000000000000f8f8000000
02:09:49.941 [DEBUG] [serial] RX 128 bytes: 000000f8f800000000000000000000f8f800000000000000000000f8f800000000000000000000f8f800000000000000000000f8f800000000000000000000f8f800000000000000000000f8f800000000000000000000f8f800000000000000000000f8f800000000000000000000f8f800000000000000000000f8f8000000
02:09:49.941 [DEBUG] [serial] Sin header 0xAA, descartando 128 bytes: 000000f8f800000000000000000000f8
02:09:49.950 [DEBUG] [serial] RX 128 bytes: 00000000000000f8f800000000000000000000f8f800000000000000000000f8f800000000000000000000f8f800000000000000000000f8f800000000000000000000f8f800000000000000000000f8f800000000000000000000f8f800000000000000000000f8f800000000000000000000f8f800000000000000000000f8
02:09:49.951 [DEBUG] [serial] Sin header 0xAA, descartando 128 bytes: 00000000000000f8f800000000000000
02:09:49.960 [DEBUG] [serial] RX 128 bytes: f800000000000000000000f8f800000000000000000000f8f800000000000000000000f8f800000000000000000000f8f800000000000000000000f8f800000000000000000000f8f800000000000000000000f8f800000000000000000000f8f800000000000000000000f8f800000000000000000000f8f800000000000000
02:09:49.960 [DEBUG] [serial] Sin header 0xAA, descartando 128 bytes: f800000000000000000000f8f8000000
02:09:49.969 [DEBUG] [serial] RX 128 bytes: 000000f8f800000000000000000000f8f800000000000000000000f8f800000000000000000000f8f800000000000000000000f8f800000000000000000000f8f800000000000000000000f8f800000000000000000000f8f800000000000000000000f8f800000000000000000000f8f800000000000000000000f8f8000000
02:09:49.969 [DEBUG] [serial] Sin header 0xAA, descartando 128 bytes: 000000f8f800000000000000000000f8
02:09:49.978 [DEBUG] [serial] RX 128 bytes: 00000000000000f8f800000000000000000000f8f800000000000000000000f8f800000000000000000000f8f800000000000000000000f8f800000000000000000000f8f800000000000000000000f8f800000000000000000000f8f800000000000000000000f8f800000000000000000000f8f800000000000000000000f8
02:09:49.979 [DEBUG] [serial] Sin header 0xAA, descartando 128 bytes: 00000000000000f8f800000000000000
02:09:49.988 [DEBUG] [serial] RX 128 bytes: f800000000000000000000f8f800000000000000000000f8f800000000000000000000f8f800000000000000000000f8f800000000000000000000f8f800000000000000000000f8f800000000000000000000f8f800000000000000000000f8f800000000000000000000f8f800000000000000000000f8f800000000000000
02:09:49.988 [DEBUG] [serial] Sin header 0xAA, descartando 128 bytes: f800000000000000000000f8f8000000
02:09:49.997 [DEBUG] [serial] RX 128 bytes: 000000f8f800000000000000000000f8f800000000000000000000f8f800000000000000000000f8f800000000000000000000f8f800000000000000000000f8f800000000000000000000f8f800000000000000000000f8f800000000000000000000f8f800000000000000000000f8f800000000000000000000f8f8000000
02:09:49.997 [DEBUG] [serial] Sin header 0xAA, descartando 128 bytes: 000000f8f800000000000000000000f8
02:09:50.006 [DEBUG] [serial] RX 128 bytes: 00000000000000f8f800000000000000000000f8f800000000000000000000f8f800000000000000000000f8f800000000000000000000f8f800000000000000000000f8f800000000000000000000f8f800000000000000000000f8f800000000000000000000f8f800000000000000000000f8f800000000000000000000f8
02:09:50.007 [DEBUG] [serial] Sin header 0xAA, descartando 128 bytes: 00000000000000f8f800000000000000
02:09:50.016 [DEBUG] [serial] RX 128 bytes: f800000000000000000000f8f800000000000000000000f8f800000000000000000000f8f800000000000000000000f8f800000000000000000000f8f800000000000000000000f8f800000000000000000000f8f800000000000000000000f8f800000000000000000000f8f800000000000000000000f8f800000000000000
02:09:50.016 [DEBUG] [serial] Sin header 0xAA, descartando 128 bytes: f800000000000000000000f8f8000000
02:09:50.025 [DEBUG] [serial] RX 128 bytes: 000000f8f800000000000000000000f8f800000000000000000000f8f800000000000000000000f8f800000000000000000000f8f800000000000000000000f8f800000000000000000000f8f800000000000000000000f8f800000000000000000000f8f800000000000000000000f8f800000000000000000000f8f8000000
02:09:50.025 [DEBUG] [serial] Sin header 0xAA, descartando 128 bytes: 000000f8f800000000000000000000f8
02:09:50.034 [DEBUG] [serial] RX 128 bytes: 00000000000000f8f800000000000000000000f8f800000000000000000000f8f800000000000000000000f8f800000000000000000000f8f800000000000000000000f8f800000000000000000000f8f800000000000000000000f8f800000000000000000000f8f800000000000000000000f8f800000000000000000000f8
02:09:50.035 [DEBUG] [serial] Sin header 0xAA, descartando 128 bytes: 00000000000000f8f800000000000000
02:09:50.044 [DEBUG] [serial] RX 128 bytes: f800000000000000000000f8f800000000000000000000f8f800000000000000000000f8f800000000000000000000f8f800000000000000000000f8f800000000000000000000f8f800000000000000000000f8f800000000000000000000f8f800000000000000000000f8f800000000000000000000f8f800000000000000
02:09:50.044 [DEBUG] [serial] Sin header 0xAA, descartando 128 bytes: f800000000000000000000f8f8000000
02:09:50.053 [DEBUG] [serial] RX 128 bytes: 000000f8f800000000000000000000f8f800000000000000000000f8f800000000000000000000f8f800000000000000000000f8f800000000000000000000f8f800000000000000000000f8f800000000000000000000f8f800000000000000000000f8f800000000000000000000f8f800000000000000000000f8f8000000
02:09:50.053 [DEBUG] [serial] Sin header 0xAA, descartando 128 bytes: 000000f8f800000000000000000000f8
02:09:50.062 [DEBUG] [serial] RX 128 bytes: 00000000000000f8f800000000000000000000f8f800000000000000000000f8f800000000000000000000f8f800000000000000000000f8f800000000000000000000f8f800000000000000000000f8f800000000000000000000f8f800000000000000000000f8f800000000000000000000f8f800000000000000000000f8
02:09:50.062 [DEBUG] [serial] Sin header 0xAA, descartando 128 bytes: 00000000000000f8f800000000000000
02:09:50.072 [DEBUG] [serial] RX 128 bytes: f800000000000000000000f8f800000000000000000000f8f800000000000000000000f8f800000000000000000000f8f800000000000000000000f8f800000000000000000000f8f800000000000000000000f8f800000000000000000000f8f800000000000000000000f8f800000000000000000000f8f800000000000000
02:09:50.072 [DEBUG] [serial] Sin header 0xAA, descartando 128 bytes: f800000000000000000000f8f8000000
02:09:50.081 [DEBUG] [serial] RX 128 bytes: 000000f8f800000000000000000000f8f800000000000000000000f8f800000000000000000000f8f800000000000000000000f8f800000000000000000000f8f800000000000000000000f8f800000000000000000000f8f800000000000000000000f8f800000000000000000000f8f800000000000000000000f8f8000000
02:09:50.081 [DEBUG] [serial] Sin header 0xAA, descartando 128 bytes: 000000f8f800000000000000000000f8
02:09:50.090 [DEBUG] [serial] RX 128 bytes: 00000000000000f8f800000000000000000000f8f800000000000000000000f8f800000000000000000000f8f800000000000000000000f8f800000000000000000000f8f800000000000000000000f8f800000000000000000000f8f800000000000000000000f8f800000000000000000000f8f800000000000000000000f8
02:09:50.090 [DEBUG] [serial] Sin header 0xAA, descartando 128 bytes: 00000000000000f8f800000000000000
02:09:50.100 [DEBUG] [serial] RX 128 bytes: f800000000000000000000f8f800000000000000000000f8f800000000000000000000f8f800000000000000000000f8f800000000000000000000f8f800000000000000000000f8f800000000000000000000f8f800000000000000000000f8f800000000000000000000f8f800000000000000000000f8f800000000000000
02:09:50.100 [DEBUG] [serial] Sin header 0xAA, descartando 128 bytes: f800000000000000000000f8f8000000
02:09:50.109 [DEBUG] [serial] RX 128 bytes: 000000f8f800000000000000000000f8f800000000000000000000f8f800000000000000000000f8f800000000000000000000f8f800000000000000000000f8f800000000000000000000f8f800000000000000000000f8f800000000000000000000f8f800000000000000000000f8f800000000000000000000f8f8000000
02:09:50.109 [DEBUG] [serial] Sin header 0xAA, descartando 128 bytes: 000000f8f800000000000000000000f8
02:09:50.118 [DEBUG] [serial] RX 128 bytes: 00000000000000f8f800000000000000000000f8f800000000000000000000f8f800000000000000000000f8f800000000000000000000f8f800000000000000000000f8f800000000000000000000f8f800000000000000000000f8f800000000000000000000f8f800000000000000000000f8f800000000000000000000f8
02:09:50.118 [DEBUG] [serial] Sin header 0xAA, descartando 128 bytes: 00000000000000f8f800000000000000
02:09:50.127 [DEBUG] [serial] RX 128 bytes: f800000000000000000000f8f800000000000000000000f8f800000000000000000000f8f800000000000000000000f8f800000000000000000000f8f800000000000000000000f8f800000000000000000000f8f800000000000000000000f8f800000000000000000000f8f800000000000000000000f8f800000000000000
02:09:50.128 [DEBUG] [serial] Sin header 0xAA, descartando 128 bytes: f800000000000000000000f8f8000000
02:09:50.137 [DEBUG] [serial] RX 128 bytes: 000000f8f800000000000000000000f8f800000000000000000000f8f800000000000000000000f8f800000000000000000000f8f800000000000000000000f8f800000000000000000000f8f800000000000000000000f8f800000000000000000000f8f800000000000000000000f8f800000000000000000000f8f8000000
02:09:50.138 [DEBUG] [serial] Sin header 0xAA, descartando 128 bytes: 000000f8f800000000000000000000f8
02:09:50.146 [DEBUG] [serial] RX 128 bytes: 00000000000000f8f800000000000000000000f8f800000000000000000000f8f800000000000000000000f8f800000000000000000000f8f800000000000000000000f8f800000000000000000000f8f800000000000000000000f8f800000000000000000000f8f800000000000000000000f8f800000000000000000000f8
02:09:50.146 [DEBUG] [serial] Sin header 0xAA, descartando 128 bytes: 00000000000000f8f800000000000000
02:09:50.155 [DEBUG] [serial] RX 128 bytes: f800000000000000000000f8f800000000000000000000f8f800000000000000000000f8f800000000000000000000f8f800000000000000000000f8f800000000000000000000f8f800000000000000000000f8f800000000000000000000f8f800000000000000000000f8f800000000000000000000f8f800000000000000
02:09:50.156 [DEBUG] [serial] Sin header 0xAA, descartando 128 bytes: f800000000000000000000f8f8000000
02:09:50.165 [DEBUG] [serial] RX 128 bytes: 000000f8f800000000000000000000f8f800000000000000000000f8f800000000000000000000f8f800000000000000000000f8f800000000000000000000f8f800000000000000000000f8f800000000000000000000f8f800000000000000000000f8f800000000000000000000f8f800000000000000000000f8f8000000
02:09:50.165 [DEBUG] [serial] Sin header 0xAA, descartando 128 bytes: 000000f8f800000000000000000000f8
02:09:50.174 [DEBUG] [serial] RX 128 bytes: 00000000000000f8f800000000000000000000f8f800000000000000000000f8f800000000000000000000f8f800000000000000000000f8f800000000000000000000f8f800000000000000000000f8f800000000000000000000f8f800000000000000000000f8f800000000000000000000f8f800000000000000000000f8
02:09:50.174 [DEBUG] [serial] Sin header 0xAA, descartando 128 bytes: 00000000000000f8f800000000000000
02:09:50.183 [DEBUG] [serial] RX 128 bytes: f800000000000000000000f8f800000000000000000000f8f800000000000000000000f8f800000000000000000000f8f800000000000000000000f8f800000000000000000000f8f800000000000000000000f8f800000000000000000000f8f800000000000000000000f8f800000000000000000000f8f800000000000000
02:09:50.184 [DEBUG] [serial] Sin header 0xAA, descartando 128 bytes: f800000000000000000000f8f8000000
02:09:50.193 [DEBUG] [serial] RX 128 bytes: 000000f8f800000000000000000000f8f800000000000000000000f8f800000000000000000000f8f800000000000000000000f8f800000000000000000000f8f800000000000000000000f8f800000000000000000000f8f800000000000000000000f8f800000000000000000000f8f800000000000000000000f8f8000000
02:09:50.193 [DEBUG] [serial] Sin header 0xAA, descartando 128 bytes: 000000f8f800000000000000000000f8
02:09:50.202 [DEBUG] [serial] RX 128 bytes: 00000000000000f8f800000000000000000000f8f800000000000000000000f8f800000000000000000000f8f800000000000000000000f8f800000000000000000000f8f800000000000000000000f8f800000000000000000000f8f800000000000000000000f8f800000000000000000000f8f800000000000000000000f8
02:09:50.202 [DEBUG] [serial] Sin header 0xAA, descartando 128 bytes: 00000000000000f8f800000000000000
02:09:50.211 [DEBUG] [serial] RX 128 bytes: f800000000000000000000f8f800000000000000000000f8f800000000000000000000f8f800000000000000000000f8f800000000000000000000f8f800000000000000000000f8f800000000000000000000f8f800000000000000000000f8f800000000000000000000f8f800000000000000000000f8f800000000000000
02:09:50.211 [DEBUG] [serial] Sin header 0xAA, descartando 128 bytes: f800000000000000000000f8f8000000
02:09:50.221 [DEBUG] [serial] RX 128 bytes: 000000f8f800000000000000000000f8f800000000000000000000f8f800000000000000000000f8f800000000000000000000f8f800000000000000000000f8f800000000000000000000f8f800000000000000000000f8f800000000000000000000f8f800000000000000000000f8f800000000000000000000f8f8000000
02:09:50.221 [DEBUG] [serial] Sin header 0xAA, descartando 128 bytes: 000000f8f800000000000000000000f8
02:09:50.230 [DEBUG] [serial] RX 128 bytes: 00000000000000f8f800000000000000000000f8f800000000000000000000f8f800000000000000000000f8f800000000000000000000f8f800000000000000000000f8f800000000000000000000f8f800000000000000000000f8f800000000000000000000f8f800000000000000000000f8f800000000000000000000f8
02:09:50.230 [DEBUG] [serial] Sin header 0xAA, descartando 128 bytes: 00000000000000f8f800000000000000
02:09:50.239 [DEBUG] [serial] RX 128 bytes: f800000000000000000000f8f800000000000000000000f8f800000000000000000000f8f800000000000000000000f8f800000000000000000000f8f800000000000000000000f8f800000000000000000000f8f800000000000000000000f8f800000000000000000000f8f800000000000000000000f8f800000000000000
02:09:50.239 [DEBUG] [serial] Sin header 0xAA, descartando 128 bytes: f800000000000000000000f8f8000000
02:09:50.248 [DEBUG] [serial] RX 128 bytes: 000000f8f800000000000000000000f8f800000000000000000000f8f800000000000000000000f8f800000000000000000000f8f800000000000000000000f8f800000000000000000000f8f800000000000000000000f8f800000000000000000000f8f800000000000000000000f8f800000000000000000000f8f8000000
02:09:50.249 [DEBUG] [serial] Sin header 0xAA, descartando 128 bytes: 000000f8f800000000000000000000f8
02:09:50.258 [DEBUG] [serial] RX 128 bytes: 00000000000000f8f800000000000000000000f8f800000000000000000000f8f800000000000000000000f8f800000000000000000000f8f800000000000000000000f8f800000000000000000000f8f800000000000000000000f8f800000000000000000000f8f800000000000000000000f8f800000000000000000000f8
02:09:50.258 [DEBUG] [serial] Sin header 0xAA, descartando 128 bytes: 00000000000000f8f800000000000000
02:09:50.267 [DEBUG] [serial] RX 128 bytes: f800000000000000000000f8f800000000000000000000f8f800000000000000000000f8f800000000000000000000f8f800000000000000000000f8f800000000000000000000f8f800000000000000000000f8f800000000000000000000f8f800000000000000000000f8f800000000000000000000f8f800000000000000
02:09:50.267 [DEBUG] [serial] Sin header 0xAA, descartando 128 bytes: f800000000000000000000f8f8000000
02:09:50.276 [DEBUG] [serial] RX 128 bytes: 000000f8f800000000000000000000f8f800000000000000000000f8f800000000000000000000f8f800000000000000000000f8f800000000000000000000f8f800000000000000000000f8f800000000000000000000f8f800000000000000000000f8f800000000000000000000f8f800000000000000000000f8f8000000
02:09:50.277 [DEBUG] [serial] Sin header 0xAA, descartando 128 bytes: 000000f8f800000000000000000000f8
02:09:50.286 [DEBUG] [serial] RX 128 bytes: 00000000000000f8f800000000000000000000f8f800000000000000000000f8f800000000000000000000f8f800000000000000000000f8f800000000000000000000f8f800000000000000000000f8f800000000000000000000f8f800000000000000000000f8f800000000000000000000f8f800000000000000000000f8
02:09:50.286 [DEBUG] [serial] Sin header 0xAA, descartando 128 bytes: 00000000000000f8f800000000000000
02:09:50.295 [DEBUG] [serial] RX 128 bytes: f800000000000000000000f8f800000000000000000000f8f800000000000000000000f8f800000000000000000000f8f800000000000000000000f8f800000000000000000000f8f800000000000000000000f8f800000000000000000000f8f800000000000000000000f8f800000000000000000000f8f800000000000000
02:09:50.295 [DEBUG] [serial] Sin header 0xAA, descartando 128 bytes: f800000000000000000000f8f8000000
02:09:50.304 [DEBUG] [serial] RX 128 bytes: 000000f8f800000000000000000000f8f800000000000000000000f8f800000000000000000000f8f800000000000000000000f8f800000000000000000000f8f800000000000000000000f8f800000000000000000000f8f800000000000000000000f8f800000000000000000000f8f800000000000000000000f8f8000000
02:09:50.305 [DEBUG] [serial] Sin header 0xAA, descartando 128 bytes: 000000f8f800000000000000000000f8
02:09:50.314 [DEBUG] [serial] RX 128 bytes: 00000000000000f8f800000000000000000000f8f800000000000000000000f8f800000000000000000000f8f800000000000000000000f8f800000000000000000000f8f800000000000000000000f8f800000000000000000000f8f800000000000000000000f8f800000000000000000000f8f800000000000000000000f8
02:09:50.314 [DEBUG] [serial] Sin header 0xAA, descartando 128 bytes: 00000000000000f8f800000000000000
02:09:50.323 [DEBUG] [serial] RX 128 bytes: f800000000000000000000f8f800000000000000000000f8f800000000000000000000f8f800000000000000000000f8f800000000000000000000f8f800000000000000000000f8f800000000000000000000f8f800000000000000000000f8f800000000000000000000f8f800000000000000000000f8f800000000000000
02:09:50.323 [DEBUG] [serial] Sin header 0xAA, descartando 128 bytes: f800000000000000000000f8f8000000
02:09:50.332 [DEBUG] [serial] RX 128 bytes: 000000f8f800000000000000000000f8f800000000000000000000f8f800000000000000000000f8f800000000000000000000f8f800000000000000000000f8f800000000000000000000f8f800000000000000000000f8f800000000000000000000f8f800000000000000000000f8f800000000000000000000f8f8000000
02:09:50.332 [DEBUG] [serial] Sin header 0xAA, descartando 128 bytes: 000000f8f800000000000000000000f8
02:09:50.342 [DEBUG] [serial] RX 128 bytes: 00000000000000f8f800000000000000000000f8f800000000000000000000f8f800000000000000000000f8f800000000000000000000f8f800000000000000000000f8f800000000000000000000f8f800000000000000000000f8f800000000000000000000f8f800000000000000000000f8f800000000000000000000f8
02:09:50.342 [DEBUG] [serial] Sin header 0xAA, descartando 128 bytes: 00000000000000f8f800000000000000
02:09:50.352 [DEBUG] [serial] RX 128 bytes: f800000000000000000000f8f800000000000000000000f8f800000000000000000000f8f800000000000000000000f8f800000000000000000000f8f800000000000000000000f8f800000000000000000000f8f800000000000000000000f8f800000000000000000000f8f800000000000000000000f8f800000000000000
02:09:50.352 [DEBUG] [serial] Sin header 0xAA, descartando 128 bytes: f800000000000000000000f8f8000000
02:09:50.360 [DEBUG] [serial] RX 128 bytes: 000000f8f800000000000000000000f8f800000000000000000000f8f800000000000000000000f8f800000000000000000000f8f800000000000000000000f8f800000000000000000000f8f800000000000000000000f8f800000000000000000000f8f800000000000000000000f8f800000000000000000000f8f8000000
02:09:50.360 [DEBUG] [serial] Sin header 0xAA, descartando 128 bytes: 000000f8f800000000000000000000f8
02:09:50.370 [DEBUG] [serial] RX 128 bytes: 00000000000000f8f800000000000000000000f8f800000000000000000000f8f800000000000000000000f8f800000000000000000000f8f800000000000000000000f8f800000000000000000000f8f800000000000000000000f8f800000000000000000000f8f800000000000000000000f8f800000000000000000000f8
02:09:50.370 [DEBUG] [serial] Sin header 0xAA, descartando 128 bytes: 00000000000000f8f800000000000000
02:09:50.379 [DEBUG] [serial] RX 128 bytes: f800000000000000000000f8f800000000000000000000f8f800000000000000000000f8f800000000000000000000f8f800000000000000000000f8f800000000000000000000f8f800000000000000000000f8f800000000000000000000f8f800000000000000000000f8f800000000000000000000f8f800000000000000
02:09:50.379 [DEBUG] [serial] Sin header 0xAA, descartando 128 bytes: f800000000000000000000f8f8000000
02:09:50.388 [DEBUG] [serial] RX 128 bytes: 000000f8f800000000000000000000f8f800000000000000000000f8f800000000000000000000f8f800000000000000000000f8f800000000000000000000f8f800000000000000000000f8f800000000000000000000f8f800000000000000000000f8f800000000000000000000f8f800000000000000000000f8f8000000
02:09:50.388 [DEBUG] [serial] Sin header 0xAA, descartando 128 bytes: 000000f8f800000000000000000000f8
02:09:50.398 [DEBUG] [serial] RX 128 bytes: 00000000000000f8f800000000000000000000f8f800000000000000000000f8f800000000000000000000f8f800000000000000000000f8f800000000000000000000f8f800000000000000000000f8f800000000000000000000f8f800000000000000000000f8f800000000000000000000f8f800000000000000000000f8
02:09:50.398 [DEBUG] [serial] Sin header 0xAA, descartando 128 bytes: 00000000000000f8f800000000000000
02:09:50.407 [DEBUG] [serial] RX 128 bytes: f800000000000000000000f8f800000000000000000000f8f800000000000000000000f8f800000000000000000000f8f800000000000000000000f8f800000000000000000000f8f800000000000000000000f8f800000000000000000000f8f800000000000000000000f8f800000000000000000000f8f800000000000000
02:09:50.407 [DEBUG] [serial] Sin header 0xAA, descartando 128 bytes: f800000000000000000000f8f8000000
02:09:50.416 [DEBUG] [serial] RX 128 bytes: 000000f8f800000000000000000000f8f800000000000000000000f8f800000000000000000000f8f800000000000000000000f8f800000000000000000000f8f800000000000000000000f8f800000000000000000000f8f800000000000000000000f8f800000000000000000000f8f800000000000000000000f8f8000000
02:09:50.416 [DEBUG] [serial] Sin header 0xAA, descartando 128 bytes: 000000f8f800000000000000000000f8
02:09:50.425 [DEBUG] [serial] RX 128 bytes: 00000000000000f8f800000000000000000000f8f800000000000000000000f8f800000000000000000000f8f800000000000000000000f8f800000000000000000000f8f800000000000000000000f8f800000000000000000000f8f800000000000000000000f8f800000000000000000000f8f800000000000000000000f8
02:09:50.426 [DEBUG] [serial] Sin header 0xAA, descartando 128 bytes: 00000000000000f8f800000000000000
02:09:50.435 [DEBUG] [serial] RX 128 bytes: f800000000000000000000f8f800000000000000000000f8f800000000000000000000f8f800000000000000000000f8f800000000000000000000f8f800000000000000000000f8f800000000000000000000f8f800000000000000000000f8f800000000000000000000f8f800000000000000000000f8f800000000000000
02:09:50.435 [DEBUG] [serial] Sin header 0xAA, descartando 128 bytes: f800000000000000000000f8f8000000
02:09:50.444 [DEBUG] [serial] RX 128 bytes: 000000f8f800000000000000000000f8f800000000000000000000f8f800000000000000000000f8f800000000000000000000f8f800000000000000000000f8f800000000000000000000f8f800000000000000000000f8f800000000000000000000f8f800000000000000000000f8f800000000000000000000f8f8000000
02:09:50.444 [DEBUG] [serial] Sin header 0xAA, descartando 128 bytes: 000000f8f800000000000000000000f8
02:09:50.453 [DEBUG] [serial] RX 128 bytes: 00000000000000f8f800000000000000000000f8f800000000000000000000f8f800000000000000000000f8f800000000000000000000f8f800000000000000000000f8f800000000000000000000f8f800000000000000000000f8f800000000000000000000f8f800000000000000000000f8f800000000000000000000f8
02:09:50.453 [DEBUG] [serial] Sin header 0xAA, descartando 128 bytes: 00000000000000f8f800000000000000
02:09:50.463 [DEBUG] [serial] RX 128 bytes: f800000000000000000000f8f800000000000000000000f8f800000000000000000000f8f800000000000000000000f8f800000000000000000000f8f800000000000000000000f8f800000000000000000000f8f800000000000000000000f8f800000000000000000000f8f800000000000000000000f8f800000000000000
02:09:50.463 [DEBUG] [serial] Sin header 0xAA, descartando 128 bytes: f800000000000000000000f8f8000000
02:09:50.472 [DEBUG] [serial] RX 128 bytes: 000000f8f800000000000000000000f8f800000000000000000000f8f800000000000000000000f8f800000000000000000000f8f800000000000000000000f8f800000000000000000000f8f800000000000000000000f8f800000000000000000000f8f800000000000000000000f8f800000000000000000000f8f8000000
02:09:50.472 [DEBUG] [serial] Sin header 0xAA, descartando 128 bytes: 000000f8f800000000000000000000f8
02:09:50.481 [DEBUG] [serial] RX 128 bytes: 00000000000000f8f800000000000000000000f8f800000000000000000000f8f800000000000000000000f8f800000000000000000000f8f800000000000000000000f8f800000000000000000000f8f800000000000000000000f8f800000000000000000000f8f800000000000000000000f8f800000000000000000000f8
02:09:50.482 [DEBUG] [serial] Sin header 0xAA, descartando 128 bytes: 00000000000000f8f800000000000000
02:09:50.491 [DEBUG] [serial] RX 128 bytes: f800000000000000000000f8f800000000000000000000f8f800000000000000000000f8f800000000000000000000f8f800000000000000000000f8f800000000000000000000f8f800000000000000000000f8f800000000000000000000f8f800000000000000000000f8f800000000000000000000f8f800000000000000
02:09:50.491 [DEBUG] [serial] Sin header 0xAA, descartando 128 bytes: f800000000000000000000f8f8000000
02:09:50.500 [DEBUG] [serial] RX 128 bytes: 000000f8f800000000000000000000f8f800000000000000000000f8f800000000000000000000f8f800000000000000000000f8f800000000000000000000f8f800000000000000000000f8f800000000000000000000f8f800000000000000000000f8f800000000000000000000f8f800000000000000000000f8f8000000
02:09:50.500 [DEBUG] [serial] Sin header 0xAA, descartando 128 bytes: 000000f8f800000000000000000000f8
02:09:50.509 [DEBUG] [serial] RX 128 bytes: 00000000000000f8f800000000000000000000f8f800000000000000000000f8f800000000000000000000f8f800000000000000000000f8f800000000000000000000f8f800000000000000000000f8f800000000000000000000f8f800000000000000000000f8f800000000000000000000f8f800000000000000000000f8
02:09:50.509 [DEBUG] [serial] Sin header 0xAA, descartando 128 bytes: 00000000000000f8f800000000000000
02:09:50.519 [DEBUG] [serial] RX 128 bytes: f800000000000000000000f8f800000000000000000000f8f800000000000000000000f8f800000000000000000000f8f800000000000000000000f8f800000000000000000000f8f800000000000000000000f8f800000000000000000000f8f800000000000000000000f8f800000000000000000000f8f800000000000000
02:09:50.519 [DEBUG] [serial] Sin header 0xAA, descartando 128 bytes: f800000000000000000000f8f8000000
02:09:50.528 [DEBUG] [serial] RX 128 bytes: 000000f8f800000000000000000000f8f800000000000000000000f8f800000000000000000000f8f800000000000000000000f8f800000000000000000000f8f800000000000000000000f8f800000000000000000000f8f800000000000000000000f8f800000000000000000000f8f800000000000000000000f8f8000000
02:09:50.528 [DEBUG] [serial] Sin header 0xAA, descartando 128 bytes: 000000f8f800000000000000000000f8
02:09:50.537 [DEBUG] [serial] RX 128 bytes: 00000000000000f8f800000000000000000000f8f800000000000000000000f8f800000000000000000000f8f800000000000000000000f8f800000000000000000000f8f800000000000000000000f8f800000000000000000000f8f800000000000000000000f8f800000000000000000000f8f800000000000000000000f8
02:09:50.537 [DEBUG] [serial] Sin header 0xAA, descartando 128 bytes: 00000000000000f8f800000000000000
02:09:50.547 [DEBUG] [serial] RX 128 bytes: f800000000000000000000f8f800000000000000000000f8f800000000000000000000f8f800000000000000000000f8f800000000000000000000f8f800000000000000000000f8f800000000000000000000f8f800000000000000000000f8f800000000000000000000f8f800000000000000000000f8f800000000000000
02:09:50.547 [DEBUG] [serial] Sin header 0xAA, descartando 128 bytes: f800000000000000000000f8f8000000
02:09:50.556 [DEBUG] [serial] RX 128 bytes: 000000f8f800000000000000000000f8f800000000000000000000f8f800000000000000000000f8f800000000000000000000f8f800000000000000000000f8f800000000000000000000f8f800000000000000000000f8f800000000000000000000f8f800000000000000000000f8f800000000000000000000f8f8000000
02:09:50.556 [DEBUG] [serial] Sin header 0xAA, descartando 128 bytes: 000000f8f800000000000000000000f8
02:09:50.565 [DEBUG] [serial] RX 128 bytes: 00000000000000f8f800000000000000000000f8f800000000000000000000f8f800000000000000000000f8f800000000000000000000f8f800000000000000000000f8f800000000000000000000f8f800000000000000000000f8f800000000000000000000f8f800000000000000000000f8f800000000000000000000f8
02:09:50.565 [DEBUG] [serial] Sin header 0xAA, descartando 128 bytes: 00000000000000f8f800000000000000
02:09:50.574 [DEBUG] [serial] RX 128 bytes: f800000000000000000000f8f800000000000000000000f8f800000000000000000000f8f800000000000000000000f8f800000000000000000000f8f800000000000000000000f8f800000000000000000000f8f800000000000000000000f8f800000000000000000000f8f800000000000000000000f8f800000000000000
02:09:50.575 [DEBUG] [serial] Sin header 0xAA, descartando 128 bytes: f800000000000000000000f8f8000000
02:09:50.584 [DEBUG] [serial] RX 128 bytes: 000000f8f800000000000000000000f8f800000000000000000000f8f800000000000000000000f8f800000000000000000000f8f800000000000000000000f8f800000000000000000000f8f800000000000000000000f8f800000000000000000000f8f800000000000000000000f8f800000000000000000000f8f8000000
02:09:50.584 [DEBUG] [serial] Sin header 0xAA, descartando 128 bytes: 000000f8f800000000000000000000f8
02:09:50.593 [DEBUG] [serial] RX 128 bytes: 00000000000000f8f800000000000000000000f8f800000000000000000000f8f800000000000000000000f8f800000000000000000000f8f800000000000000000000f8f800000000000000000000f8f800000000000000000000f8f800000000000000000000f8f800000000000000000000f8f800000000000000000000f8
02:09:50.593 [DEBUG] [serial] Sin header 0xAA, descartando 128 bytes: 00000000000000f8f800000000000000
02:09:50.602 [DEBUG] [serial] RX 128 bytes: f800000000000000000000f8f800000000000000000000f8f800000000000000000000f8f800000000000000000000f8f800000000000000000000f8f800000000000000000000f8f800000000000000000000f8f800000000000000000000f8f800000000000000000000f8f800000000000000000000f8f800000000000000
02:09:50.602 [DEBUG] [serial] Sin header 0xAA, descartando 128 bytes: f800000000000000000000f8f8000000
02:09:50.612 [DEBUG] [serial] RX 128 bytes: 000000f8f800000000000000000000f8f800000000000000000000f8f800000000000000000000f8f800000000000000000000f8f800000000000000000000f8f800000000000000000000f8f800000000000000000000f8f800000000000000000000f8f800000000000000000000f8f800000000000000000000f8f8000000
02:09:50.612 [DEBUG] [serial] Sin header 0xAA, descartando 128 bytes: 000000f8f800000000000000000000f8
02:09:50.621 [DEBUG] [serial] RX 128 bytes: 00000000000000f8f800000000000000000000f8f800000000000000000000f8f800000000000000000000f8f800000000000000000000f8f800000000000000000000f8f800000000000000000000f8f800000000000000000000f8f800000000000000000000f8f800000000000000000000f8f800000000000000000000f8
02:09:50.621 [DEBUG] [serial] Sin header 0xAA, descartando 128 bytes: 00000000000000f8f800000000000000
02:09:50.630 [DEBUG] [serial] RX 128 bytes: f800000000000000000000f8f800000000000000000000f8f800000000000000000000f8f800000000000000000000f8f800000000000000000000f8f800000000000000000000f8f800000000000000000000f8f800000000000000000000f8f800000000000000000000f8f800000000000000000000f8f800000000000000
02:09:50.631 [DEBUG] [serial] Sin header 0xAA, descartando 128 bytes: f800000000000000000000f8f8000000
02:09:50.640 [DEBUG] [serial] RX 128 bytes: 000000f8f800000000000000000000f8f800000000000000000000f8f800000000000000000000f8f800000000000000000000f8f800000000000000000000f8f800000000000000000000f8f800000000000000000000f8f800000000000000000000f8f800000000000000000000f8f800000000000000000000f8f8000000
02:09:50.640 [DEBUG] [serial] Sin header 0xAA, descartando 128 bytes: 000000f8f800000000000000000000f8
02:09:50.649 [DEBUG] [serial] RX 128 bytes: 00000000000000f8f800000000000000000000f8f800000000000000000000f8f800000000000000000000f8f800000000000000000000f8f800000000000000000000f8f800000000000000000000f8f800000000000000000000f8f800000000000000000000f8f800000000000000000000f8f800000000000000000000f8
02:09:50.649 [DEBUG] [serial] Sin header 0xAA, descartando 128 bytes: 00000000000000f8f800000000000000
02:09:50.658 [DEBUG] [serial] RX 128 bytes: f800000000000000000000f8f800000000000000000000f8f800000000000000000000f8f800000000000000000000f8f800000000000000000000f8f800000000000000000000f8f800000000000000000000f8f800000000000000000000f8f800000000000000000000f8f800000000000000000000f8f800000000000000
02:09:50.658 [DEBUG] [serial] Sin header 0xAA, descartando 128 bytes: f800000000000000000000f8f8000000
02:09:50.668 [DEBUG] [serial] RX 128 bytes: 000000f8f800000000000000000000f8f800000000000000000000f8f800000000000000000000f8f800000000000000000000f8f800000000000000000000f8f800000000000000000000f8f800000000000000000000f8f800000000000000000000f8f800000000000000000000f8f800000000000000000000f8f8000000
02:09:50.668 [DEBUG] [serial] Sin header 0xAA, descartando 128 bytes: 000000f8f800000000000000000000f8
02:09:50.677 [DEBUG] [serial] RX 128 bytes: 00000000000000f8f800000000000000000000f8f800000000000000000000f8f800000000000000000000f8f800000000000000000000f8f800000000000000000000f8f800000000000000000000f8f800000000000000000000f8f800000000000000000000f8f800000000000000000000f8f800000000000000000000f8
02:09:50.677 [DEBUG] [serial] Sin header 0xAA, descartando 128 bytes: 00000000000000f8f800000000000000
02:09:50.686 [DEBUG] [serial] RX 128 bytes: f800000000000000000000f8f800000000000000000000f8f800000000000000000000f8f800000000000000000000f8f800000000000000000000f8f800000000000000000000f8f800000000000000000000f8f800000000000000000000f8f800000000000000000000f8f800000000000000000000f8f800000000000000
02:09:50.686 [DEBUG] [serial] Sin header 0xAA, descartando 128 bytes: f800000000000000000000f8f8000000
02:09:50.695 [DEBUG] [serial] RX 128 bytes: 000000f8f800000000000000000000f8f800000000000000000000f8f800000000000000000000f8f800000000000000000000f8f800000000000000000000f8f800000000000000000000f8f800000000000000000000f8f800000000000000000000f8f800000000000000000000f8f800000000000000000000f8f8000000
02:09:50.696 [DEBUG] [serial] Sin header 0xAA, descartando 128 bytes: 000000f8f800000000000000000000f8
02:09:50.705 [DEBUG] [serial] RX 128 bytes: 00000000000000f8f800000000000000000000f8f800000000000000000000f8f800000000000000000000f8f800000000000000000000f8f800000000000000000000f8f800000000000000000000f8f800000000000000000000f8f800000000000000000000f8f800000000000000000000f8f800000000000000000000f8
02:09:50.705 [DEBUG] [serial] Sin header 0xAA, descartando 128 bytes: 00000000000000f8f800000000000000
02:09:50.714 [DEBUG] [serial] RX 128 bytes: f800000000000000000000f8f800000000000000000000f8f800000000000000000000f8f800000000000000000000f8f800000000000000000000f8f800000000000000000000f8f800000000000000000000f8f800000000000000000000f8f800000000000000000000f8f800000000000000000000f8f800000000000000
02:09:50.714 [DEBUG] [serial] Sin header 0xAA, descartando 128 bytes: f800000000000000000000f8f8000000
02:09:50.723 [DEBUG] [serial] RX 128 bytes: 000000f8f800000000000000000000f8f800000000000000000000f8f800000000000000000000f8f800000000000000000000f8f800000000000000000000f8f800000000000000000000f8f800000000000000000000f8f800000000000000000000f8f800000000000000000000f8f800000000000000000000f8f8000000
02:09:50.724 [DEBUG] [serial] Sin header 0xAA, descartando 128 bytes: 000000f8f800000000000000000000f8
02:09:50.733 [DEBUG] [serial] RX 128 bytes: 00000000000000f8f800000000000000000000f8f800000000000000000000f8f800000000000000000000f8f800000000000000000000f8f800000000000000000000f8f800000000000000000000f8f800000000000000000000f8f800000000000000000000f8f800000000000000000000f8f800000000000000000000f8
02:09:50.733 [DEBUG] [serial] Sin header 0xAA, descartando 128 bytes: 00000000000000f8f800000000000000
02:09:50.742 [DEBUG] [serial] RX 128 bytes: f800000000000000000000f8f800000000000000000000f8f800000000000000000000f8f800000000000000000000f8f800000000000000000000f8f800000000000000000000f8f800000000000000000000f8f800000000000000000000f8f800000000000000000000f8f800000000000000000000f8f800000000000000
02:09:50.742 [DEBUG] [serial] Sin header 0xAA, descartando 128 bytes: f800000000000000000000f8f8000000
02:09:50.751 [DEBUG] [serial] RX 128 bytes: 000000f8f800000000000000000000f8f800000000000000000000f8f800000000000000000000f8f800000000000000000000f8f800000000000000000000f8f800000000000000000000f8f800000000000000000000f8f800000000000000000000f8f800000000000000000000f8f800000000000000000000f8f8000000
02:09:50.752 [DEBUG] [serial] Sin header 0xAA, descartando 128 bytes: 000000f8f800000000000000000000f8
02:09:50.761 [DEBUG] [serial] RX 128 bytes: 00000000000000f8f800000000000000000000f8f800000000000000000000f8f800000000000000000000f8f800000000000000000000f8f800000000000000000000f8f800000000000000000000f8f800000000000000000000f8f800000000000000000000f8f800000000000000000000f8f800000000000000000000f8
02:09:50.761 [DEBUG] [serial] Sin header 0xAA, descartando 128 bytes: 00000000000000f8f800000000000000
02:09:50.770 [DEBUG] [serial] RX 128 bytes: f800000000000000000000f8f800000000000000000000f8f800000000000000000000f8f800000000000000000000f8f800000000000000000000f8f800000000000000000000f8f800000000000000000000f8f800000000000000000000f8f800000000000000000000f8f800000000000000000000f8f800000000000000
02:09:50.770 [DEBUG] [serial] Sin header 0xAA, descartando 128 bytes: f800000000000000000000f8f8000000
02:09:50.779 [DEBUG] [serial] RX 128 bytes: 000000f8f800000000000000000000f8f800000000000000000000f8f800000000000000000000f8f800000000000000000000f8f800000000000000000000f8f800000000000000000000f8f800000000000000000000f8f800000000000000000000f8f800000000000000000000f8f800000000000000000000f8f8000000
02:09:50.779 [DEBUG] [serial] Sin header 0xAA, descartando 128 bytes: 000000f8f800000000000000000000f8
02:09:50.788 [DEBUG] [serial] RX 128 bytes: 00000000000000f8f800000000000000000000f8f800000000000000000000f8f800000000000000000000f8f800000000000000000000f8f800000000000000000000f8f800000000000000000000f8f800000000000000000000f8f800000000000000000000f8f800000000000000000000f8f800000000000000000000f8
02:09:50.789 [DEBUG] [serial] Sin header 0xAA, descartando 128 bytes: 00000000000000f8f800000000000000
02:09:50.798 [DEBUG] [serial] RX 128 bytes: f800000000000000000000f8f800000000000000000000f8f800000000000000000000f8f800000000000000000000f8f800000000000000000000f8f800000000000000000000f8f800000000000000000000f8f800000000000000000000f8f800000000000000000000f8f800000000000000000000f8f800000000000000
02:09:50.798 [DEBUG] [serial] Sin header 0xAA, descartando 128 bytes: f800000000000000000000f8f8000000
02:09:50.807 [DEBUG] [serial] RX 128 bytes: 000000f8f800000000000000000000f8f800000000000000000000f8f800000000000000000000f8f800000000000000000000f8f800000000000000000000f8f800000000000000000000f8f800000000000000000000f8f800000000000000000000f8f800000000000000000000f8f800000000000000000000f8f8000000
02:09:50.807 [DEBUG] [serial] Sin header 0xAA, descartando 128 bytes: 000000f8f800000000000000000000f8
02:09:50.816 [DEBUG] [serial] RX 128 bytes: 00000000000000f8f800000000000000000000f8f800000000000000000000f8f800000000000000000000f8f800000000000000000000f8f800000000000000000000f8f800000000000000000000f8f800000000000000000000f8f800000000000000000000f8f800000000000000000000f8f800000000000000000000f8
02:09:50.817 [DEBUG] [serial] Sin header 0xAA, descartando 128 bytes: 00000000000000f8f800000000000000
02:09:50.826 [DEBUG] [serial] RX 128 bytes: f800000000000000000000f8f800000000000000000000f8f800000000000000000000f8f800000000000000000000f8f800000000000000000000f8f800000000000000000000f8f800000000000000000000f8f800000000000000000000f8f800000000000000000000f8f800000000000000000000f8f800000000000000
02:09:50.826 [DEBUG] [serial] Sin header 0xAA, descartando 128 bytes: f800000000000000000000f8f8000000
02:09:50.835 [DEBUG] [serial] RX 128 bytes: 000000f8f800000000000000000000f8f800000000000000000000f8f800000000000000000000f8f800000000000000000000f8f800000000000000000000f8f800000000000000000000f8f800000000000000000000f8f800000000000000000000f8f800000000000000000000f8f800000000000000000000f8f8000000
02:09:50.835 [DEBUG] [serial] Sin header 0xAA, descartando 128 bytes: 000000f8f800000000000000000000f8
02:09:50.844 [DEBUG] [serial] RX 128 bytes: 00000000000000f8f800000000000000000000f8f800000000000000000000f8f800000000000000000000f8f800000000000000000000f8f800000000000000000000f8f800000000000000000000f8f800000000000000000000f8f800000000000000000000f8f800000000000000000000f8f800000000000000000000f8
02:09:50.845 [DEBUG] [serial] Sin header 0xAA, descartando 128 bytes: 00000000000000f8f800000000000000
02:09:50.854 [DEBUG] [serial] RX 128 bytes: f800000000000000000000f8f800000000000000000000f8f800000000000000000000f8f800000000000000000000f8f800000000000000000000f8f800000000000000000000f8f800000000000000000000f8f800000000000000000000f8f800000000000000000000f8f800000000000000000000f8f800000000000000
02:09:50.854 [DEBUG] [serial] Sin header 0xAA, descartando 128 bytes: f800000000000000000000f8f8000000
02:09:50.856 [INFO] [GUI] Freq cambiada a 150.0 Hz (freq_dh=1500)
02:09:50.856 [INFO] [serial] Encolando TX CMD_FREQ freq=150.0Hz dh=1500: bb0305dc
02:09:50.863 [INFO] [serial] TX CMD_FREQ freq=150.0Hz dh=1500: bb0305dc
02:09:50.863 [DEBUG] [serial] TX OK: 4 bytes escritos
02:09:50.863 [DEBUG] [serial] RX 128 bytes: 000000f8f800000000000000000000f8f800000000000000000000f8f800000000000000000000f8f800000000000000000000f8f800000000000000000000f8f800000000000000000000f8f800000000000000000000f8f800000000000000000000f8f800000000000000000000f8f800000000000000000000f8f8000000
02:09:50.863 [DEBUG] [serial] Sin header 0xAA, descartando 128 bytes: 000000f8f800000000000000000000f8
02:09:50.872 [DEBUG] [serial] RX 128 bytes: 00000000000000f8f800000000000000000000f8f800000000000000000000f8f800000000000000000000f8f800000000000000000000f8f800000000000000000000f8f800000000000000000000f8f800000000000000000000f8f800000000000000000000f8f800000000000000000000f8f800000000000000000000f8
02:09:50.873 [DEBUG] [serial] Sin header 0xAA, descartando 128 bytes: 00000000000000f8f800000000000000
02:09:50.882 [DEBUG] [serial] RX 128 bytes: f800000000000000000000f8f800000000000000000000f8f800000000000000000000f8f800000000000000000000f8f800000000000000000000f8f800000000000000000000f8f800000000000000000000f8f800000000000000000000f8f800000000000000000000f8f800000000000000000000f8f800000000000000
02:09:50.882 [DEBUG] [serial] Sin header 0xAA, descartando 128 bytes: f800000000000000000000f8f8000000
02:09:50.891 [DEBUG] [serial] RX 128 bytes: 000000f8f800000000000000000000f8f800000000000000000000f8f800000000000000000000f8f800000000000000000000f8f800000000000000000000f8f800000000000000000000f8f800000000000000000000f8f800000000000000000000f8f800000000000000000000f8f800000000000000000000f8f8000000
02:09:50.891 [DEBUG] [serial] Sin header 0xAA, descartando 128 bytes: 000000f8f800000000000000000000f8
02:09:50.900 [DEBUG] [serial] RX 128 bytes: 00000000000000f8f800000000000000000000f8f800000000000000000000f8f800000000000000000000f8f800000000000000000000f8f800000000000000000000f8f800000000000000000000f8f800000000000000000000f8f800000000000000000000f8f800000000000000000000f8f800000000000000000000f8
02:09:50.900 [DEBUG] [serial] Sin header 0xAA, descartando 128 bytes: 00000000000000f8f800000000000000
02:09:50.910 [DEBUG] [serial] RX 128 bytes: f800000000000000000000f8f800000000000000000000f8f800000000000000000000f8f800000000000000000000f8f800000000000000000000f8f800000000000000000000f8f800000000000000000000f8f800000000000000000000f8f800000000000000000000f8f800000000000000000000f8f800000000000000
02:09:50.910 [DEBUG] [serial] Sin header 0xAA, descartando 128 bytes: f800000000000000000000f8f8000000
02:09:50.919 [DEBUG] [serial] RX 128 bytes: 000000f8f800000000000000000000f8f800000000000000000000f8f800000000000000000000f8f800000000000000000000f8f800000000000000000000f8f800000000000000000000f8f800000000000000000000f8f800000000000000000000f8f800000000000000000000f8f800000000000000000000f8f8000000
02:09:50.919 [DEBUG] [serial] Sin header 0xAA, descartando 128 bytes: 000000f8f800000000000000000000f8
02:09:50.928 [DEBUG] [serial] RX 128 bytes: 00000000000000f8f800000000000000000000f8f800000000000000000000f8f800000000000000000000f8f800000000000000000000f8f800000000000000000000f8f800000000000000000000f8f800000000000000000000f8f800000000000000000000f8f800000000000000000000f8f800000000000000000000f8
02:09:50.929 [DEBUG] [serial] Sin header 0xAA, descartando 128 bytes: 00000000000000f8f800000000000000
02:09:50.937 [DEBUG] [serial] RX 128 bytes: f800000000000000000000f8f800000000000000000000f8f800000000000000000000f8f800000000000000000000f8f800000000000000000000f8f800000000000000000000f8f800000000000000000000f8f800000000000000000000f8f800000000000000000000f8f800000000000000000000f8f800000000000000
02:09:50.938 [DEBUG] [serial] Sin header 0xAA, descartando 128 bytes: f800000000000000000000f8f8000000
02:09:50.947 [DEBUG] [serial] RX 128 bytes: 000000f8f800000000000000000000f8f800000000000000000000f8f800000000000000000000f8f800000000000000000000f8f800000000000000000000f8f800000000000000000000f8f800000000000000000000f8f800000000000000000000f8f800000000000000000000f8f800000000000000000000f8f8000000
02:09:50.947 [DEBUG] [serial] Sin header 0xAA, descartando 128 bytes: 000000f8f800000000000000000000f8
02:09:50.950 [INFO] [GUI] Click START
02:09:50.951 [INFO] [serial] Encolando TX CMD_START: bb04
02:09:50.956 [INFO] [serial] TX CMD_START: bb04
02:09:50.956 [DEBUG] [serial] TX OK: 2 bytes escritos
02:09:50.957 [DEBUG] [serial] RX 128 bytes: 00000000000000f8f800000000000000000000f8f800000000000000000000f8f800000000000000000000f8f800000000000000000000f8f800000000000000000000f8f800000000000000000000f8f800000000000000000000f8f800000000000000000000f8f800000000000000000000f8f800000000000000000000f8
02:09:50.957 [DEBUG] [serial] Sin header 0xAA, descartando 128 bytes: 00000000000000f8f800000000000000
02:09:50.965 [DEBUG] [serial] RX 128 bytes: f800000000000000000000f8f800000000000000000000f8f800000000000000000000f8f800000000000000000000f8f800000000000000000000f8f800000000000000000000f8f800000000000000000000f8f800000000000000000000f8f800000000000000000000f8f800000000000000000000f8f800000000000000
02:09:50.966 [DEBUG] [serial] Sin header 0xAA, descartando 128 bytes: f800000000000000000000f8f8000000
02:09:50.975 [DEBUG] [serial] RX 128 bytes: 000000f8f800000000000000000000f8f800000000000000000000f8f800000000000000000000f8f800000000000000000000f8f800000000000000000000f8f800000000000000000000f8f800000000000000000000f8f800000000000000000000f8f800000000000000000000f8f800000000000000000000f8f8000000
02:09:50.975 [DEBUG] [serial] Sin header 0xAA, descartando 128 bytes: 000000f8f800000000000000000000f8
02:09:50.984 [DEBUG] [serial] RX 128 bytes: 00000000000000f8f800000000000000000000f8f800000000000000000000f8f800000000000000000000f8f800000000000000000000f8f800000000000000000000f8f800000000000000000000f8f800000000000000000000f8f800000000000000000000f8f800000000000000000000f8f800000000000000000000f8
02:09:50.984 [DEBUG] [serial] Sin header 0xAA, descartando 128 bytes: 00000000000000f8f800000000000000
02:09:50.993 [DEBUG] [serial] RX 128 bytes: f800000000000000000000f8f800000000000000000000f8f800000000000000000000f8f800000000000000000000f8f800000000000000000000f8f800000000000000000000f8f800000000000000000000f8f800000000000000000000f8f800000000000000000000f8f800000000000000000000f8f800000000000000
02:09:50.994 [DEBUG] [serial] Sin header 0xAA, descartando 128 bytes: f800000000000000000000f8f8000000
02:09:51.003 [DEBUG] [serial] RX 128 bytes: 000000f8f800000000000000000000f8f800000000000000000000f8f800000000000000000000f8f800000000000000000000f8f800000000000000000000f8f800000000000000000000f8f800000000000000000000f8f800000000000000000000f8f800000000000000000000f8f800000000000000000000f8f8000000
02:09:51.003 [DEBUG] [serial] Sin header 0xAA, descartando 128 bytes: 000000f8f800000000000000000000f8
02:09:51.012 [DEBUG] [serial] RX 128 bytes: 00000000000000f8f800000000000000000000f8f800000000000000000000f8f800000000000000000000f8f800000000000000000000f8f800000000000000000000f8f800000000000000000000f8f800000000000000000000f8f800000000000000000000f8f800000000000000000000f8f800000000000000000000f8
02:09:51.012 [DEBUG] [serial] Sin header 0xAA, descartando 128 bytes: 00000000000000f8f800000000000000
02:09:51.021 [DEBUG] [serial] RX 128 bytes: f800000000000000000000f8f800000000000000000000f8f800000000000000000000f8f800000000000000000000f8f800000000000000000000f8f800000000000000000000f8f800000000000000000000f8f800000000000000000000f8f800000000000000000000f8f800000000000000000000f8f800000000000000
02:09:51.021 [DEBUG] [serial] Sin header 0xAA, descartando 128 bytes: f800000000000000000000f8f8000000
02:09:51.031 [DEBUG] [serial] RX 128 bytes: 000000f8f800000000000000000000f8f800000000000000000000f8f800000000000000000000f8f800000000000000000000f8f800000000000000000000f8f800000000000000000000f8f800000000000000000000f8f800000000000000000000f8f800000000000000000000f8f800000000000000000000f8f8000000
02:09:51.031 [DEBUG] [serial] Sin header 0xAA, descartando 128 bytes: 000000f8f800000000000000000000f8
02:09:51.040 [DEBUG] [serial] RX 128 bytes: 00000000000000f8f800000000000000000000f8f800000000000000000000f8f800000000000000000000f8f800000000000000000000f8f800000000000000000000f8f800000000000000000000f8f800000000000000000000f8f800000000000000000000f8f800000000000000000000f8f800000000000000000000f8
02:09:51.040 [DEBUG] [serial] Sin header 0xAA, descartando 128 bytes: 00000000000000f8f800000000000000
02:09:51.049 [DEBUG] [serial] RX 128 bytes: f800000000000000000000f8f800000000000000000000f8f800000000000000000000f8f800000000000000000000f8f800000000000000000000f8f800000000000000000000f8f800000000000000000000f8f800000000000000000000f8f800000000000000000000f8f800000000000000000000f8f800000000000000
02:09:51.050 [DEBUG] [serial] Sin header 0xAA, descartando 128 bytes: f800000000000000000000f8f8000000
02:09:51.058 [DEBUG] [serial] RX 128 bytes: 000000f8f800000000000000000000f8f800000000000000000000f8f800000000000000000000f8f800000000000000000000f8f800000000000000000000f8f800000000000000000000f8f800000000000000000000f8f800000000000000000000f8f800000000000000000000f8f800000000000000000000f8f8000000
02:09:51.059 [DEBUG] [serial] Sin header 0xAA, descartando 128 bytes: 000000f8f800000000000000000000f8
02:09:51.068 [DEBUG] [serial] RX 128 bytes: 00000000000000f8f800000000000000000000f8f800000000000000000000f8f800000000000000000000f8f800000000000000000000f8f800000000000000000000f8f800000000000000000000f8f800000000000000000000f8f800000000000000000000f8f800000000000000000000f8f800000000000000000000f8
02:09:51.068 [DEBUG] [serial] Sin header 0xAA, descartando 128 bytes: 00000000000000f8f800000000000000
02:09:51.077 [DEBUG] [serial] RX 128 bytes: f800000000000000000000f8f800000000000000000000f8f800000000000000000000f8f800000000000000000000f8f800000000000000000000f8f800000000000000000000f8f800000000000000000000f8f800000000000000000000f8f800000000000000000000f8f800000000000000000000f8f800000000000000
02:09:51.077 [DEBUG] [serial] Sin header 0xAA, descartando 128 bytes: f800000000000000000000f8f8000000
02:09:51.086 [DEBUG] [serial] RX 128 bytes: 000000f8f800000000000000000000f8f800000000000000000000f8f800000000000000000000f8f800000000000000000000f8f800000000000000000000f8f800000000000000000000f8f800000000000000000000f8f800000000000000000000f8f800000000000000000000f8f800000000000000000000f8f8000000
02:09:51.087 [DEBUG] [serial] Sin header 0xAA, descartando 128 bytes: 000000f8f800000000000000000000f8
02:09:51.096 [DEBUG] [serial] RX 128 bytes: 00000000000000f8f800000000000000000000f8f800000000000000000000f8f800000000000000000000f8f800000000000000000000f8f800000000000000000000f8f800000000000000000000f8f800000000000000000000f8f800000000000000000000f8f800000000000000000000f8f800000000000000000000f8
02:09:51.096 [DEBUG] [serial] Sin header 0xAA, descartando 128 bytes: 00000000000000f8f800000000000000
02:09:51.105 [DEBUG] [serial] RX 128 bytes: f800000000000000000000f8f800000000000000000000f8f800000000000000000000f8f800000000000000000000f8f800000000000000000000f8f800000000000000000000f8f800000000000000000000f8f800000000000000000000f8f800000000000000000000f8f800000000000000000000f8f800000000000000
02:09:51.105 [DEBUG] [serial] Sin header 0xAA, descartando 128 bytes: f800000000000000000000f8f8000000
02:09:51.114 [DEBUG] [serial] RX 128 bytes: 000000f8f800000000000000000000f8f800000000000000000000f8f800000000000000000000f8f800000000000000000000f8f800000000000000000000f8f800000000000000000000f8f800000000000000000000f8f800000000000000000000f8f800000000000000000000f8f800000000000000000000f8f8000000
02:09:51.115 [DEBUG] [serial] Sin header 0xAA, descartando 128 bytes: 000000f8f800000000000000000000f8
02:09:51.124 [DEBUG] [serial] RX 128 bytes: 00000000000000f8f800000000000000000000f8f800000000000000000000f8f800000000000000000000f8f800000000000000000000f8f800000000000000000000f8f800000000000000000000f8f800000000000000000000f8f800000000000000000000f8f800000000000000000000f8f800000000000000000000f8
02:09:51.124 [DEBUG] [serial] Sin header 0xAA, descartando 128 bytes: 00000000000000f8f800000000000000
02:09:51.133 [DEBUG] [serial] RX 128 bytes: f800000000000000000000f8f800000000000000000000f8f800000000000000000000f8f800000000000000000000f8f800000000000000000000f8f800000000000000000000f8f800000000000000000000f8f800000000000000000000f8f800000000000000000000f8f800000000000000000000f8f800000000000000
02:09:51.133 [DEBUG] [serial] Sin header 0xAA, descartando 128 bytes: f800000000000000000000f8f8000000
02:09:51.142 [DEBUG] [serial] RX 128 bytes: 000000f8f800000000000000000000f8f800000000000000000000f8f800000000000000000000f8f800000000000000000000f8f800000000000000000000f8f800000000000000000000f8f800000000000000000000f8f800000000000000000000f8f800000000000000000000f8f800000000000000000000f8f8000000
02:09:51.142 [DEBUG] [serial] Sin header 0xAA, descartando 128 bytes: 000000f8f800000000000000000000f8
02:09:51.152 [DEBUG] [serial] RX 128 bytes: 00000000000000f8f800000000000000000000f8f800000000000000000000f8f800000000000000000000f8f800000000000000000000f8f800000000000000000000f8f800000000000000000000f8f800000000000000000000f8f800000000000000000000f8f800000000000000000000f8f800000000000000000000f8
02:09:51.152 [DEBUG] [serial] Sin header 0xAA, descartando 128 bytes: 00000000000000f8f800000000000000
02:09:51.161 [DEBUG] [serial] RX 128 bytes: f800000000000000000000f8f800000000000000000000f8f800000000000000000000f8f800000000000000000000f8f800000000000000000000f8f800000000000000000000f8f800000000000000000000f8f800000000000000000000f8f800000000000000000000f8f800000000000000000000f8f800000000000000
02:09:51.161 [DEBUG] [serial] Sin header 0xAA, descartando 128 bytes: f800000000000000000000f8f8000000
02:09:51.170 [DEBUG] [serial] RX 128 bytes: 000000f8f800000000000000000000f8f800000000000000000000f8f800000000000000000000f8f800000000000000000000f8f800000000000000000000f8f800000000000000000000f8f800000000000000000000f8f800000000000000000000f8f800000000000000000000f8f800000000000000000000f8f8000000
02:09:51.170 [DEBUG] [serial] Sin header 0xAA, descartando 128 bytes: 000000f8f800000000000000000000f8
02:09:51.180 [DEBUG] [serial] RX 128 bytes: 00000000000000f8f800000000000000000000f8f800000000000000000000f8f800000000000000000000f8f800000000000000000000f8f800000000000000000000f8f800000000000000000000f8f800000000000000000000f8f800000000000000000000f8f800000000000000000000f8f800000000000000000000f8
02:09:51.180 [DEBUG] [serial] Sin header 0xAA, descartando 128 bytes: 00000000000000f8f800000000000000
02:09:51.189 [DEBUG] [serial] RX 128 bytes: f800000000000000000000f8f800000000000000000000f8f800000000000000000000f8f800000000000000000000f8f800000000000000000000f8f800000000000000000000f8f800000000000000000000f8f800000000000000000000f8f800000000000000000000f8f800000000000000000000f8f800000000000000
02:09:51.189 [DEBUG] [serial] Sin header 0xAA, descartando 128 bytes: f800000000000000000000f8f8000000
02:09:51.198 [DEBUG] [serial] RX 128 bytes: 000000f8f800000000000000000000f8f800000000000000000000f8f800000000000000000000f8f800000000000000000000f8f800000000000000000000f8f800000000000000000000f8f800000000000000000000f8f800000000000000000000f8f800000000000000000000f8f800000000000000000000f8f8000000
02:09:51.199 [DEBUG] [serial] Sin header 0xAA, descartando 128 bytes: 000000f8f800000000000000000000f8
02:09:51.207 [DEBUG] [serial] RX 128 bytes: 00000000000000f8f800000000000000000000f8f800000000000000000000f8f800000000000000000000f8f800000000000000000000f8f800000000000000000000f8f800000000000000000000f8f800000000000000000000f8f800000000000000000000f8f800000000000000000000f8f800000000000000000000f8
02:09:51.208 [DEBUG] [serial] Sin header 0xAA, descartando 128 bytes: 00000000000000f8f800000000000000
02:09:51.217 [DEBUG] [serial] RX 128 bytes: f800000000000000000000f8f800000000000000000000f8f800000000000000000000f8f800000000000000000000f8f800000000000000000000f8f800000000000000000000f8f800000000000000000000f8f800000000000000000000f8f800000000000000000000f8f800000000000000000000f8f800000000000000
02:09:51.217 [DEBUG] [serial] Sin header 0xAA, descartando 128 bytes: f800000000000000000000f8f8000000
02:09:51.226 [DEBUG] [serial] RX 128 bytes: 000000f8f800000000000000000000f8f800000000000000000000f8f800000000000000000000f8f800000000000000000000f8f800000000000000000000f8f800000000000000000000f8f800000000000000000000f8f800000000000000000000f8f800000000000000000000f8f800000000000000000000f8f8000000
02:09:51.226 [DEBUG] [serial] Sin header 0xAA, descartando 128 bytes: 000000f8f800000000000000000000f8
02:09:51.235 [DEBUG] [serial] RX 128 bytes: 00000000000000f8f800000000000000000000f8f800000000000000000000f8f800000000000000000000f8f800000000000000000000f8f800000000000000000000f8f800000000000000000000f8f800000000000000000000f8f800000000000000000000f8f800000000000000000000f8f800000000000000000000f8
02:09:51.236 [DEBUG] [serial] Sin header 0xAA, descartando 128 bytes: 00000000000000f8f800000000000000
02:09:51.245 [DEBUG] [serial] RX 128 bytes: f800000000000000000000f8f800000000000000000000f8f800000000000000000000f8f800000000000000000000f8f800000000000000000000f8f800000000000000000000f8f800000000000000000000f8f800000000000000000000f8f800000000000000000000f8f800000000000000000000f8f800000000000000
02:09:51.245 [DEBUG] [serial] Sin header 0xAA, descartando 128 bytes: f800000000000000000000f8f8000000
02:09:51.254 [DEBUG] [serial] RX 128 bytes: 000000f8f800000000000000000000f8f800000000000000000000f8f800000000000000000000f8f800000000000000000000f8f800000000000000000000f8f800000000000000000000f8f800000000000000000000f8f800000000000000000000f8f800000000000000000000f8f800000000000000000000f8f8000000
02:09:51.254 [DEBUG] [serial] Sin header 0xAA, descartando 128 bytes: 000000f8f800000000000000000000f8
02:09:51.263 [DEBUG] [serial] RX 128 bytes: 00000000000000f8f800000000000000000000f8f800000000000000000000f8f800000000000000000000f8f800000000000000000000f8f800000000000000000000f8f800000000000000000000f8f800000000000000000000f8f800000000000000000000f8f800000000000000000000f8f800000000000000000000f8
02:09:51.264 [DEBUG] [serial] Sin header 0xAA, descartando 128 bytes: 00000000000000f8f800000000000000
02:09:51.273 [DEBUG] [serial] RX 128 bytes: f800000000000000000000f8f800000000000000000000f8f800000000000000000000f8f800000000000000000000f8f800000000000000000000f8f800000000000000000000f8f800000000000000000000f8f800000000000000000000f8f800000000000000000000f8f800000000000000000000f8f800000000000000
02:09:51.273 [DEBUG] [serial] Sin header 0xAA, descartando 128 bytes: f800000000000000000000f8f8000000
02:09:51.282 [DEBUG] [serial] RX 128 bytes: 000000f8f800000000000000000000f8f800000000000000000000f8f800000000000000000000f8f800000000000000000000f8f800000000000000000000f8f800000000000000000000f8f800000000000000000000f8f800000000000000000000f8f800000000000000000000f8f800000000000000000000f8f8000000
02:09:51.282 [DEBUG] [serial] Sin header 0xAA, descartando 128 bytes: 000000f8f800000000000000000000f8
02:09:51.291 [DEBUG] [serial] RX 128 bytes: 00000000000000f8f800000000000000000000f8f800000000000000000000f8f800000000000000000000f8f800000000000000000000f8f800000000000000000000f8f800000000000000000000f8f800000000000000000000f8f800000000000000000000f8f800000000000000000000f8f800000000000000000000f8
02:09:51.292 [DEBUG] [serial] Sin header 0xAA, descartando 128 bytes: 00000000000000f8f800000000000000
02:09:51.301 [DEBUG] [serial] RX 128 bytes: f800000000000000000000f8f800000000000000000000f8f800000000000000000000f8f800000000000000000000f8f800000000000000000000f8f800000000000000000000f8f800000000000000000000f8f800000000000000000000f8f800000000000000000000f8f800000000000000000000f8f800000000000000
02:09:51.301 [DEBUG] [serial] Sin header 0xAA, descartando 128 bytes: f800000000000000000000f8f8000000
02:09:51.310 [DEBUG] [serial] RX 128 bytes: 000000f8f800000000000000000000f8f800000000000000000000f8f800000000000000000000f8f800000000000000000000f8f800000000000000000000f8f800000000000000000000f8f800000000000000000000f8f800000000000000000000f8f800000000000000000000f8f800000000000000000000f8f8000000
02:09:51.310 [DEBUG] [serial] Sin header 0xAA, descartando 128 bytes: 000000f8f800000000000000000000f8
02:09:51.319 [DEBUG] [serial] RX 128 bytes: 00000000000000f8f800000000000000000000f8f800000000000000000000f8f800000000000000000000f8f800000000000000000000f8f800000000000000000000f8f800000000000000000000f8f800000000000000000000f8f800000000000000000000f8f800000000000000000000f8f800000000000000000000f8
02:09:51.319 [DEBUG] [serial] Sin header 0xAA, descartando 128 bytes: 00000000000000f8f800000000000000
02:09:51.329 [DEBUG] [serial] RX 128 bytes: f800000000000000000000f8f800000000000000000000f8f800000000000000000000f8f800000000000000000000f8f800000000000000000000f8f800000000000000000000f8f800000000000000000000f8f800000000000000000000f8f800000000000000000000f8f800000000000000000000f8f800000000000000
02:09:51.329 [DEBUG] [serial] Sin header 0xAA, descartando 128 bytes: f800000000000000000000f8f8000000
02:09:51.338 [DEBUG] [serial] RX 128 bytes: 000000f8f800000000000000000000f8f800000000000000000000f8f800000000000000000000f8f800000000000000000000f8f800000000000000000000f8f800000000000000000000f8f800000000000000000000f8f800000000000000000000f8f800000000000000000000f8f800000000000000000000f8f8000000
02:09:51.338 [DEBUG] [serial] Sin header 0xAA, descartando 128 bytes: 000000f8f800000000000000000000f8
02:09:51.347 [DEBUG] [serial] RX 128 bytes: 00000000000000f8f800000000000000000000f8f800000000000000000000f8f800000000000000000000f8f800000000000000000000f8f800000000000000000000f8f800000000000000000000f8f800000000000000000000f8f800000000000000000000f8f800000000000000000000f8f800000000000000000000f8
02:09:51.347 [DEBUG] [serial] Sin header 0xAA, descartando 128 bytes: 00000000000000f8f800000000000000
02:09:51.356 [DEBUG] [serial] RX 128 bytes: f800000000000000000000f8f800000000000000000000f8f800000000000000000000f8f800000000000000000000f8f800000000000000000000f8f800000000000000000000f8f800000000000000000000f8f800000000000000000000f8f800000000000000000000f8f800000000000000000000f8f800000000000000
02:09:51.357 [DEBUG] [serial] Sin header 0xAA, descartando 128 bytes: f800000000000000000000f8f8000000
02:09:51.366 [DEBUG] [serial] RX 128 bytes: 000000f8f800000000000000000000f8f800000000000000000000f8f800000000000000000000f8f800000000000000000000f8f800000000000000000000f8f800000000000000000000f8f800000000000000000000f8f800000000000000000000f8f800000000000000000000f8f800000000000000000000f8f8000000
02:09:51.366 [DEBUG] [serial] Sin header 0xAA, descartando 128 bytes: 000000f8f800000000000000000000f8
02:09:51.375 [DEBUG] [serial] RX 128 bytes: 00000000000000f8f800000000000000000000f8f800000000000000000000f8f800000000000000000000f8f800000000000000000000f8f800000000000000000000f8f800000000000000000000f8f800000000000000000000f8f800000000000000000000f8f800000000000000000000f8f800000000000000000000f8
02:09:51.376 [DEBUG] [serial] Sin header 0xAA, descartando 128 bytes: 00000000000000f8f800000000000000
02:09:51.384 [DEBUG] [serial] RX 128 bytes: f800000000000000000000f8f800000000000000000000f8f800000000000000000000f8f800000000000000000000f8f800000000000000000000f8f800000000000000000000f8f800000000000000000000f8f800000000000000000000f8f800000000000000000000f8f800000000000000000000f8f800000000000000
02:09:51.385 [DEBUG] [serial] Sin header 0xAA, descartando 128 bytes: f800000000000000000000f8f8000000
02:09:51.394 [DEBUG] [serial] RX 128 bytes: 000000f8f800000000000000000000f8f800000000000000000000f8f800000000000000000000f8f800000000000000000000f8f800000000000000000000f8f800000000000000000000f8f800000000000000000000f8f800000000000000000000f8f800000000000000000000f8f800000000000000000000f8f8000000
02:09:51.394 [DEBUG] [serial] Sin header 0xAA, descartando 128 bytes: 000000f8f800000000000000000000f8
02:09:51.403 [DEBUG] [serial] RX 128 bytes: 00000000000000f8f800000000000000000000f8f800000000000000000000f8f800000000000000000000f8f800000000000000000000f8f800000000000000000000f8f800000000000000000000f8f800000000000000000000f8f800000000000000000000f8f800000000000000000000f8f800000000000000000000f8
02:09:51.403 [DEBUG] [serial] Sin header 0xAA, descartando 128 bytes: 00000000000000f8f800000000000000
02:09:51.412 [DEBUG] [serial] RX 128 bytes: f800000000000000000000f8f800000000000000000000f8f800000000000000000000f8f800000000000000000000f8f800000000000000000000f8f800000000000000000000f8f800000000000000000000f8f800000000000000000000f8f800000000000000000000f8f800000000000000000000f8f800000000000000
02:09:51.413 [DEBUG] [serial] Sin header 0xAA, descartando 128 bytes: f800000000000000000000f8f8000000
02:09:51.422 [DEBUG] [serial] RX 128 bytes: 000000f8f800000000000000000000f8f800000000000000000000f8f800000000000000000000f8f800000000000000000000f8f800000000000000000000f8f800000000000000000000f8f800000000000000000000f8f800000000000000000000f8f800000000000000000000f8f800000000000000000000f8f8000000
02:09:51.422 [DEBUG] [serial] Sin header 0xAA, descartando 128 bytes: 000000f8f800000000000000000000f8
02:09:51.431 [DEBUG] [serial] RX 128 bytes: 00000000000000f8f800000000000000000000f8f800000000000000000000f8f800000000000000000000f8f800000000000000000000f8f800000000000000000000f8f800000000000000000000f8f800000000000000000000f8f800000000000000000000f8f800000000000000000000f8f800000000000000000000f8
02:09:51.431 [DEBUG] [serial] Sin header 0xAA, descartando 128 bytes: 00000000000000f8f800000000000000
02:09:51.440 [DEBUG] [serial] RX 128 bytes: f800000000000000000000f8f800000000000000000000f8f800000000000000000000f8f800000000000000000000f8f800000000000000000000f8f800000000000000000000f8f800000000000000000000f8f800000000000000000000f8f800000000000000000000f8f800000000000000000000f8f800000000000000
02:09:51.441 [DEBUG] [serial] Sin header 0xAA, descartando 128 bytes: f800000000000000000000f8f8000000
02:09:51.450 [DEBUG] [serial] RX 128 bytes: 000000f8f800000000000000000000f8f800000000000000000000f8f800000000000000000000f8f800000000000000000000f8f800000000000000000000f8f800000000000000000000f8f800000000000000000000f8f800000000000000000000f8f800000000000000000000f8f800000000000000000000f8f8000000
02:09:51.450 [DEBUG] [serial] Sin header 0xAA, descartando 128 bytes: 000000f8f800000000000000000000f8
02:09:51.459 [DEBUG] [serial] RX 128 bytes: 00000000000000f8f800000000000000000000f8f800000000000000000000f8f800000000000000000000f8f800000000000000000000f8f800000000000000000000f8f800000000000000000000f8f800000000000000000000f8f800000000000000000000f8f800000000000000000000f8f800000000000000000000f8
02:09:51.459 [DEBUG] [serial] Sin header 0xAA, descartando 128 bytes: 00000000000000f8f800000000000000
02:09:51.468 [DEBUG] [serial] RX 128 bytes: f800000000000000000000f8f800000000000000000000f8f800000000000000000000f8f800000000000000000000f8f800000000000000000000f8f800000000000000000000f8f800000000000000000000f8f800000000000000000000f8f800000000000000000000f8f800000000000000000000f8f800000000000000
02:09:51.470 [DEBUG] [serial] Sin header 0xAA, descartando 128 bytes: f800000000000000000000f8f8000000
02:09:51.477 [DEBUG] [serial] RX 128 bytes: 000000f8f800000000000000000000f8f800000000000000000000f8f800000000000000000000f8f800000000000000000000f8f800000000000000000000f8f800000000000000000000f8f800000000000000000000f8f800000000000000000000f8f800000000000000000000f8f800000000000000000000f8f8000000
02:09:51.478 [DEBUG] [serial] Sin header 0xAA, descartando 128 bytes: 000000f8f800000000000000000000f8
02:09:51.487 [DEBUG] [serial] RX 128 bytes: 00000000000000f8f800000000000000000000f8f800000000000000000000f8f800000000000000000000f8f800000000000000000000f8f800000000000000000000f8f800000000000000000000f8f800000000000000000000f8f800000000000000000000f8f800000000000000000000f8f800000000000000000000f8
02:09:51.487 [DEBUG] [serial] Sin header 0xAA, descartando 128 bytes: 00000000000000f8f800000000000000
02:09:51.496 [DEBUG] [serial] RX 128 bytes: f800000000000000000000f8f800000000000000000000f8f800000000000000000000f8f800000000000000000000f8f800000000000000000000f8f800000000000000000000f8f800000000000000000000f8f800000000000000000000f8f800000000000000000000f8f800000000000000000000f8f800000000000000
02:09:51.496 [DEBUG] [serial] Sin header 0xAA, descartando 128 bytes: f800000000000000000000f8f8000000
02:09:51.505 [DEBUG] [serial] RX 128 bytes: 000000f8f800000000000000000000f8f800000000000000000000f8f800000000000000000000f8f800000000000000000000f8f800000000000000000000f8f800000000000000000000f8f800000000000000000000f8f800000000000000000000f8f800000000000000000000f8f800000000000000000000f8f8000000
02:09:51.506 [DEBUG] [serial] Sin header 0xAA, descartando 128 bytes: 000000f8f800000000000000000000f8
02:09:51.515 [DEBUG] [serial] RX 128 bytes: 00000000000000f8f800000000000000000000f8f800000000000000000000f8f800000000000000000000f8f800000000000000000000f8f800000000000000000000f8f800000000000000000000f8f800000000000000000000f8f800000000000000000000f8f800000000000000000000f8f800000000000000000000f8
02:09:51.515 [DEBUG] [serial] Sin header 0xAA, descartando 128 bytes: 00000000000000f8f800000000000000
02:09:51.524 [DEBUG] [serial] RX 128 bytes: f800000000000000000000f8f800000000000000000000f8f800000000000000000000f8f800000000000000000000f8f800000000000000000000f8f800000000000000000000f8f800000000000000000000f8f800000000000000000000f8f800000000000000000000f8f800000000000000000000f8f800000000000000
02:09:51.525 [DEBUG] [serial] Sin header 0xAA, descartando 128 bytes: f800000000000000000000f8f8000000
02:09:51.533 [DEBUG] [serial] RX 128 bytes: 000000f8f800000000000000000000f8f800000000000000000000f8f800000000000000000000f8f800000000000000000000f8f800000000000000000000f8f800000000000000000000f8f800000000000000000000f8f800000000000000000000f8f800000000000000000000f8f800000000000000000000f8f8000000
02:09:51.534 [DEBUG] [serial] Sin header 0xAA, descartando 128 bytes: 000000f8f800000000000000000000f8
02:09:51.543 [DEBUG] [serial] RX 128 bytes: 00000000000000f8f800000000000000000000f8f800000000000000000000f8f800000000000000000000f8f800000000000000000000f8f800000000000000000000f8f800000000000000000000f8f800000000000000000000f8f800000000000000000000f8f800000000000000000000f8f800000000000000000000f8
02:09:51.543 [DEBUG] [serial] Sin header 0xAA, descartando 128 bytes: 00000000000000f8f800000000000000
02:09:51.552 [DEBUG] [serial] RX 128 bytes: f800000000000000000000f8f800000000000000000000f8f800000000000000000000f8f800000000000000000000f8f800000000000000000000f8f800000000000000000000f8f800000000000000000000f8f800000000000000000000f8f800000000000000000000f8f800000000000000000000f8f800000000000000
02:09:51.552 [DEBUG] [serial] Sin header 0xAA, descartando 128 bytes: f800000000000000000000f8f8000000
02:09:51.562 [DEBUG] [serial] RX 128 bytes: 000000f8f800000000000000000000f8f800000000000000000000f8f800000000000000000000f8f800000000000000000000f8f800000000000000000000f8f800000000000000000000f8f800000000000000000000f8f800000000000000000000f8f800000000000000000000f8f800000000000000000000f8f8000000
02:09:51.562 [DEBUG] [serial] Sin header 0xAA, descartando 128 bytes: 000000f8f800000000000000000000f8
02:09:51.571 [DEBUG] [serial] RX 128 bytes: 00000000000000f8f800000000000000000000f8f800000000000000000000f8f800000000000000000000f8f800000000000000000000f8f800000000000000000000f8f800000000000000000000f8f800000000000000000000f8f800000000000000000000f8f800000000000000000000f8f800000000000000000000f8
02:09:51.571 [DEBUG] [serial] Sin header 0xAA, descartando 128 bytes: 00000000000000f8f800000000000000
02:09:51.580 [DEBUG] [serial] RX 128 bytes: f800000000000000000000f8f800000000000000000000f8f800000000000000000000f8f800000000000000000000f8f800000000000000000000f8f800000000000000000000f8f800000000000000000000f8f800000000000000000000f8f800000000000000000000f8f800000000000000000000f8f800000000000000
02:09:51.580 [DEBUG] [serial] Sin header 0xAA, descartando 128 bytes: f800000000000000000000f8f8000000
02:09:51.589 [DEBUG] [serial] RX 128 bytes: 000000f8f800000000000000000000f8f800000000000000000000f8f800000000000000000000f8f800000000000000000000f8f800000000000000000000f8f800000000000000000000f8f800000000000000000000f8f800000000000000000000f8f800000000000000000000f8f800000000000000000000f8f8000000
02:09:51.589 [DEBUG] [serial] Sin header 0xAA, descartando 128 bytes: 000000f8f800000000000000000000f8
02:09:51.599 [DEBUG] [serial] RX 128 bytes: 00000000000000f8f800000000000000000000f8f800000000000000000000f8f800000000000000000000f8f800000000000000000000f8f800000000000000000000f8f800000000000000000000f8f800000000000000000000f8f800000000000000000000f8f800000000000000000000f8f800000000000000000000f8
02:09:51.599 [DEBUG] [serial] Sin header 0xAA, descartando 128 bytes: 00000000000000f8f800000000000000
02:09:51.608 [DEBUG] [serial] RX 128 bytes: f800000000000000000000f8f800000000000000000000f8f800000000000000000000f8f800000000000000000000f8f800000000000000000000f8f800000000000000000000f8f800000000000000000000f8f800000000000000000000f8f800000000000000000000f8f800000000000000000000f8f800000000000000
02:09:51.608 [DEBUG] [serial] Sin header 0xAA, descartando 128 bytes: f800000000000000000000f8f8000000
02:09:51.617 [DEBUG] [serial] RX 128 bytes: 000000f8f800000000000000000000f8f800000000000000000000f8f800000000000000000000f8f800000000000000000000f8f800000000000000000000f8f800000000000000000000f8f800000000000000000000f8f800000000000000000000f8f800000000000000000000f8f800000000000000000000f8f8000000
02:09:51.618 [DEBUG] [serial] Sin header 0xAA, descartando 128 bytes: 000000f8f800000000000000000000f8
02:09:51.627 [DEBUG] [serial] RX 128 bytes: 00000000000000f8f800000000000000000000f8f800000000000000000000f8f800000000000000000000f8f800000000000000000000f8f800000000000000000000f8f800000000000000000000f8f800000000000000000000f8f800000000000000000000f8f800000000000000000000f8f800000000000000000000f8
02:09:51.627 [DEBUG] [serial] Sin header 0xAA, descartando 128 bytes: 00000000000000f8f800000000000000
02:09:51.636 [DEBUG] [serial] RX 128 bytes: f800000000000000000000f8f800000000000000000000f8f800000000000000000000f8f800000000000000000000f8f800000000000000000000f8f800000000000000000000f8f800000000000000000000f8f800000000000000000000f8f800000000000000000000f8f800000000000000000000f8f800000000000000
02:09:51.636 [DEBUG] [serial] Sin header 0xAA, descartando 128 bytes: f800000000000000000000f8f8000000
02:09:51.645 [DEBUG] [serial] RX 128 bytes: 000000f8f800000000000000000000f8f800000000000000000000f8f800000000000000000000f8f800000000000000000000f8f800000000000000000000f8f800000000000000000000f8f800000000000000000000f8f800000000000000000000f8f800000000000000000000f8f800000000000000000000f8f8000000
02:09:51.645 [DEBUG] [serial] Sin header 0xAA, descartando 128 bytes: 000000f8f800000000000000000000f8
02:09:51.654 [DEBUG] [serial] RX 128 bytes: 00000000000000f8f800000000000000000000f8f800000000000000000000f8f800000000000000000000f8f800000000000000000000f8f800000000000000000000f8f800000000000000000000f8f800000000000000000000f8f800000000000000000000f8f800000000000000000000f8f800000000000000000000f8
02:09:51.655 [DEBUG] [serial] Sin header 0xAA, descartando 128 bytes: 00000000000000f8f800000000000000
02:09:51.664 [DEBUG] [serial] RX 128 bytes: f800000000000000000000f8f800000000000000000000f8f800000000000000000000f8f800000000000000000000f8f800000000000000000000f8f800000000000000000000f8f800000000000000000000f8f800000000000000000000f8f800000000000000000000f8f800000000000000000000f8f800000000000000
02:09:51.664 [DEBUG] [serial] Sin header 0xAA, descartando 128 bytes: f800000000000000000000f8f8000000
02:09:51.673 [DEBUG] [serial] RX 128 bytes: 000000f8f800000000000000000000f8f800000000000000000000f8f800000000000000000000f8f800000000000000000000f8f800000000000000000000f8f800000000000000000000f8f800000000000000000000f8f800000000000000000000f8f800000000000000000000f8f800000000000000000000f8f8000000
02:09:51.673 [DEBUG] [serial] Sin header 0xAA, descartando 128 bytes: 000000f8f800000000000000000000f8
02:09:51.682 [DEBUG] [serial] RX 128 bytes: 00000000000000f8f800000000000000000000f8f800000000000000000000f8f800000000000000000000f8f800000000000000000000f8f800000000000000000000f8f800000000000000000000f8f800000000000000000000f8f800000000000000000000f8f800000000000000000000f8f800000000000000000000f8
02:09:51.683 [DEBUG] [serial] Sin header 0xAA, descartando 128 bytes: 00000000000000f8f800000000000000
02:09:51.692 [DEBUG] [serial] RX 128 bytes: f800000000000000000000f8f800000000000000000000f8f800000000000000000000f8f800000000000000000000f8f800000000000000000000f8f800000000000000000000f8f800000000000000000000f8f800000000000000000000f8f800000000000000000000f8f800000000000000000000f8f800000000000000
02:09:51.692 [DEBUG] [serial] Sin header 0xAA, descartando 128 bytes: f800000000000000000000f8f8000000
02:09:51.701 [DEBUG] [serial] RX 128 bytes: 000000f8f800000000000000000000f8f800000000000000000000f8f800000000000000000000f8f800000000000000000000f8f800000000000000000000f8f800000000000000000000f8f800000000000000000000f8f800000000000000000000f8f800000000000000000000f8f800000000000000000000f8f8000000
02:09:51.701 [DEBUG] [serial] Sin header 0xAA, descartando 128 bytes: 000000f8f800000000000000000000f8
02:09:51.710 [DEBUG] [serial] RX 128 bytes: 00000000000000f8f800000000000000000000f8f800000000000000000000f8f800000000000000000000f8f800000000000000000000f8f800000000000000000000f8f800000000000000000000f8f800000000000000000000f8f800000000000000000000f8f800000000000000000000f8f800000000000000000000f8
02:09:51.711 [DEBUG] [serial] Sin header 0xAA, descartando 128 bytes: 00000000000000f8f800000000000000
02:09:51.720 [DEBUG] [serial] RX 128 bytes: f800000000000000000000f8f800000000000000000000f8f800000000000000000000f8f800000000000000000000f8f800000000000000000000f8f800000000000000000000f8f800000000000000000000f8f800000000000000000000f8f800000000000000000000f8f800000000000000000000f8f800000000000000
02:09:51.720 [DEBUG] [serial] Sin header 0xAA, descartando 128 bytes: f800000000000000000000f8f8000000
02:09:51.729 [DEBUG] [serial] RX 128 bytes: 000000f8f800000000000000000000f8f800000000000000000000f8f800000000000000000000f8f800000000000000000000f8f800000000000000000000f8f800000000000000000000f8f800000000000000000000f8f800000000000000000000f8f800000000000000000000f8f800000000000000000000f8f8000000
02:09:51.729 [DEBUG] [serial] Sin header 0xAA, descartando 128 bytes: 000000f8f800000000000000000000f8
02:09:51.738 [DEBUG] [serial] RX 128 bytes: 00000000000000f8f800000000000000000000f8f800000000000000000000f8f800000000000000000000f8f800000000000000000000f8f800000000000000000000f8f800000000000000000000f8f800000000000000000000f8f800000000000000000000f8f800000000000000000000f8f800000000000000000000f8
02:09:51.739 [DEBUG] [serial] Sin header 0xAA, descartando 128 bytes: 00000000000000f8f800000000000000
02:09:51.748 [DEBUG] [serial] RX 128 bytes: f800000000000000000000f8f800000000000000000000f8f800000000000000000000f8f800000000000000000000f8f800000000000000000000f8f800000000000000000000f8f800000000000000000000f8f800000000000000000000f8f800000000000000000000f8f800000000000000000000f8f800000000000000
02:09:51.749 [DEBUG] [serial] Sin header 0xAA, descartando 128 bytes: f800000000000000000000f8f8000000
02:09:51.757 [DEBUG] [serial] RX 128 bytes: 000000f8f800000000000000000000f8f800000000000000000000f8f800000000000000000000f8f800000000000000000000f8f800000000000000000000f8f800000000000000000000f8f800000000000000000000f8f800000000000000000000f8f800000000000000000000f8f800000000000000000000f8f8000000
02:09:51.757 [DEBUG] [serial] Sin header 0xAA, descartando 128 bytes: 000000f8f800000000000000000000f8
02:09:51.766 [DEBUG] [serial] RX 128 bytes: 00000000000000f8f800000000000000000000f8f800000000000000000000f8f800000000000000000000f8f800000000000000000000f8f800000000000000000000f8f800000000000000000000f8f800000000000000000000f8f800000000000000000000f8f800000000000000000000f8f800000000000000000000f8
02:09:51.766 [DEBUG] [serial] Sin header 0xAA, descartando 128 bytes: 00000000000000f8f800000000000000
02:09:51.776 [DEBUG] [serial] RX 128 bytes: f800000000000000000000f8f800000000000000000000f8f800000000000000000000f8f800000000000000000000f8f800000000000000000000f8f800000000000000000000f8f800000000000000000000f8f800000000000000000000f8f800000000000000000000f8f800000000000000000000f8f800000000000000
02:09:51.776 [DEBUG] [serial] Sin header 0xAA, descartando 128 bytes: f800000000000000000000f8f8000000
02:09:51.785 [DEBUG] [serial] RX 128 bytes: 000000f8f800000000000000000000f8f800000000000000000000f8f800000000000000000000f8f800000000000000000000f8f800000000000000000000f8f800000000000000000000f8f800000000000000000000f8f800000000000000000000f8f800000000000000000000f8f800000000000000000000f8f8000000
02:09:51.785 [DEBUG] [serial] Sin header 0xAA, descartando 128 bytes: 000000f8f800000000000000000000f8
02:09:51.794 [DEBUG] [serial] RX 128 bytes: 00000000000000f8f800000000000000000000f8f800000000000000000000f8f800000000000000000000f8f800000000000000000000f8f800000000000000000000f8f800000000000000000000f8f800000000000000000000f8f800000000000000000000f8f800000000000000000000f8f800000000000000000000f8
02:09:51.794 [DEBUG] [serial] Sin header 0xAA, descartando 128 bytes: 00000000000000f8f800000000000000
02:09:51.803 [DEBUG] [serial] RX 128 bytes: f800000000000000000000f8f800000000000000000000f8f800000000000000000000f8f800000000000000000000f8f800000000000000000000f8f800000000000000000000f8f800000000000000000000f8f800000000000000000000f8f800000000000000000000f8f800000000000000000000f8f800000000000000
02:09:51.804 [DEBUG] [serial] Sin header 0xAA, descartando 128 bytes: f800000000000000000000f8f8000000
02:09:51.813 [DEBUG] [serial] RX 128 bytes: 000000f8f800000000000000000000f8f800000000000000000000f8f800000000000000000000f8f800000000000000000000f8f800000000000000000000f8f800000000000000000000f8f800000000000000000000f8f800000000000000000000f8f800000000000000000000f8f800000000000000000000f8f8000000
02:09:51.813 [DEBUG] [serial] Sin header 0xAA, descartando 128 bytes: 000000f8f800000000000000000000f8
02:09:51.822 [DEBUG] [serial] RX 128 bytes: 00000000000000f8f800000000000000000000f8f800000000000000000000f8f800000000000000000000f8f800000000000000000000f8f800000000000000000000f8f800000000000000000000f8f800000000000000000000f8f800000000000000000000f8f800000000000000000000f8f800000000000000000000f8
02:09:51.822 [DEBUG] [serial] Sin header 0xAA, descartando 128 bytes: 00000000000000f8f800000000000000
02:09:51.831 [DEBUG] [serial] RX 128 bytes: f800000000000000000000f8f800000000000000000000f8f800000000000000000000f8f800000000000000000000f8f800000000000000000000f8f800000000000000000000f8f800000000000000000000f8f800000000000000000000f8f800000000000000000000f8f800000000000000000000f8f800000000000000
02:09:51.832 [DEBUG] [serial] Sin header 0xAA, descartando 128 bytes: f800000000000000000000f8f8000000
02:09:51.841 [DEBUG] [serial] RX 128 bytes: 000000f8f800000000000000000000f8f800000000000000000000f8f800000000000000000000f8f800000000000000000000f8f800000000000000000000f8f800000000000000000000f8f800000000000000000000f8f800000000000000000000f8f800000000000000000000f8f800000000000000000000f8f8000000
02:09:51.841 [DEBUG] [serial] Sin header 0xAA, descartando 128 bytes: 000000f8f800000000000000000000f8
02:09:51.850 [DEBUG] [serial] RX 128 bytes: 00000000000000f8f800000000000000000000f8f800000000000000000000f8f800000000000000000000f8f800000000000000000000f8f800000000000000000000f8f800000000000000000000f8f800000000000000000000f8f800000000000000000000f8f800000000000000000000f8f800000000000000000000f8
02:09:51.850 [DEBUG] [serial] Sin header 0xAA, descartando 128 bytes: 00000000000000f8f800000000000000
02:09:51.859 [DEBUG] [serial] RX 128 bytes: f800000000000000000000f8f800000000000000000000f8f800000000000000000000f8f800000000000000000000f8f800000000000000000000f8f800000000000000000000f8f800000000000000000000f8f800000000000000000000f8f800000000000000000000f8f800000000000000000000f8f800000000000000
02:09:51.860 [DEBUG] [serial] Sin header 0xAA, descartando 128 bytes: f800000000000000000000f8f8000000
02:09:51.869 [DEBUG] [serial] RX 128 bytes: 000000f8f800000000000000000000f8f800000000000000000000f8f800000000000000000000f8f800000000000000000000f8f800000000000000000000f8f800000000000000000000f8f800000000000000000000f8f800000000000000000000f8f800000000000000000000f8f800000000000000000000f8f8000000
02:09:51.869 [DEBUG] [serial] Sin header 0xAA, descartando 128 bytes: 000000f8f800000000000000000000f8
02:09:51.878 [DEBUG] [serial] RX 128 bytes: 00000000000000f8f800000000000000000000f8f800000000000000000000f8f800000000000000000000f8f800000000000000000000f8f800000000000000000000f8f800000000000000000000f8f800000000000000000000f8f800000000000000000000f8f800000000000000000000f8f800000000000000000000f8
02:09:51.878 [DEBUG] [serial] Sin header 0xAA, descartando 128 bytes: 00000000000000f8f800000000000000
02:09:51.887 [DEBUG] [serial] RX 128 bytes: f800000000000000000000f8f800000000000000000000f8f800000000000000000000f8f800000000000000000000f8f800000000000000000000f8f800000000000000000000f8f800000000000000000000f8f800000000000000000000f8f800000000000000000000f8f800000000000000000000f8f800000000000000
02:09:51.888 [DEBUG] [serial] Sin header 0xAA, descartando 128 bytes: f800000000000000000000f8f8000000
02:09:51.897 [DEBUG] [serial] RX 128 bytes: 000000f8f800000000000000000000f8f800000000000000000000f8f800000000000000000000f8f800000000000000000000f8f800000000000000000000f8f800000000000000000000f8f800000000000000000000f8f800000000000000000000f8f800000000000000000000f8f800000000000000000000f8f8000000
02:09:51.897 [DEBUG] [serial] Sin header 0xAA, descartando 128 bytes: 000000f8f800000000000000000000f8
02:09:51.906 [DEBUG] [serial] RX 128 bytes: 00000000000000f8f800000000000000000000f8f800000000000000000000f8f800000000000000000000f8f800000000000000000000f8f800000000000000000000f8f800000000000000000000f8f800000000000000000000f8f800000000000000000000f8f800000000000000000000f8f800000000000000000000f8
02:09:51.906 [DEBUG] [serial] Sin header 0xAA, descartando 128 bytes: 00000000000000f8f800000000000000
02:09:51.915 [DEBUG] [serial] RX 128 bytes: f800000000000000000000f8f800000000000000000000f8f800000000000000000000f8f800000000000000000000f8f800000000000000000000f8f800000000000000000000f8f800000000000000000000f8f800000000000000000000f8f800000000000000000000f8f800000000000000000000f8f800000000000000
02:09:51.915 [DEBUG] [serial] Sin header 0xAA, descartando 128 bytes: f800000000000000000000f8f8000000
02:09:51.924 [DEBUG] [serial] RX 128 bytes: 000000f8f800000000000000000000f8f800000000000000000000f8f800000000000000000000f8f800000000000000000000f8f800000000000000000000f8f800000000000000000000f8f800000000000000000000f8f800000000000000000000f8f800000000000000000000f8f800000000000000000000f8f8000000
02:09:51.925 [DEBUG] [serial] Sin header 0xAA, descartando 128 bytes: 000000f8f800000000000000000000f8
02:09:51.934 [DEBUG] [serial] RX 128 bytes: 00000000000000f8f800000000000000000000f8f800000000000000000000f8f800000000000000000000f8f800000000000000000000f8f800000000000000000000f8f800000000000000000000f8f800000000000000000000f8f800000000000000000000f8f800000000000000000000f8f800000000000000000000f8
02:09:51.934 [DEBUG] [serial] Sin header 0xAA, descartando 128 bytes: 00000000000000f8f800000000000000
02:09:51.943 [DEBUG] [serial] RX 128 bytes: f800000000000000000000f8f800000000000000000000f8f800000000000000000000f8f800000000000000000000f8f800000000000000000000f8f800000000000000000000f8f800000000000000000000f8f800000000000000000000f8f800000000000000000000f8f800000000000000000000f8f800000000000000
02:09:51.943 [DEBUG] [serial] Sin header 0xAA, descartando 128 bytes: f800000000000000000000f8f8000000
02:09:51.952 [DEBUG] [serial] RX 128 bytes: 000000f8f800000000000000000000f8f800000000000000000000f8f800000000000000000000f8f800000000000000000000f8f800000000000000000000f8f800000000000000000000f8f800000000000000000000f8f800000000000000000000f8f800000000000000000000f8f800000000000000000000f8f8000000
02:09:51.953 [DEBUG] [serial] Sin header 0xAA, descartando 128 bytes: 000000f8f800000000000000000000f8
02:09:51.962 [DEBUG] [serial] RX 128 bytes: 00000000000000f8f800000000000000000000f8f800000000000000000000f8f800000000000000000000f8f800000000000000000000f8f800000000000000000000f8f800000000000000000000f8f800000000000000000000f8f800000000000000000000f8f800000000000000000000f8f800000000000000000000f8
02:09:51.962 [DEBUG] [serial] Sin header 0xAA, descartando 128 bytes: 00000000000000f8f800000000000000
02:09:51.971 [DEBUG] [serial] RX 128 bytes: f800000000000000000000f8f800000000000000000000f8f800000000000000000000f8f800000000000000000000f8f800000000000000000000f8f800000000000000000000f8f800000000000000000000f8f800000000000000000000f8f800000000000000000000f8f800000000000000000000f8f800000000000000
02:09:51.971 [DEBUG] [serial] Sin header 0xAA, descartando 128 bytes: f800000000000000000000f8f8000000
02:09:51.980 [DEBUG] [serial] RX 128 bytes: 000000f8f800000000000000000000f8f800000000000000000000f8f800000000000000000000f8f800000000000000000000f8f800000000000000000000f8f800000000000000000000f8f800000000000000000000f8f800000000000000000000f8f800000000000000000000f8f800000000000000000000f8f8000000
02:09:51.981 [DEBUG] [serial] Sin header 0xAA, descartando 128 bytes: 000000f8f800000000000000000000f8
02:09:51.990 [DEBUG] [serial] RX 128 bytes: 00000000000000f8f800000000000000000000f8f800000000000000000000f8f800000000000000000000f8f800000000000000000000f8f800000000000000000000f8f800000000000000000000f8f800000000000000000000f8f800000000000000000000f8f800000000000000000000f8f800000000000000000000f8
02:09:51.990 [DEBUG] [serial] Sin header 0xAA, descartando 128 bytes: 00000000000000f8f800000000000000
02:09:51.999 [DEBUG] [serial] RX 128 bytes: f800000000000000000000f8f800000000000000000000f8f800000000000000000000f8f800000000000000000000f8f800000000000000000000f8f800000000000000000000f8f800000000000000000000f8f800000000000000000000f8f800000000000000000000f8f800000000000000000000f8f800000000000000
02:09:51.999 [DEBUG] [serial] Sin header 0xAA, descartando 128 bytes: f800000000000000000000f8f8000000
02:09:52.008 [DEBUG] [serial] RX 128 bytes: 000000f8f800000000000000000000f8f800000000000000000000f8f800000000000000000000f8f800000000000000000000f8f800000000000000000000f8f800000000000000000000f8f800000000000000000000f8f800000000000000000000f8f800000000000000000000f8f800000000000000000000f8f8000000
02:09:52.008 [DEBUG] [serial] Sin header 0xAA, descartando 128 bytes: 000000f8f800000000000000000000f8
02:09:52.018 [DEBUG] [serial] RX 128 bytes: 00000000000000f8f800000000000000000000f8f800000000000000000000f8f800000000000000000000f8f800000000000000000000f8f800000000000000000000f8f800000000000000000000f8f800000000000000000000f8f800000000000000000000f8f800000000000000000000f8f800000000000000000000f8
02:09:52.018 [DEBUG] [serial] Sin header 0xAA, descartando 128 bytes: 00000000000000f8f800000000000000
02:09:52.027 [DEBUG] [serial] RX 128 bytes: f800000000000000000000f8f800000000000000000000f8f800000000000000000000f8f800000000000000000000f8f800000000000000000000f8f800000000000000000000f8f800000000000000000000f8f800000000000000000000f8f800000000000000000000f8f800000000000000000000f8f800000000000000
02:09:52.028 [DEBUG] [serial] Sin header 0xAA, descartando 128 bytes: f800000000000000000000f8f8000000
02:09:52.036 [DEBUG] [serial] RX 128 bytes: 000000f8f800000000000000000000f8f800000000000000000000f8f800000000000000000000f8f800000000000000000000f8f800000000000000000000f8f800000000000000000000f8f800000000000000000000f8f800000000000000000000f8f800000000000000000000f8f800000000000000000000f8f8000000
02:09:52.036 [DEBUG] [serial] Sin header 0xAA, descartando 128 bytes: 000000f8f800000000000000000000f8
02:09:52.046 [DEBUG] [serial] RX 128 bytes: 00000000000000f8f800000000000000000000f8f800000000000000000000f8f800000000000000000000f8f800000000000000000000f8f800000000000000000000f8f800000000000000000000f8f800000000000000000000f8f800000000000000000000f8f800000000000000000000f8f800000000000000000000f8
02:09:52.046 [DEBUG] [serial] Sin header 0xAA, descartando 128 bytes: 00000000000000f8f800000000000000
02:09:52.055 [DEBUG] [serial] RX 128 bytes: f800000000000000000000f8f800000000000000000000f8f800000000000000000000f8f800000000000000000000f8f800000000000000000000f8f800000000000000000000f8f800000000000000000000f8f800000000000000000000f8f800000000000000000000f8f800000000000000000000f8f800000000000000
02:09:52.055 [DEBUG] [serial] Sin header 0xAA, descartando 128 bytes: f800000000000000000000f8f8000000
02:09:52.064 [DEBUG] [serial] RX 128 bytes: 000000f8f800000000000000000000f8f800000000000000000000f8f800000000000000000000f8f800000000000000000000f8f800000000000000000000f8f800000000000000000000f8f800000000000000000000f8f800000000000000000000f8f800000000000000000000f8f800000000000000000000f8f8000000
02:09:52.064 [DEBUG] [serial] Sin header 0xAA, descartando 128 bytes: 000000f8f800000000000000000000f8
02:09:52.074 [DEBUG] [serial] RX 128 bytes: 00000000000000f8f800000000000000000000f8f800000000000000000000f8f800000000000000000000f8f800000000000000000000f8f800000000000000000000f8f800000000000000000000f8f800000000000000000000f8f800000000000000000000f8f800000000000000000000f8f800000000000000000000f8
02:09:52.074 [DEBUG] [serial] Sin header 0xAA, descartando 128 bytes: 00000000000000f8f800000000000000
02:09:52.083 [DEBUG] [serial] RX 128 bytes: f800000000000000000000f8f800000000000000000000f8f800000000000000000000f8f800000000000000000000f8f800000000000000000000f8f800000000000000000000f8f800000000000000000000f8f800000000000000000000f8f800000000000000000000f8f800000000000000000000f8f800000000000000
02:09:52.083 [DEBUG] [serial] Sin header 0xAA, descartando 128 bytes: f800000000000000000000f8f8000000
02:09:52.092 [DEBUG] [serial] RX 128 bytes: 000000f8f800000000000000000000f8f800000000000000000000f8f800000000000000000000f8f800000000000000000000f8f800000000000000000000f8f800000000000000000000f8f800000000000000000000f8f800000000000000000000f8f800000000000000000000f8f800000000000000000000f8f8000000
02:09:52.092 [DEBUG] [serial] Sin header 0xAA, descartando 128 bytes: 000000f8f800000000000000000000f8
02:09:52.101 [DEBUG] [serial] RX 128 bytes: 00000000000000f8f800000000000000000000f8f800000000000000000000f8f800000000000000000000f8f800000000000000000000f8f800000000000000000000f8f800000000000000000000f8f800000000000000000000f8f800000000000000000000f8f800000000000000000000f8f800000000000000000000f8
02:09:52.102 [DEBUG] [serial] Sin header 0xAA, descartando 128 bytes: 00000000000000f8f800000000000000
02:09:52.111 [DEBUG] [serial] RX 128 bytes: f800000000000000000000f8f800000000000000000000f8f800000000000000000000f8f800000000000000000000f8f800000000000000000000f8f800000000000000000000f8f800000000000000000000f8f800000000000000000000f8f800000000000000000000f8f800000000000000000000f8f800000000000000
02:09:52.111 [DEBUG] [serial] Sin header 0xAA, descartando 128 bytes: f800000000000000000000f8f8000000
02:09:52.120 [DEBUG] [serial] RX 128 bytes: 000000f8f800000000000000000000f8f800000000000000000000f8f800000000000000000000f8f800000000000000000000f8f800000000000000000000f8f800000000000000000000f8f800000000000000000000f8f800000000000000000000f8f800000000000000000000f8f800000000000000000000f8f8000000
02:09:52.121 [DEBUG] [serial] Sin header 0xAA, descartando 128 bytes: 000000f8f800000000000000000000f8
02:09:52.129 [DEBUG] [serial] RX 128 bytes: 00000000000000f8f800000000000000000000f8f800000000000000000000f8f800000000000000000000f8f800000000000000000000f8f800000000000000000000f8f800000000000000000000f8f800000000000000000000f8f800000000000000000000f8f800000000000000000000f8f800000000000000000000f8
02:09:52.130 [DEBUG] [serial] Sin header 0xAA, descartando 128 bytes: 00000000000000f8f800000000000000
02:09:52.139 [DEBUG] [serial] RX 128 bytes: f800000000000000000000f8f800000000000000000000f8f800000000000000000000f8f800000000000000000000f8f800000000000000000000f8f800000000000000000000f8f800000000000000000000f8f800000000000000000000f8f800000000000000000000f8f800000000000000000000f8f800000000000000
02:09:52.139 [DEBUG] [serial] Sin header 0xAA, descartando 128 bytes: f800000000000000000000f8f8000000
02:09:52.148 [DEBUG] [serial] RX 128 bytes: 000000f8f800000000000000000000f8f800000000000000000000f8f800000000000000000000f8f800000000000000000000f8f800000000000000000000f8f800000000000000000000f8f800000000000000000000f8f800000000000000000000f8f800000000000000000000f8f800000000000000000000f8f8000000
02:09:52.148 [DEBUG] [serial] Sin header 0xAA, descartando 128 bytes: 000000f8f800000000000000000000f8
02:09:52.157 [DEBUG] [serial] RX 128 bytes: 00000000000000f8f800000000000000000000f8f800000000000000000000f8f800000000000000000000f8f800000000000000000000f8f800000000000000000000f8f800000000000000000000f8f800000000000000000000f8f800000000000000000000f8f800000000000000000000f8f800000000000000000000f8
02:09:52.158 [DEBUG] [serial] Sin header 0xAA, descartando 128 bytes: 00000000000000f8f800000000000000
02:09:52.167 [DEBUG] [serial] RX 128 bytes: f800000000000000000000f8f800000000000000000000f8f800000000000000000000f8f800000000000000000000f8f800000000000000000000f8f800000000000000000000f8f800000000000000000000f8f800000000000000000000f8f800000000000000000000f8f800000000000000000000f8f800000000000000
02:09:52.167 [DEBUG] [serial] Sin header 0xAA, descartando 128 bytes: f800000000000000000000f8f8000000
02:09:52.176 [DEBUG] [serial] RX 128 bytes: 000000f8f800000000000000000000f8f800000000000000000000f8f800000000000000000000f8f800000000000000000000f8f800000000000000000000f8f800000000000000000000f8f800000000000000000000f8f800000000000000000000f8f800000000000000000000f8f800000000000000000000f8f8000000
02:09:52.176 [DEBUG] [serial] Sin header 0xAA, descartando 128 bytes: 000000f8f800000000000000000000f8
02:09:52.185 [DEBUG] [serial] RX 128 bytes: 00000000000000f8f800000000000000000000f8f800000000000000000000f8f800000000000000000000f8f800000000000000000000f8f800000000000000000000f8f800000000000000000000f8f800000000000000000000f8f800000000000000000000f8f800000000000000000000f8f800000000000000000000f8
02:09:52.185 [DEBUG] [serial] Sin header 0xAA, descartando 128 bytes: 00000000000000f8f800000000000000
02:09:52.195 [DEBUG] [serial] RX 128 bytes: f800000000000000000000f8f800000000000000000000f8f800000000000000000000f8f800000000000000000000f8f800000000000000000000f8f800000000000000000000f8f800000000000000000000f8f800000000000000000000f8f800000000000000000000f8f800000000000000000000f8f800000000000000
02:09:52.195 [DEBUG] [serial] Sin header 0xAA, descartando 128 bytes: f800000000000000000000f8f8000000
02:09:52.204 [DEBUG] [serial] RX 128 bytes: 000000f8f800000000000000000000f8f800000000000000000000f8f800000000000000000000f8f800000000000000000000f8f800000000000000000000f8f800000000000000000000f8f800000000000000000000f8f800000000000000000000f8f800000000000000000000f8f800000000000000000000f8f8000000
02:09:52.204 [DEBUG] [serial] Sin header 0xAA, descartando 128 bytes: 000000f8f800000000000000000000f8
02:09:52.213 [DEBUG] [serial] RX 128 bytes: 00000000000000f8f800000000000000000000f8f800000000000000000000f8f800000000000000000000f8f800000000000000000000f8f800000000000000000000f8f800000000000000000000f8f800000000000000000000f8f800000000000000000000f8f800000000000000000000f8f800000000000000000000f8
02:09:52.214 [DEBUG] [serial] Sin header 0xAA, descartando 128 bytes: 00000000000000f8f800000000000000
02:09:52.223 [DEBUG] [serial] RX 128 bytes: f800000000000000000000f8f800000000000000000000f8f800000000000000000000f8f800000000000000000000f8f800000000000000000000f8f800000000000000000000f8f800000000000000000000f8f800000000000000000000f8f800000000000000000000f8f800000000000000000000f8f800000000000000
02:09:52.223 [DEBUG] [serial] Sin header 0xAA, descartando 128 bytes: f800000000000000000000f8f8000000
02:09:52.232 [DEBUG] [serial] RX 128 bytes: 000000f8f800000000000000000000f8f800000000000000000000f8f800000000000000000000f8f800000000000000000000f8f800000000000000000000f8f800000000000000000000f8f800000000000000000000f8f800000000000000000000f8f800000000000000000000f8f800000000000000000000f8f8000000
02:09:52.232 [DEBUG] [serial] Sin header 0xAA, descartando 128 bytes: 000000f8f800000000000000000000f8
02:09:52.241 [DEBUG] [serial] RX 128 bytes: 00000000000000f8f800000000000000000000f8f800000000000000000000f8f800000000000000000000f8f800000000000000000000f8f800000000000000000000f8f800000000000000000000f8f800000000000000000000f8f800000000000000000000f8f800000000000000000000f8f800000000000000000000f8
02:09:52.242 [DEBUG] [serial] Sin header 0xAA, descartando 128 bytes: 00000000000000f8f800000000000000
02:09:52.250 [DEBUG] [serial] RX 128 bytes: f800000000000000000000f8f800000000000000000000f8f800000000000000000000f8f800000000000000000000f8f800000000000000000000f8f800000000000000000000f8f800000000000000000000f8f800000000000000000000f8f800000000000000000000f8f800000000000000000000f8f800000000000000
02:09:52.251 [DEBUG] [serial] Sin header 0xAA, descartando 128 bytes: f800000000000000000000f8f8000000
02:09:52.260 [DEBUG] [serial] RX 128 bytes: 000000f8f800000000000000000000f8f800000000000000000000f8f800000000000000000000f8f800000000000000000000f8f800000000000000000000f8f800000000000000000000f8f800000000000000000000f8f800000000000000000000f8f800000000000000000000f8f800000000000000000000f8f8000000
02:09:52.260 [DEBUG] [serial] Sin header 0xAA, descartando 128 bytes: 000000f8f800000000000000000000f8
02:09:52.269 [DEBUG] [serial] RX 128 bytes: 00000000000000f8f800000000000000000000f8f800000000000000000000f8f800000000000000000000f8f800000000000000000000f8f800000000000000000000f8f800000000000000000000f8f800000000000000000000f8f800000000000000000000f8f800000000000000000000f8f800000000000000000000f8
02:09:52.269 [DEBUG] [serial] Sin header 0xAA, descartando 128 bytes: 00000000000000f8f800000000000000
02:09:52.279 [DEBUG] [serial] RX 128 bytes: f800000000000000000000f8f800000000000000000000f8f800000000000000000000f8f800000000000000000000f8f800000000000000000000f8f800000000000000000000f8f800000000000000000000f8f800000000000000000000f8f800000000000000000000f8f800000000000000000000f8f800000000000000
02:09:52.279 [DEBUG] [serial] Sin header 0xAA, descartando 128 bytes: f800000000000000000000f8f8000000
02:09:52.288 [DEBUG] [serial] RX 128 bytes: 000000f8f800000000000000000000f8f800000000000000000000f8f800000000000000000000f8f800000000000000000000f8f800000000000000000000f8f800000000000000000000f8f800000000000000000000f8f800000000000000000000f8f800000000000000000000f8f800000000000000000000f8f8000000
02:09:52.288 [DEBUG] [serial] Sin header 0xAA, descartando 128 bytes: 000000f8f800000000000000000000f8
02:09:52.297 [DEBUG] [serial] RX 128 bytes: 00000000000000f8f800000000000000000000f8f800000000000000000000f8f800000000000000000000f8f800000000000000000000f8f800000000000000000000f8f800000000000000000000f8f800000000000000000000f8f800000000000000000000f8f800000000000000000000f8f800000000000000000000f8
02:09:52.297 [DEBUG] [serial] Sin header 0xAA, descartando 128 bytes: 00000000000000f8f800000000000000
02:09:52.306 [DEBUG] [serial] RX 128 bytes: f800000000000000000000f8f800000000000000000000f8f800000000000000000000f8f800000000000000000000f8f800000000000000000000f8f800000000000000000000f8f800000000000000000000f8f800000000000000000000f8f800000000000000000000f8f800000000000000000000f8f800000000000000
02:09:52.307 [DEBUG] [serial] Sin header 0xAA, descartando 128 bytes: f800000000000000000000f8f8000000
02:09:52.316 [DEBUG] [serial] RX 128 bytes: 000000f8f800000000000000000000f8f800000000000000000000f8f800000000000000000000f8f800000000000000000000f8f800000000000000000000f8f800000000000000000000f8f800000000000000000000f8f800000000000000000000f8f800000000000000000000f8f800000000000000000000f8f8000000
02:09:52.316 [DEBUG] [serial] Sin header 0xAA, descartando 128 bytes: 000000f8f800000000000000000000f8
02:09:52.325 [DEBUG] [serial] RX 128 bytes: 00000000000000f8f800000000000000000000f8f800000000000000000000f8f800000000000000000000f8f800000000000000000000f8f800000000000000000000f8f800000000000000000000f8f800000000000000000000f8f800000000000000000000f8f800000000000000000000f8f800000000000000000000f8
02:09:52.325 [DEBUG] [serial] Sin header 0xAA, descartando 128 bytes: 00000000000000f8f800000000000000
02:09:52.334 [DEBUG] [serial] RX 128 bytes: f800000000000000000000f8f800000000000000000000f8f800000000000000000000f8f800000000000000000000f8f800000000000000000000f8f800000000000000000000f8f800000000000000000000f8f800000000000000000000f8f800000000000000000000f8f800000000000000000000f8f800000000000000
02:09:52.334 [DEBUG] [serial] Sin header 0xAA, descartando 128 bytes: f800000000000000000000f8f8000000
02:09:52.344 [DEBUG] [serial] RX 128 bytes: 000000f8f800000000000000000000f8f800000000000000000000f8f800000000000000000000f8f800000000000000000000f8f800000000000000000000f8f800000000000000000000f8f800000000000000000000f8f800000000000000000000f8f800000000000000000000f8f800000000000000000000f8f8000000
02:09:52.344 [DEBUG] [serial] Sin header 0xAA, descartando 128 bytes: 000000f8f800000000000000000000f8
02:09:52.353 [DEBUG] [serial] RX 128 bytes: 00000000000000f8f800000000000000000000f8f800000000000000000000f8f800000000000000000000f8f800000000000000000000f8f800000000000000000000f8f800000000000000000000f8f800000000000000000000f8f800000000000000000000f8f800000000000000000000f8f800000000000000000000f8
02:09:52.353 [DEBUG] [serial] Sin header 0xAA, descartando 128 bytes: 00000000000000f8f800000000000000
02:09:52.362 [DEBUG] [serial] RX 128 bytes: f800000000000000000000f8f800000000000000000000f8f800000000000000000000f8f800000000000000000000f8f800000000000000000000f8f800000000000000000000f8f800000000000000000000f8f800000000000000000000f8f800000000000000000000f8f800000000000000000000f8f800000000000000
02:09:52.362 [DEBUG] [serial] Sin header 0xAA, descartando 128 bytes: f800000000000000000000f8f8000000
02:09:52.371 [DEBUG] [serial] RX 128 bytes: 000000f8f800000000000000000000f8f800000000000000000000f8f800000000000000000000f8f800000000000000000000f8f800000000000000000000f8f800000000000000000000f8f800000000000000000000f8f800000000000000000000f8f800000000000000000000f8f800000000000000000000f8f8000000
02:09:52.371 [DEBUG] [serial] Sin header 0xAA, descartando 128 bytes: 000000f8f800000000000000000000f8
02:09:52.381 [DEBUG] [serial] RX 128 bytes: 00000000000000f8f800000000000000000000f8f800000000000000000000f8f800000000000000000000f8f800000000000000000000f8f800000000000000000000f8f800000000000000000000f8f800000000000000000000f8f800000000000000000000f8f800000000000000000000f8f800000000000000000000f8
02:09:52.381 [DEBUG] [serial] Sin header 0xAA, descartando 128 bytes: 00000000000000f8f800000000000000
02:09:52.390 [DEBUG] [serial] RX 128 bytes: f800000000000000000000f8f800000000000000000000f8f800000000000000000000f8f800000000000000000000f8f800000000000000000000f8f800000000000000000000f8f800000000000000000000f8f800000000000000000000f8f800000000000000000000f8f800000000000000000000f8f800000000000000
02:09:52.390 [DEBUG] [serial] Sin header 0xAA, descartando 128 bytes: f800000000000000000000f8f8000000
02:09:52.399 [DEBUG] [serial] RX 128 bytes: 000000f8f800000000000000000000f8f800000000000000000000f8f800000000000000000000f8f800000000000000000000f8f800000000000000000000f8f800000000000000000000f8f800000000000000000000f8f800000000000000000000f8f800000000000000000000f8f800000000000000000000f8f8000000
02:09:52.400 [DEBUG] [serial] Sin header 0xAA, descartando 128 bytes: 000000f8f800000000000000000000f8
02:09:52.409 [DEBUG] [serial] RX 128 bytes: 00000000000000f8f800000000000000000000f8f800000000000000000000f8f800000000000000000000f8f800000000000000000000f8f800000000000000000000f8f800000000000000000000f8f800000000000000000000f8f800000000000000000000f8f800000000000000000000f8f800000000000000000000f8
02:09:52.409 [DEBUG] [serial] Sin header 0xAA, descartando 128 bytes: 00000000000000f8f800000000000000
02:09:52.418 [DEBUG] [serial] RX 128 bytes: f800000000000000000000f8f800000000000000000000f8f800000000000000000000f8f800000000000000000000f8f800000000000000000000f8f800000000000000000000f8f800000000000000000000f8f800000000000000000000f8f800000000000000000000f8f800000000000000000000f8f800000000000000
02:09:52.418 [DEBUG] [serial] Sin header 0xAA, descartando 128 bytes: f800000000000000000000f8f8000000
02:09:52.427 [DEBUG] [serial] RX 128 bytes: 000000f8f800000000000000000000f8f800000000000000000000f8f800000000000000000000f8f800000000000000000000f8f800000000000000000000f8f800000000000000000000f8f800000000000000000000f8f800000000000000000000f8f800000000000000000000f8f800000000000000000000f8f8000000
02:09:52.432 [DEBUG] [serial] Sin header 0xAA, descartando 128 bytes: 000000f8f800000000000000000000f8
02:09:52.437 [DEBUG] [serial] RX 128 bytes: 00000000000000f8f800000000000000000000f8f800000000000000000000f8f800000000000000000000f8f800000000000000000000f8f800000000000000000000f8f800000000000000000000f8f800000000000000000000f8f800000000000000000000f8f800000000000000000000f8f800000000000000000000f8
02:09:52.437 [DEBUG] [serial] Sin header 0xAA, descartando 128 bytes: 00000000000000f8f800000000000000
02:09:52.446 [DEBUG] [serial] RX 128 bytes: f800000000000000000000f8f800000000000000000000f8f800000000000000000000f8f800000000000000000000f8f800000000000000000000f8f800000000000000000000f8f800000000000000000000f8f800000000000000000000f8f800000000000000000000f8f800000000000000000000f8f800000000000000
02:09:52.446 [DEBUG] [serial] Sin header 0xAA, descartando 128 bytes: f800000000000000000000f8f8000000
02:09:52.455 [DEBUG] [serial] RX 128 bytes: 000000f8f800000000000000000000f8f800000000000000000000f8f800000000000000000000f8f800000000000000000000f8f800000000000000000000f8f800000000000000000000f8f800000000000000000000f8f800000000000000000000f8f800000000000000000000f8f800000000000000000000f8f8000000
02:09:52.455 [DEBUG] [serial] Sin header 0xAA, descartando 128 bytes: 000000f8f800000000000000000000f8
02:09:52.465 [DEBUG] [serial] RX 128 bytes: 00000000000000f8f800000000000000000000f8f800000000000000000000f8f800000000000000000000f8f800000000000000000000f8f800000000000000000000f8f800000000000000000000f8f800000000000000000000f8f800000000000000000000f8f800000000000000000000f8f800000000000000000000f8
02:09:52.465 [DEBUG] [serial] Sin header 0xAA, descartando 128 bytes: 00000000000000f8f800000000000000
02:09:52.474 [DEBUG] [serial] RX 128 bytes: f800000000000000000000f8f800000000000000000000f8f800000000000000000000f8f800000000000000000000f8f800000000000000000000f8f800000000000000000000f8f800000000000000000000f8f800000000000000000000f8f800000000000000000000f8f800000000000000000000f8f800000000000000
02:09:52.474 [DEBUG] [serial] Sin header 0xAA, descartando 128 bytes: f800000000000000000000f8f8000000
02:09:52.483 [DEBUG] [serial] RX 128 bytes: 000000f8f800000000000000000000f8f800000000000000000000f8f800000000000000000000f8f800000000000000000000f8f800000000000000000000f8f800000000000000000000f8f800000000000000000000f8f800000000000000000000f8f800000000000000000000f8f800000000000000000000f8f8000000
02:09:52.483 [DEBUG] [serial] Sin header 0xAA, descartando 128 bytes: 000000f8f800000000000000000000f8
02:09:52.493 [DEBUG] [serial] RX 128 bytes: 00000000000000f8f800000000000000000000f8f800000000000000000000f8f800000000000000000000f8f800000000000000000000f8f800000000000000000000f8f800000000000000000000f8f800000000000000000000f8f800000000000000000000f8f800000000000000000000f8f800000000000000000000f8
02:09:52.493 [DEBUG] [serial] Sin header 0xAA, descartando 128 bytes: 00000000000000f8f800000000000000
02:09:52.502 [DEBUG] [serial] RX 128 bytes: f800000000000000000000f8f800000000000000000000f8f800000000000000000000f8f800000000000000000000f8f800000000000000000000f8f800000000000000000000f8f800000000000000000000f8f800000000000000000000f8f800000000000000000000f8f800000000000000000000f8f800000000000000
02:09:52.502 [DEBUG] [serial] Sin header 0xAA, descartando 128 bytes: f800000000000000000000f8f8000000
02:09:52.511 [DEBUG] [serial] RX 128 bytes: 000000f8f800000000000000000000f8f800000000000000000000f8f800000000000000000000f8f800000000000000000000f8f800000000000000000000f8f800000000000000000000f8f800000000000000000000f8f800000000000000000000f8f800000000000000000000f8f800000000000000000000f8f8000000
02:09:52.511 [DEBUG] [serial] Sin header 0xAA, descartando 128 bytes: 000000f8f800000000000000000000f8
02:09:52.520 [DEBUG] [serial] RX 128 bytes: 00000000000000f8f800000000000000000000f8f800000000000000000000f8f800000000000000000000f8f800000000000000000000f8f800000000000000000000f8f800000000000000000000f8f800000000000000000000f8f800000000000000000000f8f800000000000000000000f8f800000000000000000000f8
02:09:52.521 [DEBUG] [serial] Sin header 0xAA, descartando 128 bytes: 00000000000000f8f800000000000000
02:09:52.530 [DEBUG] [serial] RX 128 bytes: f800000000000000000000f8f800000000000000000000f8f800000000000000000000f8f800000000000000000000f8f800000000000000000000f8f800000000000000000000f8f800000000000000000000f8f800000000000000000000f8f800000000000000000000f8f800000000000000000000f8f800000000000000
02:09:52.530 [DEBUG] [serial] Sin header 0xAA, descartando 128 bytes: f800000000000000000000f8f8000000
02:09:52.539 [DEBUG] [serial] RX 128 bytes: 000000f8f800000000000000000000f8f800000000000000000000f8f800000000000000000000f8f800000000000000000000f8f800000000000000000000f8f800000000000000000000f8f800000000000000000000f8f800000000000000000000f8f800000000000000000000f8f800000000000000000000f8f8000000
02:09:52.539 [DEBUG] [serial] Sin header 0xAA, descartando 128 bytes: 000000f8f800000000000000000000f8
02:09:52.548 [DEBUG] [serial] RX 128 bytes: 00000000000000f8f800000000000000000000f8f800000000000000000000f8f800000000000000000000f8f800000000000000000000f8f800000000000000000000f8f800000000000000000000f8f800000000000000000000f8f800000000000000000000f8f800000000000000000000f8f800000000000000000000f8
02:09:52.549 [DEBUG] [serial] Sin header 0xAA, descartando 128 bytes: 00000000000000f8f800000000000000
02:09:52.558 [DEBUG] [serial] RX 128 bytes: f800000000000000000000f8f800000000000000000000f8f800000000000000000000f8f800000000000000000000f8f800000000000000000000f8f800000000000000000000f8f800000000000000000000f8f800000000000000000000f8f800000000000000000000f8f800000000000000000000f8f800000000000000
02:09:52.558 [DEBUG] [serial] Sin header 0xAA, descartando 128 bytes: f800000000000000000000f8f8000000
02:09:52.567 [DEBUG] [serial] RX 128 bytes: 000000f8f800000000000000000000f8f800000000000000000000f8f800000000000000000000f8f800000000000000000000f8f800000000000000000000f8f800000000000000000000f8f800000000000000000000f8f800000000000000000000f8f800000000000000000000f8f800000000000000000000f8f8000000
02:09:52.567 [DEBUG] [serial] Sin header 0xAA, descartando 128 bytes: 000000f8f800000000000000000000f8
02:09:52.576 [DEBUG] [serial] RX 128 bytes: 00000000000000f8f800000000000000000000f8f800000000000000000000f8f800000000000000000000f8f800000000000000000000f8f800000000000000000000f8f800000000000000000000f8f800000000000000000000f8f800000000000000000000f8f800000000000000000000f8f800000000000000000000f8
02:09:52.576 [DEBUG] [serial] Sin header 0xAA, descartando 128 bytes: 00000000000000f8f800000000000000
02:09:52.586 [DEBUG] [serial] RX 128 bytes: f800000000000000000000f8f800000000000000000000f8f800000000000000000000f8f800000000000000000000f8f800000000000000000000f8f800000000000000000000f8f800000000000000000000f8f800000000000000000000f8f800000000000000000000f8f800000000000000000000f8f800000000000000
02:09:52.586 [DEBUG] [serial] Sin header 0xAA, descartando 128 bytes: f800000000000000000000f8f8000000
02:09:52.595 [DEBUG] [serial] RX 128 bytes: 000000f8f800000000000000000000f8f800000000000000000000f8f800000000000000000000f8f800000000000000000000f8f800000000000000000000f8f800000000000000000000f8f800000000000000000000f8f800000000000000000000f8f800000000000000000000f8f800000000000000000000f8f8000000
02:09:52.595 [DEBUG] [serial] Sin header 0xAA, descartando 128 bytes: 000000f8f800000000000000000000f8
02:09:52.604 [DEBUG] [serial] RX 128 bytes: 00000000000000f8f800000000000000000000f8f800000000000000000000f8f800000000000000000000f8f800000000000000000000f8f800000000000000000000f8f800000000000000000000f8f800000000000000000000f8f800000000000000000000f8f800000000000000000000f8f800000000000000000000f8
02:09:52.604 [DEBUG] [serial] Sin header 0xAA, descartando 128 bytes: 00000000000000f8f800000000000000
02:09:52.613 [DEBUG] [serial] RX 128 bytes: f800000000000000000000f8f800000000000000000000f8f800000000000000000000f8f800000000000000000000f8f800000000000000000000f8f800000000000000000000f8f800000000000000000000f8f800000000000000000000f8f800000000000000000000f8f800000000000000000000f8f800000000000000
02:09:52.614 [DEBUG] [serial] Sin header 0xAA, descartando 128 bytes: f800000000000000000000f8f8000000
02:09:52.623 [DEBUG] [serial] RX 128 bytes: 000000f8f800000000000000000000f8f800000000000000000000f8f800000000000000000000f8f800000000000000000000f8f800000000000000000000f8f800000000000000000000f8f800000000000000000000f8f800000000000000000000f8f800000000000000000000f8f800000000000000000000f8f8000000
02:09:52.623 [DEBUG] [serial] Sin header 0xAA, descartando 128 bytes: 000000f8f800000000000000000000f8
02:09:52.632 [DEBUG] [serial] RX 128 bytes: 00000000000000f8f800000000000000000000f8f800000000000000000000f8f800000000000000000000f8f800000000000000000000f8f800000000000000000000f8f800000000000000000000f8f800000000000000000000f8f800000000000000000000f8f800000000000000000000f8f800000000000000000000f8
02:09:52.632 [DEBUG] [serial] Sin header 0xAA, descartando 128 bytes: 00000000000000f8f800000000000000
02:09:52.642 [DEBUG] [serial] RX 128 bytes: f800000000000000000000f8f800000000000000000000f8f800000000000000000000f8f800000000000000000000f8f800000000000000000000f8f800000000000000000000f8f800000000000000000000f8f800000000000000000000f8f800000000000000000000f8f800000000000000000000f8f800000000000000
02:09:52.642 [DEBUG] [serial] Sin header 0xAA, descartando 128 bytes: f800000000000000000000f8f8000000
02:09:52.651 [DEBUG] [serial] RX 128 bytes: 000000f8f800000000000000000000f8f800000000000000000000f8f800000000000000000000f8f800000000000000000000f8f800000000000000000000f8f800000000000000000000f8f800000000000000000000f8f800000000000000000000f8f800000000000000000000f8f800000000000000000000f8f8000000
02:09:52.651 [DEBUG] [serial] Sin header 0xAA, descartando 128 bytes: 000000f8f800000000000000000000f8
02:09:52.660 [DEBUG] [serial] RX 128 bytes: 00000000000000f8f800000000000000000000f8f800000000000000000000f8f800000000000000000000f8f800000000000000000000f8f800000000000000000000f8f800000000000000000000f8f800000000000000000000f8f800000000000000000000f8f800000000000000000000f8f800000000000000000000f8
02:09:52.660 [DEBUG] [serial] Sin header 0xAA, descartando 128 bytes: 00000000000000f8f800000000000000
02:09:52.669 [DEBUG] [serial] RX 128 bytes: f800000000000000000000f8f800000000000000000000f8f800000000000000000000f8f800000000000000000000f8f800000000000000000000f8f800000000000000000000f8f800000000000000000000f8f800000000000000000000f8f800000000000000000000f8f800000000000000000000f8f800000000000000
02:09:52.670 [DEBUG] [serial] Sin header 0xAA, descartando 128 bytes: f800000000000000000000f8f8000000
02:09:52.679 [DEBUG] [serial] RX 128 bytes: 000000f8f800000000000000000000f8f800000000000000000000f8f800000000000000000000f8f800000000000000000000f8f800000000000000000000f8f800000000000000000000f8f800000000000000000000f8f800000000000000000000f8f800000000000000000000f8f800000000000000000000f8f8000000
02:09:52.679 [DEBUG] [serial] Sin header 0xAA, descartando 128 bytes: 000000f8f800000000000000000000f8
02:09:52.688 [DEBUG] [serial] RX 128 bytes: 00000000000000f8f800000000000000000000f8f800000000000000000000f8f800000000000000000000f8f800000000000000000000f8f800000000000000000000f8f800000000000000000000f8f800000000000000000000f8f800000000000000000000f8f800000000000000000000f8f800000000000000000000f8
02:09:52.688 [DEBUG] [serial] Sin header 0xAA, descartando 128 bytes: 00000000000000f8f800000000000000
02:09:52.697 [DEBUG] [serial] RX 128 bytes: f800000000000000000000f8f800000000000000000000f8f800000000000000000000f8f800000000000000000000f8f800000000000000000000f8f800000000000000000000f8f800000000000000000000f8f800000000000000000000f8f800000000000000000000f8f800000000000000000000f8f800000000000000
02:09:52.697 [DEBUG] [serial] Sin header 0xAA, descartando 128 bytes: f800000000000000000000f8f8000000
02:09:52.707 [DEBUG] [serial] RX 128 bytes: 000000f8f800000000000000000000f8f800000000000000000000f8f800000000000000000000f8f800000000000000000000f8f800000000000000000000f8f800000000000000000000f8f800000000000000000000f8f800000000000000000000f8f800000000000000000000f8f800000000000000000000f8f8000000
02:09:52.707 [DEBUG] [serial] Sin header 0xAA, descartando 128 bytes: 000000f8f800000000000000000000f8
02:09:52.716 [DEBUG] [serial] RX 128 bytes: 00000000000000f8f800000000000000000000f8f800000000000000000000f8f800000000000000000000f8f800000000000000000000f8f800000000000000000000f8f800000000000000000000f8f800000000000000000000f8f800000000000000000000f8f800000000000000000000f8f800000000000000000000f8
02:09:52.716 [DEBUG] [serial] Sin header 0xAA, descartando 128 bytes: 00000000000000f8f800000000000000
02:09:52.725 [DEBUG] [serial] RX 128 bytes: f800000000000000000000f8f800000000000000000000f8f800000000000000000000f8f800000000000000000000f8f800000000000000000000f8f800000000000000000000f8f800000000000000000000f8f800000000000000000000f8f800000000000000000000f8f800000000000000000000f8f800000000000000
02:09:52.725 [DEBUG] [serial] Sin header 0xAA, descartando 128 bytes: f800000000000000000000f8f8000000
02:09:52.734 [DEBUG] [serial] RX 128 bytes: 000000f8f800000000000000000000f8f800000000000000000000f8f800000000000000000000f8f800000000000000000000f8f800000000000000000000f8f800000000000000000000f8f800000000000000000000f8f800000000000000000000f8f800000000000000000000f8f800000000000000000000f8f8000000
02:09:52.735 [DEBUG] [serial] Sin header 0xAA, descartando 128 bytes: 000000f8f800000000000000000000f8
02:09:52.744 [DEBUG] [serial] RX 128 bytes: 00000000000000f8f800000000000000000000f8f800000000000000000000f8f800000000000000000000f8f800000000000000000000f8f800000000000000000000f8f800000000000000000000f8f800000000000000000000f8f800000000000000000000f8f800000000000000000000f8f800000000000000000000f8
02:09:52.744 [DEBUG] [serial] Sin header 0xAA, descartando 128 bytes: 00000000000000f8f800000000000000
02:09:52.753 [DEBUG] [serial] RX 128 bytes: f800000000000000000000f8f800000000000000000000f8f800000000000000000000f8f800000000000000000000f8f800000000000000000000f8f800000000000000000000f8f800000000000000000000f8f800000000000000000000f8f800000000000000000000f8f800000000000000000000f8f800000000000000
02:09:52.753 [DEBUG] [serial] Sin header 0xAA, descartando 128 bytes: f800000000000000000000f8f8000000
02:09:52.762 [DEBUG] [serial] RX 128 bytes: 000000f8f800000000000000000000f8f800000000000000000000f8f800000000000000000000f8f800000000000000000000f8f800000000000000000000f8f800000000000000000000f8f800000000000000000000f8f800000000000000000000f8f800000000000000000000f8f800000000000000000000f8f8000000
02:09:52.763 [DEBUG] [serial] Sin header 0xAA, descartando 128 bytes: 000000f8f800000000000000000000f8
02:09:52.772 [DEBUG] [serial] RX 128 bytes: 00000000000000f8f800000000000000000000f8f800000000000000000000f8f800000000000000000000f8f800000000000000000000f8f800000000000000000000f8f800000000000000000000f8f800000000000000000000f8f800000000000000000000f8f800000000000000000000f8f800000000000000000000f8
02:09:52.772 [DEBUG] [serial] Sin header 0xAA, descartando 128 bytes: 00000000000000f8f800000000000000
02:09:52.781 [DEBUG] [serial] RX 128 bytes: f800000000000000000000f8f800000000000000000000f8f800000000000000000000f8f800000000000000000000f8f800000000000000000000f8f800000000000000000000f8f800000000000000000000f8f800000000000000000000f8f800000000000000000000f8f800000000000000000000f8f800000000000000
02:09:52.781 [DEBUG] [serial] Sin header 0xAA, descartando 128 bytes: f800000000000000000000f8f8000000
02:09:52.790 [DEBUG] [serial] RX 128 bytes: 000000f8f800000000000000000000f8f800000000000000000000f8f800000000000000000000f8f800000000000000000000f8f800000000000000000000f8f800000000000000000000f8f800000000000000000000f8f800000000000000000000f8f800000000000000000000f8f800000000000000000000f8f8000000
02:09:52.791 [DEBUG] [serial] Sin header 0xAA, descartando 128 bytes: 000000f8f800000000000000000000f8
02:09:52.800 [DEBUG] [serial] RX 128 bytes: 00000000000000f8f800000000000000000000f8f800000000000000000000f8f800000000000000000000f8f800000000000000000000f8f800000000000000000000f8f800000000000000000000f8f800000000000000000000f8f800000000000000000000f8f800000000000000000000f8f800000000000000000000f8
02:09:52.800 [DEBUG] [serial] Sin header 0xAA, descartando 128 bytes: 00000000000000f8f800000000000000
02:09:52.809 [DEBUG] [serial] RX 128 bytes: f800000000000000000000f8f800000000000000000000f8f800000000000000000000f8f800000000000000000000f8f800000000000000000000f8f800000000000000000000f8f800000000000000000000f8f800000000000000000000f8f800000000000000000000f8f800000000000000000000f8f800000000000000
02:09:52.809 [DEBUG] [serial] Sin header 0xAA, descartando 128 bytes: f800000000000000000000f8f8000000
02:09:52.818 [DEBUG] [serial] RX 128 bytes: 000000f8f800000000000000000000f8f800000000000000000000f8f800000000000000000000f8f800000000000000000000f8f800000000000000000000f8f800000000000000000000f8f800000000000000000000f8f800000000000000000000f8f800000000000000000000f8f800000000000000000000f8f8000000
02:09:52.818 [DEBUG] [serial] Sin header 0xAA, descartando 128 bytes: 000000f8f800000000000000000000f8
02:09:52.828 [DEBUG] [serial] RX 128 bytes: 00000000000000f8f800000000000000000000f8f800000000000000000000f8f800000000000000000000f8f800000000000000000000f8f800000000000000000000f8f800000000000000000000f8f800000000000000000000f8f800000000000000000000f8f800000000000000000000f8f800000000000000000000f8
02:09:52.828 [DEBUG] [serial] Sin header 0xAA, descartando 128 bytes: 00000000000000f8f800000000000000
02:09:52.837 [DEBUG] [serial] RX 128 bytes: f800000000000000000000f8f800000000000000000000f8f800000000000000000000f8f800000000000000000000f8f800000000000000000000f8f800000000000000000000f8f800000000000000000000f8f800000000000000000000f8f800000000000000000000f8f800000000000000000000f8f800000000000000
02:09:52.837 [DEBUG] [serial] Sin header 0xAA, descartando 128 bytes: f800000000000000000000f8f8000000
02:09:52.846 [DEBUG] [serial] RX 128 bytes: 000000f8f800000000000000000000f8f800000000000000000000f8f800000000000000000000f8f800000000000000000000f8f800000000000000000000f8f800000000000000000000f8f800000000000000000000f8f800000000000000000000f8f800000000000000000000f8f800000000000000000000f8f8000000
02:09:52.846 [DEBUG] [serial] Sin header 0xAA, descartando 128 bytes: 000000f8f800000000000000000000f8
02:09:52.856 [DEBUG] [serial] RX 128 bytes: 00000000000000f8f800000000000000000000f8f800000000000000000000f8f800000000000000000000f8f800000000000000000000f8f800000000000000000000f8f800000000000000000000f8f800000000000000000000f8f800000000000000000000f8f800000000000000000000f8f800000000000000000000f8
02:09:52.856 [DEBUG] [serial] Sin header 0xAA, descartando 128 bytes: 00000000000000f8f800000000000000
02:09:52.865 [DEBUG] [serial] RX 128 bytes: f800000000000000000000f8f800000000000000000000f8f800000000000000000000f8f800000000000000000000f8f800000000000000000000f8f800000000000000000000f8f800000000000000000000f8f800000000000000000000f8f800000000000000000000f8f800000000000000000000f8f800000000000000
02:09:52.865 [DEBUG] [serial] Sin header 0xAA, descartando 128 bytes: f800000000000000000000f8f8000000
02:09:52.865 [INFO] [serial] Stats: 0 pkts, 203520 bytes rx
02:09:52.874 [DEBUG] [serial] RX 128 bytes: 000000f8f800000000000000000000f8f800000000000000000000f8f800000000000000000000f8f800000000000000000000f8f800000000000000000000f8f800000000000000000000f8f800000000000000000000f8f800000000000000000000f8f800000000000000000000f8f800000000000000000000f8f8000000
02:09:52.875 [DEBUG] [serial] Sin header 0xAA, descartando 128 bytes: 000000f8f800000000000000000000f8
02:09:52.883 [DEBUG] [serial] RX 128 bytes: 00000000000000f8f800000000000000000000f8f800000000000000000000f8f800000000000000000000f8f800000000000000000000f8f800000000000000000000f8f800000000000000000000f8f800000000000000000000f8f800000000000000000000f8f800000000000000000000f8f800000000000000000000f8
02:09:52.884 [DEBUG] [serial] Sin header 0xAA, descartando 128 bytes: 00000000000000f8f800000000000000
02:09:52.893 [DEBUG] [serial] RX 128 bytes: f800000000000000000000f8f800000000000000000000f8f800000000000000000000f8f800000000000000000000f8f800000000000000000000f8f800000000000000000000f8f800000000000000000000f8f800000000000000000000f8f800000000000000000000f8f800000000000000000000f8f800000000000000
02:09:52.893 [DEBUG] [serial] Sin header 0xAA, descartando 128 bytes: f800000000000000000000f8f8000000
02:09:52.902 [DEBUG] [serial] RX 128 bytes: 000000f8f800000000000000000000f8f800000000000000000000f8f800000000000000000000f8f800000000000000000000f8f800000000000000000000f8f800000000000000000000f8f800000000000000000000f8f800000000000000000000f8f800000000000000000000f8f800000000000000000000f8f8000000
02:09:52.902 [DEBUG] [serial] Sin header 0xAA, descartando 128 bytes: 000000f8f800000000000000000000f8
02:09:52.911 [DEBUG] [serial] RX 128 bytes: 00000000000000f8f800000000000000000000f8f800000000000000000000f8f800000000000000000000f8f800000000000000000000f8f800000000000000000000f8f800000000000000000000f8f800000000000000000000f8f800000000000000000000f8f800000000000000000000f8f800000000000000000000f8
02:09:52.912 [DEBUG] [serial] Sin header 0xAA, descartando 128 bytes: 00000000000000f8f800000000000000
02:09:52.921 [DEBUG] [serial] RX 128 bytes: f800000000000000000000f8f800000000000000000000f8f800000000000000000000f8f800000000000000000000f8f800000000000000000000f8f800000000000000000000f8f800000000000000000000f8f800000000000000000000f8f800000000000000000000f8f800000000000000000000f8f800000000000000
02:09:52.921 [DEBUG] [serial] Sin header 0xAA, descartando 128 bytes: f800000000000000000000f8f8000000
02:09:52.930 [DEBUG] [serial] RX 128 bytes: 000000f8f800000000000000000000f8f800000000000000000000f8f800000000000000000000f8f800000000000000000000f8f800000000000000000000f8f800000000000000000000f8f800000000000000000000f8f800000000000000000000f8f800000000000000000000f8f800000000000000000000f8f8000000
02:09:52.930 [DEBUG] [serial] Sin header 0xAA, descartando 128 bytes: 000000f8f800000000000000000000f8
02:09:52.939 [DEBUG] [serial] RX 128 bytes: 00000000000000f8f800000000000000000000f8f800000000000000000000f8f800000000000000000000f8f800000000000000000000f8f800000000000000000000f8f800000000000000000000f8f800000000000000000000f8f800000000000000000000f8f800000000000000000000f8f800000000000000000000f8
02:09:52.940 [DEBUG] [serial] Sin header 0xAA, descartando 128 bytes: 00000000000000f8f800000000000000
02:09:52.949 [DEBUG] [serial] RX 128 bytes: f800000000000000000000f8f800000000000000000000f8f800000000000000000000f8f800000000000000000000f8f800000000000000000000f8f800000000000000000000f8f800000000000000000000f8f800000000000000000000f8f800000000000000000000f8f800000000000000000000f8f800000000000000
02:09:52.949 [DEBUG] [serial] Sin header 0xAA, descartando 128 bytes: f800000000000000000000f8f8000000
02:09:52.958 [DEBUG] [serial] RX 128 bytes: 000000f8f800000000000000000000f8f800000000000000000000f8f800000000000000000000f8f800000000000000000000f8f800000000000000000000f8f800000000000000000000f8f800000000000000000000f8f800000000000000000000f8f800000000000000000000f8f800000000000000000000f8f8000000
02:09:52.958 [DEBUG] [serial] Sin header 0xAA, descartando 128 bytes: 000000f8f800000000000000000000f8
02:09:52.968 [DEBUG] [serial] RX 128 bytes: 00000000000000f8f800000000000000000000f8f800000000000000000000f8f800000000000000000000f8f800000000000000000000f8f800000000000000000000f8f800000000000000000000f8f800000000000000000000f8f800000000000000000000f8f800000000000000000000f8f800000000000000000000f8
02:09:52.968 [DEBUG] [serial] Sin header 0xAA, descartando 128 bytes: 00000000000000f8f800000000000000
02:09:52.977 [DEBUG] [serial] RX 128 bytes: f800000000000000000000f8f800000000000000000000f8f800000000000000000000f8f800000000000000000000f8f800000000000000000000f8f800000000000000000000f8f800000000000000000000f8f800000000000000000000f8f800000000000000000000f8f800000000000000000000f8f800000000000000
02:09:52.977 [DEBUG] [serial] Sin header 0xAA, descartando 128 bytes: f800000000000000000000f8f8000000
02:09:52.986 [DEBUG] [serial] RX 128 bytes: 000000f8f800000000000000000000f8f800000000000000000000f8f800000000000000000000f8f800000000000000000000f8f800000000000000000000f8f800000000000000000000f8f800000000000000000000f8f800000000000000000000f8f800000000000000000000f8f800000000000000000000f8f8000000
02:09:52.986 [DEBUG] [serial] Sin header 0xAA, descartando 128 bytes: 000000f8f800000000000000000000f8
02:09:52.995 [DEBUG] [serial] RX 128 bytes: 00000000000000f8f800000000000000000000f8f800000000000000000000f8f800000000000000000000f8f800000000000000000000f8f800000000000000000000f8f800000000000000000000f8f800000000000000000000f8f800000000000000000000f8f800000000000000000000f8f800000000000000000000f8
02:09:52.995 [DEBUG] [serial] Sin header 0xAA, descartando 128 bytes: 00000000000000f8f800000000000000
02:09:53.005 [DEBUG] [serial] RX 128 bytes: f800000000000000000000f8f800000000000000000000f8f800000000000000000000f8f800000000000000000000f8f800000000000000000000f8f800000000000000000000f8f800000000000000000000f8f800000000000000000000f8f800000000000000000000f8f800000000000000000000f8f800000000000000
02:09:53.005 [DEBUG] [serial] Sin header 0xAA, descartando 128 bytes: f800000000000000000000f8f8000000
02:09:53.014 [DEBUG] [serial] RX 128 bytes: 000000f8f800000000000000000000f8f800000000000000000000f8f800000000000000000000f8f800000000000000000000f8f800000000000000000000f8f800000000000000000000f8f800000000000000000000f8f800000000000000000000f8f800000000000000000000f8f800000000000000000000f8f8000000
02:09:53.014 [DEBUG] [serial] Sin header 0xAA, descartando 128 bytes: 000000f8f800000000000000000000f8
02:09:53.023 [DEBUG] [serial] RX 128 bytes: 00000000000000f8f800000000000000000000f8f800000000000000000000f8f800000000000000000000f8f800000000000000000000f8f800000000000000000000f8f800000000000000000000f8f800000000000000000000f8f800000000000000000000f8f800000000000000000000f8f800000000000000000000f8
02:09:53.023 [DEBUG] [serial] Sin header 0xAA, descartando 128 bytes: 00000000000000f8f800000000000000
02:09:53.032 [DEBUG] [serial] RX 128 bytes: f800000000000000000000f8f800000000000000000000f8f800000000000000000000f8f800000000000000000000f8f800000000000000000000f8f800000000000000000000f8f800000000000000000000f8f800000000000000000000f8f800000000000000000000f8f800000000000000000000f8f800000000000000
02:09:53.033 [DEBUG] [serial] Sin header 0xAA, descartando 128 bytes: f800000000000000000000f8f8000000
02:09:53.042 [DEBUG] [serial] RX 128 bytes: 000000f8f800000000000000000000f8f800000000000000000000f8f800000000000000000000f8f800000000000000000000f8f800000000000000000000f8f800000000000000000000f8f800000000000000000000f8f800000000000000000000f8f800000000000000000000f8f800000000000000000000f8f8000000
02:09:53.042 [DEBUG] [serial] Sin header 0xAA, descartando 128 bytes: 000000f8f800000000000000000000f8
02:09:53.051 [DEBUG] [serial] RX 128 bytes: 00000000000000f8f800000000000000000000f8f800000000000000000000f8f800000000000000000000f8f800000000000000000000f8f800000000000000000000f8f800000000000000000000f8f800000000000000000000f8f800000000000000000000f8f800000000000000000000f8f800000000000000000000f8
02:09:53.051 [DEBUG] [serial] Sin header 0xAA, descartando 128 bytes: 00000000000000f8f800000000000000
02:09:53.060 [DEBUG] [serial] RX 128 bytes: f800000000000000000000f8f800000000000000000000f8f800000000000000000000f8f800000000000000000000f8f800000000000000000000f8f800000000000000000000f8f800000000000000000000f8f800000000000000000000f8f800000000000000000000f8f800000000000000000000f8f800000000000000
02:09:53.061 [DEBUG] [serial] Sin header 0xAA, descartando 128 bytes: f800000000000000000000f8f8000000
02:09:53.070 [DEBUG] [serial] RX 128 bytes: 000000f8f800000000000000000000f8f800000000000000000000f8f800000000000000000000f8f800000000000000000000f8f800000000000000000000f8f800000000000000000000f8f800000000000000000000f8f800000000000000000000f8f800000000000000000000f8f800000000000000000000f8f8000000
02:09:53.070 [DEBUG] [serial] Sin header 0xAA, descartando 128 bytes: 000000f8f800000000000000000000f8
02:09:53.079 [DEBUG] [serial] RX 128 bytes: 00000000000000f8f800000000000000000000f8f800000000000000000000f8f800000000000000000000f8f800000000000000000000f8f800000000000000000000f8f800000000000000000000f8f800000000000000000000f8f800000000000000000000f8f800000000000000000000f8f800000000000000000000f8
02:09:53.079 [DEBUG] [serial] Sin header 0xAA, descartando 128 bytes: 00000000000000f8f800000000000000
02:09:53.088 [DEBUG] [serial] RX 128 bytes: f800000000000000000000f8f800000000000000000000f8f800000000000000000000f8f800000000000000000000f8f800000000000000000000f8f800000000000000000000f8f800000000000000000000f8f800000000000000000000f8f800000000000000000000f8f800000000000000000000f8f800000000000000
02:09:53.089 [DEBUG] [serial] Sin header 0xAA, descartando 128 bytes: f800000000000000000000f8f8000000
02:09:53.098 [DEBUG] [serial] RX 128 bytes: 000000f8f800000000000000000000f8f800000000000000000000f8f800000000000000000000f8f800000000000000000000f8f800000000000000000000f8f800000000000000000000f8f800000000000000000000f8f800000000000000000000f8f800000000000000000000f8f800000000000000000000f8f8000000
02:09:53.098 [DEBUG] [serial] Sin header 0xAA, descartando 128 bytes: 000000f8f800000000000000000000f8
02:09:53.107 [DEBUG] [serial] RX 128 bytes: 00000000000000f8f800000000000000000000f8f800000000000000000000f8f800000000000000000000f8f800000000000000000000f8f800000000000000000000f8f800000000000000000000f8f800000000000000000000f8f800000000000000000000f8f800000000000000000000f8f800000000000000000000f8
02:09:53.107 [DEBUG] [serial] Sin header 0xAA, descartando 128 bytes: 00000000000000f8f800000000000000
02:09:53.116 [DEBUG] [serial] RX 128 bytes: f800000000000000000000f8f800000000000000000000f8f800000000000000000000f8f800000000000000000000f8f800000000000000000000f8f800000000000000000000f8f800000000000000000000f8f800000000000000000000f8f800000000000000000000f8f800000000000000000000f8f800000000000000
02:09:53.117 [DEBUG] [serial] Sin header 0xAA, descartando 128 bytes: f800000000000000000000f8f8000000
02:09:53.126 [DEBUG] [serial] RX 128 bytes: 000000f8f800000000000000000000f8f800000000000000000000f8f800000000000000000000f8f800000000000000000000f8f800000000000000000000f8f800000000000000000000f8f800000000000000000000f8f800000000000000000000f8f800000000000000000000f8f800000000000000000000f8f8000000
02:09:53.126 [DEBUG] [serial] Sin header 0xAA, descartando 128 bytes: 000000f8f800000000000000000000f8
02:09:53.135 [DEBUG] [serial] RX 128 bytes: 00000000000000f8f800000000000000000000f8f800000000000000000000f8f800000000000000000000f8f800000000000000000000f8f800000000000000000000f8f800000000000000000000f8f800000000000000000000f8f800000000000000000000f8f800000000000000000000f8f800000000000000000000f8
02:09:53.135 [DEBUG] [serial] Sin header 0xAA, descartando 128 bytes: 00000000000000f8f800000000000000
02:09:53.144 [DEBUG] [serial] RX 128 bytes: f800000000000000000000f8f800000000000000000000f8f800000000000000000000f8f800000000000000000000f8f800000000000000000000f8f800000000000000000000f8f800000000000000000000f8f800000000000000000000f8f800000000000000000000f8f800000000000000000000f8f800000000000000
02:09:53.144 [DEBUG] [serial] Sin header 0xAA, descartando 128 bytes: f800000000000000000000f8f8000000
02:09:53.153 [DEBUG] [serial] RX 128 bytes: 000000f8f800000000000000000000f8f800000000000000000000f8f800000000000000000000f8f800000000000000000000f8f800000000000000000000f8f800000000000000000000f8f800000000000000000000f8f800000000000000000000f8f800000000000000000000f8f800000000000000000000f8f8000000
02:09:53.154 [DEBUG] [serial] Sin header 0xAA, descartando 128 bytes: 000000f8f800000000000000000000f8
02:09:53.163 [DEBUG] [serial] RX 128 bytes: 00000000000000f8f800000000000000000000f8f800000000000000000000f8f800000000000000000000f8f800000000000000000000f8f800000000000000000000f8f800000000000000000000f8f800000000000000000000f8f800000000000000000000f8f800000000000000000000f8f800000000000000000000f8
02:09:53.163 [DEBUG] [serial] Sin header 0xAA, descartando 128 bytes: 00000000000000f8f800000000000000
02:09:53.172 [DEBUG] [serial] RX 128 bytes: f800000000000000000000f8f800000000000000000000f8f800000000000000000000f8f800000000000000000000f8f800000000000000000000f8f800000000000000000000f8f800000000000000000000f8f800000000000000000000f8f800000000000000000000f8f800000000000000000000f8f800000000000000
02:09:53.172 [DEBUG] [serial] Sin header 0xAA, descartando 128 bytes: f800000000000000000000f8f8000000
02:09:53.181 [DEBUG] [serial] RX 128 bytes: 000000f8f800000000000000000000f8f800000000000000000000f8f800000000000000000000f8f800000000000000000000f8f800000000000000000000f8f800000000000000000000f8f800000000000000000000f8f800000000000000000000f8f800000000000000000000f8f800000000000000000000f8f8000000
02:09:53.182 [DEBUG] [serial] Sin header 0xAA, descartando 128 bytes: 000000f8f800000000000000000000f8
02:09:53.191 [DEBUG] [serial] RX 128 bytes: 00000000000000f8f800000000000000000000f8f800000000000000000000f8f800000000000000000000f8f800000000000000000000f8f800000000000000000000f8f800000000000000000000f8f800000000000000000000f8f800000000000000000000f8f800000000000000000000f8f800000000000000000000f8
02:09:53.191 [DEBUG] [serial] Sin header 0xAA, descartando 128 bytes: 00000000000000f8f800000000000000
02:09:53.200 [DEBUG] [serial] RX 128 bytes: f800000000000000000000f8f800000000000000000000f8f800000000000000000000f8f800000000000000000000f8f800000000000000000000f8f800000000000000000000f8f800000000000000000000f8f800000000000000000000f8f800000000000000000000f8f800000000000000000000f8f800000000000000
02:09:53.200 [DEBUG] [serial] Sin header 0xAA, descartando 128 bytes: f800000000000000000000f8f8000000
02:09:53.209 [DEBUG] [serial] RX 128 bytes: 000000f8f800000000000000000000f8f800000000000000000000f8f800000000000000000000f8f800000000000000000000f8f800000000000000000000f8f800000000000000000000f8f800000000000000000000f8f800000000000000000000f8f800000000000000000000f8f800000000000000000000f8f8000000
02:09:53.210 [DEBUG] [serial] Sin header 0xAA, descartando 128 bytes: 000000f8f800000000000000000000f8
02:09:53.219 [DEBUG] [serial] RX 128 bytes: 00000000000000f8f800000000000000000000f8f800000000000000000000f8f800000000000000000000f8f800000000000000000000f8f800000000000000000000f8f800000000000000000000f8f800000000000000000000f8f800000000000000000000f8f800000000000000000000f8f800000000000000000000f8
02:09:53.219 [DEBUG] [serial] Sin header 0xAA, descartando 128 bytes: 00000000000000f8f800000000000000
02:09:53.228 [DEBUG] [serial] RX 128 bytes: f800000000000000000000f8f800000000000000000000f8f800000000000000000000f8f800000000000000000000f8f800000000000000000000f8f800000000000000000000f8f800000000000000000000f8f800000000000000000000f8f800000000000000000000f8f800000000000000000000f8f800000000000000
02:09:53.228 [DEBUG] [serial] Sin header 0xAA, descartando 128 bytes: f800000000000000000000f8f8000000
02:09:53.237 [DEBUG] [serial] RX 128 bytes: 000000f8f800000000000000000000f8f800000000000000000000f8f800000000000000000000f8f800000000000000000000f8f800000000000000000000f8f800000000000000000000f8f800000000000000000000f8f800000000000000000000f8f800000000000000000000f8f800000000000000000000f8f8000000
02:09:53.237 [DEBUG] [serial] Sin header 0xAA, descartando 128 bytes: 000000f8f800000000000000000000f8
02:09:53.247 [DEBUG] [serial] RX 128 bytes: 00000000000000f8f800000000000000000000f8f800000000000000000000f8f800000000000000000000f8f800000000000000000000f8f800000000000000000000f8f800000000000000000000f8f800000000000000000000f8f800000000000000000000f8f800000000000000000000f8f800000000000000000000f8
02:09:53.247 [DEBUG] [serial] Sin header 0xAA, descartando 128 bytes: 00000000000000f8f800000000000000
02:09:53.256 [DEBUG] [serial] RX 128 bytes: f800000000000000000000f8f800000000000000000000f8f800000000000000000000f8f800000000000000000000f8f800000000000000000000f8f800000000000000000000f8f800000000000000000000f8f800000000000000000000f8f800000000000000000000f8f800000000000000000000f8f800000000000000
02:09:53.256 [DEBUG] [serial] Sin header 0xAA, descartando 128 bytes: f800000000000000000000f8f8000000
02:09:53.265 [DEBUG] [serial] RX 128 bytes: 000000f8f800000000000000000000f8f800000000000000000000f8f800000000000000000000f8f800000000000000000000f8f800000000000000000000f8f800000000000000000000f8f800000000000000000000f8f800000000000000000000f8f800000000000000000000f8f800000000000000000000f8f8000000
02:09:53.265 [DEBUG] [serial] Sin header 0xAA, descartando 128 bytes: 000000f8f800000000000000000000f8
02:09:53.275 [DEBUG] [serial] RX 128 bytes: 00000000000000f8f800000000000000000000f8f800000000000000000000f8f800000000000000000000f8f800000000000000000000f8f800000000000000000000f8f800000000000000000000f8f800000000000000000000f8f800000000000000000000f8f800000000000000000000f8f800000000000000000000f8
02:09:53.275 [DEBUG] [serial] Sin header 0xAA, descartando 128 bytes: 00000000000000f8f800000000000000
02:09:53.284 [DEBUG] [serial] RX 128 bytes: f800000000000000000000f8f800000000000000000000f8f800000000000000000000f8f800000000000000000000f8f800000000000000000000f8f800000000000000000000f8f800000000000000000000f8f800000000000000000000f8f800000000000000000000f8f800000000000000000000f8f800000000000000
02:09:53.284 [DEBUG] [serial] Sin header 0xAA, descartando 128 bytes: f800000000000000000000f8f8000000
02:09:53.293 [DEBUG] [serial] RX 128 bytes: 000000f8f800000000000000000000f8f800000000000000000000f8f800000000000000000000f8f800000000000000000000f8f800000000000000000000f8f800000000000000000000f8f800000000000000000000f8f800000000000000000000f8f800000000000000000000f8f800000000000000000000f8f8000000
02:09:53.293 [DEBUG] [serial] Sin header 0xAA, descartando 128 bytes: 000000f8f800000000000000000000f8
02:09:53.303 [DEBUG] [serial] RX 128 bytes: 00000000000000f8f800000000000000000000f8f800000000000000000000f8f800000000000000000000f8f800000000000000000000f8f800000000000000000000f8f800000000000000000000f8f800000000000000000000f8f800000000000000000000f8f800000000000000000000f8f800000000000000000000f8
02:09:53.303 [DEBUG] [serial] Sin header 0xAA, descartando 128 bytes: 00000000000000f8f800000000000000
02:09:53.312 [DEBUG] [serial] RX 128 bytes: f800000000000000000000f8f800000000000000000000f8f800000000000000000000f8f800000000000000000000f8f800000000000000000000f8f800000000000000000000f8f800000000000000000000f8f800000000000000000000f8f800000000000000000000f8f800000000000000000000f8f800000000000000
02:09:53.312 [DEBUG] [serial] Sin header 0xAA, descartando 128 bytes: f800000000000000000000f8f8000000
02:09:53.321 [DEBUG] [serial] RX 128 bytes: 000000f8f800000000000000000000f8f800000000000000000000f8f800000000000000000000f8f800000000000000000000f8f800000000000000000000f8f800000000000000000000f8f800000000000000000000f8f800000000000000000000f8f800000000000000000000f8f800000000000000000000f8f8000000
02:09:53.322 [DEBUG] [serial] Sin header 0xAA, descartando 128 bytes: 000000f8f800000000000000000000f8
02:09:53.324 [INFO] [GUI] Cerrando ventana...
02:09:53.324 [INFO] [serial] Encolando TX CMD_STOP (close): bb05
02:09:53.324 [INFO] [serial] Solicitando parada del worker...
02:09:53.330 [INFO] [serial] TX CMD_STOP (close): bb05
02:09:53.331 [DEBUG] [serial] TX OK: 2 bytes escritos
02:09:53.331 [DEBUG] [serial] RX 128 bytes: 00000000000000f8f800000000000000000000f8f800000000000000000000f8f800000000000000000000f8f800000000000000000000f8f800000000000000000000f8f800000000000000000000f8f800000000000000000000f8f800000000000000000000f8f800000000000000000000f8f800000000000000000000f8
02:09:53.331 [DEBUG] [serial] Sin header 0xAA, descartando 128 bytes: 00000000000000f8f800000000000000
02:09:53.331 [INFO] [serial] Loop de lectura terminado.
02:09:53.331 [INFO] [serial] Puerto cerrado.
02:09:53.332 [INFO] [GUI] Worker terminado, cerrando.
02:09:53.338 [INFO] [GUI] app.exec_() retorno con codigo 0
