01:07:56.160 [INFO] Log file: C:\Github\Tesis\src\python\geophone_scope - Copy\logs\scope_min_20260420_010756.log
01:07:56.161 [INFO] ============================================================
01:07:56.161 [INFO] scope_min.py arrancando
01:07:56.161 [INFO] ============================================================
01:07:56.161 [INFO] [USB] Buscando dispositivo Cypress (VID=0x04B4)...
01:07:56.167 [INFO] [USB] Puertos encontrados: 1
01:07:56.167 [INFO] [USB]   COM3 | VID=0x04b4 | PID=0xf232 | desc=USB Serial Device (COM3)
01:07:56.167 [INFO] [USB] -> Cypress encontrado en COM3
01:07:56.167 [INFO] Usando puerto: COM3
01:07:56.178 [INFO] [GUI] Iniciando ScopeWindow, puerto=COM3
01:07:56.178 [INFO] [GUI] Construyendo UI...
01:07:56.349 [INFO] [GUI] UI construida OK
01:07:56.349 [INFO] [GUI] Creando SerialWorker para COM3
01:07:56.350 [INFO] [serial] Abriendo puerto COM3 ...
01:07:56.350 [INFO] [GUI] SerialWorker iniciado
01:07:56.350 [INFO] [GUI] Timer de refresh iniciado (80ms)
01:07:56.350 [INFO] [GUI] ScopeWindow lista
01:07:56.525 [INFO] [serial] Puerto abierto: Serial<id=0x22b2bc65180, open=True>(port='COM3', baudrate=115200, bytesize=8, parity='N', stopbits=1, timeout=0.1, xonxoff=False, rtscts=False, dsrdtr=False)
01:07:56.546 [INFO] [GUI] app.exec_() — entrando en event loop Qt
01:07:56.546 [INFO] [serial] Entrando en loop de lectura...
01:07:58.266 [INFO] [GUI] Click START
01:07:58.266 [INFO] [serial] Encolando TX CMD_START: bb04
01:07:58.286 [INFO] [serial] TX CMD_START: bb04
01:07:58.287 [DEBUG] [serial] TX OK: 2 bytes escritos
01:07:58.292 [DEBUG] [serial] RX 128 bytes: aa020000000000000000aa020000000000000000aa020000000000000000aa020000000000000000aa020000000000000000aa020000000000000000aa020000000000000000aa020000000000000000aa020000000000000000aa020000000000000000aa020000000000000000aa020000000000000000aa02000000000000
01:07:58.292 [DEBUG] [serial] PKT #1: flags=0x02 in=0 ds=0 flt=0
01:07:58.292 [DEBUG] [serial] PKT #2: flags=0x02 in=0 ds=0 flt=0
01:07:58.292 [DEBUG] [serial] PKT #3: flags=0x02 in=0 ds=0 flt=0
01:07:58.292 [DEBUG] [serial] PKT #4: flags=0x02 in=0 ds=0 flt=0
01:07:58.293 [DEBUG] [serial] PKT #5: flags=0x02 in=0 ds=0 flt=0
01:07:58.294 [DEBUG] [serial] RX 128 bytes: 0000aa020000000000000000aa020000000000000000aa020000000000000000aa020000000000000000aa020000000000000000aa020000000000000000aa020000000000000000aa020000000000000000aa020000000000000000aa020000000000000000aa020000000000000000aa020000000000000000aa0200000000
01:07:58.298 [DEBUG] [serial] RX 128 bytes: 00000000aa020000000000000000aa020000000000000000aa020000000000000000aa020000000000000000aa020000000000000000aa020000000000000000aa020000000000000000aa020000000000000000aa020000000000000000aa020000000000000000aa020000000000000000aa020000000000000000aa020000
01:07:58.302 [DEBUG] [serial] RX 128 bytes: 000000000000aa020000000000000000aa020000000000000000aa020000000000000000aa020000000000000000aa020000000000000000aa020000000000000000aa020000000000000000aa020000000000000000aa020000000000000000aa020000000000000000aa020000000000000000aa020000000000000000aa02
01:07:58.306 [DEBUG] [serial] RX 128 bytes: 0000000000000000aa020000000000000000aa020000000000000000aa020000000000000000aa020000000000000000aa020000000000000000aa020000000000000000aa020000000000000000aa020000000000000000aa020000000000000000aa020000000000000000aa020000000000000000aa020000000000000000
01:07:58.310 [DEBUG] [serial] RX 128 bytes: aa020000000000000000aa020000000000000000aa020000000000000000aa020000000000000000aa020000000000000000aa020000000000000000aa020000000000000000aa020000000000000000aa020000000000000000aa020000000000000000aa020000000000000000aa020000000000000000aa02000000000000
01:07:58.314 [DEBUG] [serial] RX 128 bytes: 0000aa020000000000000000aa020000000000000000aa020000000000000000aa020000000000000000aa020000000000000000aa020000000000000000aa020000000000000000aa020000000000000000aa020000000000000000aa020000000000000000aa020000000000000000aa020000000000000000aa0200000000
01:07:58.318 [DEBUG] [serial] RX 128 bytes: 00000000aa020000000000000000aa020000000000000000aa020000000000000000aa020000000000000000aa020000000000000000aa020000000000000000aa020000000000000000aa020000000000000000aa020000000000000000aa020000000000000000aa020000000000000000aa020000000000000000aa020000
01:07:58.322 [DEBUG] [serial] RX 128 bytes: 000000000000aa020000000000000000aa020000000000000000aa020000000000000000aa020000000000000000aa020000000000000000aa020000000000000000aa020000000000000000aa020000000000000000aa020000000000000000aa020000000000000000aa020000000000000000aa020000000000000000aa02
01:07:58.326 [DEBUG] [serial] RX 128 bytes: 0000000000000000aa020000000000000000aa020000000000000000aa020000000000000000aa020000000000000000aa020000000000000000aa020000000000000000aa020000000000000000aa020000000000000000aa020000000000000000aa020000000000000000aa020000000000000000aa020000000000000000
01:07:58.330 [DEBUG] [serial] RX 128 bytes: aa020000000000000000aa020000000000000000aa020000000000000000aa020000000000000000aa020000000000000000aa020000000000000000aa020000000000000000aa020000000000000000aa020000000000000000aa020000000000000000aa020000000000000000aa020000000000000000aa02000000000000
01:07:58.334 [DEBUG] [serial] RX 128 bytes: 0000aa020000000000000000aa020000000000000000aa020000000000000000aa020000000000000000aa020000000000000000aa020000000000000000aa020000000000000000aa020000000000000000aa020000000000000000aa020000000000000000aa020000000000000000aa020000000000000000aa0200000000
01:07:58.338 [DEBUG] [serial] RX 128 bytes: 00000000aa020000000000000000aa020000000000000000aa020000000000000000aa020000000000000000aa020000000000000000aa020000000000000000aa020000000000000000aa020000000000000000aa020000000000000000aa020000000000000000aa020000000000000000aa020000000000000000aa020000
01:07:58.342 [DEBUG] [serial] RX 128 bytes: 000000000000aa020000000000000000aa020000000000000000aa020000000000000000aa020000000000000000aa020000000000000000aa020000000000000000aa020000000000000000aa020000000000000000aa020000000000000000aa020000000000000000aa020000000000000000aa020000000000000000aa02
01:07:58.346 [DEBUG] [serial] RX 128 bytes: 0000000000000000aa020000000000000000aa020000000000000000aa020000000000000000aa020000000000000000aa020000000000000000aa020000000000000000aa020000000000000000aa020000000000000000aa020000000000000000aa020000000000000000aa020000000000000000aa020000000000000000
01:07:58.350 [DEBUG] [serial] RX 128 bytes: aa020000000000000000aa020000000000000000aa020000000000000000aa020000000000000000aa020000000000000000aa020000000000000000aa020000000000000000aa020000000000000000aa020000000000000000aa020000000000000000aa020000000000000000aa020000000000000000aa02000000000000
01:07:58.354 [DEBUG] [serial] RX 128 bytes: 0000aa020000000000000000aa020000000000000000aa020000000000000000aa020000000000000000aa020000000000000000aa020000000000000000aa020000000000000000aa020000000000000000aa020000000000000000aa020000000000000000aa020000000000000000aa020000000000000000aa0200000000
01:07:58.358 [DEBUG] [serial] RX 128 bytes: 00000000aa020000000000000000aa020000000000000000aa020000000000000000aa020000000000000000aa020000000000000000aa020000000000000000aa020000000000000000aa020000000000000000aa020000000000000000aa020000000000000000aa020000000000000000aa020000000000000000aa020000
01:07:58.362 [DEBUG] [serial] RX 128 bytes: 000000000000aa020000000000000000aa020000000000000000aa020000000000000000aa020000000000000000aa020000000000000000aa020000000000000000aa020000000000000000aa020000000000000000aa020000000000000000aa020000000000000000aa020000000000000000aa020000000000000000aa02
01:07:58.366 [DEBUG] [serial] RX 128 bytes: 0000000000000000aa020000000000000000aa020000000000000000aa020000000000000000aa020000000000000000aa020000000000000000aa020000000000000000aa020000000000000000aa020000000000000000aa020000000000000000aa020000000000000000aa020000000000000000aa020000000000000000
01:07:58.370 [DEBUG] [serial] RX 128 bytes: aa020000000000000000aa020000000000000000aa020000000000000000aa020000000000000000aa020000000000000000aa020000000000000000aa020000000000000000aa020000000000000000aa020000000000000000aa020000000000000000aa020000000000000000aa020000000000000000aa02000000000000
01:07:58.374 [DEBUG] [serial] RX 128 bytes: 0000aa020000000000000000aa020000000000000000aa020000000000000000aa020000000000000000aa020000000000000000aa020000000000000000aa020000000000000000aa020000000000000000aa020000000000000000aa020000000000000000aa020000000000000000aa020000000000000000aa0200000000
01:07:58.378 [DEBUG] [serial] RX 128 bytes: 00000000aa020000000000000000aa020000000000000000aa020000000000000000aa020000000000000000aa020000000000000000aa020000000000000000aa020000000000000000aa020000000000000000aa020000000000000000aa020000000000000000aa020000000000000000aa020000000000000000aa020000
01:07:58.382 [DEBUG] [serial] RX 128 bytes: 000000000000aa020000000000000000aa020000000000000000aa020000000000000000aa020000000000000000aa020000000000000000aa020000000000000000aa020000000000000000aa020000000000000000aa020000000000000000aa020000000000000000aa020000000000000000aa020000000000000000aa02
01:07:58.386 [DEBUG] [serial] RX 128 bytes: 0000000000000000aa020000000000000000aa020000000000000000aa020000000000000000aa020000000000000000aa020000000000000000aa020000000000000000aa020000000000000000aa020000000000000000aa020000000000000000aa020000000000000000aa020000000000000000aa020000000000000000
01:07:58.390 [DEBUG] [serial] RX 128 bytes: aa020000000000000000aa020000000000000000aa020000000000000000aa020000000000000000aa020000000000000000aa020000000000000000aa020000000000000000aa020000000000000000aa020000000000000000aa020000000000000000aa020000000000000000aa020000000000000000aa02000000000000
01:07:58.394 [DEBUG] [serial] RX 128 bytes: 0000aa020000000000000000aa020000000000000000aa020000000000000000aa020000000000000000aa020000000000000000aa020000000000000000aa020000000000000000aa020000000000000000aa020000000000000000aa020000000000000000aa020000000000000000aa020000000000000000aa0200000000
01:07:58.398 [DEBUG] [serial] RX 128 bytes: 00000000aa020000000000000000aa020000000000000000aa020000000000000000aa020000000000000000aa020000000000000000aa020000000000000000aa020000000000000000aa020000000000000000aa020000000000000000aa020000000000000000aa020000000000000000aa020000000000000000aa020000
01:07:58.402 [DEBUG] [serial] RX 128 bytes: 000000000000aa020000000000000000aa020000000000000000aa020000000000000000aa020000000000000000aa020000000000000000aa020000000000000000aa020000000000000000aa020000000000000000aa020000000000000000aa020000000000000000aa020000000000000000aa020000000000000000aa02
01:07:58.406 [DEBUG] [serial] RX 128 bytes: 0000000000000000aa020000000000000000aa020000000000000000aa020000000000000000aa020000000000000000aa020000000000000000aa020000000000000000aa020000000000000000aa020000000000000000aa020000000000000000aa020000000000000000aa020000000000000000aa020000000000000000
01:07:58.410 [DEBUG] [serial] RX 128 bytes: aa020000000000000000aa020000000000000000aa020000000000000000aa020000000000000000aa020000000000000000aa020000000000000000aa020000000000000000aa020000000000000000aa020000000000000000aa020000000000000000aa020000000000000000aa020000000000000000aa02000000000000
01:07:58.414 [DEBUG] [serial] RX 128 bytes: 0000aa020000000000000000aa020000000000000000aa020000000000000000aa020000000000000000aa020000000000000000aa020000000000000000aa020000000000000000aa020000000000000000aa020000000000000000aa020000000000000000aa020000000000000000aa020000000000000000aa0200000000
01:07:58.418 [DEBUG] [serial] RX 128 bytes: 00000000aa020000000000000000aa020000000000000000aa020000000000000000aa020000000000000000aa020000000000000000aa020000000000000000aa020000000000000000aa020000000000000000aa020000000000000000aa020000000000000000aa020000000000000000aa020000000000000000aa020000
01:07:58.422 [DEBUG] [serial] RX 128 bytes: 000000000000aa020000000000000000aa020000000000000000aa020000000000000000aa020000000000000000aa020000000000000000aa020000000000000000aa020000000000000000aa020000000000000000aa020000000000000000aa020000000000000000aa020000000000000000aa020000000000000000aa02
01:07:58.425 [DEBUG] [serial] RX 128 bytes: 0000000000000000aa020000000000000000aa020000000000000000aa020000000000000000aa020000000000000000aa020000000000000000aa020000000000000000aa020000000000000000aa020000000000000000aa020000000000000000aa020000000000000000aa020000000000000000aa020000000000000000
01:07:58.429 [DEBUG] [serial] RX 128 bytes: aa020000000000000000aa020000000000000000aa020000000000000000aa020000000000000000aa020000000000000000aa020000000000000000aa020000000000000000aa020000000000000000aa020000000000000000aa020000000000000000aa020000000000000000aa020000000000000000aa02000000000000
01:07:58.433 [DEBUG] [serial] RX 128 bytes: 0000aa020000000000000000aa020000000000000000aa020000000000000000aa020000000000000000aa020000000000000000aa020000000000000000aa020000000000000000aa020000000000000000aa020000000000000000aa020000000000000000aa020000000000000000aa020000000000000000aa0200000000
01:07:58.437 [DEBUG] [serial] RX 128 bytes: 00000000aa020000000000000000aa020000000000000000aa020000000000000000aa020000000000000000aa020000000000000000aa020000000000000000aa020000000000000000aa020000000000000000aa020000000000000000aa020000000000000000aa020000000000000000aa020000000000000000aa020000
01:07:58.441 [DEBUG] [serial] RX 128 bytes: 000000000000aa020000000000000000aa020000000000000000aa020000000000000000aa020000000000000000aa020000000000000000aa020000000000000000aa020000000000000000aa020000000000000000aa020000000000000000aa020000000000000000aa020000000000000000aa020000000000000000aa02
01:07:58.445 [DEBUG] [serial] RX 128 bytes: 0000000000000000aa020000000000000000aa020000000000000000aa020000000000000000aa020000000000000000aa020000000000000000aa020000000000000000aa020000000000000000aa020000000000000000aa020000000000000000aa020000000000000000aa020000000000000000aa020000000000000000
01:07:58.445 [DEBUG] [serial] PKT #500: flags=0x02 in=0 ds=0 flt=0
01:07:58.449 [DEBUG] [serial] RX 128 bytes: aa020000000000000000aa020000000000000000aa020000000000000000aa020000000000000000aa020000000000000000aa020000000000000000aa020000000000000000aa020000000000000000aa020000000000000000aa020000000000000000aa020000000000000000aa020000000000000000aa02000000000000
01:07:58.453 [DEBUG] [serial] RX 128 bytes: 0000aa020000000000000000aa020000000000000000aa020000000000000000aa020000000000000000aa020000000000000000aa020000000000000000aa020000000000000000aa020000000000000000aa020000000000000000aa020000000000000000aa020000000000000000aa020000000000000000aa0200000000
01:07:58.457 [DEBUG] [serial] RX 128 bytes: 00000000aa020000000000000000aa020000000000000000aa020000000000000000aa020000000000000000aa020000000000000000aa020000000000000000aa020000000000000000aa020000000000000000aa020000000000000000aa020000000000000000aa020000000000000000aa020000000000000000aa020000
01:07:58.461 [DEBUG] [serial] RX 128 bytes: 000000000000aa020000000000000000aa020000000000000000aa020000000000000000aa020000000000000000aa020000000000000000aa020000000000000000aa020000000000000000aa020000000000000000aa020000000000000000aa020000000000000000aa020000000000000000aa020000000000000000aa02
01:07:58.465 [DEBUG] [serial] RX 128 bytes: 0000000000000000aa020000000000000000aa020000000000000000aa020000000000000000aa020000000000000000aa020000000000000000aa020000000000000000aa020000000000000000aa020000000000000000aa020000000000000000aa020000000000000000aa020000000000000000aa020000000000000000
01:07:58.469 [DEBUG] [serial] RX 128 bytes: aa020000000000000000aa020000000000000000aa020000000000000000aa020000000000000000aa020000000000000000aa020000000000000000aa020000000000000000aa020000000000000000aa020000000000000000aa020000000000000000aa020000000000000000aa020000000000000000aa02000000000000
01:07:58.473 [DEBUG] [serial] RX 128 bytes: 0000aa020000000000000000aa020000000000000000aa020000000000000000aa020000000000000000aa020000000000000000aa020000000000000000aa020000000000000000aa020000000000000000aa020000000000000000aa020000000000000000aa020000000000000000aa020000000000000000aa0200000000
01:07:58.477 [DEBUG] [serial] RX 128 bytes: 00000000aa020000000000000000aa020000000000000000aa020000000000000000aa020000000000000000aa020000000000000000aa020000000000000000aa020000000000000000aa020000000000000000aa020000000000000000aa020000000000000000aa020000000000000000aa020000000000000000aa020000
01:07:58.481 [DEBUG] [serial] RX 128 bytes: 000000000000aa020000000000000000aa020000000000000000aa020000000000000000aa020000000000000000aa020000000000000000aa020000000000000000aa020000000000000000aa020000000000000000aa020000000000000000aa020000000000000000aa020000000000000000aa020000000000000000aa02
01:07:58.485 [DEBUG] [serial] RX 128 bytes: 0000000000000000aa020000000000000000aa020000000000000000aa020000000000000000aa020000000000000000aa020000000000000000aa020000000000000000aa020000000000000000aa020000000000000000aa020000000000000000aa020000000000000000aa020000000000000000aa020000000000000000
01:07:58.489 [DEBUG] [serial] RX 128 bytes: aa020000000000000000aa020000000000000000aa020000000000000000aa020000000000000000aa020000000000000000aa020000000000000000aa020000000000000000aa020000000000000000aa020000000000000000aa020000000000000000aa020000000000000000aa020000000000000000aa02000000000000
01:07:58.493 [DEBUG] [serial] RX 128 bytes: 0000aa020000000000000000aa020000000000000000aa020000000000000000aa020000000000000000aa020000000000000000aa020000000000000000aa020000000000000000aa020000000000000000aa020000000000000000aa020000000000000000aa020000000000000000aa020000000000000000aa0200000000
01:07:58.497 [DEBUG] [serial] RX 128 bytes: 00000000aa020000000000000000aa020000000000000000aa020000000000000000aa020000000000000000aa020000000000000000aa020000000000000000aa020000000000000000aa020000000000000000aa020000000000000000aa020000000000000000aa020000000000000000aa020000000000000000aa020000
01:07:58.501 [DEBUG] [serial] RX 128 bytes: 000000000000aa020000000000000000aa020000000000000000aa020000000000000000aa020000000000000000aa020000000000000000aa020000000000000000aa020000000000000000aa020000000000000000aa020000000000000000aa020000000000000000aa020000000000000000aa020000000000000000aa02
01:07:58.505 [DEBUG] [serial] RX 128 bytes: 0000000000000000aa020000000000000000aa020000000000000000aa020000000000000000aa020000000000000000aa020000000000000000aa020000000000000000aa020000000000000000aa020000000000000000aa020000000000000000aa020000000000000000aa020000000000000000aa020000000000000000
01:07:58.509 [DEBUG] [serial] RX 128 bytes: aa020000000000000000aa020000000000000000aa020000000000000000aa020000000000000000aa020000000000000000aa020000000000000000aa020000000000000000aa020000000000000000aa020000000000000000aa020000000000000000aa020000000000000000aa020000000000000000aa02000000000000
01:07:58.513 [DEBUG] [serial] RX 128 bytes: 0000aa020000000000000000aa020000000000000000aa020000000000000000aa020000000000000000aa020000000000000000aa020000000000000000aa020000000000000000aa020000000000000000aa020000000000000000aa020000000000000000aa020000000000000000aa020000000000000000aa0200000000
01:07:58.517 [DEBUG] [serial] RX 128 bytes: 00000000aa020000000000000000aa020000000000000000aa020000000000000000aa020000000000000000aa020000000000000000aa020000000000000000aa020000000000000000aa020000000000000000aa020000000000000000aa020000000000000000aa020000000000000000aa020000000000000000aa020000
01:07:58.521 [DEBUG] [serial] RX 128 bytes: 000000000000aa020000000000000000aa020000000000000000aa020000000000000000aa020000000000000000aa020000000000000000aa020000000000000000aa020000000000000000aa020000000000000000aa020000000000000000aa020000000000000000aa020000000000000000aa020000000000000000aa02
01:07:58.525 [DEBUG] [serial] RX 128 bytes: 0000000000000000aa020000000000000000aa020000000000000000aa020000000000000000aa020000000000000000aa020000000000000000aa020000000000000000aa020000000000000000aa020000000000000000aa020000000000000000aa020000000000000000aa020000000000000000aa020000000000000000
01:07:58.529 [DEBUG] [serial] RX 128 bytes: aa020000000000000000aa020000000000000000aa020000000000000000aa020000000000000000aa020000000000000000aa020000000000000000aa020000000000000000aa020000000000000000aa020000000000000000aa020000000000000000aa020000000000000000aa020000000000000000aa02000000000000
01:07:58.533 [DEBUG] [serial] RX 128 bytes: 0000aa020000000000000000aa020000000000000000aa020000000000000000aa020000000000000000aa020000000000000000aa020000000000000000aa020000000000000000aa020000000000000000aa020000000000000000aa020000000000000000aa020000000000000000aa020000000000000000aa0200000000
01:07:58.537 [DEBUG] [serial] RX 128 bytes: 00000000aa020000000000000000aa020000000000000000aa020000000000000000aa020000000000000000aa020000000000000000aa020000000000000000aa020000000000000000aa020000000000000000aa020000000000000000aa020000000000000000aa020000000000000000aa020000000000000000aa020000
01:07:58.541 [DEBUG] [serial] RX 128 bytes: 000000000000aa020000000000000000aa020000000000000000aa020000000000000000aa020000000000000000aa020000000000000000aa020000000000000000aa020000000000000000aa020000000000000000aa020000000000000000aa020000000000000000aa020000000000000000aa020000000000000000aa02
01:07:58.545 [DEBUG] [serial] RX 128 bytes: 0000000000000000aa020000000000000000aa020000000000000000aa020000000000000000aa020000000000000000aa020000000000000000aa020000000000000000aa020000000000000000aa020000000000000000aa020000000000000000aa020000000000000000aa020000000000000000aa020000000000000000
01:07:58.549 [DEBUG] [serial] RX 128 bytes: aa020000000000000000aa020000000000000000aa020000000000000000aa020000000000000000aa020000000000000000aa020000000000000000aa020000000000000000aa020000000000000000aa020000000000000000aa020000000000000000aa020000000000000000aa020000000000000000aa02000000000000
01:07:58.553 [DEBUG] [serial] RX 128 bytes: 0000aa020000000000000000aa020000000000000000aa020000000000000000aa020000000000000000aa020000000000000000aa020000000000000000aa020000000000000000aa020000000000000000aa020000000000000000aa020000000000000000aa020000000000000000aa020000000000000000aa0200000000
01:07:58.557 [DEBUG] [serial] RX 128 bytes: 00000000aa020000000000000000aa020000000000000000aa020000000000000000aa020000000000000000aa020000000000000000aa020000000000000000aa020000000000000000aa020000000000000000aa020000000000000000aa020000000000000000aa020000000000000000aa020000000000000000aa020000
01:07:58.561 [DEBUG] [serial] RX 128 bytes: 000000000000aa020000000000000000aa020000000000000000aa020000000000000000aa020000000000000000aa020000000000000000aa020000000000000000aa020000000000000000aa020000000000000000aa020000000000000000aa020000000000000000aa020000000000000000aa020000000000000000aa02
01:07:58.564 [DEBUG] [serial] RX 128 bytes: 0000000000000000aa020000000000000000aa020000000000000000aa020000000000000000aa020000000000000000aa020000000000000000aa020000000000000000aa020000000000000000aa020000000000000000aa020000000000000000aa020000000000000000aa020000000000000000aa020000000000000000
01:07:58.568 [DEBUG] [serial] RX 128 bytes: aa020000000000000000aa020000000000000000aa020000000000000000aa020000000000000000aa020000000000000000aa020000000000000000aa020000000000000000aa020000000000000000aa020000000000000000aa020000000000000000aa020000000000000000aa020000000000000000aa02000000000000
01:07:58.572 [DEBUG] [serial] RX 128 bytes: 0000aa020000000000000000aa020000000000000000aa020000000000000000aa020000000000000000aa020000000000000000aa020000000000000000aa020000000000000000aa020000000000000000aa020000000000000000aa020000000000000000aa020000000000000000aa020000000000000000aa0200000000
01:07:58.576 [DEBUG] [serial] RX 128 bytes: 00000000aa020000000000000000aa020000000000000000aa020000000000000000aa020000000000000000aa020000000000000000aa020000000000000000aa020000000000000000aa020000000000000000aa020000000000000000aa020000000000000000aa020000000000000000aa020000000000000000aa020000
01:07:58.581 [DEBUG] [serial] RX 128 bytes: 000000000000aa020000000000000000aa020000000000000000aa020000000000000000aa020000000000000000aa020000000000000000aa020000000000000000aa020000000000000000aa020000000000000000aa020000000000000000aa020000000000000000aa020000000000000000aa020000000000000000aa02
01:07:58.584 [DEBUG] [serial] RX 128 bytes: 0000000000000000aa020000000000000000aa020000000000000000aa020000000000000000aa020000000000000000aa020000000000000000aa020000000000000000aa020000000000000000aa020000000000000000aa020000000000000000aa020000000000000000aa020000000000000000aa020000000000000000
01:07:58.588 [DEBUG] [serial] RX 128 bytes: aa020000000000000000aa020000000000000000aa020000000000000000aa020000000000000000aa020000000000000000aa020000000000000000aa020000000000000000aa020000000000000000aa020000000000000000aa020000000000000000aa020000000000000000aa020000000000000000aa02000000000000
01:07:58.592 [DEBUG] [serial] RX 128 bytes: 0000aa020000000000000000aa020000000000000000aa020000000000000000aa020000000000000000aa020000000000000000aa020000000000000000aa020000000000000000aa020000000000000000aa020000000000000000aa020000000000000000aa020000000000000000aa020000000000000000aa0200000000
01:07:58.596 [DEBUG] [serial] RX 128 bytes: 00000000aa020000000000000000aa020000000000000000aa020000000000000000aa020000000000000000aa020000000000000000aa020000000000000000aa020000000000000000aa020000000000000000aa020000000000000000aa020000000000000000aa020000000000000000aa020000000000000000aa020000
01:07:58.600 [DEBUG] [serial] RX 128 bytes: 000000000000aa020000000000000000aa020000000000000000aa020000000000000000aa020000000000000000aa020000000000000000aa020000000000000000aa020000000000000000aa020000000000000000aa020000000000000000aa020000000000000000aa020000000000000000aa020000000000000000aa02
01:07:58.601 [DEBUG] [serial] PKT #1000: flags=0x02 in=0 ds=0 flt=0
01:07:58.604 [DEBUG] [serial] RX 128 bytes: 0000000000000000aa020000000000000000aa020000000000000000aa020000000000000000aa020000000000000000aa020000000000000000aa020000000000000000aa020000000000000000aa020000000000000000aa020000000000000000aa020000000000000000aa020000000000000000aa020000000000000000
01:07:58.608 [DEBUG] [serial] RX 128 bytes: aa020000000000000000aa020000000000000000aa020000000000000000aa020000000000000000aa020000000000000000aa020000000000000000aa020000000000000000aa020000000000000000aa020000000000000000aa020000000000000000aa020000000000000000aa020000000000000000aa02000000000000
01:07:58.612 [DEBUG] [serial] RX 128 bytes: 0000aa020000000000000000aa020000000000000000aa020000000000000000aa020000000000000000aa020000000000000000aa020000000000000000aa020000000000000000aa020000000000000000aa020000000000000000aa020000000000000000aa020000000000000000aa020000000000000000aa0200000000
01:07:58.616 [DEBUG] [serial] RX 128 bytes: 00000000aa020000000000000000aa020000000000000000aa020000000000000000aa020000000000000000aa020000000000000000aa020000000000000000aa020000000000000000aa020000000000000000aa020000000000000000aa020000000000000000aa020000000000000000aa020000000000000000aa020000
01:07:58.620 [DEBUG] [serial] RX 128 bytes: 000000000000aa020000000000000000aa020000000000000000aa020000000000000000aa020000000000000000aa020000000000000000aa020000000000000000aa020000000000000000aa020000000000000000aa020000000000000000aa020000000000000000aa020000000000000000aa020000000000000000aa02
01:07:58.624 [DEBUG] [serial] RX 128 bytes: 0000000000000000aa020000000000000000aa020000000000000000aa020000000000000000aa020000000000000000aa020000000000000000aa020000000000000000aa020000000000000000aa020000000000000000aa020000000000000000aa020000000000000000aa020000000000000000aa020000000000000000
01:07:58.628 [DEBUG] [serial] RX 128 bytes: aa020000000000000000aa020000000000000000aa020000000000000000aa020000000000000000aa020000000000000000aa020000000000000000aa020000000000000000aa020000000000000000aa020000000000000000aa020000000000000000aa020000000000000000aa020000000000000000aa02000000000000
01:07:58.632 [DEBUG] [serial] RX 128 bytes: 0000aa020000000000000000aa020000000000000000aa020000000000000000aa020000000000000000aa020000000000000000aa020000000000000000aa020000000000000000aa020000000000000000aa020000000000000000aa020000000000000000aa020000000000000000aa020000000000000000aa0200000000
01:07:58.636 [DEBUG] [serial] RX 128 bytes: 00000000aa020000000000000000aa020000000000000000aa020000000000000000aa020000000000000000aa020000000000000000aa020000000000000000aa020000000000000000aa020000000000000000aa020000000000000000aa020000000000000000aa020000000000000000aa020000000000000000aa020000
01:07:58.640 [DEBUG] [serial] RX 128 bytes: 000000000000aa020000000000000000aa020000000000000000aa020000000000000000aa020000000000000000aa020000000000000000aa020000000000000000aa020000000000000000aa020000000000000000aa020000000000000000aa020000000000000000aa020000000000000000aa020000000000000000aa02
01:07:58.644 [DEBUG] [serial] RX 128 bytes: 0000000000000000aa020000000000000000aa020000000000000000aa020000000000000000aa020000000000000000aa020000000000000000aa020000000000000000aa020000000000000000aa020000000000000000aa020000000000000000aa020000000000000000aa020000000000000000aa020000000000000000
01:07:58.648 [DEBUG] [serial] RX 128 bytes: aa020000000000000000aa020000000000000000aa020000000000000000aa020000000000000000aa020000000000000000aa020000000000000000aa020000000000000000aa020000000000000000aa020000000000000000aa020000000000000000aa020000000000000000aa020000000000000000aa02000000000000
01:07:58.652 [DEBUG] [serial] RX 128 bytes: 0000aa020000000000000000aa020000000000000000aa020000000000000000aa020000000000000000aa020000000000000000aa020000000000000000aa020000000000000000aa020000000000000000aa020000000000000000aa020000000000000000aa020000000000000000aa020000000000000000aa0200000000
01:07:58.656 [DEBUG] [serial] RX 128 bytes: 00000000aa020000000000000000aa020000000000000000aa020000000000000000aa020000000000000000aa020000000000000000aa020000000000000000aa020000000000000000aa020000000000000000aa020000000000000000aa020000000000000000aa020000000000000000aa020000000000000000aa020000
01:07:58.660 [DEBUG] [serial] RX 128 bytes: 000000000000aa020000000000000000aa020000000000000000aa020000000000000000aa020000000000000000aa020000000000000000aa020000000000000000aa020000000000000000aa020000000000000000aa020000000000000000aa020000000000000000aa020000000000000000aa020000000000000000aa02
01:07:58.664 [DEBUG] [serial] RX 128 bytes: 0000000000000000aa020000000000000000aa020000000000000000aa020000000000000000aa020000000000000000aa020000000000000000aa020000000000000000aa020000000000000000aa020000000000000000aa020000000000000000aa020000000000000000aa020000000000000000aa020000000000000000
01:07:58.668 [DEBUG] [serial] RX 128 bytes: aa020000000000000000aa020000000000000000aa020000000000000000aa020000000000000000aa020000000000000000aa020000000000000000aa020000000000000000aa020000000000000000aa020000000000000000aa020000000000000000aa020000000000000000aa020000000000000000aa02000000000000
01:07:58.672 [DEBUG] [serial] RX 128 bytes: 0000aa020000000000000000aa020000000000000000aa020000000000000000aa020000000000000000aa020000000000000000aa020000000000000000aa020000000000000000aa020000000000000000aa020000000000000000aa020000000000000000aa020000000000000000aa020000000000000000aa0200000000
01:07:58.676 [DEBUG] [serial] RX 128 bytes: 00000000aa020000000000000000aa020000000000000000aa020000000000000000aa020000000000000000aa020000000000000000aa020000000000000000aa020000000000000000aa020000000000000000aa020000000000000000aa020000000000000000aa020000000000000000aa020000000000000000aa020000
01:07:58.680 [DEBUG] [serial] RX 128 bytes: 000000000000aa020000000000000000aa020000000000000000aa020000000000000000aa020000000000000000aa020000000000000000aa020000000000000000aa020000000000000000aa020000000000000000aa020000000000000000aa020000000000000000aa020000000000000000aa020000000000000000aa02
01:07:58.684 [DEBUG] [serial] RX 128 bytes: 0000000000000000aa020000000000000000aa020000000000000000aa020000000000000000aa020000000000000000aa020000000000000000aa020000000000000000aa020000000000000000aa020000000000000000aa020000000000000000aa020000000000000000aa020000000000000000aa020000000000000000
01:07:58.688 [DEBUG] [serial] RX 128 bytes: aa020000000000000000aa020000000000000000aa020000000000000000aa020000000000000000aa020000000000000000aa020000000000000000aa020000000000000000aa020000000000000000aa020000000000000000aa020000000000000000aa020000000000000000aa020000000000000000aa02000000000000
01:07:58.692 [DEBUG] [serial] RX 128 bytes: 0000aa020000000000000000aa020000000000000000aa020000000000000000aa020000000000000000aa020000000000000000aa020000000000000000aa020000000000000000aa020000000000000000aa020000000000000000aa020000000000000000aa020000000000000000aa020000000000000000aa0200000000
01:07:58.696 [DEBUG] [serial] RX 128 bytes: 00000000aa020000000000000000aa020000000000000000aa020000000000000000aa020000000000000000aa020000000000000000aa020000000000000000aa020000000000000000aa020000000000000000aa020000000000000000aa020000000000000000aa020000000000000000aa020000000000000000aa020000
01:07:58.700 [DEBUG] [serial] RX 128 bytes: 000000000000aa020000000000000000aa020000000000000000aa020000000000000000aa020000000000000000aa020000000000000000aa020000000000000000aa020000000000000000aa020000000000000000aa020000000000000000aa020000000000000000aa020000000000000000aa020000000000000000aa02
01:07:58.703 [DEBUG] [serial] RX 128 bytes: 0000000000000000aa020000000000000000aa020000000000000000aa020000000000000000aa020000000000000000aa020000000000000000aa020000000000000000aa020000000000000000aa020000000000000000aa020000000000000000aa020000000000000000aa020000000000000000aa020000000000000000
01:07:58.707 [DEBUG] [serial] RX 128 bytes: aa020000000000000000aa020000000000000000aa020000000000000000aa020000000000000000aa020000000000000000aa020000000000000000aa020000000000000000aa020000000000000000aa020000000000000000aa020000000000000000aa020000000000000000aa020000000000000000aa02000000000000
01:07:58.711 [DEBUG] [serial] RX 128 bytes: 0000aa020000000000000000aa020000000000000000aa020000000000000000aa020000000000000000aa020000000000000000aa020000000000000000aa020000000000000000aa020000000000000000aa020000000000000000aa020000000000000000aa020000000000000000aa020000000000000000aa0200000000
01:07:58.716 [DEBUG] [serial] RX 128 bytes: 00000000aa020000000000000000aa020000000000000000aa020000000000000000aa020000000000000000aa020000000000000000aa020000000000000000aa020000000000000000aa020000000000000000aa020000000000000000aa020000000000000000aa020000000000000000aa020000000000000000aa020000
01:07:58.720 [DEBUG] [serial] RX 128 bytes: 000000000000aa020000000000000000aa020000000000000000aa020000000000000000aa020000000000000000aa020000000000000000aa020000000000000000aa020000000000000000aa020000000000000000aa020000000000000000aa020000000000000000aa020000000000000000aa020000000000000000aa02
01:07:58.723 [DEBUG] [serial] RX 128 bytes: 0000000000000000aa020000000000000000aa020000000000000000aa020000000000000000aa020000000000000000aa020000000000000000aa020000000000000000aa020000000000000000aa020000000000000000aa020000000000000000aa020000000000000000aa020000000000000000aa020000000000000000
01:07:58.727 [DEBUG] [serial] RX 128 bytes: aa020000000000000000aa020000000000000000aa020000000000000000aa020000000000000000aa020000000000000000aa020000000000000000aa020000000000000000aa020000000000000000aa020000000000000000aa020000000000000000aa020000000000000000aa020000000000000000aa02000000000000
01:07:58.731 [DEBUG] [serial] RX 128 bytes: 0000aa020000000000000000aa020000000000000000aa020000000000000000aa020000000000000000aa020000000000000000aa020000000000000000aa020000000000000000aa020000000000000000aa020000000000000000aa020000000000000000aa020000000000000000aa020000000000000000aa0200000000
01:07:58.735 [DEBUG] [serial] RX 128 bytes: 00000000aa020000000000000000aa020000000000000000aa020000000000000000aa020000000000000000aa020000000000000000aa020000000000000000aa020000000000000000aa020000000000000000aa020000000000000000aa020000000000000000aa020000000000000000aa020000000000000000aa020000
01:07:58.739 [DEBUG] [serial] RX 128 bytes: 000000000000aa020000000000000000aa020000000000000000aa020000000000000000aa020000000000000000aa020000000000000000aa020000000000000000aa020000000000000000aa020000000000000000aa020000000000000000aa020000000000000000aa020000000000000000aa020000000000000000aa02
01:07:58.743 [DEBUG] [serial] RX 128 bytes: 0000000000000000aa020000000000000000aa020000000000000000aa020000000000000000aa020000000000000000aa020000000000000000aa020000000000000000aa020000000000000000aa020000000000000000aa020000000000000000aa020000000000000000aa020000000000000000aa020000000000000000
01:07:58.747 [DEBUG] [serial] RX 128 bytes: aa020000000000000000aa020000000000000000aa020000000000000000aa020000000000000000aa020000000000000000aa020000000000000000aa020000000000000000aa020000000000000000aa020000000000000000aa020000000000000000aa020000000000000000aa020000000000000000aa02000000000000
01:07:58.751 [DEBUG] [serial] RX 128 bytes: 0000aa020000000000000000aa020000000000000000aa020000000000000000aa020000000000000000aa020000000000000000aa020000000000000000aa020000000000000000aa020000000000000000aa020000000000000000aa020000000000000000aa020000000000000000aa020000000000000000aa0200000000
01:07:58.755 [DEBUG] [serial] RX 128 bytes: 00000000aa020000000000000000aa020000000000000000aa020000000000000000aa020000000000000000aa020000000000000000aa020000000000000000aa020000000000000000aa020000000000000000aa020000000000000000aa020000000000000000aa020000000000000000aa020000000000000000aa020000
01:07:58.755 [DEBUG] [serial] PKT #1500: flags=0x02 in=0 ds=0 flt=0
01:07:58.759 [DEBUG] [serial] RX 128 bytes: 000000000000aa020000000000000000aa020000000000000000aa020000000000000000aa020000000000000000aa020000000000000000aa020000000000000000aa020000000000000000aa020000000000000000aa020000000000000000aa020000000000000000aa020000000000000000aa020000000000000000aa02
01:07:58.763 [DEBUG] [serial] RX 128 bytes: 0000000000000000aa020000000000000000aa020000000000000000aa020000000000000000aa020000000000000000aa020000000000000000aa020000000000000000aa020000000000000000aa020000000000000000aa020000000000000000aa020000000000000000aa020000000000000000aa020000000000000000
01:07:58.767 [DEBUG] [serial] RX 128 bytes: aa020000000000000000aa020000000000000000aa020000000000000000aa020000000000000000aa020000000000000000aa020000000000000000aa020000000000000000aa020000000000000000aa020000000000000000aa020000000000000000aa020000000000000000aa020000000000000000aa02000000000000
01:07:58.771 [DEBUG] [serial] RX 128 bytes: 0000aa020000000000000000aa020000000000000000aa020000000000000000aa020000000000000000aa020000000000000000aa020000000000000000aa020000000000000000aa020000000000000000aa020000000000000000aa020000000000000000aa020000000000000000aa020000000000000000aa0200000000
01:07:58.775 [DEBUG] [serial] RX 128 bytes: 00000000aa020000000000000000aa020000000000000000aa020000000000000000aa020000000000000000aa020000000000000000aa020000000000000000aa020000000000000000aa020000000000000000aa020000000000000000aa020000000000000000aa020000000000000000aa020000000000000000aa020000
01:07:58.779 [DEBUG] [serial] RX 128 bytes: 000000000000aa020000000000000000aa020000000000000000aa020000000000000000aa020000000000000000aa020000000000000000aa020000000000000000aa020000000000000000aa020000000000000000aa020000000000000000aa020000000000000000aa020000000000000000aa020000000000000000aa02
01:07:58.783 [DEBUG] [serial] RX 128 bytes: 0000000000000000aa020000000000000000aa020000000000000000aa020000000000000000aa020000000000000000aa020000000000000000aa020000000000000000aa020000000000000000aa020000000000000000aa020000000000000000aa020000000000000000aa020000000000000000aa020000000000000000
01:07:58.787 [DEBUG] [serial] RX 128 bytes: aa020000000000000000aa020000000000000000aa020000000000000000aa020000000000000000aa020000000000000000aa020000000000000000aa020000000000000000aa020000000000000000aa020000000000000000aa020000000000000000aa020000000000000000aa020000000000000000aa02000000000000
01:07:58.791 [DEBUG] [serial] RX 128 bytes: 0000aa020000000000000000aa020000000000000000aa020000000000000000aa020000000000000000aa020000000000000000aa020000000000000000aa020000000000000000aa020000000000000000aa020000000000000000aa020000000000000000aa020000000000000000aa020000000000000000aa0200000000
01:07:58.795 [DEBUG] [serial] RX 128 bytes: 00000000aa020000000000000000aa020000000000000000aa020000000000000000aa020000000000000000aa020000000000000000aa020000000000000000aa020000000000000000aa020000000000000000aa020000000000000000aa020000000000000000aa020000000000000000aa020000000000000000aa020000
01:07:58.799 [DEBUG] [serial] RX 128 bytes: 000000000000aa020000000000000000aa020000000000000000aa020000000000000000aa020000000000000000aa020000000000000000aa020000000000000000aa020000000000000000aa020000000000000000aa020000000000000000aa020000000000000000aa020000000000000000aa020000000000000000aa02
01:07:58.803 [DEBUG] [serial] RX 128 bytes: 0000000000000000aa020000000000000000aa020000000000000000aa020000000000000000aa020000000000000000aa020000000000000000aa020000000000000000aa020000000000000000aa020000000000000000aa020000000000000000aa020000000000000000aa020000000000000000aa020000000000000000
01:07:58.807 [DEBUG] [serial] RX 128 bytes: aa020000000000000000aa020000000000000000aa020000000000000000aa020000000000000000aa020000000000000000aa020000000000000000aa020000000000000000aa020000000000000000aa020000000000000000aa020000000000000000aa020000000000000000aa020000000000000000aa02000000000000
01:07:58.811 [DEBUG] [serial] RX 128 bytes: 0000aa020000000000000000aa020000000000000000aa020000000000000000aa020000000000000000aa020000000000000000aa020000000000000000aa020000000000000000aa020000000000000000aa020000000000000000aa020000000000000000aa020000000000000000aa020000000000000000aa0200000000
01:07:58.815 [DEBUG] [serial] RX 128 bytes: 00000000aa020000000000000000aa020000000000000000aa020000000000000000aa020000000000000000aa020000000000000000aa020000000000000000aa020000000000000000aa020000000000000000aa020000000000000000aa020000000000000000aa020000000000000000aa020000000000000000aa020000
01:07:58.819 [DEBUG] [serial] RX 128 bytes: 000000000000aa020000000000000000aa020000000000000000aa020000000000000000aa020000000000000000aa020000000000000000aa020000000000000000aa020000000000000000aa020000000000000000aa020000000000000000aa020000000000000000aa020000000000000000aa020000000000000000aa02
01:07:58.823 [DEBUG] [serial] RX 128 bytes: 0000000000000000aa020000000000000000aa020000000000000000aa020000000000000000aa020000000000000000aa020000000000000000aa020000000000000000aa020000000000000000aa020000000000000000aa020000000000000000aa020000000000000000aa020000000000000000aa020000000000000000
01:07:58.827 [DEBUG] [serial] RX 128 bytes: aa020000000000000000aa020000000000000000aa020000000000000000aa020000000000000000aa020000000000000000aa020000000000000000aa020000000000000000aa020000000000000000aa020000000000000000aa020000000000000000aa020000000000000000aa020000000000000000aa02000000000000
01:07:58.831 [DEBUG] [serial] RX 128 bytes: 0000aa020000000000000000aa020000000000000000aa020000000000000000aa020000000000000000aa020000000000000000aa020000000000000000aa020000000000000000aa020000000000000000aa020000000000000000aa020000000000000000aa020000000000000000aa020000000000000000aa0200000000
01:07:58.835 [DEBUG] [serial] RX 128 bytes: 00000000aa020000000000000000aa020000000000000000aa020000000000000000aa020000000000000000aa020000000000000000aa020000000000000000aa020000000000000000aa020000000000000000aa020000000000000000aa020000000000000000aa020000000000000000aa020000000000000000aa020000
01:07:58.839 [DEBUG] [serial] RX 128 bytes: 000000000000aa020000000000000000aa020000000000000000aa020000000000000000aa020000000000000000aa020000000000000000aa020000000000000000aa020000000000000000aa020000000000000000aa020000000000000000aa020000000000000000aa020000000000000000aa020000000000000000aa02
01:07:58.842 [DEBUG] [serial] RX 128 bytes: 0000000000000000aa020000000000000000aa020000000000000000aa020000000000000000aa020000000000000000aa020000000000000000aa020000000000000000aa020000000000000000aa020000000000000000aa020000000000000000aa020000000000000000aa020000000000000000aa020000000000000000
01:07:58.847 [DEBUG] [serial] RX 128 bytes: aa020000000000000000aa020000000000000000aa020000000000000000aa020000000000000000aa020000000000000000aa020000000000000000aa020000000000000000aa020000000000000000aa020000000000000000aa020000000000000000aa020000000000000000aa020000000000000000aa02000000000000
01:07:58.851 [DEBUG] [serial] RX 128 bytes: 0000aa020000000000000000aa020000000000000000aa020000000000000000aa020000000000000000aa020000000000000000aa020000000000000000aa020000000000000000aa020000000000000000aa020000000000000000aa020000000000000000aa020000000000000000aa020000000000000000aa0200000000
01:07:58.855 [DEBUG] [serial] RX 128 bytes: 00000000aa020000000000000000aa020000000000000000aa020000000000000000aa020000000000000000aa020000000000000000aa020000000000000000aa020000000000000000aa020000000000000000aa020000000000000000aa020000000000000000aa020000000000000000aa020000000000000000aa020000
01:07:58.859 [DEBUG] [serial] RX 128 bytes: 000000000000aa020000000000000000aa020000000000000000aa020000000000000000aa020000000000000000aa020000000000000000aa020000000000000000aa020000000000000000aa020000000000000000aa020000000000000000aa020000000000000000aa020000000000000000aa020000000000000000aa02
01:07:58.862 [DEBUG] [serial] RX 128 bytes: 0000000000000000aa020000000000000000aa020000000000000000aa020000000000000000aa020000000000000000aa020000000000000000aa020000000000000000aa020000000000000000aa020000000000000000aa020000000000000000aa020000000000000000aa020000000000000000aa020000000000000000
01:07:58.866 [DEBUG] [serial] RX 128 bytes: aa020000000000000000aa020000000000000000aa020000000000000000aa020000000000000000aa020000000000000000aa020000000000000000aa020000000000000000aa020000000000000000aa020000000000000000aa020000000000000000aa020000000000000000aa020000000000000000aa02000000000000
01:07:58.870 [DEBUG] [serial] RX 128 bytes: 0000aa020000000000000000aa020000000000000000aa020000000000000000aa020000000000000000aa020000000000000000aa020000000000000000aa020000000000000000aa020000000000000000aa020000000000000000aa020000000000000000aa020000000000000000aa020000000000000000aa0200000000
01:07:58.875 [DEBUG] [serial] RX 128 bytes: 00000000aa020000000000000000aa020000000000000000aa020000000000000000aa020000000000000000aa020000000000000000aa020000000000000000aa020000000000000000aa020000000000000000aa020000000000000000aa020000000000000000aa020000000000000000aa020000000000000000aa020000
01:07:58.878 [DEBUG] [serial] RX 128 bytes: 000000000000aa020000000000000000aa020000000000000000aa020000000000000000aa020000000000000000aa020000000000000000aa020000000000000000aa020000000000000000aa020000000000000000aa020000000000000000aa020000000000000000aa020000000000000000aa020000000000000000aa02
01:07:58.882 [DEBUG] [serial] RX 128 bytes: 0000000000000000aa020000000000000000aa020000000000000000aa020000000000000000aa020000000000000000aa020000000000000000aa020000000000000000aa020000000000000000aa020000000000000000aa020000000000000000aa020000000000000000aa020000000000000000aa020000000000000000
01:07:58.886 [DEBUG] [serial] RX 128 bytes: aa020000000000000000aa020000000000000000aa020000000000000000aa020000000000000000aa020000000000000000aa020000000000000000aa020000000000000000aa020000000000000000aa020000000000000000aa020000000000000000aa020000000000000000aa020000000000000000aa02000000000000
01:07:58.890 [DEBUG] [serial] RX 128 bytes: 0000aa020000000000000000aa020000000000000000aa020000000000000000aa020000000000000000aa020000000000000000aa020000000000000000aa020000000000000000aa020000000000000000aa020000000000000000aa020000000000000000aa020000000000000000aa020000000000000000aa0200000000
01:07:58.894 [DEBUG] [serial] RX 128 bytes: 00000000aa020000000000000000aa020000000000000000aa020000000000000000aa020000000000000000aa020000000000000000aa020000000000000000aa020000000000000000aa020000000000000000aa020000000000000000aa020000000000000000aa020000000000000000aa020000000000000000aa020000
01:07:58.898 [DEBUG] [serial] RX 128 bytes: 000000000000aa020000000000000000aa020000000000000000aa020000000000000000aa020000000000000000aa020000000000000000aa020000000000000000aa020000000000000000aa020000000000000000aa020000000000000000aa020000000000000000aa020000000000000000aa020000000000000000aa02
01:07:58.902 [DEBUG] [serial] RX 128 bytes: 0000000000000000aa020000000000000000aa020000000000000000aa020000000000000000aa020000000000000000aa020000000000000000aa020000000000000000aa020000000000000000aa020000000000000000aa020000000000000000aa020000000000000000aa020000000000000000aa020000000000000000
01:07:58.906 [DEBUG] [serial] RX 128 bytes: aa020000000000000000aa020000000000000000aa020000000000000000aa020000000000000000aa020000000000000000aa020000000000000000aa020000000000000000aa020000000000000000aa020000000000000000aa020000000000000000aa020000000000000000aa020000000000000000aa02000000000000
01:07:58.910 [DEBUG] [serial] RX 128 bytes: 0000aa020000000000000000aa020000000000000000aa020000000000000000aa020000000000000000aa020000000000000000aa020000000000000000aa020000000000000000aa020000000000000000aa020000000000000000aa020000000000000000aa020000000000000000aa020000000000000000aa0200000000
01:07:58.910 [DEBUG] [serial] PKT #2000: flags=0x02 in=0 ds=0 flt=0
01:07:58.914 [DEBUG] [serial] RX 128 bytes: 00000000aa020000000000000000aa020000000000000000aa020000000000000000aa020000000000000000aa020000000000000000aa020000000000000000aa020000000000000000aa020000000000000000aa020000000000000000aa020000000000000000aa020000000000000000aa020000000000000000aa020000
01:07:58.918 [DEBUG] [serial] RX 128 bytes: 000000000000aa020000000000000000aa020000000000000000aa020000000000000000aa020000000000000000aa020000000000000000aa020000000000000000aa020000000000000000aa020000000000000000aa020000000000000000aa020000000000000000aa020000000000000000aa020000000000000000aa02
01:07:58.922 [DEBUG] [serial] RX 128 bytes: 0000000000000000aa020000000000000000aa020000000000000000aa020000000000000000aa020000000000000000aa020000000000000000aa020000000000000000aa020000000000000000aa020000000000000000aa020000000000000000aa020000000000000000aa020000000000000000aa020000000000000000
01:07:58.926 [DEBUG] [serial] RX 128 bytes: aa020000000000000000aa020000000000000000aa020000000000000000aa020000000000000000aa020000000000000000aa020000000000000000aa020000000000000000aa020000000000000000aa020000000000000000aa020000000000000000aa020000000000000000aa020000000000000000aa02000000000000
01:07:58.930 [DEBUG] [serial] RX 128 bytes: 0000aa020000000000000000aa020000000000000000aa020000000000000000aa020000000000000000aa020000000000000000aa020000000000000000aa020000000000000000aa020000000000000000aa020000000000000000aa020000000000000000aa020000000000000000aa020000000000000000aa0200000000
01:07:58.934 [DEBUG] [serial] RX 128 bytes: 00000000aa020000000000000000aa020000000000000000aa020000000000000000aa020000000000000000aa020000000000000000aa020000000000000000aa020000000000000000aa020000000000000000aa020000000000000000aa020000000000000000aa020000000000000000aa020000000000000000aa020000
01:07:58.938 [DEBUG] [serial] RX 128 bytes: 000000000000aa020000000000000000aa020000000000000000aa020000000000000000aa020000000000000000aa020000000000000000aa020000000000000000aa020000000000000000aa020000000000000000aa020000000000000000aa020000000000000000aa020000000000000000aa020000000000000000aa02
01:07:58.942 [DEBUG] [serial] RX 128 bytes: 0000000000000000aa020000000000000000aa020000000000000000aa020000000000000000aa020000000000000000aa020000000000000000aa020000000000000000aa020000000000000000aa020000000000000000aa020000000000000000aa020000000000000000aa020000000000000000aa020000000000000000
01:07:58.946 [DEBUG] [serial] RX 128 bytes: aa020000000000000000aa020000000000000000aa020000000000000000aa020000000000000000aa020000000000000000aa020000000000000000aa020000000000000000aa020000000000000000aa020000000000000000aa020000000000000000aa020000000000000000aa020000000000000000aa02000000000000
01:07:58.950 [DEBUG] [serial] RX 128 bytes: 0000aa020000000000000000aa020000000000000000aa020000000000000000aa020000000000000000aa020000000000000000aa020000000000000000aa020000000000000000aa020000000000000000aa020000000000000000aa020000000000000000aa020000000000000000aa020000000000000000aa0200000000
01:07:58.954 [DEBUG] [serial] RX 128 bytes: 00000000aa020000000000000000aa020000000000000000aa020000000000000000aa020000000000000000aa020000000000000000aa020000000000000000aa020000000000000000aa020000000000000000aa020000000000000000aa020000000000000000aa020000000000000000aa020000000000000000aa020000
01:07:58.958 [DEBUG] [serial] RX 128 bytes: 000000000000aa020000000000000000aa020000000000000000aa020000000000000000aa020000000000000000aa020000000000000000aa020000000000000000aa020000000000000000aa020000000000000000aa020000000000000000aa020000000000000000aa020000000000000000aa020000000000000000aa02
01:07:58.962 [DEBUG] [serial] RX 128 bytes: 0000000000000000aa020000000000000000aa020000000000000000aa020000000000000000aa020000000000000000aa020000000000000000aa020000000000000000aa020000000000000000aa020000000000000000aa020000000000000000aa020000000000000000aa020000000000000000aa020000000000000000
01:07:58.966 [DEBUG] [serial] RX 128 bytes: aa020000000000000000aa020000000000000000aa020000000000000000aa020000000000000000aa020000000000000000aa020000000000000000aa020000000000000000aa020000000000000000aa020000000000000000aa020000000000000000aa020000000000000000aa020000000000000000aa02000000000000
01:07:58.970 [DEBUG] [serial] RX 128 bytes: 0000aa020000000000000000aa020000000000000000aa020000000000000000aa020000000000000000aa020000000000000000aa020000000000000000aa020000000000000000aa020000000000000000aa020000000000000000aa020000000000000000aa020000000000000000aa020000000000000000aa0200000000
01:07:58.974 [DEBUG] [serial] RX 128 bytes: 00000000aa020000000000000000aa020000000000000000aa020000000000000000aa020000000000000000aa020000000000000000aa020000000000000000aa020000000000000000aa020000000000000000aa020000000000000000aa020000000000000000aa020000000000000000aa020000000000000000aa020000
01:07:58.978 [DEBUG] [serial] RX 128 bytes: 000000000000aa020000000000000000aa020000000000000000aa020000000000000000aa020000000000000000aa020000000000000000aa020000000000000000aa020000000000000000aa020000000000000000aa020000000000000000aa020000000000000000aa020000000000000000aa020000000000000000aa02
01:07:58.981 [DEBUG] [serial] RX 128 bytes: 0000000000000000aa020000000000000000aa020000000000000000aa020000000000000000aa020000000000000000aa020000000000000000aa020000000000000000aa020000000000000000aa020000000000000000aa020000000000000000aa020000000000000000aa020000000000000000aa020000000000000000
01:07:58.986 [DEBUG] [serial] RX 128 bytes: aa020000000000000000aa020000000000000000aa020000000000000000aa020000000000000000aa020000000000000000aa020000000000000000aa020000000000000000aa020000000000000000aa020000000000000000aa020000000000000000aa020000000000000000aa020000000000000000aa02000000000000
01:07:58.990 [DEBUG] [serial] RX 128 bytes: 0000aa020000000000000000aa020000000000000000aa020000000000000000aa020000000000000000aa020000000000000000aa020000000000000000aa020000000000000000aa020000000000000000aa020000000000000000aa020000000000000000aa020000000000000000aa020000000000000000aa0200000000
01:07:58.994 [DEBUG] [serial] RX 128 bytes: 00000000aa020000000000000000aa020000000000000000aa020000000000000000aa020000000000000000aa020000000000000000aa020000000000000000aa020000000000000000aa020000000000000000aa020000000000000000aa020000000000000000aa020000000000000000aa020000000000000000aa020000
01:07:58.998 [DEBUG] [serial] RX 128 bytes: 000000000000aa020000000000000000aa020000000000000000aa020000000000000000aa020000000000000000aa020000000000000000aa020000000000000000aa020000000000000000aa020000000000000000aa020000000000000000aa020000000000000000aa020000000000000000aa020000000000000000aa02
01:07:59.001 [DEBUG] [serial] RX 128 bytes: 0000000000000000aa020000000000000000aa020000000000000000aa020000000000000000aa020000000000000000aa020000000000000000aa020000000000000000aa020000000000000000aa020000000000000000aa020000000000000000aa020000000000000000aa020000000000000000aa020000000000000000
01:07:59.005 [DEBUG] [serial] RX 128 bytes: aa020000000000000000aa020000000000000000aa020000000000000000aa020000000000000000aa020000000000000000aa020000000000000000aa020000000000000000aa020000000000000000aa020000000000000000aa020000000000000000aa020000000000000000aa020000000000000000aa02000000000000
01:07:59.009 [DEBUG] [serial] RX 128 bytes: 0000aa020000000000000000aa020000000000000000aa020000000000000000aa020000000000000000aa020000000000000000aa020000000000000000aa020000000000000000aa020000000000000000aa020000000000000000aa020000000000000000aa020000000000000000aa020000000000000000aa0200000000
01:07:59.013 [DEBUG] [serial] RX 128 bytes: 00000000aa020000000000000000aa020000000000000000aa020000000000000000aa020000000000000000aa020000000000000000aa020000000000000000aa020000000000000000aa020000000000000000aa020000000000000000aa020000000000000000aa020000000000000000aa020000000000000000aa020000
01:07:59.017 [DEBUG] [serial] RX 128 bytes: 000000000000aa020000000000000000aa020000000000000000aa020000000000000000aa020000000000000000aa020000000000000000aa020000000000000000aa020000000000000000aa020000000000000000aa020000000000000000aa020000000000000000aa020000000000000000aa020000000000000000aa02
01:07:59.021 [DEBUG] [serial] RX 128 bytes: 0000000000000000aa020000000000000000aa020000000000000000aa020000000000000000aa020000000000000000aa020000000000000000aa020000000000000000aa020000000000000000aa020000000000000000aa020000000000000000aa020000000000000000aa020000000000000000aa020000000000000000
01:07:59.025 [DEBUG] [serial] RX 128 bytes: aa020000000000000000aa020000000000000000aa020000000000000000aa020000000000000000aa020000000000000000aa020000000000000000aa020000000000000000aa020000000000000000aa020000000000000000aa020000000000000000aa020000000000000000aa020000000000000000aa02000000000000
01:07:59.029 [DEBUG] [serial] RX 128 bytes: 0000aa020000000000000000aa020000000000000000aa020000000000000000aa020000000000000000aa020000000000000000aa020000000000000000aa020000000000000000aa020000000000000000aa020000000000000000aa020000000000000000aa020000000000000000aa020000000000000000aa0200000000
01:07:59.033 [DEBUG] [serial] RX 128 bytes: 00000000aa020000000000000000aa020000000000000000aa020000000000000000aa020000000000000000aa020000000000000000aa020000000000000000aa020000000000000000aa020000000000000000aa020000000000000000aa020000000000000000aa020000000000000000aa020000000000000000aa020000
01:07:59.037 [DEBUG] [serial] RX 128 bytes: 000000000000aa020000000000000000aa020000000000000000aa020000000000000000aa020000000000000000aa020000000000000000aa020000000000000000aa020000000000000000aa020000000000000000aa020000000000000000aa020000000000000000aa020000000000000000aa020000000000000000aa02
01:07:59.041 [DEBUG] [serial] RX 128 bytes: 0000000000000000aa020000000000000000aa020000000000000000aa020000000000000000aa020000000000000000aa020000000000000000aa020000000000000000aa020000000000000000aa020000000000000000aa020000000000000000aa020000000000000000aa020000000000000000aa020000000000000000
01:07:59.045 [DEBUG] [serial] RX 128 bytes: aa020000000000000000aa020000000000000000aa020000000000000000aa020000000000000000aa020000000000000000aa020000000000000000aa020000000000000000aa020000000000000000aa020000000000000000aa020000000000000000aa020000000000000000aa020000000000000000aa02000000000000
01:07:59.049 [DEBUG] [serial] RX 128 bytes: 0000aa020000000000000000aa020000000000000000aa020000000000000000aa020000000000000000aa020000000000000000aa020000000000000000aa020000000000000000aa020000000000000000aa020000000000000000aa020000000000000000aa020000000000000000aa020000000000000000aa0200000000
01:07:59.053 [DEBUG] [serial] RX 128 bytes: 00000000aa020000000000000000aa020000000000000000aa020000000000000000aa020000000000000000aa020000000000000000aa020000000000000000aa020000000000000000aa020000000000000000aa020000000000000000aa020000000000000000aa020000000000000000aa020000000000000000aa020000
01:07:59.057 [DEBUG] [serial] RX 128 bytes: 000000000000aa020000000000000000aa020000000000000000aa020000000000000000aa020000000000000000aa020000000000000000aa020000000000000000aa020000000000000000aa020000000000000000aa020000000000000000aa020000000000000000aa020000000000000000aa020000000000000000aa02
01:07:59.061 [DEBUG] [serial] RX 128 bytes: 0000000000000000aa020000000000000000aa020000000000000000aa020000000000000000aa020000000000000000aa020000000000000000aa020000000000000000aa020000000000000000aa020000000000000000aa020000000000000000aa020000000000000000aa020000000000000000aa020000000000000000
01:07:59.065 [DEBUG] [serial] RX 128 bytes: aa020000000000000000aa020000000000000000aa020000000000000000aa020000000000000000aa020000000000000000aa020000000000000000aa020000000000000000aa020000000000000000aa020000000000000000aa020000000000000000aa020000000000000000aa020000000000000000aa02000000000000
01:07:59.065 [DEBUG] [serial] PKT #2500: flags=0x02 in=0 ds=0 flt=0
01:07:59.069 [DEBUG] [serial] RX 128 bytes: 0000aa020000000000000000aa020000000000000000aa020000000000000000aa020000000000000000aa020000000000000000aa020000000000000000aa020000000000000000aa020000000000000000aa020000000000000000aa020000000000000000aa020000000000000000aa020000000000000000aa0200000000
01:07:59.073 [DEBUG] [serial] RX 128 bytes: 00000000aa020000000000000000aa020000000000000000aa020000000000000000aa020000000000000000aa020000000000000000aa020000000000000000aa020000000000000000aa020000000000000000aa020000000000000000aa020000000000000000aa020000000000000000aa020000000000000000aa020000
01:07:59.077 [DEBUG] [serial] RX 128 bytes: 000000000000aa020000000000000000aa020000000000000000aa020000000000000000aa020000000000000000aa020000000000000000aa020000000000000000aa020000000000000000aa020000000000000000aa020000000000000000aa020000000000000000aa020000000000000000aa020000000000000000aa02
01:07:59.081 [DEBUG] [serial] RX 128 bytes: 0000000000000000aa020000000000000000aa020000000000000000aa020000000000000000aa020000000000000000aa020000000000000000aa020000000000000000aa020000000000000000aa020000000000000000aa020000000000000000aa020000000000000000aa020000000000000000aa020000000000000000
01:07:59.085 [DEBUG] [serial] RX 128 bytes: aa020000000000000000aa020000000000000000aa020000000000000000aa020000000000000000aa020000000000000000aa020000000000000000aa020000000000000000aa020000000000000000aa020000000000000000aa020000000000000000aa020000000000000000aa020000000000000000aa02000000000000
01:07:59.089 [DEBUG] [serial] RX 128 bytes: 0000aa020000000000000000aa020000000000000000aa020000000000000000aa020000000000000000aa020000000000000000aa020000000000000000aa020000000000000000aa020000000000000000aa020000000000000000aa020000000000000000aa020000000000000000aa020000000000000000aa0200000000
01:07:59.093 [DEBUG] [serial] RX 128 bytes: 00000000aa020000000000000000aa020000000000000000aa020000000000000000aa020000000000000000aa020000000000000000aa020000000000000000aa020000000000000000aa020000000000000000aa020000000000000000aa020000000000000000aa020000000000000000aa020000000000000000aa020000
01:07:59.097 [DEBUG] [serial] RX 128 bytes: 000000000000aa020000000000000000aa020000000000000000aa020000000000000000aa020000000000000000aa020000000000000000aa020000000000000000aa020000000000000000aa020000000000000000aa020000000000000000aa020000000000000000aa020000000000000000aa020000000000000000aa02
01:07:59.101 [DEBUG] [serial] RX 128 bytes: 0000000000000000aa020000000000000000aa020000000000000000aa020000000000000000aa020000000000000000aa020000000000000000aa020000000000000000aa020000000000000000aa020000000000000000aa020000000000000000aa020000000000000000aa020000000000000000aa020000000000000000
01:07:59.105 [DEBUG] [serial] RX 128 bytes: aa020000000000000000aa020000000000000000aa020000000000000000aa020000000000000000aa020000000000000000aa020000000000000000aa020000000000000000aa020000000000000000aa020000000000000000aa020000000000000000aa020000000000000000aa020000000000000000aa02000000000000
01:07:59.109 [DEBUG] [serial] RX 128 bytes: 0000aa020000000000000000aa020000000000000000aa020000000000000000aa020000000000000000aa020000000000000000aa020000000000000000aa020000000000000000aa020000000000000000aa020000000000000000aa020000000000000000aa020000000000000000aa020000000000000000aa0200000000
01:07:59.113 [DEBUG] [serial] RX 128 bytes: 00000000aa020000000000000000aa020000000000000000aa020000000000000000aa020000000000000000aa020000000000000000aa020000000000000000aa020000000000000000aa020000000000000000aa020000000000000000aa020000000000000000aa020000000000000000aa020000000000000000aa020000
01:07:59.117 [DEBUG] [serial] RX 128 bytes: 000000000000aa020000000000000000aa020000000000000000aa020000000000000000aa020000000000000000aa020000000000000000aa020000000000000000aa020000000000000000aa020000000000000000aa020000000000000000aa020000000000000000aa020000000000000000aa020000000000000000aa02
01:07:59.121 [DEBUG] [serial] RX 128 bytes: 0000000000000000aa020000000000000000aa020000000000000000aa020000000000000000aa020000000000000000aa020000000000000000aa020000000000000000aa020000000000000000aa020000000000000000aa020000000000000000aa020000000000000000aa020000000000000000aa020000000000000000
01:07:59.125 [DEBUG] [serial] RX 128 bytes: aa020000000000000000aa020000000000000000aa020000000000000000aa020000000000000000aa020000000000000000aa020000000000000000aa020000000000000000aa020000000000000000aa020000000000000000aa020000000000000000aa020000000000000000aa020000000000000000aa02000000000000
01:07:59.129 [DEBUG] [serial] RX 128 bytes: 0000aa020000000000000000aa020000000000000000aa020000000000000000aa020000000000000000aa020000000000000000aa020000000000000000aa020000000000000000aa020000000000000000aa020000000000000000aa020000000000000000aa020000000000000000aa020000000000000000aa0200000000
01:07:59.133 [DEBUG] [serial] RX 128 bytes: 00000000aa020000000000000000aa020000000000000000aa020000000000000000aa020000000000000000aa020000000000000000aa020000000000000000aa020000000000000000aa020000000000000000aa020000000000000000aa020000000000000000aa020000000000000000aa020000000000000000aa020000
01:07:59.137 [DEBUG] [serial] RX 128 bytes: 000000000000aa020000000000000000aa020000000000000000aa020000000000000000aa020000000000000000aa020000000000000000aa020000000000000000aa020000000000000000aa020000000000000000aa020000000000000000aa020000000000000000aa020000000000000000aa020000000000000000aa02
01:07:59.140 [DEBUG] [serial] RX 128 bytes: 0000000000000000aa020000000000000000aa020000000000000000aa020000000000000000aa020000000000000000aa020000000000000000aa020000000000000000aa020000000000000000aa020000000000000000aa020000000000000000aa020000000000000000aa020000000000000000aa020000000000000000
01:07:59.144 [DEBUG] [serial] RX 128 bytes: aa020000000000000000aa020000000000000000aa020000000000000000aa020000000000000000aa020000000000000000aa020000000000000000aa020000000000000000aa020000000000000000aa020000000000000000aa020000000000000000aa020000000000000000aa020000000000000000aa02000000000000
01:07:59.148 [DEBUG] [serial] RX 128 bytes: 0000aa020000000000000000aa020000000000000000aa020000000000000000aa020000000000000000aa020000000000000000aa020000000000000000aa020000000000000000aa020000000000000000aa020000000000000000aa020000000000000000aa020000000000000000aa020000000000000000aa0200000000
01:07:59.152 [DEBUG] [serial] RX 128 bytes: 00000000aa020000000000000000aa020000000000000000aa020000000000000000aa020000000000000000aa020000000000000000aa020000000000000000aa020000000000000000aa020000000000000000aa020000000000000000aa020000000000000000aa020000000000000000aa020000000000000000aa020000
01:07:59.157 [DEBUG] [serial] RX 128 bytes: 000000000000aa020000000000000000aa020000000000000000aa020000000000000000aa020000000000000000aa020000000000000000aa020000000000000000aa020000000000000000aa020000000000000000aa020000000000000000aa020000000000000000aa020000000000000000aa020000000000000000aa02
01:07:59.160 [DEBUG] [serial] RX 128 bytes: 0000000000000000aa020000000000000000aa020000000000000000aa020000000000000000aa020000000000000000aa020000000000000000aa020000000000000000aa020000000000000000aa020000000000000000aa020000000000000000aa020000000000000000aa020000000000000000aa020000000000000000
01:07:59.164 [DEBUG] [serial] RX 128 bytes: aa020000000000000000aa020000000000000000aa020000000000000000aa020000000000000000aa020000000000000000aa020000000000000000aa020000000000000000aa020000000000000000aa020000000000000000aa020000000000000000aa020000000000000000aa020000000000000000aa02000000000000
01:07:59.168 [DEBUG] [serial] RX 128 bytes: 0000aa020000000000000000aa020000000000000000aa020000000000000000aa020000000000000000aa020000000000000000aa020000000000000000aa020000000000000000aa020000000000000000aa020000000000000000aa020000000000000000aa020000000000000000aa020000000000000000aa0200000000
01:07:59.172 [DEBUG] [serial] RX 128 bytes: 00000000aa020000000000000000aa020000000000000000aa020000000000000000aa020000000000000000aa020000000000000000aa020000000000000000aa020000000000000000aa020000000000000000aa020000000000000000aa020000000000000000aa020000000000000000aa020000000000000000aa020000
01:07:59.176 [DEBUG] [serial] RX 128 bytes: 000000000000aa020000000000000000aa020000000000000000aa020000000000000000aa020000000000000000aa020000000000000000aa020000000000000000aa020000000000000000aa020000000000000000aa020000000000000000aa020000000000000000aa020000000000000000aa020000000000000000aa02
01:07:59.180 [DEBUG] [serial] RX 128 bytes: 0000000000000000aa020000000000000000aa020000000000000000aa020000000000000000aa020000000000000000aa020000000000000000aa020000000000000000aa020000000000000000aa020000000000000000aa020000000000000000aa020000000000000000aa020000000000000000aa020000000000000000
01:07:59.184 [DEBUG] [serial] RX 128 bytes: aa020000000000000000aa020000000000000000aa020000000000000000aa020000000000000000aa020000000000000000aa020000000000000000aa020000000000000000aa020000000000000000aa020000000000000000aa020000000000000000aa020000000000000000aa020000000000000000aa02000000000000
01:07:59.188 [DEBUG] [serial] RX 128 bytes: 0000aa020000000000000000aa020000000000000000aa020000000000000000aa020000000000000000aa020000000000000000aa020000000000000000aa020000000000000000aa020000000000000000aa020000000000000000aa020000000000000000aa020000000000000000aa020000000000000000aa0200000000
01:07:59.192 [DEBUG] [serial] RX 128 bytes: 00000000aa020000000000000000aa020000000000000000aa020000000000000000aa020000000000000000aa020000000000000000aa020000000000000000aa020000000000000000aa020000000000000000aa020000000000000000aa020000000000000000aa020000000000000000aa020000000000000000aa020000
01:07:59.196 [DEBUG] [serial] RX 128 bytes: 000000000000aa020000000000000000aa020000000000000000aa020000000000000000aa020000000000000000aa020000000000000000aa020000000000000000aa020000000000000000aa020000000000000000aa020000000000000000aa020000000000000000aa020000000000000000aa020000000000000000aa02
01:07:59.200 [DEBUG] [serial] RX 128 bytes: 0000000000000000aa020000000000000000aa020000000000000000aa020000000000000000aa020000000000000000aa020000000000000000aa020000000000000000aa020000000000000000aa020000000000000000aa020000000000000000aa020000000000000000aa020000000000000000aa020000000000000000
01:07:59.204 [DEBUG] [serial] RX 128 bytes: aa020000000000000000aa020000000000000000aa020000000000000000aa020000000000000000aa020000000000000000aa020000000000000000aa020000000000000000aa020000000000000000aa020000000000000000aa020000000000000000aa020000000000000000aa020000000000000000aa02000000000000
01:07:59.208 [DEBUG] [serial] RX 128 bytes: 0000aa020000000000000000aa020000000000000000aa020000000000000000aa020000000000000000aa020000000000000000aa020000000000000000aa020000000000000000aa020000000000000000aa020000000000000000aa020000000000000000aa020000000000000000aa020000000000000000aa0200000000
01:07:59.212 [DEBUG] [serial] RX 128 bytes: 00000000aa020000000000000000aa020000000000000000aa020000000000000000aa020000000000000000aa020000000000000000aa020000000000000000aa020000000000000000aa020000000000000000aa020000000000000000aa020000000000000000aa020000000000000000aa020000000000000000aa020000
01:07:59.216 [DEBUG] [serial] RX 128 bytes: 000000000000aa020000000000000000aa020000000000000000aa020000000000000000aa020000000000000000aa020000000000000000aa020000000000000000aa020000000000000000aa020000000000000000aa020000000000000000aa020000000000000000aa020000000000000000aa020000000000000000aa02
01:07:59.220 [DEBUG] [serial] RX 128 bytes: 0000000000000000aa020000000000000000aa020000000000000000aa020000000000000000aa020000000000000000aa020000000000000000aa020000000000000000aa020000000000000000aa020000000000000000aa020000000000000000aa020000000000000000aa020000000000000000aa020000000000000000
01:07:59.220 [DEBUG] [serial] PKT #3000: flags=0x02 in=0 ds=0 flt=0
01:07:59.224 [DEBUG] [serial] RX 128 bytes: aa020000000000000000aa020000000000000000aa020000000000000000aa020000000000000000aa020000000000000000aa020000000000000000aa020000000000000000aa020000000000000000aa020000000000000000aa020000000000000000aa020000000000000000aa020000000000000000aa02000000000000
01:07:59.228 [DEBUG] [serial] RX 128 bytes: 0000aa020000000000000000aa020000000000000000aa020000000000000000aa020000000000000000aa020000000000000000aa020000000000000000aa020000000000000000aa020000000000000000aa020000000000000000aa020000000000000000aa020000000000000000aa020000000000000000aa0200000000
01:07:59.232 [DEBUG] [serial] RX 128 bytes: 00000000aa020000000000000000aa020000000000000000aa020000000000000000aa020000000000000000aa020000000000000000aa020000000000000000aa020000000000000000aa020000000000000000aa020000000000000000aa020000000000000000aa020000000000000000aa020000000000000000aa020000
01:07:59.236 [DEBUG] [serial] RX 128 bytes: 000000000000aa020000000000000000aa020000000000000000aa020000000000000000aa020000000000000000aa020000000000000000aa020000000000000000aa020000000000000000aa020000000000000000aa020000000000000000aa020000000000000000aa020000000000000000aa020000000000000000aa02
01:07:59.240 [DEBUG] [serial] RX 128 bytes: 0000000000000000aa020000000000000000aa020000000000000000aa020000000000000000aa020000000000000000aa020000000000000000aa020000000000000000aa020000000000000000aa020000000000000000aa020000000000000000aa020000000000000000aa020000000000000000aa020000000000000000
01:07:59.244 [DEBUG] [serial] RX 128 bytes: aa020000000000000000aa020000000000000000aa020000000000000000aa020000000000000000aa020000000000000000aa020000000000000000aa020000000000000000aa020000000000000000aa020000000000000000aa020000000000000000aa020000000000000000aa020000000000000000aa02000000000000
01:07:59.248 [DEBUG] [serial] RX 128 bytes: 0000aa020000000000000000aa020000000000000000aa020000000000000000aa020000000000000000aa020000000000000000aa020000000000000000aa020000000000000000aa020000000000000000aa020000000000000000aa020000000000000000aa020000000000000000aa020000000000000000aa0200000000
01:07:59.252 [DEBUG] [serial] RX 128 bytes: 00000000aa020000000000000000aa020000000000000000aa020000000000000000aa020000000000000000aa020000000000000000aa020000000000000000aa020000000000000000aa020000000000000000aa020000000000000000aa020000000000000000aa020000000000000000aa020000000000000000aa020000
01:07:59.256 [DEBUG] [serial] RX 128 bytes: 000000000000aa020000000000000000aa020000000000000000aa020000000000000000aa020000000000000000aa020000000000000000aa020000000000000000aa020000000000000000aa020000000000000000aa020000000000000000aa020000000000000000aa020000000000000000aa020000000000000000aa02
01:07:59.260 [DEBUG] [serial] RX 128 bytes: 0000000000000000aa020000000000000000aa020000000000000000aa020000000000000000aa020000000000000000aa020000000000000000aa020000000000000000aa020000000000000000aa020000000000000000aa020000000000000000aa020000000000000000aa020000000000000000aa020000000000000000
01:07:59.264 [DEBUG] [serial] RX 128 bytes: aa020000000000000000aa020000000000000000aa020000000000000000aa020000000000000000aa020000000000000000aa020000000000000000aa020000000000000000aa020000000000000000aa020000000000000000aa020000000000000000aa020000000000000000aa020000000000000000aa02000000000000
01:07:59.268 [DEBUG] [serial] RX 128 bytes: 0000aa020000000000000000aa020000000000000000aa020000000000000000aa020000000000000000aa020000000000000000aa020000000000000000aa020000000000000000aa020000000000000000aa020000000000000000aa020000000000000000aa020000000000000000aa020000000000000000aa0200000000
01:07:59.272 [DEBUG] [serial] RX 128 bytes: 00000000aa020000000000000000aa020000000000000000aa020000000000000000aa020000000000000000aa020000000000000000aa020000000000000000aa020000000000000000aa020000000000000000aa020000000000000000aa020000000000000000aa020000000000000000aa020000000000000000aa020000
01:07:59.276 [DEBUG] [serial] RX 128 bytes: 000000000000aa020000000000000000aa020000000000000000aa020000000000000000aa020000000000000000aa020000000000000000aa020000000000000000aa020000000000000000aa020000000000000000aa020000000000000000aa020000000000000000aa020000000000000000aa020000000000000000aa02
01:07:59.279 [DEBUG] [serial] RX 128 bytes: 0000000000000000aa020000000000000000aa020000000000000000aa020000000000000000aa020000000000000000aa020000000000000000aa020000000000000000aa020000000000000000aa020000000000000000aa020000000000000000aa020000000000000000aa020000000000000000aa020000000000000000
01:07:59.283 [DEBUG] [serial] RX 128 bytes: aa020000000000000000aa020000000000000000aa020000000000000000aa020000000000000000aa020000000000000000aa020000000000000000aa020000000000000000aa020000000000000000aa020000000000000000aa020000000000000000aa020000000000000000aa020000000000000000aa02000000000000
01:07:59.287 [DEBUG] [serial] RX 128 bytes: 0000aa020000000000000000aa020000000000000000aa020000000000000000aa020000000000000000aa020000000000000000aa020000000000000000aa020000000000000000aa020000000000000000aa020000000000000000aa020000000000000000aa020000000000000000aa020000000000000000aa0200000000
01:07:59.292 [DEBUG] [serial] RX 128 bytes: 00000000aa020000000000000000aa020000000000000000aa020000000000000000aa020000000000000000aa020000000000000000aa020000000000000000aa020000000000000000aa020000000000000000aa020000000000000000aa020000000000000000aa020000000000000000aa020000000000000000aa020000
01:07:59.296 [DEBUG] [serial] RX 128 bytes: 000000000000aa020000000000000000aa020000000000000000aa020000000000000000aa020000000000000000aa020000000000000000aa020000000000000000aa020000000000000000aa020000000000000000aa020000000000000000aa020000000000000000aa020000000000000000aa020000000000000000aa02
01:07:59.299 [DEBUG] [serial] RX 128 bytes: 0000000000000000aa020000000000000000aa020000000000000000aa020000000000000000aa020000000000000000aa020000000000000000aa020000000000000000aa020000000000000000aa020000000000000000aa020000000000000000aa020000000000000000aa020000000000000000aa020000000000000000
01:07:59.303 [DEBUG] [serial] RX 128 bytes: aa020000000000000000aa020000000000000000aa020000000000000000aa020000000000000000aa020000000000000000aa020000000000000000aa020000000000000000aa020000000000000000aa020000000000000000aa020000000000000000aa020000000000000000aa020000000000000000aa02000000000000
01:07:59.307 [DEBUG] [serial] RX 128 bytes: 0000aa020000000000000000aa020000000000000000aa020000000000000000aa020000000000000000aa020000000000000000aa020000000000000000aa020000000000000000aa020000000000000000aa020000000000000000aa020000000000000000aa020000000000000000aa020000000000000000aa0200000000
01:07:59.311 [DEBUG] [serial] RX 128 bytes: 00000000aa020000000000000000aa020000000000000000aa020000000000000000aa020000000000000000aa020000000000000000aa020000000000000000aa020000000000000000aa020000000000000000aa020000000000000000aa020000000000000000aa020000000000000000aa020000000000000000aa020000
01:07:59.315 [DEBUG] [serial] RX 128 bytes: 000000000000aa020000000000000000aa020000000000000000aa020000000000000000aa020000000000000000aa020000000000000000aa020000000000000000aa020000000000000000aa020000000000000000aa020000000000000000aa020000000000000000aa020000000000000000aa020000000000000000aa02
01:07:59.319 [DEBUG] [serial] RX 128 bytes: 0000000000000000aa020000000000000000aa020000000000000000aa020000000000000000aa020000000000000000aa020000000000000000aa020000000000000000aa020000000000000000aa020000000000000000aa020000000000000000aa020000000000000000aa020000000000000000aa020000000000000000
01:07:59.323 [DEBUG] [serial] RX 128 bytes: aa020000000000000000aa020000000000000000aa020000000000000000aa020000000000000000aa020000000000000000aa020000000000000000aa020000000000000000aa020000000000000000aa020000000000000000aa020000000000000000aa020000000000000000aa020000000000000000aa02000000000000
01:07:59.327 [DEBUG] [serial] RX 128 bytes: 0000aa020000000000000000aa020000000000000000aa020000000000000000aa020000000000000000aa020000000000000000aa020000000000000000aa020000000000000000aa020000000000000000aa020000000000000000aa020000000000000000aa020000000000000000aa020000000000000000aa0200000000
01:07:59.331 [DEBUG] [serial] RX 128 bytes: 00000000aa020000000000000000aa020000000000000000aa020000000000000000aa020000000000000000aa020000000000000000aa020000000000000000aa020000000000000000aa020000000000000000aa020000000000000000aa020000000000000000aa020000000000000000aa020000000000000000aa020000
01:07:59.335 [DEBUG] [serial] RX 128 bytes: 000000000000aa020000000000000000aa020000000000000000aa020000000000000000aa020000000000000000aa020000000000000000aa020000000000000000aa020000000000000000aa020000000000000000aa020000000000000000aa020000000000000000aa020000000000000000aa020000000000000000aa02
01:07:59.339 [DEBUG] [serial] RX 128 bytes: 0000000000000000aa020000000000000000aa020000000000000000aa020000000000000000aa020000000000000000aa020000000000000000aa020000000000000000aa020000000000000000aa020000000000000000aa020000000000000000aa020000000000000000aa020000000000000000aa020000000000000000
01:07:59.343 [DEBUG] [serial] RX 128 bytes: aa020000000000000000aa020000000000000000aa020000000000000000aa020000000000000000aa020000000000000000aa020000000000000000aa020000000000000000aa020000000000000000aa020000000000000000aa020000000000000000aa020000000000000000aa020000000000000000aa02000000000000
01:07:59.347 [DEBUG] [serial] RX 128 bytes: 0000aa020000000000000000aa020000000000000000aa020000000000000000aa020000000000000000aa020000000000000000aa020000000000000000aa020000000000000000aa020000000000000000aa020000000000000000aa020000000000000000aa020000000000000000aa020000000000000000aa0200000000
01:07:59.351 [DEBUG] [serial] RX 128 bytes: 00000000aa020000000000000000aa020000000000000000aa020000000000000000aa020000000000000000aa020000000000000000aa020000000000000000aa020000000000000000aa020000000000000000aa020000000000000000aa020000000000000000aa020000000000000000aa020000000000000000aa020000
01:07:59.355 [DEBUG] [serial] RX 128 bytes: 000000000000aa020000000000000000aa020000000000000000aa020000000000000000aa020000000000000000aa020000000000000000aa020000000000000000aa020000000000000000aa020000000000000000aa020000000000000000aa020000000000000000aa020000000000000000aa020000000000000000aa02
01:07:59.359 [DEBUG] [serial] RX 128 bytes: 0000000000000000aa020000000000000000aa020000000000000000aa020000000000000000aa020000000000000000aa020000000000000000aa020000000000000000aa020000000000000000aa020000000000000000aa020000000000000000aa020000000000000000aa020000000000000000aa020000000000000000
01:07:59.363 [DEBUG] [serial] RX 128 bytes: aa020000000000000000aa020000000000000000aa020000000000000000aa020000000000000000aa020000000000000000aa020000000000000000aa020000000000000000aa020000000000000000aa020000000000000000aa020000000000000000aa020000000000000000aa020000000000000000aa02000000000000
01:07:59.367 [DEBUG] [serial] RX 128 bytes: 0000aa020000000000000000aa020000000000000000aa020000000000000000aa020000000000000000aa020000000000000000aa020000000000000000aa020000000000000000aa020000000000000000aa020000000000000000aa020000000000000000aa020000000000000000aa020000000000000000aa0200000000
01:07:59.371 [DEBUG] [serial] RX 128 bytes: 00000000aa020000000000000000aa020000000000000000aa020000000000000000aa020000000000000000aa020000000000000000aa020000000000000000aa020000000000000000aa020000000000000000aa020000000000000000aa020000000000000000aa020000000000000000aa020000000000000000aa020000
01:07:59.375 [DEBUG] [serial] RX 128 bytes: 000000000000aa020000000000000000aa020000000000000000aa020000000000000000aa020000000000000000aa020000000000000000aa020000000000000000aa020000000000000000aa020000000000000000aa020000000000000000aa020000000000000000aa020000000000000000aa020000000000000000aa02
01:07:59.375 [DEBUG] [serial] PKT #3500: flags=0x02 in=0 ds=0 flt=0
01:07:59.379 [DEBUG] [serial] RX 128 bytes: 0000000000000000aa020000000000000000aa020000000000000000aa020000000000000000aa020000000000000000aa020000000000000000aa020000000000000000aa020000000000000000aa020000000000000000aa020000000000000000aa020000000000000000aa020000000000000000aa020000000000000000
01:07:59.383 [DEBUG] [serial] RX 128 bytes: aa020000000000000000aa020000000000000000aa020000000000000000aa020000000000000000aa020000000000000000aa020000000000000000aa020000000000000000aa020000000000000000aa020000000000000000aa020000000000000000aa020000000000000000aa020000000000000000aa02000000000000
01:07:59.387 [DEBUG] [serial] RX 128 bytes: 0000aa020000000000000000aa020000000000000000aa020000000000000000aa020000000000000000aa020000000000000000aa020000000000000000aa020000000000000000aa020000000000000000aa020000000000000000aa020000000000000000aa020000000000000000aa020000000000000000aa0200000000
01:07:59.391 [DEBUG] [serial] RX 128 bytes: 00000000aa020000000000000000aa020000000000000000aa020000000000000000aa020000000000000000aa020000000000000000aa020000000000000000aa020000000000000000aa020000000000000000aa020000000000000000aa020000000000000000aa020000000000000000aa020000000000000000aa020000
01:07:59.395 [DEBUG] [serial] RX 128 bytes: 000000000000aa020000000000000000aa020000000000000000aa020000000000000000aa020000000000000000aa020000000000000000aa020000000000000000aa020000000000000000aa020000000000000000aa020000000000000000aa020000000000000000aa020000000000000000aa020000000000000000aa02
01:07:59.397 [INFO] [GUI] Click STOP
01:07:59.397 [INFO] [serial] Encolando TX CMD_STOP: bb05
01:07:59.399 [INFO] [serial] TX CMD_STOP: bb05
01:07:59.399 [DEBUG] [serial] TX OK: 2 bytes escritos
01:07:59.399 [DEBUG] [serial] RX 128 bytes: 0000000000000000aa020000000000000000aa020000000000000000aa020000000000000000aa020000000000000000aa020000000000000000aa020000000000000000aa020000000000000000aa020000000000000000aa020000000000000000aa020000000000000000aa020000000000000000aa020000000000000000
01:08:00.838 [INFO] [GUI] Click MuxIn -> 1
01:08:00.838 [INFO] [serial] Encolando TX CMD_MUX_IN sel=1: bb0101
01:08:00.912 [INFO] [serial] TX CMD_MUX_IN sel=1: bb0101
01:08:00.912 [DEBUG] [serial] TX OK: 3 bytes escritos
01:08:04.991 [INFO] [GUI] Freq cambiada a 1.0 Hz (freq_dh=10)
01:08:04.991 [INFO] [serial] Encolando TX CMD_FREQ freq=1.0Hz dh=10: bb03000a
01:08:05.058 [INFO] [serial] TX CMD_FREQ freq=1.0Hz dh=10: bb03000a
01:08:05.059 [DEBUG] [serial] TX OK: 4 bytes escritos
01:08:05.089 [INFO] [GUI] Click START
01:08:05.090 [INFO] [serial] Encolando TX CMD_START: bb04
01:08:05.167 [INFO] [serial] TX CMD_START: bb04
01:08:05.167 [DEBUG] [serial] TX OK: 2 bytes escritos
01:08:05.173 [DEBUG] [serial] RX 128 bytes: aa030000000000000000aa030000000000000000aa030000000000000000aa030000000000000000aa030000000000000000aa030000000000000000aa030000000000000000aa030000000000000000aa030000000000000000aa030000000000000000aa030000000000000000aa030000000000000000aa03000000000000
01:08:05.173 [INFO] [serial] Stats: 3596 pkts, 35968 bytes rx
01:08:05.175 [DEBUG] [serial] RX 128 bytes: 0000aa030000000000000000aa030000000000000000aa030000000000000000aa030000000000000000aa030000000000000000aa030000000000000000aa030000000000000000aa030000000000000000aa030000000000000000aa030000000000000000aa030000000000000000aa030000000000000000aa0300000000
01:08:05.179 [DEBUG] [serial] RX 128 bytes: 00000000aa030000000000000000aa030000000000000000aa030000000000000000aa030000000000000000aa030000000000000000aa030000000000000000aa030000000000000000aa030000000000000000aa030000000000000000aa030000000000000000aa030000000000000000aa030000000000000000aa030000
01:08:05.183 [DEBUG] [serial] RX 128 bytes: 000000000000aa030000000000000000aa030000000000000000aa030000000000000000aa030000000000000000aa030000000000000000aa030000000000000000aa030000000000000000aa030000000000000000aa030000000000000000aa030000000000000000aa030000000000000000aa030000000000000000aa03
01:08:05.187 [DEBUG] [serial] RX 128 bytes: 0000000000000000aa030000000000000000aa030000000000000000aa030000000000000000aa030000000000000000aa030000000000000000aa030000000000000000aa030000000000000000aa030000000000000000aa030000000000000000aa030000000000000000aa030000000000000000aa030000000000000000
01:08:05.191 [DEBUG] [serial] RX 128 bytes: aa030000000000000000aa030000000000000000aa030000000000000000aa030000000000000000aa030000000000000000aa030000000000000000aa030000000000000000aa030000000000000000aa030000000000000000aa030000000000000000aa030000000000000000aa030000000000000000aa03000000000000
01:08:05.195 [DEBUG] [serial] RX 128 bytes: 0000aa030000000000000000aa030000000000000000aa030000000000000000aa030000000000000000aa030000000000000000aa030000000000000000aa030000000000000000aa030000000000000000aa030000000000000000aa030000000000000000aa030000000000000000aa030000000000000000aa0300000000
01:08:05.199 [DEBUG] [serial] RX 128 bytes: 00000000aa030000000000000000aa030000000000000000aa030000000000000000aa030000000000000000aa030000000000000000aa030000000000000000aa030000000000000000aa030000000000000000aa030000000000000000aa030000000000000000aa030000000000000000aa030000000000000000aa030000
01:08:05.203 [DEBUG] [serial] RX 128 bytes: 000000000000aa030000000000000000aa030000000000000000aa030000000000000000aa030000000000000000aa030000000000000000aa030000000000000000aa030000000000000000aa030000000000000000aa030000000000000000aa030000000000000000aa030000000000000000aa030000000000000000aa03
01:08:05.207 [DEBUG] [serial] RX 128 bytes: 0000000000000000aa030000000000000000aa030000000000000000aa030000000000000000aa030000000000000000aa030000000000000000aa030000000000000000aa030000000000000000aa030000000000000000aa030000000000000000aa030000000000000000aa030000000000000000aa030000000000000000
01:08:05.211 [DEBUG] [serial] RX 128 bytes: aa030000000000000000aa030000000000000000aa030000000000000000aa030000000000000000aa030000000000000000aa030000000000000000aa030000000000000000aa030000000000000000aa030000000000000000aa030000000000000000aa030000000000000000aa030000000000000000aa03000000000000
01:08:05.215 [DEBUG] [serial] RX 128 bytes: 0000aa030000000000000000aa030000000000000000aa030000000000000000aa030000000000000000aa030000000000000000aa030000000000000000aa030000000000000000aa030000000000000000aa030000000000000000aa030000000000000000aa030000000000000000aa030000000000000000aa0300000000
01:08:05.219 [DEBUG] [serial] RX 128 bytes: 00000000aa030000000000000000aa030000000000000000aa030000000000000000aa030000000000000000aa030000000000000000aa030000000000000000aa030000000000000000aa030000000000000000aa030000000000000000aa030000000000000000aa030000000000000000aa030000000000000000aa030000
01:08:05.223 [DEBUG] [serial] RX 128 bytes: 000000000000aa030000000000000000aa030000000000000000aa030000000000000000aa030000000000000000aa030000000000000000aa030000000000000000aa030000000000000000aa030000000000000000aa030000000000000000aa030000000000000000aa030000000000000000aa030000000000000000aa03
01:08:05.227 [DEBUG] [serial] RX 128 bytes: 0000000000000000aa030000000000000000aa030000000000000000aa030000000000000000aa030000000000000000aa030000000000000000aa030000000000000000aa030000000000000000aa030000000000000000aa030000000000000000aa030000000000000000aa030000000000000000aa030000000000000000
01:08:05.231 [DEBUG] [serial] RX 128 bytes: aa030000000000000000aa030000000000000000aa030000000000000000aa030000000000000000aa030000000000000000aa030000000000000000aa030000000000000000aa030000000000000000aa030000000000000000aa030000000000000000aa030000000000000000aa030000000000000000aa03000000000000
01:08:05.235 [DEBUG] [serial] RX 128 bytes: 0000aa030000000000000000aa030000000000000000aa030000000000000000aa030000000000000000aa030000000000000000aa030000000000000000aa030000000000000000aa030000000000000000aa030000000000000000aa030000000000000000aa030000000000000000aa030000000000000000aa0300000000
01:08:05.239 [DEBUG] [serial] RX 128 bytes: 00000000aa030000000000000000aa030000000000000000aa030000000000000000aa030000000000000000aa030000000000000000aa030000000000000000aa030000000000000000aa030000000000000000aa030000000000000000aa030000000000000000aa030000000000000000aa030000000000000000aa030000
01:08:05.243 [DEBUG] [serial] RX 128 bytes: 000000000000aa030000000000000000aa030000000000000000aa030000000000000000aa030000000000000000aa030000000000000000aa030000000000000000aa030000000000000000aa030000000000000000aa030000000000000000aa030000000000000000aa030000000000000000aa030000000000000000aa03
01:08:05.247 [DEBUG] [serial] RX 128 bytes: 0000000000000000aa030000000000000000aa030000000000000000aa030000000000000000aa030000000000000000aa030000000000000000aa030000000000000000aa030000000000000000aa030000000000000000aa030000000000000000aa030000000000000000aa030000000000000000aa030000000000000000
01:08:05.251 [DEBUG] [serial] RX 128 bytes: aa030000000000000000aa030000000000000000aa030000000000000000aa030000000000000000aa030000000000000000aa030000000000000000aa030000000000000000aa030000000000000000aa030000000000000000aa030000000000000000aa030000000000000000aa030000000000000000aa03000000000000
01:08:05.255 [DEBUG] [serial] RX 128 bytes: 0000aa030000000000000000aa030000000000000000aa030000000000000000aa030000000000000000aa030000000000000000aa030000000000000000aa030000000000000000aa030000000000000000aa030000000000000000aa030000000000000000aa030000000000000000aa030000000000000000aa0300000000
01:08:05.259 [DEBUG] [serial] RX 128 bytes: 00000000aa030000000000000000aa030000000000000000aa030000000000000000aa030000000000000000aa030000000000000000aa030000000000000000aa030000000000000000aa030000000000000000aa030000000000000000aa030000000000000000aa030000000000000000aa030000000000000000aa030000
01:08:05.263 [DEBUG] [serial] RX 128 bytes: 000000000000aa030000000000000000aa030000000000000000aa030000000000000000aa030000000000000000aa030000000000000000aa030000000000000000aa030000000000000000aa030000000000000000aa030000000000000000aa030000000000000000aa030000000000000000aa030000000000000000aa03
01:08:05.267 [DEBUG] [serial] RX 128 bytes: 0000000000000000aa030000000000000000aa030000000000000000aa030000000000000000aa030000000000000000aa030000000000000000aa030000000000000000aa030000000000000000aa030000000000000000aa030000000000000000aa030000000000000000aa030000000000000000aa030000000000000000
01:08:05.271 [DEBUG] [serial] RX 128 bytes: aa030000000000000000aa030000000000000000aa030000000000000000aa030000000000000000aa030000000000000000aa030000000000000000aa030000000000000000aa030000000000000000aa030000000000000000aa030000000000000000aa030000000000000000aa030000000000000000aa03000000000000
01:08:05.275 [DEBUG] [serial] RX 128 bytes: 0000aa030000000000000000aa030000000000000000aa030000000000000000aa030000000000000000aa030000000000000000aa030000000000000000aa030000000000000000aa030000000000000000aa030000000000000000aa030000000000000000aa030000000000000000aa030000000000000000aa0300000000
01:08:05.279 [DEBUG] [serial] RX 128 bytes: 00000000aa030000000000000000aa030000000000000000aa030000000000000000aa030000000000000000aa030000000000000000aa030000000000000000aa030000000000000000aa030000000000000000aa030000000000000000aa030000000000000000aa030000000000000000aa030000000000000000aa030000
01:08:05.283 [DEBUG] [serial] RX 128 bytes: 000000000000aa030000000000000000aa030000000000000000aa030000000000000000aa030000000000000000aa030000000000000000aa030000000000000000aa030000000000000000aa030000000000000000aa030000000000000000aa030000000000000000aa030000000000000000aa030000000000000000aa03
01:08:05.287 [DEBUG] [serial] RX 128 bytes: 0000000000000000aa030000000000000000aa030000000000000000aa030000000000000000aa030000000000000000aa030000000000000000aa030000000000000000aa030000000000000000aa030000000000000000aa030000000000000000aa030000000000000000aa030000000000000000aa030000000000000000
01:08:05.291 [DEBUG] [serial] RX 128 bytes: aa030000000000000000aa030000000000000000aa030000000000000000aa030000000000000000aa030000000000000000aa030000000000000000aa030000000000000000aa030000000000000000aa030000000000000000aa030000000000000000aa030000000000000000aa030000000000000000aa03000000000000
01:08:05.295 [DEBUG] [serial] RX 128 bytes: 0000aa030000000000000000aa030000000000000000aa030000000000000000aa030000000000000000aa030000000000000000aa030000000000000000aa030000000000000000aa030000000000000000aa030000000000000000aa030000000000000000aa030000000000000000aa030000000000000000aa0300000000
01:08:05.299 [DEBUG] [serial] RX 128 bytes: 00000000aa030000000000000000aa030000000000000000aa030000000000000000aa030000000000000000aa030000000000000000aa030000000000000000aa030000000000000000aa030000000000000000aa030000000000000000aa030000000000000000aa030000000000000000aa030000000000000000aa030000
01:08:05.299 [DEBUG] [serial] PKT #4000: flags=0x03 in=0 ds=0 flt=0
01:08:05.303 [DEBUG] [serial] RX 128 bytes: 000000000000aa030000000000000000aa030000000000000000aa030000000000000000aa030000000000000000aa030000000000000000aa030000000000000000aa030000000000000000aa030000000000000000aa030000000000000000aa030000000000000000aa030000000000000000aa030000000000000000aa03
01:08:05.306 [DEBUG] [serial] RX 128 bytes: 0000000000000000aa030000000000000000aa030000000000000000aa030000000000000000aa030000000000000000aa030000000000000000aa030000000000000000aa030000000000000000aa030000000000000000aa030000000000000000aa030000000000000000aa030000000000000000aa030000000000000000
01:08:05.310 [DEBUG] [serial] RX 128 bytes: aa030000000000000000aa030000000000000000aa030000000000000000aa030000000000000000aa030000000000000000aa030000000000000000aa030000000000000000aa030000000000000000aa030000000000000000aa030000000000000000aa030000000000000000aa030000000000000000aa03000000000000
01:08:05.315 [DEBUG] [serial] RX 128 bytes: 0000aa030000000000000000aa030000000000000000aa030000000000000000aa030000000000000000aa030000000000000000aa030000000000000000aa030000000000000000aa030000000000000000aa030000000000000000aa030000000000000000aa030000000000000000aa030000000000000000aa0300000000
01:08:05.319 [DEBUG] [serial] RX 128 bytes: 00000000aa030000000000000000aa030000000000000000aa030000000000000000aa030000000000000000aa030000000000000000aa030000000000000000aa030000000000000000aa030000000000000000aa030000000000000000aa030000000000000000aa030000000000000000aa030000000000000000aa030000
01:08:05.323 [DEBUG] [serial] RX 128 bytes: 000000000000aa030000000000000000aa030000000000000000aa030000000000000000aa030000000000000000aa030000000000000000aa030000000000000000aa030000000000000000aa030000000000000000aa030000000000000000aa030000000000000000aa030000000000000000aa030000000000000000aa03
01:08:05.326 [DEBUG] [serial] RX 128 bytes: 0000000000000000aa030000000000000000aa030000000000000000aa030000000000000000aa030000000000000000aa030000000000000000aa030000000000000000aa030000000000000000aa030000000000000000aa030000000000000000aa030000000000000000aa030000000000000000aa030000000000000000
01:08:05.330 [DEBUG] [serial] RX 128 bytes: aa030000000000000000aa030000000000000000aa030000000000000000aa030000000000000000aa030000000000000000aa030000000000000000aa030000000000000000aa030000000000000000aa030000000000000000aa030000000000000000aa030000000000000000aa030000000000000000aa03000000000000
01:08:05.334 [DEBUG] [serial] RX 128 bytes: 0000aa030000000000000000aa030000000000000000aa030000000000000000aa030000000000000000aa030000000000000000aa030000000000000000aa030000000000000000aa030000000000000000aa030000000000000000aa030000000000000000aa030000000000000000aa030000000000000000aa0300000000
01:08:05.338 [DEBUG] [serial] RX 128 bytes: 00000000aa030000000000000000aa030000000000000000aa030000000000000000aa030000000000000000aa030000000000000000aa030000000000000000aa030000000000000000aa030000000000000000aa030000000000000000aa030000000000000000aa030000000000000000aa030000000000000000aa030000
01:08:05.343 [DEBUG] [serial] RX 128 bytes: 000000000000aa030000000000000000aa030000000000000000aa030000000000000000aa030000000000000000aa030000000000000000aa030000000000000000aa030000000000000000aa030000000000000000aa030000000000000000aa030000000000000000aa030000000000000000aa030000000000000000aa03
01:08:05.346 [DEBUG] [serial] RX 128 bytes: 0000000000000000aa030000000000000000aa030000000000000000aa030000000000000000aa030000000000000000aa030000000000000000aa030000000000000000aa030000000000000000aa030000000000000000aa030000000000000000aa030000000000000000aa030000000000000000aa030000000000000000
01:08:05.350 [DEBUG] [serial] RX 128 bytes: aa030000000000000000aa030000000000000000aa030000000000000000aa030000000000000000aa030000000000000000aa030000000000000000aa030000000000000000aa030000000000000000aa030000000000000000aa030000000000000000aa030000000000000000aa030000000000000000aa03000000000000
01:08:05.354 [DEBUG] [serial] RX 128 bytes: 0000aa030000000000000000aa030000000000000000aa030000000000000000aa030000000000000000aa030000000000000000aa030000000000000000aa030000000000000000aa030000000000000000aa030000000000000000aa030000000000000000aa030000000000000000aa030000000000000000aa0300000000
01:08:05.358 [DEBUG] [serial] RX 128 bytes: 00000000aa030000000000000000aa030000000000000000aa030000000000000000aa030000000000000000aa030000000000000000aa030000000000000000aa030000000000000000aa030000000000000000aa030000000000000000aa030000000000000000aa030000000000000000aa030000000000000000aa030000
01:08:05.362 [DEBUG] [serial] RX 128 bytes: 000000000000aa030000000000000000aa030000000000000000aa030000000000000000aa030000000000000000aa030000000000000000aa030000000000000000aa030000000000000000aa030000000000000000aa030000000000000000aa030000000000000000aa030000000000000000aa030000000000000000aa03
01:08:05.366 [DEBUG] [serial] RX 128 bytes: 0000000000000000aa030000000000000000aa030000000000000000aa030000000000000000aa030000000000000000aa030000000000000000aa030000000000000000aa030000000000000000aa030000000000000000aa030000000000000000aa030000000000000000aa030000000000000000aa030000000000000000
01:08:05.370 [DEBUG] [serial] RX 128 bytes: aa030000000000000000aa030000000000000000aa030000000000000000aa030000000000000000aa030000000000000000aa030000000000000000aa030000000000000000aa030000000000000000aa030000000000000000aa030000000000000000aa030000000000000000aa030000000000000000aa03000000000000
01:08:05.374 [DEBUG] [serial] RX 128 bytes: 0000aa030000000000000000aa030000000000000000aa030000000000000000aa030000000000000000aa030000000000000000aa030000000000000000aa030000000000000000aa030000000000000000aa030000000000000000aa030000000000000000aa030000000000000000aa030000000000000000aa0300000000
01:08:05.378 [DEBUG] [serial] RX 128 bytes: 00000000aa030000000000000000aa030000000000000000aa030000000000000000aa030000000000000000aa030000000000000000aa030000000000000000aa030000000000000000aa030000000000000000aa030000000000000000aa030000000000000000aa030000000000000000aa030000000000000000aa030000
01:08:05.382 [DEBUG] [serial] RX 128 bytes: 000000000000aa030000000000000000aa030000000000000000aa030000000000000000aa030000000000000000aa030000000000000000aa030000000000000000aa030000000000000000aa030000000000000000aa030000000000000000aa030000000000000000aa030000000000000000aa030000000000000000aa03
01:08:05.386 [DEBUG] [serial] RX 128 bytes: 0000000000000000aa030000000000000000aa030000000000000000aa030000000000000000aa030000000000000000aa030000000000000000aa030000000000000000aa030000000000000000aa030000000000000000aa030000000000000000aa030000000000000000aa030000000000000000aa030000000000000000
01:08:05.390 [DEBUG] [serial] RX 128 bytes: aa030000000000000000aa030000000000000000aa030000000000000000aa030000000000000000aa030000000000000000aa030000000000000000aa030000000000000000aa030000000000000000aa030000000000000000aa030000000000000000aa030000000000000000aa030000000000000000aa03000000000000
01:08:05.394 [DEBUG] [serial] RX 128 bytes: 0000aa030000000000000000aa030000000000000000aa030000000000000000aa030000000000000000aa030000000000000000aa030000000000000000aa030000000000000000aa030000000000000000aa030000000000000000aa030000000000000000aa030000000000000000aa030000000000000000aa0300000000
01:08:05.398 [DEBUG] [serial] RX 128 bytes: 00000000aa030000000000000000aa030000000000000000aa030000000000000000aa030000000000000000aa030000000000000000aa030000000000000000aa030000000000000000aa030000000000000000aa030000000000000000aa030000000000000000aa030000000000000000aa030000000000000000aa030000
01:08:05.402 [DEBUG] [serial] RX 128 bytes: 000000000000aa030000000000000000aa030000000000000000aa030000000000000000aa030000000000000000aa030000000000000000aa030000000000000000aa030000000000000000aa030000000000000000aa030000000000000000aa030000000000000000aa030000000000000000aa030000000000000000aa03
01:08:05.406 [DEBUG] [serial] RX 128 bytes: 0000000000000000aa030000000000000000aa030000000000000000aa030000000000000000aa030000000000000000aa030000000000000000aa030000000000000000aa030000000000000000aa030000000000000000aa030000000000000000aa030000000000000000aa030000000000000000aa030000000000000000
01:08:05.410 [DEBUG] [serial] RX 128 bytes: aa030000000000000000aa030000000000000000aa030000000000000000aa030000000000000000aa030000000000000000aa030000000000000000aa030000000000000000aa030000000000000000aa030000000000000000aa030000000000000000aa030000000000000000aa030000000000000000aa03000000000000
01:08:05.414 [DEBUG] [serial] RX 128 bytes: 0000aa030000000000000000aa030000000000000000aa030000000000000000aa030000000000000000aa030000000000000000aa030000000000000000aa030000000000000000aa030000000000000000aa030000000000000000aa030000000000000000aa030000000000000000aa030000000000000000aa0300000000
01:08:05.418 [DEBUG] [serial] RX 128 bytes: 00000000aa030000000000000000aa030000000000000000aa030000000000000000aa030000000000000000aa030000000000000000aa030000000000000000aa030000000000000000aa030000000000000000aa030000000000000000aa030000000000000000aa030000000000000000aa030000000000000000aa030000
01:08:05.422 [DEBUG] [serial] RX 128 bytes: 000000000000aa030000000000000000aa030000000000000000aa030000000000000000aa030000000000000000aa030000000000000000aa030000000000000000aa030000000000000000aa030000000000000000aa030000000000000000aa030000000000000000aa030000000000000000aa030000000000000000aa03
01:08:05.426 [DEBUG] [serial] RX 128 bytes: 0000000000000000aa030000000000000000aa030000000000000000aa030000000000000000aa030000000000000000aa030000000000000000aa030000000000000000aa030000000000000000aa030000000000000000aa030000000000000000aa030000000000000000aa030000000000000000aa030000000000000000
01:08:05.430 [DEBUG] [serial] RX 128 bytes: aa030000000000000000aa030000000000000000aa030000000000000000aa030000000000000000aa030000000000000000aa030000000000000000aa030000000000000000aa030000000000000000aa030000000000000000aa030000000000000000aa030000000000000000aa030000000000000000aa03000000000000
01:08:05.434 [DEBUG] [serial] RX 128 bytes: 0000aa030000000000000000aa030000000000000000aa030000000000000000aa030000000000000000aa030000000000000000aa030000000000000000aa030000000000000000aa030000000000000000aa030000000000000000aa030000000000000000aa030000000000000000aa030000000000000000aa0300000000
01:08:05.438 [DEBUG] [serial] RX 128 bytes: 00000000aa030000000000000000aa030000000000000000aa030000000000000000aa030000000000000000aa030000000000000000aa030000000000000000aa030000000000000000aa030000000000000000aa030000000000000000aa030000000000000000aa030000000000000000aa030000000000000000aa030000
01:08:05.442 [DEBUG] [serial] RX 128 bytes: 000000000000aa030000000000000000aa030000000000000000aa030000000000000000aa030000000000000000aa030000000000000000aa030000000000000000aa030000000000000000aa030000000000000000aa030000000000000000aa030000000000000000aa030000000000000000aa030000000000000000aa03
01:08:05.446 [DEBUG] [serial] RX 128 bytes: 0000000000000000aa030000000000000000aa030000000000000000aa030000000000000000aa030000000000000000aa030000000000000000aa030000000000000000aa030000000000000000aa030000000000000000aa030000000000000000aa030000000000000000aa030000000000000000aa030000000000000000
01:08:05.450 [DEBUG] [serial] RX 128 bytes: aa030000000000000000aa030000000000000000aa030000000000000000aa030000000000000000aa030000000000000000aa030000000000000000aa030000000000000000aa030000000000000000aa030000000000000000aa030000000000000000aa030000000000000000aa030000000000000000aa03000000000000
01:08:05.454 [DEBUG] [serial] RX 128 bytes: 0000aa030000000000000000aa030000000000000000aa030000000000000000aa030000000000000000aa030000000000000000aa030000000000000000aa030000000000000000aa030000000000000000aa030000000000000000aa030000000000000000aa030000000000000000aa030000000000000000aa0300000000
01:08:05.454 [DEBUG] [serial] PKT #4500: flags=0x03 in=0 ds=0 flt=0
01:08:05.458 [DEBUG] [serial] RX 128 bytes: 00000000aa030000000000000000aa030000000000000000aa030000000000000000aa030000000000000000aa030000000000000000aa030000000000000000aa030000000000000000aa030000000000000000aa030000000000000000aa030000000000000000aa030000000000000000aa030000000000000000aa030000
01:08:05.462 [DEBUG] [serial] RX 128 bytes: 000000000000aa030000000000000000aa030000000000000000aa030000000000000000aa030000000000000000aa030000000000000000aa030000000000000000aa030000000000000000aa030000000000000000aa030000000000000000aa030000000000000000aa030000000000000000aa030000000000000000aa03
01:08:05.465 [DEBUG] [serial] RX 128 bytes: 0000000000000000aa030000000000000000aa030000000000000000aa030000000000000000aa030000000000000000aa030000000000000000aa030000000000000000aa030000000000000000aa030000000000000000aa030000000000000000aa030000000000000000aa030000000000000000aa030000000000000000
01:08:05.469 [DEBUG] [serial] RX 128 bytes: aa030000000000000000aa030000000000000000aa030000000000000000aa030000000000000000aa030000000000000000aa030000000000000000aa030000000000000000aa030000000000000000aa030000000000000000aa030000000000000000aa030000000000000000aa030000000000000000aa03000000000000
01:08:05.473 [DEBUG] [serial] RX 128 bytes: 0000aa030000000000000000aa030000000000000000aa030000000000000000aa030000000000000000aa030000000000000000aa030000000000000000aa030000000000000000aa030000000000000000aa030000000000000000aa030000000000000000aa030000000000000000aa030000000000000000aa0300000000
01:08:05.478 [DEBUG] [serial] RX 128 bytes: 00000000aa030000000000000000aa030000000000000000aa030000000000000000aa030000000000000000aa030000000000000000aa030000000000000000aa030000000000000000aa030000000000000000aa030000000000000000aa030000000000000000aa030000000000000000aa030000000000000000aa030000
01:08:05.482 [DEBUG] [serial] RX 128 bytes: 000000000000aa030000000000000000aa030000000000000000aa030000000000000000aa030000000000000000aa030000000000000000aa030000000000000000aa030000000000000000aa030000000000000000aa030000000000000000aa030000000000000000aa030000000000000000aa030000000000000000aa03
01:08:05.485 [DEBUG] [serial] RX 128 bytes: 0000000000000000aa030000000000000000aa030000000000000000aa030000000000000000aa030000000000000000aa030000000000000000aa030000000000000000aa030000000000000000aa030000000000000000aa030000000000000000aa030000000000000000aa030000000000000000aa030000000000000000
01:08:05.489 [DEBUG] [serial] RX 128 bytes: aa030000000000000000aa030000000000000000aa030000000000000000aa030000000000000000aa030000000000000000aa030000000000000000aa030000000000000000aa030000000000000000aa030000000000000000aa030000000000000000aa030000000000000000aa030000000000000000aa03000000000000
01:08:05.493 [DEBUG] [serial] RX 128 bytes: 0000aa030000000000000000aa030000000000000000aa030000000000000000aa030000000000000000aa030000000000000000aa030000000000000000aa030000000000000000aa030000000000000000aa030000000000000000aa030000000000000000aa030000000000000000aa030000000000000000aa0300000000
01:08:05.497 [DEBUG] [serial] RX 128 bytes: 00000000aa030000000000000000aa030000000000000000aa030000000000000000aa030000000000000000aa030000000000000000aa030000000000000000aa030000000000000000aa030000000000000000aa030000000000000000aa030000000000000000aa030000000000000000aa030000000000000000aa030000
01:08:05.501 [DEBUG] [serial] RX 128 bytes: 000000000000aa030000000000000000aa030000000000000000aa030000000000000000aa030000000000000000aa030000000000000000aa030000000000000000aa030000000000000000aa030000000000000000aa030000000000000000aa030000000000000000aa030000000000000000aa030000000000000000aa03
01:08:05.505 [DEBUG] [serial] RX 128 bytes: 0000000000000000aa030000000000000000aa030000000000000000aa030000000000000000aa030000000000000000aa030000000000000000aa030000000000000000aa030000000000000000aa030000000000000000aa030000000000000000aa030000000000000000aa030000000000000000aa030000000000000000
01:08:05.509 [DEBUG] [serial] RX 128 bytes: aa030000000000000000aa030000000000000000aa030000000000000000aa030000000000000000aa030000000000000000aa030000000000000000aa030000000000000000aa030000000000000000aa030000000000000000aa030000000000000000aa030000000000000000aa030000000000000000aa03000000000000
01:08:05.513 [DEBUG] [serial] RX 128 bytes: 0000aa030000000000000000aa030000000000000000aa030000000000000000aa030000000000000000aa030000000000000000aa030000000000000000aa030000000000000000aa030000000000000000aa030000000000000000aa030000000000000000aa030000000000000000aa030000000000000000aa0300000000
01:08:05.517 [DEBUG] [serial] RX 128 bytes: 00000000aa030000000000000000aa030000000000000000aa030000000000000000aa030000000000000000aa030000000000000000aa030000000000000000aa030000000000000000aa030000000000000000aa030000000000000000aa030000000000000000aa030000000000000000aa030000000000000000aa030000
01:08:05.521 [DEBUG] [serial] RX 128 bytes: 000000000000aa030000000000000000aa030000000000000000aa030000000000000000aa030000000000000000aa030000000000000000aa030000000000000000aa030000000000000000aa030000000000000000aa030000000000000000aa030000000000000000aa030000000000000000aa030000000000000000aa03
01:08:05.525 [DEBUG] [serial] RX 128 bytes: 0000000000000000aa030000000000000000aa030000000000000000aa030000000000000000aa030000000000000000aa030000000000000000aa030000000000000000aa030000000000000000aa030000000000000000aa030000000000000000aa030000000000000000aa030000000000000000aa030000000000000000
01:08:05.529 [DEBUG] [serial] RX 128 bytes: aa030000000000000000aa030000000000000000aa030000000000000000aa030000000000000000aa030000000000000000aa030000000000000000aa030000000000000000aa030000000000000000aa030000000000000000aa030000000000000000aa030000000000000000aa030000000000000000aa03000000000000
01:08:05.533 [DEBUG] [serial] RX 128 bytes: 0000aa030000000000000000aa030000000000000000aa030000000000000000aa030000000000000000aa030000000000000000aa030000000000000000aa030000000000000000aa030000000000000000aa030000000000000000aa030000000000000000aa030000000000000000aa030000000000000000aa0300000000
01:08:05.537 [DEBUG] [serial] RX 128 bytes: 00000000aa030000000000000000aa030000000000000000aa030000000000000000aa030000000000000000aa030000000000000000aa030000000000000000aa030000000000000000aa030000000000000000aa030000000000000000aa030000000000000000aa030000000000000000aa030000000000000000aa030000
01:08:05.541 [DEBUG] [serial] RX 128 bytes: 000000000000aa030000000000000000aa030000000000000000aa030000000000000000aa030000000000000000aa030000000000000000aa030000000000000000aa030000000000000000aa030000000000000000aa030000000000000000aa030000000000000000aa030000000000000000aa030000000000000000aa03
01:08:05.545 [DEBUG] [serial] RX 128 bytes: 0000000000000000aa030000000000000000aa030000000000000000aa030000000000000000aa030000000000000000aa030000000000000000aa030000000000000000aa030000000000000000aa030000000000000000aa030000000000000000aa030000000000000000aa030000000000000000aa030000000000000000
01:08:05.549 [DEBUG] [serial] RX 128 bytes: aa030000000000000000aa030000000000000000aa030000000000000000aa030000000000000000aa030000000000000000aa030000000000000000aa030000000000000000aa030000000000000000aa030000000000000000aa030000000000000000aa030000000000000000aa030000000000000000aa03000000000000
01:08:05.553 [DEBUG] [serial] RX 128 bytes: 0000aa030000000000000000aa030000000000000000aa030000000000000000aa030000000000000000aa030000000000000000aa030000000000000000aa030000000000000000aa030000000000000000aa030000000000000000aa030000000000000000aa030000000000000000aa030000000000000000aa0300000000
01:08:05.557 [DEBUG] [serial] RX 128 bytes: 00000000aa030000000000000000aa030000000000000000aa030000000000000000aa030000000000000000aa030000000000000000aa030000000000000000aa030000000000000000aa030000000000000000aa030000000000000000aa030000000000000000aa030000000000000000aa030000000000000000aa030000
01:08:05.561 [DEBUG] [serial] RX 128 bytes: 000000000000aa030000000000000000aa030000000000000000aa030000000000000000aa030000000000000000aa030000000000000000aa030000000000000000aa030000000000000000aa030000000000000000aa030000000000000000aa030000000000000000aa030000000000000000aa030000000000000000aa03
01:08:05.565 [DEBUG] [serial] RX 128 bytes: 0000000000000000aa030000000000000000aa030000000000000000aa030000000000000000aa030000000000000000aa030000000000000000aa030000000000000000aa030000000000000000aa030000000000000000aa030000000000000000aa030000000000000000aa030000000000000000aa030000000000000000
01:08:05.569 [DEBUG] [serial] RX 128 bytes: aa030000000000000000aa030000000000000000aa030000000000000000aa030000000000000000aa030000000000000000aa030000000000000000aa030000000000000000aa030000000000000000aa030000000000000000aa030000000000000000aa030000000000000000aa030000000000000000aa03000000000000
01:08:05.573 [DEBUG] [serial] RX 128 bytes: 0000aa030000000000000000aa030000000000000000aa030000000000000000aa030000000000000000aa030000000000000000aa030000000000000000aa030000000000000000aa030000000000000000aa030000000000000000aa030000000000000000aa030000000000000000aa030000000000000000aa0300000000
01:08:05.577 [DEBUG] [serial] RX 128 bytes: 00000000aa030000000000000000aa030000000000000000aa030000000000000000aa030000000000000000aa030000000000000000aa030000000000000000aa030000000000000000aa030000000000000000aa030000000000000000aa030000000000000000aa030000000000000000aa030000000000000000aa030000
01:08:05.581 [DEBUG] [serial] RX 128 bytes: 000000000000aa030000000000000000aa030000000000000000aa030000000000000000aa030000000000000000aa030000000000000000aa030000000000000000aa030000000000000000aa030000000000000000aa030000000000000000aa030000000000000000aa030000000000000000aa030000000000000000aa03
01:08:05.585 [DEBUG] [serial] RX 128 bytes: 0000000000000000aa030000000000000000aa030000000000000000aa030000000000000000aa030000000000000000aa030000000000000000aa030000000000000000aa030000000000000000aa030000000000000000aa030000000000000000aa030000000000000000aa030000000000000000aa030000000000000000
01:08:05.589 [DEBUG] [serial] RX 128 bytes: aa030000000000000000aa030000000000000000aa030000000000000000aa030000000000000000aa030000000000000000aa030000000000000000aa030000000000000000aa030000000000000000aa030000000000000000aa030000000000000000aa030000000000000000aa030000000000000000aa03000000000000
01:08:05.593 [DEBUG] [serial] RX 128 bytes: 0000aa030000000000000000aa030000000000000000aa030000000000000000aa030000000000000000aa030000000000000000aa030000000000000000aa030000000000000000aa030000000000000000aa030000000000000000aa030000000000000000aa030000000000000000aa030000000000000000aa0300000000
01:08:05.597 [DEBUG] [serial] RX 128 bytes: 00000000aa030000000000000000aa030000000000000000aa030000000000000000aa030000000000000000aa030000000000000000aa030000000000000000aa030000000000000000aa030000000000000000aa030000000000000000aa030000000000000000aa030000000000000000aa030000000000000000aa030000
01:08:05.601 [DEBUG] [serial] RX 128 bytes: 000000000000aa030000000000000000aa030000000000000000aa030000000000000000aa030000000000000000aa030000000000000000aa030000000000000000aa030000000000000000aa030000000000000000aa030000000000000000aa030000000000000000aa030000000000000000aa030000000000000000aa03
01:08:05.604 [DEBUG] [serial] RX 128 bytes: 0000000000000000aa030000000000000000aa030000000000000000aa030000000000000000aa030000000000000000aa030000000000000000aa030000000000000000aa030000000000000000aa030000000000000000aa030000000000000000aa030000000000000000aa030000000000000000aa030000000000000000
01:08:05.609 [DEBUG] [serial] RX 128 bytes: aa030000000000000000aa030000000000000000aa030000000000000000aa030000000000000000aa030000000000000000aa030000000000000000aa030000000000000000aa030000000000000000aa030000000000000000aa030000000000000000aa030000000000000000aa030000000000000000aa03000000000000
01:08:05.609 [DEBUG] [serial] PKT #5000: flags=0x03 in=0 ds=0 flt=0
01:08:05.613 [DEBUG] [serial] RX 128 bytes: 0000aa030000000000000000aa030000000000000000aa030000000000000000aa030000000000000000aa030000000000000000aa030000000000000000aa030000000000000000aa030000000000000000aa030000000000000000aa030000000000000000aa030000000000000000aa030000000000000000aa0300000000
01:08:05.617 [DEBUG] [serial] RX 128 bytes: 00000000aa030000000000000000aa030000000000000000aa030000000000000000aa030000000000000000aa030000000000000000aa030000000000000000aa030000000000000000aa030000000000000000aa030000000000000000aa030000000000000000aa030000000000000000aa030000000000000000aa030000
01:08:05.621 [DEBUG] [serial] RX 128 bytes: 000000000000aa030000000000000000aa030000000000000000aa030000000000000000aa030000000000000000aa030000000000000000aa030000000000000000aa030000000000000000aa030000000000000000aa030000000000000000aa030000000000000000aa030000000000000000aa030000000000000000aa03
01:08:05.624 [DEBUG] [serial] RX 128 bytes: 0000000000000000aa030000000000000000aa030000000000000000aa030000000000000000aa030000000000000000aa030000000000000000aa030000000000000000aa030000000000000000aa030000000000000000aa030000000000000000aa030000000000000000aa030000000000000000aa030000000000000000
01:08:05.628 [DEBUG] [serial] RX 128 bytes: aa030000000000000000aa030000000000000000aa030000000000000000aa030000000000000000aa030000000000000000aa030000000000000000aa030000000000000000aa030000000000000000aa030000000000000000aa030000000000000000aa030000000000000000aa030000000000000000aa03000000000000
01:08:05.632 [DEBUG] [serial] RX 128 bytes: 0000aa030000000000000000aa030000000000000000aa030000000000000000aa030000000000000000aa030000000000000000aa030000000000000000aa030000000000000000aa030000000000000000aa030000000000000000aa030000000000000000aa030000000000000000aa030000000000000000aa0300000000
01:08:05.636 [DEBUG] [serial] RX 128 bytes: 00000000aa030000000000000000aa030000000000000000aa030000000000000000aa030000000000000000aa030000000000000000aa030000000000000000aa030000000000000000aa030000000000000000aa030000000000000000aa030000000000000000aa030000000000000000aa030000000000000000aa030000
01:08:05.640 [DEBUG] [serial] RX 128 bytes: 000000000000aa030000000000000000aa030000000000000000aa030000000000000000aa030000000000000000aa030000000000000000aa030000000000000000aa030000000000000000aa030000000000000000aa030000000000000000aa030000000000000000aa030000000000000000aa030000000000000000aa03
01:08:05.644 [DEBUG] [serial] RX 128 bytes: 0000000000000000aa030000000000000000aa030000000000000000aa030000000000000000aa030000000000000000aa030000000000000000aa030000000000000000aa030000000000000000aa030000000000000000aa030000000000000000aa030000000000000000aa030000000000000000aa030000000000000000
01:08:05.648 [DEBUG] [serial] RX 128 bytes: aa030000000000000000aa030000000000000000aa030000000000000000aa030000000000000000aa030000000000000000aa030000000000000000aa030000000000000000aa030000000000000000aa030000000000000000aa030000000000000000aa030000000000000000aa030000000000000000aa03000000000000
01:08:05.652 [DEBUG] [serial] RX 128 bytes: 0000aa030000000000000000aa030000000000000000aa030000000000000000aa030000000000000000aa030000000000000000aa030000000000000000aa030000000000000000aa030000000000000000aa030000000000000000aa030000000000000000aa030000000000000000aa030000000000000000aa0300000000
01:08:05.656 [DEBUG] [serial] RX 128 bytes: 00000000aa030000000000000000aa030000000000000000aa030000000000000000aa030000000000000000aa030000000000000000aa030000000000000000aa030000000000000000aa030000000000000000aa030000000000000000aa030000000000000000aa030000000000000000aa030000000000000000aa030000
01:08:05.660 [DEBUG] [serial] RX 128 bytes: 000000000000aa030000000000000000aa030000000000000000aa030000000000000000aa030000000000000000aa030000000000000000aa030000000000000000aa030000000000000000aa030000000000000000aa030000000000000000aa030000000000000000aa030000000000000000aa030000000000000000aa03
01:08:05.664 [DEBUG] [serial] RX 128 bytes: 0000000000000000aa030000000000000000aa030000000000000000aa030000000000000000aa030000000000000000aa030000000000000000aa030000000000000000aa030000000000000000aa030000000000000000aa030000000000000000aa030000000000000000aa030000000000000000aa030000000000000000
01:08:05.670 [DEBUG] [serial] RX 128 bytes: aa030000000000000000aa030000000000000000aa030000000000000000aa030000000000000000aa030000000000000000aa030000000000000000aa030000000000000000aa030000000000000000aa030000000000000000aa030000000000000000aa030000000000000000aa030000000000000000aa03000000000000
01:08:05.674 [DEBUG] [serial] RX 128 bytes: 0000aa030000000000000000aa030000000000000000aa030000000000000000aa030000000000000000aa030000000000000000aa030000000000000000aa030000000000000000aa030000000000000000aa030000000000000000aa030000000000000000aa030000000000000000aa030000000000000000aa0300000000
01:08:05.678 [DEBUG] [serial] RX 128 bytes: 00000000aa030000000000000000aa030000000000000000aa030000000000000000aa030000000000000000aa030000000000000000aa030000000000000000aa030000000000000000aa030000000000000000aa030000000000000000aa030000000000000000aa030000000000000000aa030000000000000000aa030000
01:08:05.680 [DEBUG] [serial] RX 128 bytes: 000000000000aa030000000000000000aa030000000000000000aa030000000000000000aa030000000000000000aa030000000000000000aa030000000000000000aa030000000000000000aa030000000000000000aa030000000000000000aa030000000000000000aa030000000000000000aa030000000000000000aa03
01:08:05.684 [DEBUG] [serial] RX 128 bytes: 0000000000000000aa030000000000000000aa030000000000000000aa030000000000000000aa030000000000000000aa030000000000000000aa030000000000000000aa030000000000000000aa030000000000000000aa030000000000000000aa030000000000000000aa030000000000000000aa030000000000000000
01:08:05.688 [DEBUG] [serial] RX 128 bytes: aa030000000000000000aa030000000000000000aa030000000000000000aa030000000000000000aa030000000000000000aa030000000000000000aa030000000000000000aa030000000000000000aa030000000000000000aa030000000000000000aa030000000000000000aa030000000000000000aa03000000000000
01:08:05.692 [DEBUG] [serial] RX 128 bytes: 0000aa030000000000000000aa030000000000000000aa030000000000000000aa030000000000000000aa030000000000000000aa030000000000000000aa030000000000000000aa030000000000000000aa030000000000000000aa030000000000000000aa030000000000000000aa030000000000000000aa0300000000
01:08:05.696 [DEBUG] [serial] RX 128 bytes: 00000000aa030000000000000000aa030000000000000000aa030000000000000000aa030000000000000000aa030000000000000000aa030000000000000000aa030000000000000000aa030000000000000000aa030000000000000000aa030000000000000000aa030000000000000000aa030000000000000000aa030000
01:08:05.700 [DEBUG] [serial] RX 128 bytes: 000000000000aa030000000000000000aa030000000000000000aa030000000000000000aa030000000000000000aa030000000000000000aa030000000000000000aa030000000000000000aa030000000000000000aa030000000000000000aa030000000000000000aa030000000000000000aa030000000000000000aa03
01:08:05.704 [DEBUG] [serial] RX 128 bytes: 0000000000000000aa030000000000000000aa030000000000000000aa030000000000000000aa030000000000000000aa030000000000000000aa030000000000000000aa030000000000000000aa030000000000000000aa030000000000000000aa030000000000000000aa030000000000000000aa030000000000000000
01:08:05.708 [DEBUG] [serial] RX 128 bytes: aa030000000000000000aa030000000000000000aa030000000000000000aa030000000000000000aa030000000000000000aa030000000000000000aa030000000000000000aa030000000000000000aa030000000000000000aa030000000000000000aa030000000000000000aa030000000000000000aa03000000000000
01:08:05.712 [DEBUG] [serial] RX 128 bytes: 0000aa030000000000000000aa030000000000000000aa030000000000000000aa030000000000000000aa030000000000000000aa030000000000000000aa030000000000000000aa030000000000000000aa030000000000000000aa030000000000000000aa030000000000000000aa030000000000000000aa0300000000
01:08:05.716 [DEBUG] [serial] RX 128 bytes: 00000000aa030000000000000000aa030000000000000000aa030000000000000000aa030000000000000000aa030000000000000000aa030000000000000000aa030000000000000000aa030000000000000000aa030000000000000000aa030000000000000000aa030000000000000000aa030000000000000000aa030000
01:08:05.720 [DEBUG] [serial] RX 128 bytes: 000000000000aa030000000000000000aa030000000000000000aa030000000000000000aa030000000000000000aa030000000000000000aa030000000000000000aa030000000000000000aa030000000000000000aa030000000000000000aa030000000000000000aa030000000000000000aa030000000000000000aa03
01:08:05.724 [DEBUG] [serial] RX 128 bytes: 0000000000000000aa030000000000000000aa030000000000000000aa030000000000000000aa030000000000000000aa030000000000000000aa030000000000000000aa030000000000000000aa030000000000000000aa030000000000000000aa030000000000000000aa030000000000000000aa030000000000000000
01:08:05.728 [DEBUG] [serial] RX 128 bytes: aa030000000000000000aa030000000000000000aa030000000000000000aa030000000000000000aa030000000000000000aa030000000000000000aa030000000000000000aa030000000000000000aa030000000000000000aa030000000000000000aa030000000000000000aa030000000000000000aa03000000000000
01:08:05.732 [DEBUG] [serial] RX 128 bytes: 0000aa030000000000000000aa030000000000000000aa030000000000000000aa030000000000000000aa030000000000000000aa030000000000000000aa030000000000000000aa030000000000000000aa030000000000000000aa030000000000000000aa030000000000000000aa030000000000000000aa0300000000
01:08:05.736 [DEBUG] [serial] RX 128 bytes: 00000000aa030000000000000000aa030000000000000000aa030000000000000000aa030000000000000000aa030000000000000000aa030000000000000000aa030000000000000000aa030000000000000000aa030000000000000000aa030000000000000000aa030000000000000000aa030000000000000000aa030000
01:08:05.740 [DEBUG] [serial] RX 128 bytes: 000000000000aa030000000000000000aa030000000000000000aa030000000000000000aa030000000000000000aa030000000000000000aa030000000000000000aa030000000000000000aa030000000000000000aa030000000000000000aa030000000000000000aa030000000000000000aa030000000000000000aa03
01:08:05.744 [DEBUG] [serial] RX 128 bytes: 0000000000000000aa030000000000000000aa030000000000000000aa030000000000000000aa030000000000000000aa030000000000000000aa030000000000000000aa030000000000000000aa030000000000000000aa030000000000000000aa030000000000000000aa030000000000000000aa030000000000000000
01:08:05.748 [DEBUG] [serial] RX 128 bytes: aa030000000000000000aa030000000000000000aa030000000000000000aa030000000000000000aa030000000000000000aa030000000000000000aa030000000000000000aa030000000000000000aa030000000000000000aa030000000000000000aa030000000000000000aa030000000000000000aa03000000000000
01:08:05.752 [DEBUG] [serial] RX 128 bytes: 0000aa030000000000000000aa030000000000000000aa030000000000000000aa030000000000000000aa030000000000000000aa030000000000000000aa030000000000000000aa030000000000000000aa030000000000000000aa030000000000000000aa030000000000000000aa030000000000000000aa0300000000
01:08:05.756 [DEBUG] [serial] RX 128 bytes: 00000000aa030000000000000000aa030000000000000000aa030000000000000000aa030000000000000000aa030000000000000000aa030000000000000000aa030000000000000000aa030000000000000000aa030000000000000000aa030000000000000000aa030000000000000000aa030000000000000000aa030000
01:08:05.760 [DEBUG] [serial] RX 128 bytes: 000000000000aa030000000000000000aa030000000000000000aa030000000000000000aa030000000000000000aa030000000000000000aa030000000000000000aa030000000000000000aa030000000000000000aa030000000000000000aa030000000000000000aa030000000000000000aa030000000000000000aa03
01:08:05.763 [DEBUG] [serial] RX 128 bytes: 0000000000000000aa030000000000000000aa030000000000000000aa030000000000000000aa030000000000000000aa030000000000000000aa030000000000000000aa030000000000000000aa030000000000000000aa030000000000000000aa030000000000000000aa030000000000000000aa030000000000000000
01:08:05.764 [DEBUG] [serial] PKT #5500: flags=0x03 in=0 ds=0 flt=0
01:08:05.767 [DEBUG] [serial] RX 128 bytes: aa030000000000000000aa030000000000000000aa030000000000000000aa030000000000000000aa030000000000000000aa030000000000000000aa030000000000000000aa030000000000000000aa030000000000000000aa030000000000000000aa030000000000000000aa030000000000000000aa03000000000000
01:08:05.772 [DEBUG] [serial] RX 128 bytes: 0000aa030000000000000000aa030000000000000000aa030000000000000000aa030000000000000000aa030000000000000000aa030000000000000000aa030000000000000000aa030000000000000000aa030000000000000000aa030000000000000000aa030000000000000000aa030000000000000000aa0300000000
01:08:05.776 [DEBUG] [serial] RX 128 bytes: 00000000aa030000000000000000aa030000000000000000aa030000000000000000aa030000000000000000aa030000000000000000aa030000000000000000aa030000000000000000aa030000000000000000aa030000000000000000aa030000000000000000aa030000000000000000aa030000000000000000aa030000
01:08:05.780 [DEBUG] [serial] RX 128 bytes: 000000000000aa030000000000000000aa030000000000000000aa030000000000000000aa030000000000000000aa030000000000000000aa030000000000000000aa030000000000000000aa030000000000000000aa030000000000000000aa030000000000000000aa030000000000000000aa030000000000000000aa03
01:08:05.783 [DEBUG] [serial] RX 128 bytes: 0000000000000000aa030000000000000000aa030000000000000000aa030000000000000000aa030000000000000000aa030000000000000000aa030000000000000000aa030000000000000000aa030000000000000000aa030000000000000000aa030000000000000000aa030000000000000000aa030000000000000000
01:08:05.787 [DEBUG] [serial] RX 128 bytes: aa030000000000000000aa030000000000000000aa030000000000000000aa030000000000000000aa030000000000000000aa030000000000000000aa030000000000000000aa030000000000000000aa030000000000000000aa030000000000000000aa030000000000000000aa030000000000000000aa03000000000000
01:08:05.791 [DEBUG] [serial] RX 128 bytes: 0000aa030000000000000000aa030000000000000000aa030000000000000000aa030000000000000000aa030000000000000000aa030000000000000000aa030000000000000000aa030000000000000000aa030000000000000000aa030000000000000000aa030000000000000000aa030000000000000000aa0300000000
01:08:05.795 [DEBUG] [serial] RX 128 bytes: 00000000aa030000000000000000aa030000000000000000aa030000000000000000aa030000000000000000aa030000000000000000aa030000000000000000aa030000000000000000aa030000000000000000aa030000000000000000aa030000000000000000aa030000000000000000aa030000000000000000aa030000
01:08:05.799 [DEBUG] [serial] RX 128 bytes: 000000000000aa030000000000000000aa030000000000000000aa030000000000000000aa030000000000000000aa030000000000000000aa030000000000000000aa030000000000000000aa030000000000000000aa030000000000000000aa030000000000000000aa030000000000000000aa030000000000000000aa03
01:08:05.803 [DEBUG] [serial] RX 128 bytes: 0000000000000000aa030000000000000000aa030000000000000000aa030000000000000000aa030000000000000000aa030000000000000000aa030000000000000000aa030000000000000000aa030000000000000000aa030000000000000000aa030000000000000000aa030000000000000000aa030000000000000000
01:08:05.807 [DEBUG] [serial] RX 128 bytes: aa030000000000000000aa030000000000000000aa030000000000000000aa030000000000000000aa030000000000000000aa030000000000000000aa030000000000000000aa030000000000000000aa030000000000000000aa030000000000000000aa030000000000000000aa030000000000000000aa03000000000000
01:08:05.812 [DEBUG] [serial] RX 128 bytes: 0000aa030000000000000000aa030000000000000000aa030000000000000000aa030000000000000000aa030000000000000000aa030000000000000000aa030000000000000000aa030000000000000000aa030000000000000000aa030000000000000000aa030000000000000000aa030000000000000000aa0300000000
01:08:05.815 [DEBUG] [serial] RX 128 bytes: 00000000aa030000000000000000aa030000000000000000aa030000000000000000aa030000000000000000aa030000000000000000aa030000000000000000aa030000000000000000aa030000000000000000aa030000000000000000aa030000000000000000aa030000000000000000aa030000000000000000aa030000
01:08:05.819 [DEBUG] [serial] RX 128 bytes: 000000000000aa030000000000000000aa030000000000000000aa030000000000000000aa030000000000000000aa030000000000000000aa030000000000000000aa030000000000000000aa030000000000000000aa030000000000000000aa030000000000000000aa030000000000000000aa030000000000000000aa03
01:08:05.823 [DEBUG] [serial] RX 128 bytes: 0000000000000000aa030000000000000000aa030000000000000000aa030000000000000000aa030000000000000000aa030000000000000000aa030000000000000000aa030000000000000000aa030000000000000000aa030000000000000000aa030000000000000000aa030000000000000000aa030000000000000000
01:08:05.827 [DEBUG] [serial] RX 128 bytes: aa030000000000000000aa030000000000000000aa030000000000000000aa030000000000000000aa030000000000000000aa030000000000000000aa030000000000000000aa030000000000000000aa030000000000000000aa030000000000000000aa030000000000000000aa030000000000000000aa03000000000000
01:08:05.831 [DEBUG] [serial] RX 128 bytes: 0000aa030000000000000000aa030000000000000000aa030000000000000000aa030000000000000000aa030000000000000000aa030000000000000000aa030000000000000000aa030000000000000000aa030000000000000000aa030000000000000000aa030000000000000000aa030000000000000000aa0300000000
01:08:05.835 [DEBUG] [serial] RX 128 bytes: 00000000aa030000000000000000aa030000000000000000aa030000000000000000aa030000000000000000aa030000000000000000aa030000000000000000aa030000000000000000aa030000000000000000aa030000000000000000aa030000000000000000aa030000000000000000aa030000000000000000aa030000
01:08:05.839 [DEBUG] [serial] RX 128 bytes: 000000000000aa030000000000000000aa030000000000000000aa030000000000000000aa030000000000000000aa030000000000000000aa030000000000000000aa030000000000000000aa030000000000000000aa030000000000000000aa030000000000000000aa030000000000000000aa030000000000000000aa03
01:08:05.843 [DEBUG] [serial] RX 128 bytes: 0000000000000000aa030000000000000000aa030000000000000000aa030000000000000000aa030000000000000000aa030000000000000000aa030000000000000000aa030000000000000000aa030000000000000000aa030000000000000000aa030000000000000000aa030000000000000000aa030000000000000000
01:08:05.847 [DEBUG] [serial] RX 128 bytes: aa030000000000000000aa030000000000000000aa030000000000000000aa030000000000000000aa030000000000000000aa030000000000000000aa030000000000000000aa030000000000000000aa030000000000000000aa030000000000000000aa030000000000000000aa030000000000000000aa03000000000000
01:08:05.851 [DEBUG] [serial] RX 128 bytes: 0000aa030000000000000000aa030000000000000000aa030000000000000000aa030000000000000000aa030000000000000000aa030000000000000000aa030000000000000000aa030000000000000000aa030000000000000000aa030000000000000000aa030000000000000000aa030000000000000000aa0300000000
01:08:05.855 [DEBUG] [serial] RX 128 bytes: 00000000aa030000000000000000aa030000000000000000aa030000000000000000aa030000000000000000aa030000000000000000aa030000000000000000aa030000000000000000aa030000000000000000aa030000000000000000aa030000000000000000aa030000000000000000aa030000000000000000aa030000
01:08:05.859 [DEBUG] [serial] RX 128 bytes: 000000000000aa030000000000000000aa030000000000000000aa030000000000000000aa030000000000000000aa030000000000000000aa030000000000000000aa030000000000000000aa030000000000000000aa030000000000000000aa030000000000000000aa030000000000000000aa030000000000000000aa03
01:08:05.863 [DEBUG] [serial] RX 128 bytes: 0000000000000000aa030000000000000000aa030000000000000000aa030000000000000000aa030000000000000000aa030000000000000000aa030000000000000000aa030000000000000000aa030000000000000000aa030000000000000000aa030000000000000000aa030000000000000000aa030000000000000000
01:08:05.867 [DEBUG] [serial] RX 128 bytes: aa030000000000000000aa030000000000000000aa030000000000000000aa030000000000000000aa030000000000000000aa030000000000000000aa030000000000000000aa030000000000000000aa030000000000000000aa030000000000000000aa030000000000000000aa030000000000000000aa03000000000000
01:08:05.871 [DEBUG] [serial] RX 128 bytes: 0000aa030000000000000000aa030000000000000000aa030000000000000000aa030000000000000000aa030000000000000000aa030000000000000000aa030000000000000000aa030000000000000000aa030000000000000000aa030000000000000000aa030000000000000000aa030000000000000000aa0300000000
01:08:05.875 [DEBUG] [serial] RX 128 bytes: 00000000aa030000000000000000aa030000000000000000aa030000000000000000aa030000000000000000aa030000000000000000aa030000000000000000aa030000000000000000aa030000000000000000aa030000000000000000aa030000000000000000aa030000000000000000aa030000000000000000aa030000
01:08:05.879 [DEBUG] [serial] RX 128 bytes: 000000000000aa030000000000000000aa030000000000000000aa030000000000000000aa030000000000000000aa030000000000000000aa030000000000000000aa030000000000000000aa030000000000000000aa030000000000000000aa030000000000000000aa030000000000000000aa030000000000000000aa03
01:08:05.883 [DEBUG] [serial] RX 128 bytes: 0000000000000000aa030000000000000000aa030000000000000000aa030000000000000000aa030000000000000000aa030000000000000000aa030000000000000000aa030000000000000000aa030000000000000000aa030000000000000000aa030000000000000000aa030000000000000000aa030000000000000000
01:08:05.887 [DEBUG] [serial] RX 128 bytes: aa030000000000000000aa030000000000000000aa030000000000000000aa030000000000000000aa030000000000000000aa030000000000000000aa030000000000000000aa030000000000000000aa030000000000000000aa030000000000000000aa030000000000000000aa030000000000000000aa03000000000000
01:08:05.891 [DEBUG] [serial] RX 128 bytes: 0000aa030000000000000000aa030000000000000000aa030000000000000000aa030000000000000000aa030000000000000000aa030000000000000000aa030000000000000000aa030000000000000000aa030000000000000000aa030000000000000000aa030000000000000000aa030000000000000000aa0300000000
01:08:05.895 [DEBUG] [serial] RX 128 bytes: 00000000aa030000000000000000aa030000000000000000aa030000000000000000aa030000000000000000aa030000000000000000aa030000000000000000aa030000000000000000aa030000000000000000aa030000000000000000aa030000000000000000aa030000000000000000aa030000000000000000aa030000
01:08:05.899 [DEBUG] [serial] RX 128 bytes: 000000000000aa030000000000000000aa030000000000000000aa030000000000000000aa030000000000000000aa030000000000000000aa030000000000000000aa030000000000000000aa030000000000000000aa030000000000000000aa030000000000000000aa030000000000000000aa030000000000000000aa03
01:08:05.903 [DEBUG] [serial] RX 128 bytes: 0000000000000000aa030000000000000000aa030000000000000000aa030000000000000000aa030000000000000000aa030000000000000000aa030000000000000000aa030000000000000000aa030000000000000000aa030000000000000000aa030000000000000000aa030000000000000000aa030000000000000000
01:08:05.907 [DEBUG] [serial] RX 128 bytes: aa030000000000000000aa030000000000000000aa030000000000000000aa030000000000000000aa030000000000000000aa030000000000000000aa030000000000000000aa030000000000000000aa030000000000000000aa030000000000000000aa030000000000000000aa030000000000000000aa03000000000000
01:08:05.911 [DEBUG] [serial] RX 128 bytes: 0000aa030000000000000000aa030000000000000000aa030000000000000000aa030000000000000000aa030000000000000000aa030000000000000000aa030000000000000000aa030000000000000000aa030000000000000000aa030000000000000000aa030000000000000000aa030000000000000000aa0300000000
01:08:05.915 [DEBUG] [serial] RX 128 bytes: 00000000aa030000000000000000aa030000000000000000aa030000000000000000aa030000000000000000aa030000000000000000aa030000000000000000aa030000000000000000aa030000000000000000aa030000000000000000aa030000000000000000aa030000000000000000aa030000000000000000aa030000
01:08:05.919 [DEBUG] [serial] RX 128 bytes: 000000000000aa030000000000000000aa030000000000000000aa030000000000000000aa030000000000000000aa030000000000000000aa030000000000000000aa030000000000000000aa030000000000000000aa030000000000000000aa030000000000000000aa030000000000000000aa030000000000000000aa03
01:08:05.919 [DEBUG] [serial] PKT #6000: flags=0x03 in=0 ds=0 flt=0
01:08:05.922 [DEBUG] [serial] RX 128 bytes: 0000000000000000aa030000000000000000aa030000000000000000aa030000000000000000aa030000000000000000aa030000000000000000aa030000000000000000aa030000000000000000aa030000000000000000aa030000000000000000aa030000000000000000aa030000000000000000aa030000000000000000
01:08:05.926 [DEBUG] [serial] RX 128 bytes: aa030000000000000000aa030000000000000000aa030000000000000000aa030000000000000000aa030000000000000000aa030000000000000000aa030000000000000000aa030000000000000000aa030000000000000000aa030000000000000000aa030000000000000000aa030000000000000000aa03000000000000
01:08:05.930 [DEBUG] [serial] RX 128 bytes: 0000aa030000000000000000aa030000000000000000aa030000000000000000aa030000000000000000aa030000000000000000aa030000000000000000aa030000000000000000aa030000000000000000aa030000000000000000aa030000000000000000aa030000000000000000aa030000000000000000aa0300000000
01:08:05.935 [DEBUG] [serial] RX 128 bytes: 00000000aa030000000000000000aa030000000000000000aa030000000000000000aa030000000000000000aa030000000000000000aa030000000000000000aa030000000000000000aa030000000000000000aa030000000000000000aa030000000000000000aa030000000000000000aa030000000000000000aa030000
01:08:05.939 [DEBUG] [serial] RX 128 bytes: 000000000000aa030000000000000000aa030000000000000000aa030000000000000000aa030000000000000000aa030000000000000000aa030000000000000000aa030000000000000000aa030000000000000000aa030000000000000000aa030000000000000000aa030000000000000000aa030000000000000000aa03
01:08:05.942 [DEBUG] [serial] RX 128 bytes: 0000000000000000aa030000000000000000aa030000000000000000aa030000000000000000aa030000000000000000aa030000000000000000aa030000000000000000aa030000000000000000aa030000000000000000aa030000000000000000aa030000000000000000aa030000000000000000aa030000000000000000
01:08:05.946 [DEBUG] [serial] RX 128 bytes: aa030000000000000000aa030000000000000000aa030000000000000000aa030000000000000000aa030000000000000000aa030000000000000000aa030000000000000000aa030000000000000000aa030000000000000000aa030000000000000000aa030000000000000000aa030000000000000000aa03000000000000
01:08:05.950 [DEBUG] [serial] RX 128 bytes: 0000aa030000000000000000aa030000000000000000aa030000000000000000aa030000000000000000aa030000000000000000aa030000000000000000aa030000000000000000aa030000000000000000aa030000000000000000aa030000000000000000aa030000000000000000aa030000000000000000aa0300000000
01:08:05.954 [DEBUG] [serial] RX 128 bytes: 00000000aa030000000000000000aa030000000000000000aa030000000000000000aa030000000000000000aa030000000000000000aa030000000000000000aa030000000000000000aa030000000000000000aa030000000000000000aa030000000000000000aa030000000000000000aa030000000000000000aa030000
01:08:05.958 [DEBUG] [serial] RX 128 bytes: 000000000000aa030000000000000000aa030000000000000000aa030000000000000000aa030000000000000000aa030000000000000000aa030000000000000000aa030000000000000000aa030000000000000000aa030000000000000000aa030000000000000000aa030000000000000000aa030000000000000000aa03
01:08:05.962 [DEBUG] [serial] RX 128 bytes: 0000000000000000aa030000000000000000aa030000000000000000aa030000000000000000aa030000000000000000aa030000000000000000aa030000000000000000aa030000000000000000aa030000000000000000aa030000000000000000aa030000000000000000aa030000000000000000aa030000000000000000
01:08:05.966 [DEBUG] [serial] RX 128 bytes: aa030000000000000000aa030000000000000000aa030000000000000000aa030000000000000000aa030000000000000000aa030000000000000000aa030000000000000000aa030000000000000000aa030000000000000000aa030000000000000000aa030000000000000000aa030000000000000000aa03000000000000
01:08:05.970 [DEBUG] [serial] RX 128 bytes: 0000aa030000000000000000aa030000000000000000aa030000000000000000aa030000000000000000aa030000000000000000aa030000000000000000aa030000000000000000aa030000000000000000aa030000000000000000aa030000000000000000aa030000000000000000aa030000000000000000aa0300000000
01:08:05.974 [DEBUG] [serial] RX 128 bytes: 00000000aa030000000000000000aa030000000000000000aa030000000000000000aa030000000000000000aa030000000000000000aa030000000000000000aa030000000000000000aa030000000000000000aa030000000000000000aa030000000000000000aa030000000000000000aa030000000000000000aa030000
01:08:05.978 [DEBUG] [serial] RX 128 bytes: 000000000000aa030000000000000000aa030000000000000000aa030000000000000000aa030000000000000000aa030000000000000000aa030000000000000000aa030000000000000000aa030000000000000000aa030000000000000000aa030000000000000000aa030000000000000000aa030000000000000000aa03
01:08:05.982 [DEBUG] [serial] RX 128 bytes: 0000000000000000aa030000000000000000aa030000000000000000aa030000000000000000aa030000000000000000aa030000000000000000aa030000000000000000aa030000000000000000aa030000000000000000aa030000000000000000aa030000000000000000aa030000000000000000aa030000000000000000
01:08:05.986 [DEBUG] [serial] RX 128 bytes: aa030000000000000000aa030000000000000000aa030000000000000000aa030000000000000000aa030000000000000000aa030000000000000000aa030000000000000000aa030000000000000000aa030000000000000000aa030000000000000000aa030000000000000000aa030000000000000000aa03000000000000
01:08:05.990 [DEBUG] [serial] RX 128 bytes: 0000aa030000000000000000aa030000000000000000aa030000000000000000aa030000000000000000aa030000000000000000aa030000000000000000aa030000000000000000aa030000000000000000aa030000000000000000aa030000000000000000aa030000000000000000aa030000000000000000aa0300000000
01:08:05.994 [DEBUG] [serial] RX 128 bytes: 00000000aa030000000000000000aa030000000000000000aa030000000000000000aa030000000000000000aa030000000000000000aa030000000000000000aa030000000000000000aa030000000000000000aa030000000000000000aa030000000000000000aa030000000000000000aa030000000000000000aa030000
01:08:05.998 [DEBUG] [serial] RX 128 bytes: 000000000000aa030000000000000000aa030000000000000000aa030000000000000000aa030000000000000000aa030000000000000000aa030000000000000000aa030000000000000000aa030000000000000000aa030000000000000000aa030000000000000000aa030000000000000000aa030000000000000000aa03
01:08:06.002 [DEBUG] [serial] RX 128 bytes: 0000000000000000aa030000000000000000aa030000000000000000aa030000000000000000aa030000000000000000aa030000000000000000aa030000000000000000aa030000000000000000aa030000000000000000aa030000000000000000aa030000000000000000aa030000000000000000aa030000000000000000
01:08:06.006 [DEBUG] [serial] RX 128 bytes: aa030000000000000000aa030000000000000000aa030000000000000000aa030000000000000000aa030000000000000000aa030000000000000000aa030000000000000000aa030000000000000000aa030000000000000000aa030000000000000000aa030000000000000000aa030000000000000000aa03000000000000
01:08:06.010 [DEBUG] [serial] RX 128 bytes: 0000aa030000000000000000aa030000000000000000aa030000000000000000aa030000000000000000aa030000000000000000aa030000000000000000aa030000000000000000aa030000000000000000aa030000000000000000aa030000000000000000aa030000000000000000aa030000000000000000aa0300000000
01:08:06.014 [DEBUG] [serial] RX 128 bytes: 00000000aa030000000000000000aa030000000000000000aa030000000000000000aa030000000000000000aa030000000000000000aa030000000000000000aa030000000000000000aa030000000000000000aa030000000000000000aa030000000000000000aa030000000000000000aa030000000000000000aa030000
01:08:06.018 [DEBUG] [serial] RX 128 bytes: 000000000000aa030000000000000000aa030000000000000000aa030000000000000000aa030000000000000000aa030000000000000000aa030000000000000000aa030000000000000000aa030000000000000000aa030000000000000000aa030000000000000000aa030000000000000000aa030000000000000000aa03
01:08:06.022 [DEBUG] [serial] RX 128 bytes: 0000000000000000aa030000000000000000aa030000000000000000aa030000000000000000aa030000000000000000aa030000000000000000aa030000000000000000aa030000000000000000aa030000000000000000aa030000000000000000aa030000000000000000aa030000000000000000aa030000000000000000
01:08:06.026 [DEBUG] [serial] RX 128 bytes: aa030000000000000000aa030000000000000000aa030000000000000000aa030000000000000000aa030000000000000000aa030000000000000000aa030000000000000000aa030000000000000000aa030000000000000000aa030000000000000000aa030000000000000000aa030000000000000000aa03000000000000
01:08:06.030 [DEBUG] [serial] RX 128 bytes: 0000aa030000000000000000aa030000000000000000aa030000000000000000aa030000000000000000aa030000000000000000aa030000000000000000aa030000000000000000aa030000000000000000aa030000000000000000aa030000000000000000aa030000000000000000aa030000000000000000aa0300000000
01:08:06.034 [DEBUG] [serial] RX 128 bytes: 00000000aa030000000000000000aa030000000000000000aa030000000000000000aa030000000000000000aa030000000000000000aa030000000000000000aa030000000000000000aa030000000000000000aa030000000000000000aa030000000000000000aa030000000000000000aa030000000000000000aa030000
01:08:06.038 [DEBUG] [serial] RX 128 bytes: 000000000000aa030000000000000000aa030000000000000000aa030000000000000000aa030000000000000000aa030000000000000000aa030000000000000000aa030000000000000000aa030000000000000000aa030000000000000000aa030000000000000000aa030000000000000000aa030000000000000000aa03
01:08:06.042 [DEBUG] [serial] RX 128 bytes: 0000000000000000aa030000000000000000aa030000000000000000aa030000000000000000aa030000000000000000aa030000000000000000aa030000000000000000aa030000000000000000aa030000000000000000aa030000000000000000aa030000000000000000aa030000000000000000aa030000000000000000
01:08:06.046 [DEBUG] [serial] RX 128 bytes: aa030000000000000000aa030000000000000000aa030000000000000000aa030000000000000000aa030000000000000000aa030000000000000000aa030000000000000000aa030000000000000000aa030000000000000000aa030000000000000000aa030000000000000000aa030000000000000000aa03000000000000
01:08:06.050 [DEBUG] [serial] RX 128 bytes: 0000aa030000000000000000aa030000000000000000aa030000000000000000aa030000000000000000aa030000000000000000aa030000000000000000aa030000000000000000aa030000000000000000aa030000000000000000aa030000000000000000aa030000000000000000aa030000000000000000aa0300000000
01:08:06.054 [DEBUG] [serial] RX 128 bytes: 00000000aa030000000000000000aa030000000000000000aa030000000000000000aa030000000000000000aa030000000000000000aa030000000000000000aa030000000000000000aa030000000000000000aa030000000000000000aa030000000000000000aa030000000000000000aa030000000000000000aa030000
01:08:06.058 [DEBUG] [serial] RX 128 bytes: 000000000000aa030000000000000000aa030000000000000000aa030000000000000000aa030000000000000000aa030000000000000000aa030000000000000000aa030000000000000000aa030000000000000000aa030000000000000000aa030000000000000000aa030000000000000000aa030000000000000000aa03
01:08:06.061 [DEBUG] [serial] RX 128 bytes: 0000000000000000aa030000000000000000aa030000000000000000aa030000000000000000aa030000000000000000aa030000000000000000aa030000000000000000aa030000000000000000aa030000000000000000aa030000000000000000aa030000000000000000aa030000000000000000aa030000000000000000
01:08:06.066 [DEBUG] [serial] RX 128 bytes: aa030000000000000000aa030000000000000000aa030000000000000000aa030000000000000000aa030000000000000000aa030000000000000000aa030000000000000000aa030000000000000000aa030000000000000000aa030000000000000000aa030000000000000000aa030000000000000000aa03000000000000
01:08:06.070 [DEBUG] [serial] RX 128 bytes: 0000aa030000000000000000aa030000000000000000aa030000000000000000aa030000000000000000aa030000000000000000aa030000000000000000aa030000000000000000aa030000000000000000aa030000000000000000aa030000000000000000aa030000000000000000aa030000000000000000aa0300000000
01:08:06.074 [DEBUG] [serial] RX 128 bytes: 00000000aa030000000000000000aa030000000000000000aa030000000000000000aa030000000000000000aa030000000000000000aa030000000000000000aa030000000000000000aa030000000000000000aa030000000000000000aa030000000000000000aa030000000000000000aa030000000000000000aa030000
01:08:06.074 [DEBUG] [serial] PKT #6500: flags=0x03 in=0 ds=0 flt=0
01:08:06.078 [DEBUG] [serial] RX 128 bytes: 000000000000aa030000000000000000aa030000000000000000aa030000000000000000aa030000000000000000aa030000000000000000aa030000000000000000aa030000000000000000aa030000000000000000aa030000000000000000aa030000000000000000aa030000000000000000aa030000000000000000aa03
01:08:06.081 [DEBUG] [serial] RX 128 bytes: 0000000000000000aa030000000000000000aa030000000000000000aa030000000000000000aa030000000000000000aa030000000000000000aa030000000000000000aa030000000000000000aa030000000000000000aa030000000000000000aa030000000000000000aa030000000000000000aa030000000000000000
01:08:06.085 [DEBUG] [serial] RX 128 bytes: aa030000000000000000aa030000000000000000aa030000000000000000aa030000000000000000aa030000000000000000aa030000000000000000aa030000000000000000aa030000000000000000aa030000000000000000aa030000000000000000aa030000000000000000aa030000000000000000aa03000000000000
01:08:06.090 [DEBUG] [serial] RX 128 bytes: 0000aa030000000000000000aa030000000000000000aa030000000000000000aa030000000000000000aa030000000000000000aa030000000000000000aa030000000000000000aa030000000000000000aa030000000000000000aa030000000000000000aa030000000000000000aa030000000000000000aa0300000000
01:08:06.093 [DEBUG] [serial] RX 128 bytes: 00000000aa030000000000000000aa030000000000000000aa030000000000000000aa030000000000000000aa030000000000000000aa030000000000000000aa030000000000000000aa030000000000000000aa030000000000000000aa030000000000000000aa030000000000000000aa030000000000000000aa030000
01:08:06.098 [DEBUG] [serial] RX 128 bytes: 000000000000aa030000000000000000aa030000000000000000aa030000000000000000aa030000000000000000aa030000000000000000aa030000000000000000aa030000000000000000aa030000000000000000aa030000000000000000aa030000000000000000aa030000000000000000aa030000000000000000aa03
01:08:06.101 [DEBUG] [serial] RX 128 bytes: 0000000000000000aa030000000000000000aa030000000000000000aa030000000000000000aa030000000000000000aa030000000000000000aa030000000000000000aa030000000000000000aa030000000000000000aa030000000000000000aa030000000000000000aa030000000000000000aa030000000000000000
01:08:06.105 [DEBUG] [serial] RX 128 bytes: aa030000000000000000aa030000000000000000aa030000000000000000aa030000000000000000aa030000000000000000aa030000000000000000aa030000000000000000aa030000000000000000aa030000000000000000aa030000000000000000aa030000000000000000aa030000000000000000aa03000000000000
01:08:06.109 [DEBUG] [serial] RX 128 bytes: 0000aa030000000000000000aa030000000000000000aa030000000000000000aa030000000000000000aa030000000000000000aa030000000000000000aa030000000000000000aa030000000000000000aa030000000000000000aa030000000000000000aa030000000000000000aa030000000000000000aa0300000000
01:08:06.113 [DEBUG] [serial] RX 128 bytes: 00000000aa030000000000000000aa030000000000000000aa030000000000000000aa030000000000000000aa030000000000000000aa030000000000000000aa030000000000000000aa030000000000000000aa030000000000000000aa030000000000000000aa030000000000000000aa030000000000000000aa030000
01:08:06.117 [DEBUG] [serial] RX 128 bytes: 000000000000aa030000000000000000aa030000000000000000aa030000000000000000aa030000000000000000aa030000000000000000aa030000000000000000aa030000000000000000aa030000000000000000aa030000000000000000aa030000000000000000aa030000000000000000aa030000000000000000aa03
01:08:06.121 [DEBUG] [serial] RX 128 bytes: 0000000000000000aa030000000000000000aa030000000000000000aa030000000000000000aa030000000000000000aa030000000000000000aa030000000000000000aa030000000000000000aa030000000000000000aa030000000000000000aa030000000000000000aa030000000000000000aa030000000000000000
01:08:06.125 [DEBUG] [serial] RX 128 bytes: aa030000000000000000aa030000000000000000aa030000000000000000aa030000000000000000aa030000000000000000aa030000000000000000aa030000000000000000aa030000000000000000aa030000000000000000aa030000000000000000aa030000000000000000aa030000000000000000aa03000000000000
01:08:06.129 [DEBUG] [serial] RX 128 bytes: 0000aa030000000000000000aa030000000000000000aa030000000000000000aa030000000000000000aa030000000000000000aa030000000000000000aa030000000000000000aa030000000000000000aa030000000000000000aa030000000000000000aa030000000000000000aa030000000000000000aa0300000000
01:08:06.133 [DEBUG] [serial] RX 128 bytes: 00000000aa030000000000000000aa030000000000000000aa030000000000000000aa030000000000000000aa030000000000000000aa030000000000000000aa030000000000000000aa030000000000000000aa030000000000000000aa030000000000000000aa030000000000000000aa030000000000000000aa030000
01:08:06.137 [DEBUG] [serial] RX 128 bytes: 000000000000aa030000000000000000aa030000000000000000aa030000000000000000aa030000000000000000aa030000000000000000aa030000000000000000aa030000000000000000aa030000000000000000aa030000000000000000aa030000000000000000aa030000000000000000aa030000000000000000aa03
01:08:06.141 [DEBUG] [serial] RX 128 bytes: 0000000000000000aa030000000000000000aa030000000000000000aa030000000000000000aa030000000000000000aa030000000000000000aa030000000000000000aa030000000000000000aa030000000000000000aa030000000000000000aa030000000000000000aa030000000000000000aa030000000000000000
01:08:06.145 [DEBUG] [serial] RX 128 bytes: aa030000000000000000aa030000000000000000aa030000000000000000aa030000000000000000aa030000000000000000aa030000000000000000aa030000000000000000aa030000000000000000aa030000000000000000aa030000000000000000aa030000000000000000aa030000000000000000aa03000000000000
01:08:06.149 [DEBUG] [serial] RX 128 bytes: 0000aa030000000000000000aa030000000000000000aa030000000000000000aa030000000000000000aa030000000000000000aa030000000000000000aa030000000000000000aa030000000000000000aa030000000000000000aa030000000000000000aa030000000000000000aa030000000000000000aa0300000000
01:08:06.153 [DEBUG] [serial] RX 128 bytes: 00000000aa030000000000000000aa030000000000000000aa030000000000000000aa030000000000000000aa030000000000000000aa030000000000000000aa030000000000000000aa030000000000000000aa030000000000000000aa030000000000000000aa030000000000000000aa030000000000000000aa030000
01:08:06.157 [DEBUG] [serial] RX 128 bytes: 000000000000aa030000000000000000aa030000000000000000aa030000000000000000aa030000000000000000aa030000000000000000aa030000000000000000aa030000000000000000aa030000000000000000aa030000000000000000aa030000000000000000aa030000000000000000aa030000000000000000aa03
01:08:06.161 [DEBUG] [serial] RX 128 bytes: 0000000000000000aa030000000000000000aa030000000000000000aa030000000000000000aa030000000000000000aa030000000000000000aa030000000000000000aa030000000000000000aa030000000000000000aa030000000000000000aa030000000000000000aa030000000000000000aa030000000000000000
01:08:06.165 [DEBUG] [serial] RX 128 bytes: aa030000000000000000aa030000000000000000aa030000000000000000aa030000000000000000aa030000000000000000aa030000000000000000aa030000000000000000aa030000000000000000aa030000000000000000aa030000000000000000aa030000000000000000aa030000000000000000aa03000000000000
01:08:06.169 [DEBUG] [serial] RX 128 bytes: 0000aa030000000000000000aa030000000000000000aa030000000000000000aa030000000000000000aa030000000000000000aa030000000000000000aa030000000000000000aa030000000000000000aa030000000000000000aa030000000000000000aa030000000000000000aa030000000000000000aa0300000000
01:08:06.173 [DEBUG] [serial] RX 128 bytes: 00000000aa030000000000000000aa030000000000000000aa030000000000000000aa030000000000000000aa030000000000000000aa030000000000000000aa030000000000000000aa030000000000000000aa030000000000000000aa030000000000000000aa030000000000000000aa030000000000000000aa030000
01:08:06.177 [DEBUG] [serial] RX 128 bytes: 000000000000aa030000000000000000aa030000000000000000aa030000000000000000aa030000000000000000aa030000000000000000aa030000000000000000aa030000000000000000aa030000000000000000aa030000000000000000aa030000000000000000aa030000000000000000aa030000000000000000aa03
01:08:06.181 [DEBUG] [serial] RX 128 bytes: 0000000000000000aa030000000000000000aa030000000000000000aa030000000000000000aa030000000000000000aa030000000000000000aa030000000000000000aa030000000000000000aa030000000000000000aa030000000000000000aa030000000000000000aa030000000000000000aa030000000000000000
01:08:06.185 [DEBUG] [serial] RX 128 bytes: aa030000000000000000aa030000000000000000aa030000000000000000aa030000000000000000aa030000000000000000aa030000000000000000aa030000000000000000aa030000000000000000aa030000000000000000aa030000000000000000aa030000000000000000aa030000000000000000aa03000000000000
01:08:06.189 [DEBUG] [serial] RX 128 bytes: 0000aa030000000000000000aa030000000000000000aa030000000000000000aa030000000000000000aa030000000000000000aa030000000000000000aa030000000000000000aa030000000000000000aa030000000000000000aa030000000000000000aa030000000000000000aa030000000000000000aa0300000000
01:08:06.193 [DEBUG] [serial] RX 128 bytes: 00000000aa030000000000000000aa030000000000000000aa030000000000000000aa030000000000000000aa030000000000000000aa030000000000000000aa030000000000000000aa030000000000000000aa030000000000000000aa030000000000000000aa030000000000000000aa030000000000000000aa030000
01:08:06.197 [DEBUG] [serial] RX 128 bytes: 000000000000aa030000000000000000aa030000000000000000aa030000000000000000aa030000000000000000aa030000000000000000aa030000000000000000aa030000000000000000aa030000000000000000aa030000000000000000aa030000000000000000aa030000000000000000aa030000000000000000aa03
01:08:06.201 [DEBUG] [serial] RX 128 bytes: 0000000000000000aa030000000000000000aa030000000000000000aa030000000000000000aa030000000000000000aa030000000000000000aa030000000000000000aa030000000000000000aa030000000000000000aa030000000000000000aa030000000000000000aa030000000000000000aa030000000000000000
01:08:06.205 [DEBUG] [serial] RX 128 bytes: aa030000000000000000aa030000000000000000aa030000000000000000aa030000000000000000aa030000000000000000aa030000000000000000aa030000000000000000aa030000000000000000aa030000000000000000aa030000000000000000aa030000000000000000aa030000000000000000aa03000000000000
01:08:06.209 [DEBUG] [serial] RX 128 bytes: 0000aa030000000000000000aa030000000000000000aa030000000000000000aa030000000000000000aa030000000000000000aa030000000000000000aa030000000000000000aa030000000000000000aa030000000000000000aa030000000000000000aa030000000000000000aa030000000000000000aa0300000000
01:08:06.213 [DEBUG] [serial] RX 128 bytes: 00000000aa030000000000000000aa030000000000000000aa030000000000000000aa030000000000000000aa030000000000000000aa030000000000000000aa030000000000000000aa030000000000000000aa030000000000000000aa030000000000000000aa030000000000000000aa030000000000000000aa030000
01:08:06.217 [DEBUG] [serial] RX 128 bytes: 000000000000aa030000000000000000aa030000000000000000aa030000000000000000aa030000000000000000aa030000000000000000aa030000000000000000aa030000000000000000aa030000000000000000aa030000000000000000aa030000000000000000aa030000000000000000aa030000000000000000aa03
01:08:06.221 [DEBUG] [serial] RX 128 bytes: 0000000000000000aa030000000000000000aa030000000000000000aa030000000000000000aa030000000000000000aa030000000000000000aa030000000000000000aa030000000000000000aa030000000000000000aa030000000000000000aa030000000000000000aa030000000000000000aa030000000000000000
01:08:06.224 [DEBUG] [serial] RX 128 bytes: aa030000000000000000aa030000000000000000aa030000000000000000aa030000000000000000aa030000000000000000aa030000000000000000aa030000000000000000aa030000000000000000aa030000000000000000aa030000000000000000aa030000000000000000aa030000000000000000aa03000000000000
01:08:06.229 [DEBUG] [serial] RX 128 bytes: 0000aa030000000000000000aa030000000000000000aa030000000000000000aa030000000000000000aa030000000000000000aa030000000000000000aa030000000000000000aa030000000000000000aa030000000000000000aa030000000000000000aa030000000000000000aa030000000000000000aa0300000000
01:08:06.229 [DEBUG] [serial] PKT #7000: flags=0x03 in=0 ds=0 flt=0
01:08:06.233 [DEBUG] [serial] RX 128 bytes: 00000000aa030000000000000000aa030000000000000000aa030000000000000000aa030000000000000000aa030000000000000000aa030000000000000000aa030000000000000000aa030000000000000000aa030000000000000000aa030000000000000000aa030000000000000000aa030000000000000000aa030000
01:08:06.237 [DEBUG] [serial] RX 128 bytes: 000000000000aa030000000000000000aa030000000000000000aa030000000000000000aa030000000000000000aa030000000000000000aa030000000000000000aa030000000000000000aa030000000000000000aa030000000000000000aa030000000000000000aa030000000000000000aa030000000000000000aa03
01:08:06.240 [DEBUG] [serial] RX 128 bytes: 0000000000000000aa030000000000000000aa030000000000000000aa030000000000000000aa030000000000000000aa030000000000000000aa030000000000000000aa030000000000000000aa030000000000000000aa030000000000000000aa030000000000000000aa030000000000000000aa030000000000000000
01:08:06.244 [DEBUG] [serial] RX 128 bytes: aa030000000000000000aa030000000000000000aa030000000000000000aa030000000000000000aa030000000000000000aa030000000000000000aa030000000000000000aa030000000000000000aa030000000000000000aa030000000000000000aa030000000000000000aa030000000000000000aa03000000000000
01:08:06.248 [DEBUG] [serial] RX 128 bytes: 0000aa030000000000000000aa030000000000000000aa030000000000000000aa030000000000000000aa030000000000000000aa030000000000000000aa030000000000000000aa030000000000000000aa030000000000000000aa030000000000000000aa030000000000000000aa030000000000000000aa0300000000
01:08:06.252 [DEBUG] [serial] RX 128 bytes: 00000000aa030000000000000000aa030000000000000000aa030000000000000000aa030000000000000000aa030000000000000000aa030000000000000000aa030000000000000000aa030000000000000000aa030000000000000000aa030000000000000000aa030000000000000000aa030000000000000000aa030000
01:08:06.256 [DEBUG] [serial] RX 128 bytes: 000000000000aa030000000000000000aa030000000000000000aa030000000000000000aa030000000000000000aa030000000000000000aa030000000000000000aa030000000000000000aa030000000000000000aa030000000000000000aa030000000000000000aa030000000000000000aa030000000000000000aa03
01:08:06.260 [DEBUG] [serial] RX 128 bytes: 0000000000000000aa030000000000000000aa030000000000000000aa030000000000000000aa030000000000000000aa030000000000000000aa030000000000000000aa030000000000000000aa030000000000000000aa030000000000000000aa030000000000000000aa030000000000000000aa030000000000000000
01:08:06.264 [DEBUG] [serial] RX 128 bytes: aa030000000000000000aa030000000000000000aa030000000000000000aa030000000000000000aa030000000000000000aa030000000000000000aa030000000000000000aa030000000000000000aa030000000000000000aa030000000000000000aa030000000000000000aa030000000000000000aa03000000000000
01:08:06.268 [DEBUG] [serial] RX 128 bytes: 0000aa030000000000000000aa030000000000000000aa030000000000000000aa030000000000000000aa030000000000000000aa030000000000000000aa030000000000000000aa030000000000000000aa030000000000000000aa030000000000000000aa030000000000000000aa030000000000000000aa0300000000
01:08:06.272 [DEBUG] [serial] RX 128 bytes: 00000000aa030000000000000000aa030000000000000000aa030000000000000000aa030000000000000000aa030000000000000000aa030000000000000000aa030000000000000000aa030000000000000000aa030000000000000000aa030000000000000000aa030000000000000000aa030000000000000000aa030000
01:08:06.276 [DEBUG] [serial] RX 128 bytes: 000000000000aa030000000000000000aa030000000000000000aa030000000000000000aa030000000000000000aa030000000000000000aa030000000000000000aa030000000000000000aa030000000000000000aa030000000000000000aa030000000000000000aa030000000000000000aa030000000000000000aa03
01:08:06.281 [DEBUG] [serial] RX 128 bytes: 0000000000000000aa030000000000000000aa030000000000000000aa030000000000000000aa030000000000000000aa030000000000000000aa030000000000000000aa030000000000000000aa030000000000000000aa030000000000000000aa030000000000000000aa030000000000000000aa030000000000000000
01:08:06.284 [DEBUG] [serial] RX 128 bytes: aa030000000000000000aa030000000000000000aa030000000000000000aa030000000000000000aa030000000000000000aa030000000000000000aa030000000000000000aa030000000000000000aa030000000000000000aa030000000000000000aa030000000000000000aa030000000000000000aa03000000000000
01:08:06.288 [DEBUG] [serial] RX 128 bytes: 0000aa030000000000000000aa030000000000000000aa030000000000000000aa030000000000000000aa030000000000000000aa030000000000000000aa030000000000000000aa030000000000000000aa030000000000000000aa030000000000000000aa030000000000000000aa030000000000000000aa0300000000
01:08:06.292 [DEBUG] [serial] RX 128 bytes: 00000000aa030000000000000000aa030000000000000000aa030000000000000000aa030000000000000000aa030000000000000000aa030000000000000000aa030000000000000000aa030000000000000000aa030000000000000000aa030000000000000000aa030000000000000000aa030000000000000000aa030000
01:08:06.296 [DEBUG] [serial] RX 128 bytes: 000000000000aa030000000000000000aa030000000000000000aa030000000000000000aa030000000000000000aa030000000000000000aa030000000000000000aa030000000000000000aa030000000000000000aa030000000000000000aa030000000000000000aa030000000000000000aa030000000000000000aa03
01:08:06.300 [DEBUG] [serial] RX 128 bytes: 0000000000000000aa030000000000000000aa030000000000000000aa030000000000000000aa030000000000000000aa030000000000000000aa030000000000000000aa030000000000000000aa030000000000000000aa030000000000000000aa030000000000000000aa030000000000000000aa030000000000000000
01:08:06.304 [DEBUG] [serial] RX 128 bytes: aa030000000000000000aa030000000000000000aa030000000000000000aa030000000000000000aa030000000000000000aa030000000000000000aa030000000000000000aa030000000000000000aa030000000000000000aa030000000000000000aa030000000000000000aa030000000000000000aa03000000000000
01:08:06.308 [DEBUG] [serial] RX 128 bytes: 0000aa030000000000000000aa030000000000000000aa030000000000000000aa030000000000000000aa030000000000000000aa030000000000000000aa030000000000000000aa030000000000000000aa030000000000000000aa030000000000000000aa030000000000000000aa030000000000000000aa0300000000
01:08:06.312 [DEBUG] [serial] RX 128 bytes: 00000000aa030000000000000000aa030000000000000000aa030000000000000000aa030000000000000000aa030000000000000000aa030000000000000000aa030000000000000000aa030000000000000000aa030000000000000000aa030000000000000000aa030000000000000000aa030000000000000000aa030000
01:08:06.316 [DEBUG] [serial] RX 128 bytes: 000000000000aa030000000000000000aa030000000000000000aa030000000000000000aa030000000000000000aa030000000000000000aa030000000000000000aa030000000000000000aa030000000000000000aa030000000000000000aa030000000000000000aa030000000000000000aa030000000000000000aa03
01:08:06.320 [DEBUG] [serial] RX 128 bytes: 0000000000000000aa030000000000000000aa030000000000000000aa030000000000000000aa030000000000000000aa030000000000000000aa030000000000000000aa030000000000000000aa030000000000000000aa030000000000000000aa030000000000000000aa030000000000000000aa030000000000000000
01:08:06.324 [DEBUG] [serial] RX 128 bytes: aa030000000000000000aa030000000000000000aa030000000000000000aa030000000000000000aa030000000000000000aa030000000000000000aa030000000000000000aa030000000000000000aa030000000000000000aa030000000000000000aa030000000000000000aa030000000000000000aa03000000000000
01:08:06.328 [DEBUG] [serial] RX 128 bytes: 0000aa030000000000000000aa030000000000000000aa030000000000000000aa030000000000000000aa030000000000000000aa030000000000000000aa030000000000000000aa030000000000000000aa030000000000000000aa030000000000000000aa030000000000000000aa030000000000000000aa0300000000
01:08:06.332 [DEBUG] [serial] RX 128 bytes: 00000000aa030000000000000000aa030000000000000000aa030000000000000000aa030000000000000000aa030000000000000000aa030000000000000000aa030000000000000000aa030000000000000000aa030000000000000000aa030000000000000000aa030000000000000000aa030000000000000000aa030000
01:08:06.336 [DEBUG] [serial] RX 128 bytes: 000000000000aa030000000000000000aa030000000000000000aa030000000000000000aa030000000000000000aa030000000000000000aa030000000000000000aa030000000000000000aa030000000000000000aa030000000000000000aa030000000000000000aa030000000000000000aa030000000000000000aa03
01:08:06.340 [DEBUG] [serial] RX 128 bytes: 0000000000000000aa030000000000000000aa030000000000000000aa030000000000000000aa030000000000000000aa030000000000000000aa030000000000000000aa030000000000000000aa030000000000000000aa030000000000000000aa030000000000000000aa030000000000000000aa030000000000000000
01:08:06.344 [DEBUG] [serial] RX 128 bytes: aa030000000000000000aa030000000000000000aa030000000000000000aa030000000000000000aa030000000000000000aa030000000000000000aa030000000000000000aa030000000000000000aa030000000000000000aa030000000000000000aa030000000000000000aa030000000000000000aa03000000000000
01:08:06.348 [DEBUG] [serial] RX 128 bytes: 0000aa030000000000000000aa030000000000000000aa030000000000000000aa030000000000000000aa030000000000000000aa030000000000000000aa030000000000000000aa030000000000000000aa030000000000000000aa030000000000000000aa030000000000000000aa030000000000000000aa0300000000
01:08:06.352 [DEBUG] [serial] RX 128 bytes: 00000000aa030000000000000000aa030000000000000000aa030000000000000000aa030000000000000000aa030000000000000000aa030000000000000000aa030000000000000000aa030000000000000000aa030000000000000000aa030000000000000000aa030000000000000000aa030000000000000000aa030000
01:08:06.356 [DEBUG] [serial] RX 128 bytes: 000000000000aa030000000000000000aa030000000000000000aa030000000000000000aa030000000000000000aa030000000000000000aa030000000000000000aa030000000000000000aa030000000000000000aa030000000000000000aa030000000000000000aa030000000000000000aa030000000000000000aa03
01:08:06.360 [DEBUG] [serial] RX 128 bytes: 0000000000000000aa030000000000000000aa030000000000000000aa030000000000000000aa030000000000000000aa030000000000000000aa030000000000000000aa030000000000000000aa030000000000000000aa030000000000000000aa030000000000000000aa030000000000000000aa030000000000000000
01:08:06.364 [DEBUG] [serial] RX 128 bytes: aa030000000000000000aa030000000000000000aa030000000000000000aa030000000000000000aa030000000000000000aa030000000000000000aa030000000000000000aa030000000000000000aa030000000000000000aa030000000000000000aa030000000000000000aa030000000000000000aa03000000000000
01:08:06.368 [DEBUG] [serial] RX 128 bytes: 0000aa030000000000000000aa030000000000000000aa030000000000000000aa030000000000000000aa030000000000000000aa030000000000000000aa030000000000000000aa030000000000000000aa030000000000000000aa030000000000000000aa030000000000000000aa030000000000000000aa0300000000
01:08:06.372 [DEBUG] [serial] RX 128 bytes: 00000000aa030000000000000000aa030000000000000000aa030000000000000000aa030000000000000000aa030000000000000000aa030000000000000000aa030000000000000000aa030000000000000000aa030000000000000000aa030000000000000000aa030000000000000000aa030000000000000000aa030000
01:08:06.376 [DEBUG] [serial] RX 128 bytes: 000000000000aa030000000000000000aa030000000000000000aa030000000000000000aa030000000000000000aa030000000000000000aa030000000000000000aa030000000000000000aa030000000000000000aa030000000000000000aa030000000000000000aa030000000000000000aa030000000000000000aa03
01:08:06.379 [DEBUG] [serial] RX 128 bytes: 0000000000000000aa030000000000000000aa030000000000000000aa030000000000000000aa030000000000000000aa030000000000000000aa030000000000000000aa030000000000000000aa030000000000000000aa030000000000000000aa030000000000000000aa030000000000000000aa030000000000000000
01:08:06.383 [DEBUG] [serial] RX 128 bytes: aa030000000000000000aa030000000000000000aa030000000000000000aa030000000000000000aa030000000000000000aa030000000000000000aa030000000000000000aa030000000000000000aa030000000000000000aa030000000000000000aa030000000000000000aa030000000000000000aa03000000000000
01:08:06.384 [DEBUG] [serial] PKT #7500: flags=0x03 in=0 ds=0 flt=0
01:08:06.387 [DEBUG] [serial] RX 128 bytes: 0000aa030000000000000000aa030000000000000000aa030000000000000000aa030000000000000000aa030000000000000000aa030000000000000000aa030000000000000000aa030000000000000000aa030000000000000000aa030000000000000000aa030000000000000000aa030000000000000000aa0300000000
01:08:06.392 [DEBUG] [serial] RX 128 bytes: 00000000aa030000000000000000aa030000000000000000aa030000000000000000aa030000000000000000aa030000000000000000aa030000000000000000aa030000000000000000aa030000000000000000aa030000000000000000aa030000000000000000aa030000000000000000aa030000000000000000aa030000
01:08:06.396 [DEBUG] [serial] RX 128 bytes: 000000000000aa030000000000000000aa030000000000000000aa030000000000000000aa030000000000000000aa030000000000000000aa030000000000000000aa030000000000000000aa030000000000000000aa030000000000000000aa030000000000000000aa030000000000000000aa030000000000000000aa03
01:08:06.399 [DEBUG] [serial] RX 128 bytes: 0000000000000000aa030000000000000000aa030000000000000000aa030000000000000000aa030000000000000000aa030000000000000000aa030000000000000000aa030000000000000000aa030000000000000000aa030000000000000000aa030000000000000000aa030000000000000000aa030000000000000000
01:08:06.403 [DEBUG] [serial] RX 128 bytes: aa030000000000000000aa030000000000000000aa030000000000000000aa030000000000000000aa030000000000000000aa030000000000000000aa030000000000000000aa030000000000000000aa030000000000000000aa030000000000000000aa030000000000000000aa030000000000000000aa03000000000000
01:08:06.407 [DEBUG] [serial] RX 128 bytes: 0000aa030000000000000000aa030000000000000000aa030000000000000000aa030000000000000000aa030000000000000000aa030000000000000000aa030000000000000000aa030000000000000000aa030000000000000000aa030000000000000000aa030000000000000000aa030000000000000000aa0300000000
01:08:06.411 [DEBUG] [serial] RX 128 bytes: 00000000aa030000000000000000aa030000000000000000aa030000000000000000aa030000000000000000aa030000000000000000aa030000000000000000aa030000000000000000aa030000000000000000aa030000000000000000aa030000000000000000aa030000000000000000aa030000000000000000aa030000
01:08:06.415 [DEBUG] [serial] RX 128 bytes: 000000000000aa030000000000000000aa030000000000000000aa030000000000000000aa030000000000000000aa030000000000000000aa030000000000000000aa030000000000000000aa030000000000000000aa030000000000000000aa030000000000000000aa030000000000000000aa030000000000000000aa03
01:08:06.419 [DEBUG] [serial] RX 128 bytes: 0000000000000000aa030000000000000000aa030000000000000000aa030000000000000000aa030000000000000000aa030000000000000000aa030000000000000000aa030000000000000000aa030000000000000000aa030000000000000000aa030000000000000000aa030000000000000000aa030000000000000000
01:08:06.423 [DEBUG] [serial] RX 128 bytes: aa030000000000000000aa030000000000000000aa030000000000000000aa030000000000000000aa030000000000000000aa030000000000000000aa030000000000000000aa030000000000000000aa030000000000000000aa030000000000000000aa030000000000000000aa030000000000000000aa03000000000000
01:08:06.427 [DEBUG] [serial] RX 128 bytes: 0000aa030000000000000000aa030000000000000000aa030000000000000000aa030000000000000000aa030000000000000000aa030000000000000000aa030000000000000000aa030000000000000000aa030000000000000000aa030000000000000000aa030000000000000000aa030000000000000000aa0300000000
01:08:06.431 [DEBUG] [serial] RX 128 bytes: 00000000aa030000000000000000aa030000000000000000aa030000000000000000aa030000000000000000aa030000000000000000aa030000000000000000aa030000000000000000aa030000000000000000aa030000000000000000aa030000000000000000aa030000000000000000aa030000000000000000aa030000
01:08:06.435 [DEBUG] [serial] RX 128 bytes: 000000000000aa030000000000000000aa030000000000000000aa030000000000000000aa030000000000000000aa030000000000000000aa030000000000000000aa030000000000000000aa030000000000000000aa030000000000000000aa030000000000000000aa030000000000000000aa030000000000000000aa03
01:08:06.439 [DEBUG] [serial] RX 128 bytes: 0000000000000000aa030000000000000000aa030000000000000000aa030000000000000000aa030000000000000000aa030000000000000000aa030000000000000000aa030000000000000000aa030000000000000000aa030000000000000000aa030000000000000000aa030000000000000000aa030000000000000000
01:08:06.443 [DEBUG] [serial] RX 128 bytes: aa030000000000000000aa030000000000000000aa030000000000000000aa030000000000000000aa030000000000000000aa030000000000000000aa030000000000000000aa030000000000000000aa030000000000000000aa030000000000000000aa030000000000000000aa030000000000000000aa03000000000000
01:08:06.447 [DEBUG] [serial] RX 128 bytes: 0000aa030000000000000000aa030000000000000000aa030000000000000000aa030000000000000000aa030000000000000000aa030000000000000000aa030000000000000000aa030000000000000000aa030000000000000000aa030000000000000000aa030000000000000000aa030000000000000000aa0300000000
01:08:06.451 [DEBUG] [serial] RX 128 bytes: 00000000aa030000000000000000aa030000000000000000aa030000000000000000aa030000000000000000aa030000000000000000aa030000000000000000aa030000000000000000aa030000000000000000aa030000000000000000aa030000000000000000aa030000000000000000aa030000000000000000aa030000
01:08:06.455 [DEBUG] [serial] RX 128 bytes: 000000000000aa030000000000000000aa030000000000000000aa030000000000000000aa030000000000000000aa030000000000000000aa030000000000000000aa030000000000000000aa030000000000000000aa030000000000000000aa030000000000000000aa030000000000000000aa030000000000000000aa03
01:08:06.459 [DEBUG] [serial] RX 128 bytes: 0000000000000000aa030000000000000000aa030000000000000000aa030000000000000000aa030000000000000000aa030000000000000000aa030000000000000000aa030000000000000000aa030000000000000000aa030000000000000000aa030000000000000000aa030000000000000000aa030000000000000000
01:08:06.463 [DEBUG] [serial] RX 128 bytes: aa030000000000000000aa030000000000000000aa030000000000000000aa030000000000000000aa030000000000000000aa030000000000000000aa030000000000000000aa030000000000000000aa030000000000000000aa030000000000000000aa030000000000000000aa030000000000000000aa03000000000000
01:08:06.467 [DEBUG] [serial] RX 128 bytes: 0000aa030000000000000000aa030000000000000000aa030000000000000000aa030000000000000000aa030000000000000000aa030000000000000000aa030000000000000000aa030000000000000000aa030000000000000000aa030000000000000000aa030000000000000000aa030000000000000000aa0300000000
01:08:06.471 [DEBUG] [serial] RX 128 bytes: 00000000aa030000000000000000aa030000000000000000aa030000000000000000aa030000000000000000aa030000000000000000aa030000000000000000aa030000000000000000aa030000000000000000aa030000000000000000aa030000000000000000aa030000000000000000aa030000000000000000aa030000
01:08:06.475 [DEBUG] [serial] RX 128 bytes: 000000000000aa030000000000000000aa030000000000000000aa030000000000000000aa030000000000000000aa030000000000000000aa030000000000000000aa030000000000000000aa030000000000000000aa030000000000000000aa030000000000000000aa030000000000000000aa030000000000000000aa03
01:08:06.479 [DEBUG] [serial] RX 128 bytes: 0000000000000000aa030000000000000000aa030000000000000000aa030000000000000000aa030000000000000000aa030000000000000000aa030000000000000000aa030000000000000000aa030000000000000000aa030000000000000000aa030000000000000000aa030000000000000000aa030000000000000000
01:08:06.483 [DEBUG] [serial] RX 128 bytes: aa030000000000000000aa030000000000000000aa030000000000000000aa030000000000000000aa030000000000000000aa030000000000000000aa030000000000000000aa030000000000000000aa030000000000000000aa030000000000000000aa030000000000000000aa030000000000000000aa03000000000000
01:08:06.487 [DEBUG] [serial] RX 128 bytes: 0000aa030000000000000000aa030000000000000000aa030000000000000000aa030000000000000000aa030000000000000000aa030000000000000000aa030000000000000000aa030000000000000000aa030000000000000000aa030000000000000000aa030000000000000000aa030000000000000000aa0300000000
01:08:06.491 [DEBUG] [serial] RX 128 bytes: 00000000aa030000000000000000aa030000000000000000aa030000000000000000aa030000000000000000aa030000000000000000aa030000000000000000aa030000000000000000aa030000000000000000aa030000000000000000aa030000000000000000aa030000000000000000aa030000000000000000aa030000
01:08:06.495 [DEBUG] [serial] RX 128 bytes: 000000000000aa030000000000000000aa030000000000000000aa030000000000000000aa030000000000000000aa030000000000000000aa030000000000000000aa030000000000000000aa030000000000000000aa030000000000000000aa030000000000000000aa030000000000000000aa030000000000000000aa03
01:08:06.499 [DEBUG] [serial] RX 128 bytes: 0000000000000000aa030000000000000000aa030000000000000000aa030000000000000000aa030000000000000000aa030000000000000000aa030000000000000000aa030000000000000000aa030000000000000000aa030000000000000000aa030000000000000000aa030000000000000000aa030000000000000000
01:08:06.503 [DEBUG] [serial] RX 128 bytes: aa030000000000000000aa030000000000000000aa030000000000000000aa030000000000000000aa030000000000000000aa030000000000000000aa030000000000000000aa030000000000000000aa030000000000000000aa030000000000000000aa030000000000000000aa030000000000000000aa03000000000000
01:08:06.507 [DEBUG] [serial] RX 128 bytes: 0000aa030000000000000000aa030000000000000000aa030000000000000000aa030000000000000000aa030000000000000000aa030000000000000000aa030000000000000000aa030000000000000000aa030000000000000000aa030000000000000000aa030000000000000000aa030000000000000000aa0300000000
01:08:06.511 [DEBUG] [serial] RX 128 bytes: 00000000aa030000000000000000aa030000000000000000aa030000000000000000aa030000000000000000aa030000000000000000aa030000000000000000aa030000000000000000aa030000000000000000aa030000000000000000aa030000000000000000aa030000000000000000aa030000000000000000aa030000
01:08:06.515 [DEBUG] [serial] RX 128 bytes: 000000000000aa030000000000000000aa030000000000000000aa030000000000000000aa030000000000000000aa030000000000000000aa030000000000000000aa030000000000000000aa030000000000000000aa030000000000000000aa030000000000000000aa030000000000000000aa030000000000000000aa03
01:08:06.519 [DEBUG] [serial] RX 128 bytes: 0000000000000000aa030000000000000000aa030000000000000000aa030000000000000000aa030000000000000000aa030000000000000000aa030000000000000000aa030000000000000000aa030000000000000000aa030000000000000000aa030000000000000000aa030000000000000000aa030000000000000000
01:08:06.523 [DEBUG] [serial] RX 128 bytes: aa030000000000000000aa030000000000000000aa030000000000000000aa030000000000000000aa030000000000000000aa030000000000000000aa030000000000000000aa030000000000000000aa030000000000000000aa030000000000000000aa030000000000000000aa030000000000000000aa03000000000000
01:08:06.527 [DEBUG] [serial] RX 128 bytes: 0000aa030000000000000000aa030000000000000000aa030000000000000000aa030000000000000000aa030000000000000000aa030000000000000000aa030000000000000000aa030000000000000000aa030000000000000000aa030000000000000000aa030000000000000000aa030000000000000000aa0300000000
01:08:06.531 [DEBUG] [serial] RX 128 bytes: 00000000aa030000000000000000aa030000000000000000aa030000000000000000aa030000000000000000aa030000000000000000aa030000000000000000aa030000000000000000aa030000000000000000aa030000000000000000aa030000000000000000aa030000000000000000aa030000000000000000aa030000
01:08:06.535 [DEBUG] [serial] RX 128 bytes: 000000000000aa030000000000000000aa030000000000000000aa030000000000000000aa030000000000000000aa030000000000000000aa030000000000000000aa030000000000000000aa030000000000000000aa030000000000000000aa030000000000000000aa030000000000000000aa030000000000000000aa03
01:08:06.538 [DEBUG] [serial] RX 128 bytes: 0000000000000000aa030000000000000000aa030000000000000000aa030000000000000000aa030000000000000000aa030000000000000000aa030000000000000000aa030000000000000000aa030000000000000000aa030000000000000000aa030000000000000000aa030000000000000000aa030000000000000000
01:08:06.539 [DEBUG] [serial] PKT #8000: flags=0x03 in=0 ds=0 flt=0
01:08:06.542 [DEBUG] [serial] RX 128 bytes: aa030000000000000000aa030000000000000000aa030000000000000000aa030000000000000000aa030000000000000000aa030000000000000000aa030000000000000000aa030000000000000000aa030000000000000000aa030000000000000000aa030000000000000000aa030000000000000000aa03000000000000
01:08:06.546 [DEBUG] [serial] RX 128 bytes: 0000aa030000000000000000aa030000000000000000aa030000000000000000aa030000000000000000aa030000000000000000aa030000000000000000aa030000000000000000aa030000000000000000aa030000000000000000aa030000000000000000aa030000000000000000aa030000000000000000aa0300000000
01:08:06.550 [DEBUG] [serial] RX 128 bytes: 00000000aa030000000000000000aa030000000000000000aa030000000000000000aa030000000000000000aa030000000000000000aa030000000000000000aa030000000000000000aa030000000000000000aa030000000000000000aa030000000000000000aa030000000000000000aa030000000000000000aa030000
01:08:06.555 [DEBUG] [serial] RX 128 bytes: 000000000000aa030000000000000000aa030000000000000000aa030000000000000000aa030000000000000000aa030000000000000000aa030000000000000000aa030000000000000000aa030000000000000000aa030000000000000000aa030000000000000000aa030000000000000000aa030000000000000000aa03
01:08:06.559 [DEBUG] [serial] RX 128 bytes: 0000000000000000aa030000000000000000aa030000000000000000aa030000000000000000aa030000000000000000aa030000000000000000aa030000000000000000aa030000000000000000aa030000000000000000aa030000000000000000aa030000000000000000aa030000000000000000aa030000000000000000
01:08:06.563 [DEBUG] [serial] RX 128 bytes: aa030000000000000000aa030000000000000000aa030000000000000000aa030000000000000000aa030000000000000000aa030000000000000000aa030000000000000000aa030000000000000000aa030000000000000000aa030000000000000000aa030000000000000000aa030000000000000000aa03000000000000
01:08:06.566 [DEBUG] [serial] RX 128 bytes: 0000aa030000000000000000aa030000000000000000aa030000000000000000aa030000000000000000aa030000000000000000aa030000000000000000aa030000000000000000aa030000000000000000aa030000000000000000aa030000000000000000aa030000000000000000aa030000000000000000aa0300000000
01:08:06.570 [DEBUG] [serial] RX 128 bytes: 00000000aa030000000000000000aa030000000000000000aa030000000000000000aa030000000000000000aa030000000000000000aa030000000000000000aa030000000000000000aa030000000000000000aa030000000000000000aa030000000000000000aa030000000000000000aa030000000000000000aa030000
01:08:06.574 [DEBUG] [serial] RX 128 bytes: 000000000000aa030000000000000000aa030000000000000000aa030000000000000000aa030000000000000000aa030000000000000000aa030000000000000000aa030000000000000000aa030000000000000000aa030000000000000000aa030000000000000000aa030000000000000000aa030000000000000000aa03
01:08:06.578 [DEBUG] [serial] RX 128 bytes: 0000000000000000aa030000000000000000aa030000000000000000aa030000000000000000aa030000000000000000aa030000000000000000aa030000000000000000aa030000000000000000aa030000000000000000aa030000000000000000aa030000000000000000aa030000000000000000aa030000000000000000
01:08:06.582 [DEBUG] [serial] RX 128 bytes: aa030000000000000000aa030000000000000000aa030000000000000000aa030000000000000000aa030000000000000000aa030000000000000000aa030000000000000000aa030000000000000000aa030000000000000000aa030000000000000000aa030000000000000000aa030000000000000000aa03000000000000
01:08:06.586 [DEBUG] [serial] RX 128 bytes: 0000aa030000000000000000aa030000000000000000aa030000000000000000aa030000000000000000aa030000000000000000aa030000000000000000aa030000000000000000aa030000000000000000aa030000000000000000aa030000000000000000aa030000000000000000aa030000000000000000aa0300000000
01:08:06.590 [DEBUG] [serial] RX 128 bytes: 00000000aa030000000000000000aa030000000000000000aa030000000000000000aa030000000000000000aa030000000000000000aa030000000000000000aa030000000000000000aa030000000000000000aa030000000000000000aa030000000000000000aa030000000000000000aa030000000000000000aa030000
01:08:06.594 [DEBUG] [serial] RX 128 bytes: 000000000000aa030000000000000000aa030000000000000000aa030000000000000000aa030000000000000000aa030000000000000000aa030000000000000000aa030000000000000000aa030000000000000000aa030000000000000000aa030000000000000000aa030000000000000000aa030000000000000000aa03
01:08:06.598 [DEBUG] [serial] RX 128 bytes: 0000000000000000aa030000000000000000aa030000000000000000aa030000000000000000aa030000000000000000aa030000000000000000aa030000000000000000aa030000000000000000aa030000000000000000aa030000000000000000aa030000000000000000aa030000000000000000aa030000000000000000
01:08:06.602 [DEBUG] [serial] RX 128 bytes: aa030000000000000000aa030000000000000000aa030000000000000000aa030000000000000000aa030000000000000000aa030000000000000000aa030000000000000000aa030000000000000000aa030000000000000000aa030000000000000000aa030000000000000000aa030000000000000000aa03000000000000
01:08:06.606 [DEBUG] [serial] RX 128 bytes: 0000aa030000000000000000aa030000000000000000aa030000000000000000aa030000000000000000aa030000000000000000aa030000000000000000aa030000000000000000aa030000000000000000aa030000000000000000aa030000000000000000aa030000000000000000aa030000000000000000aa0300000000
01:08:06.610 [DEBUG] [serial] RX 128 bytes: 00000000aa030000000000000000aa030000000000000000aa030000000000000000aa030000000000000000aa030000000000000000aa030000000000000000aa030000000000000000aa030000000000000000aa030000000000000000aa030000000000000000aa030000000000000000aa030000000000000000aa030000
01:08:06.614 [DEBUG] [serial] RX 128 bytes: 000000000000aa030000000000000000aa030000000000000000aa030000000000000000aa030000000000000000aa030000000000000000aa030000000000000000aa030000000000000000aa030000000000000000aa030000000000000000aa030000000000000000aa030000000000000000aa030000000000000000aa03
01:08:06.618 [DEBUG] [serial] RX 128 bytes: 0000000000000000aa030000000000000000aa030000000000000000aa030000000000000000aa030000000000000000aa030000000000000000aa030000000000000000aa030000000000000000aa030000000000000000aa030000000000000000aa030000000000000000aa030000000000000000aa030000000000000000
01:08:06.622 [DEBUG] [serial] RX 128 bytes: aa030000000000000000aa030000000000000000aa030000000000000000aa030000000000000000aa030000000000000000aa030000000000000000aa030000000000000000aa030000000000000000aa030000000000000000aa030000000000000000aa030000000000000000aa030000000000000000aa03000000000000
01:08:06.626 [DEBUG] [serial] RX 128 bytes: 0000aa030000000000000000aa030000000000000000aa030000000000000000aa030000000000000000aa030000000000000000aa030000000000000000aa030000000000000000aa030000000000000000aa030000000000000000aa030000000000000000aa030000000000000000aa030000000000000000aa0300000000
01:08:06.630 [DEBUG] [serial] RX 128 bytes: 00000000aa030000000000000000aa030000000000000000aa030000000000000000aa030000000000000000aa030000000000000000aa030000000000000000aa030000000000000000aa030000000000000000aa030000000000000000aa030000000000000000aa030000000000000000aa030000000000000000aa030000
01:08:06.634 [DEBUG] [serial] RX 128 bytes: 000000000000aa030000000000000000aa030000000000000000aa030000000000000000aa030000000000000000aa030000000000000000aa030000000000000000aa030000000000000000aa030000000000000000aa030000000000000000aa030000000000000000aa030000000000000000aa030000000000000000aa03
01:08:06.638 [DEBUG] [serial] RX 128 bytes: 0000000000000000aa030000000000000000aa030000000000000000aa030000000000000000aa030000000000000000aa030000000000000000aa030000000000000000aa030000000000000000aa030000000000000000aa030000000000000000aa030000000000000000aa030000000000000000aa030000000000000000
01:08:06.642 [DEBUG] [serial] RX 128 bytes: aa030000000000000000aa030000000000000000aa030000000000000000aa030000000000000000aa030000000000000000aa030000000000000000aa030000000000000000aa030000000000000000aa030000000000000000aa030000000000000000aa030000000000000000aa030000000000000000aa03000000000000
01:08:06.646 [DEBUG] [serial] RX 128 bytes: 0000aa030000000000000000aa030000000000000000aa030000000000000000aa030000000000000000aa030000000000000000aa030000000000000000aa030000000000000000aa030000000000000000aa030000000000000000aa030000000000000000aa030000000000000000aa030000000000000000aa0300000000
01:08:06.650 [DEBUG] [serial] RX 128 bytes: 00000000aa030000000000000000aa030000000000000000aa030000000000000000aa030000000000000000aa030000000000000000aa030000000000000000aa030000000000000000aa030000000000000000aa030000000000000000aa030000000000000000aa030000000000000000aa030000000000000000aa030000
01:08:06.654 [DEBUG] [serial] RX 128 bytes: 000000000000aa030000000000000000aa030000000000000000aa030000000000000000aa030000000000000000aa030000000000000000aa030000000000000000aa030000000000000000aa030000000000000000aa030000000000000000aa030000000000000000aa030000000000000000aa030000000000000000aa03
01:08:06.659 [DEBUG] [serial] RX 128 bytes: 0000000000000000aa030000000000000000aa030000000000000000aa030000000000000000aa030000000000000000aa030000000000000000aa030000000000000000aa030000000000000000aa030000000000000000aa030000000000000000aa030000000000000000aa030000000000000000aa030000000000000000
01:08:06.662 [DEBUG] [serial] RX 128 bytes: aa030000000000000000aa030000000000000000aa030000000000000000aa030000000000000000aa030000000000000000aa030000000000000000aa030000000000000000aa030000000000000000aa030000000000000000aa030000000000000000aa030000000000000000aa030000000000000000aa03000000000000
01:08:06.666 [DEBUG] [serial] RX 128 bytes: 0000aa030000000000000000aa030000000000000000aa030000000000000000aa030000000000000000aa030000000000000000aa030000000000000000aa030000000000000000aa030000000000000000aa030000000000000000aa030000000000000000aa030000000000000000aa030000000000000000aa0300000000
01:08:06.670 [DEBUG] [serial] RX 128 bytes: 00000000aa030000000000000000aa030000000000000000aa030000000000000000aa030000000000000000aa030000000000000000aa030000000000000000aa030000000000000000aa030000000000000000aa030000000000000000aa030000000000000000aa030000000000000000aa030000000000000000aa030000
01:08:06.674 [DEBUG] [serial] RX 128 bytes: 000000000000aa030000000000000000aa030000000000000000aa030000000000000000aa030000000000000000aa030000000000000000aa030000000000000000aa030000000000000000aa030000000000000000aa030000000000000000aa030000000000000000aa030000000000000000aa030000000000000000aa03
01:08:06.677 [DEBUG] [serial] RX 128 bytes: 0000000000000000aa030000000000000000aa030000000000000000aa030000000000000000aa030000000000000000aa030000000000000000aa030000000000000000aa030000000000000000aa030000000000000000aa030000000000000000aa030000000000000000aa030000000000000000aa030000000000000000
01:08:06.682 [DEBUG] [serial] RX 128 bytes: aa030000000000000000aa030000000000000000aa030000000000000000aa030000000000000000aa030000000000000000aa030000000000000000aa030000000000000000aa030000000000000000aa030000000000000000aa030000000000000000aa030000000000000000aa030000000000000000aa03000000000000
01:08:06.686 [DEBUG] [serial] RX 128 bytes: 0000aa030000000000000000aa030000000000000000aa030000000000000000aa030000000000000000aa030000000000000000aa030000000000000000aa030000000000000000aa030000000000000000aa030000000000000000aa030000000000000000aa030000000000000000aa030000000000000000aa0300000000
01:08:06.690 [DEBUG] [serial] RX 128 bytes: 00000000aa030000000000000000aa030000000000000000aa030000000000000000aa030000000000000000aa030000000000000000aa030000000000000000aa030000000000000000aa030000000000000000aa030000000000000000aa030000000000000000aa030000000000000000aa030000000000000000aa030000
01:08:06.694 [DEBUG] [serial] RX 128 bytes: 000000000000aa030000000000000000aa030000000000000000aa030000000000000000aa030000000000000000aa030000000000000000aa030000000000000000aa030000000000000000aa030000000000000000aa030000000000000000aa030000000000000000aa030000000000000000aa030000000000000000aa03
01:08:06.697 [DEBUG] [serial] RX 128 bytes: 0000000000000000aa030000000000000000aa030000000000000000aa030000000000000000aa030000000000000000aa030000000000000000aa030000000000000000aa030000000000000000aa030000000000000000aa030000000000000000aa030000000000000000aa030000000000000000aa030000000000000000
01:08:06.698 [DEBUG] [serial] PKT #8500: flags=0x03 in=0 ds=0 flt=0
01:08:06.701 [DEBUG] [serial] RX 128 bytes: aa030000000000000000aa030000000000000000aa030000000000000000aa030000000000000000aa030000000000000000aa030000000000000000aa030000000000000000aa030000000000000000aa030000000000000000aa030000000000000000aa030000000000000000aa030000000000000000aa03000000000000
01:08:06.705 [DEBUG] [serial] RX 128 bytes: 0000aa030000000000000000aa030000000000000000aa030000000000000000aa030000000000000000aa030000000000000000aa030000000000000000aa030000000000000000aa030000000000000000aa030000000000000000aa030000000000000000aa030000000000000000aa030000000000000000aa0300000000
01:08:06.709 [DEBUG] [serial] RX 128 bytes: 00000000aa030000000000000000aa030000000000000000aa030000000000000000aa030000000000000000aa030000000000000000aa030000000000000000aa030000000000000000aa030000000000000000aa030000000000000000aa030000000000000000aa030000000000000000aa030000000000000000aa030000
01:08:06.713 [DEBUG] [serial] RX 128 bytes: 000000000000aa030000000000000000aa030000000000000000aa030000000000000000aa030000000000000000aa030000000000000000aa030000000000000000aa030000000000000000aa030000000000000000aa030000000000000000aa030000000000000000aa030000000000000000aa030000000000000000aa03
01:08:06.717 [DEBUG] [serial] RX 128 bytes: 0000000000000000aa030000000000000000aa030000000000000000aa030000000000000000aa030000000000000000aa030000000000000000aa030000000000000000aa030000000000000000aa030000000000000000aa030000000000000000aa030000000000000000aa030000000000000000aa030000000000000000
01:08:06.721 [DEBUG] [serial] RX 128 bytes: aa030000000000000000aa030000000000000000aa030000000000000000aa030000000000000000aa030000000000000000aa030000000000000000aa030000000000000000aa030000000000000000aa030000000000000000aa030000000000000000aa030000000000000000aa030000000000000000aa03000000000000
01:08:06.725 [DEBUG] [serial] RX 128 bytes: 0000aa030000000000000000aa030000000000000000aa030000000000000000aa030000000000000000aa030000000000000000aa030000000000000000aa030000000000000000aa030000000000000000aa030000000000000000aa030000000000000000aa030000000000000000aa030000000000000000aa0300000000
01:08:06.729 [DEBUG] [serial] RX 128 bytes: 00000000aa030000000000000000aa030000000000000000aa030000000000000000aa030000000000000000aa030000000000000000aa030000000000000000aa030000000000000000aa030000000000000000aa030000000000000000aa030000000000000000aa030000000000000000aa030000000000000000aa030000
01:08:06.733 [DEBUG] [serial] RX 128 bytes: 000000000000aa030000000000000000aa030000000000000000aa030000000000000000aa030000000000000000aa030000000000000000aa030000000000000000aa030000000000000000aa030000000000000000aa030000000000000000aa030000000000000000aa030000000000000000aa030000000000000000aa03
01:08:06.737 [DEBUG] [serial] RX 128 bytes: 0000000000000000aa030000000000000000aa030000000000000000aa030000000000000000aa030000000000000000aa030000000000000000aa030000000000000000aa030000000000000000aa030000000000000000aa030000000000000000aa030000000000000000aa030000000000000000aa030000000000000000
01:08:06.741 [DEBUG] [serial] RX 128 bytes: aa030000000000000000aa030000000000000000aa030000000000000000aa030000000000000000aa030000000000000000aa030000000000000000aa030000000000000000aa030000000000000000aa030000000000000000aa030000000000000000aa030000000000000000aa030000000000000000aa03000000000000
01:08:06.747 [DEBUG] [serial] RX 128 bytes: 0000aa030000000000000000aa030000000000000000aa030000000000000000aa030000000000000000aa030000000000000000aa030000000000000000aa030000000000000000aa030000000000000000aa030000000000000000aa030000000000000000aa030000000000000000aa030000000000000000aa0300000000
01:08:06.749 [DEBUG] [serial] RX 128 bytes: 00000000aa030000000000000000aa030000000000000000aa030000000000000000aa030000000000000000aa030000000000000000aa030000000000000000aa030000000000000000aa030000000000000000aa030000000000000000aa030000000000000000aa030000000000000000aa030000000000000000aa030000
01:08:06.753 [DEBUG] [serial] RX 128 bytes: 000000000000aa030000000000000000aa030000000000000000aa030000000000000000aa030000000000000000aa030000000000000000aa030000000000000000aa030000000000000000aa030000000000000000aa030000000000000000aa030000000000000000aa030000000000000000aa030000000000000000aa03
01:08:06.757 [DEBUG] [serial] RX 128 bytes: 0000000000000000aa030000000000000000aa030000000000000000aa030000000000000000aa030000000000000000aa030000000000000000aa030000000000000000aa030000000000000000aa030000000000000000aa030000000000000000aa030000000000000000aa030000000000000000aa030000000000000000
01:08:06.761 [DEBUG] [serial] RX 128 bytes: aa030000000000000000aa030000000000000000aa030000000000000000aa030000000000000000aa030000000000000000aa030000000000000000aa030000000000000000aa030000000000000000aa030000000000000000aa030000000000000000aa030000000000000000aa030000000000000000aa03000000000000
01:08:06.765 [DEBUG] [serial] RX 128 bytes: 0000aa030000000000000000aa030000000000000000aa030000000000000000aa030000000000000000aa030000000000000000aa030000000000000000aa030000000000000000aa030000000000000000aa030000000000000000aa030000000000000000aa030000000000000000aa030000000000000000aa0300000000
01:08:06.769 [DEBUG] [serial] RX 128 bytes: 00000000aa030000000000000000aa030000000000000000aa030000000000000000aa030000000000000000aa030000000000000000aa030000000000000000aa030000000000000000aa030000000000000000aa030000000000000000aa030000000000000000aa030000000000000000aa030000000000000000aa030000
01:08:06.773 [DEBUG] [serial] RX 128 bytes: 000000000000aa030000000000000000aa030000000000000000aa030000000000000000aa030000000000000000aa030000000000000000aa030000000000000000aa030000000000000000aa030000000000000000aa030000000000000000aa030000000000000000aa030000000000000000aa030000000000000000aa03
01:08:06.777 [DEBUG] [serial] RX 128 bytes: 0000000000000000aa030000000000000000aa030000000000000000aa030000000000000000aa030000000000000000aa030000000000000000aa030000000000000000aa030000000000000000aa030000000000000000aa030000000000000000aa030000000000000000aa030000000000000000aa030000000000000000
01:08:06.781 [DEBUG] [serial] RX 128 bytes: aa030000000000000000aa030000000000000000aa030000000000000000aa030000000000000000aa030000000000000000aa030000000000000000aa030000000000000000aa030000000000000000aa030000000000000000aa030000000000000000aa030000000000000000aa030000000000000000aa03000000000000
01:08:06.785 [DEBUG] [serial] RX 128 bytes: 0000aa030000000000000000aa030000000000000000aa030000000000000000aa030000000000000000aa030000000000000000aa030000000000000000aa030000000000000000aa030000000000000000aa030000000000000000aa030000000000000000aa030000000000000000aa030000000000000000aa0300000000
01:08:06.789 [DEBUG] [serial] RX 128 bytes: 00000000aa030000000000000000aa030000000000000000aa030000000000000000aa030000000000000000aa030000000000000000aa030000000000000000aa030000000000000000aa030000000000000000aa030000000000000000aa030000000000000000aa030000000000000000aa030000000000000000aa030000
01:08:06.793 [DEBUG] [serial] RX 128 bytes: 000000000000aa030000000000000000aa030000000000000000aa030000000000000000aa030000000000000000aa030000000000000000aa030000000000000000aa030000000000000000aa030000000000000000aa030000000000000000aa030000000000000000aa030000000000000000aa030000000000000000aa03
01:08:06.797 [DEBUG] [serial] RX 128 bytes: 0000000000000000aa030000000000000000aa030000000000000000aa030000000000000000aa030000000000000000aa030000000000000000aa030000000000000000aa030000000000000000aa030000000000000000aa030000000000000000aa030000000000000000aa030000000000000000aa030000000000000000
01:08:06.801 [DEBUG] [serial] RX 128 bytes: aa030000000000000000aa030000000000000000aa030000000000000000aa030000000000000000aa030000000000000000aa030000000000000000aa030000000000000000aa030000000000000000aa030000000000000000aa030000000000000000aa030000000000000000aa030000000000000000aa03000000000000
01:08:06.805 [DEBUG] [serial] RX 128 bytes: 0000aa030000000000000000aa030000000000000000aa030000000000000000aa030000000000000000aa030000000000000000aa030000000000000000aa030000000000000000aa030000000000000000aa030000000000000000aa030000000000000000aa030000000000000000aa030000000000000000aa0300000000
01:08:06.809 [DEBUG] [serial] RX 128 bytes: 00000000aa030000000000000000aa030000000000000000aa030000000000000000aa030000000000000000aa030000000000000000aa030000000000000000aa030000000000000000aa030000000000000000aa030000000000000000aa030000000000000000aa030000000000000000aa030000000000000000aa030000
01:08:06.813 [DEBUG] [serial] RX 128 bytes: 000000000000aa030000000000000000aa030000000000000000aa030000000000000000aa030000000000000000aa030000000000000000aa030000000000000000aa030000000000000000aa030000000000000000aa030000000000000000aa030000000000000000aa030000000000000000aa030000000000000000aa03
01:08:06.817 [DEBUG] [serial] RX 128 bytes: 0000000000000000aa030000000000000000aa030000000000000000aa030000000000000000aa030000000000000000aa030000000000000000aa030000000000000000aa030000000000000000aa030000000000000000aa030000000000000000aa030000000000000000aa030000000000000000aa030000000000000000
01:08:06.821 [DEBUG] [serial] RX 128 bytes: aa030000000000000000aa030000000000000000aa030000000000000000aa030000000000000000aa030000000000000000aa030000000000000000aa030000000000000000aa030000000000000000aa030000000000000000aa030000000000000000aa030000000000000000aa030000000000000000aa03000000000000
01:08:06.825 [DEBUG] [serial] RX 128 bytes: 0000aa030000000000000000aa030000000000000000aa030000000000000000aa030000000000000000aa030000000000000000aa030000000000000000aa030000000000000000aa030000000000000000aa030000000000000000aa030000000000000000aa030000000000000000aa030000000000000000aa0300000000
01:08:06.829 [DEBUG] [serial] RX 128 bytes: 00000000aa030000000000000000aa030000000000000000aa030000000000000000aa030000000000000000aa030000000000000000aa030000000000000000aa030000000000000000aa030000000000000000aa030000000000000000aa030000000000000000aa030000000000000000aa030000000000000000aa030000
01:08:06.833 [DEBUG] [serial] RX 128 bytes: 000000000000aa030000000000000000aa030000000000000000aa030000000000000000aa030000000000000000aa030000000000000000aa030000000000000000aa030000000000000000aa030000000000000000aa030000000000000000aa030000000000000000aa030000000000000000aa030000000000000000aa03
01:08:06.836 [DEBUG] [serial] RX 128 bytes: 0000000000000000aa030000000000000000aa030000000000000000aa030000000000000000aa030000000000000000aa030000000000000000aa030000000000000000aa030000000000000000aa030000000000000000aa030000000000000000aa030000000000000000aa030000000000000000aa030000000000000000
01:08:06.840 [DEBUG] [serial] RX 128 bytes: aa030000000000000000aa030000000000000000aa030000000000000000aa030000000000000000aa030000000000000000aa030000000000000000aa030000000000000000aa030000000000000000aa030000000000000000aa030000000000000000aa030000000000000000aa030000000000000000aa03000000000000
01:08:06.844 [DEBUG] [serial] RX 128 bytes: 0000aa030000000000000000aa030000000000000000aa030000000000000000aa030000000000000000aa030000000000000000aa030000000000000000aa030000000000000000aa030000000000000000aa030000000000000000aa030000000000000000aa030000000000000000aa030000000000000000aa0300000000
01:08:06.849 [DEBUG] [serial] RX 128 bytes: 00000000aa030000000000000000aa030000000000000000aa030000000000000000aa030000000000000000aa030000000000000000aa030000000000000000aa030000000000000000aa030000000000000000aa030000000000000000aa030000000000000000aa030000000000000000aa030000000000000000aa030000
01:08:06.853 [DEBUG] [serial] RX 128 bytes: 000000000000aa030000000000000000aa030000000000000000aa030000000000000000aa030000000000000000aa030000000000000000aa030000000000000000aa030000000000000000aa030000000000000000aa030000000000000000aa030000000000000000aa030000000000000000aa030000000000000000aa03
01:08:06.853 [DEBUG] [serial] PKT #9000: flags=0x03 in=0 ds=0 flt=0
01:08:06.856 [DEBUG] [serial] RX 128 bytes: 0000000000000000aa030000000000000000aa030000000000000000aa030000000000000000aa030000000000000000aa030000000000000000aa030000000000000000aa030000000000000000aa030000000000000000aa030000000000000000aa030000000000000000aa030000000000000000aa030000000000000000
01:08:06.860 [DEBUG] [serial] RX 128 bytes: aa030000000000000000aa030000000000000000aa030000000000000000aa030000000000000000aa030000000000000000aa030000000000000000aa030000000000000000aa030000000000000000aa030000000000000000aa030000000000000000aa030000000000000000aa030000000000000000aa03000000000000
01:08:06.864 [DEBUG] [serial] RX 128 bytes: 0000aa030000000000000000aa030000000000000000aa030000000000000000aa030000000000000000aa030000000000000000aa030000000000000000aa030000000000000000aa030000000000000000aa030000000000000000aa030000000000000000aa030000000000000000aa030000000000000000aa0300000000
01:08:06.868 [DEBUG] [serial] RX 128 bytes: 00000000aa030000000000000000aa030000000000000000aa030000000000000000aa030000000000000000aa030000000000000000aa030000000000000000aa030000000000000000aa030000000000000000aa030000000000000000aa030000000000000000aa030000000000000000aa030000000000000000aa030000
01:08:06.872 [DEBUG] [serial] RX 128 bytes: 000000000000aa030000000000000000aa030000000000000000aa030000000000000000aa030000000000000000aa030000000000000000aa030000000000000000aa030000000000000000aa030000000000000000aa030000000000000000aa030000000000000000aa030000000000000000aa030000000000000000aa03
01:08:06.876 [DEBUG] [serial] RX 128 bytes: 0000000000000000aa030000000000000000aa030000000000000000aa030000000000000000aa030000000000000000aa030000000000000000aa030000000000000000aa030000000000000000aa030000000000000000aa030000000000000000aa030000000000000000aa030000000000000000aa030000000000000000
01:08:06.880 [DEBUG] [serial] RX 128 bytes: aa030000000000000000aa030000000000000000aa030000000000000000aa030000000000000000aa030000000000000000aa030000000000000000aa030000000000000000aa030000000000000000aa030000000000000000aa030000000000000000aa030000000000000000aa030000000000000000aa03000000000000
01:08:06.884 [DEBUG] [serial] RX 128 bytes: 0000aa030000000000000000aa030000000000000000aa030000000000000000aa030000000000000000aa030000000000000000aa030000000000000000aa030000000000000000aa030000000000000000aa030000000000000000aa030000000000000000aa030000000000000000aa030000000000000000aa0300000000
01:08:06.888 [DEBUG] [serial] RX 128 bytes: 00000000aa030000000000000000aa030000000000000000aa030000000000000000aa030000000000000000aa030000000000000000aa030000000000000000aa030000000000000000aa030000000000000000aa030000000000000000aa030000000000000000aa030000000000000000aa030000000000000000aa030000
01:08:06.892 [DEBUG] [serial] RX 128 bytes: 000000000000aa030000000000000000aa030000000000000000aa030000000000000000aa030000000000000000aa030000000000000000aa030000000000000000aa030000000000000000aa030000000000000000aa030000000000000000aa030000000000000000aa030000000000000000aa030000000000000000aa03
01:08:06.896 [DEBUG] [serial] RX 128 bytes: 0000000000000000aa030000000000000000aa030000000000000000aa030000000000000000aa030000000000000000aa030000000000000000aa030000000000000000aa030000000000000000aa030000000000000000aa030000000000000000aa030000000000000000aa030000000000000000aa030000000000000000
01:08:06.900 [DEBUG] [serial] RX 128 bytes: aa030000000000000000aa030000000000000000aa030000000000000000aa030000000000000000aa030000000000000000aa030000000000000000aa030000000000000000aa030000000000000000aa030000000000000000aa030000000000000000aa030000000000000000aa030000000000000000aa03000000000000
01:08:06.904 [DEBUG] [serial] RX 128 bytes: 0000aa030000000000000000aa030000000000000000aa030000000000000000aa030000000000000000aa030000000000000000aa030000000000000000aa030000000000000000aa030000000000000000aa030000000000000000aa030000000000000000aa030000000000000000aa030000000000000000aa0300000000
01:08:06.908 [DEBUG] [serial] RX 128 bytes: 00000000aa030000000000000000aa030000000000000000aa030000000000000000aa030000000000000000aa030000000000000000aa030000000000000000aa030000000000000000aa030000000000000000aa030000000000000000aa030000000000000000aa030000000000000000aa030000000000000000aa030000
01:08:06.912 [DEBUG] [serial] RX 128 bytes: 000000000000aa030000000000000000aa030000000000000000aa030000000000000000aa030000000000000000aa030000000000000000aa030000000000000000aa030000000000000000aa030000000000000000aa030000000000000000aa030000000000000000aa030000000000000000aa030000000000000000aa03
01:08:06.916 [DEBUG] [serial] RX 128 bytes: 0000000000000000aa030000000000000000aa030000000000000000aa030000000000000000aa030000000000000000aa030000000000000000aa030000000000000000aa030000000000000000aa030000000000000000aa030000000000000000aa030000000000000000aa030000000000000000aa030000000000000000
01:08:06.920 [DEBUG] [serial] RX 128 bytes: aa030000000000000000aa030000000000000000aa030000000000000000aa030000000000000000aa030000000000000000aa030000000000000000aa030000000000000000aa030000000000000000aa030000000000000000aa030000000000000000aa030000000000000000aa030000000000000000aa03000000000000
01:08:06.924 [DEBUG] [serial] RX 128 bytes: 0000aa030000000000000000aa030000000000000000aa030000000000000000aa030000000000000000aa030000000000000000aa030000000000000000aa030000000000000000aa030000000000000000aa030000000000000000aa030000000000000000aa030000000000000000aa030000000000000000aa0300000000
01:08:06.928 [DEBUG] [serial] RX 128 bytes: 00000000aa030000000000000000aa030000000000000000aa030000000000000000aa030000000000000000aa030000000000000000aa030000000000000000aa030000000000000000aa030000000000000000aa030000000000000000aa030000000000000000aa030000000000000000aa030000000000000000aa030000
01:08:06.932 [DEBUG] [serial] RX 128 bytes: 000000000000aa030000000000000000aa030000000000000000aa030000000000000000aa030000000000000000aa030000000000000000aa030000000000000000aa030000000000000000aa030000000000000000aa030000000000000000aa030000000000000000aa030000000000000000aa030000000000000000aa03
01:08:06.936 [DEBUG] [serial] RX 128 bytes: 0000000000000000aa030000000000000000aa030000000000000000aa030000000000000000aa030000000000000000aa030000000000000000aa030000000000000000aa030000000000000000aa030000000000000000aa030000000000000000aa030000000000000000aa030000000000000000aa030000000000000000
01:08:06.940 [DEBUG] [serial] RX 128 bytes: aa030000000000000000aa030000000000000000aa030000000000000000aa030000000000000000aa030000000000000000aa030000000000000000aa030000000000000000aa030000000000000000aa030000000000000000aa030000000000000000aa030000000000000000aa030000000000000000aa03000000000000
01:08:06.944 [DEBUG] [serial] RX 128 bytes: 0000aa030000000000000000aa030000000000000000aa030000000000000000aa030000000000000000aa030000000000000000aa030000000000000000aa030000000000000000aa030000000000000000aa030000000000000000aa030000000000000000aa030000000000000000aa030000000000000000aa0300000000
01:08:06.948 [DEBUG] [serial] RX 128 bytes: 00000000aa030000000000000000aa030000000000000000aa030000000000000000aa030000000000000000aa030000000000000000aa030000000000000000aa030000000000000000aa030000000000000000aa030000000000000000aa030000000000000000aa030000000000000000aa030000000000000000aa030000
01:08:06.952 [DEBUG] [serial] RX 128 bytes: 000000000000aa030000000000000000aa030000000000000000aa030000000000000000aa030000000000000000aa030000000000000000aa030000000000000000aa030000000000000000aa030000000000000000aa030000000000000000aa030000000000000000aa030000000000000000aa030000000000000000aa03
01:08:06.956 [DEBUG] [serial] RX 128 bytes: 0000000000000000aa030000000000000000aa030000000000000000aa030000000000000000aa030000000000000000aa030000000000000000aa030000000000000000aa030000000000000000aa030000000000000000aa030000000000000000aa030000000000000000aa030000000000000000aa030000000000000000
01:08:06.960 [DEBUG] [serial] RX 128 bytes: aa030000000000000000aa030000000000000000aa030000000000000000aa030000000000000000aa030000000000000000aa030000000000000000aa030000000000000000aa030000000000000000aa030000000000000000aa030000000000000000aa030000000000000000aa030000000000000000aa03000000000000
01:08:06.964 [DEBUG] [serial] RX 128 bytes: 0000aa030000000000000000aa030000000000000000aa030000000000000000aa030000000000000000aa030000000000000000aa030000000000000000aa030000000000000000aa030000000000000000aa030000000000000000aa030000000000000000aa030000000000000000aa030000000000000000aa0300000000
01:08:06.968 [DEBUG] [serial] RX 128 bytes: 00000000aa030000000000000000aa030000000000000000aa030000000000000000aa030000000000000000aa030000000000000000aa030000000000000000aa030000000000000000aa030000000000000000aa030000000000000000aa030000000000000000aa030000000000000000aa030000000000000000aa030000
01:08:06.972 [DEBUG] [serial] RX 128 bytes: 000000000000aa030000000000000000aa030000000000000000aa030000000000000000aa030000000000000000aa030000000000000000aa030000000000000000aa030000000000000000aa030000000000000000aa030000000000000000aa030000000000000000aa030000000000000000aa030000000000000000aa03
01:08:06.976 [DEBUG] [serial] RX 128 bytes: 0000000000000000aa030000000000000000aa030000000000000000aa030000000000000000aa030000000000000000aa030000000000000000aa030000000000000000aa030000000000000000aa030000000000000000aa030000000000000000aa030000000000000000aa030000000000000000aa030000000000000000
01:08:06.980 [DEBUG] [serial] RX 128 bytes: aa030000000000000000aa030000000000000000aa030000000000000000aa030000000000000000aa030000000000000000aa030000000000000000aa030000000000000000aa030000000000000000aa030000000000000000aa030000000000000000aa030000000000000000aa030000000000000000aa03000000000000
01:08:06.984 [DEBUG] [serial] RX 128 bytes: 0000aa030000000000000000aa030000000000000000aa030000000000000000aa030000000000000000aa030000000000000000aa030000000000000000aa030000000000000000aa030000000000000000aa030000000000000000aa030000000000000000aa030000000000000000aa030000000000000000aa0300000000
01:08:06.988 [DEBUG] [serial] RX 128 bytes: 00000000aa030000000000000000aa030000000000000000aa030000000000000000aa030000000000000000aa030000000000000000aa030000000000000000aa030000000000000000aa030000000000000000aa030000000000000000aa030000000000000000aa030000000000000000aa030000000000000000aa030000
01:08:06.992 [DEBUG] [serial] RX 128 bytes: 000000000000aa030000000000000000aa030000000000000000aa030000000000000000aa030000000000000000aa030000000000000000aa030000000000000000aa030000000000000000aa030000000000000000aa030000000000000000aa030000000000000000aa030000000000000000aa030000000000000000aa03
01:08:06.995 [DEBUG] [serial] RX 128 bytes: 0000000000000000aa030000000000000000aa030000000000000000aa030000000000000000aa030000000000000000aa030000000000000000aa030000000000000000aa030000000000000000aa030000000000000000aa030000000000000000aa030000000000000000aa030000000000000000aa030000000000000000
01:08:06.999 [DEBUG] [serial] RX 128 bytes: aa030000000000000000aa030000000000000000aa030000000000000000aa030000000000000000aa030000000000000000aa030000000000000000aa030000000000000000aa030000000000000000aa030000000000000000aa030000000000000000aa030000000000000000aa030000000000000000aa03000000000000
01:08:07.003 [DEBUG] [serial] RX 128 bytes: 0000aa030000000000000000aa030000000000000000aa030000000000000000aa030000000000000000aa030000000000000000aa030000000000000000aa030000000000000000aa030000000000000000aa030000000000000000aa030000000000000000aa030000000000000000aa030000000000000000aa0300000000
01:08:07.007 [DEBUG] [serial] RX 128 bytes: 00000000aa030000000000000000aa030000000000000000aa030000000000000000aa030000000000000000aa030000000000000000aa030000000000000000aa030000000000000000aa030000000000000000aa030000000000000000aa030000000000000000aa030000000000000000aa030000000000000000aa030000
01:08:07.008 [DEBUG] [serial] PKT #9500: flags=0x03 in=0 ds=0 flt=0
01:08:07.012 [DEBUG] [serial] RX 128 bytes: 000000000000aa030000000000000000aa030000000000000000aa030000000000000000aa030000000000000000aa030000000000000000aa030000000000000000aa030000000000000000aa030000000000000000aa030000000000000000aa030000000000000000aa030000000000000000aa030000000000000000aa03
01:08:07.015 [DEBUG] [serial] RX 128 bytes: 0000000000000000aa030000000000000000aa030000000000000000aa030000000000000000aa030000000000000000aa030000000000000000aa030000000000000000aa030000000000000000aa030000000000000000aa030000000000000000aa030000000000000000aa030000000000000000aa030000000000000000
01:08:07.019 [DEBUG] [serial] RX 128 bytes: aa030000000000000000aa030000000000000000aa030000000000000000aa030000000000000000aa030000000000000000aa030000000000000000aa030000000000000000aa030000000000000000aa030000000000000000aa030000000000000000aa030000000000000000aa030000000000000000aa03000000000000
01:08:07.023 [DEBUG] [serial] RX 128 bytes: 0000aa030000000000000000aa030000000000000000aa030000000000000000aa030000000000000000aa030000000000000000aa030000000000000000aa030000000000000000aa030000000000000000aa030000000000000000aa030000000000000000aa030000000000000000aa030000000000000000aa0300000000
01:08:07.027 [DEBUG] [serial] RX 128 bytes: 00000000aa030000000000000000aa030000000000000000aa030000000000000000aa030000000000000000aa030000000000000000aa030000000000000000aa030000000000000000aa030000000000000000aa030000000000000000aa030000000000000000aa030000000000000000aa030000000000000000aa030000
01:08:07.031 [DEBUG] [serial] RX 128 bytes: 000000000000aa030000000000000000aa030000000000000000aa030000000000000000aa030000000000000000aa030000000000000000aa030000000000000000aa030000000000000000aa030000000000000000aa030000000000000000aa030000000000000000aa030000000000000000aa030000000000000000aa03
01:08:07.035 [DEBUG] [serial] RX 128 bytes: 0000000000000000aa030000000000000000aa030000000000000000aa030000000000000000aa030000000000000000aa030000000000000000aa030000000000000000aa030000000000000000aa030000000000000000aa030000000000000000aa030000000000000000aa030000000000000000aa030000000000000000
01:08:07.039 [DEBUG] [serial] RX 128 bytes: aa030000000000000000aa030000000000000000aa030000000000000000aa030000000000000000aa030000000000000000aa030000000000000000aa030000000000000000aa030000000000000000aa030000000000000000aa030000000000000000aa030000000000000000aa030000000000000000aa03000000000000
01:08:07.043 [DEBUG] [serial] RX 128 bytes: 0000aa030000000000000000aa030000000000000000aa030000000000000000aa030000000000000000aa030000000000000000aa030000000000000000aa030000000000000000aa030000000000000000aa030000000000000000aa030000000000000000aa030000000000000000aa030000000000000000aa0300000000
01:08:07.047 [DEBUG] [serial] RX 128 bytes: 00000000aa030000000000000000aa030000000000000000aa030000000000000000aa030000000000000000aa030000000000000000aa030000000000000000aa030000000000000000aa030000000000000000aa030000000000000000aa030000000000000000aa030000000000000000aa030000000000000000aa030000
01:08:07.051 [DEBUG] [serial] RX 128 bytes: 000000000000aa030000000000000000aa030000000000000000aa030000000000000000aa030000000000000000aa030000000000000000aa030000000000000000aa030000000000000000aa030000000000000000aa030000000000000000aa030000000000000000aa030000000000000000aa030000000000000000aa03
01:08:07.055 [DEBUG] [serial] RX 128 bytes: 0000000000000000aa030000000000000000aa030000000000000000aa030000000000000000aa030000000000000000aa030000000000000000aa030000000000000000aa030000000000000000aa030000000000000000aa030000000000000000aa030000000000000000aa030000000000000000aa030000000000000000
01:08:07.059 [DEBUG] [serial] RX 128 bytes: aa030000000000000000aa030000000000000000aa030000000000000000aa030000000000000000aa030000000000000000aa030000000000000000aa030000000000000000aa030000000000000000aa030000000000000000aa030000000000000000aa030000000000000000aa030000000000000000aa03000000000000
01:08:07.063 [DEBUG] [serial] RX 128 bytes: 0000aa030000000000000000aa030000000000000000aa030000000000000000aa030000000000000000aa030000000000000000aa030000000000000000aa030000000000000000aa030000000000000000aa030000000000000000aa030000000000000000aa030000000000000000aa030000000000000000aa0300000000
01:08:07.067 [DEBUG] [serial] RX 128 bytes: 00000000aa030000000000000000aa030000000000000000aa030000000000000000aa030000000000000000aa030000000000000000aa030000000000000000aa030000000000000000aa030000000000000000aa030000000000000000aa030000000000000000aa030000000000000000aa030000000000000000aa030000
01:08:07.071 [DEBUG] [serial] RX 128 bytes: 000000000000aa030000000000000000aa030000000000000000aa030000000000000000aa030000000000000000aa030000000000000000aa030000000000000000aa030000000000000000aa030000000000000000aa030000000000000000aa030000000000000000aa030000000000000000aa030000000000000000aa03
01:08:07.075 [DEBUG] [serial] RX 128 bytes: 0000000000000000aa030000000000000000aa030000000000000000aa030000000000000000aa030000000000000000aa030000000000000000aa030000000000000000aa030000000000000000aa030000000000000000aa030000000000000000aa030000000000000000aa030000000000000000aa030000000000000000
01:08:07.079 [DEBUG] [serial] RX 128 bytes: aa030000000000000000aa030000000000000000aa030000000000000000aa030000000000000000aa030000000000000000aa030000000000000000aa030000000000000000aa030000000000000000aa030000000000000000aa030000000000000000aa030000000000000000aa030000000000000000aa03000000000000
01:08:07.083 [DEBUG] [serial] RX 128 bytes: 0000aa030000000000000000aa030000000000000000aa030000000000000000aa030000000000000000aa030000000000000000aa030000000000000000aa030000000000000000aa030000000000000000aa030000000000000000aa030000000000000000aa030000000000000000aa030000000000000000aa0300000000
01:08:07.087 [DEBUG] [serial] RX 128 bytes: 00000000aa030000000000000000aa030000000000000000aa030000000000000000aa030000000000000000aa030000000000000000aa030000000000000000aa030000000000000000aa030000000000000000aa030000000000000000aa030000000000000000aa030000000000000000aa030000000000000000aa030000
01:08:07.091 [DEBUG] [serial] RX 128 bytes: 000000000000aa030000000000000000aa030000000000000000aa030000000000000000aa030000000000000000aa030000000000000000aa030000000000000000aa030000000000000000aa030000000000000000aa030000000000000000aa030000000000000000aa030000000000000000aa030000000000000000aa03
01:08:07.095 [DEBUG] [serial] RX 128 bytes: 0000000000000000aa030000000000000000aa030000000000000000aa030000000000000000aa030000000000000000aa030000000000000000aa030000000000000000aa030000000000000000aa030000000000000000aa030000000000000000aa030000000000000000aa030000000000000000aa030000000000000000
01:08:07.099 [DEBUG] [serial] RX 128 bytes: aa030000000000000000aa030000000000000000aa030000000000000000aa030000000000000000aa030000000000000000aa030000000000000000aa030000000000000000aa030000000000000000aa030000000000000000aa030000000000000000aa030000000000000000aa030000000000000000aa03000000000000
01:08:07.103 [DEBUG] [serial] RX 128 bytes: 0000aa030000000000000000aa030000000000000000aa030000000000000000aa030000000000000000aa030000000000000000aa030000000000000000aa030000000000000000aa030000000000000000aa030000000000000000aa030000000000000000aa030000000000000000aa030000000000000000aa0300000000
01:08:07.107 [DEBUG] [serial] RX 128 bytes: 00000000aa030000000000000000aa030000000000000000aa030000000000000000aa030000000000000000aa030000000000000000aa030000000000000000aa030000000000000000aa030000000000000000aa030000000000000000aa030000000000000000aa030000000000000000aa030000000000000000aa030000
01:08:07.111 [DEBUG] [serial] RX 128 bytes: 000000000000aa030000000000000000aa030000000000000000aa030000000000000000aa030000000000000000aa030000000000000000aa030000000000000000aa030000000000000000aa030000000000000000aa030000000000000000aa030000000000000000aa030000000000000000aa030000000000000000aa03
01:08:07.115 [DEBUG] [serial] RX 128 bytes: 0000000000000000aa030000000000000000aa030000000000000000aa030000000000000000aa030000000000000000aa030000000000000000aa030000000000000000aa030000000000000000aa030000000000000000aa030000000000000000aa030000000000000000aa030000000000000000aa030000000000000000
01:08:07.119 [DEBUG] [serial] RX 128 bytes: aa030000000000000000aa030000000000000000aa030000000000000000aa030000000000000000aa030000000000000000aa030000000000000000aa030000000000000000aa030000000000000000aa030000000000000000aa030000000000000000aa030000000000000000aa030000000000000000aa03000000000000
01:08:07.123 [DEBUG] [serial] RX 128 bytes: 0000aa030000000000000000aa030000000000000000aa030000000000000000aa030000000000000000aa030000000000000000aa030000000000000000aa030000000000000000aa030000000000000000aa030000000000000000aa030000000000000000aa030000000000000000aa030000000000000000aa0300000000
01:08:07.127 [DEBUG] [serial] RX 128 bytes: 00000000aa030000000000000000aa030000000000000000aa030000000000000000aa030000000000000000aa030000000000000000aa030000000000000000aa030000000000000000aa030000000000000000aa030000000000000000aa030000000000000000aa030000000000000000aa030000000000000000aa030000
01:08:07.131 [DEBUG] [serial] RX 128 bytes: 000000000000aa030000000000000000aa030000000000000000aa030000000000000000aa030000000000000000aa030000000000000000aa030000000000000000aa030000000000000000aa030000000000000000aa030000000000000000aa030000000000000000aa030000000000000000aa030000000000000000aa03
01:08:07.134 [DEBUG] [serial] RX 128 bytes: 0000000000000000aa030000000000000000aa030000000000000000aa030000000000000000aa030000000000000000aa030000000000000000aa030000000000000000aa030000000000000000aa030000000000000000aa030000000000000000aa030000000000000000aa030000000000000000aa030000000000000000
01:08:07.140 [DEBUG] [serial] RX 128 bytes: aa030000000000000000aa030000000000000000aa030000000000000000aa030000000000000000aa030000000000000000aa030000000000000000aa030000000000000000aa030000000000000000aa030000000000000000aa030000000000000000aa030000000000000000aa030000000000000000aa03000000000000
01:08:07.143 [DEBUG] [serial] RX 128 bytes: 0000aa030000000000000000aa030000000000000000aa030000000000000000aa030000000000000000aa030000000000000000aa030000000000000000aa030000000000000000aa030000000000000000aa030000000000000000aa030000000000000000aa030000000000000000aa030000000000000000aa0300000000
01:08:07.147 [DEBUG] [serial] RX 128 bytes: 00000000aa030000000000000000aa030000000000000000aa030000000000000000aa030000000000000000aa030000000000000000aa030000000000000000aa030000000000000000aa030000000000000000aa030000000000000000aa030000000000000000aa030000000000000000aa030000000000000000aa030000
01:08:07.151 [DEBUG] [serial] RX 128 bytes: 000000000000aa030000000000000000aa030000000000000000aa030000000000000000aa030000000000000000aa030000000000000000aa030000000000000000aa030000000000000000aa030000000000000000aa030000000000000000aa030000000000000000aa030000000000000000aa030000000000000000aa03
01:08:07.154 [DEBUG] [serial] RX 128 bytes: 0000000000000000aa030000000000000000aa030000000000000000aa030000000000000000aa030000000000000000aa030000000000000000aa030000000000000000aa030000000000000000aa030000000000000000aa030000000000000000aa030000000000000000aa030000000000000000aa030000000000000000
01:08:07.158 [DEBUG] [serial] RX 128 bytes: aa030000000000000000aa030000000000000000aa030000000000000000aa030000000000000000aa030000000000000000aa030000000000000000aa030000000000000000aa030000000000000000aa030000000000000000aa030000000000000000aa030000000000000000aa030000000000000000aa03000000000000
01:08:07.162 [DEBUG] [serial] RX 128 bytes: 0000aa030000000000000000aa030000000000000000aa030000000000000000aa030000000000000000aa030000000000000000aa030000000000000000aa030000000000000000aa030000000000000000aa030000000000000000aa030000000000000000aa030000000000000000aa030000000000000000aa0300000000
01:08:07.163 [DEBUG] [serial] PKT #10000: flags=0x03 in=0 ds=0 flt=0
01:08:07.166 [DEBUG] [serial] RX 128 bytes: 00000000aa030000000000000000aa030000000000000000aa030000000000000000aa030000000000000000aa030000000000000000aa030000000000000000aa030000000000000000aa030000000000000000aa030000000000000000aa030000000000000000aa030000000000000000aa030000000000000000aa030000
01:08:07.170 [DEBUG] [serial] RX 128 bytes: 000000000000aa030000000000000000aa030000000000000000aa030000000000000000aa030000000000000000aa030000000000000000aa030000000000000000aa030000000000000000aa030000000000000000aa030000000000000000aa030000000000000000aa030000000000000000aa030000000000000000aa03
01:08:07.174 [DEBUG] [serial] RX 128 bytes: 0000000000000000aa030000000000000000aa030000000000000000aa030000000000000000aa030000000000000000aa030000000000000000aa030000000000000000aa030000000000000000aa030000000000000000aa030000000000000000aa030000000000000000aa030000000000000000aa030000000000000000
01:08:07.178 [DEBUG] [serial] RX 128 bytes: aa030000000000000000aa030000000000000000aa030000000000000000aa030000000000000000aa030000000000000000aa030000000000000000aa030000000000000000aa030000000000000000aa030000000000000000aa030000000000000000aa030000000000000000aa030000000000000000aa03000000000000
01:08:07.182 [DEBUG] [serial] RX 128 bytes: 0000aa030000000000000000aa030000000000000000aa030000000000000000aa030000000000000000aa030000000000000000aa030000000000000000aa030000000000000000aa030000000000000000aa030000000000000000aa030000000000000000aa030000000000000000aa030000000000000000aa0300000000
01:08:07.186 [DEBUG] [serial] RX 128 bytes: 00000000aa030000000000000000aa030000000000000000aa030000000000000000aa030000000000000000aa030000000000000000aa030000000000000000aa030000000000000000aa030000000000000000aa030000000000000000aa030000000000000000aa030000000000000000aa030000000000000000aa030000
01:08:07.190 [DEBUG] [serial] RX 128 bytes: 000000000000aa030000000000000000aa030000000000000000aa030000000000000000aa030000000000000000aa030000000000000000aa030000000000000000aa030000000000000000aa030000000000000000aa030000000000000000aa030000000000000000aa030000000000000000aa030000000000000000aa03
01:08:07.194 [DEBUG] [serial] RX 128 bytes: 0000000000000000aa030000000000000000aa030000000000000000aa030000000000000000aa030000000000000000aa030000000000000000aa030000000000000000aa030000000000000000aa030000000000000000aa030000000000000000aa030000000000000000aa030000000000000000aa030000000000000000
01:08:07.198 [DEBUG] [serial] RX 128 bytes: aa030000000000000000aa030000000000000000aa030000000000000000aa030000000000000000aa030000000000000000aa030000000000000000aa030000000000000000aa030000000000000000aa030000000000000000aa030000000000000000aa030000000000000000aa030000000000000000aa03000000000000
01:08:07.202 [DEBUG] [serial] RX 128 bytes: 0000aa030000000000000000aa030000000000000000aa030000000000000000aa030000000000000000aa030000000000000000aa030000000000000000aa030000000000000000aa030000000000000000aa030000000000000000aa030000000000000000aa030000000000000000aa030000000000000000aa0300000000
01:08:07.206 [DEBUG] [serial] RX 128 bytes: 00000000aa030000000000000000aa030000000000000000aa030000000000000000aa030000000000000000aa030000000000000000aa030000000000000000aa030000000000000000aa030000000000000000aa030000000000000000aa030000000000000000aa030000000000000000aa030000000000000000aa030000
01:08:07.210 [DEBUG] [serial] RX 128 bytes: 000000000000aa030000000000000000aa030000000000000000aa030000000000000000aa030000000000000000aa030000000000000000aa030000000000000000aa030000000000000000aa030000000000000000aa030000000000000000aa030000000000000000aa030000000000000000aa030000000000000000aa03
01:08:07.214 [DEBUG] [serial] RX 128 bytes: 0000000000000000aa030000000000000000aa030000000000000000aa030000000000000000aa030000000000000000aa030000000000000000aa030000000000000000aa030000000000000000aa030000000000000000aa030000000000000000aa030000000000000000aa030000000000000000aa030000000000000000
01:08:07.218 [DEBUG] [serial] RX 128 bytes: aa030000000000000000aa030000000000000000aa030000000000000000aa030000000000000000aa030000000000000000aa030000000000000000aa030000000000000000aa030000000000000000aa030000000000000000aa030000000000000000aa030000000000000000aa030000000000000000aa03000000000000
01:08:07.222 [DEBUG] [serial] RX 128 bytes: 0000aa030000000000000000aa030000000000000000aa030000000000000000aa030000000000000000aa030000000000000000aa030000000000000000aa030000000000000000aa030000000000000000aa030000000000000000aa030000000000000000aa030000000000000000aa030000000000000000aa0300000000
01:08:07.226 [DEBUG] [serial] RX 128 bytes: 00000000aa030000000000000000aa030000000000000000aa030000000000000000aa030000000000000000aa030000000000000000aa030000000000000000aa030000000000000000aa030000000000000000aa030000000000000000aa030000000000000000aa030000000000000000aa030000000000000000aa030000
01:08:07.230 [DEBUG] [serial] RX 128 bytes: 000000000000aa030000000000000000aa030000000000000000aa030000000000000000aa030000000000000000aa030000000000000000aa030000000000000000aa030000000000000000aa030000000000000000aa030000000000000000aa030000000000000000aa030000000000000000aa030000000000000000aa03
01:08:07.234 [DEBUG] [serial] RX 128 bytes: 0000000000000000aa030000000000000000aa030000000000000000aa030000000000000000aa030000000000000000aa030000000000000000aa030000000000000000aa030000000000000000aa030000000000000000aa030000000000000000aa030000000000000000aa030000000000000000aa030000000000000000
01:08:07.238 [DEBUG] [serial] RX 128 bytes: aa030000000000000000aa030000000000000000aa030000000000000000aa030000000000000000aa030000000000000000aa030000000000000000aa030000000000000000aa030000000000000000aa030000000000000000aa030000000000000000aa030000000000000000aa030000000000000000aa03000000000000
01:08:07.242 [DEBUG] [serial] RX 128 bytes: 0000aa030000000000000000aa030000000000000000aa030000000000000000aa030000000000000000aa030000000000000000aa030000000000000000aa030000000000000000aa030000000000000000aa030000000000000000aa030000000000000000aa030000000000000000aa030000000000000000aa0300000000
01:08:07.246 [DEBUG] [serial] RX 128 bytes: 00000000aa030000000000000000aa030000000000000000aa030000000000000000aa030000000000000000aa030000000000000000aa030000000000000000aa030000000000000000aa030000000000000000aa030000000000000000aa030000000000000000aa030000000000000000aa030000000000000000aa030000
01:08:07.250 [DEBUG] [serial] RX 128 bytes: 000000000000aa030000000000000000aa030000000000000000aa030000000000000000aa030000000000000000aa030000000000000000aa030000000000000000aa030000000000000000aa030000000000000000aa030000000000000000aa030000000000000000aa030000000000000000aa030000000000000000aa03
01:08:07.254 [DEBUG] [serial] RX 128 bytes: 0000000000000000aa030000000000000000aa030000000000000000aa030000000000000000aa030000000000000000aa030000000000000000aa030000000000000000aa030000000000000000aa030000000000000000aa030000000000000000aa030000000000000000aa030000000000000000aa030000000000000000
01:08:07.258 [DEBUG] [serial] RX 128 bytes: aa030000000000000000aa030000000000000000aa030000000000000000aa030000000000000000aa030000000000000000aa030000000000000000aa030000000000000000aa030000000000000000aa030000000000000000aa030000000000000000aa030000000000000000aa030000000000000000aa03000000000000
01:08:07.262 [DEBUG] [serial] RX 128 bytes: 0000aa030000000000000000aa030000000000000000aa030000000000000000aa030000000000000000aa030000000000000000aa030000000000000000aa030000000000000000aa030000000000000000aa030000000000000000aa030000000000000000aa030000000000000000aa030000000000000000aa0300000000
01:08:07.266 [DEBUG] [serial] RX 128 bytes: 00000000aa030000000000000000aa030000000000000000aa030000000000000000aa030000000000000000aa030000000000000000aa030000000000000000aa030000000000000000aa030000000000000000aa030000000000000000aa030000000000000000aa030000000000000000aa030000000000000000aa030000
01:08:07.270 [DEBUG] [serial] RX 128 bytes: 000000000000aa030000000000000000aa030000000000000000aa030000000000000000aa030000000000000000aa030000000000000000aa030000000000000000aa030000000000000000aa030000000000000000aa030000000000000000aa030000000000000000aa030000000000000000aa030000000000000000aa03
01:08:07.274 [DEBUG] [serial] RX 128 bytes: 0000000000000000aa030000000000000000aa030000000000000000aa030000000000000000aa030000000000000000aa030000000000000000aa030000000000000000aa030000000000000000aa030000000000000000aa030000000000000000aa030000000000000000aa030000000000000000aa030000000000000000
01:08:07.278 [DEBUG] [serial] RX 128 bytes: aa030000000000000000aa030000000000000000aa030000000000000000aa030000000000000000aa030000000000000000aa030000000000000000aa030000000000000000aa030000000000000000aa030000000000000000aa030000000000000000aa030000000000000000aa030000000000000000aa03000000000000
01:08:07.282 [DEBUG] [serial] RX 128 bytes: 0000aa030000000000000000aa030000000000000000aa030000000000000000aa030000000000000000aa030000000000000000aa030000000000000000aa030000000000000000aa030000000000000000aa030000000000000000aa030000000000000000aa030000000000000000aa030000000000000000aa0300000000
01:08:07.286 [DEBUG] [serial] RX 128 bytes: 00000000aa030000000000000000aa030000000000000000aa030000000000000000aa030000000000000000aa030000000000000000aa030000000000000000aa030000000000000000aa030000000000000000aa030000000000000000aa030000000000000000aa030000000000000000aa030000000000000000aa030000
01:08:07.290 [DEBUG] [serial] RX 128 bytes: 000000000000aa030000000000000000aa030000000000000000aa030000000000000000aa030000000000000000aa030000000000000000aa030000000000000000aa030000000000000000aa030000000000000000aa030000000000000000aa030000000000000000aa030000000000000000aa030000000000000000aa03
01:08:07.293 [DEBUG] [serial] RX 128 bytes: 0000000000000000aa030000000000000000aa030000000000000000aa030000000000000000aa030000000000000000aa030000000000000000aa030000000000000000aa030000000000000000aa030000000000000000aa030000000000000000aa030000000000000000aa030000000000000000aa030000000000000000
01:08:07.297 [DEBUG] [serial] RX 128 bytes: aa030000000000000000aa030000000000000000aa030000000000000000aa030000000000000000aa030000000000000000aa030000000000000000aa030000000000000000aa030000000000000000aa030000000000000000aa030000000000000000aa030000000000000000aa030000000000000000aa03000000000000
01:08:07.301 [DEBUG] [serial] RX 128 bytes: 0000aa030000000000000000aa030000000000000000aa030000000000000000aa030000000000000000aa030000000000000000aa030000000000000000aa030000000000000000aa030000000000000000aa030000000000000000aa030000000000000000aa030000000000000000aa030000000000000000aa0300000000
01:08:07.306 [DEBUG] [serial] RX 128 bytes: 00000000aa030000000000000000aa030000000000000000aa030000000000000000aa030000000000000000aa030000000000000000aa030000000000000000aa030000000000000000aa030000000000000000aa030000000000000000aa030000000000000000aa030000000000000000aa030000000000000000aa030000
01:08:07.310 [DEBUG] [serial] RX 128 bytes: 000000000000aa030000000000000000aa030000000000000000aa030000000000000000aa030000000000000000aa030000000000000000aa030000000000000000aa030000000000000000aa030000000000000000aa030000000000000000aa030000000000000000aa030000000000000000aa030000000000000000aa03
01:08:07.313 [DEBUG] [serial] RX 128 bytes: 0000000000000000aa030000000000000000aa030000000000000000aa030000000000000000aa030000000000000000aa030000000000000000aa030000000000000000aa030000000000000000aa030000000000000000aa030000000000000000aa030000000000000000aa030000000000000000aa030000000000000000
01:08:07.317 [DEBUG] [serial] RX 128 bytes: aa030000000000000000aa030000000000000000aa030000000000000000aa030000000000000000aa030000000000000000aa030000000000000000aa030000000000000000aa030000000000000000aa030000000000000000aa030000000000000000aa030000000000000000aa030000000000000000aa03000000000000
01:08:07.318 [DEBUG] [serial] PKT #10500: flags=0x03 in=0 ds=0 flt=0
01:08:07.321 [DEBUG] [serial] RX 128 bytes: 0000aa030000000000000000aa030000000000000000aa030000000000000000aa030000000000000000aa030000000000000000aa030000000000000000aa030000000000000000aa030000000000000000aa030000000000000000aa030000000000000000aa030000000000000000aa030000000000000000aa0300000000
01:08:07.325 [DEBUG] [serial] RX 128 bytes: 00000000aa030000000000000000aa030000000000000000aa030000000000000000aa030000000000000000aa030000000000000000aa030000000000000000aa030000000000000000aa030000000000000000aa030000000000000000aa030000000000000000aa030000000000000000aa030000000000000000aa030000
01:08:07.329 [DEBUG] [serial] RX 128 bytes: 000000000000aa030000000000000000aa030000000000000000aa030000000000000000aa030000000000000000aa030000000000000000aa030000000000000000aa030000000000000000aa030000000000000000aa030000000000000000aa030000000000000000aa030000000000000000aa030000000000000000aa03
01:08:07.333 [DEBUG] [serial] RX 128 bytes: 0000000000000000aa030000000000000000aa030000000000000000aa030000000000000000aa030000000000000000aa030000000000000000aa030000000000000000aa030000000000000000aa030000000000000000aa030000000000000000aa030000000000000000aa030000000000000000aa030000000000000000
01:08:07.337 [DEBUG] [serial] RX 128 bytes: aa030000000000000000aa030000000000000000aa030000000000000000aa030000000000000000aa030000000000000000aa030000000000000000aa030000000000000000aa030000000000000000aa030000000000000000aa030000000000000000aa030000000000000000aa030000000000000000aa03000000000000
01:08:07.341 [DEBUG] [serial] RX 128 bytes: 0000aa030000000000000000aa030000000000000000aa030000000000000000aa030000000000000000aa030000000000000000aa030000000000000000aa030000000000000000aa030000000000000000aa030000000000000000aa030000000000000000aa030000000000000000aa030000000000000000aa0300000000
01:08:07.345 [DEBUG] [serial] RX 128 bytes: 00000000aa030000000000000000aa030000000000000000aa030000000000000000aa030000000000000000aa030000000000000000aa030000000000000000aa030000000000000000aa030000000000000000aa030000000000000000aa030000000000000000aa030000000000000000aa030000000000000000aa030000
01:08:07.349 [DEBUG] [serial] RX 128 bytes: 000000000000aa030000000000000000aa030000000000000000aa030000000000000000aa030000000000000000aa030000000000000000aa030000000000000000aa030000000000000000aa030000000000000000aa030000000000000000aa030000000000000000aa030000000000000000aa030000000000000000aa03
01:08:07.353 [DEBUG] [serial] RX 128 bytes: 0000000000000000aa030000000000000000aa030000000000000000aa030000000000000000aa030000000000000000aa030000000000000000aa030000000000000000aa030000000000000000aa030000000000000000aa030000000000000000aa030000000000000000aa030000000000000000aa030000000000000000
01:08:07.357 [DEBUG] [serial] RX 128 bytes: aa030000000000000000aa030000000000000000aa030000000000000000aa030000000000000000aa030000000000000000aa030000000000000000aa030000000000000000aa030000000000000000aa030000000000000000aa030000000000000000aa030000000000000000aa030000000000000000aa03000000000000
01:08:07.361 [DEBUG] [serial] RX 128 bytes: 0000aa030000000000000000aa030000000000000000aa030000000000000000aa030000000000000000aa030000000000000000aa030000000000000000aa030000000000000000aa030000000000000000aa030000000000000000aa030000000000000000aa030000000000000000aa030000000000000000aa0300000000
01:08:07.365 [DEBUG] [serial] RX 128 bytes: 00000000aa030000000000000000aa030000000000000000aa030000000000000000aa030000000000000000aa030000000000000000aa030000000000000000aa030000000000000000aa030000000000000000aa030000000000000000aa030000000000000000aa030000000000000000aa030000000000000000aa030000
01:08:07.369 [DEBUG] [serial] RX 128 bytes: 000000000000aa030000000000000000aa030000000000000000aa030000000000000000aa030000000000000000aa030000000000000000aa030000000000000000aa030000000000000000aa030000000000000000aa030000000000000000aa030000000000000000aa030000000000000000aa030000000000000000aa03
01:08:07.373 [DEBUG] [serial] RX 128 bytes: 0000000000000000aa030000000000000000aa030000000000000000aa030000000000000000aa030000000000000000aa030000000000000000aa030000000000000000aa030000000000000000aa030000000000000000aa030000000000000000aa030000000000000000aa030000000000000000aa030000000000000000
01:08:07.377 [DEBUG] [serial] RX 128 bytes: aa030000000000000000aa030000000000000000aa030000000000000000aa030000000000000000aa030000000000000000aa030000000000000000aa030000000000000000aa030000000000000000aa030000000000000000aa030000000000000000aa030000000000000000aa030000000000000000aa03000000000000
01:08:07.381 [DEBUG] [serial] RX 128 bytes: 0000aa030000000000000000aa030000000000000000aa030000000000000000aa030000000000000000aa030000000000000000aa030000000000000000aa030000000000000000aa030000000000000000aa030000000000000000aa030000000000000000aa030000000000000000aa030000000000000000aa0300000000
01:08:07.385 [DEBUG] [serial] RX 128 bytes: 00000000aa030000000000000000aa030000000000000000aa030000000000000000aa030000000000000000aa030000000000000000aa030000000000000000aa030000000000000000aa030000000000000000aa030000000000000000aa030000000000000000aa030000000000000000aa030000000000000000aa030000
01:08:07.389 [DEBUG] [serial] RX 128 bytes: 000000000000aa030000000000000000aa030000000000000000aa030000000000000000aa030000000000000000aa030000000000000000aa030000000000000000aa030000000000000000aa030000000000000000aa030000000000000000aa030000000000000000aa030000000000000000aa030000000000000000aa03
01:08:07.393 [DEBUG] [serial] RX 128 bytes: 0000000000000000aa030000000000000000aa030000000000000000aa030000000000000000aa030000000000000000aa030000000000000000aa030000000000000000aa030000000000000000aa030000000000000000aa030000000000000000aa030000000000000000aa030000000000000000aa030000000000000000
01:08:07.397 [DEBUG] [serial] RX 128 bytes: aa030000000000000000aa030000000000000000aa030000000000000000aa030000000000000000aa030000000000000000aa030000000000000000aa030000000000000000aa030000000000000000aa030000000000000000aa030000000000000000aa030000000000000000aa030000000000000000aa03000000000000
01:08:07.401 [DEBUG] [serial] RX 128 bytes: 0000aa030000000000000000aa030000000000000000aa030000000000000000aa030000000000000000aa030000000000000000aa030000000000000000aa030000000000000000aa030000000000000000aa030000000000000000aa030000000000000000aa030000000000000000aa030000000000000000aa0300000000
01:08:07.405 [DEBUG] [serial] RX 128 bytes: 00000000aa030000000000000000aa030000000000000000aa030000000000000000aa030000000000000000aa030000000000000000aa030000000000000000aa030000000000000000aa030000000000000000aa030000000000000000aa030000000000000000aa030000000000000000aa030000000000000000aa030000
01:08:07.409 [DEBUG] [serial] RX 128 bytes: 000000000000aa030000000000000000aa030000000000000000aa030000000000000000aa030000000000000000aa030000000000000000aa030000000000000000aa030000000000000000aa030000000000000000aa030000000000000000aa030000000000000000aa030000000000000000aa030000000000000000aa03
01:08:07.413 [DEBUG] [serial] RX 128 bytes: 0000000000000000aa030000000000000000aa030000000000000000aa030000000000000000aa030000000000000000aa030000000000000000aa030000000000000000aa030000000000000000aa030000000000000000aa030000000000000000aa030000000000000000aa030000000000000000aa030000000000000000
01:08:07.417 [DEBUG] [serial] RX 128 bytes: aa030000000000000000aa030000000000000000aa030000000000000000aa030000000000000000aa030000000000000000aa030000000000000000aa030000000000000000aa030000000000000000aa030000000000000000aa030000000000000000aa030000000000000000aa030000000000000000aa03000000000000
01:08:07.421 [DEBUG] [serial] RX 128 bytes: 0000aa030000000000000000aa030000000000000000aa030000000000000000aa030000000000000000aa030000000000000000aa030000000000000000aa030000000000000000aa030000000000000000aa030000000000000000aa030000000000000000aa030000000000000000aa030000000000000000aa0300000000
01:08:07.425 [DEBUG] [serial] RX 128 bytes: 00000000aa030000000000000000aa030000000000000000aa030000000000000000aa030000000000000000aa030000000000000000aa030000000000000000aa030000000000000000aa030000000000000000aa030000000000000000aa030000000000000000aa030000000000000000aa030000000000000000aa030000
01:08:07.429 [DEBUG] [serial] RX 128 bytes: 000000000000aa030000000000000000aa030000000000000000aa030000000000000000aa030000000000000000aa030000000000000000aa030000000000000000aa030000000000000000aa030000000000000000aa030000000000000000aa030000000000000000aa030000000000000000aa030000000000000000aa03
01:08:07.433 [DEBUG] [serial] RX 128 bytes: 0000000000000000aa030000000000000000aa030000000000000000aa030000000000000000aa030000000000000000aa030000000000000000aa030000000000000000aa030000000000000000aa030000000000000000aa030000000000000000aa030000000000000000aa030000000000000000aa030000000000000000
01:08:07.437 [DEBUG] [serial] RX 128 bytes: aa030000000000000000aa030000000000000000aa030000000000000000aa030000000000000000aa030000000000000000aa030000000000000000aa030000000000000000aa030000000000000000aa030000000000000000aa030000000000000000aa030000000000000000aa030000000000000000aa03000000000000
01:08:07.441 [DEBUG] [serial] RX 128 bytes: 0000aa030000000000000000aa030000000000000000aa030000000000000000aa030000000000000000aa030000000000000000aa030000000000000000aa030000000000000000aa030000000000000000aa030000000000000000aa030000000000000000aa030000000000000000aa030000000000000000aa0300000000
01:08:07.445 [DEBUG] [serial] RX 128 bytes: 00000000aa030000000000000000aa030000000000000000aa030000000000000000aa030000000000000000aa030000000000000000aa030000000000000000aa030000000000000000aa030000000000000000aa030000000000000000aa030000000000000000aa030000000000000000aa030000000000000000aa030000
01:08:07.449 [DEBUG] [serial] RX 128 bytes: 000000000000aa030000000000000000aa030000000000000000aa030000000000000000aa030000000000000000aa030000000000000000aa030000000000000000aa030000000000000000aa030000000000000000aa030000000000000000aa030000000000000000aa030000000000000000aa030000000000000000aa03
01:08:07.452 [DEBUG] [serial] RX 128 bytes: 0000000000000000aa030000000000000000aa030000000000000000aa030000000000000000aa030000000000000000aa030000000000000000aa030000000000000000aa030000000000000000aa030000000000000000aa030000000000000000aa030000000000000000aa030000000000000000aa030000000000000000
01:08:07.456 [DEBUG] [serial] RX 128 bytes: aa030000000000000000aa030000000000000000aa030000000000000000aa030000000000000000aa030000000000000000aa030000000000000000aa030000000000000000aa030000000000000000aa030000000000000000aa030000000000000000aa030000000000000000aa030000000000000000aa03000000000000
01:08:07.460 [DEBUG] [serial] RX 128 bytes: 0000aa030000000000000000aa030000000000000000aa030000000000000000aa030000000000000000aa030000000000000000aa030000000000000000aa030000000000000000aa030000000000000000aa030000000000000000aa030000000000000000aa030000000000000000aa030000000000000000aa0300000000
01:08:07.464 [DEBUG] [serial] RX 128 bytes: 00000000aa030000000000000000aa030000000000000000aa030000000000000000aa030000000000000000aa030000000000000000aa030000000000000000aa030000000000000000aa030000000000000000aa030000000000000000aa030000000000000000aa030000000000000000aa030000000000000000aa030000
01:08:07.469 [DEBUG] [serial] RX 128 bytes: 000000000000aa030000000000000000aa030000000000000000aa030000000000000000aa030000000000000000aa030000000000000000aa030000000000000000aa030000000000000000aa030000000000000000aa030000000000000000aa030000000000000000aa030000000000000000aa030000000000000000aa03
01:08:07.472 [DEBUG] [serial] RX 128 bytes: 0000000000000000aa030000000000000000aa030000000000000000aa030000000000000000aa030000000000000000aa030000000000000000aa030000000000000000aa030000000000000000aa030000000000000000aa030000000000000000aa030000000000000000aa030000000000000000aa030000000000000000
01:08:07.472 [DEBUG] [serial] PKT #11000: flags=0x03 in=0 ds=0 flt=0
01:08:07.476 [DEBUG] [serial] RX 128 bytes: aa030000000000000000aa030000000000000000aa030000000000000000aa030000000000000000aa030000000000000000aa030000000000000000aa030000000000000000aa030000000000000000aa030000000000000000aa030000000000000000aa030000000000000000aa030000000000000000aa03000000000000
01:08:07.480 [DEBUG] [serial] RX 128 bytes: 0000aa030000000000000000aa030000000000000000aa030000000000000000aa030000000000000000aa030000000000000000aa030000000000000000aa030000000000000000aa030000000000000000aa030000000000000000aa030000000000000000aa030000000000000000aa030000000000000000aa0300000000
01:08:07.484 [DEBUG] [serial] RX 128 bytes: 00000000aa030000000000000000aa030000000000000000aa030000000000000000aa030000000000000000aa030000000000000000aa030000000000000000aa030000000000000000aa030000000000000000aa030000000000000000aa030000000000000000aa030000000000000000aa030000000000000000aa030000
01:08:07.488 [DEBUG] [serial] RX 128 bytes: 000000000000aa030000000000000000aa030000000000000000aa030000000000000000aa030000000000000000aa030000000000000000aa030000000000000000aa030000000000000000aa030000000000000000aa030000000000000000aa030000000000000000aa030000000000000000aa030000000000000000aa03
01:08:07.492 [DEBUG] [serial] RX 128 bytes: 0000000000000000aa030000000000000000aa030000000000000000aa030000000000000000aa030000000000000000aa030000000000000000aa030000000000000000aa030000000000000000aa030000000000000000aa030000000000000000aa030000000000000000aa030000000000000000aa030000000000000000
01:08:07.496 [DEBUG] [serial] RX 128 bytes: aa030000000000000000aa030000000000000000aa030000000000000000aa030000000000000000aa030000000000000000aa030000000000000000aa030000000000000000aa030000000000000000aa030000000000000000aa030000000000000000aa030000000000000000aa030000000000000000aa03000000000000
01:08:07.500 [DEBUG] [serial] RX 128 bytes: 0000aa030000000000000000aa030000000000000000aa030000000000000000aa030000000000000000aa030000000000000000aa030000000000000000aa030000000000000000aa030000000000000000aa030000000000000000aa030000000000000000aa030000000000000000aa030000000000000000aa0300000000
01:08:07.504 [DEBUG] [serial] RX 128 bytes: 00000000aa030000000000000000aa030000000000000000aa030000000000000000aa030000000000000000aa030000000000000000aa030000000000000000aa030000000000000000aa030000000000000000aa030000000000000000aa030000000000000000aa030000000000000000aa030000000000000000aa030000
01:08:07.508 [DEBUG] [serial] RX 128 bytes: 000000000000aa030000000000000000aa030000000000000000aa030000000000000000aa030000000000000000aa030000000000000000aa030000000000000000aa030000000000000000aa030000000000000000aa030000000000000000aa030000000000000000aa030000000000000000aa030000000000000000aa03
01:08:07.512 [DEBUG] [serial] RX 128 bytes: 0000000000000000aa030000000000000000aa030000000000000000aa030000000000000000aa030000000000000000aa030000000000000000aa030000000000000000aa030000000000000000aa030000000000000000aa030000000000000000aa030000000000000000aa030000000000000000aa030000000000000000
01:08:07.516 [DEBUG] [serial] RX 128 bytes: aa030000000000000000aa030000000000000000aa030000000000000000aa030000000000000000aa030000000000000000aa030000000000000000aa030000000000000000aa030000000000000000aa030000000000000000aa030000000000000000aa030000000000000000aa030000000000000000aa03000000000000
01:08:07.520 [DEBUG] [serial] RX 128 bytes: 0000aa030000000000000000aa030000000000000000aa030000000000000000aa030000000000000000aa030000000000000000aa030000000000000000aa030000000000000000aa030000000000000000aa030000000000000000aa030000000000000000aa030000000000000000aa030000000000000000aa0300000000
01:08:07.524 [DEBUG] [serial] RX 128 bytes: 00000000aa030000000000000000aa030000000000000000aa030000000000000000aa030000000000000000aa030000000000000000aa030000000000000000aa030000000000000000aa030000000000000000aa030000000000000000aa030000000000000000aa030000000000000000aa030000000000000000aa030000
01:08:07.528 [DEBUG] [serial] RX 128 bytes: 000000000000aa030000000000000000aa030000000000000000aa030000000000000000aa030000000000000000aa030000000000000000aa030000000000000000aa030000000000000000aa030000000000000000aa030000000000000000aa030000000000000000aa030000000000000000aa030000000000000000aa03
01:08:07.532 [DEBUG] [serial] RX 128 bytes: 0000000000000000aa030000000000000000aa030000000000000000aa030000000000000000aa030000000000000000aa030000000000000000aa030000000000000000aa030000000000000000aa030000000000000000aa030000000000000000aa030000000000000000aa030000000000000000aa030000000000000000
01:08:07.536 [DEBUG] [serial] RX 128 bytes: aa030000000000000000aa030000000000000000aa030000000000000000aa030000000000000000aa030000000000000000aa030000000000000000aa030000000000000000aa030000000000000000aa030000000000000000aa030000000000000000aa030000000000000000aa030000000000000000aa03000000000000
01:08:07.540 [DEBUG] [serial] RX 128 bytes: 0000aa030000000000000000aa030000000000000000aa030000000000000000aa030000000000000000aa030000000000000000aa030000000000000000aa030000000000000000aa030000000000000000aa030000000000000000aa030000000000000000aa030000000000000000aa030000000000000000aa0300000000
01:08:07.544 [DEBUG] [serial] RX 128 bytes: 00000000aa030000000000000000aa030000000000000000aa030000000000000000aa030000000000000000aa030000000000000000aa030000000000000000aa030000000000000000aa030000000000000000aa030000000000000000aa030000000000000000aa030000000000000000aa030000000000000000aa030000
01:08:07.548 [DEBUG] [serial] RX 128 bytes: 000000000000aa030000000000000000aa030000000000000000aa030000000000000000aa030000000000000000aa030000000000000000aa030000000000000000aa030000000000000000aa030000000000000000aa030000000000000000aa030000000000000000aa030000000000000000aa030000000000000000aa03
01:08:07.552 [DEBUG] [serial] RX 128 bytes: 0000000000000000aa030000000000000000aa030000000000000000aa030000000000000000aa030000000000000000aa030000000000000000aa030000000000000000aa030000000000000000aa030000000000000000aa030000000000000000aa030000000000000000aa030000000000000000aa030000000000000000
01:08:07.556 [DEBUG] [serial] RX 128 bytes: aa030000000000000000aa030000000000000000aa030000000000000000aa030000000000000000aa030000000000000000aa030000000000000000aa030000000000000000aa030000000000000000aa030000000000000000aa030000000000000000aa030000000000000000aa030000000000000000aa03000000000000
01:08:07.560 [DEBUG] [serial] RX 128 bytes: 0000aa030000000000000000aa030000000000000000aa030000000000000000aa030000000000000000aa030000000000000000aa030000000000000000aa030000000000000000aa030000000000000000aa030000000000000000aa030000000000000000aa030000000000000000aa030000000000000000aa0300000000
01:08:07.564 [DEBUG] [serial] RX 128 bytes: 00000000aa030000000000000000aa030000000000000000aa030000000000000000aa030000000000000000aa030000000000000000aa030000000000000000aa030000000000000000aa030000000000000000aa030000000000000000aa030000000000000000aa030000000000000000aa030000000000000000aa030000
01:08:07.568 [DEBUG] [serial] RX 128 bytes: 000000000000aa030000000000000000aa030000000000000000aa030000000000000000aa030000000000000000aa030000000000000000aa030000000000000000aa030000000000000000aa030000000000000000aa030000000000000000aa030000000000000000aa030000000000000000aa030000000000000000aa03
01:08:07.572 [DEBUG] [serial] RX 128 bytes: 0000000000000000aa030000000000000000aa030000000000000000aa030000000000000000aa030000000000000000aa030000000000000000aa030000000000000000aa030000000000000000aa030000000000000000aa030000000000000000aa030000000000000000aa030000000000000000aa030000000000000000
01:08:07.576 [DEBUG] [serial] RX 128 bytes: aa030000000000000000aa030000000000000000aa030000000000000000aa030000000000000000aa030000000000000000aa030000000000000000aa030000000000000000aa030000000000000000aa030000000000000000aa030000000000000000aa030000000000000000aa030000000000000000aa03000000000000
01:08:07.580 [DEBUG] [serial] RX 128 bytes: 0000aa030000000000000000aa030000000000000000aa030000000000000000aa030000000000000000aa030000000000000000aa030000000000000000aa030000000000000000aa030000000000000000aa030000000000000000aa030000000000000000aa030000000000000000aa030000000000000000aa0300000000
01:08:07.584 [DEBUG] [serial] RX 128 bytes: 00000000aa030000000000000000aa030000000000000000aa030000000000000000aa030000000000000000aa030000000000000000aa030000000000000000aa030000000000000000aa030000000000000000aa030000000000000000aa030000000000000000aa030000000000000000aa030000000000000000aa030000
01:08:07.588 [DEBUG] [serial] RX 128 bytes: 000000000000aa030000000000000000aa030000000000000000aa030000000000000000aa030000000000000000aa030000000000000000aa030000000000000000aa030000000000000000aa030000000000000000aa030000000000000000aa030000000000000000aa030000000000000000aa030000000000000000aa03
01:08:07.592 [DEBUG] [serial] RX 128 bytes: 0000000000000000aa030000000000000000aa030000000000000000aa030000000000000000aa030000000000000000aa030000000000000000aa030000000000000000aa030000000000000000aa030000000000000000aa030000000000000000aa030000000000000000aa030000000000000000aa030000000000000000
01:08:07.596 [DEBUG] [serial] RX 128 bytes: aa030000000000000000aa030000000000000000aa030000000000000000aa030000000000000000aa030000000000000000aa030000000000000000aa030000000000000000aa030000000000000000aa030000000000000000aa030000000000000000aa030000000000000000aa030000000000000000aa03000000000000
01:08:07.600 [DEBUG] [serial] RX 128 bytes: 0000aa030000000000000000aa030000000000000000aa030000000000000000aa030000000000000000aa030000000000000000aa030000000000000000aa030000000000000000aa030000000000000000aa030000000000000000aa030000000000000000aa030000000000000000aa030000000000000000aa0300000000
01:08:07.604 [DEBUG] [serial] RX 128 bytes: 00000000aa030000000000000000aa030000000000000000aa030000000000000000aa030000000000000000aa030000000000000000aa030000000000000000aa030000000000000000aa030000000000000000aa030000000000000000aa030000000000000000aa030000000000000000aa030000000000000000aa030000
01:08:07.608 [DEBUG] [serial] RX 128 bytes: 000000000000aa030000000000000000aa030000000000000000aa030000000000000000aa030000000000000000aa030000000000000000aa030000000000000000aa030000000000000000aa030000000000000000aa030000000000000000aa030000000000000000aa030000000000000000aa030000000000000000aa03
01:08:07.611 [DEBUG] [serial] RX 128 bytes: 0000000000000000aa030000000000000000aa030000000000000000aa030000000000000000aa030000000000000000aa030000000000000000aa030000000000000000aa030000000000000000aa030000000000000000aa030000000000000000aa030000000000000000aa030000000000000000aa030000000000000000
01:08:07.615 [DEBUG] [serial] RX 128 bytes: aa030000000000000000aa030000000000000000aa030000000000000000aa030000000000000000aa030000000000000000aa030000000000000000aa030000000000000000aa030000000000000000aa030000000000000000aa030000000000000000aa030000000000000000aa030000000000000000aa03000000000000
01:08:07.619 [DEBUG] [serial] RX 128 bytes: 0000aa030000000000000000aa030000000000000000aa030000000000000000aa030000000000000000aa030000000000000000aa030000000000000000aa030000000000000000aa030000000000000000aa030000000000000000aa030000000000000000aa030000000000000000aa030000000000000000aa0300000000
01:08:07.623 [DEBUG] [serial] RX 128 bytes: 00000000aa030000000000000000aa030000000000000000aa030000000000000000aa030000000000000000aa030000000000000000aa030000000000000000aa030000000000000000aa030000000000000000aa030000000000000000aa030000000000000000aa030000000000000000aa030000000000000000aa030000
01:08:07.627 [DEBUG] [serial] RX 128 bytes: 000000000000aa030000000000000000aa030000000000000000aa030000000000000000aa030000000000000000aa030000000000000000aa030000000000000000aa030000000000000000aa030000000000000000aa030000000000000000aa030000000000000000aa030000000000000000aa030000000000000000aa03
01:08:07.628 [DEBUG] [serial] PKT #11500: flags=0x03 in=0 ds=0 flt=0
01:08:07.631 [DEBUG] [serial] RX 128 bytes: 0000000000000000aa030000000000000000aa030000000000000000aa030000000000000000aa030000000000000000aa030000000000000000aa030000000000000000aa030000000000000000aa030000000000000000aa030000000000000000aa030000000000000000aa030000000000000000aa030000000000000000
01:08:07.635 [DEBUG] [serial] RX 128 bytes: aa030000000000000000aa030000000000000000aa030000000000000000aa030000000000000000aa030000000000000000aa030000000000000000aa030000000000000000aa030000000000000000aa030000000000000000aa030000000000000000aa030000000000000000aa030000000000000000aa03000000000000
01:08:07.639 [DEBUG] [serial] RX 128 bytes: 0000aa030000000000000000aa030000000000000000aa030000000000000000aa030000000000000000aa030000000000000000aa030000000000000000aa030000000000000000aa030000000000000000aa030000000000000000aa030000000000000000aa030000000000000000aa030000000000000000aa0300000000
01:08:07.643 [DEBUG] [serial] RX 128 bytes: 00000000aa030000000000000000aa030000000000000000aa030000000000000000aa030000000000000000aa030000000000000000aa030000000000000000aa030000000000000000aa030000000000000000aa030000000000000000aa030000000000000000aa030000000000000000aa030000000000000000aa030000
01:08:07.647 [DEBUG] [serial] RX 128 bytes: 000000000000aa030000000000000000aa030000000000000000aa030000000000000000aa030000000000000000aa030000000000000000aa030000000000000000aa030000000000000000aa030000000000000000aa030000000000000000aa030000000000000000aa030000000000000000aa030000000000000000aa03
01:08:07.651 [DEBUG] [serial] RX 128 bytes: 0000000000000000aa030000000000000000aa030000000000000000aa030000000000000000aa030000000000000000aa030000000000000000aa030000000000000000aa030000000000000000aa030000000000000000aa030000000000000000aa030000000000000000aa030000000000000000aa030000000000000000
01:08:07.655 [DEBUG] [serial] RX 128 bytes: aa030000000000000000aa030000000000000000aa030000000000000000aa030000000000000000aa030000000000000000aa030000000000000000aa030000000000000000aa030000000000000000aa030000000000000000aa030000000000000000aa030000000000000000aa030000000000000000aa03000000000000
01:08:07.659 [DEBUG] [serial] RX 128 bytes: 0000aa030000000000000000aa030000000000000000aa030000000000000000aa030000000000000000aa030000000000000000aa030000000000000000aa030000000000000000aa030000000000000000aa030000000000000000aa030000000000000000aa030000000000000000aa030000000000000000aa0300000000
01:08:07.663 [DEBUG] [serial] RX 128 bytes: 00000000aa030000000000000000aa030000000000000000aa030000000000000000aa030000000000000000aa030000000000000000aa030000000000000000aa030000000000000000aa030000000000000000aa030000000000000000aa030000000000000000aa030000000000000000aa030000000000000000aa030000
01:08:07.667 [DEBUG] [serial] RX 128 bytes: 000000000000aa030000000000000000aa030000000000000000aa030000000000000000aa030000000000000000aa030000000000000000aa030000000000000000aa030000000000000000aa030000000000000000aa030000000000000000aa030000000000000000aa030000000000000000aa030000000000000000aa03
01:08:07.671 [DEBUG] [serial] RX 128 bytes: 0000000000000000aa030000000000000000aa030000000000000000aa030000000000000000aa030000000000000000aa030000000000000000aa030000000000000000aa030000000000000000aa030000000000000000aa030000000000000000aa030000000000000000aa030000000000000000aa030000000000000000
01:08:07.675 [DEBUG] [serial] RX 128 bytes: aa030000000000000000aa030000000000000000aa030000000000000000aa030000000000000000aa030000000000000000aa030000000000000000aa030000000000000000aa030000000000000000aa030000000000000000aa030000000000000000aa030000000000000000aa030000000000000000aa03000000000000
01:08:07.679 [DEBUG] [serial] RX 128 bytes: 0000aa030000000000000000aa030000000000000000aa030000000000000000aa030000000000000000aa030000000000000000aa030000000000000000aa030000000000000000aa030000000000000000aa030000000000000000aa030000000000000000aa030000000000000000aa030000000000000000aa0300000000
01:08:07.683 [DEBUG] [serial] RX 128 bytes: 00000000aa030000000000000000aa030000000000000000aa030000000000000000aa030000000000000000aa030000000000000000aa030000000000000000aa030000000000000000aa030000000000000000aa030000000000000000aa030000000000000000aa030000000000000000aa030000000000000000aa030000
01:08:07.687 [DEBUG] [serial] RX 128 bytes: 000000000000aa030000000000000000aa030000000000000000aa030000000000000000aa030000000000000000aa030000000000000000aa030000000000000000aa030000000000000000aa030000000000000000aa030000000000000000aa030000000000000000aa030000000000000000aa030000000000000000aa03
01:08:07.691 [DEBUG] [serial] RX 128 bytes: 0000000000000000aa030000000000000000aa030000000000000000aa030000000000000000aa030000000000000000aa030000000000000000aa030000000000000000aa030000000000000000aa030000000000000000aa030000000000000000aa030000000000000000aa030000000000000000aa030000000000000000
01:08:07.695 [DEBUG] [serial] RX 128 bytes: aa030000000000000000aa030000000000000000aa030000000000000000aa030000000000000000aa030000000000000000aa030000000000000000aa030000000000000000aa030000000000000000aa030000000000000000aa030000000000000000aa030000000000000000aa030000000000000000aa03000000000000
01:08:07.699 [DEBUG] [serial] RX 128 bytes: 0000aa030000000000000000aa030000000000000000aa030000000000000000aa030000000000000000aa030000000000000000aa030000000000000000aa030000000000000000aa030000000000000000aa030000000000000000aa030000000000000000aa030000000000000000aa030000000000000000aa0300000000
01:08:07.703 [DEBUG] [serial] RX 128 bytes: 00000000aa030000000000000000aa030000000000000000aa030000000000000000aa030000000000000000aa030000000000000000aa030000000000000000aa030000000000000000aa030000000000000000aa030000000000000000aa030000000000000000aa030000000000000000aa030000000000000000aa030000
01:08:07.707 [DEBUG] [serial] RX 128 bytes: 000000000000aa030000000000000000aa030000000000000000aa030000000000000000aa030000000000000000aa030000000000000000aa030000000000000000aa030000000000000000aa030000000000000000aa030000000000000000aa030000000000000000aa030000000000000000aa030000000000000000aa03
01:08:07.711 [DEBUG] [serial] RX 128 bytes: 0000000000000000aa030000000000000000aa030000000000000000aa030000000000000000aa030000000000000000aa030000000000000000aa030000000000000000aa030000000000000000aa030000000000000000aa030000000000000000aa030000000000000000aa030000000000000000aa030000000000000000
01:08:07.715 [DEBUG] [serial] RX 128 bytes: aa030000000000000000aa030000000000000000aa030000000000000000aa030000000000000000aa030000000000000000aa030000000000000000aa030000000000000000aa030000000000000000aa030000000000000000aa030000000000000000aa030000000000000000aa030000000000000000aa03000000000000
01:08:07.719 [DEBUG] [serial] RX 128 bytes: 0000aa030000000000000000aa030000000000000000aa030000000000000000aa030000000000000000aa030000000000000000aa030000000000000000aa030000000000000000aa030000000000000000aa030000000000000000aa030000000000000000aa030000000000000000aa030000000000000000aa0300000000
01:08:07.723 [DEBUG] [serial] RX 128 bytes: 00000000aa030000000000000000aa030000000000000000aa030000000000000000aa030000000000000000aa030000000000000000aa030000000000000000aa030000000000000000aa030000000000000000aa030000000000000000aa030000000000000000aa030000000000000000aa030000000000000000aa030000
01:08:07.727 [DEBUG] [serial] RX 128 bytes: 000000000000aa030000000000000000aa030000000000000000aa030000000000000000aa030000000000000000aa030000000000000000aa030000000000000000aa030000000000000000aa030000000000000000aa030000000000000000aa030000000000000000aa030000000000000000aa030000000000000000aa03
01:08:07.731 [DEBUG] [serial] RX 128 bytes: 0000000000000000aa030000000000000000aa030000000000000000aa030000000000000000aa030000000000000000aa030000000000000000aa030000000000000000aa030000000000000000aa030000000000000000aa030000000000000000aa030000000000000000aa030000000000000000aa030000000000000000
01:08:07.735 [DEBUG] [serial] RX 128 bytes: aa030000000000000000aa030000000000000000aa030000000000000000aa030000000000000000aa030000000000000000aa030000000000000000aa030000000000000000aa030000000000000000aa030000000000000000aa030000000000000000aa030000000000000000aa030000000000000000aa03000000000000
01:08:07.739 [DEBUG] [serial] RX 128 bytes: 0000aa030000000000000000aa030000000000000000aa030000000000000000aa030000000000000000aa030000000000000000aa030000000000000000aa030000000000000000aa030000000000000000aa030000000000000000aa030000000000000000aa030000000000000000aa030000000000000000aa0300000000
01:08:07.743 [DEBUG] [serial] RX 128 bytes: 00000000aa030000000000000000aa030000000000000000aa030000000000000000aa030000000000000000aa030000000000000000aa030000000000000000aa030000000000000000aa030000000000000000aa030000000000000000aa030000000000000000aa030000000000000000aa030000000000000000aa030000
01:08:07.747 [DEBUG] [serial] RX 128 bytes: 000000000000aa030000000000000000aa030000000000000000aa030000000000000000aa030000000000000000aa030000000000000000aa030000000000000000aa030000000000000000aa030000000000000000aa030000000000000000aa030000000000000000aa030000000000000000aa030000000000000000aa03
01:08:07.750 [DEBUG] [serial] RX 128 bytes: 0000000000000000aa030000000000000000aa030000000000000000aa030000000000000000aa030000000000000000aa030000000000000000aa030000000000000000aa030000000000000000aa030000000000000000aa030000000000000000aa030000000000000000aa030000000000000000aa030000000000000000
01:08:07.754 [DEBUG] [serial] RX 128 bytes: aa030000000000000000aa030000000000000000aa030000000000000000aa030000000000000000aa030000000000000000aa030000000000000000aa030000000000000000aa030000000000000000aa030000000000000000aa030000000000000000aa030000000000000000aa030000000000000000aa03000000000000
01:08:07.758 [DEBUG] [serial] RX 128 bytes: 0000aa030000000000000000aa030000000000000000aa030000000000000000aa030000000000000000aa030000000000000000aa030000000000000000aa030000000000000000aa030000000000000000aa030000000000000000aa030000000000000000aa030000000000000000aa030000000000000000aa0300000000
01:08:07.763 [DEBUG] [serial] RX 128 bytes: 00000000aa030000000000000000aa030000000000000000aa030000000000000000aa030000000000000000aa030000000000000000aa030000000000000000aa030000000000000000aa030000000000000000aa030000000000000000aa030000000000000000aa030000000000000000aa030000000000000000aa030000
01:08:07.767 [DEBUG] [serial] RX 128 bytes: 000000000000aa030000000000000000aa030000000000000000aa030000000000000000aa030000000000000000aa030000000000000000aa030000000000000000aa030000000000000000aa030000000000000000aa030000000000000000aa030000000000000000aa030000000000000000aa030000000000000000aa03
01:08:07.770 [DEBUG] [serial] RX 128 bytes: 0000000000000000aa030000000000000000aa030000000000000000aa030000000000000000aa030000000000000000aa030000000000000000aa030000000000000000aa030000000000000000aa030000000000000000aa030000000000000000aa030000000000000000aa030000000000000000aa030000000000000000
01:08:07.774 [DEBUG] [serial] RX 128 bytes: aa030000000000000000aa030000000000000000aa030000000000000000aa030000000000000000aa030000000000000000aa030000000000000000aa030000000000000000aa030000000000000000aa030000000000000000aa030000000000000000aa030000000000000000aa030000000000000000aa03000000000000
01:08:07.779 [DEBUG] [serial] RX 128 bytes: 0000aa030000000000000000aa030000000000000000aa030000000000000000aa030000000000000000aa030000000000000000aa030000000000000000aa030000000000000000aa030000000000000000aa030000000000000000aa030000000000000000aa030000000000000000aa030000000000000000aa0300000000
01:08:07.782 [DEBUG] [serial] RX 128 bytes: 00000000aa030000000000000000aa030000000000000000aa030000000000000000aa030000000000000000aa030000000000000000aa030000000000000000aa030000000000000000aa030000000000000000aa030000000000000000aa030000000000000000aa030000000000000000aa030000000000000000aa030000
01:08:07.783 [DEBUG] [serial] PKT #12000: flags=0x03 in=0 ds=0 flt=0
01:08:07.786 [DEBUG] [serial] RX 128 bytes: 000000000000aa030000000000000000aa030000000000000000aa030000000000000000aa030000000000000000aa030000000000000000aa030000000000000000aa030000000000000000aa030000000000000000aa030000000000000000aa030000000000000000aa030000000000000000aa030000000000000000aa03
01:08:07.790 [DEBUG] [serial] RX 128 bytes: 0000000000000000aa030000000000000000aa030000000000000000aa030000000000000000aa030000000000000000aa030000000000000000aa030000000000000000aa030000000000000000aa030000000000000000aa030000000000000000aa030000000000000000aa030000000000000000aa030000000000000000
01:08:07.794 [DEBUG] [serial] RX 128 bytes: aa030000000000000000aa030000000000000000aa030000000000000000aa030000000000000000aa030000000000000000aa030000000000000000aa030000000000000000aa030000000000000000aa030000000000000000aa030000000000000000aa030000000000000000aa030000000000000000aa03000000000000
01:08:07.798 [DEBUG] [serial] RX 128 bytes: 0000aa030000000000000000aa030000000000000000aa030000000000000000aa030000000000000000aa030000000000000000aa030000000000000000aa030000000000000000aa030000000000000000aa030000000000000000aa030000000000000000aa030000000000000000aa030000000000000000aa0300000000
01:08:07.802 [DEBUG] [serial] RX 128 bytes: 00000000aa030000000000000000aa030000000000000000aa030000000000000000aa030000000000000000aa030000000000000000aa030000000000000000aa030000000000000000aa030000000000000000aa030000000000000000aa030000000000000000aa030000000000000000aa030000000000000000aa030000
01:08:07.806 [DEBUG] [serial] RX 128 bytes: 000000000000aa030000000000000000aa030000000000000000aa030000000000000000aa030000000000000000aa030000000000000000aa030000000000000000aa030000000000000000aa030000000000000000aa030000000000000000aa030000000000000000aa030000000000000000aa030000000000000000aa03
01:08:07.810 [DEBUG] [serial] RX 128 bytes: 0000000000000000aa030000000000000000aa030000000000000000aa030000000000000000aa030000000000000000aa030000000000000000aa030000000000000000aa030000000000000000aa030000000000000000aa030000000000000000aa030000000000000000aa030000000000000000aa030000000000000000
01:08:07.814 [DEBUG] [serial] RX 128 bytes: aa030000000000000000aa030000000000000000aa030000000000000000aa030000000000000000aa030000000000000000aa030000000000000000aa030000000000000000aa030000000000000000aa030000000000000000aa030000000000000000aa030000000000000000aa030000000000000000aa03000000000000
01:08:07.818 [DEBUG] [serial] RX 128 bytes: 0000aa030000000000000000aa030000000000000000aa030000000000000000aa030000000000000000aa030000000000000000aa030000000000000000aa030000000000000000aa030000000000000000aa030000000000000000aa030000000000000000aa030000000000000000aa030000000000000000aa0300000000
01:08:07.822 [DEBUG] [serial] RX 128 bytes: 00000000aa030000000000000000aa030000000000000000aa030000000000000000aa030000000000000000aa030000000000000000aa030000000000000000aa030000000000000000aa030000000000000000aa030000000000000000aa030000000000000000aa030000000000000000aa030000000000000000aa030000
01:08:07.826 [DEBUG] [serial] RX 128 bytes: 000000000000aa030000000000000000aa030000000000000000aa030000000000000000aa030000000000000000aa030000000000000000aa030000000000000000aa030000000000000000aa030000000000000000aa030000000000000000aa030000000000000000aa030000000000000000aa030000000000000000aa03
01:08:07.830 [DEBUG] [serial] RX 128 bytes: 0000000000000000aa030000000000000000aa030000000000000000aa030000000000000000aa030000000000000000aa030000000000000000aa030000000000000000aa030000000000000000aa030000000000000000aa030000000000000000aa030000000000000000aa030000000000000000aa030000000000000000
01:08:07.834 [DEBUG] [serial] RX 128 bytes: aa030000000000000000aa030000000000000000aa030000000000000000aa030000000000000000aa030000000000000000aa030000000000000000aa030000000000000000aa030000000000000000aa030000000000000000aa030000000000000000aa030000000000000000aa030000000000000000aa03000000000000
01:08:07.838 [DEBUG] [serial] RX 128 bytes: 0000aa030000000000000000aa030000000000000000aa030000000000000000aa030000000000000000aa030000000000000000aa030000000000000000aa030000000000000000aa030000000000000000aa030000000000000000aa030000000000000000aa030000000000000000aa030000000000000000aa0300000000
01:08:07.842 [DEBUG] [serial] RX 128 bytes: 00000000aa030000000000000000aa030000000000000000aa030000000000000000aa030000000000000000aa030000000000000000aa030000000000000000aa030000000000000000aa030000000000000000aa030000000000000000aa030000000000000000aa030000000000000000aa030000000000000000aa030000
01:08:07.846 [DEBUG] [serial] RX 128 bytes: 000000000000aa030000000000000000aa030000000000000000aa030000000000000000aa030000000000000000aa030000000000000000aa030000000000000000aa030000000000000000aa030000000000000000aa030000000000000000aa030000000000000000aa030000000000000000aa030000000000000000aa03
01:08:07.850 [DEBUG] [serial] RX 128 bytes: 0000000000000000aa030000000000000000aa030000000000000000aa030000000000000000aa030000000000000000aa030000000000000000aa030000000000000000aa030000000000000000aa030000000000000000aa030000000000000000aa030000000000000000aa030000000000000000aa030000000000000000
01:08:07.854 [DEBUG] [serial] RX 128 bytes: aa030000000000000000aa030000000000000000aa030000000000000000aa030000000000000000aa030000000000000000aa030000000000000000aa030000000000000000aa030000000000000000aa030000000000000000aa030000000000000000aa030000000000000000aa030000000000000000aa03000000000000
01:08:07.858 [DEBUG] [serial] RX 128 bytes: 0000aa030000000000000000aa030000000000000000aa030000000000000000aa030000000000000000aa030000000000000000aa030000000000000000aa030000000000000000aa030000000000000000aa030000000000000000aa030000000000000000aa030000000000000000aa030000000000000000aa0300000000
01:08:07.862 [DEBUG] [serial] RX 128 bytes: 00000000aa030000000000000000aa030000000000000000aa030000000000000000aa030000000000000000aa030000000000000000aa030000000000000000aa030000000000000000aa030000000000000000aa030000000000000000aa030000000000000000aa030000000000000000aa030000000000000000aa030000
01:08:07.866 [DEBUG] [serial] RX 128 bytes: 000000000000aa030000000000000000aa030000000000000000aa030000000000000000aa030000000000000000aa030000000000000000aa030000000000000000aa030000000000000000aa030000000000000000aa030000000000000000aa030000000000000000aa030000000000000000aa030000000000000000aa03
01:08:07.870 [DEBUG] [serial] RX 128 bytes: 0000000000000000aa030000000000000000aa030000000000000000aa030000000000000000aa030000000000000000aa030000000000000000aa030000000000000000aa030000000000000000aa030000000000000000aa030000000000000000aa030000000000000000aa030000000000000000aa030000000000000000
01:08:07.874 [DEBUG] [serial] RX 128 bytes: aa030000000000000000aa030000000000000000aa030000000000000000aa030000000000000000aa030000000000000000aa030000000000000000aa030000000000000000aa030000000000000000aa030000000000000000aa030000000000000000aa030000000000000000aa030000000000000000aa03000000000000
01:08:07.878 [DEBUG] [serial] RX 128 bytes: 0000aa030000000000000000aa030000000000000000aa030000000000000000aa030000000000000000aa030000000000000000aa030000000000000000aa030000000000000000aa030000000000000000aa030000000000000000aa030000000000000000aa030000000000000000aa030000000000000000aa0300000000
01:08:07.882 [DEBUG] [serial] RX 128 bytes: 00000000aa030000000000000000aa030000000000000000aa030000000000000000aa030000000000000000aa030000000000000000aa030000000000000000aa030000000000000000aa030000000000000000aa030000000000000000aa030000000000000000aa030000000000000000aa030000000000000000aa030000
01:08:07.886 [DEBUG] [serial] RX 128 bytes: 000000000000aa030000000000000000aa030000000000000000aa030000000000000000aa030000000000000000aa030000000000000000aa030000000000000000aa030000000000000000aa030000000000000000aa030000000000000000aa030000000000000000aa030000000000000000aa030000000000000000aa03
01:08:07.889 [DEBUG] [serial] RX 128 bytes: 0000000000000000aa030000000000000000aa030000000000000000aa030000000000000000aa030000000000000000aa030000000000000000aa030000000000000000aa030000000000000000aa030000000000000000aa030000000000000000aa030000000000000000aa030000000000000000aa030000000000000000
01:08:07.894 [DEBUG] [serial] RX 128 bytes: aa030000000000000000aa030000000000000000aa030000000000000000aa030000000000000000aa030000000000000000aa030000000000000000aa030000000000000000aa030000000000000000aa030000000000000000aa030000000000000000aa030000000000000000aa030000000000000000aa03000000000000
01:08:07.898 [DEBUG] [serial] RX 128 bytes: 0000aa030000000000000000aa030000000000000000aa030000000000000000aa030000000000000000aa030000000000000000aa030000000000000000aa030000000000000000aa030000000000000000aa030000000000000000aa030000000000000000aa030000000000000000aa030000000000000000aa0300000000
01:08:07.902 [DEBUG] [serial] RX 128 bytes: 00000000aa030000000000000000aa030000000000000000aa030000000000000000aa030000000000000000aa030000000000000000aa030000000000000000aa030000000000000000aa030000000000000000aa030000000000000000aa030000000000000000aa030000000000000000aa030000000000000000aa030000
01:08:07.906 [DEBUG] [serial] RX 128 bytes: 000000000000aa030000000000000000aa030000000000000000aa030000000000000000aa030000000000000000aa030000000000000000aa030000000000000000aa030000000000000000aa030000000000000000aa030000000000000000aa030000000000000000aa030000000000000000aa030000000000000000aa03
01:08:07.909 [DEBUG] [serial] RX 128 bytes: 0000000000000000aa030000000000000000aa030000000000000000aa030000000000000000aa030000000000000000aa030000000000000000aa030000000000000000aa030000000000000000aa030000000000000000aa030000000000000000aa030000000000000000aa030000000000000000aa030000000000000000
01:08:07.913 [DEBUG] [serial] RX 128 bytes: aa030000000000000000aa030000000000000000aa030000000000000000aa030000000000000000aa030000000000000000aa030000000000000000aa030000000000000000aa030000000000000000aa030000000000000000aa030000000000000000aa030000000000000000aa030000000000000000aa03000000000000
01:08:07.917 [DEBUG] [serial] RX 128 bytes: 0000aa030000000000000000aa030000000000000000aa030000000000000000aa030000000000000000aa030000000000000000aa030000000000000000aa030000000000000000aa030000000000000000aa030000000000000000aa030000000000000000aa030000000000000000aa030000000000000000aa0300000000
01:08:07.922 [DEBUG] [serial] RX 128 bytes: 00000000aa030000000000000000aa030000000000000000aa030000000000000000aa030000000000000000aa030000000000000000aa030000000000000000aa030000000000000000aa030000000000000000aa030000000000000000aa030000000000000000aa030000000000000000aa030000000000000000aa030000
01:08:07.926 [DEBUG] [serial] RX 128 bytes: 000000000000aa030000000000000000aa030000000000000000aa030000000000000000aa030000000000000000aa030000000000000000aa030000000000000000aa030000000000000000aa030000000000000000aa030000000000000000aa030000000000000000aa030000000000000000aa030000000000000000aa03
01:08:07.929 [DEBUG] [serial] RX 128 bytes: 0000000000000000aa030000000000000000aa030000000000000000aa030000000000000000aa030000000000000000aa030000000000000000aa030000000000000000aa030000000000000000aa030000000000000000aa030000000000000000aa030000000000000000aa030000000000000000aa030000000000000000
01:08:07.933 [DEBUG] [serial] RX 128 bytes: aa030000000000000000aa030000000000000000aa030000000000000000aa030000000000000000aa030000000000000000aa030000000000000000aa030000000000000000aa030000000000000000aa030000000000000000aa030000000000000000aa030000000000000000aa030000000000000000aa03000000000000
01:08:07.937 [DEBUG] [serial] RX 128 bytes: 0000aa030000000000000000aa030000000000000000aa030000000000000000aa030000000000000000aa030000000000000000aa030000000000000000aa030000000000000000aa030000000000000000aa030000000000000000aa030000000000000000aa030000000000000000aa030000000000000000aa0300000000
01:08:07.938 [DEBUG] [serial] PKT #12500: flags=0x03 in=0 ds=0 flt=0
01:08:07.941 [DEBUG] [serial] RX 128 bytes: 00000000aa030000000000000000aa030000000000000000aa030000000000000000aa030000000000000000aa030000000000000000aa030000000000000000aa030000000000000000aa030000000000000000aa030000000000000000aa030000000000000000aa030000000000000000aa030000000000000000aa030000
01:08:07.945 [DEBUG] [serial] RX 128 bytes: 000000000000aa030000000000000000aa030000000000000000aa030000000000000000aa030000000000000000aa030000000000000000aa030000000000000000aa030000000000000000aa030000000000000000aa030000000000000000aa030000000000000000aa030000000000000000aa030000000000000000aa03
01:08:07.949 [DEBUG] [serial] RX 128 bytes: 0000000000000000aa030000000000000000aa030000000000000000aa030000000000000000aa030000000000000000aa030000000000000000aa030000000000000000aa030000000000000000aa030000000000000000aa030000000000000000aa030000000000000000aa030000000000000000aa030000000000000000
01:08:07.953 [DEBUG] [serial] RX 128 bytes: aa030000000000000000aa030000000000000000aa030000000000000000aa030000000000000000aa030000000000000000aa030000000000000000aa030000000000000000aa030000000000000000aa030000000000000000aa030000000000000000aa030000000000000000aa030000000000000000aa03000000000000
01:08:07.957 [DEBUG] [serial] RX 128 bytes: 0000aa030000000000000000aa030000000000000000aa030000000000000000aa030000000000000000aa030000000000000000aa030000000000000000aa030000000000000000aa030000000000000000aa030000000000000000aa030000000000000000aa030000000000000000aa030000000000000000aa0300000000
01:08:07.961 [DEBUG] [serial] RX 128 bytes: 00000000aa030000000000000000aa030000000000000000aa030000000000000000aa030000000000000000aa030000000000000000aa030000000000000000aa030000000000000000aa030000000000000000aa030000000000000000aa030000000000000000aa030000000000000000aa030000000000000000aa030000
01:08:07.965 [DEBUG] [serial] RX 128 bytes: 000000000000aa030000000000000000aa030000000000000000aa030000000000000000aa030000000000000000aa030000000000000000aa030000000000000000aa030000000000000000aa030000000000000000aa030000000000000000aa030000000000000000aa030000000000000000aa030000000000000000aa03
01:08:07.969 [DEBUG] [serial] RX 128 bytes: 0000000000000000aa030000000000000000aa030000000000000000aa030000000000000000aa030000000000000000aa030000000000000000aa030000000000000000aa030000000000000000aa030000000000000000aa030000000000000000aa030000000000000000aa030000000000000000aa030000000000000000
01:08:07.973 [DEBUG] [serial] RX 128 bytes: aa030000000000000000aa030000000000000000aa030000000000000000aa030000000000000000aa030000000000000000aa030000000000000000aa030000000000000000aa030000000000000000aa030000000000000000aa030000000000000000aa030000000000000000aa030000000000000000aa03000000000000
01:08:07.977 [DEBUG] [serial] RX 128 bytes: 0000aa030000000000000000aa030000000000000000aa030000000000000000aa030000000000000000aa030000000000000000aa030000000000000000aa030000000000000000aa030000000000000000aa030000000000000000aa030000000000000000aa030000000000000000aa030000000000000000aa0300000000
01:08:07.981 [DEBUG] [serial] RX 128 bytes: 00000000aa030000000000000000aa030000000000000000aa030000000000000000aa030000000000000000aa030000000000000000aa030000000000000000aa030000000000000000aa030000000000000000aa030000000000000000aa030000000000000000aa030000000000000000aa030000000000000000aa030000
01:08:07.985 [DEBUG] [serial] RX 128 bytes: 000000000000aa030000000000000000aa030000000000000000aa030000000000000000aa030000000000000000aa030000000000000000aa030000000000000000aa030000000000000000aa030000000000000000aa030000000000000000aa030000000000000000aa030000000000000000aa030000000000000000aa03
01:08:07.989 [DEBUG] [serial] RX 128 bytes: 0000000000000000aa030000000000000000aa030000000000000000aa030000000000000000aa030000000000000000aa030000000000000000aa030000000000000000aa030000000000000000aa030000000000000000aa030000000000000000aa030000000000000000aa030000000000000000aa030000000000000000
01:08:07.993 [DEBUG] [serial] RX 128 bytes: aa030000000000000000aa030000000000000000aa030000000000000000aa030000000000000000aa030000000000000000aa030000000000000000aa030000000000000000aa030000000000000000aa030000000000000000aa030000000000000000aa030000000000000000aa030000000000000000aa03000000000000
01:08:07.997 [DEBUG] [serial] RX 128 bytes: 0000aa030000000000000000aa030000000000000000aa030000000000000000aa030000000000000000aa030000000000000000aa030000000000000000aa030000000000000000aa030000000000000000aa030000000000000000aa030000000000000000aa030000000000000000aa030000000000000000aa0300000000
01:08:08.001 [DEBUG] [serial] RX 128 bytes: 00000000aa030000000000000000aa030000000000000000aa030000000000000000aa030000000000000000aa030000000000000000aa030000000000000000aa030000000000000000aa030000000000000000aa030000000000000000aa030000000000000000aa030000000000000000aa030000000000000000aa030000
01:08:08.005 [DEBUG] [serial] RX 128 bytes: 000000000000aa030000000000000000aa030000000000000000aa030000000000000000aa030000000000000000aa030000000000000000aa030000000000000000aa030000000000000000aa030000000000000000aa030000000000000000aa030000000000000000aa030000000000000000aa030000000000000000aa03
01:08:08.009 [DEBUG] [serial] RX 128 bytes: 0000000000000000aa030000000000000000aa030000000000000000aa030000000000000000aa030000000000000000aa030000000000000000aa030000000000000000aa030000000000000000aa030000000000000000aa030000000000000000aa030000000000000000aa030000000000000000aa030000000000000000
01:08:08.013 [DEBUG] [serial] RX 128 bytes: aa030000000000000000aa030000000000000000aa030000000000000000aa030000000000000000aa030000000000000000aa030000000000000000aa030000000000000000aa030000000000000000aa030000000000000000aa030000000000000000aa030000000000000000aa030000000000000000aa03000000000000
01:08:08.017 [DEBUG] [serial] RX 128 bytes: 0000aa030000000000000000aa030000000000000000aa030000000000000000aa030000000000000000aa030000000000000000aa030000000000000000aa030000000000000000aa030000000000000000aa030000000000000000aa030000000000000000aa030000000000000000aa030000000000000000aa0300000000
01:08:08.021 [DEBUG] [serial] RX 128 bytes: 00000000aa030000000000000000aa030000000000000000aa030000000000000000aa030000000000000000aa030000000000000000aa030000000000000000aa030000000000000000aa030000000000000000aa030000000000000000aa030000000000000000aa030000000000000000aa030000000000000000aa030000
01:08:08.025 [DEBUG] [serial] RX 128 bytes: 000000000000aa030000000000000000aa030000000000000000aa030000000000000000aa030000000000000000aa030000000000000000aa030000000000000000aa030000000000000000aa030000000000000000aa030000000000000000aa030000000000000000aa030000000000000000aa030000000000000000aa03
01:08:08.029 [DEBUG] [serial] RX 128 bytes: 0000000000000000aa030000000000000000aa030000000000000000aa030000000000000000aa030000000000000000aa030000000000000000aa030000000000000000aa030000000000000000aa030000000000000000aa030000000000000000aa030000000000000000aa030000000000000000aa030000000000000000
01:08:08.033 [DEBUG] [serial] RX 128 bytes: aa030000000000000000aa030000000000000000aa030000000000000000aa030000000000000000aa030000000000000000aa030000000000000000aa030000000000000000aa030000000000000000aa030000000000000000aa030000000000000000aa030000000000000000aa030000000000000000aa03000000000000
01:08:08.037 [DEBUG] [serial] RX 128 bytes: 0000aa030000000000000000aa030000000000000000aa030000000000000000aa030000000000000000aa030000000000000000aa030000000000000000aa030000000000000000aa030000000000000000aa030000000000000000aa030000000000000000aa030000000000000000aa030000000000000000aa0300000000
01:08:08.041 [DEBUG] [serial] RX 128 bytes: 00000000aa030000000000000000aa030000000000000000aa030000000000000000aa030000000000000000aa030000000000000000aa030000000000000000aa030000000000000000aa030000000000000000aa030000000000000000aa030000000000000000aa030000000000000000aa030000000000000000aa030000
01:08:08.045 [DEBUG] [serial] RX 128 bytes: 000000000000aa030000000000000000aa030000000000000000aa030000000000000000aa030000000000000000aa030000000000000000aa030000000000000000aa030000000000000000aa030000000000000000aa030000000000000000aa030000000000000000aa030000000000000000aa030000000000000000aa03
01:08:08.048 [DEBUG] [serial] RX 128 bytes: 0000000000000000aa030000000000000000aa030000000000000000aa030000000000000000aa030000000000000000aa030000000000000000aa030000000000000000aa030000000000000000aa030000000000000000aa030000000000000000aa030000000000000000aa030000000000000000aa030000000000000000
01:08:08.052 [DEBUG] [serial] RX 128 bytes: aa030000000000000000aa030000000000000000aa030000000000000000aa030000000000000000aa030000000000000000aa030000000000000000aa030000000000000000aa030000000000000000aa030000000000000000aa030000000000000000aa030000000000000000aa030000000000000000aa03000000000000
01:08:08.057 [DEBUG] [serial] RX 128 bytes: 0000aa030000000000000000aa030000000000000000aa030000000000000000aa030000000000000000aa030000000000000000aa030000000000000000aa030000000000000000aa030000000000000000aa030000000000000000aa030000000000000000aa030000000000000000aa030000000000000000aa0300000000
01:08:08.061 [DEBUG] [serial] RX 128 bytes: 00000000aa030000000000000000aa030000000000000000aa030000000000000000aa030000000000000000aa030000000000000000aa030000000000000000aa030000000000000000aa030000000000000000aa030000000000000000aa030000000000000000aa030000000000000000aa030000000000000000aa030000
01:08:08.065 [DEBUG] [serial] RX 128 bytes: 000000000000aa030000000000000000aa030000000000000000aa030000000000000000aa030000000000000000aa030000000000000000aa030000000000000000aa030000000000000000aa030000000000000000aa030000000000000000aa030000000000000000aa030000000000000000aa030000000000000000aa03
01:08:08.068 [DEBUG] [serial] RX 128 bytes: 0000000000000000aa030000000000000000aa030000000000000000aa030000000000000000aa030000000000000000aa030000000000000000aa030000000000000000aa030000000000000000aa030000000000000000aa030000000000000000aa030000000000000000aa030000000000000000aa030000000000000000
01:08:08.072 [DEBUG] [serial] RX 128 bytes: aa030000000000000000aa030000000000000000aa030000000000000000aa030000000000000000aa030000000000000000aa030000000000000000aa030000000000000000aa030000000000000000aa030000000000000000aa030000000000000000aa030000000000000000aa030000000000000000aa03000000000000
01:08:08.076 [DEBUG] [serial] RX 128 bytes: 0000aa030000000000000000aa030000000000000000aa030000000000000000aa030000000000000000aa030000000000000000aa030000000000000000aa030000000000000000aa030000000000000000aa030000000000000000aa030000000000000000aa030000000000000000aa030000000000000000aa0300000000
01:08:08.080 [DEBUG] [serial] RX 128 bytes: 00000000aa030000000000000000aa030000000000000000aa030000000000000000aa030000000000000000aa030000000000000000aa030000000000000000aa030000000000000000aa030000000000000000aa030000000000000000aa030000000000000000aa030000000000000000aa030000000000000000aa030000
01:08:08.084 [DEBUG] [serial] RX 128 bytes: 000000000000aa030000000000000000aa030000000000000000aa030000000000000000aa030000000000000000aa030000000000000000aa030000000000000000aa030000000000000000aa030000000000000000aa030000000000000000aa030000000000000000aa030000000000000000aa030000000000000000aa03
01:08:08.088 [DEBUG] [serial] RX 128 bytes: 0000000000000000aa030000000000000000aa030000000000000000aa030000000000000000aa030000000000000000aa030000000000000000aa030000000000000000aa030000000000000000aa030000000000000000aa030000000000000000aa030000000000000000aa030000000000000000aa030000000000000000
01:08:08.092 [DEBUG] [serial] RX 128 bytes: aa030000000000000000aa030000000000000000aa030000000000000000aa030000000000000000aa030000000000000000aa030000000000000000aa030000000000000000aa030000000000000000aa030000000000000000aa030000000000000000aa030000000000000000aa030000000000000000aa03000000000000
01:08:08.092 [DEBUG] [serial] PKT #13000: flags=0x03 in=0 ds=0 flt=0
01:08:08.096 [DEBUG] [serial] RX 128 bytes: 0000aa030000000000000000aa030000000000000000aa030000000000000000aa030000000000000000aa030000000000000000aa030000000000000000aa030000000000000000aa030000000000000000aa030000000000000000aa030000000000000000aa030000000000000000aa030000000000000000aa0300000000
01:08:08.100 [DEBUG] [serial] RX 128 bytes: 00000000aa030000000000000000aa030000000000000000aa030000000000000000aa030000000000000000aa030000000000000000aa030000000000000000aa030000000000000000aa030000000000000000aa030000000000000000aa030000000000000000aa030000000000000000aa030000000000000000aa030000
01:08:08.104 [DEBUG] [serial] RX 128 bytes: 000000000000aa030000000000000000aa030000000000000000aa030000000000000000aa030000000000000000aa030000000000000000aa030000000000000000aa030000000000000000aa030000000000000000aa030000000000000000aa030000000000000000aa030000000000000000aa030000000000000000aa03
01:08:08.108 [DEBUG] [serial] RX 128 bytes: 0000000000000000aa030000000000000000aa030000000000000000aa030000000000000000aa030000000000000000aa030000000000000000aa030000000000000000aa030000000000000000aa030000000000000000aa030000000000000000aa030000000000000000aa030000000000000000aa030000000000000000
01:08:08.112 [DEBUG] [serial] RX 128 bytes: aa030000000000000000aa030000000000000000aa030000000000000000aa030000000000000000aa030000000000000000aa030000000000000000aa030000000000000000aa030000000000000000aa030000000000000000aa030000000000000000aa030000000000000000aa030000000000000000aa03000000000000
01:08:08.116 [DEBUG] [serial] RX 128 bytes: 0000aa030000000000000000aa030000000000000000aa030000000000000000aa030000000000000000aa030000000000000000aa030000000000000000aa030000000000000000aa030000000000000000aa030000000000000000aa030000000000000000aa030000000000000000aa030000000000000000aa0300000000
01:08:08.120 [DEBUG] [serial] RX 128 bytes: 00000000aa030000000000000000aa030000000000000000aa030000000000000000aa030000000000000000aa030000000000000000aa030000000000000000aa030000000000000000aa030000000000000000aa030000000000000000aa030000000000000000aa030000000000000000aa030000000000000000aa030000
01:08:08.124 [DEBUG] [serial] RX 128 bytes: 000000000000aa030000000000000000aa030000000000000000aa030000000000000000aa030000000000000000aa030000000000000000aa030000000000000000aa030000000000000000aa030000000000000000aa030000000000000000aa030000000000000000aa030000000000000000aa030000000000000000aa03
01:08:08.128 [DEBUG] [serial] RX 128 bytes: 0000000000000000aa030000000000000000aa030000000000000000aa030000000000000000aa030000000000000000aa030000000000000000aa030000000000000000aa030000000000000000aa030000000000000000aa030000000000000000aa030000000000000000aa030000000000000000aa030000000000000000
01:08:08.132 [DEBUG] [serial] RX 128 bytes: aa030000000000000000aa030000000000000000aa030000000000000000aa030000000000000000aa030000000000000000aa030000000000000000aa030000000000000000aa030000000000000000aa030000000000000000aa030000000000000000aa030000000000000000aa030000000000000000aa03000000000000
01:08:08.136 [DEBUG] [serial] RX 128 bytes: 0000aa030000000000000000aa030000000000000000aa030000000000000000aa030000000000000000aa030000000000000000aa030000000000000000aa030000000000000000aa030000000000000000aa030000000000000000aa030000000000000000aa030000000000000000aa030000000000000000aa0300000000
01:08:08.140 [DEBUG] [serial] RX 128 bytes: 00000000aa030000000000000000aa030000000000000000aa030000000000000000aa030000000000000000aa030000000000000000aa030000000000000000aa030000000000000000aa030000000000000000aa030000000000000000aa030000000000000000aa030000000000000000aa030000000000000000aa030000
01:08:08.144 [DEBUG] [serial] RX 128 bytes: 000000000000aa030000000000000000aa030000000000000000aa030000000000000000aa030000000000000000aa030000000000000000aa030000000000000000aa030000000000000000aa030000000000000000aa030000000000000000aa030000000000000000aa030000000000000000aa030000000000000000aa03
01:08:08.148 [DEBUG] [serial] RX 128 bytes: 0000000000000000aa030000000000000000aa030000000000000000aa030000000000000000aa030000000000000000aa030000000000000000aa030000000000000000aa030000000000000000aa030000000000000000aa030000000000000000aa030000000000000000aa030000000000000000aa030000000000000000
01:08:08.152 [DEBUG] [serial] RX 128 bytes: aa030000000000000000aa030000000000000000aa030000000000000000aa030000000000000000aa030000000000000000aa030000000000000000aa030000000000000000aa030000000000000000aa030000000000000000aa030000000000000000aa030000000000000000aa030000000000000000aa03000000000000
01:08:08.156 [DEBUG] [serial] RX 128 bytes: 0000aa030000000000000000aa030000000000000000aa030000000000000000aa030000000000000000aa030000000000000000aa030000000000000000aa030000000000000000aa030000000000000000aa030000000000000000aa030000000000000000aa030000000000000000aa030000000000000000aa0300000000
01:08:08.160 [DEBUG] [serial] RX 128 bytes: 00000000aa030000000000000000aa030000000000000000aa030000000000000000aa030000000000000000aa030000000000000000aa030000000000000000aa030000000000000000aa030000000000000000aa030000000000000000aa030000000000000000aa030000000000000000aa030000000000000000aa030000
01:08:08.164 [DEBUG] [serial] RX 128 bytes: 000000000000aa030000000000000000aa030000000000000000aa030000000000000000aa030000000000000000aa030000000000000000aa030000000000000000aa030000000000000000aa030000000000000000aa030000000000000000aa030000000000000000aa030000000000000000aa030000000000000000aa03
01:08:08.168 [DEBUG] [serial] RX 128 bytes: 0000000000000000aa030000000000000000aa030000000000000000aa030000000000000000aa030000000000000000aa030000000000000000aa030000000000000000aa030000000000000000aa030000000000000000aa030000000000000000aa030000000000000000aa030000000000000000aa030000000000000000
01:08:08.172 [DEBUG] [serial] RX 128 bytes: aa030000000000000000aa030000000000000000aa030000000000000000aa030000000000000000aa030000000000000000aa030000000000000000aa030000000000000000aa030000000000000000aa030000000000000000aa030000000000000000aa030000000000000000aa030000000000000000aa03000000000000
01:08:08.176 [DEBUG] [serial] RX 128 bytes: 0000aa030000000000000000aa030000000000000000aa030000000000000000aa030000000000000000aa030000000000000000aa030000000000000000aa030000000000000000aa030000000000000000aa030000000000000000aa030000000000000000aa030000000000000000aa030000000000000000aa0300000000
01:08:08.180 [DEBUG] [serial] RX 128 bytes: 00000000aa030000000000000000aa030000000000000000aa030000000000000000aa030000000000000000aa030000000000000000aa030000000000000000aa030000000000000000aa030000000000000000aa030000000000000000aa030000000000000000aa030000000000000000aa030000000000000000aa030000
01:08:08.184 [DEBUG] [serial] RX 128 bytes: 000000000000aa030000000000000000aa030000000000000000aa030000000000000000aa030000000000000000aa030000000000000000aa030000000000000000aa030000000000000000aa030000000000000000aa030000000000000000aa030000000000000000aa030000000000000000aa030000000000000000aa03
01:08:08.187 [DEBUG] [serial] RX 128 bytes: 0000000000000000aa030000000000000000aa030000000000000000aa030000000000000000aa030000000000000000aa030000000000000000aa030000000000000000aa030000000000000000aa030000000000000000aa030000000000000000aa030000000000000000aa030000000000000000aa030000000000000000
01:08:08.192 [DEBUG] [serial] RX 128 bytes: aa030000000000000000aa030000000000000000aa030000000000000000aa030000000000000000aa030000000000000000aa030000000000000000aa030000000000000000aa030000000000000000aa030000000000000000aa030000000000000000aa030000000000000000aa030000000000000000aa03000000000000
01:08:08.196 [DEBUG] [serial] RX 128 bytes: 0000aa030000000000000000aa030000000000000000aa030000000000000000aa030000000000000000aa030000000000000000aa030000000000000000aa030000000000000000aa030000000000000000aa030000000000000000aa030000000000000000aa030000000000000000aa030000000000000000aa0300000000
01:08:08.200 [DEBUG] [serial] RX 128 bytes: 00000000aa030000000000000000aa030000000000000000aa030000000000000000aa030000000000000000aa030000000000000000aa030000000000000000aa030000000000000000aa030000000000000000aa030000000000000000aa030000000000000000aa030000000000000000aa030000000000000000aa030000
01:08:08.204 [DEBUG] [serial] RX 128 bytes: 000000000000aa030000000000000000aa030000000000000000aa030000000000000000aa030000000000000000aa030000000000000000aa030000000000000000aa030000000000000000aa030000000000000000aa030000000000000000aa030000000000000000aa030000000000000000aa030000000000000000aa03
01:08:08.207 [DEBUG] [serial] RX 128 bytes: 0000000000000000aa030000000000000000aa030000000000000000aa030000000000000000aa030000000000000000aa030000000000000000aa030000000000000000aa030000000000000000aa030000000000000000aa030000000000000000aa030000000000000000aa030000000000000000aa030000000000000000
01:08:08.211 [DEBUG] [serial] RX 128 bytes: aa030000000000000000aa030000000000000000aa030000000000000000aa030000000000000000aa030000000000000000aa030000000000000000aa030000000000000000aa030000000000000000aa030000000000000000aa030000000000000000aa030000000000000000aa030000000000000000aa03000000000000
01:08:08.215 [DEBUG] [serial] RX 128 bytes: 0000aa030000000000000000aa030000000000000000aa030000000000000000aa030000000000000000aa030000000000000000aa030000000000000000aa030000000000000000aa030000000000000000aa030000000000000000aa030000000000000000aa030000000000000000aa030000000000000000aa0300000000
01:08:08.219 [DEBUG] [serial] RX 128 bytes: 00000000aa030000000000000000aa030000000000000000aa030000000000000000aa030000000000000000aa030000000000000000aa030000000000000000aa030000000000000000aa030000000000000000aa030000000000000000aa030000000000000000aa030000000000000000aa030000000000000000aa030000
01:08:08.224 [DEBUG] [serial] RX 128 bytes: 000000000000aa030000000000000000aa030000000000000000aa030000000000000000aa030000000000000000aa030000000000000000aa030000000000000000aa030000000000000000aa030000000000000000aa030000000000000000aa030000000000000000aa030000000000000000aa030000000000000000aa03
01:08:08.227 [DEBUG] [serial] RX 128 bytes: 0000000000000000aa030000000000000000aa030000000000000000aa030000000000000000aa030000000000000000aa030000000000000000aa030000000000000000aa030000000000000000aa030000000000000000aa030000000000000000aa030000000000000000aa030000000000000000aa030000000000000000
01:08:08.231 [DEBUG] [serial] RX 128 bytes: aa030000000000000000aa030000000000000000aa030000000000000000aa030000000000000000aa030000000000000000aa030000000000000000aa030000000000000000aa030000000000000000aa030000000000000000aa030000000000000000aa030000000000000000aa030000000000000000aa03000000000000
01:08:08.235 [DEBUG] [serial] RX 128 bytes: 0000aa030000000000000000aa030000000000000000aa030000000000000000aa030000000000000000aa030000000000000000aa030000000000000000aa030000000000000000aa030000000000000000aa030000000000000000aa030000000000000000aa030000000000000000aa030000000000000000aa0300000000
01:08:08.239 [DEBUG] [serial] RX 128 bytes: 00000000aa030000000000000000aa030000000000000000aa030000000000000000aa030000000000000000aa030000000000000000aa030000000000000000aa030000000000000000aa030000000000000000aa030000000000000000aa030000000000000000aa030000000000000000aa030000000000000000aa030000
01:08:08.243 [DEBUG] [serial] RX 128 bytes: 000000000000aa030000000000000000aa030000000000000000aa030000000000000000aa030000000000000000aa030000000000000000aa030000000000000000aa030000000000000000aa030000000000000000aa030000000000000000aa030000000000000000aa030000000000000000aa030000000000000000aa03
01:08:08.248 [DEBUG] [serial] RX 128 bytes: 0000000000000000aa030000000000000000aa030000000000000000aa030000000000000000aa030000000000000000aa030000000000000000aa030000000000000000aa030000000000000000aa030000000000000000aa030000000000000000aa030000000000000000aa030000000000000000aa030000000000000000
01:08:08.248 [DEBUG] [serial] PKT #13500: flags=0x03 in=0 ds=0 flt=0
01:08:08.251 [DEBUG] [serial] RX 128 bytes: aa030000000000000000aa030000000000000000aa030000000000000000aa030000000000000000aa030000000000000000aa030000000000000000aa030000000000000000aa030000000000000000aa030000000000000000aa030000000000000000aa030000000000000000aa030000000000000000aa03000000000000
01:08:08.255 [DEBUG] [serial] RX 128 bytes: 0000aa030000000000000000aa030000000000000000aa030000000000000000aa030000000000000000aa030000000000000000aa030000000000000000aa030000000000000000aa030000000000000000aa030000000000000000aa030000000000000000aa030000000000000000aa030000000000000000aa0300000000
01:08:08.259 [DEBUG] [serial] RX 128 bytes: 00000000aa030000000000000000aa030000000000000000aa030000000000000000aa030000000000000000aa030000000000000000aa030000000000000000aa030000000000000000aa030000000000000000aa030000000000000000aa030000000000000000aa030000000000000000aa030000000000000000aa030000
01:08:08.263 [DEBUG] [serial] RX 128 bytes: 000000000000aa030000000000000000aa030000000000000000aa030000000000000000aa030000000000000000aa030000000000000000aa030000000000000000aa030000000000000000aa030000000000000000aa030000000000000000aa030000000000000000aa030000000000000000aa030000000000000000aa03
01:08:08.267 [DEBUG] [serial] RX 128 bytes: 0000000000000000aa030000000000000000aa030000000000000000aa030000000000000000aa030000000000000000aa030000000000000000aa030000000000000000aa030000000000000000aa030000000000000000aa030000000000000000aa030000000000000000aa030000000000000000aa030000000000000000
01:08:08.271 [DEBUG] [serial] RX 128 bytes: aa030000000000000000aa030000000000000000aa030000000000000000aa030000000000000000aa030000000000000000aa030000000000000000aa030000000000000000aa030000000000000000aa030000000000000000aa030000000000000000aa030000000000000000aa030000000000000000aa03000000000000
01:08:08.275 [DEBUG] [serial] RX 128 bytes: 0000aa030000000000000000aa030000000000000000aa030000000000000000aa030000000000000000aa030000000000000000aa030000000000000000aa030000000000000000aa030000000000000000aa030000000000000000aa030000000000000000aa030000000000000000aa030000000000000000aa0300000000
01:08:08.279 [DEBUG] [serial] RX 128 bytes: 00000000aa030000000000000000aa030000000000000000aa030000000000000000aa030000000000000000aa030000000000000000aa030000000000000000aa030000000000000000aa030000000000000000aa030000000000000000aa030000000000000000aa030000000000000000aa030000000000000000aa030000
01:08:08.283 [DEBUG] [serial] RX 128 bytes: 000000000000aa030000000000000000aa030000000000000000aa030000000000000000aa030000000000000000aa030000000000000000aa030000000000000000aa030000000000000000aa030000000000000000aa030000000000000000aa030000000000000000aa030000000000000000aa030000000000000000aa03
01:08:08.287 [DEBUG] [serial] RX 128 bytes: 0000000000000000aa030000000000000000aa030000000000000000aa030000000000000000aa030000000000000000aa030000000000000000aa030000000000000000aa030000000000000000aa030000000000000000aa030000000000000000aa030000000000000000aa030000000000000000aa030000000000000000
01:08:08.291 [DEBUG] [serial] RX 128 bytes: aa030000000000000000aa030000000000000000aa030000000000000000aa030000000000000000aa030000000000000000aa030000000000000000aa030000000000000000aa030000000000000000aa030000000000000000aa030000000000000000aa030000000000000000aa030000000000000000aa03000000000000
01:08:08.295 [DEBUG] [serial] RX 128 bytes: 0000aa030000000000000000aa030000000000000000aa030000000000000000aa030000000000000000aa030000000000000000aa030000000000000000aa030000000000000000aa030000000000000000aa030000000000000000aa030000000000000000aa030000000000000000aa030000000000000000aa0300000000
01:08:08.299 [DEBUG] [serial] RX 128 bytes: 00000000aa030000000000000000aa030000000000000000aa030000000000000000aa030000000000000000aa030000000000000000aa030000000000000000aa030000000000000000aa030000000000000000aa030000000000000000aa030000000000000000aa030000000000000000aa030000000000000000aa030000
01:08:08.303 [DEBUG] [serial] RX 128 bytes: 000000000000aa030000000000000000aa030000000000000000aa030000000000000000aa030000000000000000aa030000000000000000aa030000000000000000aa030000000000000000aa030000000000000000aa030000000000000000aa030000000000000000aa030000000000000000aa030000000000000000aa03
01:08:08.307 [DEBUG] [serial] RX 128 bytes: 0000000000000000aa030000000000000000aa030000000000000000aa030000000000000000aa030000000000000000aa030000000000000000aa030000000000000000aa030000000000000000aa030000000000000000aa030000000000000000aa030000000000000000aa030000000000000000aa030000000000000000
01:08:08.311 [DEBUG] [serial] RX 128 bytes: aa030000000000000000aa030000000000000000aa030000000000000000aa030000000000000000aa030000000000000000aa030000000000000000aa030000000000000000aa030000000000000000aa030000000000000000aa030000000000000000aa030000000000000000aa030000000000000000aa03000000000000
01:08:08.315 [DEBUG] [serial] RX 128 bytes: 0000aa030000000000000000aa030000000000000000aa030000000000000000aa030000000000000000aa030000000000000000aa030000000000000000aa030000000000000000aa030000000000000000aa030000000000000000aa030000000000000000aa030000000000000000aa030000000000000000aa0300000000
01:08:08.319 [DEBUG] [serial] RX 128 bytes: 00000000aa030000000000000000aa030000000000000000aa030000000000000000aa030000000000000000aa030000000000000000aa030000000000000000aa030000000000000000aa030000000000000000aa030000000000000000aa030000000000000000aa030000000000000000aa030000000000000000aa030000
01:08:08.323 [DEBUG] [serial] RX 128 bytes: 000000000000aa030000000000000000aa030000000000000000aa030000000000000000aa030000000000000000aa030000000000000000aa030000000000000000aa030000000000000000aa030000000000000000aa030000000000000000aa030000000000000000aa030000000000000000aa030000000000000000aa03
01:08:08.327 [DEBUG] [serial] RX 128 bytes: 0000000000000000aa030000000000000000aa030000000000000000aa030000000000000000aa030000000000000000aa030000000000000000aa030000000000000000aa030000000000000000aa030000000000000000aa030000000000000000aa030000000000000000aa030000000000000000aa030000000000000000
01:08:08.331 [DEBUG] [serial] RX 128 bytes: aa030000000000000000aa030000000000000000aa030000000000000000aa030000000000000000aa030000000000000000aa030000000000000000aa030000000000000000aa030000000000000000aa030000000000000000aa030000000000000000aa030000000000000000aa030000000000000000aa03000000000000
01:08:08.335 [DEBUG] [serial] RX 128 bytes: 0000aa030000000000000000aa030000000000000000aa030000000000000000aa030000000000000000aa030000000000000000aa030000000000000000aa030000000000000000aa030000000000000000aa030000000000000000aa030000000000000000aa030000000000000000aa030000000000000000aa0300000000
01:08:08.339 [DEBUG] [serial] RX 128 bytes: 00000000aa030000000000000000aa030000000000000000aa030000000000000000aa030000000000000000aa030000000000000000aa030000000000000000aa030000000000000000aa030000000000000000aa030000000000000000aa030000000000000000aa030000000000000000aa030000000000000000aa030000
01:08:08.343 [DEBUG] [serial] RX 128 bytes: 000000000000aa030000000000000000aa030000000000000000aa030000000000000000aa030000000000000000aa030000000000000000aa030000000000000000aa030000000000000000aa030000000000000000aa030000000000000000aa030000000000000000aa030000000000000000aa030000000000000000aa03
01:08:08.346 [DEBUG] [serial] RX 128 bytes: 0000000000000000aa030000000000000000aa030000000000000000aa030000000000000000aa030000000000000000aa030000000000000000aa030000000000000000aa030000000000000000aa030000000000000000aa030000000000000000aa030000000000000000aa030000000000000000aa030000000000000000
01:08:08.347 [INFO] [GUI] Click STOP
01:08:08.347 [INFO] [serial] Encolando TX CMD_STOP: bb05
01:08:08.350 [INFO] [serial] TX CMD_STOP: bb05
01:08:08.351 [DEBUG] [serial] TX OK: 2 bytes escritos
01:08:08.351 [DEBUG] [serial] RX 128 bytes: aa030000000000000000aa030000000000000000aa030000000000000000aa030000000000000000aa030000000000000000aa030000000000000000aa030000000000000000aa030000000000000000aa030000000000000000aa030000000000000000aa030000000000000000aa030000000000000000aa03000000000000
01:08:08.457 [DEBUG] [serial] RX 2 bytes: 0000
01:11:50.532 [ERROR] [serial] Error de lectura: ClearCommError failed (PermissionError(13, 'The device does not recognize the command.', None, 22))
01:11:50.532 [INFO] [serial] Loop de lectura terminado.
01:11:50.532 [INFO] [serial] Puerto cerrado.
01:12:22.052 [INFO] [GUI] Cerrando ventana...
01:12:22.052 [WARNING] [serial] TX ignorado (puerto no abierto): CMD_STOP (close)
01:12:22.053 [INFO] [serial] Solicitando parada del worker...
01:12:22.053 [INFO] [GUI] Worker terminado, cerrando.
01:12:22.062 [INFO] [GUI] app.exec_() retorno con codigo 0
