01:07:10.949 [INFO] Log file: C:\Github\Tesis\src\python\geophone_scope - Copy\logs\scope_min_20260420_010710.log
01:07:10.949 [INFO] ============================================================
01:07:10.950 [INFO] scope_min.py arrancando
01:07:10.950 [INFO] ============================================================
01:07:10.950 [INFO] [USB] Buscando dispositivo Cypress (VID=0x04B4)...
01:07:10.955 [INFO] [USB] Puertos encontrados: 1
01:07:10.956 [INFO] [USB]   COM3 | VID=0x04b4 | PID=0xf232 | desc=USB Serial Device (COM3)
01:07:10.956 [INFO] [USB] -> Cypress encontrado en COM3
01:07:10.956 [INFO] Usando puerto: COM3
01:07:10.967 [INFO] [GUI] Iniciando ScopeWindow, puerto=COM3
01:07:10.968 [INFO] [GUI] Construyendo UI...
01:07:11.136 [INFO] [GUI] UI construida OK
01:07:11.136 [INFO] [GUI] Creando SerialWorker para COM3
01:07:11.137 [INFO] [serial] Abriendo puerto COM3 ...
01:07:11.137 [INFO] [GUI] SerialWorker iniciado
01:07:11.137 [INFO] [GUI] Timer de refresh iniciado (80ms)
01:07:11.137 [INFO] [GUI] ScopeWindow lista
01:07:11.300 [INFO] [serial] Puerto abierto: Serial<id=0x19db7dd0e80, open=True>(port='COM3', baudrate=115200, bytesize=8, parity='N', stopbits=1, timeout=0.1, xonxoff=False, rtscts=False, dsrdtr=False)
01:07:11.320 [INFO] [GUI] app.exec_() — entrando en event loop Qt
01:07:11.320 [INFO] [serial] Entrando en loop de lectura...
01:07:12.822 [INFO] [GUI] Click START
01:07:12.822 [INFO] [serial] Encolando TX CMD_START: bb04
01:07:12.844 [INFO] [serial] TX CMD_START: bb04
01:07:12.845 [DEBUG] [serial] TX OK: 2 bytes escritos
01:07:12.851 [DEBUG] [serial] RX 128 bytes: aa000000000000000000aa000000000000000000aa000000000000000000aa000000000000000000aa000000000000000000aa000000000000000000aa000000000000000000aa000000000000000000aa000000000000000000aa000000000000000000aa000000000000000000aa000000000000000000aa00000000000000
01:07:12.851 [DEBUG] [serial] PKT #1: flags=0x00 in=0 ds=0 flt=0
01:07:12.852 [DEBUG] [serial] PKT #2: flags=0x00 in=0 ds=0 flt=0
01:07:12.852 [DEBUG] [serial] PKT #3: flags=0x00 in=0 ds=0 flt=0
01:07:12.852 [DEBUG] [serial] PKT #4: flags=0x00 in=0 ds=0 flt=0
01:07:12.852 [DEBUG] [serial] PKT #5: flags=0x00 in=0 ds=0 flt=0
01:07:12.853 [DEBUG] [serial] RX 128 bytes: 0000aa000000000000000000aa000000000000000000aa000000000000000000aa000000000000000000aa000000000000000000aa000000000000000000aa000000000000000000aa000000000000000000aa000000000000000000aa000000000000000000aa000000000000000000aa000000000000000000aa0000000000
01:07:12.857 [DEBUG] [serial] RX 128 bytes: 00000000aa000000000000000000aa000000000000000000aa000000000000000000aa000000000000000000aa000000000000000000aa000000000000000000aa000000000000000000aa000000000000000000aa000000000000000000aa000000000000000000aa000000000000000000aa000000000000000000aa000000
01:07:12.861 [DEBUG] [serial] RX 128 bytes: 000000000000aa000000000000000000aa000000000000000000aa000000000000000000aa000000000000000000aa000000000000000000aa000000000000000000aa000000000000000000aa000000000000000000aa000000000000000000aa000000000000000000aa000000000000000000aa000000000000000000aa00
01:07:12.865 [DEBUG] [serial] RX 128 bytes: 0000000000000000aa000000000000000000aa000000000000000000aa000000000000000000aa000000000000000000aa000000000000000000aa000000000000000000aa000000000000000000aa000000000000000000aa000000000000000000aa000000000000000000aa000000000000000000aa000000000000000000
01:07:12.869 [DEBUG] [serial] RX 128 bytes: aa000000000000000000aa000000000000000000aa000000000000000000aa000000000000000000aa000000000000000000aa000000000000000000aa000000000000000000aa000000000000000000aa000000000000000000aa000000000000000000aa000000000000000000aa000000000000000000aa00000000000000
01:07:12.873 [DEBUG] [serial] RX 128 bytes: 0000aa000000000000000000aa000000000000000000aa000000000000000000aa000000000000000000aa000000000000000000aa000000000000000000aa000000000000000000aa000000000000000000aa000000000000000000aa000000000000000000aa000000000000000000aa000000000000000000aa0000000000
01:07:12.877 [DEBUG] [serial] RX 128 bytes: 00000000aa000000000000000000aa000000000000000000aa000000000000000000aa000000000000000000aa000000000000000000aa000000000000000000aa000000000000000000aa000000000000000000aa000000000000000000aa000000000000000000aa000000000000000000aa000000000000000000aa000000
01:07:12.881 [DEBUG] [serial] RX 128 bytes: 000000000000aa000000000000000000aa000000000000000000aa000000000000000000aa000000000000000000aa000000000000000000aa000000000000000000aa000000000000000000aa000000000000000000aa000000000000000000aa000000000000000000aa000000000000000000aa000000000000000000aa00
01:07:12.884 [DEBUG] [serial] RX 128 bytes: 0000000000000000aa000000000000000000aa000000000000000000aa000000000000000000aa000000000000000000aa000000000000000000aa000000000000000000aa000000000000000000aa000000000000000000aa000000000000000000aa000000000000000000aa000000000000000000aa000000000000000000
01:07:12.888 [DEBUG] [serial] RX 128 bytes: aa000000000000000000aa000000000000000000aa000000000000000000aa000000000000000000aa000000000000000000aa000000000000000000aa000000000000000000aa000000000000000000aa000000000000000000aa000000000000000000aa000000000000000000aa000000000000000000aa00000000000000
01:07:12.893 [DEBUG] [serial] RX 128 bytes: 0000aa000000000000000000aa000000000000000000aa000000000000000000aa000000000000000000aa000000000000000000aa000000000000000000aa000000000000000000aa000000000000000000aa000000000000000000aa000000000000000000aa000000000000000000aa000000000000000000aa0000000000
01:07:12.897 [DEBUG] [serial] RX 128 bytes: 00000000aa000000000000000000aa000000000000000000aa000000000000000000aa000000000000000000aa000000000000000000aa000000000000000000aa000000000000000000aa000000000000000000aa000000000000000000aa000000000000000000aa000000000000000000aa000000000000000000aa000000
01:07:12.901 [DEBUG] [serial] RX 128 bytes: 000000000000aa000000000000000000aa000000000000000000aa000000000000000000aa000000000000000000aa000000000000000000aa000000000000000000aa000000000000000000aa000000000000000000aa000000000000000000aa000000000000000000aa000000000000000000aa000000000000000000aa00
01:07:12.904 [DEBUG] [serial] RX 128 bytes: 0000000000000000aa000000000000000000aa000000000000000000aa000000000000000000aa000000000000000000aa000000000000000000aa000000000000000000aa000000000000000000aa000000000000000000aa000000000000000000aa000000000000000000aa000000000000000000aa000000000000000000
01:07:12.908 [DEBUG] [serial] RX 128 bytes: aa000000000000000000aa000000000000000000aa000000000000000000aa000000000000000000aa000000000000000000aa000000000000000000aa000000000000000000aa000000000000000000aa000000000000000000aa000000000000000000aa000000000000000000aa000000000000000000aa00000000000000
01:07:12.912 [DEBUG] [serial] RX 128 bytes: 0000aa000000000000000000aa000000000000000000aa000000000000000000aa000000000000000000aa000000000000000000aa000000000000000000aa000000000000000000aa000000000000000000aa000000000000000000aa000000000000000000aa000000000000000000aa000000000000000000aa0000000000
01:07:12.916 [DEBUG] [serial] RX 128 bytes: 00000000aa000000000000000000aa000000000000000000aa000000000000000000aa000000000000000000aa000000000000000000aa000000000000000000aa000000000000000000aa000000000000000000aa000000000000000000aa000000000000000000aa000000000000000000aa000000000000000000aa000000
01:07:12.920 [DEBUG] [serial] RX 128 bytes: 000000000000aa000000000000000000aa000000000000000000aa000000000000000000aa000000000000000000aa000000000000000000aa000000000000000000aa000000000000000000aa000000000000000000aa000000000000000000aa000000000000000000aa000000000000000000aa000000000000000000aa00
01:07:12.924 [DEBUG] [serial] RX 128 bytes: 0000000000000000aa000000000000000000aa000000000000000000aa000000000000000000aa000000000000000000aa000000000000000000aa000000000000000000aa000000000000000000aa000000000000000000aa000000000000000000aa000000000000000000aa000000000000000000aa000000000000000000
01:07:12.928 [DEBUG] [serial] RX 128 bytes: aa000000000000000000aa000000000000000000aa000000000000000000aa000000000000000000aa000000000000000000aa000000000000000000aa000000000000000000aa000000000000000000aa000000000000000000aa000000000000000000aa000000000000000000aa000000000000000000aa00000000000000
01:07:12.932 [DEBUG] [serial] RX 128 bytes: 0000aa000000000000000000aa000000000000000000aa000000000000000000aa000000000000000000aa000000000000000000aa000000000000000000aa000000000000000000aa000000000000000000aa000000000000000000aa000000000000000000aa000000000000000000aa000000000000000000aa0000000000
01:07:12.937 [DEBUG] [serial] RX 128 bytes: 00000000aa000000000000000000aa000000000000000000aa000000000000000000aa000000000000000000aa000000000000000000aa000000000000000000aa000000000000000000aa000000000000000000aa000000000000000000aa000000000000000000aa000000000000000000aa000000000000000000aa000000
01:07:12.940 [DEBUG] [serial] RX 128 bytes: 000000000000aa000000000000000000aa000000000000000000aa000000000000000000aa000000000000000000aa000000000000000000aa000000000000000000aa000000000000000000aa000000000000000000aa000000000000000000aa000000000000000000aa000000000000000000aa000000000000000000aa00
01:07:12.944 [DEBUG] [serial] RX 128 bytes: 0000000000000000aa000000000000000000aa000000000000000000aa000000000000000000aa000000000000000000aa000000000000000000aa000000000000000000aa000000000000000000aa000000000000000000aa000000000000000000aa000000000000000000aa000000000000000000aa000000000000000000
01:07:12.948 [DEBUG] [serial] RX 128 bytes: aa000000000000000000aa000000000000000000aa000000000000000000aa000000000000000000aa000000000000000000aa000000000000000000aa000000000000000000aa000000000000000000aa000000000000000000aa000000000000000000aa000000000000000000aa000000000000000000aa00000000000000
01:07:12.952 [DEBUG] [serial] RX 128 bytes: 0000aa000000000000000000aa000000000000000000aa000000000000000000aa000000000000000000aa000000000000000000aa000000000000000000aa000000000000000000aa000000000000000000aa000000000000000000aa000000000000000000aa000000000000000000aa000000000000000000aa0000000000
01:07:12.956 [DEBUG] [serial] RX 128 bytes: 00000000aa000000000000000000aa000000000000000000aa000000000000000000aa000000000000000000aa000000000000000000aa000000000000000000aa000000000000000000aa000000000000000000aa000000000000000000aa000000000000000000aa000000000000000000aa000000000000000000aa000000
01:07:12.960 [DEBUG] [serial] RX 128 bytes: 000000000000aa000000000000000000aa000000000000000000aa000000000000000000aa000000000000000000aa000000000000000000aa000000000000000000aa000000000000000000aa000000000000000000aa000000000000000000aa000000000000000000aa000000000000000000aa000000000000000000aa00
01:07:12.964 [DEBUG] [serial] RX 128 bytes: 0000000000000000aa000000000000000000aa000000000000000000aa000000000000000000aa000000000000000000aa000000000000000000aa000000000000000000aa000000000000000000aa000000000000000000aa000000000000000000aa000000000000000000aa000000000000000000aa000000000000000000
01:07:12.968 [DEBUG] [serial] RX 128 bytes: aa000000000000000000aa000000000000000000aa000000000000000000aa000000000000000000aa000000000000000000aa000000000000000000aa000000000000000000aa000000000000000000aa000000000000000000aa000000000000000000aa000000000000000000aa000000000000000000aa00000000000000
01:07:12.972 [DEBUG] [serial] RX 128 bytes: 0000aa000000000000000000aa000000000000000000aa000000000000000000aa000000000000000000aa000000000000000000aa000000000000000000aa000000000000000000aa000000000000000000aa000000000000000000aa000000000000000000aa000000000000000000aa000000000000000000aa0000000000
01:07:12.976 [DEBUG] [serial] RX 128 bytes: 00000000aa000000000000000000aa000000000000000000aa000000000000000000aa000000000000000000aa000000000000000000aa000000000000000000aa000000000000000000aa000000000000000000aa000000000000000000aa000000000000000000aa000000000000000000aa000000000000000000aa000000
01:07:12.980 [DEBUG] [serial] RX 128 bytes: 000000000000aa000000000000000000aa000000000000000000aa000000000000000000aa000000000000000000aa000000000000000000aa000000000000000000aa000000000000000000aa000000000000000000aa000000000000000000aa000000000000000000aa000000000000000000aa000000000000000000aa00
01:07:12.984 [DEBUG] [serial] RX 128 bytes: 0000000000000000aa000000000000000000aa000000000000000000aa000000000000000000aa000000000000000000aa000000000000000000aa000000000000000000aa000000000000000000aa000000000000000000aa000000000000000000aa000000000000000000aa000000000000000000aa000000000000000000
01:07:12.988 [DEBUG] [serial] RX 128 bytes: aa000000000000000000aa000000000000000000aa000000000000000000aa000000000000000000aa000000000000000000aa000000000000000000aa000000000000000000aa000000000000000000aa000000000000000000aa000000000000000000aa000000000000000000aa000000000000000000aa00000000000000
01:07:12.992 [DEBUG] [serial] RX 128 bytes: 0000aa000000000000000000aa000000000000000000aa000000000000000000aa000000000000000000aa000000000000000000aa000000000000000000aa000000000000000000aa000000000000000000aa000000000000000000aa000000000000000000aa000000000000000000aa000000000000000000aa0000000000
01:07:12.996 [DEBUG] [serial] RX 128 bytes: 00000000aa000000000000000000aa000000000000000000aa000000000000000000aa000000000000000000aa000000000000000000aa000000000000000000aa000000000000000000aa000000000000000000aa000000000000000000aa000000000000000000aa000000000000000000aa000000000000000000aa000000
01:07:13.000 [DEBUG] [serial] RX 128 bytes: 000000000000aa000000000000000000aa000000000000000000aa000000000000000000aa000000000000000000aa000000000000000000aa000000000000000000aa000000000000000000aa000000000000000000aa000000000000000000aa000000000000000000aa000000000000000000aa000000000000000000aa00
01:07:13.004 [DEBUG] [serial] RX 128 bytes: 0000000000000000aa000000000000000000aa000000000000000000aa000000000000000000aa000000000000000000aa000000000000000000aa000000000000000000aa000000000000000000aa000000000000000000aa000000000000000000aa000000000000000000aa000000000000000000aa000000000000000000
01:07:13.004 [DEBUG] [serial] PKT #500: flags=0x00 in=0 ds=0 flt=0
01:07:13.008 [DEBUG] [serial] RX 128 bytes: aa000000000000000000aa000000000000000000aa000000000000000000aa000000000000000000aa000000000000000000aa000000000000000000aa000000000000000000aa000000000000000000aa000000000000000000aa000000000000000000aa000000000000000000aa000000000000000000aa00000000000000
01:07:13.012 [DEBUG] [serial] RX 128 bytes: 0000aa000000000000000000aa000000000000000000aa000000000000000000aa000000000000000000aa000000000000000000aa000000000000000000aa000000000000000000aa000000000000000000aa000000000000000000aa000000000000000000aa000000000000000000aa000000000000000000aa0000000000
01:07:13.016 [DEBUG] [serial] RX 128 bytes: 00000000aa000000000000000000aa000000000000000000aa000000000000000000aa000000000000000000aa000000000000000000aa000000000000000000aa000000000000000000aa000000000000000000aa000000000000000000aa000000000000000000aa000000000000000000aa000000000000000000aa000000
01:07:13.020 [DEBUG] [serial] RX 128 bytes: 000000000000aa000000000000000000aa000000000000000000aa000000000000000000aa000000000000000000aa000000000000000000aa000000000000000000aa000000000000000000aa000000000000000000aa000000000000000000aa000000000000000000aa000000000000000000aa000000000000000000aa00
01:07:13.023 [DEBUG] [serial] RX 128 bytes: 0000000000000000aa000000000000000000aa000000000000000000aa000000000000000000aa000000000000000000aa000000000000000000aa000000000000000000aa000000000000000000aa000000000000000000aa000000000000000000aa000000000000000000aa000000000000000000aa000000000000000000
01:07:13.027 [DEBUG] [serial] RX 128 bytes: aa000000000000000000aa000000000000000000aa000000000000000000aa000000000000000000aa000000000000000000aa000000000000000000aa000000000000000000aa000000000000000000aa000000000000000000aa000000000000000000aa000000000000000000aa000000000000000000aa00000000000000
01:07:13.031 [DEBUG] [serial] RX 128 bytes: 0000aa000000000000000000aa000000000000000000aa000000000000000000aa000000000000000000aa000000000000000000aa000000000000000000aa000000000000000000aa000000000000000000aa000000000000000000aa000000000000000000aa000000000000000000aa000000000000000000aa0000000000
01:07:13.035 [DEBUG] [serial] RX 128 bytes: 00000000aa000000000000000000aa000000000000000000aa000000000000000000aa000000000000000000aa000000000000000000aa000000000000000000aa000000000000000000aa000000000000000000aa000000000000000000aa000000000000000000aa000000000000000000aa000000000000000000aa000000
01:07:13.040 [DEBUG] [serial] RX 128 bytes: 000000000000aa000000000000000000aa000000000000000000aa000000000000000000aa000000000000000000aa000000000000000000aa000000000000000000aa000000000000000000aa000000000000000000aa000000000000000000aa000000000000000000aa000000000000000000aa000000000000000000aa00
01:07:13.043 [DEBUG] [serial] RX 128 bytes: 0000000000000000aa000000000000000000aa000000000000000000aa000000000000000000aa000000000000000000aa000000000000000000aa000000000000000000aa000000000000000000aa000000000000000000aa000000000000000000aa000000000000000000aa000000000000000000aa000000000000000000
01:07:13.047 [DEBUG] [serial] RX 128 bytes: aa000000000000000000aa000000000000000000aa000000000000000000aa000000000000000000aa000000000000000000aa000000000000000000aa000000000000000000aa000000000000000000aa000000000000000000aa000000000000000000aa000000000000000000aa000000000000000000aa00000000000000
01:07:13.051 [DEBUG] [serial] RX 128 bytes: 0000aa000000000000000000aa000000000000000000aa000000000000000000aa000000000000000000aa000000000000000000aa000000000000000000aa000000000000000000aa000000000000000000aa000000000000000000aa000000000000000000aa000000000000000000aa000000000000000000aa0000000000
01:07:13.055 [DEBUG] [serial] RX 128 bytes: 00000000aa000000000000000000aa000000000000000000aa000000000000000000aa000000000000000000aa000000000000000000aa000000000000000000aa000000000000000000aa000000000000000000aa000000000000000000aa000000000000000000aa000000000000000000aa000000000000000000aa000000
01:07:13.059 [DEBUG] [serial] RX 128 bytes: 000000000000aa000000000000000000aa000000000000000000aa000000000000000000aa000000000000000000aa000000000000000000aa000000000000000000aa000000000000000000aa000000000000000000aa000000000000000000aa000000000000000000aa000000000000000000aa000000000000000000aa00
01:07:13.063 [DEBUG] [serial] RX 128 bytes: 0000000000000000aa000000000000000000aa000000000000000000aa000000000000000000aa000000000000000000aa000000000000000000aa000000000000000000aa000000000000000000aa000000000000000000aa000000000000000000aa000000000000000000aa000000000000000000aa000000000000000000
01:07:13.067 [DEBUG] [serial] RX 128 bytes: aa000000000000000000aa000000000000000000aa000000000000000000aa000000000000000000aa000000000000000000aa000000000000000000aa000000000000000000aa000000000000000000aa000000000000000000aa000000000000000000aa000000000000000000aa000000000000000000aa00000000000000
01:07:13.071 [DEBUG] [serial] RX 128 bytes: 0000aa000000000000000000aa000000000000000000aa000000000000000000aa000000000000000000aa000000000000000000aa000000000000000000aa000000000000000000aa000000000000000000aa000000000000000000aa000000000000000000aa000000000000000000aa000000000000000000aa0000000000
01:07:13.075 [DEBUG] [serial] RX 128 bytes: 00000000aa000000000000000000aa000000000000000000aa000000000000000000aa000000000000000000aa000000000000000000aa000000000000000000aa000000000000000000aa000000000000000000aa000000000000000000aa000000000000000000aa000000000000000000aa000000000000000000aa000000
01:07:13.079 [DEBUG] [serial] RX 128 bytes: 000000000000aa000000000000000000aa000000000000000000aa000000000000000000aa000000000000000000aa000000000000000000aa000000000000000000aa000000000000000000aa000000000000000000aa000000000000000000aa000000000000000000aa000000000000000000aa000000000000000000aa00
01:07:13.083 [DEBUG] [serial] RX 128 bytes: 0000000000000000aa000000000000000000aa000000000000000000aa000000000000000000aa000000000000000000aa000000000000000000aa000000000000000000aa000000000000000000aa000000000000000000aa000000000000000000aa000000000000000000aa000000000000000000aa000000000000000000
01:07:13.087 [DEBUG] [serial] RX 128 bytes: aa000000000000000000aa000000000000000000aa000000000000000000aa000000000000000000aa000000000000000000aa000000000000000000aa000000000000000000aa000000000000000000aa000000000000000000aa000000000000000000aa000000000000000000aa000000000000000000aa00000000000000
01:07:13.091 [DEBUG] [serial] RX 128 bytes: 0000aa000000000000000000aa000000000000000000aa000000000000000000aa000000000000000000aa000000000000000000aa000000000000000000aa000000000000000000aa000000000000000000aa000000000000000000aa000000000000000000aa000000000000000000aa000000000000000000aa0000000000
01:07:13.095 [DEBUG] [serial] RX 128 bytes: 00000000aa000000000000000000aa000000000000000000aa000000000000000000aa000000000000000000aa000000000000000000aa000000000000000000aa000000000000000000aa000000000000000000aa000000000000000000aa000000000000000000aa000000000000000000aa000000000000000000aa000000
01:07:13.099 [DEBUG] [serial] RX 128 bytes: 000000000000aa000000000000000000aa000000000000000000aa000000000000000000aa000000000000000000aa000000000000000000aa000000000000000000aa000000000000000000aa000000000000000000aa000000000000000000aa000000000000000000aa000000000000000000aa000000000000000000aa00
01:07:13.103 [DEBUG] [serial] RX 128 bytes: 0000000000000000aa000000000000000000aa000000000000000000aa000000000000000000aa000000000000000000aa000000000000000000aa000000000000000000aa000000000000000000aa000000000000000000aa000000000000000000aa000000000000000000aa000000000000000000aa000000000000000000
01:07:13.107 [DEBUG] [serial] RX 128 bytes: aa000000000000000000aa000000000000000000aa000000000000000000aa000000000000000000aa000000000000000000aa000000000000000000aa000000000000000000aa000000000000000000aa000000000000000000aa000000000000000000aa000000000000000000aa000000000000000000aa00000000000000
01:07:13.111 [DEBUG] [serial] RX 128 bytes: 0000aa000000000000000000aa000000000000000000aa000000000000000000aa000000000000000000aa000000000000000000aa000000000000000000aa000000000000000000aa000000000000000000aa000000000000000000aa000000000000000000aa000000000000000000aa000000000000000000aa0000000000
01:07:13.115 [DEBUG] [serial] RX 128 bytes: 00000000aa000000000000000000aa000000000000000000aa000000000000000000aa000000000000000000aa000000000000000000aa000000000000000000aa000000000000000000aa000000000000000000aa000000000000000000aa000000000000000000aa000000000000000000aa000000000000000000aa000000
01:07:13.119 [DEBUG] [serial] RX 128 bytes: 000000000000aa000000000000000000aa000000000000000000aa000000000000000000aa000000000000000000aa000000000000000000aa000000000000000000aa000000000000000000aa000000000000000000aa000000000000000000aa000000000000000000aa000000000000000000aa000000000000000000aa00
01:07:13.123 [DEBUG] [serial] RX 128 bytes: 0000000000000000aa000000000000000000aa000000000000000000aa000000000000000000aa000000000000000000aa000000000000000000aa000000000000000000aa000000000000000000aa000000000000000000aa000000000000000000aa000000000000000000aa000000000000000000aa000000000000000000
01:07:13.127 [DEBUG] [serial] RX 128 bytes: aa000000000000000000aa000000000000000000aa000000000000000000aa000000000000000000aa000000000000000000aa000000000000000000aa000000000000000000aa000000000000000000aa000000000000000000aa000000000000000000aa000000000000000000aa000000000000000000aa00000000000000
01:07:13.131 [DEBUG] [serial] RX 128 bytes: 0000aa000000000000000000aa000000000000000000aa000000000000000000aa000000000000000000aa000000000000000000aa000000000000000000aa000000000000000000aa000000000000000000aa000000000000000000aa000000000000000000aa000000000000000000aa000000000000000000aa0000000000
01:07:13.135 [DEBUG] [serial] RX 128 bytes: 00000000aa000000000000000000aa000000000000000000aa000000000000000000aa000000000000000000aa000000000000000000aa000000000000000000aa000000000000000000aa000000000000000000aa000000000000000000aa000000000000000000aa000000000000000000aa000000000000000000aa000000
01:07:13.139 [DEBUG] [serial] RX 128 bytes: 000000000000aa000000000000000000aa000000000000000000aa000000000000000000aa000000000000000000aa000000000000000000aa000000000000000000aa000000000000000000aa000000000000000000aa000000000000000000aa000000000000000000aa000000000000000000aa000000000000000000aa00
01:07:13.143 [DEBUG] [serial] RX 128 bytes: 0000000000000000aa000000000000000000aa000000000000000000aa000000000000000000aa000000000000000000aa000000000000000000aa000000000000000000aa000000000000000000aa000000000000000000aa000000000000000000aa000000000000000000aa000000000000000000aa000000000000000000
01:07:13.147 [DEBUG] [serial] RX 128 bytes: aa000000000000000000aa000000000000000000aa000000000000000000aa000000000000000000aa000000000000000000aa000000000000000000aa000000000000000000aa000000000000000000aa000000000000000000aa000000000000000000aa000000000000000000aa000000000000000000aa00000000000000
01:07:13.151 [DEBUG] [serial] RX 128 bytes: 0000aa000000000000000000aa000000000000000000aa000000000000000000aa000000000000000000aa000000000000000000aa000000000000000000aa000000000000000000aa000000000000000000aa000000000000000000aa000000000000000000aa000000000000000000aa000000000000000000aa0000000000
01:07:13.155 [DEBUG] [serial] RX 128 bytes: 00000000aa000000000000000000aa000000000000000000aa000000000000000000aa000000000000000000aa000000000000000000aa000000000000000000aa000000000000000000aa000000000000000000aa000000000000000000aa000000000000000000aa000000000000000000aa000000000000000000aa000000
01:07:13.159 [DEBUG] [serial] RX 128 bytes: 000000000000aa000000000000000000aa000000000000000000aa000000000000000000aa000000000000000000aa000000000000000000aa000000000000000000aa000000000000000000aa000000000000000000aa000000000000000000aa000000000000000000aa000000000000000000aa000000000000000000aa00
01:07:13.159 [DEBUG] [serial] PKT #1000: flags=0x00 in=0 ds=0 flt=0
01:07:13.162 [DEBUG] [serial] RX 128 bytes: 0000000000000000aa000000000000000000aa000000000000000000aa000000000000000000aa000000000000000000aa000000000000000000aa000000000000000000aa000000000000000000aa000000000000000000aa000000000000000000aa000000000000000000aa000000000000000000aa000000000000000000
01:07:13.166 [DEBUG] [serial] RX 128 bytes: aa000000000000000000aa000000000000000000aa000000000000000000aa000000000000000000aa000000000000000000aa000000000000000000aa000000000000000000aa000000000000000000aa000000000000000000aa000000000000000000aa000000000000000000aa000000000000000000aa00000000000000
01:07:13.170 [DEBUG] [serial] RX 128 bytes: 0000aa000000000000000000aa000000000000000000aa000000000000000000aa000000000000000000aa000000000000000000aa000000000000000000aa000000000000000000aa000000000000000000aa000000000000000000aa000000000000000000aa000000000000000000aa000000000000000000aa0000000000
01:07:13.175 [DEBUG] [serial] RX 128 bytes: 00000000aa000000000000000000aa000000000000000000aa000000000000000000aa000000000000000000aa000000000000000000aa000000000000000000aa000000000000000000aa000000000000000000aa000000000000000000aa000000000000000000aa000000000000000000aa000000000000000000aa000000
01:07:13.179 [DEBUG] [serial] RX 128 bytes: 000000000000aa000000000000000000aa000000000000000000aa000000000000000000aa000000000000000000aa000000000000000000aa000000000000000000aa000000000000000000aa000000000000000000aa000000000000000000aa000000000000000000aa000000000000000000aa000000000000000000aa00
01:07:13.182 [DEBUG] [serial] RX 128 bytes: 0000000000000000aa000000000000000000aa000000000000000000aa000000000000000000aa000000000000000000aa000000000000000000aa000000000000000000aa000000000000000000aa000000000000000000aa000000000000000000aa000000000000000000aa000000000000000000aa000000000000000000
01:07:13.186 [DEBUG] [serial] RX 128 bytes: aa000000000000000000aa000000000000000000aa000000000000000000aa000000000000000000aa000000000000000000aa000000000000000000aa000000000000000000aa000000000000000000aa000000000000000000aa000000000000000000aa000000000000000000aa000000000000000000aa00000000000000
01:07:13.190 [DEBUG] [serial] RX 128 bytes: 0000aa000000000000000000aa000000000000000000aa000000000000000000aa000000000000000000aa000000000000000000aa000000000000000000aa000000000000000000aa000000000000000000aa000000000000000000aa000000000000000000aa000000000000000000aa000000000000000000aa0000000000
01:07:13.194 [DEBUG] [serial] RX 128 bytes: 00000000aa000000000000000000aa000000000000000000aa000000000000000000aa000000000000000000aa000000000000000000aa000000000000000000aa000000000000000000aa000000000000000000aa000000000000000000aa000000000000000000aa000000000000000000aa000000000000000000aa000000
01:07:13.198 [DEBUG] [serial] RX 128 bytes: 000000000000aa000000000000000000aa000000000000000000aa000000000000000000aa000000000000000000aa000000000000000000aa000000000000000000aa000000000000000000aa000000000000000000aa000000000000000000aa000000000000000000aa000000000000000000aa000000000000000000aa00
01:07:13.202 [DEBUG] [serial] RX 128 bytes: 0000000000000000aa000000000000000000aa000000000000000000aa000000000000000000aa000000000000000000aa000000000000000000aa000000000000000000aa000000000000000000aa000000000000000000aa000000000000000000aa000000000000000000aa000000000000000000aa000000000000000000
01:07:13.206 [DEBUG] [serial] RX 128 bytes: aa000000000000000000aa000000000000000000aa000000000000000000aa000000000000000000aa000000000000000000aa000000000000000000aa000000000000000000aa000000000000000000aa000000000000000000aa000000000000000000aa000000000000000000aa000000000000000000aa00000000000000
01:07:13.210 [DEBUG] [serial] RX 128 bytes: 0000aa000000000000000000aa000000000000000000aa000000000000000000aa000000000000000000aa000000000000000000aa000000000000000000aa000000000000000000aa000000000000000000aa000000000000000000aa000000000000000000aa000000000000000000aa000000000000000000aa0000000000
01:07:13.214 [DEBUG] [serial] RX 128 bytes: 00000000aa000000000000000000aa000000000000000000aa000000000000000000aa000000000000000000aa000000000000000000aa000000000000000000aa000000000000000000aa000000000000000000aa000000000000000000aa000000000000000000aa000000000000000000aa000000000000000000aa000000
01:07:13.218 [DEBUG] [serial] RX 128 bytes: 000000000000aa000000000000000000aa000000000000000000aa000000000000000000aa000000000000000000aa000000000000000000aa000000000000000000aa000000000000000000aa000000000000000000aa000000000000000000aa000000000000000000aa000000000000000000aa000000000000000000aa00
01:07:13.222 [DEBUG] [serial] RX 128 bytes: 0000000000000000aa000000000000000000aa000000000000000000aa000000000000000000aa000000000000000000aa000000000000000000aa000000000000000000aa000000000000000000aa000000000000000000aa000000000000000000aa000000000000000000aa000000000000000000aa000000000000000000
01:07:13.226 [DEBUG] [serial] RX 128 bytes: aa000000000000000000aa000000000000000000aa000000000000000000aa000000000000000000aa000000000000000000aa000000000000000000aa000000000000000000aa000000000000000000aa000000000000000000aa000000000000000000aa000000000000000000aa000000000000000000aa00000000000000
01:07:13.230 [DEBUG] [serial] RX 128 bytes: 0000aa000000000000000000aa000000000000000000aa000000000000000000aa000000000000000000aa000000000000000000aa000000000000000000aa000000000000000000aa000000000000000000aa000000000000000000aa000000000000000000aa000000000000000000aa000000000000000000aa0000000000
01:07:13.234 [DEBUG] [serial] RX 128 bytes: 00000000aa000000000000000000aa000000000000000000aa000000000000000000aa000000000000000000aa000000000000000000aa000000000000000000aa000000000000000000aa000000000000000000aa000000000000000000aa000000000000000000aa000000000000000000aa000000000000000000aa000000
01:07:13.238 [DEBUG] [serial] RX 128 bytes: 000000000000aa000000000000000000aa000000000000000000aa000000000000000000aa000000000000000000aa000000000000000000aa000000000000000000aa000000000000000000aa000000000000000000aa000000000000000000aa000000000000000000aa000000000000000000aa000000000000000000aa00
01:07:13.242 [DEBUG] [serial] RX 128 bytes: 0000000000000000aa000000000000000000aa000000000000000000aa000000000000000000aa000000000000000000aa000000000000000000aa000000000000000000aa000000000000000000aa000000000000000000aa000000000000000000aa000000000000000000aa000000000000000000aa000000000000000000
01:07:13.246 [DEBUG] [serial] RX 128 bytes: aa000000000000000000aa000000000000000000aa000000000000000000aa000000000000000000aa000000000000000000aa000000000000000000aa000000000000000000aa000000000000000000aa000000000000000000aa000000000000000000aa000000000000000000aa000000000000000000aa00000000000000
01:07:13.250 [DEBUG] [serial] RX 128 bytes: 0000aa000000000000000000aa000000000000000000aa000000000000000000aa000000000000000000aa000000000000000000aa000000000000000000aa000000000000000000aa000000000000000000aa000000000000000000aa000000000000000000aa000000000000000000aa000000000000000000aa0000000000
01:07:13.254 [DEBUG] [serial] RX 128 bytes: 00000000aa000000000000000000aa000000000000000000aa000000000000000000aa000000000000000000aa000000000000000000aa000000000000000000aa000000000000000000aa000000000000000000aa000000000000000000aa000000000000000000aa000000000000000000aa000000000000000000aa000000
01:07:13.258 [DEBUG] [serial] RX 128 bytes: 000000000000aa000000000000000000aa000000000000000000aa000000000000000000aa000000000000000000aa000000000000000000aa000000000000000000aa000000000000000000aa000000000000000000aa000000000000000000aa000000000000000000aa000000000000000000aa000000000000000000aa00
01:07:13.262 [DEBUG] [serial] RX 128 bytes: 0000000000000000aa000000000000000000aa000000000000000000aa000000000000000000aa000000000000000000aa000000000000000000aa000000000000000000aa000000000000000000aa000000000000000000aa000000000000000000aa000000000000000000aa000000000000000000aa000000000000000000
01:07:13.266 [DEBUG] [serial] RX 128 bytes: aa000000000000000000aa000000000000000000aa000000000000000000aa000000000000000000aa000000000000000000aa000000000000000000aa000000000000000000aa000000000000000000aa000000000000000000aa000000000000000000aa000000000000000000aa000000000000000000aa00000000000000
01:07:13.270 [DEBUG] [serial] RX 128 bytes: 0000aa000000000000000000aa000000000000000000aa000000000000000000aa000000000000000000aa000000000000000000aa000000000000000000aa000000000000000000aa000000000000000000aa000000000000000000aa000000000000000000aa000000000000000000aa000000000000000000aa0000000000
01:07:13.274 [DEBUG] [serial] RX 128 bytes: 00000000aa000000000000000000aa000000000000000000aa000000000000000000aa000000000000000000aa000000000000000000aa000000000000000000aa000000000000000000aa000000000000000000aa000000000000000000aa000000000000000000aa000000000000000000aa000000000000000000aa000000
01:07:13.278 [DEBUG] [serial] RX 128 bytes: 000000000000aa000000000000000000aa000000000000000000aa000000000000000000aa000000000000000000aa000000000000000000aa000000000000000000aa000000000000000000aa000000000000000000aa000000000000000000aa000000000000000000aa000000000000000000aa000000000000000000aa00
01:07:13.282 [DEBUG] [serial] RX 128 bytes: 0000000000000000aa000000000000000000aa000000000000000000aa000000000000000000aa000000000000000000aa000000000000000000aa000000000000000000aa000000000000000000aa000000000000000000aa000000000000000000aa000000000000000000aa000000000000000000aa000000000000000000
01:07:13.286 [DEBUG] [serial] RX 128 bytes: aa000000000000000000aa000000000000000000aa000000000000000000aa000000000000000000aa000000000000000000aa000000000000000000aa000000000000000000aa000000000000000000aa000000000000000000aa000000000000000000aa000000000000000000aa000000000000000000aa00000000000000
01:07:13.290 [DEBUG] [serial] RX 128 bytes: 0000aa000000000000000000aa000000000000000000aa000000000000000000aa000000000000000000aa000000000000000000aa000000000000000000aa000000000000000000aa000000000000000000aa000000000000000000aa000000000000000000aa000000000000000000aa000000000000000000aa0000000000
01:07:13.294 [DEBUG] [serial] RX 128 bytes: 00000000aa000000000000000000aa000000000000000000aa000000000000000000aa000000000000000000aa000000000000000000aa000000000000000000aa000000000000000000aa000000000000000000aa000000000000000000aa000000000000000000aa000000000000000000aa000000000000000000aa000000
01:07:13.298 [DEBUG] [serial] RX 128 bytes: 000000000000aa000000000000000000aa000000000000000000aa000000000000000000aa000000000000000000aa000000000000000000aa000000000000000000aa000000000000000000aa000000000000000000aa000000000000000000aa000000000000000000aa000000000000000000aa000000000000000000aa00
01:07:13.301 [DEBUG] [serial] RX 128 bytes: 0000000000000000aa000000000000000000aa000000000000000000aa000000000000000000aa000000000000000000aa000000000000000000aa000000000000000000aa000000000000000000aa000000000000000000aa000000000000000000aa000000000000000000aa000000000000000000aa000000000000000000
01:07:13.305 [DEBUG] [serial] RX 128 bytes: aa000000000000000000aa000000000000000000aa000000000000000000aa000000000000000000aa000000000000000000aa000000000000000000aa000000000000000000aa000000000000000000aa000000000000000000aa000000000000000000aa000000000000000000aa000000000000000000aa00000000000000
01:07:13.310 [DEBUG] [serial] RX 128 bytes: 0000aa000000000000000000aa000000000000000000aa000000000000000000aa000000000000000000aa000000000000000000aa000000000000000000aa000000000000000000aa000000000000000000aa000000000000000000aa000000000000000000aa000000000000000000aa000000000000000000aa0000000000
01:07:13.314 [DEBUG] [serial] RX 128 bytes: 00000000aa000000000000000000aa000000000000000000aa000000000000000000aa000000000000000000aa000000000000000000aa000000000000000000aa000000000000000000aa000000000000000000aa000000000000000000aa000000000000000000aa000000000000000000aa000000000000000000aa000000
01:07:13.314 [DEBUG] [serial] PKT #1500: flags=0x00 in=0 ds=0 flt=0
01:07:13.318 [DEBUG] [serial] RX 128 bytes: 000000000000aa000000000000000000aa000000000000000000aa000000000000000000aa000000000000000000aa000000000000000000aa000000000000000000aa000000000000000000aa000000000000000000aa000000000000000000aa000000000000000000aa000000000000000000aa000000000000000000aa00
01:07:13.321 [DEBUG] [serial] RX 128 bytes: 0000000000000000aa000000000000000000aa000000000000000000aa000000000000000000aa000000000000000000aa000000000000000000aa000000000000000000aa000000000000000000aa000000000000000000aa000000000000000000aa000000000000000000aa000000000000000000aa000000000000000000
01:07:13.325 [DEBUG] [serial] RX 128 bytes: aa000000000000000000aa000000000000000000aa000000000000000000aa000000000000000000aa000000000000000000aa000000000000000000aa000000000000000000aa000000000000000000aa000000000000000000aa000000000000000000aa000000000000000000aa000000000000000000aa00000000000000
01:07:13.329 [DEBUG] [serial] RX 128 bytes: 0000aa000000000000000000aa000000000000000000aa000000000000000000aa000000000000000000aa000000000000000000aa000000000000000000aa000000000000000000aa000000000000000000aa000000000000000000aa000000000000000000aa000000000000000000aa000000000000000000aa0000000000
01:07:13.333 [DEBUG] [serial] RX 128 bytes: 00000000aa000000000000000000aa000000000000000000aa000000000000000000aa000000000000000000aa000000000000000000aa000000000000000000aa000000000000000000aa000000000000000000aa000000000000000000aa000000000000000000aa000000000000000000aa000000000000000000aa000000
01:07:13.337 [DEBUG] [serial] RX 128 bytes: 000000000000aa000000000000000000aa000000000000000000aa000000000000000000aa000000000000000000aa000000000000000000aa000000000000000000aa000000000000000000aa000000000000000000aa000000000000000000aa000000000000000000aa000000000000000000aa000000000000000000aa00
01:07:13.341 [DEBUG] [serial] RX 128 bytes: 0000000000000000aa000000000000000000aa000000000000000000aa000000000000000000aa000000000000000000aa000000000000000000aa000000000000000000aa000000000000000000aa000000000000000000aa000000000000000000aa000000000000000000aa000000000000000000aa000000000000000000
01:07:13.345 [DEBUG] [serial] RX 128 bytes: aa000000000000000000aa000000000000000000aa000000000000000000aa000000000000000000aa000000000000000000aa000000000000000000aa000000000000000000aa000000000000000000aa000000000000000000aa000000000000000000aa000000000000000000aa000000000000000000aa00000000000000
01:07:13.349 [DEBUG] [serial] RX 128 bytes: 0000aa000000000000000000aa000000000000000000aa000000000000000000aa000000000000000000aa000000000000000000aa000000000000000000aa000000000000000000aa000000000000000000aa000000000000000000aa000000000000000000aa000000000000000000aa000000000000000000aa0000000000
01:07:13.353 [DEBUG] [serial] RX 128 bytes: 00000000aa000000000000000000aa000000000000000000aa000000000000000000aa000000000000000000aa000000000000000000aa000000000000000000aa000000000000000000aa000000000000000000aa000000000000000000aa000000000000000000aa000000000000000000aa000000000000000000aa000000
01:07:13.357 [DEBUG] [serial] RX 128 bytes: 000000000000aa000000000000000000aa000000000000000000aa000000000000000000aa000000000000000000aa000000000000000000aa000000000000000000aa000000000000000000aa000000000000000000aa000000000000000000aa000000000000000000aa000000000000000000aa000000000000000000aa00
01:07:13.361 [DEBUG] [serial] RX 128 bytes: 0000000000000000aa000000000000000000aa000000000000000000aa000000000000000000aa000000000000000000aa000000000000000000aa000000000000000000aa000000000000000000aa000000000000000000aa000000000000000000aa000000000000000000aa000000000000000000aa000000000000000000
01:07:13.365 [DEBUG] [serial] RX 128 bytes: aa000000000000000000aa000000000000000000aa000000000000000000aa000000000000000000aa000000000000000000aa000000000000000000aa000000000000000000aa000000000000000000aa000000000000000000aa000000000000000000aa000000000000000000aa000000000000000000aa00000000000000
01:07:13.369 [DEBUG] [serial] RX 128 bytes: 0000aa000000000000000000aa000000000000000000aa000000000000000000aa000000000000000000aa000000000000000000aa000000000000000000aa000000000000000000aa000000000000000000aa000000000000000000aa000000000000000000aa000000000000000000aa000000000000000000aa0000000000
01:07:13.373 [DEBUG] [serial] RX 128 bytes: 00000000aa000000000000000000aa000000000000000000aa000000000000000000aa000000000000000000aa000000000000000000aa000000000000000000aa000000000000000000aa000000000000000000aa000000000000000000aa000000000000000000aa000000000000000000aa000000000000000000aa000000
01:07:13.377 [DEBUG] [serial] RX 128 bytes: 000000000000aa000000000000000000aa000000000000000000aa000000000000000000aa000000000000000000aa000000000000000000aa000000000000000000aa000000000000000000aa000000000000000000aa000000000000000000aa000000000000000000aa000000000000000000aa000000000000000000aa00
01:07:13.381 [DEBUG] [serial] RX 128 bytes: 0000000000000000aa000000000000000000aa000000000000000000aa000000000000000000aa000000000000000000aa000000000000000000aa000000000000000000aa000000000000000000aa000000000000000000aa000000000000000000aa000000000000000000aa000000000000000000aa000000000000000000
01:07:13.385 [DEBUG] [serial] RX 128 bytes: aa000000000000000000aa000000000000000000aa000000000000000000aa000000000000000000aa000000000000000000aa000000000000000000aa000000000000000000aa000000000000000000aa000000000000000000aa000000000000000000aa000000000000000000aa000000000000000000aa00000000000000
01:07:13.389 [DEBUG] [serial] RX 128 bytes: 0000aa000000000000000000aa000000000000000000aa000000000000000000aa000000000000000000aa000000000000000000aa000000000000000000aa000000000000000000aa000000000000000000aa000000000000000000aa000000000000000000aa000000000000000000aa000000000000000000aa0000000000
01:07:13.393 [DEBUG] [serial] RX 128 bytes: 00000000aa000000000000000000aa000000000000000000aa000000000000000000aa000000000000000000aa000000000000000000aa000000000000000000aa000000000000000000aa000000000000000000aa000000000000000000aa000000000000000000aa000000000000000000aa000000000000000000aa000000
01:07:13.397 [DEBUG] [serial] RX 128 bytes: 000000000000aa000000000000000000aa000000000000000000aa000000000000000000aa000000000000000000aa000000000000000000aa000000000000000000aa000000000000000000aa000000000000000000aa000000000000000000aa000000000000000000aa000000000000000000aa000000000000000000aa00
01:07:13.401 [DEBUG] [serial] RX 128 bytes: 0000000000000000aa000000000000000000aa000000000000000000aa000000000000000000aa000000000000000000aa000000000000000000aa000000000000000000aa000000000000000000aa000000000000000000aa000000000000000000aa000000000000000000aa000000000000000000aa000000000000000000
01:07:13.405 [DEBUG] [serial] RX 128 bytes: aa000000000000000000aa000000000000000000aa000000000000000000aa000000000000000000aa000000000000000000aa000000000000000000aa000000000000000000aa000000000000000000aa000000000000000000aa000000000000000000aa000000000000000000aa000000000000000000aa00000000000000
01:07:13.409 [DEBUG] [serial] RX 128 bytes: 0000aa000000000000000000aa000000000000000000aa000000000000000000aa000000000000000000aa000000000000000000aa000000000000000000aa000000000000000000aa000000000000000000aa000000000000000000aa000000000000000000aa000000000000000000aa000000000000000000aa0000000000
01:07:13.413 [DEBUG] [serial] RX 128 bytes: 00000000aa000000000000000000aa000000000000000000aa000000000000000000aa000000000000000000aa000000000000000000aa000000000000000000aa000000000000000000aa000000000000000000aa000000000000000000aa000000000000000000aa000000000000000000aa000000000000000000aa000000
01:07:13.417 [DEBUG] [serial] RX 128 bytes: 000000000000aa000000000000000000aa000000000000000000aa000000000000000000aa000000000000000000aa000000000000000000aa000000000000000000aa000000000000000000aa000000000000000000aa000000000000000000aa000000000000000000aa000000000000000000aa000000000000000000aa00
01:07:13.421 [DEBUG] [serial] RX 128 bytes: 0000000000000000aa000000000000000000aa000000000000000000aa000000000000000000aa000000000000000000aa000000000000000000aa000000000000000000aa000000000000000000aa000000000000000000aa000000000000000000aa000000000000000000aa000000000000000000aa000000000000000000
01:07:13.425 [DEBUG] [serial] RX 128 bytes: aa000000000000000000aa000000000000000000aa000000000000000000aa000000000000000000aa000000000000000000aa000000000000000000aa000000000000000000aa000000000000000000aa000000000000000000aa000000000000000000aa000000000000000000aa000000000000000000aa00000000000000
01:07:13.429 [DEBUG] [serial] RX 128 bytes: 0000aa000000000000000000aa000000000000000000aa000000000000000000aa000000000000000000aa000000000000000000aa000000000000000000aa000000000000000000aa000000000000000000aa000000000000000000aa000000000000000000aa000000000000000000aa000000000000000000aa0000000000
01:07:13.433 [DEBUG] [serial] RX 128 bytes: 00000000aa000000000000000000aa000000000000000000aa000000000000000000aa000000000000000000aa000000000000000000aa000000000000000000aa000000000000000000aa000000000000000000aa000000000000000000aa000000000000000000aa000000000000000000aa000000000000000000aa000000
01:07:13.437 [DEBUG] [serial] RX 128 bytes: 000000000000aa000000000000000000aa000000000000000000aa000000000000000000aa000000000000000000aa000000000000000000aa000000000000000000aa000000000000000000aa000000000000000000aa000000000000000000aa000000000000000000aa000000000000000000aa000000000000000000aa00
01:07:13.440 [DEBUG] [serial] RX 128 bytes: 0000000000000000aa000000000000000000aa000000000000000000aa000000000000000000aa000000000000000000aa000000000000000000aa000000000000000000aa000000000000000000aa000000000000000000aa000000000000000000aa000000000000000000aa000000000000000000aa000000000000000000
01:07:13.445 [DEBUG] [serial] RX 128 bytes: aa000000000000000000aa000000000000000000aa000000000000000000aa000000000000000000aa000000000000000000aa000000000000000000aa000000000000000000aa000000000000000000aa000000000000000000aa000000000000000000aa000000000000000000aa000000000000000000aa00000000000000
01:07:13.449 [DEBUG] [serial] RX 128 bytes: 0000aa000000000000000000aa000000000000000000aa000000000000000000aa000000000000000000aa000000000000000000aa000000000000000000aa000000000000000000aa000000000000000000aa000000000000000000aa000000000000000000aa000000000000000000aa000000000000000000aa0000000000
01:07:13.453 [DEBUG] [serial] RX 128 bytes: 00000000aa000000000000000000aa000000000000000000aa000000000000000000aa000000000000000000aa000000000000000000aa000000000000000000aa000000000000000000aa000000000000000000aa000000000000000000aa000000000000000000aa000000000000000000aa000000000000000000aa000000
01:07:13.457 [DEBUG] [serial] RX 128 bytes: 000000000000aa000000000000000000aa000000000000000000aa000000000000000000aa000000000000000000aa000000000000000000aa000000000000000000aa000000000000000000aa000000000000000000aa000000000000000000aa000000000000000000aa000000000000000000aa000000000000000000aa00
01:07:13.460 [DEBUG] [serial] RX 128 bytes: 0000000000000000aa000000000000000000aa000000000000000000aa000000000000000000aa000000000000000000aa000000000000000000aa000000000000000000aa000000000000000000aa000000000000000000aa000000000000000000aa000000000000000000aa000000000000000000aa000000000000000000
01:07:13.464 [DEBUG] [serial] RX 128 bytes: aa000000000000000000aa000000000000000000aa000000000000000000aa000000000000000000aa000000000000000000aa000000000000000000aa000000000000000000aa000000000000000000aa000000000000000000aa000000000000000000aa000000000000000000aa000000000000000000aa00000000000000
01:07:13.468 [DEBUG] [serial] RX 128 bytes: 0000aa000000000000000000aa000000000000000000aa000000000000000000aa000000000000000000aa000000000000000000aa000000000000000000aa000000000000000000aa000000000000000000aa000000000000000000aa000000000000000000aa000000000000000000aa000000000000000000aa0000000000
01:07:13.469 [DEBUG] [serial] PKT #2000: flags=0x00 in=0 ds=0 flt=0
01:07:13.472 [DEBUG] [serial] RX 128 bytes: 00000000aa000000000000000000aa000000000000000000aa000000000000000000aa000000000000000000aa000000000000000000aa000000000000000000aa000000000000000000aa000000000000000000aa000000000000000000aa000000000000000000aa000000000000000000aa000000000000000000aa000000
01:07:13.476 [DEBUG] [serial] RX 128 bytes: 000000000000aa000000000000000000aa000000000000000000aa000000000000000000aa000000000000000000aa000000000000000000aa000000000000000000aa000000000000000000aa000000000000000000aa000000000000000000aa000000000000000000aa000000000000000000aa000000000000000000aa00
01:07:13.480 [DEBUG] [serial] RX 128 bytes: 0000000000000000aa000000000000000000aa000000000000000000aa000000000000000000aa000000000000000000aa000000000000000000aa000000000000000000aa000000000000000000aa000000000000000000aa000000000000000000aa000000000000000000aa000000000000000000aa000000000000000000
01:07:13.484 [DEBUG] [serial] RX 128 bytes: aa000000000000000000aa000000000000000000aa000000000000000000aa000000000000000000aa000000000000000000aa000000000000000000aa000000000000000000aa000000000000000000aa000000000000000000aa000000000000000000aa000000000000000000aa000000000000000000aa00000000000000
01:07:13.488 [DEBUG] [serial] RX 128 bytes: 0000aa000000000000000000aa000000000000000000aa000000000000000000aa000000000000000000aa000000000000000000aa000000000000000000aa000000000000000000aa000000000000000000aa000000000000000000aa000000000000000000aa000000000000000000aa000000000000000000aa0000000000
01:07:13.492 [DEBUG] [serial] RX 128 bytes: 00000000aa000000000000000000aa000000000000000000aa000000000000000000aa000000000000000000aa000000000000000000aa000000000000000000aa000000000000000000aa000000000000000000aa000000000000000000aa000000000000000000aa000000000000000000aa000000000000000000aa000000
01:07:13.496 [DEBUG] [serial] RX 128 bytes: 000000000000aa000000000000000000aa000000000000000000aa000000000000000000aa000000000000000000aa000000000000000000aa000000000000000000aa000000000000000000aa000000000000000000aa000000000000000000aa000000000000000000aa000000000000000000aa000000000000000000aa00
01:07:13.500 [DEBUG] [serial] RX 128 bytes: 0000000000000000aa000000000000000000aa000000000000000000aa000000000000000000aa000000000000000000aa000000000000000000aa000000000000000000aa000000000000000000aa000000000000000000aa000000000000000000aa000000000000000000aa000000000000000000aa000000000000000000
01:07:13.504 [DEBUG] [serial] RX 128 bytes: aa000000000000000000aa000000000000000000aa000000000000000000aa000000000000000000aa000000000000000000aa000000000000000000aa000000000000000000aa000000000000000000aa000000000000000000aa000000000000000000aa000000000000000000aa000000000000000000aa00000000000000
01:07:13.508 [DEBUG] [serial] RX 128 bytes: 0000aa000000000000000000aa000000000000000000aa000000000000000000aa000000000000000000aa000000000000000000aa000000000000000000aa000000000000000000aa000000000000000000aa000000000000000000aa000000000000000000aa000000000000000000aa000000000000000000aa0000000000
01:07:13.512 [DEBUG] [serial] RX 128 bytes: 00000000aa000000000000000000aa000000000000000000aa000000000000000000aa000000000000000000aa000000000000000000aa000000000000000000aa000000000000000000aa000000000000000000aa000000000000000000aa000000000000000000aa000000000000000000aa000000000000000000aa000000
01:07:13.516 [DEBUG] [serial] RX 128 bytes: 000000000000aa000000000000000000aa000000000000000000aa000000000000000000aa000000000000000000aa000000000000000000aa000000000000000000aa000000000000000000aa000000000000000000aa000000000000000000aa000000000000000000aa000000000000000000aa000000000000000000aa00
01:07:13.520 [DEBUG] [serial] RX 128 bytes: 0000000000000000aa000000000000000000aa000000000000000000aa000000000000000000aa000000000000000000aa000000000000000000aa000000000000000000aa000000000000000000aa000000000000000000aa000000000000000000aa000000000000000000aa000000000000000000aa000000000000000000
01:07:13.524 [DEBUG] [serial] RX 128 bytes: aa000000000000000000aa000000000000000000aa000000000000000000aa000000000000000000aa000000000000000000aa000000000000000000aa000000000000000000aa000000000000000000aa000000000000000000aa000000000000000000aa000000000000000000aa000000000000000000aa00000000000000
01:07:13.528 [DEBUG] [serial] RX 128 bytes: 0000aa000000000000000000aa000000000000000000aa000000000000000000aa000000000000000000aa000000000000000000aa000000000000000000aa000000000000000000aa000000000000000000aa000000000000000000aa000000000000000000aa000000000000000000aa000000000000000000aa0000000000
01:07:13.532 [DEBUG] [serial] RX 128 bytes: 00000000aa000000000000000000aa000000000000000000aa000000000000000000aa000000000000000000aa000000000000000000aa000000000000000000aa000000000000000000aa000000000000000000aa000000000000000000aa000000000000000000aa000000000000000000aa000000000000000000aa000000
01:07:13.536 [DEBUG] [serial] RX 128 bytes: 000000000000aa000000000000000000aa000000000000000000aa000000000000000000aa000000000000000000aa000000000000000000aa000000000000000000aa000000000000000000aa000000000000000000aa000000000000000000aa000000000000000000aa000000000000000000aa000000000000000000aa00
01:07:13.540 [DEBUG] [serial] RX 128 bytes: 0000000000000000aa000000000000000000aa000000000000000000aa000000000000000000aa000000000000000000aa000000000000000000aa000000000000000000aa000000000000000000aa000000000000000000aa000000000000000000aa000000000000000000aa000000000000000000aa000000000000000000
01:07:13.544 [DEBUG] [serial] RX 128 bytes: aa000000000000000000aa000000000000000000aa000000000000000000aa000000000000000000aa000000000000000000aa000000000000000000aa000000000000000000aa000000000000000000aa000000000000000000aa000000000000000000aa000000000000000000aa000000000000000000aa00000000000000
01:07:13.548 [DEBUG] [serial] RX 128 bytes: 0000aa000000000000000000aa000000000000000000aa000000000000000000aa000000000000000000aa000000000000000000aa000000000000000000aa000000000000000000aa000000000000000000aa000000000000000000aa000000000000000000aa000000000000000000aa000000000000000000aa0000000000
01:07:13.552 [DEBUG] [serial] RX 128 bytes: 00000000aa000000000000000000aa000000000000000000aa000000000000000000aa000000000000000000aa000000000000000000aa000000000000000000aa000000000000000000aa000000000000000000aa000000000000000000aa000000000000000000aa000000000000000000aa000000000000000000aa000000
01:07:13.556 [DEBUG] [serial] RX 128 bytes: 000000000000aa000000000000000000aa000000000000000000aa000000000000000000aa000000000000000000aa000000000000000000aa000000000000000000aa000000000000000000aa000000000000000000aa000000000000000000aa000000000000000000aa000000000000000000aa000000000000000000aa00
01:07:13.560 [DEBUG] [serial] RX 128 bytes: 0000000000000000aa000000000000000000aa000000000000000000aa000000000000000000aa000000000000000000aa000000000000000000aa000000000000000000aa000000000000000000aa000000000000000000aa000000000000000000aa000000000000000000aa000000000000000000aa000000000000000000
01:07:13.564 [DEBUG] [serial] RX 128 bytes: aa000000000000000000aa000000000000000000aa000000000000000000aa000000000000000000aa000000000000000000aa000000000000000000aa000000000000000000aa000000000000000000aa000000000000000000aa000000000000000000aa000000000000000000aa000000000000000000aa00000000000000
01:07:13.568 [DEBUG] [serial] RX 128 bytes: 0000aa000000000000000000aa000000000000000000aa000000000000000000aa000000000000000000aa000000000000000000aa000000000000000000aa000000000000000000aa000000000000000000aa000000000000000000aa000000000000000000aa000000000000000000aa000000000000000000aa0000000000
01:07:13.572 [DEBUG] [serial] RX 128 bytes: 00000000aa000000000000000000aa000000000000000000aa000000000000000000aa000000000000000000aa000000000000000000aa000000000000000000aa000000000000000000aa000000000000000000aa000000000000000000aa000000000000000000aa000000000000000000aa000000000000000000aa000000
01:07:13.576 [DEBUG] [serial] RX 128 bytes: 000000000000aa000000000000000000aa000000000000000000aa000000000000000000aa000000000000000000aa000000000000000000aa000000000000000000aa000000000000000000aa000000000000000000aa000000000000000000aa000000000000000000aa000000000000000000aa000000000000000000aa00
01:07:13.580 [DEBUG] [serial] RX 128 bytes: 0000000000000000aa000000000000000000aa000000000000000000aa000000000000000000aa000000000000000000aa000000000000000000aa000000000000000000aa000000000000000000aa000000000000000000aa000000000000000000aa000000000000000000aa000000000000000000aa000000000000000000
01:07:13.584 [DEBUG] [serial] RX 128 bytes: aa000000000000000000aa000000000000000000aa000000000000000000aa000000000000000000aa000000000000000000aa000000000000000000aa000000000000000000aa000000000000000000aa000000000000000000aa000000000000000000aa000000000000000000aa000000000000000000aa00000000000000
01:07:13.588 [DEBUG] [serial] RX 128 bytes: 0000aa000000000000000000aa000000000000000000aa000000000000000000aa000000000000000000aa000000000000000000aa000000000000000000aa000000000000000000aa000000000000000000aa000000000000000000aa000000000000000000aa000000000000000000aa000000000000000000aa0000000000
01:07:13.593 [DEBUG] [serial] RX 128 bytes: 00000000aa000000000000000000aa000000000000000000aa000000000000000000aa000000000000000000aa000000000000000000aa000000000000000000aa000000000000000000aa000000000000000000aa000000000000000000aa000000000000000000aa000000000000000000aa000000000000000000aa000000
01:07:13.596 [DEBUG] [serial] RX 128 bytes: 000000000000aa000000000000000000aa000000000000000000aa000000000000000000aa000000000000000000aa000000000000000000aa000000000000000000aa000000000000000000aa000000000000000000aa000000000000000000aa000000000000000000aa000000000000000000aa000000000000000000aa00
01:07:13.599 [DEBUG] [serial] RX 128 bytes: 0000000000000000aa000000000000000000aa000000000000000000aa000000000000000000aa000000000000000000aa000000000000000000aa000000000000000000aa000000000000000000aa000000000000000000aa000000000000000000aa000000000000000000aa000000000000000000aa000000000000000000
01:07:13.603 [DEBUG] [serial] RX 128 bytes: aa000000000000000000aa000000000000000000aa000000000000000000aa000000000000000000aa000000000000000000aa000000000000000000aa000000000000000000aa000000000000000000aa000000000000000000aa000000000000000000aa000000000000000000aa000000000000000000aa00000000000000
01:07:13.607 [DEBUG] [serial] RX 128 bytes: 0000aa000000000000000000aa000000000000000000aa000000000000000000aa000000000000000000aa000000000000000000aa000000000000000000aa000000000000000000aa000000000000000000aa000000000000000000aa000000000000000000aa000000000000000000aa000000000000000000aa0000000000
01:07:13.611 [DEBUG] [serial] RX 128 bytes: 00000000aa000000000000000000aa000000000000000000aa000000000000000000aa000000000000000000aa000000000000000000aa000000000000000000aa000000000000000000aa000000000000000000aa000000000000000000aa000000000000000000aa000000000000000000aa000000000000000000aa000000
01:07:13.616 [DEBUG] [serial] RX 128 bytes: 000000000000aa000000000000000000aa000000000000000000aa000000000000000000aa000000000000000000aa000000000000000000aa000000000000000000aa000000000000000000aa000000000000000000aa000000000000000000aa000000000000000000aa000000000000000000aa000000000000000000aa00
01:07:13.619 [DEBUG] [serial] RX 128 bytes: 0000000000000000aa000000000000000000aa000000000000000000aa000000000000000000aa000000000000000000aa000000000000000000aa000000000000000000aa000000000000000000aa000000000000000000aa000000000000000000aa000000000000000000aa000000000000000000aa000000000000000000
01:07:13.623 [DEBUG] [serial] RX 128 bytes: aa000000000000000000aa000000000000000000aa000000000000000000aa000000000000000000aa000000000000000000aa000000000000000000aa000000000000000000aa000000000000000000aa000000000000000000aa000000000000000000aa000000000000000000aa000000000000000000aa00000000000000
01:07:13.623 [DEBUG] [serial] PKT #2500: flags=0x00 in=0 ds=0 flt=0
01:07:13.627 [DEBUG] [serial] RX 128 bytes: 0000aa000000000000000000aa000000000000000000aa000000000000000000aa000000000000000000aa000000000000000000aa000000000000000000aa000000000000000000aa000000000000000000aa000000000000000000aa000000000000000000aa000000000000000000aa000000000000000000aa0000000000
01:07:13.631 [DEBUG] [serial] RX 128 bytes: 00000000aa000000000000000000aa000000000000000000aa000000000000000000aa000000000000000000aa000000000000000000aa000000000000000000aa000000000000000000aa000000000000000000aa000000000000000000aa000000000000000000aa000000000000000000aa000000000000000000aa000000
01:07:13.635 [DEBUG] [serial] RX 128 bytes: 000000000000aa000000000000000000aa000000000000000000aa000000000000000000aa000000000000000000aa000000000000000000aa000000000000000000aa000000000000000000aa000000000000000000aa000000000000000000aa000000000000000000aa000000000000000000aa000000000000000000aa00
01:07:13.639 [DEBUG] [serial] RX 128 bytes: 0000000000000000aa000000000000000000aa000000000000000000aa000000000000000000aa000000000000000000aa000000000000000000aa000000000000000000aa000000000000000000aa000000000000000000aa000000000000000000aa000000000000000000aa000000000000000000aa000000000000000000
01:07:13.643 [DEBUG] [serial] RX 128 bytes: aa000000000000000000aa000000000000000000aa000000000000000000aa000000000000000000aa000000000000000000aa000000000000000000aa000000000000000000aa000000000000000000aa000000000000000000aa000000000000000000aa000000000000000000aa000000000000000000aa00000000000000
01:07:13.647 [DEBUG] [serial] RX 128 bytes: 0000aa000000000000000000aa000000000000000000aa000000000000000000aa000000000000000000aa000000000000000000aa000000000000000000aa000000000000000000aa000000000000000000aa000000000000000000aa000000000000000000aa000000000000000000aa000000000000000000aa0000000000
01:07:13.651 [DEBUG] [serial] RX 128 bytes: 00000000aa000000000000000000aa000000000000000000aa000000000000000000aa000000000000000000aa000000000000000000aa000000000000000000aa000000000000000000aa000000000000000000aa000000000000000000aa000000000000000000aa000000000000000000aa000000000000000000aa000000
01:07:13.655 [DEBUG] [serial] RX 128 bytes: 000000000000aa000000000000000000aa000000000000000000aa000000000000000000aa000000000000000000aa000000000000000000aa000000000000000000aa000000000000000000aa000000000000000000aa000000000000000000aa000000000000000000aa000000000000000000aa000000000000000000aa00
01:07:13.659 [DEBUG] [serial] RX 128 bytes: 0000000000000000aa000000000000000000aa000000000000000000aa000000000000000000aa000000000000000000aa000000000000000000aa000000000000000000aa000000000000000000aa000000000000000000aa000000000000000000aa000000000000000000aa000000000000000000aa000000000000000000
01:07:13.663 [DEBUG] [serial] RX 128 bytes: aa000000000000000000aa000000000000000000aa000000000000000000aa000000000000000000aa000000000000000000aa000000000000000000aa000000000000000000aa000000000000000000aa000000000000000000aa000000000000000000aa000000000000000000aa000000000000000000aa00000000000000
01:07:13.667 [DEBUG] [serial] RX 128 bytes: 0000aa000000000000000000aa000000000000000000aa000000000000000000aa000000000000000000aa000000000000000000aa000000000000000000aa000000000000000000aa000000000000000000aa000000000000000000aa000000000000000000aa000000000000000000aa000000000000000000aa0000000000
01:07:13.671 [DEBUG] [serial] RX 128 bytes: 00000000aa000000000000000000aa000000000000000000aa000000000000000000aa000000000000000000aa000000000000000000aa000000000000000000aa000000000000000000aa000000000000000000aa000000000000000000aa000000000000000000aa000000000000000000aa000000000000000000aa000000
01:07:13.675 [DEBUG] [serial] RX 128 bytes: 000000000000aa000000000000000000aa000000000000000000aa000000000000000000aa000000000000000000aa000000000000000000aa000000000000000000aa000000000000000000aa000000000000000000aa000000000000000000aa000000000000000000aa000000000000000000aa000000000000000000aa00
01:07:13.679 [DEBUG] [serial] RX 128 bytes: 0000000000000000aa000000000000000000aa000000000000000000aa000000000000000000aa000000000000000000aa000000000000000000aa000000000000000000aa000000000000000000aa000000000000000000aa000000000000000000aa000000000000000000aa000000000000000000aa000000000000000000
01:07:13.683 [DEBUG] [serial] RX 128 bytes: aa000000000000000000aa000000000000000000aa000000000000000000aa000000000000000000aa000000000000000000aa000000000000000000aa000000000000000000aa000000000000000000aa000000000000000000aa000000000000000000aa000000000000000000aa000000000000000000aa00000000000000
01:07:13.687 [DEBUG] [serial] RX 128 bytes: 0000aa000000000000000000aa000000000000000000aa000000000000000000aa000000000000000000aa000000000000000000aa000000000000000000aa000000000000000000aa000000000000000000aa000000000000000000aa000000000000000000aa000000000000000000aa000000000000000000aa0000000000
01:07:13.691 [DEBUG] [serial] RX 128 bytes: 00000000aa000000000000000000aa000000000000000000aa000000000000000000aa000000000000000000aa000000000000000000aa000000000000000000aa000000000000000000aa000000000000000000aa000000000000000000aa000000000000000000aa000000000000000000aa000000000000000000aa000000
01:07:13.695 [DEBUG] [serial] RX 128 bytes: 000000000000aa000000000000000000aa000000000000000000aa000000000000000000aa000000000000000000aa000000000000000000aa000000000000000000aa000000000000000000aa000000000000000000aa000000000000000000aa000000000000000000aa000000000000000000aa000000000000000000aa00
01:07:13.699 [DEBUG] [serial] RX 128 bytes: 0000000000000000aa000000000000000000aa000000000000000000aa000000000000000000aa000000000000000000aa000000000000000000aa000000000000000000aa000000000000000000aa000000000000000000aa000000000000000000aa000000000000000000aa000000000000000000aa000000000000000000
01:07:13.703 [DEBUG] [serial] RX 128 bytes: aa000000000000000000aa000000000000000000aa000000000000000000aa000000000000000000aa000000000000000000aa000000000000000000aa000000000000000000aa000000000000000000aa000000000000000000aa000000000000000000aa000000000000000000aa000000000000000000aa00000000000000
01:07:13.707 [DEBUG] [serial] RX 128 bytes: 0000aa000000000000000000aa000000000000000000aa000000000000000000aa000000000000000000aa000000000000000000aa000000000000000000aa000000000000000000aa000000000000000000aa000000000000000000aa000000000000000000aa000000000000000000aa000000000000000000aa0000000000
01:07:13.711 [DEBUG] [serial] RX 128 bytes: 00000000aa000000000000000000aa000000000000000000aa000000000000000000aa000000000000000000aa000000000000000000aa000000000000000000aa000000000000000000aa000000000000000000aa000000000000000000aa000000000000000000aa000000000000000000aa000000000000000000aa000000
01:07:13.715 [DEBUG] [serial] RX 128 bytes: 000000000000aa000000000000000000aa000000000000000000aa000000000000000000aa000000000000000000aa000000000000000000aa000000000000000000aa000000000000000000aa000000000000000000aa000000000000000000aa000000000000000000aa000000000000000000aa000000000000000000aa00
01:07:13.719 [DEBUG] [serial] RX 128 bytes: 0000000000000000aa000000000000000000aa000000000000000000aa000000000000000000aa000000000000000000aa000000000000000000aa000000000000000000aa000000000000000000aa000000000000000000aa000000000000000000aa000000000000000000aa000000000000000000aa000000000000000000
01:07:13.723 [DEBUG] [serial] RX 128 bytes: aa000000000000000000aa000000000000000000aa000000000000000000aa000000000000000000aa000000000000000000aa000000000000000000aa000000000000000000aa000000000000000000aa000000000000000000aa000000000000000000aa000000000000000000aa000000000000000000aa00000000000000
01:07:13.727 [DEBUG] [serial] RX 128 bytes: 0000aa000000000000000000aa000000000000000000aa000000000000000000aa000000000000000000aa000000000000000000aa000000000000000000aa000000000000000000aa000000000000000000aa000000000000000000aa000000000000000000aa000000000000000000aa000000000000000000aa0000000000
01:07:13.731 [DEBUG] [serial] RX 128 bytes: 00000000aa000000000000000000aa000000000000000000aa000000000000000000aa000000000000000000aa000000000000000000aa000000000000000000aa000000000000000000aa000000000000000000aa000000000000000000aa000000000000000000aa000000000000000000aa000000000000000000aa000000
01:07:13.735 [DEBUG] [serial] RX 128 bytes: 000000000000aa000000000000000000aa000000000000000000aa000000000000000000aa000000000000000000aa000000000000000000aa000000000000000000aa000000000000000000aa000000000000000000aa000000000000000000aa000000000000000000aa000000000000000000aa000000000000000000aa00
01:07:13.738 [DEBUG] [serial] RX 128 bytes: 0000000000000000aa000000000000000000aa000000000000000000aa000000000000000000aa000000000000000000aa000000000000000000aa000000000000000000aa000000000000000000aa000000000000000000aa000000000000000000aa000000000000000000aa000000000000000000aa000000000000000000
01:07:13.742 [DEBUG] [serial] RX 128 bytes: aa000000000000000000aa000000000000000000aa000000000000000000aa000000000000000000aa000000000000000000aa000000000000000000aa000000000000000000aa000000000000000000aa000000000000000000aa000000000000000000aa000000000000000000aa000000000000000000aa00000000000000
01:07:13.746 [DEBUG] [serial] RX 128 bytes: 0000aa000000000000000000aa000000000000000000aa000000000000000000aa000000000000000000aa000000000000000000aa000000000000000000aa000000000000000000aa000000000000000000aa000000000000000000aa000000000000000000aa000000000000000000aa000000000000000000aa0000000000
01:07:13.751 [DEBUG] [serial] RX 128 bytes: 00000000aa000000000000000000aa000000000000000000aa000000000000000000aa000000000000000000aa000000000000000000aa000000000000000000aa000000000000000000aa000000000000000000aa000000000000000000aa000000000000000000aa000000000000000000aa000000000000000000aa000000
01:07:13.755 [DEBUG] [serial] RX 128 bytes: 000000000000aa000000000000000000aa000000000000000000aa000000000000000000aa000000000000000000aa000000000000000000aa000000000000000000aa000000000000000000aa000000000000000000aa000000000000000000aa000000000000000000aa000000000000000000aa000000000000000000aa00
01:07:13.758 [DEBUG] [serial] RX 128 bytes: 0000000000000000aa000000000000000000aa000000000000000000aa000000000000000000aa000000000000000000aa000000000000000000aa000000000000000000aa000000000000000000aa000000000000000000aa000000000000000000aa000000000000000000aa000000000000000000aa000000000000000000
01:07:13.762 [DEBUG] [serial] RX 128 bytes: aa000000000000000000aa000000000000000000aa000000000000000000aa000000000000000000aa000000000000000000aa000000000000000000aa000000000000000000aa000000000000000000aa000000000000000000aa000000000000000000aa000000000000000000aa000000000000000000aa00000000000000
01:07:13.766 [DEBUG] [serial] RX 128 bytes: 0000aa000000000000000000aa000000000000000000aa000000000000000000aa000000000000000000aa000000000000000000aa000000000000000000aa000000000000000000aa000000000000000000aa000000000000000000aa000000000000000000aa000000000000000000aa000000000000000000aa0000000000
01:07:13.770 [DEBUG] [serial] RX 128 bytes: 00000000aa000000000000000000aa000000000000000000aa000000000000000000aa000000000000000000aa000000000000000000aa000000000000000000aa000000000000000000aa000000000000000000aa000000000000000000aa000000000000000000aa000000000000000000aa000000000000000000aa000000
01:07:13.774 [DEBUG] [serial] RX 128 bytes: 000000000000aa000000000000000000aa000000000000000000aa000000000000000000aa000000000000000000aa000000000000000000aa000000000000000000aa000000000000000000aa000000000000000000aa000000000000000000aa000000000000000000aa000000000000000000aa000000000000000000aa00
01:07:13.778 [DEBUG] [serial] RX 128 bytes: 0000000000000000aa000000000000000000aa000000000000000000aa000000000000000000aa000000000000000000aa000000000000000000aa000000000000000000aa000000000000000000aa000000000000000000aa000000000000000000aa000000000000000000aa000000000000000000aa000000000000000000
01:07:13.780 [DEBUG] [serial] PKT #3000: flags=0x00 in=0 ds=0 flt=0
01:07:13.782 [DEBUG] [serial] RX 128 bytes: aa000000000000000000aa000000000000000000aa000000000000000000aa000000000000000000aa000000000000000000aa000000000000000000aa000000000000000000aa000000000000000000aa000000000000000000aa000000000000000000aa000000000000000000aa000000000000000000aa00000000000000
01:07:13.786 [DEBUG] [serial] RX 128 bytes: 0000aa000000000000000000aa000000000000000000aa000000000000000000aa000000000000000000aa000000000000000000aa000000000000000000aa000000000000000000aa000000000000000000aa000000000000000000aa000000000000000000aa000000000000000000aa000000000000000000aa0000000000
01:07:13.790 [DEBUG] [serial] RX 128 bytes: 00000000aa000000000000000000aa000000000000000000aa000000000000000000aa000000000000000000aa000000000000000000aa000000000000000000aa000000000000000000aa000000000000000000aa000000000000000000aa000000000000000000aa000000000000000000aa000000000000000000aa000000
01:07:13.794 [DEBUG] [serial] RX 128 bytes: 000000000000aa000000000000000000aa000000000000000000aa000000000000000000aa000000000000000000aa000000000000000000aa000000000000000000aa000000000000000000aa000000000000000000aa000000000000000000aa000000000000000000aa000000000000000000aa000000000000000000aa00
01:07:13.798 [DEBUG] [serial] RX 128 bytes: 0000000000000000aa000000000000000000aa000000000000000000aa000000000000000000aa000000000000000000aa000000000000000000aa000000000000000000aa000000000000000000aa000000000000000000aa000000000000000000aa000000000000000000aa000000000000000000aa000000000000000000
01:07:13.802 [DEBUG] [serial] RX 128 bytes: aa000000000000000000aa000000000000000000aa000000000000000000aa000000000000000000aa000000000000000000aa000000000000000000aa000000000000000000aa000000000000000000aa000000000000000000aa000000000000000000aa000000000000000000aa000000000000000000aa00000000000000
01:07:13.806 [DEBUG] [serial] RX 128 bytes: 0000aa000000000000000000aa000000000000000000aa000000000000000000aa000000000000000000aa000000000000000000aa000000000000000000aa000000000000000000aa000000000000000000aa000000000000000000aa000000000000000000aa000000000000000000aa000000000000000000aa0000000000
01:07:13.810 [DEBUG] [serial] RX 128 bytes: 00000000aa000000000000000000aa000000000000000000aa000000000000000000aa000000000000000000aa000000000000000000aa000000000000000000aa000000000000000000aa000000000000000000aa000000000000000000aa000000000000000000aa000000000000000000aa000000000000000000aa000000
01:07:13.814 [DEBUG] [serial] RX 128 bytes: 000000000000aa000000000000000000aa000000000000000000aa000000000000000000aa000000000000000000aa000000000000000000aa000000000000000000aa000000000000000000aa000000000000000000aa000000000000000000aa000000000000000000aa000000000000000000aa000000000000000000aa00
01:07:13.818 [DEBUG] [serial] RX 128 bytes: 0000000000000000aa000000000000000000aa000000000000000000aa000000000000000000aa000000000000000000aa000000000000000000aa000000000000000000aa000000000000000000aa000000000000000000aa000000000000000000aa000000000000000000aa000000000000000000aa000000000000000000
01:07:13.822 [DEBUG] [serial] RX 128 bytes: aa000000000000000000aa000000000000000000aa000000000000000000aa000000000000000000aa000000000000000000aa000000000000000000aa000000000000000000aa000000000000000000aa000000000000000000aa000000000000000000aa000000000000000000aa000000000000000000aa00000000000000
01:07:13.826 [DEBUG] [serial] RX 128 bytes: 0000aa000000000000000000aa000000000000000000aa000000000000000000aa000000000000000000aa000000000000000000aa000000000000000000aa000000000000000000aa000000000000000000aa000000000000000000aa000000000000000000aa000000000000000000aa000000000000000000aa0000000000
01:07:13.830 [DEBUG] [serial] RX 128 bytes: 00000000aa000000000000000000aa000000000000000000aa000000000000000000aa000000000000000000aa000000000000000000aa000000000000000000aa000000000000000000aa000000000000000000aa000000000000000000aa000000000000000000aa000000000000000000aa000000000000000000aa000000
01:07:13.834 [DEBUG] [serial] RX 128 bytes: 000000000000aa000000000000000000aa000000000000000000aa000000000000000000aa000000000000000000aa000000000000000000aa000000000000000000aa000000000000000000aa000000000000000000aa000000000000000000aa000000000000000000aa000000000000000000aa000000000000000000aa00
01:07:13.838 [DEBUG] [serial] RX 128 bytes: 0000000000000000aa000000000000000000aa000000000000000000aa000000000000000000aa000000000000000000aa000000000000000000aa000000000000000000aa000000000000000000aa000000000000000000aa000000000000000000aa000000000000000000aa000000000000000000aa000000000000000000
01:07:13.842 [DEBUG] [serial] RX 128 bytes: aa000000000000000000aa000000000000000000aa000000000000000000aa000000000000000000aa000000000000000000aa000000000000000000aa000000000000000000aa000000000000000000aa000000000000000000aa000000000000000000aa000000000000000000aa000000000000000000aa00000000000000
01:07:13.846 [DEBUG] [serial] RX 128 bytes: 0000aa000000000000000000aa000000000000000000aa000000000000000000aa000000000000000000aa000000000000000000aa000000000000000000aa000000000000000000aa000000000000000000aa000000000000000000aa000000000000000000aa000000000000000000aa000000000000000000aa0000000000
01:07:13.850 [DEBUG] [serial] RX 128 bytes: 00000000aa000000000000000000aa000000000000000000aa000000000000000000aa000000000000000000aa000000000000000000aa000000000000000000aa000000000000000000aa000000000000000000aa000000000000000000aa000000000000000000aa000000000000000000aa000000000000000000aa000000
01:07:13.854 [DEBUG] [serial] RX 128 bytes: 000000000000aa000000000000000000aa000000000000000000aa000000000000000000aa000000000000000000aa000000000000000000aa000000000000000000aa000000000000000000aa000000000000000000aa000000000000000000aa000000000000000000aa000000000000000000aa000000000000000000aa00
01:07:13.858 [DEBUG] [serial] RX 128 bytes: 0000000000000000aa000000000000000000aa000000000000000000aa000000000000000000aa000000000000000000aa000000000000000000aa000000000000000000aa000000000000000000aa000000000000000000aa000000000000000000aa000000000000000000aa000000000000000000aa000000000000000000
01:07:13.862 [DEBUG] [serial] RX 128 bytes: aa000000000000000000aa000000000000000000aa000000000000000000aa000000000000000000aa000000000000000000aa000000000000000000aa000000000000000000aa000000000000000000aa000000000000000000aa000000000000000000aa000000000000000000aa000000000000000000aa00000000000000
01:07:13.866 [DEBUG] [serial] RX 128 bytes: 0000aa000000000000000000aa000000000000000000aa000000000000000000aa000000000000000000aa000000000000000000aa000000000000000000aa000000000000000000aa000000000000000000aa000000000000000000aa000000000000000000aa000000000000000000aa000000000000000000aa0000000000
01:07:13.870 [DEBUG] [serial] RX 128 bytes: 00000000aa000000000000000000aa000000000000000000aa000000000000000000aa000000000000000000aa000000000000000000aa000000000000000000aa000000000000000000aa000000000000000000aa000000000000000000aa000000000000000000aa000000000000000000aa000000000000000000aa000000
01:07:13.874 [DEBUG] [serial] RX 128 bytes: 000000000000aa000000000000000000aa000000000000000000aa000000000000000000aa000000000000000000aa000000000000000000aa000000000000000000aa000000000000000000aa000000000000000000aa000000000000000000aa000000000000000000aa000000000000000000aa000000000000000000aa00
01:07:13.877 [DEBUG] [serial] RX 128 bytes: 0000000000000000aa000000000000000000aa000000000000000000aa000000000000000000aa000000000000000000aa000000000000000000aa000000000000000000aa000000000000000000aa000000000000000000aa000000000000000000aa000000000000000000aa000000000000000000aa000000000000000000
01:07:13.881 [DEBUG] [serial] RX 128 bytes: aa000000000000000000aa000000000000000000aa000000000000000000aa000000000000000000aa000000000000000000aa000000000000000000aa000000000000000000aa000000000000000000aa000000000000000000aa000000000000000000aa000000000000000000aa000000000000000000aa00000000000000
01:07:13.885 [DEBUG] [serial] RX 128 bytes: 0000aa000000000000000000aa000000000000000000aa000000000000000000aa000000000000000000aa000000000000000000aa000000000000000000aa000000000000000000aa000000000000000000aa000000000000000000aa000000000000000000aa000000000000000000aa000000000000000000aa0000000000
01:07:13.890 [DEBUG] [serial] RX 128 bytes: 00000000aa000000000000000000aa000000000000000000aa000000000000000000aa000000000000000000aa000000000000000000aa000000000000000000aa000000000000000000aa000000000000000000aa000000000000000000aa000000000000000000aa000000000000000000aa000000000000000000aa000000
01:07:13.894 [DEBUG] [serial] RX 128 bytes: 000000000000aa000000000000000000aa000000000000000000aa000000000000000000aa000000000000000000aa000000000000000000aa000000000000000000aa000000000000000000aa000000000000000000aa000000000000000000aa000000000000000000aa000000000000000000aa000000000000000000aa00
01:07:13.897 [DEBUG] [serial] RX 128 bytes: 0000000000000000aa000000000000000000aa000000000000000000aa000000000000000000aa000000000000000000aa000000000000000000aa000000000000000000aa000000000000000000aa000000000000000000aa000000000000000000aa000000000000000000aa000000000000000000aa000000000000000000
01:07:13.901 [DEBUG] [serial] RX 128 bytes: aa000000000000000000aa000000000000000000aa000000000000000000aa000000000000000000aa000000000000000000aa000000000000000000aa000000000000000000aa000000000000000000aa000000000000000000aa000000000000000000aa000000000000000000aa000000000000000000aa00000000000000
01:07:13.905 [DEBUG] [serial] RX 128 bytes: 0000aa000000000000000000aa000000000000000000aa000000000000000000aa000000000000000000aa000000000000000000aa000000000000000000aa000000000000000000aa000000000000000000aa000000000000000000aa000000000000000000aa000000000000000000aa000000000000000000aa0000000000
01:07:13.909 [DEBUG] [serial] RX 128 bytes: 00000000aa000000000000000000aa000000000000000000aa000000000000000000aa000000000000000000aa000000000000000000aa000000000000000000aa000000000000000000aa000000000000000000aa000000000000000000aa000000000000000000aa000000000000000000aa000000000000000000aa000000
01:07:13.913 [DEBUG] [serial] RX 128 bytes: 000000000000aa000000000000000000aa000000000000000000aa000000000000000000aa000000000000000000aa000000000000000000aa000000000000000000aa000000000000000000aa000000000000000000aa000000000000000000aa000000000000000000aa000000000000000000aa000000000000000000aa00
01:07:13.917 [DEBUG] [serial] RX 128 bytes: 0000000000000000aa000000000000000000aa000000000000000000aa000000000000000000aa000000000000000000aa000000000000000000aa000000000000000000aa000000000000000000aa000000000000000000aa000000000000000000aa000000000000000000aa000000000000000000aa000000000000000000
01:07:13.921 [DEBUG] [serial] RX 128 bytes: aa000000000000000000aa000000000000000000aa000000000000000000aa000000000000000000aa000000000000000000aa000000000000000000aa000000000000000000aa000000000000000000aa000000000000000000aa000000000000000000aa000000000000000000aa000000000000000000aa00000000000000
01:07:13.925 [DEBUG] [serial] RX 128 bytes: 0000aa000000000000000000aa000000000000000000aa000000000000000000aa000000000000000000aa000000000000000000aa000000000000000000aa000000000000000000aa000000000000000000aa000000000000000000aa000000000000000000aa000000000000000000aa000000000000000000aa0000000000
01:07:13.929 [DEBUG] [serial] RX 128 bytes: 00000000aa000000000000000000aa000000000000000000aa000000000000000000aa000000000000000000aa000000000000000000aa000000000000000000aa000000000000000000aa000000000000000000aa000000000000000000aa000000000000000000aa000000000000000000aa000000000000000000aa000000
01:07:13.933 [DEBUG] [serial] RX 128 bytes: 000000000000aa000000000000000000aa000000000000000000aa000000000000000000aa000000000000000000aa000000000000000000aa000000000000000000aa000000000000000000aa000000000000000000aa000000000000000000aa000000000000000000aa000000000000000000aa000000000000000000aa00
01:07:13.933 [DEBUG] [serial] PKT #3500: flags=0x00 in=0 ds=0 flt=0
01:07:13.937 [DEBUG] [serial] RX 128 bytes: 0000000000000000aa000000000000000000aa000000000000000000aa000000000000000000aa000000000000000000aa000000000000000000aa000000000000000000aa000000000000000000aa000000000000000000aa000000000000000000aa000000000000000000aa000000000000000000aa000000000000000000
01:07:13.941 [DEBUG] [serial] RX 128 bytes: aa000000000000000000aa000000000000000000aa000000000000000000aa000000000000000000aa000000000000000000aa000000000000000000aa000000000000000000aa000000000000000000aa000000000000000000aa000000000000000000aa000000000000000000aa000000000000000000aa00000000000000
01:07:13.945 [DEBUG] [serial] RX 128 bytes: 0000aa000000000000000000aa000000000000000000aa000000000000000000aa000000000000000000aa000000000000000000aa000000000000000000aa000000000000000000aa000000000000000000aa000000000000000000aa000000000000000000aa000000000000000000aa000000000000000000aa0000000000
01:07:13.949 [DEBUG] [serial] RX 128 bytes: 00000000aa000000000000000000aa000000000000000000aa000000000000000000aa000000000000000000aa000000000000000000aa000000000000000000aa000000000000000000aa000000000000000000aa000000000000000000aa000000000000000000aa000000000000000000aa000000000000000000aa000000
01:07:13.953 [DEBUG] [serial] RX 128 bytes: 000000000000aa000000000000000000aa000000000000000000aa000000000000000000aa000000000000000000aa000000000000000000aa000000000000000000aa000000000000000000aa000000000000000000aa000000000000000000aa000000000000000000aa000000000000000000aa000000000000000000aa00
01:07:13.957 [DEBUG] [serial] RX 128 bytes: 0000000000000000aa000000000000000000aa000000000000000000aa000000000000000000aa000000000000000000aa000000000000000000aa000000000000000000aa000000000000000000aa000000000000000000aa000000000000000000aa000000000000000000aa000000000000000000aa000000000000000000
01:07:13.961 [DEBUG] [serial] RX 128 bytes: aa000000000000000000aa000000000000000000aa000000000000000000aa000000000000000000aa000000000000000000aa000000000000000000aa000000000000000000aa000000000000000000aa000000000000000000aa000000000000000000aa000000000000000000aa000000000000000000aa00000000000000
01:07:13.965 [DEBUG] [serial] RX 128 bytes: 0000aa000000000000000000aa000000000000000000aa000000000000000000aa000000000000000000aa000000000000000000aa000000000000000000aa000000000000000000aa000000000000000000aa000000000000000000aa000000000000000000aa000000000000000000aa000000000000000000aa0000000000
01:07:13.969 [DEBUG] [serial] RX 128 bytes: 00000000aa000000000000000000aa000000000000000000aa000000000000000000aa000000000000000000aa000000000000000000aa000000000000000000aa000000000000000000aa000000000000000000aa000000000000000000aa000000000000000000aa000000000000000000aa000000000000000000aa000000
01:07:13.973 [DEBUG] [serial] RX 128 bytes: 000000000000aa000000000000000000aa000000000000000000aa000000000000000000aa000000000000000000aa000000000000000000aa000000000000000000aa000000000000000000aa000000000000000000aa000000000000000000aa000000000000000000aa000000000000000000aa000000000000000000aa00
01:07:13.977 [DEBUG] [serial] RX 128 bytes: 0000000000000000aa000000000000000000aa000000000000000000aa000000000000000000aa000000000000000000aa000000000000000000aa000000000000000000aa000000000000000000aa000000000000000000aa000000000000000000aa000000000000000000aa000000000000000000aa000000000000000000
01:07:13.981 [DEBUG] [serial] RX 128 bytes: aa000000000000000000aa000000000000000000aa000000000000000000aa000000000000000000aa000000000000000000aa000000000000000000aa000000000000000000aa000000000000000000aa000000000000000000aa000000000000000000aa000000000000000000aa000000000000000000aa00000000000000
01:07:13.985 [DEBUG] [serial] RX 128 bytes: 0000aa000000000000000000aa000000000000000000aa000000000000000000aa000000000000000000aa000000000000000000aa000000000000000000aa000000000000000000aa000000000000000000aa000000000000000000aa000000000000000000aa000000000000000000aa000000000000000000aa0000000000
01:07:13.989 [DEBUG] [serial] RX 128 bytes: 00000000aa000000000000000000aa000000000000000000aa000000000000000000aa000000000000000000aa000000000000000000aa000000000000000000aa000000000000000000aa000000000000000000aa000000000000000000aa000000000000000000aa000000000000000000aa000000000000000000aa000000
01:07:13.993 [DEBUG] [serial] RX 128 bytes: 000000000000aa000000000000000000aa000000000000000000aa000000000000000000aa000000000000000000aa000000000000000000aa000000000000000000aa000000000000000000aa000000000000000000aa000000000000000000aa000000000000000000aa000000000000000000aa000000000000000000aa00
01:07:13.997 [DEBUG] [serial] RX 128 bytes: 0000000000000000aa000000000000000000aa000000000000000000aa000000000000000000aa000000000000000000aa000000000000000000aa000000000000000000aa000000000000000000aa000000000000000000aa000000000000000000aa000000000000000000aa000000000000000000aa000000000000000000
01:07:14.001 [DEBUG] [serial] RX 128 bytes: aa000000000000000000aa000000000000000000aa000000000000000000aa000000000000000000aa000000000000000000aa000000000000000000aa000000000000000000aa000000000000000000aa000000000000000000aa000000000000000000aa000000000000000000aa000000000000000000aa00000000000000
01:07:14.005 [DEBUG] [serial] RX 128 bytes: 0000aa000000000000000000aa000000000000000000aa000000000000000000aa000000000000000000aa000000000000000000aa000000000000000000aa000000000000000000aa000000000000000000aa000000000000000000aa000000000000000000aa000000000000000000aa000000000000000000aa0000000000
01:07:14.009 [DEBUG] [serial] RX 128 bytes: 00000000aa000000000000000000aa000000000000000000aa000000000000000000aa000000000000000000aa000000000000000000aa000000000000000000aa000000000000000000aa000000000000000000aa000000000000000000aa000000000000000000aa000000000000000000aa000000000000000000aa000000
01:07:14.013 [DEBUG] [serial] RX 128 bytes: 000000000000aa000000000000000000aa000000000000000000aa000000000000000000aa000000000000000000aa000000000000000000aa000000000000000000aa000000000000000000aa000000000000000000aa000000000000000000aa000000000000000000aa000000000000000000aa000000000000000000aa00
01:07:14.016 [DEBUG] [serial] RX 128 bytes: 0000000000000000aa000000000000000000aa000000000000000000aa000000000000000000aa000000000000000000aa000000000000000000aa000000000000000000aa000000000000000000aa000000000000000000aa000000000000000000aa000000000000000000aa000000000000000000aa000000000000000000
01:07:14.020 [DEBUG] [serial] RX 128 bytes: aa000000000000000000aa000000000000000000aa000000000000000000aa000000000000000000aa000000000000000000aa000000000000000000aa000000000000000000aa000000000000000000aa000000000000000000aa000000000000000000aa000000000000000000aa000000000000000000aa00000000000000
01:07:14.025 [DEBUG] [serial] RX 128 bytes: 0000aa000000000000000000aa000000000000000000aa000000000000000000aa000000000000000000aa000000000000000000aa000000000000000000aa000000000000000000aa000000000000000000aa000000000000000000aa000000000000000000aa000000000000000000aa000000000000000000aa0000000000
01:07:14.029 [DEBUG] [serial] RX 128 bytes: 00000000aa000000000000000000aa000000000000000000aa000000000000000000aa000000000000000000aa000000000000000000aa000000000000000000aa000000000000000000aa000000000000000000aa000000000000000000aa000000000000000000aa000000000000000000aa000000000000000000aa000000
01:07:14.033 [DEBUG] [serial] RX 128 bytes: 000000000000aa000000000000000000aa000000000000000000aa000000000000000000aa000000000000000000aa000000000000000000aa000000000000000000aa000000000000000000aa000000000000000000aa000000000000000000aa000000000000000000aa000000000000000000aa000000000000000000aa00
01:07:14.036 [DEBUG] [serial] RX 128 bytes: 0000000000000000aa000000000000000000aa000000000000000000aa000000000000000000aa000000000000000000aa000000000000000000aa000000000000000000aa000000000000000000aa000000000000000000aa000000000000000000aa000000000000000000aa000000000000000000aa000000000000000000
01:07:14.040 [DEBUG] [serial] RX 128 bytes: aa000000000000000000aa000000000000000000aa000000000000000000aa000000000000000000aa000000000000000000aa000000000000000000aa000000000000000000aa000000000000000000aa000000000000000000aa000000000000000000aa000000000000000000aa000000000000000000aa00000000000000
01:07:14.044 [DEBUG] [serial] RX 128 bytes: 0000aa000000000000000000aa000000000000000000aa000000000000000000aa000000000000000000aa000000000000000000aa000000000000000000aa000000000000000000aa000000000000000000aa000000000000000000aa000000000000000000aa000000000000000000aa000000000000000000aa0000000000
01:07:14.048 [DEBUG] [serial] RX 128 bytes: 00000000aa000000000000000000aa000000000000000000aa000000000000000000aa000000000000000000aa000000000000000000aa000000000000000000aa000000000000000000aa000000000000000000aa000000000000000000aa000000000000000000aa000000000000000000aa000000000000000000aa000000
01:07:14.052 [DEBUG] [serial] RX 128 bytes: 000000000000aa000000000000000000aa000000000000000000aa000000000000000000aa000000000000000000aa000000000000000000aa000000000000000000aa000000000000000000aa000000000000000000aa000000000000000000aa000000000000000000aa000000000000000000aa000000000000000000aa00
01:07:14.056 [DEBUG] [serial] RX 128 bytes: 0000000000000000aa000000000000000000aa000000000000000000aa000000000000000000aa000000000000000000aa000000000000000000aa000000000000000000aa000000000000000000aa000000000000000000aa000000000000000000aa000000000000000000aa000000000000000000aa000000000000000000
01:07:14.060 [DEBUG] [serial] RX 128 bytes: aa000000000000000000aa000000000000000000aa000000000000000000aa000000000000000000aa000000000000000000aa000000000000000000aa000000000000000000aa000000000000000000aa000000000000000000aa000000000000000000aa000000000000000000aa000000000000000000aa00000000000000
01:07:14.064 [DEBUG] [serial] RX 128 bytes: 0000aa000000000000000000aa000000000000000000aa000000000000000000aa000000000000000000aa000000000000000000aa000000000000000000aa000000000000000000aa000000000000000000aa000000000000000000aa000000000000000000aa000000000000000000aa000000000000000000aa0000000000
01:07:14.068 [DEBUG] [serial] RX 128 bytes: 00000000aa000000000000000000aa000000000000000000aa000000000000000000aa000000000000000000aa000000000000000000aa000000000000000000aa000000000000000000aa000000000000000000aa000000000000000000aa000000000000000000aa000000000000000000aa000000000000000000aa000000
01:07:14.072 [DEBUG] [serial] RX 128 bytes: 000000000000aa000000000000000000aa000000000000000000aa000000000000000000aa000000000000000000aa000000000000000000aa000000000000000000aa000000000000000000aa000000000000000000aa000000000000000000aa000000000000000000aa000000000000000000aa000000000000000000aa00
01:07:14.076 [DEBUG] [serial] RX 128 bytes: 0000000000000000aa000000000000000000aa000000000000000000aa000000000000000000aa000000000000000000aa000000000000000000aa000000000000000000aa000000000000000000aa000000000000000000aa000000000000000000aa000000000000000000aa000000000000000000aa000000000000000000
01:07:14.080 [DEBUG] [serial] RX 128 bytes: aa000000000000000000aa000000000000000000aa000000000000000000aa000000000000000000aa000000000000000000aa000000000000000000aa000000000000000000aa000000000000000000aa000000000000000000aa000000000000000000aa000000000000000000aa000000000000000000aa00000000000000
01:07:14.084 [DEBUG] [serial] RX 128 bytes: 0000aa000000000000000000aa000000000000000000aa000000000000000000aa000000000000000000aa000000000000000000aa000000000000000000aa000000000000000000aa000000000000000000aa000000000000000000aa000000000000000000aa000000000000000000aa000000000000000000aa0000000000
01:07:14.088 [DEBUG] [serial] RX 128 bytes: 00000000aa000000000000000000aa000000000000000000aa000000000000000000aa000000000000000000aa000000000000000000aa000000000000000000aa000000000000000000aa000000000000000000aa000000000000000000aa000000000000000000aa000000000000000000aa000000000000000000aa000000
01:07:14.088 [DEBUG] [serial] PKT #4000: flags=0x00 in=0 ds=0 flt=0
01:07:14.092 [DEBUG] [serial] RX 128 bytes: 000000000000aa000000000000000000aa000000000000000000aa000000000000000000aa000000000000000000aa000000000000000000aa000000000000000000aa000000000000000000aa000000000000000000aa000000000000000000aa000000000000000000aa000000000000000000aa000000000000000000aa00
01:07:14.096 [DEBUG] [serial] RX 128 bytes: 0000000000000000aa000000000000000000aa000000000000000000aa000000000000000000aa000000000000000000aa000000000000000000aa000000000000000000aa000000000000000000aa000000000000000000aa000000000000000000aa000000000000000000aa000000000000000000aa000000000000000000
01:07:14.100 [DEBUG] [serial] RX 128 bytes: aa000000000000000000aa000000000000000000aa000000000000000000aa000000000000000000aa000000000000000000aa000000000000000000aa000000000000000000aa000000000000000000aa000000000000000000aa000000000000000000aa000000000000000000aa000000000000000000aa00000000000000
01:07:14.104 [DEBUG] [serial] RX 128 bytes: 0000aa000000000000000000aa000000000000000000aa000000000000000000aa000000000000000000aa000000000000000000aa000000000000000000aa000000000000000000aa000000000000000000aa000000000000000000aa000000000000000000aa000000000000000000aa000000000000000000aa0000000000
01:07:14.108 [DEBUG] [serial] RX 128 bytes: 00000000aa000000000000000000aa000000000000000000aa000000000000000000aa000000000000000000aa000000000000000000aa000000000000000000aa000000000000000000aa000000000000000000aa000000000000000000aa000000000000000000aa000000000000000000aa000000000000000000aa000000
01:07:14.112 [DEBUG] [serial] RX 128 bytes: 000000000000aa000000000000000000aa000000000000000000aa000000000000000000aa000000000000000000aa000000000000000000aa000000000000000000aa000000000000000000aa000000000000000000aa000000000000000000aa000000000000000000aa000000000000000000aa000000000000000000aa00
01:07:14.116 [DEBUG] [serial] RX 128 bytes: 0000000000000000aa000000000000000000aa000000000000000000aa000000000000000000aa000000000000000000aa000000000000000000aa000000000000000000aa000000000000000000aa000000000000000000aa000000000000000000aa000000000000000000aa000000000000000000aa000000000000000000
01:07:14.120 [DEBUG] [serial] RX 128 bytes: aa000000000000000000aa000000000000000000aa000000000000000000aa000000000000000000aa000000000000000000aa000000000000000000aa000000000000000000aa000000000000000000aa000000000000000000aa000000000000000000aa000000000000000000aa000000000000000000aa00000000000000
01:07:14.124 [DEBUG] [serial] RX 128 bytes: 0000aa000000000000000000aa000000000000000000aa000000000000000000aa000000000000000000aa000000000000000000aa000000000000000000aa000000000000000000aa000000000000000000aa000000000000000000aa000000000000000000aa000000000000000000aa000000000000000000aa0000000000
01:07:14.128 [DEBUG] [serial] RX 128 bytes: 00000000aa000000000000000000aa000000000000000000aa000000000000000000aa000000000000000000aa000000000000000000aa000000000000000000aa000000000000000000aa000000000000000000aa000000000000000000aa000000000000000000aa000000000000000000aa000000000000000000aa000000
01:07:14.132 [DEBUG] [serial] RX 128 bytes: 000000000000aa000000000000000000aa000000000000000000aa000000000000000000aa000000000000000000aa000000000000000000aa000000000000000000aa000000000000000000aa000000000000000000aa000000000000000000aa000000000000000000aa000000000000000000aa000000000000000000aa00
01:07:14.136 [DEBUG] [serial] RX 128 bytes: 0000000000000000aa000000000000000000aa000000000000000000aa000000000000000000aa000000000000000000aa000000000000000000aa000000000000000000aa000000000000000000aa000000000000000000aa000000000000000000aa000000000000000000aa000000000000000000aa000000000000000000
01:07:14.140 [DEBUG] [serial] RX 128 bytes: aa000000000000000000aa000000000000000000aa000000000000000000aa000000000000000000aa000000000000000000aa000000000000000000aa000000000000000000aa000000000000000000aa000000000000000000aa000000000000000000aa000000000000000000aa000000000000000000aa00000000000000
01:07:14.144 [DEBUG] [serial] RX 128 bytes: 0000aa000000000000000000aa000000000000000000aa000000000000000000aa000000000000000000aa000000000000000000aa000000000000000000aa000000000000000000aa000000000000000000aa000000000000000000aa000000000000000000aa000000000000000000aa000000000000000000aa0000000000
01:07:14.148 [DEBUG] [serial] RX 128 bytes: 00000000aa000000000000000000aa000000000000000000aa000000000000000000aa000000000000000000aa000000000000000000aa000000000000000000aa000000000000000000aa000000000000000000aa000000000000000000aa000000000000000000aa000000000000000000aa000000000000000000aa000000
01:07:14.153 [DEBUG] [serial] RX 128 bytes: 000000000000aa000000000000000000aa000000000000000000aa000000000000000000aa000000000000000000aa000000000000000000aa000000000000000000aa000000000000000000aa000000000000000000aa000000000000000000aa000000000000000000aa000000000000000000aa000000000000000000aa00
01:07:14.156 [DEBUG] [serial] RX 128 bytes: 0000000000000000aa000000000000000000aa000000000000000000aa000000000000000000aa000000000000000000aa000000000000000000aa000000000000000000aa000000000000000000aa000000000000000000aa000000000000000000aa000000000000000000aa000000000000000000aa000000000000000000
01:07:14.160 [DEBUG] [serial] RX 128 bytes: aa000000000000000000aa000000000000000000aa000000000000000000aa000000000000000000aa000000000000000000aa000000000000000000aa000000000000000000aa000000000000000000aa000000000000000000aa000000000000000000aa000000000000000000aa000000000000000000aa00000000000000
01:07:14.164 [DEBUG] [serial] RX 128 bytes: 0000aa000000000000000000aa000000000000000000aa000000000000000000aa000000000000000000aa000000000000000000aa000000000000000000aa000000000000000000aa000000000000000000aa000000000000000000aa000000000000000000aa000000000000000000aa000000000000000000aa0000000000
01:07:14.168 [DEBUG] [serial] RX 128 bytes: 00000000aa000000000000000000aa000000000000000000aa000000000000000000aa000000000000000000aa000000000000000000aa000000000000000000aa000000000000000000aa000000000000000000aa000000000000000000aa000000000000000000aa000000000000000000aa000000000000000000aa000000
01:07:14.172 [DEBUG] [serial] RX 128 bytes: 000000000000aa000000000000000000aa000000000000000000aa000000000000000000aa000000000000000000aa000000000000000000aa000000000000000000aa000000000000000000aa000000000000000000aa000000000000000000aa000000000000000000aa000000000000000000aa000000000000000000aa00
01:07:14.175 [DEBUG] [serial] RX 128 bytes: 0000000000000000aa000000000000000000aa000000000000000000aa000000000000000000aa000000000000000000aa000000000000000000aa000000000000000000aa000000000000000000aa000000000000000000aa000000000000000000aa000000000000000000aa000000000000000000aa000000000000000000
01:07:14.179 [DEBUG] [serial] RX 128 bytes: aa000000000000000000aa000000000000000000aa000000000000000000aa000000000000000000aa000000000000000000aa000000000000000000aa000000000000000000aa000000000000000000aa000000000000000000aa000000000000000000aa000000000000000000aa000000000000000000aa00000000000000
01:07:14.183 [DEBUG] [serial] RX 128 bytes: 0000aa000000000000000000aa000000000000000000aa000000000000000000aa000000000000000000aa000000000000000000aa000000000000000000aa000000000000000000aa000000000000000000aa000000000000000000aa000000000000000000aa000000000000000000aa000000000000000000aa0000000000
01:07:14.187 [DEBUG] [serial] RX 128 bytes: 00000000aa000000000000000000aa000000000000000000aa000000000000000000aa000000000000000000aa000000000000000000aa000000000000000000aa000000000000000000aa000000000000000000aa000000000000000000aa000000000000000000aa000000000000000000aa000000000000000000aa000000
01:07:14.191 [DEBUG] [serial] RX 128 bytes: 000000000000aa000000000000000000aa000000000000000000aa000000000000000000aa000000000000000000aa000000000000000000aa000000000000000000aa000000000000000000aa000000000000000000aa000000000000000000aa000000000000000000aa000000000000000000aa000000000000000000aa00
01:07:14.195 [DEBUG] [serial] RX 128 bytes: 0000000000000000aa000000000000000000aa000000000000000000aa000000000000000000aa000000000000000000aa000000000000000000aa000000000000000000aa000000000000000000aa000000000000000000aa000000000000000000aa000000000000000000aa000000000000000000aa000000000000000000
01:07:14.199 [DEBUG] [serial] RX 128 bytes: aa000000000000000000aa000000000000000000aa000000000000000000aa000000000000000000aa000000000000000000aa000000000000000000aa000000000000000000aa000000000000000000aa000000000000000000aa000000000000000000aa000000000000000000aa000000000000000000aa00000000000000
01:07:14.203 [DEBUG] [serial] RX 128 bytes: 0000aa000000000000000000aa000000000000000000aa000000000000000000aa000000000000000000aa000000000000000000aa000000000000000000aa000000000000000000aa000000000000000000aa000000000000000000aa000000000000000000aa000000000000000000aa000000000000000000aa0000000000
01:07:14.207 [DEBUG] [serial] RX 128 bytes: 00000000aa000000000000000000aa000000000000000000aa000000000000000000aa000000000000000000aa000000000000000000aa000000000000000000aa000000000000000000aa000000000000000000aa000000000000000000aa000000000000000000aa000000000000000000aa000000000000000000aa000000
01:07:14.211 [DEBUG] [serial] RX 128 bytes: 000000000000aa000000000000000000aa000000000000000000aa000000000000000000aa000000000000000000aa000000000000000000aa000000000000000000aa000000000000000000aa000000000000000000aa000000000000000000aa000000000000000000aa000000000000000000aa000000000000000000aa00
01:07:14.215 [DEBUG] [serial] RX 128 bytes: 0000000000000000aa000000000000000000aa000000000000000000aa000000000000000000aa000000000000000000aa000000000000000000aa000000000000000000aa000000000000000000aa000000000000000000aa000000000000000000aa000000000000000000aa000000000000000000aa000000000000000000
01:07:14.219 [DEBUG] [serial] RX 128 bytes: aa000000000000000000aa000000000000000000aa000000000000000000aa000000000000000000aa000000000000000000aa000000000000000000aa000000000000000000aa000000000000000000aa000000000000000000aa000000000000000000aa000000000000000000aa000000000000000000aa00000000000000
01:07:14.223 [DEBUG] [serial] RX 128 bytes: 0000aa000000000000000000aa000000000000000000aa000000000000000000aa000000000000000000aa000000000000000000aa000000000000000000aa000000000000000000aa000000000000000000aa000000000000000000aa000000000000000000aa000000000000000000aa000000000000000000aa0000000000
01:07:14.227 [DEBUG] [serial] RX 128 bytes: 00000000aa000000000000000000aa000000000000000000aa000000000000000000aa000000000000000000aa000000000000000000aa000000000000000000aa000000000000000000aa000000000000000000aa000000000000000000aa000000000000000000aa000000000000000000aa000000000000000000aa000000
01:07:14.231 [DEBUG] [serial] RX 128 bytes: 000000000000aa000000000000000000aa000000000000000000aa000000000000000000aa000000000000000000aa000000000000000000aa000000000000000000aa000000000000000000aa000000000000000000aa000000000000000000aa000000000000000000aa000000000000000000aa000000000000000000aa00
01:07:14.235 [DEBUG] [serial] RX 128 bytes: 0000000000000000aa000000000000000000aa000000000000000000aa000000000000000000aa000000000000000000aa000000000000000000aa000000000000000000aa000000000000000000aa000000000000000000aa000000000000000000aa000000000000000000aa000000000000000000aa000000000000000000
01:07:14.239 [DEBUG] [serial] RX 128 bytes: aa000000000000000000aa000000000000000000aa000000000000000000aa000000000000000000aa000000000000000000aa000000000000000000aa000000000000000000aa000000000000000000aa000000000000000000aa000000000000000000aa000000000000000000aa000000000000000000aa00000000000000
01:07:14.243 [DEBUG] [serial] RX 128 bytes: 0000aa000000000000000000aa000000000000000000aa000000000000000000aa000000000000000000aa000000000000000000aa000000000000000000aa000000000000000000aa000000000000000000aa000000000000000000aa000000000000000000aa000000000000000000aa000000000000000000aa0000000000
01:07:14.243 [DEBUG] [serial] PKT #4500: flags=0x00 in=0 ds=0 flt=0
01:07:14.247 [DEBUG] [serial] RX 128 bytes: 00000000aa000000000000000000aa000000000000000000aa000000000000000000aa000000000000000000aa000000000000000000aa000000000000000000aa000000000000000000aa000000000000000000aa000000000000000000aa000000000000000000aa000000000000000000aa000000000000000000aa000000
01:07:14.251 [DEBUG] [serial] RX 128 bytes: 000000000000aa000000000000000000aa000000000000000000aa000000000000000000aa000000000000000000aa000000000000000000aa000000000000000000aa000000000000000000aa000000000000000000aa000000000000000000aa000000000000000000aa000000000000000000aa000000000000000000aa00
01:07:14.255 [DEBUG] [serial] RX 128 bytes: 0000000000000000aa000000000000000000aa000000000000000000aa000000000000000000aa000000000000000000aa000000000000000000aa000000000000000000aa000000000000000000aa000000000000000000aa000000000000000000aa000000000000000000aa000000000000000000aa000000000000000000
01:07:14.259 [DEBUG] [serial] RX 128 bytes: aa000000000000000000aa000000000000000000aa000000000000000000aa000000000000000000aa000000000000000000aa000000000000000000aa000000000000000000aa000000000000000000aa000000000000000000aa000000000000000000aa000000000000000000aa000000000000000000aa00000000000000
01:07:14.263 [DEBUG] [serial] RX 128 bytes: 0000aa000000000000000000aa000000000000000000aa000000000000000000aa000000000000000000aa000000000000000000aa000000000000000000aa000000000000000000aa000000000000000000aa000000000000000000aa000000000000000000aa000000000000000000aa000000000000000000aa0000000000
01:07:14.267 [DEBUG] [serial] RX 128 bytes: 00000000aa000000000000000000aa000000000000000000aa000000000000000000aa000000000000000000aa000000000000000000aa000000000000000000aa000000000000000000aa000000000000000000aa000000000000000000aa000000000000000000aa000000000000000000aa000000000000000000aa000000
01:07:14.271 [DEBUG] [serial] RX 128 bytes: 000000000000aa000000000000000000aa000000000000000000aa000000000000000000aa000000000000000000aa000000000000000000aa000000000000000000aa000000000000000000aa000000000000000000aa000000000000000000aa000000000000000000aa000000000000000000aa000000000000000000aa00
01:07:14.275 [DEBUG] [serial] RX 128 bytes: 0000000000000000aa000000000000000000aa000000000000000000aa000000000000000000aa000000000000000000aa000000000000000000aa000000000000000000aa000000000000000000aa000000000000000000aa000000000000000000aa000000000000000000aa000000000000000000aa000000000000000000
01:07:14.279 [DEBUG] [serial] RX 128 bytes: aa000000000000000000aa000000000000000000aa000000000000000000aa000000000000000000aa000000000000000000aa000000000000000000aa000000000000000000aa000000000000000000aa000000000000000000aa000000000000000000aa000000000000000000aa000000000000000000aa00000000000000
01:07:14.283 [DEBUG] [serial] RX 128 bytes: 0000aa000000000000000000aa000000000000000000aa000000000000000000aa000000000000000000aa000000000000000000aa000000000000000000aa000000000000000000aa000000000000000000aa000000000000000000aa000000000000000000aa000000000000000000aa000000000000000000aa0000000000
01:07:14.287 [DEBUG] [serial] RX 128 bytes: 00000000aa000000000000000000aa000000000000000000aa000000000000000000aa000000000000000000aa000000000000000000aa000000000000000000aa000000000000000000aa000000000000000000aa000000000000000000aa000000000000000000aa000000000000000000aa000000000000000000aa000000
01:07:14.291 [DEBUG] [serial] RX 128 bytes: 000000000000aa000000000000000000aa000000000000000000aa000000000000000000aa000000000000000000aa000000000000000000aa000000000000000000aa000000000000000000aa000000000000000000aa000000000000000000aa000000000000000000aa000000000000000000aa000000000000000000aa00
01:07:14.295 [DEBUG] [serial] RX 128 bytes: 0000000000000000aa000000000000000000aa000000000000000000aa000000000000000000aa000000000000000000aa000000000000000000aa000000000000000000aa000000000000000000aa000000000000000000aa000000000000000000aa000000000000000000aa000000000000000000aa000000000000000000
01:07:14.299 [DEBUG] [serial] RX 128 bytes: aa000000000000000000aa000000000000000000aa000000000000000000aa000000000000000000aa000000000000000000aa000000000000000000aa000000000000000000aa000000000000000000aa000000000000000000aa000000000000000000aa000000000000000000aa000000000000000000aa00000000000000
01:07:14.303 [DEBUG] [serial] RX 128 bytes: 0000aa000000000000000000aa000000000000000000aa000000000000000000aa000000000000000000aa000000000000000000aa000000000000000000aa000000000000000000aa000000000000000000aa000000000000000000aa000000000000000000aa000000000000000000aa000000000000000000aa0000000000
01:07:14.307 [DEBUG] [serial] RX 128 bytes: 00000000aa000000000000000000aa000000000000000000aa000000000000000000aa000000000000000000aa000000000000000000aa000000000000000000aa000000000000000000aa000000000000000000aa000000000000000000aa000000000000000000aa000000000000000000aa000000000000000000aa000000
01:07:14.311 [DEBUG] [serial] RX 128 bytes: 000000000000aa000000000000000000aa000000000000000000aa000000000000000000aa000000000000000000aa000000000000000000aa000000000000000000aa000000000000000000aa000000000000000000aa000000000000000000aa000000000000000000aa000000000000000000aa000000000000000000aa00
01:07:14.314 [DEBUG] [serial] RX 128 bytes: 0000000000000000aa000000000000000000aa000000000000000000aa000000000000000000aa000000000000000000aa000000000000000000aa000000000000000000aa000000000000000000aa000000000000000000aa000000000000000000aa000000000000000000aa000000000000000000aa000000000000000000
01:07:14.318 [DEBUG] [serial] RX 128 bytes: aa000000000000000000aa000000000000000000aa000000000000000000aa000000000000000000aa000000000000000000aa000000000000000000aa000000000000000000aa000000000000000000aa000000000000000000aa000000000000000000aa000000000000000000aa000000000000000000aa00000000000000
01:07:14.322 [DEBUG] [serial] RX 128 bytes: 0000aa000000000000000000aa000000000000000000aa000000000000000000aa000000000000000000aa000000000000000000aa000000000000000000aa000000000000000000aa000000000000000000aa000000000000000000aa000000000000000000aa000000000000000000aa000000000000000000aa0000000000
01:07:14.326 [DEBUG] [serial] RX 128 bytes: 00000000aa000000000000000000aa000000000000000000aa000000000000000000aa000000000000000000aa000000000000000000aa000000000000000000aa000000000000000000aa000000000000000000aa000000000000000000aa000000000000000000aa000000000000000000aa000000000000000000aa000000
01:07:14.331 [DEBUG] [serial] RX 128 bytes: 000000000000aa000000000000000000aa000000000000000000aa000000000000000000aa000000000000000000aa000000000000000000aa000000000000000000aa000000000000000000aa000000000000000000aa000000000000000000aa000000000000000000aa000000000000000000aa000000000000000000aa00
01:07:14.334 [DEBUG] [serial] RX 128 bytes: 0000000000000000aa000000000000000000aa000000000000000000aa000000000000000000aa000000000000000000aa000000000000000000aa000000000000000000aa000000000000000000aa000000000000000000aa000000000000000000aa000000000000000000aa000000000000000000aa000000000000000000
01:07:14.338 [DEBUG] [serial] RX 128 bytes: aa000000000000000000aa000000000000000000aa000000000000000000aa000000000000000000aa000000000000000000aa000000000000000000aa000000000000000000aa000000000000000000aa000000000000000000aa000000000000000000aa000000000000000000aa000000000000000000aa00000000000000
01:07:14.343 [DEBUG] [serial] RX 128 bytes: 0000aa000000000000000000aa000000000000000000aa000000000000000000aa000000000000000000aa000000000000000000aa000000000000000000aa000000000000000000aa000000000000000000aa000000000000000000aa000000000000000000aa000000000000000000aa000000000000000000aa0000000000
01:07:14.346 [DEBUG] [serial] RX 128 bytes: 00000000aa000000000000000000aa000000000000000000aa000000000000000000aa000000000000000000aa000000000000000000aa000000000000000000aa000000000000000000aa000000000000000000aa000000000000000000aa000000000000000000aa000000000000000000aa000000000000000000aa000000
01:07:14.350 [DEBUG] [serial] RX 128 bytes: 000000000000aa000000000000000000aa000000000000000000aa000000000000000000aa000000000000000000aa000000000000000000aa000000000000000000aa000000000000000000aa000000000000000000aa000000000000000000aa000000000000000000aa000000000000000000aa000000000000000000aa00
01:07:14.354 [DEBUG] [serial] RX 128 bytes: 0000000000000000aa000000000000000000aa000000000000000000aa000000000000000000aa000000000000000000aa000000000000000000aa000000000000000000aa000000000000000000aa000000000000000000aa000000000000000000aa000000000000000000aa000000000000000000aa000000000000000000
01:07:14.358 [DEBUG] [serial] RX 128 bytes: aa000000000000000000aa000000000000000000aa000000000000000000aa000000000000000000aa000000000000000000aa000000000000000000aa000000000000000000aa000000000000000000aa000000000000000000aa000000000000000000aa000000000000000000aa000000000000000000aa00000000000000
01:07:14.362 [DEBUG] [serial] RX 128 bytes: 0000aa000000000000000000aa000000000000000000aa000000000000000000aa000000000000000000aa000000000000000000aa000000000000000000aa000000000000000000aa000000000000000000aa000000000000000000aa000000000000000000aa000000000000000000aa000000000000000000aa0000000000
01:07:14.366 [DEBUG] [serial] RX 128 bytes: 00000000aa000000000000000000aa000000000000000000aa000000000000000000aa000000000000000000aa000000000000000000aa000000000000000000aa000000000000000000aa000000000000000000aa000000000000000000aa000000000000000000aa000000000000000000aa000000000000000000aa000000
01:07:14.370 [DEBUG] [serial] RX 128 bytes: 000000000000aa000000000000000000aa000000000000000000aa000000000000000000aa000000000000000000aa000000000000000000aa000000000000000000aa000000000000000000aa000000000000000000aa000000000000000000aa000000000000000000aa000000000000000000aa000000000000000000aa00
01:07:14.374 [DEBUG] [serial] RX 128 bytes: 0000000000000000aa000000000000000000aa000000000000000000aa000000000000000000aa000000000000000000aa000000000000000000aa000000000000000000aa000000000000000000aa000000000000000000aa000000000000000000aa000000000000000000aa000000000000000000aa000000000000000000
01:07:14.378 [DEBUG] [serial] RX 128 bytes: aa000000000000000000aa000000000000000000aa000000000000000000aa000000000000000000aa000000000000000000aa000000000000000000aa000000000000000000aa000000000000000000aa000000000000000000aa000000000000000000aa000000000000000000aa000000000000000000aa00000000000000
01:07:14.382 [DEBUG] [serial] RX 128 bytes: 0000aa000000000000000000aa000000000000000000aa000000000000000000aa000000000000000000aa000000000000000000aa000000000000000000aa000000000000000000aa000000000000000000aa000000000000000000aa000000000000000000aa000000000000000000aa000000000000000000aa0000000000
01:07:14.386 [DEBUG] [serial] RX 128 bytes: 00000000aa000000000000000000aa000000000000000000aa000000000000000000aa000000000000000000aa000000000000000000aa000000000000000000aa000000000000000000aa000000000000000000aa000000000000000000aa000000000000000000aa000000000000000000aa000000000000000000aa000000
01:07:14.390 [DEBUG] [serial] RX 128 bytes: 000000000000aa000000000000000000aa000000000000000000aa000000000000000000aa000000000000000000aa000000000000000000aa000000000000000000aa000000000000000000aa000000000000000000aa000000000000000000aa000000000000000000aa000000000000000000aa000000000000000000aa00
01:07:14.394 [DEBUG] [serial] RX 128 bytes: 0000000000000000aa000000000000000000aa000000000000000000aa000000000000000000aa000000000000000000aa000000000000000000aa000000000000000000aa000000000000000000aa000000000000000000aa000000000000000000aa000000000000000000aa000000000000000000aa000000000000000000
01:07:14.398 [DEBUG] [serial] RX 128 bytes: aa000000000000000000aa000000000000000000aa000000000000000000aa000000000000000000aa000000000000000000aa000000000000000000aa000000000000000000aa000000000000000000aa000000000000000000aa000000000000000000aa000000000000000000aa000000000000000000aa00000000000000
01:07:14.398 [DEBUG] [serial] PKT #5000: flags=0x00 in=0 ds=0 flt=0
01:07:14.402 [DEBUG] [serial] RX 128 bytes: 0000aa000000000000000000aa000000000000000000aa000000000000000000aa000000000000000000aa000000000000000000aa000000000000000000aa000000000000000000aa000000000000000000aa000000000000000000aa000000000000000000aa000000000000000000aa000000000000000000aa0000000000
01:07:14.406 [DEBUG] [serial] RX 128 bytes: 00000000aa000000000000000000aa000000000000000000aa000000000000000000aa000000000000000000aa000000000000000000aa000000000000000000aa000000000000000000aa000000000000000000aa000000000000000000aa000000000000000000aa000000000000000000aa000000000000000000aa000000
01:07:14.410 [DEBUG] [serial] RX 128 bytes: 000000000000aa000000000000000000aa000000000000000000aa000000000000000000aa000000000000000000aa000000000000000000aa000000000000000000aa000000000000000000aa000000000000000000aa000000000000000000aa000000000000000000aa000000000000000000aa000000000000000000aa00
01:07:14.414 [DEBUG] [serial] RX 128 bytes: 0000000000000000aa000000000000000000aa000000000000000000aa000000000000000000aa000000000000000000aa000000000000000000aa000000000000000000aa000000000000000000aa000000000000000000aa000000000000000000aa000000000000000000aa000000000000000000aa000000000000000000
01:07:14.418 [DEBUG] [serial] RX 128 bytes: aa000000000000000000aa000000000000000000aa000000000000000000aa000000000000000000aa000000000000000000aa000000000000000000aa000000000000000000aa000000000000000000aa000000000000000000aa000000000000000000aa000000000000000000aa000000000000000000aa00000000000000
01:07:14.422 [DEBUG] [serial] RX 128 bytes: 0000aa000000000000000000aa000000000000000000aa000000000000000000aa000000000000000000aa000000000000000000aa000000000000000000aa000000000000000000aa000000000000000000aa000000000000000000aa000000000000000000aa000000000000000000aa000000000000000000aa0000000000
01:07:14.426 [DEBUG] [serial] RX 128 bytes: 00000000aa000000000000000000aa000000000000000000aa000000000000000000aa000000000000000000aa000000000000000000aa000000000000000000aa000000000000000000aa000000000000000000aa000000000000000000aa000000000000000000aa000000000000000000aa000000000000000000aa000000
01:07:14.430 [DEBUG] [serial] RX 128 bytes: 000000000000aa000000000000000000aa000000000000000000aa000000000000000000aa000000000000000000aa000000000000000000aa000000000000000000aa000000000000000000aa000000000000000000aa000000000000000000aa000000000000000000aa000000000000000000aa000000000000000000aa00
01:07:14.434 [DEBUG] [serial] RX 128 bytes: 0000000000000000aa000000000000000000aa000000000000000000aa000000000000000000aa000000000000000000aa000000000000000000aa000000000000000000aa000000000000000000aa000000000000000000aa000000000000000000aa000000000000000000aa000000000000000000aa000000000000000000
01:07:14.438 [DEBUG] [serial] RX 128 bytes: aa000000000000000000aa000000000000000000aa000000000000000000aa000000000000000000aa000000000000000000aa000000000000000000aa000000000000000000aa000000000000000000aa000000000000000000aa000000000000000000aa000000000000000000aa000000000000000000aa00000000000000
01:07:14.442 [DEBUG] [serial] RX 128 bytes: 0000aa000000000000000000aa000000000000000000aa000000000000000000aa000000000000000000aa000000000000000000aa000000000000000000aa000000000000000000aa000000000000000000aa000000000000000000aa000000000000000000aa000000000000000000aa000000000000000000aa0000000000
01:07:14.446 [DEBUG] [serial] RX 128 bytes: 00000000aa000000000000000000aa000000000000000000aa000000000000000000aa000000000000000000aa000000000000000000aa000000000000000000aa000000000000000000aa000000000000000000aa000000000000000000aa000000000000000000aa000000000000000000aa000000000000000000aa000000
01:07:14.450 [DEBUG] [serial] RX 128 bytes: 000000000000aa000000000000000000aa000000000000000000aa000000000000000000aa000000000000000000aa000000000000000000aa000000000000000000aa000000000000000000aa000000000000000000aa000000000000000000aa000000000000000000aa000000000000000000aa000000000000000000aa00
01:07:14.453 [DEBUG] [serial] RX 128 bytes: 0000000000000000aa000000000000000000aa000000000000000000aa000000000000000000aa000000000000000000aa000000000000000000aa000000000000000000aa000000000000000000aa000000000000000000aa000000000000000000aa000000000000000000aa000000000000000000aa000000000000000000
01:07:14.457 [DEBUG] [serial] RX 128 bytes: aa000000000000000000aa000000000000000000aa000000000000000000aa000000000000000000aa000000000000000000aa000000000000000000aa000000000000000000aa000000000000000000aa000000000000000000aa000000000000000000aa000000000000000000aa000000000000000000aa00000000000000
01:07:14.461 [DEBUG] [serial] RX 128 bytes: 0000aa000000000000000000aa000000000000000000aa000000000000000000aa000000000000000000aa000000000000000000aa000000000000000000aa000000000000000000aa000000000000000000aa000000000000000000aa000000000000000000aa000000000000000000aa000000000000000000aa0000000000
01:07:14.466 [DEBUG] [serial] RX 128 bytes: 00000000aa000000000000000000aa000000000000000000aa000000000000000000aa000000000000000000aa000000000000000000aa000000000000000000aa000000000000000000aa000000000000000000aa000000000000000000aa000000000000000000aa000000000000000000aa000000000000000000aa000000
01:07:14.470 [DEBUG] [serial] RX 128 bytes: 000000000000aa000000000000000000aa000000000000000000aa000000000000000000aa000000000000000000aa000000000000000000aa000000000000000000aa000000000000000000aa000000000000000000aa000000000000000000aa000000000000000000aa000000000000000000aa000000000000000000aa00
01:07:14.473 [DEBUG] [serial] RX 128 bytes: 0000000000000000aa000000000000000000aa000000000000000000aa000000000000000000aa000000000000000000aa000000000000000000aa000000000000000000aa000000000000000000aa000000000000000000aa000000000000000000aa000000000000000000aa000000000000000000aa000000000000000000
01:07:14.477 [DEBUG] [serial] RX 128 bytes: aa000000000000000000aa000000000000000000aa000000000000000000aa000000000000000000aa000000000000000000aa000000000000000000aa000000000000000000aa000000000000000000aa000000000000000000aa000000000000000000aa000000000000000000aa000000000000000000aa00000000000000
01:07:14.481 [DEBUG] [serial] RX 128 bytes: 0000aa000000000000000000aa000000000000000000aa000000000000000000aa000000000000000000aa000000000000000000aa000000000000000000aa000000000000000000aa000000000000000000aa000000000000000000aa000000000000000000aa000000000000000000aa000000000000000000aa0000000000
01:07:14.486 [DEBUG] [serial] RX 128 bytes: 00000000aa000000000000000000aa000000000000000000aa000000000000000000aa000000000000000000aa000000000000000000aa000000000000000000aa000000000000000000aa000000000000000000aa000000000000000000aa000000000000000000aa000000000000000000aa000000000000000000aa000000
01:07:14.489 [DEBUG] [serial] RX 128 bytes: 000000000000aa000000000000000000aa000000000000000000aa000000000000000000aa000000000000000000aa000000000000000000aa000000000000000000aa000000000000000000aa000000000000000000aa000000000000000000aa000000000000000000aa000000000000000000aa000000000000000000aa00
01:07:14.493 [DEBUG] [serial] RX 128 bytes: 0000000000000000aa000000000000000000aa000000000000000000aa000000000000000000aa000000000000000000aa000000000000000000aa000000000000000000aa000000000000000000aa000000000000000000aa000000000000000000aa000000000000000000aa000000000000000000aa000000000000000000
01:07:14.497 [DEBUG] [serial] RX 128 bytes: aa000000000000000000aa000000000000000000aa000000000000000000aa000000000000000000aa000000000000000000aa000000000000000000aa000000000000000000aa000000000000000000aa000000000000000000aa000000000000000000aa000000000000000000aa000000000000000000aa00000000000000
01:07:14.501 [DEBUG] [serial] RX 128 bytes: 0000aa000000000000000000aa000000000000000000aa000000000000000000aa000000000000000000aa000000000000000000aa000000000000000000aa000000000000000000aa000000000000000000aa000000000000000000aa000000000000000000aa000000000000000000aa000000000000000000aa0000000000
01:07:14.505 [DEBUG] [serial] RX 128 bytes: 00000000aa000000000000000000aa000000000000000000aa000000000000000000aa000000000000000000aa000000000000000000aa000000000000000000aa000000000000000000aa000000000000000000aa000000000000000000aa000000000000000000aa000000000000000000aa000000000000000000aa000000
01:07:14.509 [DEBUG] [serial] RX 128 bytes: 000000000000aa000000000000000000aa000000000000000000aa000000000000000000aa000000000000000000aa000000000000000000aa000000000000000000aa000000000000000000aa000000000000000000aa000000000000000000aa000000000000000000aa000000000000000000aa000000000000000000aa00
01:07:14.513 [DEBUG] [serial] RX 128 bytes: 0000000000000000aa000000000000000000aa000000000000000000aa000000000000000000aa000000000000000000aa000000000000000000aa000000000000000000aa000000000000000000aa000000000000000000aa000000000000000000aa000000000000000000aa000000000000000000aa000000000000000000
01:07:14.517 [DEBUG] [serial] RX 128 bytes: aa000000000000000000aa000000000000000000aa000000000000000000aa000000000000000000aa000000000000000000aa000000000000000000aa000000000000000000aa000000000000000000aa000000000000000000aa000000000000000000aa000000000000000000aa000000000000000000aa00000000000000
01:07:14.521 [DEBUG] [serial] RX 128 bytes: 0000aa000000000000000000aa000000000000000000aa000000000000000000aa000000000000000000aa000000000000000000aa000000000000000000aa000000000000000000aa000000000000000000aa000000000000000000aa000000000000000000aa000000000000000000aa000000000000000000aa0000000000
01:07:14.525 [DEBUG] [serial] RX 128 bytes: 00000000aa000000000000000000aa000000000000000000aa000000000000000000aa000000000000000000aa000000000000000000aa000000000000000000aa000000000000000000aa000000000000000000aa000000000000000000aa000000000000000000aa000000000000000000aa000000000000000000aa000000
01:07:14.530 [DEBUG] [serial] RX 128 bytes: 000000000000aa000000000000000000aa000000000000000000aa000000000000000000aa000000000000000000aa000000000000000000aa000000000000000000aa000000000000000000aa000000000000000000aa000000000000000000aa000000000000000000aa000000000000000000aa000000000000000000aa00
01:07:14.533 [DEBUG] [serial] RX 128 bytes: 0000000000000000aa000000000000000000aa000000000000000000aa000000000000000000aa000000000000000000aa000000000000000000aa000000000000000000aa000000000000000000aa000000000000000000aa000000000000000000aa000000000000000000aa000000000000000000aa000000000000000000
01:07:14.537 [DEBUG] [serial] RX 128 bytes: aa000000000000000000aa000000000000000000aa000000000000000000aa000000000000000000aa000000000000000000aa000000000000000000aa000000000000000000aa000000000000000000aa000000000000000000aa000000000000000000aa000000000000000000aa000000000000000000aa00000000000000
01:07:14.541 [DEBUG] [serial] RX 128 bytes: 0000aa000000000000000000aa000000000000000000aa000000000000000000aa000000000000000000aa000000000000000000aa000000000000000000aa000000000000000000aa000000000000000000aa000000000000000000aa000000000000000000aa000000000000000000aa000000000000000000aa0000000000
01:07:14.545 [DEBUG] [serial] RX 128 bytes: 00000000aa000000000000000000aa000000000000000000aa000000000000000000aa000000000000000000aa000000000000000000aa000000000000000000aa000000000000000000aa000000000000000000aa000000000000000000aa000000000000000000aa000000000000000000aa000000000000000000aa000000
01:07:14.549 [DEBUG] [serial] RX 128 bytes: 000000000000aa000000000000000000aa000000000000000000aa000000000000000000aa000000000000000000aa000000000000000000aa000000000000000000aa000000000000000000aa000000000000000000aa000000000000000000aa000000000000000000aa000000000000000000aa000000000000000000aa00
01:07:14.553 [DEBUG] [serial] RX 128 bytes: 0000000000000000aa000000000000000000aa000000000000000000aa000000000000000000aa000000000000000000aa000000000000000000aa000000000000000000aa000000000000000000aa000000000000000000aa000000000000000000aa000000000000000000aa000000000000000000aa000000000000000000
01:07:14.553 [DEBUG] [serial] PKT #5500: flags=0x00 in=0 ds=0 flt=0
01:07:14.557 [DEBUG] [serial] RX 128 bytes: aa000000000000000000aa000000000000000000aa000000000000000000aa000000000000000000aa000000000000000000aa000000000000000000aa000000000000000000aa000000000000000000aa000000000000000000aa000000000000000000aa000000000000000000aa000000000000000000aa00000000000000
01:07:14.561 [DEBUG] [serial] RX 128 bytes: 0000aa000000000000000000aa000000000000000000aa000000000000000000aa000000000000000000aa000000000000000000aa000000000000000000aa000000000000000000aa000000000000000000aa000000000000000000aa000000000000000000aa000000000000000000aa000000000000000000aa0000000000
01:07:14.565 [DEBUG] [serial] RX 128 bytes: 00000000aa000000000000000000aa000000000000000000aa000000000000000000aa000000000000000000aa000000000000000000aa000000000000000000aa000000000000000000aa000000000000000000aa000000000000000000aa000000000000000000aa000000000000000000aa000000000000000000aa000000
01:07:14.569 [DEBUG] [serial] RX 128 bytes: 000000000000aa000000000000000000aa000000000000000000aa000000000000000000aa000000000000000000aa000000000000000000aa000000000000000000aa000000000000000000aa000000000000000000aa000000000000000000aa000000000000000000aa000000000000000000aa000000000000000000aa00
01:07:14.573 [DEBUG] [serial] RX 128 bytes: 0000000000000000aa000000000000000000aa000000000000000000aa000000000000000000aa000000000000000000aa000000000000000000aa000000000000000000aa000000000000000000aa000000000000000000aa000000000000000000aa000000000000000000aa000000000000000000aa000000000000000000
01:07:14.577 [DEBUG] [serial] RX 128 bytes: aa000000000000000000aa000000000000000000aa000000000000000000aa000000000000000000aa000000000000000000aa000000000000000000aa000000000000000000aa000000000000000000aa000000000000000000aa000000000000000000aa000000000000000000aa000000000000000000aa00000000000000
01:07:14.581 [DEBUG] [serial] RX 128 bytes: 0000aa000000000000000000aa000000000000000000aa000000000000000000aa000000000000000000aa000000000000000000aa000000000000000000aa000000000000000000aa000000000000000000aa000000000000000000aa000000000000000000aa000000000000000000aa000000000000000000aa0000000000
01:07:14.585 [DEBUG] [serial] RX 128 bytes: 00000000aa000000000000000000aa000000000000000000aa000000000000000000aa000000000000000000aa000000000000000000aa000000000000000000aa000000000000000000aa000000000000000000aa000000000000000000aa000000000000000000aa000000000000000000aa000000000000000000aa000000
01:07:14.589 [DEBUG] [serial] RX 128 bytes: 000000000000aa000000000000000000aa000000000000000000aa000000000000000000aa000000000000000000aa000000000000000000aa000000000000000000aa000000000000000000aa000000000000000000aa000000000000000000aa000000000000000000aa000000000000000000aa000000000000000000aa00
01:07:14.592 [DEBUG] [serial] RX 128 bytes: 0000000000000000aa000000000000000000aa000000000000000000aa000000000000000000aa000000000000000000aa000000000000000000aa000000000000000000aa000000000000000000aa000000000000000000aa000000000000000000aa000000000000000000aa000000000000000000aa000000000000000000
01:07:14.596 [DEBUG] [serial] RX 128 bytes: aa000000000000000000aa000000000000000000aa000000000000000000aa000000000000000000aa000000000000000000aa000000000000000000aa000000000000000000aa000000000000000000aa000000000000000000aa000000000000000000aa000000000000000000aa000000000000000000aa00000000000000
01:07:14.600 [DEBUG] [serial] RX 128 bytes: 0000aa000000000000000000aa000000000000000000aa000000000000000000aa000000000000000000aa000000000000000000aa000000000000000000aa000000000000000000aa000000000000000000aa000000000000000000aa000000000000000000aa000000000000000000aa000000000000000000aa0000000000
01:07:14.605 [DEBUG] [serial] RX 128 bytes: 00000000aa000000000000000000aa000000000000000000aa000000000000000000aa000000000000000000aa000000000000000000aa000000000000000000aa000000000000000000aa000000000000000000aa000000000000000000aa000000000000000000aa000000000000000000aa000000000000000000aa000000
01:07:14.609 [DEBUG] [serial] RX 128 bytes: 000000000000aa000000000000000000aa000000000000000000aa000000000000000000aa000000000000000000aa000000000000000000aa000000000000000000aa000000000000000000aa000000000000000000aa000000000000000000aa000000000000000000aa000000000000000000aa000000000000000000aa00
01:07:14.612 [DEBUG] [serial] RX 128 bytes: 0000000000000000aa000000000000000000aa000000000000000000aa000000000000000000aa000000000000000000aa000000000000000000aa000000000000000000aa000000000000000000aa000000000000000000aa000000000000000000aa000000000000000000aa000000000000000000aa000000000000000000
01:07:14.616 [DEBUG] [serial] RX 128 bytes: aa000000000000000000aa000000000000000000aa000000000000000000aa000000000000000000aa000000000000000000aa000000000000000000aa000000000000000000aa000000000000000000aa000000000000000000aa000000000000000000aa000000000000000000aa000000000000000000aa00000000000000
01:07:14.620 [DEBUG] [serial] RX 128 bytes: 0000aa000000000000000000aa000000000000000000aa000000000000000000aa000000000000000000aa000000000000000000aa000000000000000000aa000000000000000000aa000000000000000000aa000000000000000000aa000000000000000000aa000000000000000000aa000000000000000000aa0000000000
01:07:14.625 [DEBUG] [serial] RX 128 bytes: 00000000aa000000000000000000aa000000000000000000aa000000000000000000aa000000000000000000aa000000000000000000aa000000000000000000aa000000000000000000aa000000000000000000aa000000000000000000aa000000000000000000aa000000000000000000aa000000000000000000aa000000
01:07:14.628 [DEBUG] [serial] RX 128 bytes: 000000000000aa000000000000000000aa000000000000000000aa000000000000000000aa000000000000000000aa000000000000000000aa000000000000000000aa000000000000000000aa000000000000000000aa000000000000000000aa000000000000000000aa000000000000000000aa000000000000000000aa00
01:07:14.632 [DEBUG] [serial] RX 128 bytes: 0000000000000000aa000000000000000000aa000000000000000000aa000000000000000000aa000000000000000000aa000000000000000000aa000000000000000000aa000000000000000000aa000000000000000000aa000000000000000000aa000000000000000000aa000000000000000000aa000000000000000000
01:07:14.636 [DEBUG] [serial] RX 128 bytes: aa000000000000000000aa000000000000000000aa000000000000000000aa000000000000000000aa000000000000000000aa000000000000000000aa000000000000000000aa000000000000000000aa000000000000000000aa000000000000000000aa000000000000000000aa000000000000000000aa00000000000000
01:07:14.640 [DEBUG] [serial] RX 128 bytes: 0000aa000000000000000000aa000000000000000000aa000000000000000000aa000000000000000000aa000000000000000000aa000000000000000000aa000000000000000000aa000000000000000000aa000000000000000000aa000000000000000000aa000000000000000000aa000000000000000000aa0000000000
01:07:14.644 [DEBUG] [serial] RX 128 bytes: 00000000aa000000000000000000aa000000000000000000aa000000000000000000aa000000000000000000aa000000000000000000aa000000000000000000aa000000000000000000aa000000000000000000aa000000000000000000aa000000000000000000aa000000000000000000aa000000000000000000aa000000
01:07:14.648 [DEBUG] [serial] RX 128 bytes: 000000000000aa000000000000000000aa000000000000000000aa000000000000000000aa000000000000000000aa000000000000000000aa000000000000000000aa000000000000000000aa000000000000000000aa000000000000000000aa000000000000000000aa000000000000000000aa000000000000000000aa00
01:07:14.652 [DEBUG] [serial] RX 128 bytes: 0000000000000000aa000000000000000000aa000000000000000000aa000000000000000000aa000000000000000000aa000000000000000000aa000000000000000000aa000000000000000000aa000000000000000000aa000000000000000000aa000000000000000000aa000000000000000000aa000000000000000000
01:07:14.656 [DEBUG] [serial] RX 128 bytes: aa000000000000000000aa000000000000000000aa000000000000000000aa000000000000000000aa000000000000000000aa000000000000000000aa000000000000000000aa000000000000000000aa000000000000000000aa000000000000000000aa000000000000000000aa000000000000000000aa00000000000000
01:07:14.660 [DEBUG] [serial] RX 128 bytes: 0000aa000000000000000000aa000000000000000000aa000000000000000000aa000000000000000000aa000000000000000000aa000000000000000000aa000000000000000000aa000000000000000000aa000000000000000000aa000000000000000000aa000000000000000000aa000000000000000000aa0000000000
01:07:14.664 [DEBUG] [serial] RX 128 bytes: 00000000aa000000000000000000aa000000000000000000aa000000000000000000aa000000000000000000aa000000000000000000aa000000000000000000aa000000000000000000aa000000000000000000aa000000000000000000aa000000000000000000aa000000000000000000aa000000000000000000aa000000
01:07:14.668 [DEBUG] [serial] RX 128 bytes: 000000000000aa000000000000000000aa000000000000000000aa000000000000000000aa000000000000000000aa000000000000000000aa000000000000000000aa000000000000000000aa000000000000000000aa000000000000000000aa000000000000000000aa000000000000000000aa000000000000000000aa00
01:07:14.672 [DEBUG] [serial] RX 128 bytes: 0000000000000000aa000000000000000000aa000000000000000000aa000000000000000000aa000000000000000000aa000000000000000000aa000000000000000000aa000000000000000000aa000000000000000000aa000000000000000000aa000000000000000000aa000000000000000000aa000000000000000000
01:07:14.676 [DEBUG] [serial] RX 128 bytes: aa000000000000000000aa000000000000000000aa000000000000000000aa000000000000000000aa000000000000000000aa000000000000000000aa000000000000000000aa000000000000000000aa000000000000000000aa000000000000000000aa000000000000000000aa000000000000000000aa00000000000000
01:07:14.680 [DEBUG] [serial] RX 128 bytes: 0000aa000000000000000000aa000000000000000000aa000000000000000000aa000000000000000000aa000000000000000000aa000000000000000000aa000000000000000000aa000000000000000000aa000000000000000000aa000000000000000000aa000000000000000000aa000000000000000000aa0000000000
01:07:14.684 [DEBUG] [serial] RX 128 bytes: 00000000aa000000000000000000aa000000000000000000aa000000000000000000aa000000000000000000aa000000000000000000aa000000000000000000aa000000000000000000aa000000000000000000aa000000000000000000aa000000000000000000aa000000000000000000aa000000000000000000aa000000
01:07:14.688 [DEBUG] [serial] RX 128 bytes: 000000000000aa000000000000000000aa000000000000000000aa000000000000000000aa000000000000000000aa000000000000000000aa000000000000000000aa000000000000000000aa000000000000000000aa000000000000000000aa000000000000000000aa000000000000000000aa000000000000000000aa00
01:07:14.692 [DEBUG] [serial] RX 128 bytes: 0000000000000000aa000000000000000000aa000000000000000000aa000000000000000000aa000000000000000000aa000000000000000000aa000000000000000000aa000000000000000000aa000000000000000000aa000000000000000000aa000000000000000000aa000000000000000000aa000000000000000000
01:07:14.696 [DEBUG] [serial] RX 128 bytes: aa000000000000000000aa000000000000000000aa000000000000000000aa000000000000000000aa000000000000000000aa000000000000000000aa000000000000000000aa000000000000000000aa000000000000000000aa000000000000000000aa000000000000000000aa000000000000000000aa00000000000000
01:07:14.700 [DEBUG] [serial] RX 128 bytes: 0000aa000000000000000000aa000000000000000000aa000000000000000000aa000000000000000000aa000000000000000000aa000000000000000000aa000000000000000000aa000000000000000000aa000000000000000000aa000000000000000000aa000000000000000000aa000000000000000000aa0000000000
01:07:14.704 [DEBUG] [serial] RX 128 bytes: 00000000aa000000000000000000aa000000000000000000aa000000000000000000aa000000000000000000aa000000000000000000aa000000000000000000aa000000000000000000aa000000000000000000aa000000000000000000aa000000000000000000aa000000000000000000aa000000000000000000aa000000
01:07:14.708 [DEBUG] [serial] RX 128 bytes: 000000000000aa000000000000000000aa000000000000000000aa000000000000000000aa000000000000000000aa000000000000000000aa000000000000000000aa000000000000000000aa000000000000000000aa000000000000000000aa000000000000000000aa000000000000000000aa000000000000000000aa00
01:07:14.708 [DEBUG] [serial] PKT #6000: flags=0x00 in=0 ds=0 flt=0
01:07:14.712 [DEBUG] [serial] RX 128 bytes: 0000000000000000aa000000000000000000aa000000000000000000aa000000000000000000aa000000000000000000aa000000000000000000aa000000000000000000aa000000000000000000aa000000000000000000aa000000000000000000aa000000000000000000aa000000000000000000aa000000000000000000
01:07:14.716 [DEBUG] [serial] RX 128 bytes: aa000000000000000000aa000000000000000000aa000000000000000000aa000000000000000000aa000000000000000000aa000000000000000000aa000000000000000000aa000000000000000000aa000000000000000000aa000000000000000000aa000000000000000000aa000000000000000000aa00000000000000
01:07:14.720 [DEBUG] [serial] RX 128 bytes: 0000aa000000000000000000aa000000000000000000aa000000000000000000aa000000000000000000aa000000000000000000aa000000000000000000aa000000000000000000aa000000000000000000aa000000000000000000aa000000000000000000aa000000000000000000aa000000000000000000aa0000000000
01:07:14.724 [DEBUG] [serial] RX 128 bytes: 00000000aa000000000000000000aa000000000000000000aa000000000000000000aa000000000000000000aa000000000000000000aa000000000000000000aa000000000000000000aa000000000000000000aa000000000000000000aa000000000000000000aa000000000000000000aa000000000000000000aa000000
01:07:14.728 [DEBUG] [serial] RX 128 bytes: 000000000000aa000000000000000000aa000000000000000000aa000000000000000000aa000000000000000000aa000000000000000000aa000000000000000000aa000000000000000000aa000000000000000000aa000000000000000000aa000000000000000000aa000000000000000000aa000000000000000000aa00
01:07:14.731 [DEBUG] [serial] RX 128 bytes: 0000000000000000aa000000000000000000aa000000000000000000aa000000000000000000aa000000000000000000aa000000000000000000aa000000000000000000aa000000000000000000aa000000000000000000aa000000000000000000aa000000000000000000aa000000000000000000aa000000000000000000
01:07:14.736 [DEBUG] [serial] RX 128 bytes: aa000000000000000000aa000000000000000000aa000000000000000000aa000000000000000000aa000000000000000000aa000000000000000000aa000000000000000000aa000000000000000000aa000000000000000000aa000000000000000000aa000000000000000000aa000000000000000000aa00000000000000
01:07:14.740 [DEBUG] [serial] RX 128 bytes: 0000aa000000000000000000aa000000000000000000aa000000000000000000aa000000000000000000aa000000000000000000aa000000000000000000aa000000000000000000aa000000000000000000aa000000000000000000aa000000000000000000aa000000000000000000aa000000000000000000aa0000000000
01:07:14.744 [DEBUG] [serial] RX 128 bytes: 00000000aa000000000000000000aa000000000000000000aa000000000000000000aa000000000000000000aa000000000000000000aa000000000000000000aa000000000000000000aa000000000000000000aa000000000000000000aa000000000000000000aa000000000000000000aa000000000000000000aa000000
01:07:14.748 [DEBUG] [serial] RX 128 bytes: 000000000000aa000000000000000000aa000000000000000000aa000000000000000000aa000000000000000000aa000000000000000000aa000000000000000000aa000000000000000000aa000000000000000000aa000000000000000000aa000000000000000000aa000000000000000000aa000000000000000000aa00
01:07:14.751 [DEBUG] [serial] RX 128 bytes: 0000000000000000aa000000000000000000aa000000000000000000aa000000000000000000aa000000000000000000aa000000000000000000aa000000000000000000aa000000000000000000aa000000000000000000aa000000000000000000aa000000000000000000aa000000000000000000aa000000000000000000
01:07:14.755 [DEBUG] [serial] RX 128 bytes: aa000000000000000000aa000000000000000000aa000000000000000000aa000000000000000000aa000000000000000000aa000000000000000000aa000000000000000000aa000000000000000000aa000000000000000000aa000000000000000000aa000000000000000000aa000000000000000000aa00000000000000
01:07:14.759 [DEBUG] [serial] RX 128 bytes: 0000aa000000000000000000aa000000000000000000aa000000000000000000aa000000000000000000aa000000000000000000aa000000000000000000aa000000000000000000aa000000000000000000aa000000000000000000aa000000000000000000aa000000000000000000aa000000000000000000aa0000000000
01:07:14.763 [DEBUG] [serial] RX 128 bytes: 00000000aa000000000000000000aa000000000000000000aa000000000000000000aa000000000000000000aa000000000000000000aa000000000000000000aa000000000000000000aa000000000000000000aa000000000000000000aa000000000000000000aa000000000000000000aa000000000000000000aa000000
01:07:14.767 [DEBUG] [serial] RX 128 bytes: 000000000000aa000000000000000000aa000000000000000000aa000000000000000000aa000000000000000000aa000000000000000000aa000000000000000000aa000000000000000000aa000000000000000000aa000000000000000000aa000000000000000000aa000000000000000000aa000000000000000000aa00
01:07:14.771 [DEBUG] [serial] RX 128 bytes: 0000000000000000aa000000000000000000aa000000000000000000aa000000000000000000aa000000000000000000aa000000000000000000aa000000000000000000aa000000000000000000aa000000000000000000aa000000000000000000aa000000000000000000aa000000000000000000aa000000000000000000
01:07:14.775 [DEBUG] [serial] RX 128 bytes: aa000000000000000000aa000000000000000000aa000000000000000000aa000000000000000000aa000000000000000000aa000000000000000000aa000000000000000000aa000000000000000000aa000000000000000000aa000000000000000000aa000000000000000000aa000000000000000000aa00000000000000
01:07:14.779 [DEBUG] [serial] RX 128 bytes: 0000aa000000000000000000aa000000000000000000aa000000000000000000aa000000000000000000aa000000000000000000aa000000000000000000aa000000000000000000aa000000000000000000aa000000000000000000aa000000000000000000aa000000000000000000aa000000000000000000aa0000000000
01:07:14.783 [DEBUG] [serial] RX 128 bytes: 00000000aa000000000000000000aa000000000000000000aa000000000000000000aa000000000000000000aa000000000000000000aa000000000000000000aa000000000000000000aa000000000000000000aa000000000000000000aa000000000000000000aa000000000000000000aa000000000000000000aa000000
01:07:14.787 [DEBUG] [serial] RX 128 bytes: 000000000000aa000000000000000000aa000000000000000000aa000000000000000000aa000000000000000000aa000000000000000000aa000000000000000000aa000000000000000000aa000000000000000000aa000000000000000000aa000000000000000000aa000000000000000000aa000000000000000000aa00
01:07:14.791 [DEBUG] [serial] RX 128 bytes: 0000000000000000aa000000000000000000aa000000000000000000aa000000000000000000aa000000000000000000aa000000000000000000aa000000000000000000aa000000000000000000aa000000000000000000aa000000000000000000aa000000000000000000aa000000000000000000aa000000000000000000
01:07:14.795 [DEBUG] [serial] RX 128 bytes: aa000000000000000000aa000000000000000000aa000000000000000000aa000000000000000000aa000000000000000000aa000000000000000000aa000000000000000000aa000000000000000000aa000000000000000000aa000000000000000000aa000000000000000000aa000000000000000000aa00000000000000
01:07:14.799 [DEBUG] [serial] RX 128 bytes: 0000aa000000000000000000aa000000000000000000aa000000000000000000aa000000000000000000aa000000000000000000aa000000000000000000aa000000000000000000aa000000000000000000aa000000000000000000aa000000000000000000aa000000000000000000aa000000000000000000aa0000000000
01:07:14.803 [DEBUG] [serial] RX 128 bytes: 00000000aa000000000000000000aa000000000000000000aa000000000000000000aa000000000000000000aa000000000000000000aa000000000000000000aa000000000000000000aa000000000000000000aa000000000000000000aa000000000000000000aa000000000000000000aa000000000000000000aa000000
01:07:14.807 [DEBUG] [serial] RX 128 bytes: 000000000000aa000000000000000000aa000000000000000000aa000000000000000000aa000000000000000000aa000000000000000000aa000000000000000000aa000000000000000000aa000000000000000000aa000000000000000000aa000000000000000000aa000000000000000000aa000000000000000000aa00
01:07:14.811 [DEBUG] [serial] RX 128 bytes: 0000000000000000aa000000000000000000aa000000000000000000aa000000000000000000aa000000000000000000aa000000000000000000aa000000000000000000aa000000000000000000aa000000000000000000aa000000000000000000aa000000000000000000aa000000000000000000aa000000000000000000
01:07:14.815 [DEBUG] [serial] RX 128 bytes: aa000000000000000000aa000000000000000000aa000000000000000000aa000000000000000000aa000000000000000000aa000000000000000000aa000000000000000000aa000000000000000000aa000000000000000000aa000000000000000000aa000000000000000000aa000000000000000000aa00000000000000
01:07:14.819 [DEBUG] [serial] RX 128 bytes: 0000aa000000000000000000aa000000000000000000aa000000000000000000aa000000000000000000aa000000000000000000aa000000000000000000aa000000000000000000aa000000000000000000aa000000000000000000aa000000000000000000aa000000000000000000aa000000000000000000aa0000000000
01:07:14.823 [DEBUG] [serial] RX 128 bytes: 00000000aa000000000000000000aa000000000000000000aa000000000000000000aa000000000000000000aa000000000000000000aa000000000000000000aa000000000000000000aa000000000000000000aa000000000000000000aa000000000000000000aa000000000000000000aa000000000000000000aa000000
01:07:14.827 [DEBUG] [serial] RX 128 bytes: 000000000000aa000000000000000000aa000000000000000000aa000000000000000000aa000000000000000000aa000000000000000000aa000000000000000000aa000000000000000000aa000000000000000000aa000000000000000000aa000000000000000000aa000000000000000000aa000000000000000000aa00
01:07:14.831 [DEBUG] [serial] RX 128 bytes: 0000000000000000aa000000000000000000aa000000000000000000aa000000000000000000aa000000000000000000aa000000000000000000aa000000000000000000aa000000000000000000aa000000000000000000aa000000000000000000aa000000000000000000aa000000000000000000aa000000000000000000
01:07:14.835 [DEBUG] [serial] RX 128 bytes: aa000000000000000000aa000000000000000000aa000000000000000000aa000000000000000000aa000000000000000000aa000000000000000000aa000000000000000000aa000000000000000000aa000000000000000000aa000000000000000000aa000000000000000000aa000000000000000000aa00000000000000
01:07:14.839 [DEBUG] [serial] RX 128 bytes: 0000aa000000000000000000aa000000000000000000aa000000000000000000aa000000000000000000aa000000000000000000aa000000000000000000aa000000000000000000aa000000000000000000aa000000000000000000aa000000000000000000aa000000000000000000aa000000000000000000aa0000000000
01:07:14.843 [DEBUG] [serial] RX 128 bytes: 00000000aa000000000000000000aa000000000000000000aa000000000000000000aa000000000000000000aa000000000000000000aa000000000000000000aa000000000000000000aa000000000000000000aa000000000000000000aa000000000000000000aa000000000000000000aa000000000000000000aa000000
01:07:14.847 [DEBUG] [serial] RX 128 bytes: 000000000000aa000000000000000000aa000000000000000000aa000000000000000000aa000000000000000000aa000000000000000000aa000000000000000000aa000000000000000000aa000000000000000000aa000000000000000000aa000000000000000000aa000000000000000000aa000000000000000000aa00
01:07:14.851 [DEBUG] [serial] RX 128 bytes: 0000000000000000aa000000000000000000aa000000000000000000aa000000000000000000aa000000000000000000aa000000000000000000aa000000000000000000aa000000000000000000aa000000000000000000aa000000000000000000aa000000000000000000aa000000000000000000aa000000000000000000
01:07:14.855 [DEBUG] [serial] RX 128 bytes: aa000000000000000000aa000000000000000000aa000000000000000000aa000000000000000000aa000000000000000000aa000000000000000000aa000000000000000000aa000000000000000000aa000000000000000000aa000000000000000000aa000000000000000000aa000000000000000000aa00000000000000
01:07:14.859 [DEBUG] [serial] RX 128 bytes: 0000aa000000000000000000aa000000000000000000aa000000000000000000aa000000000000000000aa000000000000000000aa000000000000000000aa000000000000000000aa000000000000000000aa000000000000000000aa000000000000000000aa000000000000000000aa000000000000000000aa0000000000
01:07:14.863 [DEBUG] [serial] RX 128 bytes: 00000000aa000000000000000000aa000000000000000000aa000000000000000000aa000000000000000000aa000000000000000000aa000000000000000000aa000000000000000000aa000000000000000000aa000000000000000000aa000000000000000000aa000000000000000000aa000000000000000000aa000000
01:07:14.863 [DEBUG] [serial] PKT #6500: flags=0x00 in=0 ds=0 flt=0
01:07:14.867 [DEBUG] [serial] RX 128 bytes: 000000000000aa000000000000000000aa000000000000000000aa000000000000000000aa000000000000000000aa000000000000000000aa000000000000000000aa000000000000000000aa000000000000000000aa000000000000000000aa000000000000000000aa000000000000000000aa000000000000000000aa00
01:07:14.870 [DEBUG] [serial] RX 128 bytes: 0000000000000000aa000000000000000000aa000000000000000000aa000000000000000000aa000000000000000000aa000000000000000000aa000000000000000000aa000000000000000000aa000000000000000000aa000000000000000000aa000000000000000000aa000000000000000000aa000000000000000000
01:07:14.875 [DEBUG] [serial] RX 128 bytes: aa000000000000000000aa000000000000000000aa000000000000000000aa000000000000000000aa000000000000000000aa000000000000000000aa000000000000000000aa000000000000000000aa000000000000000000aa000000000000000000aa000000000000000000aa000000000000000000aa00000000000000
01:07:14.879 [DEBUG] [serial] RX 128 bytes: 0000aa000000000000000000aa000000000000000000aa000000000000000000aa000000000000000000aa000000000000000000aa000000000000000000aa000000000000000000aa000000000000000000aa000000000000000000aa000000000000000000aa000000000000000000aa000000000000000000aa0000000000
01:07:14.883 [DEBUG] [serial] RX 128 bytes: 00000000aa000000000000000000aa000000000000000000aa000000000000000000aa000000000000000000aa000000000000000000aa000000000000000000aa000000000000000000aa000000000000000000aa000000000000000000aa000000000000000000aa000000000000000000aa000000000000000000aa000000
01:07:14.887 [DEBUG] [serial] RX 128 bytes: 000000000000aa000000000000000000aa000000000000000000aa000000000000000000aa000000000000000000aa000000000000000000aa000000000000000000aa000000000000000000aa000000000000000000aa000000000000000000aa000000000000000000aa000000000000000000aa000000000000000000aa00
01:07:14.890 [DEBUG] [serial] RX 128 bytes: 0000000000000000aa000000000000000000aa000000000000000000aa000000000000000000aa000000000000000000aa000000000000000000aa000000000000000000aa000000000000000000aa000000000000000000aa000000000000000000aa000000000000000000aa000000000000000000aa000000000000000000
01:07:14.894 [DEBUG] [serial] RX 128 bytes: aa000000000000000000aa000000000000000000aa000000000000000000aa000000000000000000aa000000000000000000aa000000000000000000aa000000000000000000aa000000000000000000aa000000000000000000aa000000000000000000aa000000000000000000aa000000000000000000aa00000000000000
01:07:14.898 [DEBUG] [serial] RX 128 bytes: 0000aa000000000000000000aa000000000000000000aa000000000000000000aa000000000000000000aa000000000000000000aa000000000000000000aa000000000000000000aa000000000000000000aa000000000000000000aa000000000000000000aa000000000000000000aa000000000000000000aa0000000000
01:07:14.904 [DEBUG] [serial] RX 128 bytes: 00000000aa000000000000000000aa000000000000000000aa000000000000000000aa000000000000000000aa000000000000000000aa000000000000000000aa000000000000000000aa000000000000000000aa000000000000000000aa000000000000000000aa000000000000000000aa000000000000000000aa000000
01:07:14.906 [DEBUG] [serial] RX 128 bytes: 000000000000aa000000000000000000aa000000000000000000aa000000000000000000aa000000000000000000aa000000000000000000aa000000000000000000aa000000000000000000aa000000000000000000aa000000000000000000aa000000000000000000aa000000000000000000aa000000000000000000aa00
01:07:14.910 [DEBUG] [serial] RX 128 bytes: 0000000000000000aa000000000000000000aa000000000000000000aa000000000000000000aa000000000000000000aa000000000000000000aa000000000000000000aa000000000000000000aa000000000000000000aa000000000000000000aa000000000000000000aa000000000000000000aa000000000000000000
01:07:14.914 [DEBUG] [serial] RX 128 bytes: aa000000000000000000aa000000000000000000aa000000000000000000aa000000000000000000aa000000000000000000aa000000000000000000aa000000000000000000aa000000000000000000aa000000000000000000aa000000000000000000aa000000000000000000aa000000000000000000aa00000000000000
01:07:14.918 [DEBUG] [serial] RX 128 bytes: 0000aa000000000000000000aa000000000000000000aa000000000000000000aa000000000000000000aa000000000000000000aa000000000000000000aa000000000000000000aa000000000000000000aa000000000000000000aa000000000000000000aa000000000000000000aa000000000000000000aa0000000000
01:07:14.922 [DEBUG] [serial] RX 128 bytes: 00000000aa000000000000000000aa000000000000000000aa000000000000000000aa000000000000000000aa000000000000000000aa000000000000000000aa000000000000000000aa000000000000000000aa000000000000000000aa000000000000000000aa000000000000000000aa000000000000000000aa000000
01:07:14.926 [DEBUG] [serial] RX 128 bytes: 000000000000aa000000000000000000aa000000000000000000aa000000000000000000aa000000000000000000aa000000000000000000aa000000000000000000aa000000000000000000aa000000000000000000aa000000000000000000aa000000000000000000aa000000000000000000aa000000000000000000aa00
01:07:14.930 [DEBUG] [serial] RX 128 bytes: 0000000000000000aa000000000000000000aa000000000000000000aa000000000000000000aa000000000000000000aa000000000000000000aa000000000000000000aa000000000000000000aa000000000000000000aa000000000000000000aa000000000000000000aa000000000000000000aa000000000000000000
01:07:14.934 [DEBUG] [serial] RX 128 bytes: aa000000000000000000aa000000000000000000aa000000000000000000aa000000000000000000aa000000000000000000aa000000000000000000aa000000000000000000aa000000000000000000aa000000000000000000aa000000000000000000aa000000000000000000aa000000000000000000aa00000000000000
01:07:14.938 [DEBUG] [serial] RX 128 bytes: 0000aa000000000000000000aa000000000000000000aa000000000000000000aa000000000000000000aa000000000000000000aa000000000000000000aa000000000000000000aa000000000000000000aa000000000000000000aa000000000000000000aa000000000000000000aa000000000000000000aa0000000000
01:07:14.942 [DEBUG] [serial] RX 128 bytes: 00000000aa000000000000000000aa000000000000000000aa000000000000000000aa000000000000000000aa000000000000000000aa000000000000000000aa000000000000000000aa000000000000000000aa000000000000000000aa000000000000000000aa000000000000000000aa000000000000000000aa000000
01:07:14.946 [DEBUG] [serial] RX 128 bytes: 000000000000aa000000000000000000aa000000000000000000aa000000000000000000aa000000000000000000aa000000000000000000aa000000000000000000aa000000000000000000aa000000000000000000aa000000000000000000aa000000000000000000aa000000000000000000aa000000000000000000aa00
01:07:14.950 [DEBUG] [serial] RX 128 bytes: 0000000000000000aa000000000000000000aa000000000000000000aa000000000000000000aa000000000000000000aa000000000000000000aa000000000000000000aa000000000000000000aa000000000000000000aa000000000000000000aa000000000000000000aa000000000000000000aa000000000000000000
01:07:14.954 [DEBUG] [serial] RX 128 bytes: aa000000000000000000aa000000000000000000aa000000000000000000aa000000000000000000aa000000000000000000aa000000000000000000aa000000000000000000aa000000000000000000aa000000000000000000aa000000000000000000aa000000000000000000aa000000000000000000aa00000000000000
01:07:14.958 [DEBUG] [serial] RX 128 bytes: 0000aa000000000000000000aa000000000000000000aa000000000000000000aa000000000000000000aa000000000000000000aa000000000000000000aa000000000000000000aa000000000000000000aa000000000000000000aa000000000000000000aa000000000000000000aa000000000000000000aa0000000000
01:07:14.962 [DEBUG] [serial] RX 128 bytes: 00000000aa000000000000000000aa000000000000000000aa000000000000000000aa000000000000000000aa000000000000000000aa000000000000000000aa000000000000000000aa000000000000000000aa000000000000000000aa000000000000000000aa000000000000000000aa000000000000000000aa000000
01:07:14.966 [DEBUG] [serial] RX 128 bytes: 000000000000aa000000000000000000aa000000000000000000aa000000000000000000aa000000000000000000aa000000000000000000aa000000000000000000aa000000000000000000aa000000000000000000aa000000000000000000aa000000000000000000aa000000000000000000aa000000000000000000aa00
01:07:14.970 [DEBUG] [serial] RX 128 bytes: 0000000000000000aa000000000000000000aa000000000000000000aa000000000000000000aa000000000000000000aa000000000000000000aa000000000000000000aa000000000000000000aa000000000000000000aa000000000000000000aa000000000000000000aa000000000000000000aa000000000000000000
01:07:14.974 [DEBUG] [serial] RX 128 bytes: aa000000000000000000aa000000000000000000aa000000000000000000aa000000000000000000aa000000000000000000aa000000000000000000aa000000000000000000aa000000000000000000aa000000000000000000aa000000000000000000aa000000000000000000aa000000000000000000aa00000000000000
01:07:14.978 [DEBUG] [serial] RX 128 bytes: 0000aa000000000000000000aa000000000000000000aa000000000000000000aa000000000000000000aa000000000000000000aa000000000000000000aa000000000000000000aa000000000000000000aa000000000000000000aa000000000000000000aa000000000000000000aa000000000000000000aa0000000000
01:07:14.982 [DEBUG] [serial] RX 128 bytes: 00000000aa000000000000000000aa000000000000000000aa000000000000000000aa000000000000000000aa000000000000000000aa000000000000000000aa000000000000000000aa000000000000000000aa000000000000000000aa000000000000000000aa000000000000000000aa000000000000000000aa000000
01:07:14.986 [DEBUG] [serial] RX 128 bytes: 000000000000aa000000000000000000aa000000000000000000aa000000000000000000aa000000000000000000aa000000000000000000aa000000000000000000aa000000000000000000aa000000000000000000aa000000000000000000aa000000000000000000aa000000000000000000aa000000000000000000aa00
01:07:14.990 [DEBUG] [serial] RX 128 bytes: 0000000000000000aa000000000000000000aa000000000000000000aa000000000000000000aa000000000000000000aa000000000000000000aa000000000000000000aa000000000000000000aa000000000000000000aa000000000000000000aa000000000000000000aa000000000000000000aa000000000000000000
01:07:14.994 [DEBUG] [serial] RX 128 bytes: aa000000000000000000aa000000000000000000aa000000000000000000aa000000000000000000aa000000000000000000aa000000000000000000aa000000000000000000aa000000000000000000aa000000000000000000aa000000000000000000aa000000000000000000aa000000000000000000aa00000000000000
01:07:14.998 [DEBUG] [serial] RX 128 bytes: 0000aa000000000000000000aa000000000000000000aa000000000000000000aa000000000000000000aa000000000000000000aa000000000000000000aa000000000000000000aa000000000000000000aa000000000000000000aa000000000000000000aa000000000000000000aa000000000000000000aa0000000000
01:07:15.002 [DEBUG] [serial] RX 128 bytes: 00000000aa000000000000000000aa000000000000000000aa000000000000000000aa000000000000000000aa000000000000000000aa000000000000000000aa000000000000000000aa000000000000000000aa000000000000000000aa000000000000000000aa000000000000000000aa000000000000000000aa000000
01:07:15.006 [DEBUG] [serial] RX 128 bytes: 000000000000aa000000000000000000aa000000000000000000aa000000000000000000aa000000000000000000aa000000000000000000aa000000000000000000aa000000000000000000aa000000000000000000aa000000000000000000aa000000000000000000aa000000000000000000aa000000000000000000aa00
01:07:15.010 [DEBUG] [serial] RX 128 bytes: 0000000000000000aa000000000000000000aa000000000000000000aa000000000000000000aa000000000000000000aa000000000000000000aa000000000000000000aa000000000000000000aa000000000000000000aa000000000000000000aa000000000000000000aa000000000000000000aa000000000000000000
01:07:15.014 [DEBUG] [serial] RX 128 bytes: aa000000000000000000aa000000000000000000aa000000000000000000aa000000000000000000aa000000000000000000aa000000000000000000aa000000000000000000aa000000000000000000aa000000000000000000aa000000000000000000aa000000000000000000aa000000000000000000aa00000000000000
01:07:15.018 [DEBUG] [serial] RX 128 bytes: 0000aa000000000000000000aa000000000000000000aa000000000000000000aa000000000000000000aa000000000000000000aa000000000000000000aa000000000000000000aa000000000000000000aa000000000000000000aa000000000000000000aa000000000000000000aa000000000000000000aa0000000000
01:07:15.018 [DEBUG] [serial] PKT #7000: flags=0x00 in=0 ds=0 flt=0
01:07:15.022 [DEBUG] [serial] RX 128 bytes: 00000000aa000000000000000000aa000000000000000000aa000000000000000000aa000000000000000000aa000000000000000000aa000000000000000000aa000000000000000000aa000000000000000000aa000000000000000000aa000000000000000000aa000000000000000000aa000000000000000000aa000000
01:07:15.026 [DEBUG] [serial] RX 128 bytes: 000000000000aa000000000000000000aa000000000000000000aa000000000000000000aa000000000000000000aa000000000000000000aa000000000000000000aa000000000000000000aa000000000000000000aa000000000000000000aa000000000000000000aa000000000000000000aa000000000000000000aa00
01:07:15.029 [DEBUG] [serial] RX 128 bytes: 0000000000000000aa000000000000000000aa000000000000000000aa000000000000000000aa000000000000000000aa000000000000000000aa000000000000000000aa000000000000000000aa000000000000000000aa000000000000000000aa000000000000000000aa000000000000000000aa000000000000000000
01:07:15.033 [DEBUG] [serial] RX 128 bytes: aa000000000000000000aa000000000000000000aa000000000000000000aa000000000000000000aa000000000000000000aa000000000000000000aa000000000000000000aa000000000000000000aa000000000000000000aa000000000000000000aa000000000000000000aa000000000000000000aa00000000000000
01:07:15.037 [DEBUG] [serial] RX 128 bytes: 0000aa000000000000000000aa000000000000000000aa000000000000000000aa000000000000000000aa000000000000000000aa000000000000000000aa000000000000000000aa000000000000000000aa000000000000000000aa000000000000000000aa000000000000000000aa000000000000000000aa0000000000
01:07:15.041 [DEBUG] [serial] RX 128 bytes: 00000000aa000000000000000000aa000000000000000000aa000000000000000000aa000000000000000000aa000000000000000000aa000000000000000000aa000000000000000000aa000000000000000000aa000000000000000000aa000000000000000000aa000000000000000000aa000000000000000000aa000000
01:07:15.045 [DEBUG] [serial] RX 128 bytes: 000000000000aa000000000000000000aa000000000000000000aa000000000000000000aa000000000000000000aa000000000000000000aa000000000000000000aa000000000000000000aa000000000000000000aa000000000000000000aa000000000000000000aa000000000000000000aa000000000000000000aa00
01:07:15.049 [DEBUG] [serial] RX 128 bytes: 0000000000000000aa000000000000000000aa000000000000000000aa000000000000000000aa000000000000000000aa000000000000000000aa000000000000000000aa000000000000000000aa000000000000000000aa000000000000000000aa000000000000000000aa000000000000000000aa000000000000000000
01:07:15.053 [DEBUG] [serial] RX 128 bytes: aa000000000000000000aa000000000000000000aa000000000000000000aa000000000000000000aa000000000000000000aa000000000000000000aa000000000000000000aa000000000000000000aa000000000000000000aa000000000000000000aa000000000000000000aa000000000000000000aa00000000000000
01:07:15.057 [DEBUG] [serial] RX 128 bytes: 0000aa000000000000000000aa000000000000000000aa000000000000000000aa000000000000000000aa000000000000000000aa000000000000000000aa000000000000000000aa000000000000000000aa000000000000000000aa000000000000000000aa000000000000000000aa000000000000000000aa0000000000
01:07:15.061 [DEBUG] [serial] RX 128 bytes: 00000000aa000000000000000000aa000000000000000000aa000000000000000000aa000000000000000000aa000000000000000000aa000000000000000000aa000000000000000000aa000000000000000000aa000000000000000000aa000000000000000000aa000000000000000000aa000000000000000000aa000000
01:07:15.065 [DEBUG] [serial] RX 128 bytes: 000000000000aa000000000000000000aa000000000000000000aa000000000000000000aa000000000000000000aa000000000000000000aa000000000000000000aa000000000000000000aa000000000000000000aa000000000000000000aa000000000000000000aa000000000000000000aa000000000000000000aa00
01:07:15.069 [DEBUG] [serial] RX 128 bytes: 0000000000000000aa000000000000000000aa000000000000000000aa000000000000000000aa000000000000000000aa000000000000000000aa000000000000000000aa000000000000000000aa000000000000000000aa000000000000000000aa000000000000000000aa000000000000000000aa000000000000000000
01:07:15.073 [DEBUG] [serial] RX 128 bytes: aa000000000000000000aa000000000000000000aa000000000000000000aa000000000000000000aa000000000000000000aa000000000000000000aa000000000000000000aa000000000000000000aa000000000000000000aa000000000000000000aa000000000000000000aa000000000000000000aa00000000000000
01:07:15.077 [DEBUG] [serial] RX 128 bytes: 0000aa000000000000000000aa000000000000000000aa000000000000000000aa000000000000000000aa000000000000000000aa000000000000000000aa000000000000000000aa000000000000000000aa000000000000000000aa000000000000000000aa000000000000000000aa000000000000000000aa0000000000
01:07:15.081 [DEBUG] [serial] RX 128 bytes: 00000000aa000000000000000000aa000000000000000000aa000000000000000000aa000000000000000000aa000000000000000000aa000000000000000000aa000000000000000000aa000000000000000000aa000000000000000000aa000000000000000000aa000000000000000000aa000000000000000000aa000000
01:07:15.085 [DEBUG] [serial] RX 128 bytes: 000000000000aa000000000000000000aa000000000000000000aa000000000000000000aa000000000000000000aa000000000000000000aa000000000000000000aa000000000000000000aa000000000000000000aa000000000000000000aa000000000000000000aa000000000000000000aa000000000000000000aa00
01:07:15.089 [DEBUG] [serial] RX 128 bytes: 0000000000000000aa000000000000000000aa000000000000000000aa000000000000000000aa000000000000000000aa000000000000000000aa000000000000000000aa000000000000000000aa000000000000000000aa000000000000000000aa000000000000000000aa000000000000000000aa000000000000000000
01:07:15.094 [DEBUG] [serial] RX 128 bytes: aa000000000000000000aa000000000000000000aa000000000000000000aa000000000000000000aa000000000000000000aa000000000000000000aa000000000000000000aa000000000000000000aa000000000000000000aa000000000000000000aa000000000000000000aa000000000000000000aa00000000000000
01:07:15.097 [DEBUG] [serial] RX 128 bytes: 0000aa000000000000000000aa000000000000000000aa000000000000000000aa000000000000000000aa000000000000000000aa000000000000000000aa000000000000000000aa000000000000000000aa000000000000000000aa000000000000000000aa000000000000000000aa000000000000000000aa0000000000
01:07:15.101 [DEBUG] [serial] RX 128 bytes: 00000000aa000000000000000000aa000000000000000000aa000000000000000000aa000000000000000000aa000000000000000000aa000000000000000000aa000000000000000000aa000000000000000000aa000000000000000000aa000000000000000000aa000000000000000000aa000000000000000000aa000000
01:07:15.105 [DEBUG] [serial] RX 128 bytes: 000000000000aa000000000000000000aa000000000000000000aa000000000000000000aa000000000000000000aa000000000000000000aa000000000000000000aa000000000000000000aa000000000000000000aa000000000000000000aa000000000000000000aa000000000000000000aa000000000000000000aa00
01:07:15.109 [DEBUG] [serial] RX 128 bytes: 0000000000000000aa000000000000000000aa000000000000000000aa000000000000000000aa000000000000000000aa000000000000000000aa000000000000000000aa000000000000000000aa000000000000000000aa000000000000000000aa000000000000000000aa000000000000000000aa000000000000000000
01:07:15.113 [DEBUG] [serial] RX 128 bytes: aa000000000000000000aa000000000000000000aa000000000000000000aa000000000000000000aa000000000000000000aa000000000000000000aa000000000000000000aa000000000000000000aa000000000000000000aa000000000000000000aa000000000000000000aa000000000000000000aa00000000000000
01:07:15.117 [DEBUG] [serial] RX 128 bytes: 0000aa000000000000000000aa000000000000000000aa000000000000000000aa000000000000000000aa000000000000000000aa000000000000000000aa000000000000000000aa000000000000000000aa000000000000000000aa000000000000000000aa000000000000000000aa000000000000000000aa0000000000
01:07:15.121 [DEBUG] [serial] RX 128 bytes: 00000000aa000000000000000000aa000000000000000000aa000000000000000000aa000000000000000000aa000000000000000000aa000000000000000000aa000000000000000000aa000000000000000000aa000000000000000000aa000000000000000000aa000000000000000000aa000000000000000000aa000000
01:07:15.125 [DEBUG] [serial] RX 128 bytes: 000000000000aa000000000000000000aa000000000000000000aa000000000000000000aa000000000000000000aa000000000000000000aa000000000000000000aa000000000000000000aa000000000000000000aa000000000000000000aa000000000000000000aa000000000000000000aa000000000000000000aa00
01:07:15.129 [DEBUG] [serial] RX 128 bytes: 0000000000000000aa000000000000000000aa000000000000000000aa000000000000000000aa000000000000000000aa000000000000000000aa000000000000000000aa000000000000000000aa000000000000000000aa000000000000000000aa000000000000000000aa000000000000000000aa000000000000000000
01:07:15.133 [DEBUG] [serial] RX 128 bytes: aa000000000000000000aa000000000000000000aa000000000000000000aa000000000000000000aa000000000000000000aa000000000000000000aa000000000000000000aa000000000000000000aa000000000000000000aa000000000000000000aa000000000000000000aa000000000000000000aa00000000000000
01:07:15.137 [DEBUG] [serial] RX 128 bytes: 0000aa000000000000000000aa000000000000000000aa000000000000000000aa000000000000000000aa000000000000000000aa000000000000000000aa000000000000000000aa000000000000000000aa000000000000000000aa000000000000000000aa000000000000000000aa000000000000000000aa0000000000
01:07:15.141 [DEBUG] [serial] RX 128 bytes: 00000000aa000000000000000000aa000000000000000000aa000000000000000000aa000000000000000000aa000000000000000000aa000000000000000000aa000000000000000000aa000000000000000000aa000000000000000000aa000000000000000000aa000000000000000000aa000000000000000000aa000000
01:07:15.145 [DEBUG] [serial] RX 128 bytes: 000000000000aa000000000000000000aa000000000000000000aa000000000000000000aa000000000000000000aa000000000000000000aa000000000000000000aa000000000000000000aa000000000000000000aa000000000000000000aa000000000000000000aa000000000000000000aa000000000000000000aa00
01:07:15.149 [DEBUG] [serial] RX 128 bytes: 0000000000000000aa000000000000000000aa000000000000000000aa000000000000000000aa000000000000000000aa000000000000000000aa000000000000000000aa000000000000000000aa000000000000000000aa000000000000000000aa000000000000000000aa000000000000000000aa000000000000000000
01:07:15.153 [DEBUG] [serial] RX 128 bytes: aa000000000000000000aa000000000000000000aa000000000000000000aa000000000000000000aa000000000000000000aa000000000000000000aa000000000000000000aa000000000000000000aa000000000000000000aa000000000000000000aa000000000000000000aa000000000000000000aa00000000000000
01:07:15.157 [DEBUG] [serial] RX 128 bytes: 0000aa000000000000000000aa000000000000000000aa000000000000000000aa000000000000000000aa000000000000000000aa000000000000000000aa000000000000000000aa000000000000000000aa000000000000000000aa000000000000000000aa000000000000000000aa000000000000000000aa0000000000
01:07:15.161 [DEBUG] [serial] RX 128 bytes: 00000000aa000000000000000000aa000000000000000000aa000000000000000000aa000000000000000000aa000000000000000000aa000000000000000000aa000000000000000000aa000000000000000000aa000000000000000000aa000000000000000000aa000000000000000000aa000000000000000000aa000000
01:07:15.165 [DEBUG] [serial] RX 128 bytes: 000000000000aa000000000000000000aa000000000000000000aa000000000000000000aa000000000000000000aa000000000000000000aa000000000000000000aa000000000000000000aa000000000000000000aa000000000000000000aa000000000000000000aa000000000000000000aa000000000000000000aa00
01:07:15.168 [DEBUG] [serial] RX 128 bytes: 0000000000000000aa000000000000000000aa000000000000000000aa000000000000000000aa000000000000000000aa000000000000000000aa000000000000000000aa000000000000000000aa000000000000000000aa000000000000000000aa000000000000000000aa000000000000000000aa000000000000000000
01:07:15.172 [DEBUG] [serial] RX 128 bytes: aa000000000000000000aa000000000000000000aa000000000000000000aa000000000000000000aa000000000000000000aa000000000000000000aa000000000000000000aa000000000000000000aa000000000000000000aa000000000000000000aa000000000000000000aa000000000000000000aa00000000000000
01:07:15.173 [DEBUG] [serial] PKT #7500: flags=0x00 in=0 ds=0 flt=0
01:07:15.176 [DEBUG] [serial] RX 128 bytes: 0000aa000000000000000000aa000000000000000000aa000000000000000000aa000000000000000000aa000000000000000000aa000000000000000000aa000000000000000000aa000000000000000000aa000000000000000000aa000000000000000000aa000000000000000000aa000000000000000000aa0000000000
01:07:15.180 [DEBUG] [serial] RX 128 bytes: 00000000aa000000000000000000aa000000000000000000aa000000000000000000aa000000000000000000aa000000000000000000aa000000000000000000aa000000000000000000aa000000000000000000aa000000000000000000aa000000000000000000aa000000000000000000aa000000000000000000aa000000
01:07:15.185 [DEBUG] [serial] RX 128 bytes: 000000000000aa000000000000000000aa000000000000000000aa000000000000000000aa000000000000000000aa000000000000000000aa000000000000000000aa000000000000000000aa000000000000000000aa000000000000000000aa000000000000000000aa000000000000000000aa000000000000000000aa00
01:07:15.188 [DEBUG] [serial] RX 128 bytes: 0000000000000000aa000000000000000000aa000000000000000000aa000000000000000000aa000000000000000000aa000000000000000000aa000000000000000000aa000000000000000000aa000000000000000000aa000000000000000000aa000000000000000000aa000000000000000000aa000000000000000000
01:07:15.192 [DEBUG] [serial] RX 128 bytes: aa000000000000000000aa000000000000000000aa000000000000000000aa000000000000000000aa000000000000000000aa000000000000000000aa000000000000000000aa000000000000000000aa000000000000000000aa000000000000000000aa000000000000000000aa000000000000000000aa00000000000000
01:07:15.196 [DEBUG] [serial] RX 128 bytes: 0000aa000000000000000000aa000000000000000000aa000000000000000000aa000000000000000000aa000000000000000000aa000000000000000000aa000000000000000000aa000000000000000000aa000000000000000000aa000000000000000000aa000000000000000000aa000000000000000000aa0000000000
01:07:15.200 [DEBUG] [serial] RX 128 bytes: 00000000aa000000000000000000aa000000000000000000aa000000000000000000aa000000000000000000aa000000000000000000aa000000000000000000aa000000000000000000aa000000000000000000aa000000000000000000aa000000000000000000aa000000000000000000aa000000000000000000aa000000
01:07:15.204 [DEBUG] [serial] RX 128 bytes: 000000000000aa000000000000000000aa000000000000000000aa000000000000000000aa000000000000000000aa000000000000000000aa000000000000000000aa000000000000000000aa000000000000000000aa000000000000000000aa000000000000000000aa000000000000000000aa000000000000000000aa00
01:07:15.208 [DEBUG] [serial] RX 128 bytes: 0000000000000000aa000000000000000000aa000000000000000000aa000000000000000000aa000000000000000000aa000000000000000000aa000000000000000000aa000000000000000000aa000000000000000000aa000000000000000000aa000000000000000000aa000000000000000000aa000000000000000000
01:07:15.212 [DEBUG] [serial] RX 128 bytes: aa000000000000000000aa000000000000000000aa000000000000000000aa000000000000000000aa000000000000000000aa000000000000000000aa000000000000000000aa000000000000000000aa000000000000000000aa000000000000000000aa000000000000000000aa000000000000000000aa00000000000000
01:07:15.216 [DEBUG] [serial] RX 128 bytes: 0000aa000000000000000000aa000000000000000000aa000000000000000000aa000000000000000000aa000000000000000000aa000000000000000000aa000000000000000000aa000000000000000000aa000000000000000000aa000000000000000000aa000000000000000000aa000000000000000000aa0000000000
01:07:15.220 [DEBUG] [serial] RX 128 bytes: 00000000aa000000000000000000aa000000000000000000aa000000000000000000aa000000000000000000aa000000000000000000aa000000000000000000aa000000000000000000aa000000000000000000aa000000000000000000aa000000000000000000aa000000000000000000aa000000000000000000aa000000
01:07:15.224 [DEBUG] [serial] RX 128 bytes: 000000000000aa000000000000000000aa000000000000000000aa000000000000000000aa000000000000000000aa000000000000000000aa000000000000000000aa000000000000000000aa000000000000000000aa000000000000000000aa000000000000000000aa000000000000000000aa000000000000000000aa00
01:07:15.228 [DEBUG] [serial] RX 128 bytes: 0000000000000000aa000000000000000000aa000000000000000000aa000000000000000000aa000000000000000000aa000000000000000000aa000000000000000000aa000000000000000000aa000000000000000000aa000000000000000000aa000000000000000000aa000000000000000000aa000000000000000000
01:07:15.232 [DEBUG] [serial] RX 128 bytes: aa000000000000000000aa000000000000000000aa000000000000000000aa000000000000000000aa000000000000000000aa000000000000000000aa000000000000000000aa000000000000000000aa000000000000000000aa000000000000000000aa000000000000000000aa000000000000000000aa00000000000000
01:07:15.236 [DEBUG] [serial] RX 128 bytes: 0000aa000000000000000000aa000000000000000000aa000000000000000000aa000000000000000000aa000000000000000000aa000000000000000000aa000000000000000000aa000000000000000000aa000000000000000000aa000000000000000000aa000000000000000000aa000000000000000000aa0000000000
01:07:15.240 [DEBUG] [serial] RX 128 bytes: 00000000aa000000000000000000aa000000000000000000aa000000000000000000aa000000000000000000aa000000000000000000aa000000000000000000aa000000000000000000aa000000000000000000aa000000000000000000aa000000000000000000aa000000000000000000aa000000000000000000aa000000
01:07:15.244 [DEBUG] [serial] RX 128 bytes: 000000000000aa000000000000000000aa000000000000000000aa000000000000000000aa000000000000000000aa000000000000000000aa000000000000000000aa000000000000000000aa000000000000000000aa000000000000000000aa000000000000000000aa000000000000000000aa000000000000000000aa00
01:07:15.248 [DEBUG] [serial] RX 128 bytes: 0000000000000000aa000000000000000000aa000000000000000000aa000000000000000000aa000000000000000000aa000000000000000000aa000000000000000000aa000000000000000000aa000000000000000000aa000000000000000000aa000000000000000000aa000000000000000000aa000000000000000000
01:07:15.252 [DEBUG] [serial] RX 128 bytes: aa000000000000000000aa000000000000000000aa000000000000000000aa000000000000000000aa000000000000000000aa000000000000000000aa000000000000000000aa000000000000000000aa000000000000000000aa000000000000000000aa000000000000000000aa000000000000000000aa00000000000000
01:07:15.256 [DEBUG] [serial] RX 128 bytes: 0000aa000000000000000000aa000000000000000000aa000000000000000000aa000000000000000000aa000000000000000000aa000000000000000000aa000000000000000000aa000000000000000000aa000000000000000000aa000000000000000000aa000000000000000000aa000000000000000000aa0000000000
01:07:15.260 [DEBUG] [serial] RX 128 bytes: 00000000aa000000000000000000aa000000000000000000aa000000000000000000aa000000000000000000aa000000000000000000aa000000000000000000aa000000000000000000aa000000000000000000aa000000000000000000aa000000000000000000aa000000000000000000aa000000000000000000aa000000
01:07:15.264 [DEBUG] [serial] RX 128 bytes: 000000000000aa000000000000000000aa000000000000000000aa000000000000000000aa000000000000000000aa000000000000000000aa000000000000000000aa000000000000000000aa000000000000000000aa000000000000000000aa000000000000000000aa000000000000000000aa000000000000000000aa00
01:07:15.268 [DEBUG] [serial] RX 128 bytes: 0000000000000000aa000000000000000000aa000000000000000000aa000000000000000000aa000000000000000000aa000000000000000000aa000000000000000000aa000000000000000000aa000000000000000000aa000000000000000000aa000000000000000000aa000000000000000000aa000000000000000000
01:07:15.272 [DEBUG] [serial] RX 128 bytes: aa000000000000000000aa000000000000000000aa000000000000000000aa000000000000000000aa000000000000000000aa000000000000000000aa000000000000000000aa000000000000000000aa000000000000000000aa000000000000000000aa000000000000000000aa000000000000000000aa00000000000000
01:07:15.276 [DEBUG] [serial] RX 128 bytes: 0000aa000000000000000000aa000000000000000000aa000000000000000000aa000000000000000000aa000000000000000000aa000000000000000000aa000000000000000000aa000000000000000000aa000000000000000000aa000000000000000000aa000000000000000000aa000000000000000000aa0000000000
01:07:15.280 [DEBUG] [serial] RX 128 bytes: 00000000aa000000000000000000aa000000000000000000aa000000000000000000aa000000000000000000aa000000000000000000aa000000000000000000aa000000000000000000aa000000000000000000aa000000000000000000aa000000000000000000aa000000000000000000aa000000000000000000aa000000
01:07:15.284 [DEBUG] [serial] RX 128 bytes: 000000000000aa000000000000000000aa000000000000000000aa000000000000000000aa000000000000000000aa000000000000000000aa000000000000000000aa000000000000000000aa000000000000000000aa000000000000000000aa000000000000000000aa000000000000000000aa000000000000000000aa00
01:07:15.288 [DEBUG] [serial] RX 128 bytes: 0000000000000000aa000000000000000000aa000000000000000000aa000000000000000000aa000000000000000000aa000000000000000000aa000000000000000000aa000000000000000000aa000000000000000000aa000000000000000000aa000000000000000000aa000000000000000000aa000000000000000000
01:07:15.292 [DEBUG] [serial] RX 128 bytes: aa000000000000000000aa000000000000000000aa000000000000000000aa000000000000000000aa000000000000000000aa000000000000000000aa000000000000000000aa000000000000000000aa000000000000000000aa000000000000000000aa000000000000000000aa000000000000000000aa00000000000000
01:07:15.296 [DEBUG] [serial] RX 128 bytes: 0000aa000000000000000000aa000000000000000000aa000000000000000000aa000000000000000000aa000000000000000000aa000000000000000000aa000000000000000000aa000000000000000000aa000000000000000000aa000000000000000000aa000000000000000000aa000000000000000000aa0000000000
01:07:15.300 [DEBUG] [serial] RX 128 bytes: 00000000aa000000000000000000aa000000000000000000aa000000000000000000aa000000000000000000aa000000000000000000aa000000000000000000aa000000000000000000aa000000000000000000aa000000000000000000aa000000000000000000aa000000000000000000aa000000000000000000aa000000
01:07:15.304 [DEBUG] [serial] RX 128 bytes: 000000000000aa000000000000000000aa000000000000000000aa000000000000000000aa000000000000000000aa000000000000000000aa000000000000000000aa000000000000000000aa000000000000000000aa000000000000000000aa000000000000000000aa000000000000000000aa000000000000000000aa00
01:07:15.307 [DEBUG] [serial] RX 128 bytes: 0000000000000000aa000000000000000000aa000000000000000000aa000000000000000000aa000000000000000000aa000000000000000000aa000000000000000000aa000000000000000000aa000000000000000000aa000000000000000000aa000000000000000000aa000000000000000000aa000000000000000000
01:07:15.311 [DEBUG] [serial] RX 128 bytes: aa000000000000000000aa000000000000000000aa000000000000000000aa000000000000000000aa000000000000000000aa000000000000000000aa000000000000000000aa000000000000000000aa000000000000000000aa000000000000000000aa000000000000000000aa000000000000000000aa00000000000000
01:07:15.315 [DEBUG] [serial] RX 128 bytes: 0000aa000000000000000000aa000000000000000000aa000000000000000000aa000000000000000000aa000000000000000000aa000000000000000000aa000000000000000000aa000000000000000000aa000000000000000000aa000000000000000000aa000000000000000000aa000000000000000000aa0000000000
01:07:15.320 [DEBUG] [serial] RX 128 bytes: 00000000aa000000000000000000aa000000000000000000aa000000000000000000aa000000000000000000aa000000000000000000aa000000000000000000aa000000000000000000aa000000000000000000aa000000000000000000aa000000000000000000aa000000000000000000aa000000000000000000aa000000
01:07:15.324 [DEBUG] [serial] RX 128 bytes: 000000000000aa000000000000000000aa000000000000000000aa000000000000000000aa000000000000000000aa000000000000000000aa000000000000000000aa000000000000000000aa000000000000000000aa000000000000000000aa000000000000000000aa000000000000000000aa000000000000000000aa00
01:07:15.327 [DEBUG] [serial] RX 128 bytes: 0000000000000000aa000000000000000000aa000000000000000000aa000000000000000000aa000000000000000000aa000000000000000000aa000000000000000000aa000000000000000000aa000000000000000000aa000000000000000000aa000000000000000000aa000000000000000000aa000000000000000000
01:07:15.328 [DEBUG] [serial] PKT #8000: flags=0x00 in=0 ds=0 flt=0
01:07:15.331 [DEBUG] [serial] RX 128 bytes: aa000000000000000000aa000000000000000000aa000000000000000000aa000000000000000000aa000000000000000000aa000000000000000000aa000000000000000000aa000000000000000000aa000000000000000000aa000000000000000000aa000000000000000000aa000000000000000000aa00000000000000
01:07:15.335 [DEBUG] [serial] RX 128 bytes: 0000aa000000000000000000aa000000000000000000aa000000000000000000aa000000000000000000aa000000000000000000aa000000000000000000aa000000000000000000aa000000000000000000aa000000000000000000aa000000000000000000aa000000000000000000aa000000000000000000aa0000000000
01:07:15.339 [DEBUG] [serial] RX 128 bytes: 00000000aa000000000000000000aa000000000000000000aa000000000000000000aa000000000000000000aa000000000000000000aa000000000000000000aa000000000000000000aa000000000000000000aa000000000000000000aa000000000000000000aa000000000000000000aa000000000000000000aa000000
01:07:15.343 [DEBUG] [serial] RX 128 bytes: 000000000000aa000000000000000000aa000000000000000000aa000000000000000000aa000000000000000000aa000000000000000000aa000000000000000000aa000000000000000000aa000000000000000000aa000000000000000000aa000000000000000000aa000000000000000000aa000000000000000000aa00
01:07:15.347 [DEBUG] [serial] RX 128 bytes: 0000000000000000aa000000000000000000aa000000000000000000aa000000000000000000aa000000000000000000aa000000000000000000aa000000000000000000aa000000000000000000aa000000000000000000aa000000000000000000aa000000000000000000aa000000000000000000aa000000000000000000
01:07:15.351 [DEBUG] [serial] RX 128 bytes: aa000000000000000000aa000000000000000000aa000000000000000000aa000000000000000000aa000000000000000000aa000000000000000000aa000000000000000000aa000000000000000000aa000000000000000000aa000000000000000000aa000000000000000000aa000000000000000000aa00000000000000
01:07:15.355 [DEBUG] [serial] RX 128 bytes: 0000aa000000000000000000aa000000000000000000aa000000000000000000aa000000000000000000aa000000000000000000aa000000000000000000aa000000000000000000aa000000000000000000aa000000000000000000aa000000000000000000aa000000000000000000aa000000000000000000aa0000000000
01:07:15.359 [DEBUG] [serial] RX 128 bytes: 00000000aa000000000000000000aa000000000000000000aa000000000000000000aa000000000000000000aa000000000000000000aa000000000000000000aa000000000000000000aa000000000000000000aa000000000000000000aa000000000000000000aa000000000000000000aa000000000000000000aa000000
01:07:15.363 [DEBUG] [serial] RX 128 bytes: 000000000000aa000000000000000000aa000000000000000000aa000000000000000000aa000000000000000000aa000000000000000000aa000000000000000000aa000000000000000000aa000000000000000000aa000000000000000000aa000000000000000000aa000000000000000000aa000000000000000000aa00
01:07:15.367 [DEBUG] [serial] RX 128 bytes: 0000000000000000aa000000000000000000aa000000000000000000aa000000000000000000aa000000000000000000aa000000000000000000aa000000000000000000aa000000000000000000aa000000000000000000aa000000000000000000aa000000000000000000aa000000000000000000aa000000000000000000
01:07:15.372 [DEBUG] [serial] RX 128 bytes: aa000000000000000000aa000000000000000000aa000000000000000000aa000000000000000000aa000000000000000000aa000000000000000000aa000000000000000000aa000000000000000000aa000000000000000000aa000000000000000000aa000000000000000000aa000000000000000000aa00000000000000
01:07:15.375 [DEBUG] [serial] RX 128 bytes: 0000aa000000000000000000aa000000000000000000aa000000000000000000aa000000000000000000aa000000000000000000aa000000000000000000aa000000000000000000aa000000000000000000aa000000000000000000aa000000000000000000aa000000000000000000aa000000000000000000aa0000000000
01:07:15.379 [DEBUG] [serial] RX 128 bytes: 00000000aa000000000000000000aa000000000000000000aa000000000000000000aa000000000000000000aa000000000000000000aa000000000000000000aa000000000000000000aa000000000000000000aa000000000000000000aa000000000000000000aa000000000000000000aa000000000000000000aa000000
01:07:15.383 [DEBUG] [serial] RX 128 bytes: 000000000000aa000000000000000000aa000000000000000000aa000000000000000000aa000000000000000000aa000000000000000000aa000000000000000000aa000000000000000000aa000000000000000000aa000000000000000000aa000000000000000000aa000000000000000000aa000000000000000000aa00
01:07:15.387 [DEBUG] [serial] RX 128 bytes: 0000000000000000aa000000000000000000aa000000000000000000aa000000000000000000aa000000000000000000aa000000000000000000aa000000000000000000aa000000000000000000aa000000000000000000aa000000000000000000aa000000000000000000aa000000000000000000aa000000000000000000
01:07:15.391 [DEBUG] [serial] RX 128 bytes: aa000000000000000000aa000000000000000000aa000000000000000000aa000000000000000000aa000000000000000000aa000000000000000000aa000000000000000000aa000000000000000000aa000000000000000000aa000000000000000000aa000000000000000000aa000000000000000000aa00000000000000
01:07:15.395 [DEBUG] [serial] RX 128 bytes: 0000aa000000000000000000aa000000000000000000aa000000000000000000aa000000000000000000aa000000000000000000aa000000000000000000aa000000000000000000aa000000000000000000aa000000000000000000aa000000000000000000aa000000000000000000aa000000000000000000aa0000000000
01:07:15.399 [DEBUG] [serial] RX 128 bytes: 00000000aa000000000000000000aa000000000000000000aa000000000000000000aa000000000000000000aa000000000000000000aa000000000000000000aa000000000000000000aa000000000000000000aa000000000000000000aa000000000000000000aa000000000000000000aa000000000000000000aa000000
01:07:15.403 [DEBUG] [serial] RX 128 bytes: 000000000000aa000000000000000000aa000000000000000000aa000000000000000000aa000000000000000000aa000000000000000000aa000000000000000000aa000000000000000000aa000000000000000000aa000000000000000000aa000000000000000000aa000000000000000000aa000000000000000000aa00
01:07:15.407 [DEBUG] [serial] RX 128 bytes: 0000000000000000aa000000000000000000aa000000000000000000aa000000000000000000aa000000000000000000aa000000000000000000aa000000000000000000aa000000000000000000aa000000000000000000aa000000000000000000aa000000000000000000aa000000000000000000aa000000000000000000
01:07:15.411 [DEBUG] [serial] RX 128 bytes: aa000000000000000000aa000000000000000000aa000000000000000000aa000000000000000000aa000000000000000000aa000000000000000000aa000000000000000000aa000000000000000000aa000000000000000000aa000000000000000000aa000000000000000000aa000000000000000000aa00000000000000
01:07:15.415 [DEBUG] [serial] RX 128 bytes: 0000aa000000000000000000aa000000000000000000aa000000000000000000aa000000000000000000aa000000000000000000aa000000000000000000aa000000000000000000aa000000000000000000aa000000000000000000aa000000000000000000aa000000000000000000aa000000000000000000aa0000000000
01:07:15.419 [DEBUG] [serial] RX 128 bytes: 00000000aa000000000000000000aa000000000000000000aa000000000000000000aa000000000000000000aa000000000000000000aa000000000000000000aa000000000000000000aa000000000000000000aa000000000000000000aa000000000000000000aa000000000000000000aa000000000000000000aa000000
01:07:15.423 [DEBUG] [serial] RX 128 bytes: 000000000000aa000000000000000000aa000000000000000000aa000000000000000000aa000000000000000000aa000000000000000000aa000000000000000000aa000000000000000000aa000000000000000000aa000000000000000000aa000000000000000000aa000000000000000000aa000000000000000000aa00
01:07:15.427 [DEBUG] [serial] RX 128 bytes: 0000000000000000aa000000000000000000aa000000000000000000aa000000000000000000aa000000000000000000aa000000000000000000aa000000000000000000aa000000000000000000aa000000000000000000aa000000000000000000aa000000000000000000aa000000000000000000aa000000000000000000
01:07:15.431 [DEBUG] [serial] RX 128 bytes: aa000000000000000000aa000000000000000000aa000000000000000000aa000000000000000000aa000000000000000000aa000000000000000000aa000000000000000000aa000000000000000000aa000000000000000000aa000000000000000000aa000000000000000000aa000000000000000000aa00000000000000
01:07:15.435 [DEBUG] [serial] RX 128 bytes: 0000aa000000000000000000aa000000000000000000aa000000000000000000aa000000000000000000aa000000000000000000aa000000000000000000aa000000000000000000aa000000000000000000aa000000000000000000aa000000000000000000aa000000000000000000aa000000000000000000aa0000000000
01:07:15.439 [DEBUG] [serial] RX 128 bytes: 00000000aa000000000000000000aa000000000000000000aa000000000000000000aa000000000000000000aa000000000000000000aa000000000000000000aa000000000000000000aa000000000000000000aa000000000000000000aa000000000000000000aa000000000000000000aa000000000000000000aa000000
01:07:15.443 [DEBUG] [serial] RX 128 bytes: 000000000000aa000000000000000000aa000000000000000000aa000000000000000000aa000000000000000000aa000000000000000000aa000000000000000000aa000000000000000000aa000000000000000000aa000000000000000000aa000000000000000000aa000000000000000000aa000000000000000000aa00
01:07:15.446 [DEBUG] [serial] RX 128 bytes: 0000000000000000aa000000000000000000aa000000000000000000aa000000000000000000aa000000000000000000aa000000000000000000aa000000000000000000aa000000000000000000aa000000000000000000aa000000000000000000aa000000000000000000aa000000000000000000aa000000000000000000
01:07:15.450 [DEBUG] [serial] RX 128 bytes: aa000000000000000000aa000000000000000000aa000000000000000000aa000000000000000000aa000000000000000000aa000000000000000000aa000000000000000000aa000000000000000000aa000000000000000000aa000000000000000000aa000000000000000000aa000000000000000000aa00000000000000
01:07:15.454 [DEBUG] [serial] RX 128 bytes: 0000aa000000000000000000aa000000000000000000aa000000000000000000aa000000000000000000aa000000000000000000aa000000000000000000aa000000000000000000aa000000000000000000aa000000000000000000aa000000000000000000aa000000000000000000aa000000000000000000aa0000000000
01:07:15.459 [DEBUG] [serial] RX 128 bytes: 00000000aa000000000000000000aa000000000000000000aa000000000000000000aa000000000000000000aa000000000000000000aa000000000000000000aa000000000000000000aa000000000000000000aa000000000000000000aa000000000000000000aa000000000000000000aa000000000000000000aa000000
01:07:15.463 [DEBUG] [serial] RX 128 bytes: 000000000000aa000000000000000000aa000000000000000000aa000000000000000000aa000000000000000000aa000000000000000000aa000000000000000000aa000000000000000000aa000000000000000000aa000000000000000000aa000000000000000000aa000000000000000000aa000000000000000000aa00
01:07:15.467 [DEBUG] [serial] RX 128 bytes: 0000000000000000aa000000000000000000aa000000000000000000aa000000000000000000aa000000000000000000aa000000000000000000aa000000000000000000aa000000000000000000aa000000000000000000aa000000000000000000aa000000000000000000aa000000000000000000aa000000000000000000
01:07:15.470 [DEBUG] [serial] RX 128 bytes: aa000000000000000000aa000000000000000000aa000000000000000000aa000000000000000000aa000000000000000000aa000000000000000000aa000000000000000000aa000000000000000000aa000000000000000000aa000000000000000000aa000000000000000000aa000000000000000000aa00000000000000
01:07:15.474 [DEBUG] [serial] RX 128 bytes: 0000aa000000000000000000aa000000000000000000aa000000000000000000aa000000000000000000aa000000000000000000aa000000000000000000aa000000000000000000aa000000000000000000aa000000000000000000aa000000000000000000aa000000000000000000aa000000000000000000aa0000000000
01:07:15.478 [DEBUG] [serial] RX 128 bytes: 00000000aa000000000000000000aa000000000000000000aa000000000000000000aa000000000000000000aa000000000000000000aa000000000000000000aa000000000000000000aa000000000000000000aa000000000000000000aa000000000000000000aa000000000000000000aa000000000000000000aa000000
01:07:15.482 [DEBUG] [serial] RX 128 bytes: 000000000000aa000000000000000000aa000000000000000000aa000000000000000000aa000000000000000000aa000000000000000000aa000000000000000000aa000000000000000000aa000000000000000000aa000000000000000000aa000000000000000000aa000000000000000000aa000000000000000000aa00
01:07:15.486 [DEBUG] [serial] RX 128 bytes: 0000000000000000aa000000000000000000aa000000000000000000aa000000000000000000aa000000000000000000aa000000000000000000aa000000000000000000aa000000000000000000aa000000000000000000aa000000000000000000aa000000000000000000aa000000000000000000aa000000000000000000
01:07:15.486 [DEBUG] [serial] PKT #8500: flags=0x00 in=0 ds=0 flt=0
01:07:15.490 [DEBUG] [serial] RX 128 bytes: aa000000000000000000aa000000000000000000aa000000000000000000aa000000000000000000aa000000000000000000aa000000000000000000aa000000000000000000aa000000000000000000aa000000000000000000aa000000000000000000aa000000000000000000aa000000000000000000aa00000000000000
01:07:15.494 [DEBUG] [serial] RX 128 bytes: 0000aa000000000000000000aa000000000000000000aa000000000000000000aa000000000000000000aa000000000000000000aa000000000000000000aa000000000000000000aa000000000000000000aa000000000000000000aa000000000000000000aa000000000000000000aa000000000000000000aa0000000000
01:07:15.498 [DEBUG] [serial] RX 128 bytes: 00000000aa000000000000000000aa000000000000000000aa000000000000000000aa000000000000000000aa000000000000000000aa000000000000000000aa000000000000000000aa000000000000000000aa000000000000000000aa000000000000000000aa000000000000000000aa000000000000000000aa000000
01:07:15.502 [DEBUG] [serial] RX 128 bytes: 000000000000aa000000000000000000aa000000000000000000aa000000000000000000aa000000000000000000aa000000000000000000aa000000000000000000aa000000000000000000aa000000000000000000aa000000000000000000aa000000000000000000aa000000000000000000aa000000000000000000aa00
01:07:15.506 [DEBUG] [serial] RX 128 bytes: 0000000000000000aa000000000000000000aa000000000000000000aa000000000000000000aa000000000000000000aa000000000000000000aa000000000000000000aa000000000000000000aa000000000000000000aa000000000000000000aa000000000000000000aa000000000000000000aa000000000000000000
01:07:15.510 [DEBUG] [serial] RX 128 bytes: aa000000000000000000aa000000000000000000aa000000000000000000aa000000000000000000aa000000000000000000aa000000000000000000aa000000000000000000aa000000000000000000aa000000000000000000aa000000000000000000aa000000000000000000aa000000000000000000aa00000000000000
01:07:15.514 [DEBUG] [serial] RX 128 bytes: 0000aa000000000000000000aa000000000000000000aa000000000000000000aa000000000000000000aa000000000000000000aa000000000000000000aa000000000000000000aa000000000000000000aa000000000000000000aa000000000000000000aa000000000000000000aa000000000000000000aa0000000000
01:07:15.518 [DEBUG] [serial] RX 128 bytes: 00000000aa000000000000000000aa000000000000000000aa000000000000000000aa000000000000000000aa000000000000000000aa000000000000000000aa000000000000000000aa000000000000000000aa000000000000000000aa000000000000000000aa000000000000000000aa000000000000000000aa000000
01:07:15.522 [DEBUG] [serial] RX 128 bytes: 000000000000aa000000000000000000aa000000000000000000aa000000000000000000aa000000000000000000aa000000000000000000aa000000000000000000aa000000000000000000aa000000000000000000aa000000000000000000aa000000000000000000aa000000000000000000aa000000000000000000aa00
01:07:15.526 [DEBUG] [serial] RX 128 bytes: 0000000000000000aa000000000000000000aa000000000000000000aa000000000000000000aa000000000000000000aa000000000000000000aa000000000000000000aa000000000000000000aa000000000000000000aa000000000000000000aa000000000000000000aa000000000000000000aa000000000000000000
01:07:15.530 [DEBUG] [serial] RX 128 bytes: aa000000000000000000aa000000000000000000aa000000000000000000aa000000000000000000aa000000000000000000aa000000000000000000aa000000000000000000aa000000000000000000aa000000000000000000aa000000000000000000aa000000000000000000aa000000000000000000aa00000000000000
01:07:15.534 [DEBUG] [serial] RX 128 bytes: 0000aa000000000000000000aa000000000000000000aa000000000000000000aa000000000000000000aa000000000000000000aa000000000000000000aa000000000000000000aa000000000000000000aa000000000000000000aa000000000000000000aa000000000000000000aa000000000000000000aa0000000000
01:07:15.538 [DEBUG] [serial] RX 128 bytes: 00000000aa000000000000000000aa000000000000000000aa000000000000000000aa000000000000000000aa000000000000000000aa000000000000000000aa000000000000000000aa000000000000000000aa000000000000000000aa000000000000000000aa000000000000000000aa000000000000000000aa000000
01:07:15.542 [DEBUG] [serial] RX 128 bytes: 000000000000aa000000000000000000aa000000000000000000aa000000000000000000aa000000000000000000aa000000000000000000aa000000000000000000aa000000000000000000aa000000000000000000aa000000000000000000aa000000000000000000aa000000000000000000aa000000000000000000aa00
01:07:15.546 [DEBUG] [serial] RX 128 bytes: 0000000000000000aa000000000000000000aa000000000000000000aa000000000000000000aa000000000000000000aa000000000000000000aa000000000000000000aa000000000000000000aa000000000000000000aa000000000000000000aa000000000000000000aa000000000000000000aa000000000000000000
01:07:15.550 [DEBUG] [serial] RX 128 bytes: aa000000000000000000aa000000000000000000aa000000000000000000aa000000000000000000aa000000000000000000aa000000000000000000aa000000000000000000aa000000000000000000aa000000000000000000aa000000000000000000aa000000000000000000aa000000000000000000aa00000000000000
01:07:15.554 [DEBUG] [serial] RX 128 bytes: 0000aa000000000000000000aa000000000000000000aa000000000000000000aa000000000000000000aa000000000000000000aa000000000000000000aa000000000000000000aa000000000000000000aa000000000000000000aa000000000000000000aa000000000000000000aa000000000000000000aa0000000000
01:07:15.558 [DEBUG] [serial] RX 128 bytes: 00000000aa000000000000000000aa000000000000000000aa000000000000000000aa000000000000000000aa000000000000000000aa000000000000000000aa000000000000000000aa000000000000000000aa000000000000000000aa000000000000000000aa000000000000000000aa000000000000000000aa000000
01:07:15.562 [DEBUG] [serial] RX 128 bytes: 000000000000aa000000000000000000aa000000000000000000aa000000000000000000aa000000000000000000aa000000000000000000aa000000000000000000aa000000000000000000aa000000000000000000aa000000000000000000aa000000000000000000aa000000000000000000aa000000000000000000aa00
01:07:15.566 [DEBUG] [serial] RX 128 bytes: 0000000000000000aa000000000000000000aa000000000000000000aa000000000000000000aa000000000000000000aa000000000000000000aa000000000000000000aa000000000000000000aa000000000000000000aa000000000000000000aa000000000000000000aa000000000000000000aa000000000000000000
01:07:15.570 [DEBUG] [serial] RX 128 bytes: aa000000000000000000aa000000000000000000aa000000000000000000aa000000000000000000aa000000000000000000aa000000000000000000aa000000000000000000aa000000000000000000aa000000000000000000aa000000000000000000aa000000000000000000aa000000000000000000aa00000000000000
01:07:15.574 [DEBUG] [serial] RX 128 bytes: 0000aa000000000000000000aa000000000000000000aa000000000000000000aa000000000000000000aa000000000000000000aa000000000000000000aa000000000000000000aa000000000000000000aa000000000000000000aa000000000000000000aa000000000000000000aa000000000000000000aa0000000000
01:07:15.578 [DEBUG] [serial] RX 128 bytes: 00000000aa000000000000000000aa000000000000000000aa000000000000000000aa000000000000000000aa000000000000000000aa000000000000000000aa000000000000000000aa000000000000000000aa000000000000000000aa000000000000000000aa000000000000000000aa000000000000000000aa000000
01:07:15.582 [DEBUG] [serial] RX 128 bytes: 000000000000aa000000000000000000aa000000000000000000aa000000000000000000aa000000000000000000aa000000000000000000aa000000000000000000aa000000000000000000aa000000000000000000aa000000000000000000aa000000000000000000aa000000000000000000aa000000000000000000aa00
01:07:15.585 [DEBUG] [serial] RX 128 bytes: 0000000000000000aa000000000000000000aa000000000000000000aa000000000000000000aa000000000000000000aa000000000000000000aa000000000000000000aa000000000000000000aa000000000000000000aa000000000000000000aa000000000000000000aa000000000000000000aa000000000000000000
01:07:15.589 [DEBUG] [serial] RX 128 bytes: aa000000000000000000aa000000000000000000aa000000000000000000aa000000000000000000aa000000000000000000aa000000000000000000aa000000000000000000aa000000000000000000aa000000000000000000aa000000000000000000aa000000000000000000aa000000000000000000aa00000000000000
01:07:15.594 [DEBUG] [serial] RX 128 bytes: 0000aa000000000000000000aa000000000000000000aa000000000000000000aa000000000000000000aa000000000000000000aa000000000000000000aa000000000000000000aa000000000000000000aa000000000000000000aa000000000000000000aa000000000000000000aa000000000000000000aa0000000000
01:07:15.598 [DEBUG] [serial] RX 128 bytes: 00000000aa000000000000000000aa000000000000000000aa000000000000000000aa000000000000000000aa000000000000000000aa000000000000000000aa000000000000000000aa000000000000000000aa000000000000000000aa000000000000000000aa000000000000000000aa000000000000000000aa000000
01:07:15.602 [DEBUG] [serial] RX 128 bytes: 000000000000aa000000000000000000aa000000000000000000aa000000000000000000aa000000000000000000aa000000000000000000aa000000000000000000aa000000000000000000aa000000000000000000aa000000000000000000aa000000000000000000aa000000000000000000aa000000000000000000aa00
01:07:15.605 [DEBUG] [serial] RX 128 bytes: 0000000000000000aa000000000000000000aa000000000000000000aa000000000000000000aa000000000000000000aa000000000000000000aa000000000000000000aa000000000000000000aa000000000000000000aa000000000000000000aa000000000000000000aa000000000000000000aa000000000000000000
01:07:15.609 [DEBUG] [serial] RX 128 bytes: aa000000000000000000aa000000000000000000aa000000000000000000aa000000000000000000aa000000000000000000aa000000000000000000aa000000000000000000aa000000000000000000aa000000000000000000aa000000000000000000aa000000000000000000aa000000000000000000aa00000000000000
01:07:15.613 [DEBUG] [serial] RX 128 bytes: 0000aa000000000000000000aa000000000000000000aa000000000000000000aa000000000000000000aa000000000000000000aa000000000000000000aa000000000000000000aa000000000000000000aa000000000000000000aa000000000000000000aa000000000000000000aa000000000000000000aa0000000000
01:07:15.617 [DEBUG] [serial] RX 128 bytes: 00000000aa000000000000000000aa000000000000000000aa000000000000000000aa000000000000000000aa000000000000000000aa000000000000000000aa000000000000000000aa000000000000000000aa000000000000000000aa000000000000000000aa000000000000000000aa000000000000000000aa000000
01:07:15.621 [DEBUG] [serial] RX 128 bytes: 000000000000aa000000000000000000aa000000000000000000aa000000000000000000aa000000000000000000aa000000000000000000aa000000000000000000aa000000000000000000aa000000000000000000aa000000000000000000aa000000000000000000aa000000000000000000aa000000000000000000aa00
01:07:15.625 [DEBUG] [serial] RX 128 bytes: 0000000000000000aa000000000000000000aa000000000000000000aa000000000000000000aa000000000000000000aa000000000000000000aa000000000000000000aa000000000000000000aa000000000000000000aa000000000000000000aa000000000000000000aa000000000000000000aa000000000000000000
01:07:15.629 [DEBUG] [serial] RX 128 bytes: aa000000000000000000aa000000000000000000aa000000000000000000aa000000000000000000aa000000000000000000aa000000000000000000aa000000000000000000aa000000000000000000aa000000000000000000aa000000000000000000aa000000000000000000aa000000000000000000aa00000000000000
01:07:15.633 [DEBUG] [serial] RX 128 bytes: 0000aa000000000000000000aa000000000000000000aa000000000000000000aa000000000000000000aa000000000000000000aa000000000000000000aa000000000000000000aa000000000000000000aa000000000000000000aa000000000000000000aa000000000000000000aa000000000000000000aa0000000000
01:07:15.637 [DEBUG] [serial] RX 128 bytes: 00000000aa000000000000000000aa000000000000000000aa000000000000000000aa000000000000000000aa000000000000000000aa000000000000000000aa000000000000000000aa000000000000000000aa000000000000000000aa000000000000000000aa000000000000000000aa000000000000000000aa000000
01:07:15.641 [DEBUG] [serial] RX 128 bytes: 000000000000aa000000000000000000aa000000000000000000aa000000000000000000aa000000000000000000aa000000000000000000aa000000000000000000aa000000000000000000aa000000000000000000aa000000000000000000aa000000000000000000aa000000000000000000aa000000000000000000aa00
01:07:15.641 [DEBUG] [serial] PKT #9000: flags=0x00 in=0 ds=0 flt=0
01:07:15.645 [DEBUG] [serial] RX 128 bytes: 0000000000000000aa000000000000000000aa000000000000000000aa000000000000000000aa000000000000000000aa000000000000000000aa000000000000000000aa000000000000000000aa000000000000000000aa000000000000000000aa000000000000000000aa000000000000000000aa000000000000000000
01:07:15.649 [DEBUG] [serial] RX 128 bytes: aa000000000000000000aa000000000000000000aa000000000000000000aa000000000000000000aa000000000000000000aa000000000000000000aa000000000000000000aa000000000000000000aa000000000000000000aa000000000000000000aa000000000000000000aa000000000000000000aa00000000000000
01:07:15.653 [DEBUG] [serial] RX 128 bytes: 0000aa000000000000000000aa000000000000000000aa000000000000000000aa000000000000000000aa000000000000000000aa000000000000000000aa000000000000000000aa000000000000000000aa000000000000000000aa000000000000000000aa000000000000000000aa000000000000000000aa0000000000
01:07:15.657 [DEBUG] [serial] RX 128 bytes: 00000000aa000000000000000000aa000000000000000000aa000000000000000000aa000000000000000000aa000000000000000000aa000000000000000000aa000000000000000000aa000000000000000000aa000000000000000000aa000000000000000000aa000000000000000000aa000000000000000000aa000000
01:07:15.661 [DEBUG] [serial] RX 128 bytes: 000000000000aa000000000000000000aa000000000000000000aa000000000000000000aa000000000000000000aa000000000000000000aa000000000000000000aa000000000000000000aa000000000000000000aa000000000000000000aa000000000000000000aa000000000000000000aa000000000000000000aa00
01:07:15.665 [DEBUG] [serial] RX 128 bytes: 0000000000000000aa000000000000000000aa000000000000000000aa000000000000000000aa000000000000000000aa000000000000000000aa000000000000000000aa000000000000000000aa000000000000000000aa000000000000000000aa000000000000000000aa000000000000000000aa000000000000000000
01:07:15.669 [DEBUG] [serial] RX 128 bytes: aa000000000000000000aa000000000000000000aa000000000000000000aa000000000000000000aa000000000000000000aa000000000000000000aa000000000000000000aa000000000000000000aa000000000000000000aa000000000000000000aa000000000000000000aa000000000000000000aa00000000000000
01:07:15.673 [DEBUG] [serial] RX 128 bytes: 0000aa000000000000000000aa000000000000000000aa000000000000000000aa000000000000000000aa000000000000000000aa000000000000000000aa000000000000000000aa000000000000000000aa000000000000000000aa000000000000000000aa000000000000000000aa000000000000000000aa0000000000
01:07:15.677 [DEBUG] [serial] RX 128 bytes: 00000000aa000000000000000000aa000000000000000000aa000000000000000000aa000000000000000000aa000000000000000000aa000000000000000000aa000000000000000000aa000000000000000000aa000000000000000000aa000000000000000000aa000000000000000000aa000000000000000000aa000000
01:07:15.681 [DEBUG] [serial] RX 128 bytes: 000000000000aa000000000000000000aa000000000000000000aa000000000000000000aa000000000000000000aa000000000000000000aa000000000000000000aa000000000000000000aa000000000000000000aa000000000000000000aa000000000000000000aa000000000000000000aa000000000000000000aa00
01:07:15.685 [DEBUG] [serial] RX 128 bytes: 0000000000000000aa000000000000000000aa000000000000000000aa000000000000000000aa000000000000000000aa000000000000000000aa000000000000000000aa000000000000000000aa000000000000000000aa000000000000000000aa000000000000000000aa000000000000000000aa000000000000000000
01:07:15.689 [DEBUG] [serial] RX 128 bytes: aa000000000000000000aa000000000000000000aa000000000000000000aa000000000000000000aa000000000000000000aa000000000000000000aa000000000000000000aa000000000000000000aa000000000000000000aa000000000000000000aa000000000000000000aa000000000000000000aa00000000000000
01:07:15.693 [DEBUG] [serial] RX 128 bytes: 0000aa000000000000000000aa000000000000000000aa000000000000000000aa000000000000000000aa000000000000000000aa000000000000000000aa000000000000000000aa000000000000000000aa000000000000000000aa000000000000000000aa000000000000000000aa000000000000000000aa0000000000
01:07:15.697 [DEBUG] [serial] RX 128 bytes: 00000000aa000000000000000000aa000000000000000000aa000000000000000000aa000000000000000000aa000000000000000000aa000000000000000000aa000000000000000000aa000000000000000000aa000000000000000000aa000000000000000000aa000000000000000000aa000000000000000000aa000000
01:07:15.701 [DEBUG] [serial] RX 128 bytes: 000000000000aa000000000000000000aa000000000000000000aa000000000000000000aa000000000000000000aa000000000000000000aa000000000000000000aa000000000000000000aa000000000000000000aa000000000000000000aa000000000000000000aa000000000000000000aa000000000000000000aa00
01:07:15.705 [DEBUG] [serial] RX 128 bytes: 0000000000000000aa000000000000000000aa000000000000000000aa000000000000000000aa000000000000000000aa000000000000000000aa000000000000000000aa000000000000000000aa000000000000000000aa000000000000000000aa000000000000000000aa000000000000000000aa000000000000000000
01:07:15.709 [DEBUG] [serial] RX 128 bytes: aa000000000000000000aa000000000000000000aa000000000000000000aa000000000000000000aa000000000000000000aa000000000000000000aa000000000000000000aa000000000000000000aa000000000000000000aa000000000000000000aa000000000000000000aa000000000000000000aa00000000000000
01:07:15.713 [DEBUG] [serial] RX 128 bytes: 0000aa000000000000000000aa000000000000000000aa000000000000000000aa000000000000000000aa000000000000000000aa000000000000000000aa000000000000000000aa000000000000000000aa000000000000000000aa000000000000000000aa000000000000000000aa000000000000000000aa0000000000
01:07:15.717 [DEBUG] [serial] RX 128 bytes: 00000000aa000000000000000000aa000000000000000000aa000000000000000000aa000000000000000000aa000000000000000000aa000000000000000000aa000000000000000000aa000000000000000000aa000000000000000000aa000000000000000000aa000000000000000000aa000000000000000000aa000000
01:07:15.721 [DEBUG] [serial] RX 128 bytes: 000000000000aa000000000000000000aa000000000000000000aa000000000000000000aa000000000000000000aa000000000000000000aa000000000000000000aa000000000000000000aa000000000000000000aa000000000000000000aa000000000000000000aa000000000000000000aa000000000000000000aa00
01:07:15.724 [DEBUG] [serial] RX 128 bytes: 0000000000000000aa000000000000000000aa000000000000000000aa000000000000000000aa000000000000000000aa000000000000000000aa000000000000000000aa000000000000000000aa000000000000000000aa000000000000000000aa000000000000000000aa000000000000000000aa000000000000000000
01:07:15.729 [DEBUG] [serial] RX 128 bytes: aa000000000000000000aa000000000000000000aa000000000000000000aa000000000000000000aa000000000000000000aa000000000000000000aa000000000000000000aa000000000000000000aa000000000000000000aa000000000000000000aa000000000000000000aa000000000000000000aa00000000000000
01:07:15.733 [DEBUG] [serial] RX 128 bytes: 0000aa000000000000000000aa000000000000000000aa000000000000000000aa000000000000000000aa000000000000000000aa000000000000000000aa000000000000000000aa000000000000000000aa000000000000000000aa000000000000000000aa000000000000000000aa000000000000000000aa0000000000
01:07:15.737 [DEBUG] [serial] RX 128 bytes: 00000000aa000000000000000000aa000000000000000000aa000000000000000000aa000000000000000000aa000000000000000000aa000000000000000000aa000000000000000000aa000000000000000000aa000000000000000000aa000000000000000000aa000000000000000000aa000000000000000000aa000000
01:07:15.741 [DEBUG] [serial] RX 128 bytes: 000000000000aa000000000000000000aa000000000000000000aa000000000000000000aa000000000000000000aa000000000000000000aa000000000000000000aa000000000000000000aa000000000000000000aa000000000000000000aa000000000000000000aa000000000000000000aa000000000000000000aa00
01:07:15.745 [DEBUG] [serial] RX 128 bytes: 0000000000000000aa000000000000000000aa000000000000000000aa000000000000000000aa000000000000000000aa000000000000000000aa000000000000000000aa000000000000000000aa000000000000000000aa000000000000000000aa000000000000000000aa000000000000000000aa000000000000000000
01:07:15.748 [DEBUG] [serial] RX 128 bytes: aa000000000000000000aa000000000000000000aa000000000000000000aa000000000000000000aa000000000000000000aa000000000000000000aa000000000000000000aa000000000000000000aa000000000000000000aa000000000000000000aa000000000000000000aa000000000000000000aa00000000000000
01:07:15.752 [DEBUG] [serial] RX 128 bytes: 0000aa000000000000000000aa000000000000000000aa000000000000000000aa000000000000000000aa000000000000000000aa000000000000000000aa000000000000000000aa000000000000000000aa000000000000000000aa000000000000000000aa000000000000000000aa000000000000000000aa0000000000
01:07:15.756 [DEBUG] [serial] RX 128 bytes: 00000000aa000000000000000000aa000000000000000000aa000000000000000000aa000000000000000000aa000000000000000000aa000000000000000000aa000000000000000000aa000000000000000000aa000000000000000000aa000000000000000000aa000000000000000000aa000000000000000000aa000000
01:07:15.760 [DEBUG] [serial] RX 128 bytes: 000000000000aa000000000000000000aa000000000000000000aa000000000000000000aa000000000000000000aa000000000000000000aa000000000000000000aa000000000000000000aa000000000000000000aa000000000000000000aa000000000000000000aa000000000000000000aa000000000000000000aa00
01:07:15.764 [DEBUG] [serial] RX 128 bytes: 0000000000000000aa000000000000000000aa000000000000000000aa000000000000000000aa000000000000000000aa000000000000000000aa000000000000000000aa000000000000000000aa000000000000000000aa000000000000000000aa000000000000000000aa000000000000000000aa000000000000000000
01:07:15.768 [DEBUG] [serial] RX 128 bytes: aa000000000000000000aa000000000000000000aa000000000000000000aa000000000000000000aa000000000000000000aa000000000000000000aa000000000000000000aa000000000000000000aa000000000000000000aa000000000000000000aa000000000000000000aa000000000000000000aa00000000000000
01:07:15.772 [DEBUG] [serial] RX 128 bytes: 0000aa000000000000000000aa000000000000000000aa000000000000000000aa000000000000000000aa000000000000000000aa000000000000000000aa000000000000000000aa000000000000000000aa000000000000000000aa000000000000000000aa000000000000000000aa000000000000000000aa0000000000
01:07:15.776 [DEBUG] [serial] RX 128 bytes: 00000000aa000000000000000000aa000000000000000000aa000000000000000000aa000000000000000000aa000000000000000000aa000000000000000000aa000000000000000000aa000000000000000000aa000000000000000000aa000000000000000000aa000000000000000000aa000000000000000000aa000000
01:07:15.780 [DEBUG] [serial] RX 128 bytes: 000000000000aa000000000000000000aa000000000000000000aa000000000000000000aa000000000000000000aa000000000000000000aa000000000000000000aa000000000000000000aa000000000000000000aa000000000000000000aa000000000000000000aa000000000000000000aa000000000000000000aa00
01:07:15.784 [DEBUG] [serial] RX 128 bytes: 0000000000000000aa000000000000000000aa000000000000000000aa000000000000000000aa000000000000000000aa000000000000000000aa000000000000000000aa000000000000000000aa000000000000000000aa000000000000000000aa000000000000000000aa000000000000000000aa000000000000000000
01:07:15.788 [DEBUG] [serial] RX 128 bytes: aa000000000000000000aa000000000000000000aa000000000000000000aa000000000000000000aa000000000000000000aa000000000000000000aa000000000000000000aa000000000000000000aa000000000000000000aa000000000000000000aa000000000000000000aa000000000000000000aa00000000000000
01:07:15.792 [DEBUG] [serial] RX 128 bytes: 0000aa000000000000000000aa000000000000000000aa000000000000000000aa000000000000000000aa000000000000000000aa000000000000000000aa000000000000000000aa000000000000000000aa000000000000000000aa000000000000000000aa000000000000000000aa000000000000000000aa0000000000
01:07:15.796 [DEBUG] [serial] RX 128 bytes: 00000000aa000000000000000000aa000000000000000000aa000000000000000000aa000000000000000000aa000000000000000000aa000000000000000000aa000000000000000000aa000000000000000000aa000000000000000000aa000000000000000000aa000000000000000000aa000000000000000000aa000000
01:07:15.796 [DEBUG] [serial] PKT #9500: flags=0x00 in=0 ds=0 flt=0
01:07:15.800 [DEBUG] [serial] RX 128 bytes: 000000000000aa000000000000000000aa000000000000000000aa000000000000000000aa000000000000000000aa000000000000000000aa000000000000000000aa000000000000000000aa000000000000000000aa000000000000000000aa000000000000000000aa000000000000000000aa000000000000000000aa00
01:07:15.804 [DEBUG] [serial] RX 128 bytes: 0000000000000000aa000000000000000000aa000000000000000000aa000000000000000000aa000000000000000000aa000000000000000000aa000000000000000000aa000000000000000000aa000000000000000000aa000000000000000000aa000000000000000000aa000000000000000000aa000000000000000000
01:07:15.808 [DEBUG] [serial] RX 128 bytes: aa000000000000000000aa000000000000000000aa000000000000000000aa000000000000000000aa000000000000000000aa000000000000000000aa000000000000000000aa000000000000000000aa000000000000000000aa000000000000000000aa000000000000000000aa000000000000000000aa00000000000000
01:07:15.812 [DEBUG] [serial] RX 128 bytes: 0000aa000000000000000000aa000000000000000000aa000000000000000000aa000000000000000000aa000000000000000000aa000000000000000000aa000000000000000000aa000000000000000000aa000000000000000000aa000000000000000000aa000000000000000000aa000000000000000000aa0000000000
01:07:15.816 [DEBUG] [serial] RX 128 bytes: 00000000aa000000000000000000aa000000000000000000aa000000000000000000aa000000000000000000aa000000000000000000aa000000000000000000aa000000000000000000aa000000000000000000aa000000000000000000aa000000000000000000aa000000000000000000aa000000000000000000aa000000
01:07:15.820 [DEBUG] [serial] RX 128 bytes: 000000000000aa000000000000000000aa000000000000000000aa000000000000000000aa000000000000000000aa000000000000000000aa000000000000000000aa000000000000000000aa000000000000000000aa000000000000000000aa000000000000000000aa000000000000000000aa000000000000000000aa00
01:07:15.824 [DEBUG] [serial] RX 128 bytes: 0000000000000000aa000000000000000000aa000000000000000000aa000000000000000000aa000000000000000000aa000000000000000000aa000000000000000000aa000000000000000000aa000000000000000000aa000000000000000000aa000000000000000000aa000000000000000000aa000000000000000000
01:07:15.828 [DEBUG] [serial] RX 128 bytes: aa000000000000000000aa000000000000000000aa000000000000000000aa000000000000000000aa000000000000000000aa000000000000000000aa000000000000000000aa000000000000000000aa000000000000000000aa000000000000000000aa000000000000000000aa000000000000000000aa00000000000000
01:07:15.832 [DEBUG] [serial] RX 128 bytes: 0000aa000000000000000000aa000000000000000000aa000000000000000000aa000000000000000000aa000000000000000000aa000000000000000000aa000000000000000000aa000000000000000000aa000000000000000000aa000000000000000000aa000000000000000000aa000000000000000000aa0000000000
01:07:15.836 [DEBUG] [serial] RX 128 bytes: 00000000aa000000000000000000aa000000000000000000aa000000000000000000aa000000000000000000aa000000000000000000aa000000000000000000aa000000000000000000aa000000000000000000aa000000000000000000aa000000000000000000aa000000000000000000aa000000000000000000aa000000
01:07:15.840 [DEBUG] [serial] RX 128 bytes: 000000000000aa000000000000000000aa000000000000000000aa000000000000000000aa000000000000000000aa000000000000000000aa000000000000000000aa000000000000000000aa000000000000000000aa000000000000000000aa000000000000000000aa000000000000000000aa000000000000000000aa00
01:07:15.844 [DEBUG] [serial] RX 128 bytes: 0000000000000000aa000000000000000000aa000000000000000000aa000000000000000000aa000000000000000000aa000000000000000000aa000000000000000000aa000000000000000000aa000000000000000000aa000000000000000000aa000000000000000000aa000000000000000000aa000000000000000000
01:07:15.848 [DEBUG] [serial] RX 128 bytes: aa000000000000000000aa000000000000000000aa000000000000000000aa000000000000000000aa000000000000000000aa000000000000000000aa000000000000000000aa000000000000000000aa000000000000000000aa000000000000000000aa000000000000000000aa000000000000000000aa00000000000000
01:07:15.852 [DEBUG] [serial] RX 128 bytes: 0000aa000000000000000000aa000000000000000000aa000000000000000000aa000000000000000000aa000000000000000000aa000000000000000000aa000000000000000000aa000000000000000000aa000000000000000000aa000000000000000000aa000000000000000000aa000000000000000000aa0000000000
01:07:15.856 [DEBUG] [serial] RX 128 bytes: 00000000aa000000000000000000aa000000000000000000aa000000000000000000aa000000000000000000aa000000000000000000aa000000000000000000aa000000000000000000aa000000000000000000aa000000000000000000aa000000000000000000aa000000000000000000aa000000000000000000aa000000
01:07:15.860 [DEBUG] [serial] RX 128 bytes: 000000000000aa000000000000000000aa000000000000000000aa000000000000000000aa000000000000000000aa000000000000000000aa000000000000000000aa000000000000000000aa000000000000000000aa000000000000000000aa000000000000000000aa000000000000000000aa000000000000000000aa00
01:07:15.863 [DEBUG] [serial] RX 128 bytes: 0000000000000000aa000000000000000000aa000000000000000000aa000000000000000000aa000000000000000000aa000000000000000000aa000000000000000000aa000000000000000000aa000000000000000000aa000000000000000000aa000000000000000000aa000000000000000000aa000000000000000000
01:07:15.868 [DEBUG] [serial] RX 128 bytes: aa000000000000000000aa000000000000000000aa000000000000000000aa000000000000000000aa000000000000000000aa000000000000000000aa000000000000000000aa000000000000000000aa000000000000000000aa000000000000000000aa000000000000000000aa000000000000000000aa00000000000000
01:07:15.872 [DEBUG] [serial] RX 128 bytes: 0000aa000000000000000000aa000000000000000000aa000000000000000000aa000000000000000000aa000000000000000000aa000000000000000000aa000000000000000000aa000000000000000000aa000000000000000000aa000000000000000000aa000000000000000000aa000000000000000000aa0000000000
01:07:15.876 [DEBUG] [serial] RX 128 bytes: 00000000aa000000000000000000aa000000000000000000aa000000000000000000aa000000000000000000aa000000000000000000aa000000000000000000aa000000000000000000aa000000000000000000aa000000000000000000aa000000000000000000aa000000000000000000aa000000000000000000aa000000
01:07:15.880 [DEBUG] [serial] RX 128 bytes: 000000000000aa000000000000000000aa000000000000000000aa000000000000000000aa000000000000000000aa000000000000000000aa000000000000000000aa000000000000000000aa000000000000000000aa000000000000000000aa000000000000000000aa000000000000000000aa000000000000000000aa00
01:07:15.883 [DEBUG] [serial] RX 128 bytes: 0000000000000000aa000000000000000000aa000000000000000000aa000000000000000000aa000000000000000000aa000000000000000000aa000000000000000000aa000000000000000000aa000000000000000000aa000000000000000000aa000000000000000000aa000000000000000000aa000000000000000000
01:07:15.887 [DEBUG] [serial] RX 128 bytes: aa000000000000000000aa000000000000000000aa000000000000000000aa000000000000000000aa000000000000000000aa000000000000000000aa000000000000000000aa000000000000000000aa000000000000000000aa000000000000000000aa000000000000000000aa000000000000000000aa00000000000000
01:07:15.891 [DEBUG] [serial] RX 128 bytes: 0000aa000000000000000000aa000000000000000000aa000000000000000000aa000000000000000000aa000000000000000000aa000000000000000000aa000000000000000000aa000000000000000000aa000000000000000000aa000000000000000000aa000000000000000000aa000000000000000000aa0000000000
01:07:15.895 [DEBUG] [serial] RX 128 bytes: 00000000aa000000000000000000aa000000000000000000aa000000000000000000aa000000000000000000aa000000000000000000aa000000000000000000aa000000000000000000aa000000000000000000aa000000000000000000aa000000000000000000aa000000000000000000aa000000000000000000aa000000
01:07:15.899 [DEBUG] [serial] RX 128 bytes: 000000000000aa000000000000000000aa000000000000000000aa000000000000000000aa000000000000000000aa000000000000000000aa000000000000000000aa000000000000000000aa000000000000000000aa000000000000000000aa000000000000000000aa000000000000000000aa000000000000000000aa00
01:07:15.903 [DEBUG] [serial] RX 128 bytes: 0000000000000000aa000000000000000000aa000000000000000000aa000000000000000000aa000000000000000000aa000000000000000000aa000000000000000000aa000000000000000000aa000000000000000000aa000000000000000000aa000000000000000000aa000000000000000000aa000000000000000000
01:07:15.907 [DEBUG] [serial] RX 128 bytes: aa000000000000000000aa000000000000000000aa000000000000000000aa000000000000000000aa000000000000000000aa000000000000000000aa000000000000000000aa000000000000000000aa000000000000000000aa000000000000000000aa000000000000000000aa000000000000000000aa00000000000000
01:07:15.911 [DEBUG] [serial] RX 128 bytes: 0000aa000000000000000000aa000000000000000000aa000000000000000000aa000000000000000000aa000000000000000000aa000000000000000000aa000000000000000000aa000000000000000000aa000000000000000000aa000000000000000000aa000000000000000000aa000000000000000000aa0000000000
01:07:15.915 [DEBUG] [serial] RX 128 bytes: 00000000aa000000000000000000aa000000000000000000aa000000000000000000aa000000000000000000aa000000000000000000aa000000000000000000aa000000000000000000aa000000000000000000aa000000000000000000aa000000000000000000aa000000000000000000aa000000000000000000aa000000
01:07:15.919 [DEBUG] [serial] RX 128 bytes: 000000000000aa000000000000000000aa000000000000000000aa000000000000000000aa000000000000000000aa000000000000000000aa000000000000000000aa000000000000000000aa000000000000000000aa000000000000000000aa000000000000000000aa000000000000000000aa000000000000000000aa00
01:07:15.923 [DEBUG] [serial] RX 128 bytes: 0000000000000000aa000000000000000000aa000000000000000000aa000000000000000000aa000000000000000000aa000000000000000000aa000000000000000000aa000000000000000000aa000000000000000000aa000000000000000000aa000000000000000000aa000000000000000000aa000000000000000000
01:07:15.927 [DEBUG] [serial] RX 128 bytes: aa000000000000000000aa000000000000000000aa000000000000000000aa000000000000000000aa000000000000000000aa000000000000000000aa000000000000000000aa000000000000000000aa000000000000000000aa000000000000000000aa000000000000000000aa000000000000000000aa00000000000000
01:07:15.931 [DEBUG] [serial] RX 128 bytes: 0000aa000000000000000000aa000000000000000000aa000000000000000000aa000000000000000000aa000000000000000000aa000000000000000000aa000000000000000000aa000000000000000000aa000000000000000000aa000000000000000000aa000000000000000000aa000000000000000000aa0000000000
01:07:15.936 [DEBUG] [serial] RX 128 bytes: 00000000aa000000000000000000aa000000000000000000aa000000000000000000aa000000000000000000aa000000000000000000aa000000000000000000aa000000000000000000aa000000000000000000aa000000000000000000aa000000000000000000aa000000000000000000aa000000000000000000aa000000
01:07:15.939 [DEBUG] [serial] RX 128 bytes: 000000000000aa000000000000000000aa000000000000000000aa000000000000000000aa000000000000000000aa000000000000000000aa000000000000000000aa000000000000000000aa000000000000000000aa000000000000000000aa000000000000000000aa000000000000000000aa000000000000000000aa00
01:07:15.943 [DEBUG] [serial] RX 128 bytes: 0000000000000000aa000000000000000000aa000000000000000000aa000000000000000000aa000000000000000000aa000000000000000000aa000000000000000000aa000000000000000000aa000000000000000000aa000000000000000000aa000000000000000000aa000000000000000000aa000000000000000000
01:07:15.947 [DEBUG] [serial] RX 128 bytes: aa000000000000000000aa000000000000000000aa000000000000000000aa000000000000000000aa000000000000000000aa000000000000000000aa000000000000000000aa000000000000000000aa000000000000000000aa000000000000000000aa000000000000000000aa000000000000000000aa00000000000000
01:07:15.951 [DEBUG] [serial] RX 128 bytes: 0000aa000000000000000000aa000000000000000000aa000000000000000000aa000000000000000000aa000000000000000000aa000000000000000000aa000000000000000000aa000000000000000000aa000000000000000000aa000000000000000000aa000000000000000000aa000000000000000000aa0000000000
01:07:15.951 [DEBUG] [serial] PKT #10000: flags=0x00 in=0 ds=0 flt=0
01:07:15.955 [DEBUG] [serial] RX 128 bytes: 00000000aa000000000000000000aa000000000000000000aa000000000000000000aa000000000000000000aa000000000000000000aa000000000000000000aa000000000000000000aa000000000000000000aa000000000000000000aa000000000000000000aa000000000000000000aa000000000000000000aa000000
01:07:15.959 [DEBUG] [serial] RX 128 bytes: 000000000000aa000000000000000000aa000000000000000000aa000000000000000000aa000000000000000000aa000000000000000000aa000000000000000000aa000000000000000000aa000000000000000000aa000000000000000000aa000000000000000000aa000000000000000000aa000000000000000000aa00
01:07:15.963 [DEBUG] [serial] RX 128 bytes: 0000000000000000aa000000000000000000aa000000000000000000aa000000000000000000aa000000000000000000aa000000000000000000aa000000000000000000aa000000000000000000aa000000000000000000aa000000000000000000aa000000000000000000aa000000000000000000aa000000000000000000
01:07:15.967 [DEBUG] [serial] RX 128 bytes: aa000000000000000000aa000000000000000000aa000000000000000000aa000000000000000000aa000000000000000000aa000000000000000000aa000000000000000000aa000000000000000000aa000000000000000000aa000000000000000000aa000000000000000000aa000000000000000000aa00000000000000
01:07:15.971 [DEBUG] [serial] RX 128 bytes: 0000aa000000000000000000aa000000000000000000aa000000000000000000aa000000000000000000aa000000000000000000aa000000000000000000aa000000000000000000aa000000000000000000aa000000000000000000aa000000000000000000aa000000000000000000aa000000000000000000aa0000000000
01:07:15.975 [DEBUG] [serial] RX 128 bytes: 00000000aa000000000000000000aa000000000000000000aa000000000000000000aa000000000000000000aa000000000000000000aa000000000000000000aa000000000000000000aa000000000000000000aa000000000000000000aa000000000000000000aa000000000000000000aa000000000000000000aa000000
01:07:15.979 [DEBUG] [serial] RX 128 bytes: 000000000000aa000000000000000000aa000000000000000000aa000000000000000000aa000000000000000000aa000000000000000000aa000000000000000000aa000000000000000000aa000000000000000000aa000000000000000000aa000000000000000000aa000000000000000000aa000000000000000000aa00
01:07:15.983 [DEBUG] [serial] RX 128 bytes: 0000000000000000aa000000000000000000aa000000000000000000aa000000000000000000aa000000000000000000aa000000000000000000aa000000000000000000aa000000000000000000aa000000000000000000aa000000000000000000aa000000000000000000aa000000000000000000aa000000000000000000
01:07:15.987 [DEBUG] [serial] RX 128 bytes: aa000000000000000000aa000000000000000000aa000000000000000000aa000000000000000000aa000000000000000000aa000000000000000000aa000000000000000000aa000000000000000000aa000000000000000000aa000000000000000000aa000000000000000000aa000000000000000000aa00000000000000
01:07:15.991 [DEBUG] [serial] RX 128 bytes: 0000aa000000000000000000aa000000000000000000aa000000000000000000aa000000000000000000aa000000000000000000aa000000000000000000aa000000000000000000aa000000000000000000aa000000000000000000aa000000000000000000aa000000000000000000aa000000000000000000aa0000000000
01:07:15.995 [DEBUG] [serial] RX 128 bytes: 00000000aa000000000000000000aa000000000000000000aa000000000000000000aa000000000000000000aa000000000000000000aa000000000000000000aa000000000000000000aa000000000000000000aa000000000000000000aa000000000000000000aa000000000000000000aa000000000000000000aa000000
01:07:15.999 [DEBUG] [serial] RX 128 bytes: 000000000000aa000000000000000000aa000000000000000000aa000000000000000000aa000000000000000000aa000000000000000000aa000000000000000000aa000000000000000000aa000000000000000000aa000000000000000000aa000000000000000000aa000000000000000000aa000000000000000000aa00
01:07:16.003 [DEBUG] [serial] RX 128 bytes: 0000000000000000aa000000000000000000aa000000000000000000aa000000000000000000aa000000000000000000aa000000000000000000aa000000000000000000aa000000000000000000aa000000000000000000aa000000000000000000aa000000000000000000aa000000000000000000aa000000000000000000
01:07:16.007 [DEBUG] [serial] RX 128 bytes: aa000000000000000000aa000000000000000000aa000000000000000000aa000000000000000000aa000000000000000000aa000000000000000000aa000000000000000000aa000000000000000000aa000000000000000000aa000000000000000000aa000000000000000000aa000000000000000000aa00000000000000
01:07:16.011 [DEBUG] [serial] RX 128 bytes: 0000aa000000000000000000aa000000000000000000aa000000000000000000aa000000000000000000aa000000000000000000aa000000000000000000aa000000000000000000aa000000000000000000aa000000000000000000aa000000000000000000aa000000000000000000aa000000000000000000aa0000000000
01:07:16.015 [DEBUG] [serial] RX 128 bytes: 00000000aa000000000000000000aa000000000000000000aa000000000000000000aa000000000000000000aa000000000000000000aa000000000000000000aa000000000000000000aa000000000000000000aa000000000000000000aa000000000000000000aa000000000000000000aa000000000000000000aa000000
01:07:16.019 [DEBUG] [serial] RX 128 bytes: 000000000000aa000000000000000000aa000000000000000000aa000000000000000000aa000000000000000000aa000000000000000000aa000000000000000000aa000000000000000000aa000000000000000000aa000000000000000000aa000000000000000000aa000000000000000000aa000000000000000000aa00
01:07:16.022 [DEBUG] [serial] RX 128 bytes: 0000000000000000aa000000000000000000aa000000000000000000aa000000000000000000aa000000000000000000aa000000000000000000aa000000000000000000aa000000000000000000aa000000000000000000aa000000000000000000aa000000000000000000aa000000000000000000aa000000000000000000
01:07:16.026 [DEBUG] [serial] RX 128 bytes: aa000000000000000000aa000000000000000000aa000000000000000000aa000000000000000000aa000000000000000000aa000000000000000000aa000000000000000000aa000000000000000000aa000000000000000000aa000000000000000000aa000000000000000000aa000000000000000000aa00000000000000
01:07:16.030 [DEBUG] [serial] RX 128 bytes: 0000aa000000000000000000aa000000000000000000aa000000000000000000aa000000000000000000aa000000000000000000aa000000000000000000aa000000000000000000aa000000000000000000aa000000000000000000aa000000000000000000aa000000000000000000aa000000000000000000aa0000000000
01:07:16.034 [DEBUG] [serial] RX 128 bytes: 00000000aa000000000000000000aa000000000000000000aa000000000000000000aa000000000000000000aa000000000000000000aa000000000000000000aa000000000000000000aa000000000000000000aa000000000000000000aa000000000000000000aa000000000000000000aa000000000000000000aa000000
01:07:16.039 [DEBUG] [serial] RX 128 bytes: 000000000000aa000000000000000000aa000000000000000000aa000000000000000000aa000000000000000000aa000000000000000000aa000000000000000000aa000000000000000000aa000000000000000000aa000000000000000000aa000000000000000000aa000000000000000000aa000000000000000000aa00
01:07:16.042 [DEBUG] [serial] RX 128 bytes: 0000000000000000aa000000000000000000aa000000000000000000aa000000000000000000aa000000000000000000aa000000000000000000aa000000000000000000aa000000000000000000aa000000000000000000aa000000000000000000aa000000000000000000aa000000000000000000aa000000000000000000
01:07:16.046 [DEBUG] [serial] RX 128 bytes: aa000000000000000000aa000000000000000000aa000000000000000000aa000000000000000000aa000000000000000000aa000000000000000000aa000000000000000000aa000000000000000000aa000000000000000000aa000000000000000000aa000000000000000000aa000000000000000000aa00000000000000
01:07:16.051 [DEBUG] [serial] RX 128 bytes: 0000aa000000000000000000aa000000000000000000aa000000000000000000aa000000000000000000aa000000000000000000aa000000000000000000aa000000000000000000aa000000000000000000aa000000000000000000aa000000000000000000aa000000000000000000aa000000000000000000aa0000000000
01:07:16.054 [DEBUG] [serial] RX 128 bytes: 00000000aa000000000000000000aa000000000000000000aa000000000000000000aa000000000000000000aa000000000000000000aa000000000000000000aa000000000000000000aa000000000000000000aa000000000000000000aa000000000000000000aa000000000000000000aa000000000000000000aa000000
01:07:16.058 [DEBUG] [serial] RX 128 bytes: 000000000000aa000000000000000000aa000000000000000000aa000000000000000000aa000000000000000000aa000000000000000000aa000000000000000000aa000000000000000000aa000000000000000000aa000000000000000000aa000000000000000000aa000000000000000000aa000000000000000000aa00
01:07:16.062 [DEBUG] [serial] RX 128 bytes: 0000000000000000aa000000000000000000aa000000000000000000aa000000000000000000aa000000000000000000aa000000000000000000aa000000000000000000aa000000000000000000aa000000000000000000aa000000000000000000aa000000000000000000aa000000000000000000aa000000000000000000
01:07:16.066 [DEBUG] [serial] RX 128 bytes: aa000000000000000000aa000000000000000000aa000000000000000000aa000000000000000000aa000000000000000000aa000000000000000000aa000000000000000000aa000000000000000000aa000000000000000000aa000000000000000000aa000000000000000000aa000000000000000000aa00000000000000
01:07:16.070 [DEBUG] [serial] RX 128 bytes: 0000aa000000000000000000aa000000000000000000aa000000000000000000aa000000000000000000aa000000000000000000aa000000000000000000aa000000000000000000aa000000000000000000aa000000000000000000aa000000000000000000aa000000000000000000aa000000000000000000aa0000000000
01:07:16.074 [DEBUG] [serial] RX 128 bytes: 00000000aa000000000000000000aa000000000000000000aa000000000000000000aa000000000000000000aa000000000000000000aa000000000000000000aa000000000000000000aa000000000000000000aa000000000000000000aa000000000000000000aa000000000000000000aa000000000000000000aa000000
01:07:16.078 [DEBUG] [serial] RX 128 bytes: 000000000000aa000000000000000000aa000000000000000000aa000000000000000000aa000000000000000000aa000000000000000000aa000000000000000000aa000000000000000000aa000000000000000000aa000000000000000000aa000000000000000000aa000000000000000000aa000000000000000000aa00
01:07:16.082 [DEBUG] [serial] RX 128 bytes: 0000000000000000aa000000000000000000aa000000000000000000aa000000000000000000aa000000000000000000aa000000000000000000aa000000000000000000aa000000000000000000aa000000000000000000aa000000000000000000aa000000000000000000aa000000000000000000aa000000000000000000
01:07:16.086 [DEBUG] [serial] RX 128 bytes: aa000000000000000000aa000000000000000000aa000000000000000000aa000000000000000000aa000000000000000000aa000000000000000000aa000000000000000000aa000000000000000000aa000000000000000000aa000000000000000000aa000000000000000000aa000000000000000000aa00000000000000
01:07:16.090 [DEBUG] [serial] RX 128 bytes: 0000aa000000000000000000aa000000000000000000aa000000000000000000aa000000000000000000aa000000000000000000aa000000000000000000aa000000000000000000aa000000000000000000aa000000000000000000aa000000000000000000aa000000000000000000aa000000000000000000aa0000000000
01:07:16.094 [DEBUG] [serial] RX 128 bytes: 00000000aa000000000000000000aa000000000000000000aa000000000000000000aa000000000000000000aa000000000000000000aa000000000000000000aa000000000000000000aa000000000000000000aa000000000000000000aa000000000000000000aa000000000000000000aa000000000000000000aa000000
01:07:16.098 [DEBUG] [serial] RX 128 bytes: 000000000000aa000000000000000000aa000000000000000000aa000000000000000000aa000000000000000000aa000000000000000000aa000000000000000000aa000000000000000000aa000000000000000000aa000000000000000000aa000000000000000000aa000000000000000000aa000000000000000000aa00
01:07:16.102 [DEBUG] [serial] RX 128 bytes: 0000000000000000aa000000000000000000aa000000000000000000aa000000000000000000aa000000000000000000aa000000000000000000aa000000000000000000aa000000000000000000aa000000000000000000aa000000000000000000aa000000000000000000aa000000000000000000aa000000000000000000
01:07:16.106 [DEBUG] [serial] RX 128 bytes: aa000000000000000000aa000000000000000000aa000000000000000000aa000000000000000000aa000000000000000000aa000000000000000000aa000000000000000000aa000000000000000000aa000000000000000000aa000000000000000000aa000000000000000000aa000000000000000000aa00000000000000
01:07:16.106 [DEBUG] [serial] PKT #10500: flags=0x00 in=0 ds=0 flt=0
01:07:16.110 [DEBUG] [serial] RX 128 bytes: 0000aa000000000000000000aa000000000000000000aa000000000000000000aa000000000000000000aa000000000000000000aa000000000000000000aa000000000000000000aa000000000000000000aa000000000000000000aa000000000000000000aa000000000000000000aa000000000000000000aa0000000000
01:07:16.114 [DEBUG] [serial] RX 128 bytes: 00000000aa000000000000000000aa000000000000000000aa000000000000000000aa000000000000000000aa000000000000000000aa000000000000000000aa000000000000000000aa000000000000000000aa000000000000000000aa000000000000000000aa000000000000000000aa000000000000000000aa000000
01:07:16.118 [DEBUG] [serial] RX 128 bytes: 000000000000aa000000000000000000aa000000000000000000aa000000000000000000aa000000000000000000aa000000000000000000aa000000000000000000aa000000000000000000aa000000000000000000aa000000000000000000aa000000000000000000aa000000000000000000aa000000000000000000aa00
01:07:16.123 [DEBUG] [serial] RX 128 bytes: 0000000000000000aa000000000000000000aa000000000000000000aa000000000000000000aa000000000000000000aa000000000000000000aa000000000000000000aa000000000000000000aa000000000000000000aa000000000000000000aa000000000000000000aa000000000000000000aa000000000000000000
01:07:16.126 [DEBUG] [serial] RX 128 bytes: aa000000000000000000aa000000000000000000aa000000000000000000aa000000000000000000aa000000000000000000aa000000000000000000aa000000000000000000aa000000000000000000aa000000000000000000aa000000000000000000aa000000000000000000aa000000000000000000aa00000000000000
01:07:16.130 [DEBUG] [serial] RX 128 bytes: 0000aa000000000000000000aa000000000000000000aa000000000000000000aa000000000000000000aa000000000000000000aa000000000000000000aa000000000000000000aa000000000000000000aa000000000000000000aa000000000000000000aa000000000000000000aa000000000000000000aa0000000000
01:07:16.134 [DEBUG] [serial] RX 128 bytes: 00000000aa000000000000000000aa000000000000000000aa000000000000000000aa000000000000000000aa000000000000000000aa000000000000000000aa000000000000000000aa000000000000000000aa000000000000000000aa000000000000000000aa000000000000000000aa000000000000000000aa000000
01:07:16.138 [DEBUG] [serial] RX 128 bytes: 000000000000aa000000000000000000aa000000000000000000aa000000000000000000aa000000000000000000aa000000000000000000aa000000000000000000aa000000000000000000aa000000000000000000aa000000000000000000aa000000000000000000aa000000000000000000aa000000000000000000aa00
01:07:16.138 [INFO] [serial] Stats: 10611 pkts, 106112 bytes rx
01:07:16.142 [DEBUG] [serial] RX 128 bytes: 0000000000000000aa000000000000000000aa000000000000000000aa000000000000000000aa000000000000000000aa000000000000000000aa000000000000000000aa000000000000000000aa000000000000000000aa000000000000000000aa000000000000000000aa000000000000000000aa000000000000000000
01:07:16.146 [DEBUG] [serial] RX 128 bytes: aa000000000000000000aa000000000000000000aa000000000000000000aa000000000000000000aa000000000000000000aa000000000000000000aa000000000000000000aa000000000000000000aa000000000000000000aa000000000000000000aa000000000000000000aa000000000000000000aa00000000000000
01:07:16.150 [DEBUG] [serial] RX 128 bytes: 0000aa000000000000000000aa000000000000000000aa000000000000000000aa000000000000000000aa000000000000000000aa000000000000000000aa000000000000000000aa000000000000000000aa000000000000000000aa000000000000000000aa000000000000000000aa000000000000000000aa0000000000
01:07:16.154 [DEBUG] [serial] RX 128 bytes: 00000000aa000000000000000000aa000000000000000000aa000000000000000000aa000000000000000000aa000000000000000000aa000000000000000000aa000000000000000000aa000000000000000000aa000000000000000000aa000000000000000000aa000000000000000000aa000000000000000000aa000000
01:07:16.158 [DEBUG] [serial] RX 128 bytes: 000000000000aa000000000000000000aa000000000000000000aa000000000000000000aa000000000000000000aa000000000000000000aa000000000000000000aa000000000000000000aa000000000000000000aa000000000000000000aa000000000000000000aa000000000000000000aa000000000000000000aa00
01:07:16.161 [DEBUG] [serial] RX 128 bytes: 0000000000000000aa000000000000000000aa000000000000000000aa000000000000000000aa000000000000000000aa000000000000000000aa000000000000000000aa000000000000000000aa000000000000000000aa000000000000000000aa000000000000000000aa000000000000000000aa000000000000000000
01:07:16.165 [DEBUG] [serial] RX 128 bytes: aa000000000000000000aa000000000000000000aa000000000000000000aa000000000000000000aa000000000000000000aa000000000000000000aa000000000000000000aa000000000000000000aa000000000000000000aa000000000000000000aa000000000000000000aa000000000000000000aa00000000000000
01:07:16.169 [DEBUG] [serial] RX 128 bytes: 0000aa000000000000000000aa000000000000000000aa000000000000000000aa000000000000000000aa000000000000000000aa000000000000000000aa000000000000000000aa000000000000000000aa000000000000000000aa000000000000000000aa000000000000000000aa000000000000000000aa0000000000
01:07:16.173 [DEBUG] [serial] RX 128 bytes: 00000000aa000000000000000000aa000000000000000000aa000000000000000000aa000000000000000000aa000000000000000000aa000000000000000000aa000000000000000000aa000000000000000000aa000000000000000000aa000000000000000000aa000000000000000000aa000000000000000000aa000000
01:07:16.178 [DEBUG] [serial] RX 128 bytes: 000000000000aa000000000000000000aa000000000000000000aa000000000000000000aa000000000000000000aa000000000000000000aa000000000000000000aa000000000000000000aa000000000000000000aa000000000000000000aa000000000000000000aa000000000000000000aa000000000000000000aa00
01:07:16.181 [DEBUG] [serial] RX 128 bytes: 0000000000000000aa000000000000000000aa000000000000000000aa000000000000000000aa000000000000000000aa000000000000000000aa000000000000000000aa000000000000000000aa000000000000000000aa000000000000000000aa000000000000000000aa000000000000000000aa000000000000000000
01:07:16.186 [DEBUG] [serial] RX 128 bytes: aa000000000000000000aa000000000000000000aa000000000000000000aa000000000000000000aa000000000000000000aa000000000000000000aa000000000000000000aa000000000000000000aa000000000000000000aa000000000000000000aa000000000000000000aa000000000000000000aa00000000000000
01:07:16.189 [DEBUG] [serial] RX 128 bytes: 0000aa000000000000000000aa000000000000000000aa000000000000000000aa000000000000000000aa000000000000000000aa000000000000000000aa000000000000000000aa000000000000000000aa000000000000000000aa000000000000000000aa000000000000000000aa000000000000000000aa0000000000
01:07:16.193 [DEBUG] [serial] RX 128 bytes: 00000000aa000000000000000000aa000000000000000000aa000000000000000000aa000000000000000000aa000000000000000000aa000000000000000000aa000000000000000000aa000000000000000000aa000000000000000000aa000000000000000000aa000000000000000000aa000000000000000000aa000000
01:07:16.197 [DEBUG] [serial] RX 128 bytes: 000000000000aa000000000000000000aa000000000000000000aa000000000000000000aa000000000000000000aa000000000000000000aa000000000000000000aa000000000000000000aa000000000000000000aa000000000000000000aa000000000000000000aa000000000000000000aa000000000000000000aa00
01:07:16.201 [DEBUG] [serial] RX 128 bytes: 0000000000000000aa000000000000000000aa000000000000000000aa000000000000000000aa000000000000000000aa000000000000000000aa000000000000000000aa000000000000000000aa000000000000000000aa000000000000000000aa000000000000000000aa000000000000000000aa000000000000000000
01:07:16.205 [DEBUG] [serial] RX 128 bytes: aa000000000000000000aa000000000000000000aa000000000000000000aa000000000000000000aa000000000000000000aa000000000000000000aa000000000000000000aa000000000000000000aa000000000000000000aa000000000000000000aa000000000000000000aa000000000000000000aa00000000000000
01:07:16.209 [DEBUG] [serial] RX 128 bytes: 0000aa000000000000000000aa000000000000000000aa000000000000000000aa000000000000000000aa000000000000000000aa000000000000000000aa000000000000000000aa000000000000000000aa000000000000000000aa000000000000000000aa000000000000000000aa000000000000000000aa0000000000
01:07:16.213 [DEBUG] [serial] RX 128 bytes: 00000000aa000000000000000000aa000000000000000000aa000000000000000000aa000000000000000000aa000000000000000000aa000000000000000000aa000000000000000000aa000000000000000000aa000000000000000000aa000000000000000000aa000000000000000000aa000000000000000000aa000000
01:07:16.217 [DEBUG] [serial] RX 128 bytes: 000000000000aa000000000000000000aa000000000000000000aa000000000000000000aa000000000000000000aa000000000000000000aa000000000000000000aa000000000000000000aa000000000000000000aa000000000000000000aa000000000000000000aa000000000000000000aa000000000000000000aa00
01:07:16.221 [DEBUG] [serial] RX 128 bytes: 0000000000000000aa000000000000000000aa000000000000000000aa000000000000000000aa000000000000000000aa000000000000000000aa000000000000000000aa000000000000000000aa000000000000000000aa000000000000000000aa000000000000000000aa000000000000000000aa000000000000000000
01:07:16.225 [DEBUG] [serial] RX 128 bytes: aa000000000000000000aa000000000000000000aa000000000000000000aa000000000000000000aa000000000000000000aa000000000000000000aa000000000000000000aa000000000000000000aa000000000000000000aa000000000000000000aa000000000000000000aa000000000000000000aa00000000000000
01:07:16.229 [DEBUG] [serial] RX 128 bytes: 0000aa000000000000000000aa000000000000000000aa000000000000000000aa000000000000000000aa000000000000000000aa000000000000000000aa000000000000000000aa000000000000000000aa000000000000000000aa000000000000000000aa000000000000000000aa000000000000000000aa0000000000
01:07:16.233 [DEBUG] [serial] RX 128 bytes: 00000000aa000000000000000000aa000000000000000000aa000000000000000000aa000000000000000000aa000000000000000000aa000000000000000000aa000000000000000000aa000000000000000000aa000000000000000000aa000000000000000000aa000000000000000000aa000000000000000000aa000000
01:07:16.237 [DEBUG] [serial] RX 128 bytes: 000000000000aa000000000000000000aa000000000000000000aa000000000000000000aa000000000000000000aa000000000000000000aa000000000000000000aa000000000000000000aa000000000000000000aa000000000000000000aa000000000000000000aa000000000000000000aa000000000000000000aa00
01:07:16.241 [DEBUG] [serial] RX 128 bytes: 0000000000000000aa000000000000000000aa000000000000000000aa000000000000000000aa000000000000000000aa000000000000000000aa000000000000000000aa000000000000000000aa000000000000000000aa000000000000000000aa000000000000000000aa000000000000000000aa000000000000000000
01:07:16.245 [DEBUG] [serial] RX 128 bytes: aa000000000000000000aa000000000000000000aa000000000000000000aa000000000000000000aa000000000000000000aa000000000000000000aa000000000000000000aa000000000000000000aa000000000000000000aa000000000000000000aa000000000000000000aa000000000000000000aa00000000000000
01:07:16.249 [DEBUG] [serial] RX 128 bytes: 0000aa000000000000000000aa000000000000000000aa000000000000000000aa000000000000000000aa000000000000000000aa000000000000000000aa000000000000000000aa000000000000000000aa000000000000000000aa000000000000000000aa000000000000000000aa000000000000000000aa0000000000
01:07:16.253 [DEBUG] [serial] RX 128 bytes: 00000000aa000000000000000000aa000000000000000000aa000000000000000000aa000000000000000000aa000000000000000000aa000000000000000000aa000000000000000000aa000000000000000000aa000000000000000000aa000000000000000000aa000000000000000000aa000000000000000000aa000000
01:07:16.257 [DEBUG] [serial] RX 128 bytes: 000000000000aa000000000000000000aa000000000000000000aa000000000000000000aa000000000000000000aa000000000000000000aa000000000000000000aa000000000000000000aa000000000000000000aa000000000000000000aa000000000000000000aa000000000000000000aa000000000000000000aa00
01:07:16.261 [DEBUG] [serial] RX 128 bytes: 0000000000000000aa000000000000000000aa000000000000000000aa000000000000000000aa000000000000000000aa000000000000000000aa000000000000000000aa000000000000000000aa000000000000000000aa000000000000000000aa000000000000000000aa000000000000000000aa000000000000000000
01:07:16.261 [DEBUG] [serial] PKT #11000: flags=0x00 in=0 ds=0 flt=0
01:07:16.265 [DEBUG] [serial] RX 128 bytes: aa000000000000000000aa000000000000000000aa000000000000000000aa000000000000000000aa000000000000000000aa000000000000000000aa000000000000000000aa000000000000000000aa000000000000000000aa000000000000000000aa000000000000000000aa000000000000000000aa00000000000000
01:07:16.269 [DEBUG] [serial] RX 128 bytes: 0000aa000000000000000000aa000000000000000000aa000000000000000000aa000000000000000000aa000000000000000000aa000000000000000000aa000000000000000000aa000000000000000000aa000000000000000000aa000000000000000000aa000000000000000000aa000000000000000000aa0000000000
01:07:16.273 [DEBUG] [serial] RX 128 bytes: 00000000aa000000000000000000aa000000000000000000aa000000000000000000aa000000000000000000aa000000000000000000aa000000000000000000aa000000000000000000aa000000000000000000aa000000000000000000aa000000000000000000aa000000000000000000aa000000000000000000aa000000
01:07:16.277 [DEBUG] [serial] RX 128 bytes: 000000000000aa000000000000000000aa000000000000000000aa000000000000000000aa000000000000000000aa000000000000000000aa000000000000000000aa000000000000000000aa000000000000000000aa000000000000000000aa000000000000000000aa000000000000000000aa000000000000000000aa00
01:07:16.281 [DEBUG] [serial] RX 128 bytes: 0000000000000000aa000000000000000000aa000000000000000000aa000000000000000000aa000000000000000000aa000000000000000000aa000000000000000000aa000000000000000000aa000000000000000000aa000000000000000000aa000000000000000000aa000000000000000000aa000000000000000000
01:07:16.285 [DEBUG] [serial] RX 128 bytes: aa000000000000000000aa000000000000000000aa000000000000000000aa000000000000000000aa000000000000000000aa000000000000000000aa000000000000000000aa000000000000000000aa000000000000000000aa000000000000000000aa000000000000000000aa000000000000000000aa00000000000000
01:07:16.289 [DEBUG] [serial] RX 128 bytes: 0000aa000000000000000000aa000000000000000000aa000000000000000000aa000000000000000000aa000000000000000000aa000000000000000000aa000000000000000000aa000000000000000000aa000000000000000000aa000000000000000000aa000000000000000000aa000000000000000000aa0000000000
01:07:16.293 [DEBUG] [serial] RX 128 bytes: 00000000aa000000000000000000aa000000000000000000aa000000000000000000aa000000000000000000aa000000000000000000aa000000000000000000aa000000000000000000aa000000000000000000aa000000000000000000aa000000000000000000aa000000000000000000aa000000000000000000aa000000
01:07:16.297 [DEBUG] [serial] RX 128 bytes: 000000000000aa000000000000000000aa000000000000000000aa000000000000000000aa000000000000000000aa000000000000000000aa000000000000000000aa000000000000000000aa000000000000000000aa000000000000000000aa000000000000000000aa000000000000000000aa000000000000000000aa00
01:07:16.300 [DEBUG] [serial] RX 128 bytes: 0000000000000000aa000000000000000000aa000000000000000000aa000000000000000000aa000000000000000000aa000000000000000000aa000000000000000000aa000000000000000000aa000000000000000000aa000000000000000000aa000000000000000000aa000000000000000000aa000000000000000000
01:07:16.304 [DEBUG] [serial] RX 128 bytes: aa000000000000000000aa000000000000000000aa000000000000000000aa000000000000000000aa000000000000000000aa000000000000000000aa000000000000000000aa000000000000000000aa000000000000000000aa000000000000000000aa000000000000000000aa000000000000000000aa00000000000000
01:07:16.309 [DEBUG] [serial] RX 128 bytes: 0000aa000000000000000000aa000000000000000000aa000000000000000000aa000000000000000000aa000000000000000000aa000000000000000000aa000000000000000000aa000000000000000000aa000000000000000000aa000000000000000000aa000000000000000000aa000000000000000000aa0000000000
01:07:16.313 [DEBUG] [serial] RX 128 bytes: 00000000aa000000000000000000aa000000000000000000aa000000000000000000aa000000000000000000aa000000000000000000aa000000000000000000aa000000000000000000aa000000000000000000aa000000000000000000aa000000000000000000aa000000000000000000aa000000000000000000aa000000
01:07:16.317 [DEBUG] [serial] RX 128 bytes: 000000000000aa000000000000000000aa000000000000000000aa000000000000000000aa000000000000000000aa000000000000000000aa000000000000000000aa000000000000000000aa000000000000000000aa000000000000000000aa000000000000000000aa000000000000000000aa000000000000000000aa00
01:07:16.320 [DEBUG] [serial] RX 128 bytes: 0000000000000000aa000000000000000000aa000000000000000000aa000000000000000000aa000000000000000000aa000000000000000000aa000000000000000000aa000000000000000000aa000000000000000000aa000000000000000000aa000000000000000000aa000000000000000000aa000000000000000000
01:07:16.324 [DEBUG] [serial] RX 128 bytes: aa000000000000000000aa000000000000000000aa000000000000000000aa000000000000000000aa000000000000000000aa000000000000000000aa000000000000000000aa000000000000000000aa000000000000000000aa000000000000000000aa000000000000000000aa000000000000000000aa00000000000000
01:07:16.328 [DEBUG] [serial] RX 128 bytes: 0000aa000000000000000000aa000000000000000000aa000000000000000000aa000000000000000000aa000000000000000000aa000000000000000000aa000000000000000000aa000000000000000000aa000000000000000000aa000000000000000000aa000000000000000000aa000000000000000000aa0000000000
01:07:16.332 [DEBUG] [serial] RX 128 bytes: 00000000aa000000000000000000aa000000000000000000aa000000000000000000aa000000000000000000aa000000000000000000aa000000000000000000aa000000000000000000aa000000000000000000aa000000000000000000aa000000000000000000aa000000000000000000aa000000000000000000aa000000
01:07:16.336 [DEBUG] [serial] RX 128 bytes: 000000000000aa000000000000000000aa000000000000000000aa000000000000000000aa000000000000000000aa000000000000000000aa000000000000000000aa000000000000000000aa000000000000000000aa000000000000000000aa000000000000000000aa000000000000000000aa000000000000000000aa00
01:07:16.340 [DEBUG] [serial] RX 128 bytes: 0000000000000000aa000000000000000000aa000000000000000000aa000000000000000000aa000000000000000000aa000000000000000000aa000000000000000000aa000000000000000000aa000000000000000000aa000000000000000000aa000000000000000000aa000000000000000000aa000000000000000000
01:07:16.344 [DEBUG] [serial] RX 128 bytes: aa000000000000000000aa000000000000000000aa000000000000000000aa000000000000000000aa000000000000000000aa000000000000000000aa000000000000000000aa000000000000000000aa000000000000000000aa000000000000000000aa000000000000000000aa000000000000000000aa00000000000000
01:07:16.348 [DEBUG] [serial] RX 128 bytes: 0000aa000000000000000000aa000000000000000000aa000000000000000000aa000000000000000000aa000000000000000000aa000000000000000000aa000000000000000000aa000000000000000000aa000000000000000000aa000000000000000000aa000000000000000000aa000000000000000000aa0000000000
01:07:16.352 [DEBUG] [serial] RX 128 bytes: 00000000aa000000000000000000aa000000000000000000aa000000000000000000aa000000000000000000aa000000000000000000aa000000000000000000aa000000000000000000aa000000000000000000aa000000000000000000aa000000000000000000aa000000000000000000aa000000000000000000aa000000
01:07:16.356 [DEBUG] [serial] RX 128 bytes: 000000000000aa000000000000000000aa000000000000000000aa000000000000000000aa000000000000000000aa000000000000000000aa000000000000000000aa000000000000000000aa000000000000000000aa000000000000000000aa000000000000000000aa000000000000000000aa000000000000000000aa00
01:07:16.360 [DEBUG] [serial] RX 128 bytes: 0000000000000000aa000000000000000000aa000000000000000000aa000000000000000000aa000000000000000000aa000000000000000000aa000000000000000000aa000000000000000000aa000000000000000000aa000000000000000000aa000000000000000000aa000000000000000000aa000000000000000000
01:07:16.364 [DEBUG] [serial] RX 128 bytes: aa000000000000000000aa000000000000000000aa000000000000000000aa000000000000000000aa000000000000000000aa000000000000000000aa000000000000000000aa000000000000000000aa000000000000000000aa000000000000000000aa000000000000000000aa000000000000000000aa00000000000000
01:07:16.368 [DEBUG] [serial] RX 128 bytes: 0000aa000000000000000000aa000000000000000000aa000000000000000000aa000000000000000000aa000000000000000000aa000000000000000000aa000000000000000000aa000000000000000000aa000000000000000000aa000000000000000000aa000000000000000000aa000000000000000000aa0000000000
01:07:16.372 [DEBUG] [serial] RX 128 bytes: 00000000aa000000000000000000aa000000000000000000aa000000000000000000aa000000000000000000aa000000000000000000aa000000000000000000aa000000000000000000aa000000000000000000aa000000000000000000aa000000000000000000aa000000000000000000aa000000000000000000aa000000
01:07:16.376 [DEBUG] [serial] RX 128 bytes: 000000000000aa000000000000000000aa000000000000000000aa000000000000000000aa000000000000000000aa000000000000000000aa000000000000000000aa000000000000000000aa000000000000000000aa000000000000000000aa000000000000000000aa000000000000000000aa000000000000000000aa00
01:07:16.380 [DEBUG] [serial] RX 128 bytes: 0000000000000000aa000000000000000000aa000000000000000000aa000000000000000000aa000000000000000000aa000000000000000000aa000000000000000000aa000000000000000000aa000000000000000000aa000000000000000000aa000000000000000000aa000000000000000000aa000000000000000000
01:07:16.384 [DEBUG] [serial] RX 128 bytes: aa000000000000000000aa000000000000000000aa000000000000000000aa000000000000000000aa000000000000000000aa000000000000000000aa000000000000000000aa000000000000000000aa000000000000000000aa000000000000000000aa000000000000000000aa000000000000000000aa00000000000000
01:07:16.388 [DEBUG] [serial] RX 128 bytes: 0000aa000000000000000000aa000000000000000000aa000000000000000000aa000000000000000000aa000000000000000000aa000000000000000000aa000000000000000000aa000000000000000000aa000000000000000000aa000000000000000000aa000000000000000000aa000000000000000000aa0000000000
01:07:16.392 [DEBUG] [serial] RX 128 bytes: 00000000aa000000000000000000aa000000000000000000aa000000000000000000aa000000000000000000aa000000000000000000aa000000000000000000aa000000000000000000aa000000000000000000aa000000000000000000aa000000000000000000aa000000000000000000aa000000000000000000aa000000
01:07:16.396 [DEBUG] [serial] RX 128 bytes: 000000000000aa000000000000000000aa000000000000000000aa000000000000000000aa000000000000000000aa000000000000000000aa000000000000000000aa000000000000000000aa000000000000000000aa000000000000000000aa000000000000000000aa000000000000000000aa000000000000000000aa00
01:07:16.400 [DEBUG] [serial] RX 128 bytes: 0000000000000000aa000000000000000000aa000000000000000000aa000000000000000000aa000000000000000000aa000000000000000000aa000000000000000000aa000000000000000000aa000000000000000000aa000000000000000000aa000000000000000000aa000000000000000000aa000000000000000000
01:07:16.404 [DEBUG] [serial] RX 128 bytes: aa000000000000000000aa000000000000000000aa000000000000000000aa000000000000000000aa000000000000000000aa000000000000000000aa000000000000000000aa000000000000000000aa000000000000000000aa000000000000000000aa000000000000000000aa000000000000000000aa00000000000000
01:07:16.408 [DEBUG] [serial] RX 128 bytes: 0000aa000000000000000000aa000000000000000000aa000000000000000000aa000000000000000000aa000000000000000000aa000000000000000000aa000000000000000000aa000000000000000000aa000000000000000000aa000000000000000000aa000000000000000000aa000000000000000000aa0000000000
01:07:16.412 [DEBUG] [serial] RX 128 bytes: 00000000aa000000000000000000aa000000000000000000aa000000000000000000aa000000000000000000aa000000000000000000aa000000000000000000aa000000000000000000aa000000000000000000aa000000000000000000aa000000000000000000aa000000000000000000aa000000000000000000aa000000
01:07:16.416 [DEBUG] [serial] RX 128 bytes: 000000000000aa000000000000000000aa000000000000000000aa000000000000000000aa000000000000000000aa000000000000000000aa000000000000000000aa000000000000000000aa000000000000000000aa000000000000000000aa000000000000000000aa000000000000000000aa000000000000000000aa00
01:07:16.416 [DEBUG] [serial] PKT #11500: flags=0x00 in=0 ds=0 flt=0
01:07:16.420 [DEBUG] [serial] RX 128 bytes: 0000000000000000aa000000000000000000aa000000000000000000aa000000000000000000aa000000000000000000aa000000000000000000aa000000000000000000aa000000000000000000aa000000000000000000aa000000000000000000aa000000000000000000aa000000000000000000aa000000000000000000
01:07:16.424 [DEBUG] [serial] RX 128 bytes: aa000000000000000000aa000000000000000000aa000000000000000000aa000000000000000000aa000000000000000000aa000000000000000000aa000000000000000000aa000000000000000000aa000000000000000000aa000000000000000000aa000000000000000000aa000000000000000000aa00000000000000
01:07:16.428 [DEBUG] [serial] RX 128 bytes: 0000aa000000000000000000aa000000000000000000aa000000000000000000aa000000000000000000aa000000000000000000aa000000000000000000aa000000000000000000aa000000000000000000aa000000000000000000aa000000000000000000aa000000000000000000aa000000000000000000aa0000000000
01:07:16.432 [DEBUG] [serial] RX 128 bytes: 00000000aa000000000000000000aa000000000000000000aa000000000000000000aa000000000000000000aa000000000000000000aa000000000000000000aa000000000000000000aa000000000000000000aa000000000000000000aa000000000000000000aa000000000000000000aa000000000000000000aa000000
01:07:16.436 [DEBUG] [serial] RX 128 bytes: 000000000000aa000000000000000000aa000000000000000000aa000000000000000000aa000000000000000000aa000000000000000000aa000000000000000000aa000000000000000000aa000000000000000000aa000000000000000000aa000000000000000000aa000000000000000000aa000000000000000000aa00
01:07:16.439 [DEBUG] [serial] RX 128 bytes: 0000000000000000aa000000000000000000aa000000000000000000aa000000000000000000aa000000000000000000aa000000000000000000aa000000000000000000aa000000000000000000aa000000000000000000aa000000000000000000aa000000000000000000aa000000000000000000aa000000000000000000
01:07:16.443 [DEBUG] [serial] RX 128 bytes: aa000000000000000000aa000000000000000000aa000000000000000000aa000000000000000000aa000000000000000000aa000000000000000000aa000000000000000000aa000000000000000000aa000000000000000000aa000000000000000000aa000000000000000000aa000000000000000000aa00000000000000
01:07:16.448 [DEBUG] [serial] RX 128 bytes: 0000aa000000000000000000aa000000000000000000aa000000000000000000aa000000000000000000aa000000000000000000aa000000000000000000aa000000000000000000aa000000000000000000aa000000000000000000aa000000000000000000aa000000000000000000aa000000000000000000aa0000000000
01:07:16.452 [DEBUG] [serial] RX 128 bytes: 00000000aa000000000000000000aa000000000000000000aa000000000000000000aa000000000000000000aa000000000000000000aa000000000000000000aa000000000000000000aa000000000000000000aa000000000000000000aa000000000000000000aa000000000000000000aa000000000000000000aa000000
01:07:16.456 [DEBUG] [serial] RX 128 bytes: 000000000000aa000000000000000000aa000000000000000000aa000000000000000000aa000000000000000000aa000000000000000000aa000000000000000000aa000000000000000000aa000000000000000000aa000000000000000000aa000000000000000000aa000000000000000000aa000000000000000000aa00
01:07:16.459 [DEBUG] [serial] RX 128 bytes: 0000000000000000aa000000000000000000aa000000000000000000aa000000000000000000aa000000000000000000aa000000000000000000aa000000000000000000aa000000000000000000aa000000000000000000aa000000000000000000aa000000000000000000aa000000000000000000aa000000000000000000
01:07:16.463 [DEBUG] [serial] RX 128 bytes: aa000000000000000000aa000000000000000000aa000000000000000000aa000000000000000000aa000000000000000000aa000000000000000000aa000000000000000000aa000000000000000000aa000000000000000000aa000000000000000000aa000000000000000000aa000000000000000000aa00000000000000
01:07:16.467 [DEBUG] [serial] RX 128 bytes: 0000aa000000000000000000aa000000000000000000aa000000000000000000aa000000000000000000aa000000000000000000aa000000000000000000aa000000000000000000aa000000000000000000aa000000000000000000aa000000000000000000aa000000000000000000aa000000000000000000aa0000000000
01:07:16.471 [DEBUG] [serial] RX 128 bytes: 00000000aa000000000000000000aa000000000000000000aa000000000000000000aa000000000000000000aa000000000000000000aa000000000000000000aa000000000000000000aa000000000000000000aa000000000000000000aa000000000000000000aa000000000000000000aa000000000000000000aa000000
01:07:16.475 [DEBUG] [serial] RX 128 bytes: 000000000000aa000000000000000000aa000000000000000000aa000000000000000000aa000000000000000000aa000000000000000000aa000000000000000000aa000000000000000000aa000000000000000000aa000000000000000000aa000000000000000000aa000000000000000000aa000000000000000000aa00
01:07:16.479 [DEBUG] [serial] RX 128 bytes: 0000000000000000aa000000000000000000aa000000000000000000aa000000000000000000aa000000000000000000aa000000000000000000aa000000000000000000aa000000000000000000aa000000000000000000aa000000000000000000aa000000000000000000aa000000000000000000aa000000000000000000
01:07:16.483 [DEBUG] [serial] RX 128 bytes: aa000000000000000000aa000000000000000000aa000000000000000000aa000000000000000000aa000000000000000000aa000000000000000000aa000000000000000000aa000000000000000000aa000000000000000000aa000000000000000000aa000000000000000000aa000000000000000000aa00000000000000
01:07:16.487 [DEBUG] [serial] RX 128 bytes: 0000aa000000000000000000aa000000000000000000aa000000000000000000aa000000000000000000aa000000000000000000aa000000000000000000aa000000000000000000aa000000000000000000aa000000000000000000aa000000000000000000aa000000000000000000aa000000000000000000aa0000000000
01:07:16.491 [DEBUG] [serial] RX 128 bytes: 00000000aa000000000000000000aa000000000000000000aa000000000000000000aa000000000000000000aa000000000000000000aa000000000000000000aa000000000000000000aa000000000000000000aa000000000000000000aa000000000000000000aa000000000000000000aa000000000000000000aa000000
01:07:16.496 [DEBUG] [serial] RX 128 bytes: 000000000000aa000000000000000000aa000000000000000000aa000000000000000000aa000000000000000000aa000000000000000000aa000000000000000000aa000000000000000000aa000000000000000000aa000000000000000000aa000000000000000000aa000000000000000000aa000000000000000000aa00
01:07:16.499 [DEBUG] [serial] RX 128 bytes: 0000000000000000aa000000000000000000aa000000000000000000aa000000000000000000aa000000000000000000aa000000000000000000aa000000000000000000aa000000000000000000aa000000000000000000aa000000000000000000aa000000000000000000aa000000000000000000aa000000000000000000
01:07:16.503 [DEBUG] [serial] RX 128 bytes: aa000000000000000000aa000000000000000000aa000000000000000000aa000000000000000000aa000000000000000000aa000000000000000000aa000000000000000000aa000000000000000000aa000000000000000000aa000000000000000000aa000000000000000000aa000000000000000000aa00000000000000
01:07:16.507 [DEBUG] [serial] RX 128 bytes: 0000aa000000000000000000aa000000000000000000aa000000000000000000aa000000000000000000aa000000000000000000aa000000000000000000aa000000000000000000aa000000000000000000aa000000000000000000aa000000000000000000aa000000000000000000aa000000000000000000aa0000000000
01:07:16.511 [DEBUG] [serial] RX 128 bytes: 00000000aa000000000000000000aa000000000000000000aa000000000000000000aa000000000000000000aa000000000000000000aa000000000000000000aa000000000000000000aa000000000000000000aa000000000000000000aa000000000000000000aa000000000000000000aa000000000000000000aa000000
01:07:16.515 [DEBUG] [serial] RX 128 bytes: 000000000000aa000000000000000000aa000000000000000000aa000000000000000000aa000000000000000000aa000000000000000000aa000000000000000000aa000000000000000000aa000000000000000000aa000000000000000000aa000000000000000000aa000000000000000000aa000000000000000000aa00
01:07:16.519 [DEBUG] [serial] RX 128 bytes: 0000000000000000aa000000000000000000aa000000000000000000aa000000000000000000aa000000000000000000aa000000000000000000aa000000000000000000aa000000000000000000aa000000000000000000aa000000000000000000aa000000000000000000aa000000000000000000aa000000000000000000
01:07:16.523 [DEBUG] [serial] RX 128 bytes: aa000000000000000000aa000000000000000000aa000000000000000000aa000000000000000000aa000000000000000000aa000000000000000000aa000000000000000000aa000000000000000000aa000000000000000000aa000000000000000000aa000000000000000000aa000000000000000000aa00000000000000
01:07:16.527 [DEBUG] [serial] RX 128 bytes: 0000aa000000000000000000aa000000000000000000aa000000000000000000aa000000000000000000aa000000000000000000aa000000000000000000aa000000000000000000aa000000000000000000aa000000000000000000aa000000000000000000aa000000000000000000aa000000000000000000aa0000000000
01:07:16.531 [DEBUG] [serial] RX 128 bytes: 00000000aa000000000000000000aa000000000000000000aa000000000000000000aa000000000000000000aa000000000000000000aa000000000000000000aa000000000000000000aa000000000000000000aa000000000000000000aa000000000000000000aa000000000000000000aa000000000000000000aa000000
01:07:16.535 [DEBUG] [serial] RX 128 bytes: 000000000000aa000000000000000000aa000000000000000000aa000000000000000000aa000000000000000000aa000000000000000000aa000000000000000000aa000000000000000000aa000000000000000000aa000000000000000000aa000000000000000000aa000000000000000000aa000000000000000000aa00
01:07:16.539 [DEBUG] [serial] RX 128 bytes: 0000000000000000aa000000000000000000aa000000000000000000aa000000000000000000aa000000000000000000aa000000000000000000aa000000000000000000aa000000000000000000aa000000000000000000aa000000000000000000aa000000000000000000aa000000000000000000aa000000000000000000
01:07:16.543 [DEBUG] [serial] RX 128 bytes: aa000000000000000000aa000000000000000000aa000000000000000000aa000000000000000000aa000000000000000000aa000000000000000000aa000000000000000000aa000000000000000000aa000000000000000000aa000000000000000000aa000000000000000000aa000000000000000000aa00000000000000
01:07:16.547 [DEBUG] [serial] RX 128 bytes: 0000aa000000000000000000aa000000000000000000aa000000000000000000aa000000000000000000aa000000000000000000aa000000000000000000aa000000000000000000aa000000000000000000aa000000000000000000aa000000000000000000aa000000000000000000aa000000000000000000aa0000000000
01:07:16.551 [DEBUG] [serial] RX 128 bytes: 00000000aa000000000000000000aa000000000000000000aa000000000000000000aa000000000000000000aa000000000000000000aa000000000000000000aa000000000000000000aa000000000000000000aa000000000000000000aa000000000000000000aa000000000000000000aa000000000000000000aa000000
01:07:16.555 [DEBUG] [serial] RX 128 bytes: 000000000000aa000000000000000000aa000000000000000000aa000000000000000000aa000000000000000000aa000000000000000000aa000000000000000000aa000000000000000000aa000000000000000000aa000000000000000000aa000000000000000000aa000000000000000000aa000000000000000000aa00
01:07:16.559 [DEBUG] [serial] RX 128 bytes: 0000000000000000aa000000000000000000aa000000000000000000aa000000000000000000aa000000000000000000aa000000000000000000aa000000000000000000aa000000000000000000aa000000000000000000aa000000000000000000aa000000000000000000aa000000000000000000aa000000000000000000
01:07:16.563 [DEBUG] [serial] RX 128 bytes: aa000000000000000000aa000000000000000000aa000000000000000000aa000000000000000000aa000000000000000000aa000000000000000000aa000000000000000000aa000000000000000000aa000000000000000000aa000000000000000000aa000000000000000000aa000000000000000000aa00000000000000
01:07:16.567 [DEBUG] [serial] RX 128 bytes: 0000aa000000000000000000aa000000000000000000aa000000000000000000aa000000000000000000aa000000000000000000aa000000000000000000aa000000000000000000aa000000000000000000aa000000000000000000aa000000000000000000aa000000000000000000aa000000000000000000aa0000000000
01:07:16.571 [DEBUG] [serial] RX 128 bytes: 00000000aa000000000000000000aa000000000000000000aa000000000000000000aa000000000000000000aa000000000000000000aa000000000000000000aa000000000000000000aa000000000000000000aa000000000000000000aa000000000000000000aa000000000000000000aa000000000000000000aa000000
01:07:16.571 [DEBUG] [serial] PKT #12000: flags=0x00 in=0 ds=0 flt=0
01:07:16.575 [DEBUG] [serial] RX 128 bytes: 000000000000aa000000000000000000aa000000000000000000aa000000000000000000aa000000000000000000aa000000000000000000aa000000000000000000aa000000000000000000aa000000000000000000aa000000000000000000aa000000000000000000aa000000000000000000aa000000000000000000aa00
01:07:16.578 [DEBUG] [serial] RX 128 bytes: 0000000000000000aa000000000000000000aa000000000000000000aa000000000000000000aa000000000000000000aa000000000000000000aa000000000000000000aa000000000000000000aa000000000000000000aa000000000000000000aa000000000000000000aa000000000000000000aa000000000000000000
01:07:16.582 [DEBUG] [serial] RX 128 bytes: aa000000000000000000aa000000000000000000aa000000000000000000aa000000000000000000aa000000000000000000aa000000000000000000aa000000000000000000aa000000000000000000aa000000000000000000aa000000000000000000aa000000000000000000aa000000000000000000aa00000000000000
01:07:16.587 [DEBUG] [serial] RX 128 bytes: 0000aa000000000000000000aa000000000000000000aa000000000000000000aa000000000000000000aa000000000000000000aa000000000000000000aa000000000000000000aa000000000000000000aa000000000000000000aa000000000000000000aa000000000000000000aa000000000000000000aa0000000000
01:07:16.591 [DEBUG] [serial] RX 128 bytes: 00000000aa000000000000000000aa000000000000000000aa000000000000000000aa000000000000000000aa000000000000000000aa000000000000000000aa000000000000000000aa000000000000000000aa000000000000000000aa000000000000000000aa000000000000000000aa000000000000000000aa000000
01:07:16.595 [DEBUG] [serial] RX 128 bytes: 000000000000aa000000000000000000aa000000000000000000aa000000000000000000aa000000000000000000aa000000000000000000aa000000000000000000aa000000000000000000aa000000000000000000aa000000000000000000aa000000000000000000aa000000000000000000aa000000000000000000aa00
01:07:16.598 [DEBUG] [serial] RX 128 bytes: 0000000000000000aa000000000000000000aa000000000000000000aa000000000000000000aa000000000000000000aa000000000000000000aa000000000000000000aa000000000000000000aa000000000000000000aa000000000000000000aa000000000000000000aa000000000000000000aa000000000000000000
01:07:16.602 [DEBUG] [serial] RX 128 bytes: aa000000000000000000aa000000000000000000aa000000000000000000aa000000000000000000aa000000000000000000aa000000000000000000aa000000000000000000aa000000000000000000aa000000000000000000aa000000000000000000aa000000000000000000aa000000000000000000aa00000000000000
01:07:16.606 [DEBUG] [serial] RX 128 bytes: 0000aa000000000000000000aa000000000000000000aa000000000000000000aa000000000000000000aa000000000000000000aa000000000000000000aa000000000000000000aa000000000000000000aa000000000000000000aa000000000000000000aa000000000000000000aa000000000000000000aa0000000000
01:07:16.610 [DEBUG] [serial] RX 128 bytes: 00000000aa000000000000000000aa000000000000000000aa000000000000000000aa000000000000000000aa000000000000000000aa000000000000000000aa000000000000000000aa000000000000000000aa000000000000000000aa000000000000000000aa000000000000000000aa000000000000000000aa000000
01:07:16.614 [DEBUG] [serial] RX 128 bytes: 000000000000aa000000000000000000aa000000000000000000aa000000000000000000aa000000000000000000aa000000000000000000aa000000000000000000aa000000000000000000aa000000000000000000aa000000000000000000aa000000000000000000aa000000000000000000aa000000000000000000aa00
01:07:16.618 [DEBUG] [serial] RX 128 bytes: 0000000000000000aa000000000000000000aa000000000000000000aa000000000000000000aa000000000000000000aa000000000000000000aa000000000000000000aa000000000000000000aa000000000000000000aa000000000000000000aa000000000000000000aa000000000000000000aa000000000000000000
01:07:16.622 [DEBUG] [serial] RX 128 bytes: aa000000000000000000aa000000000000000000aa000000000000000000aa000000000000000000aa000000000000000000aa000000000000000000aa000000000000000000aa000000000000000000aa000000000000000000aa000000000000000000aa000000000000000000aa000000000000000000aa00000000000000
01:07:16.626 [DEBUG] [serial] RX 128 bytes: 0000aa000000000000000000aa000000000000000000aa000000000000000000aa000000000000000000aa000000000000000000aa000000000000000000aa000000000000000000aa000000000000000000aa000000000000000000aa000000000000000000aa000000000000000000aa000000000000000000aa0000000000
01:07:16.630 [DEBUG] [serial] RX 128 bytes: 00000000aa000000000000000000aa000000000000000000aa000000000000000000aa000000000000000000aa000000000000000000aa000000000000000000aa000000000000000000aa000000000000000000aa000000000000000000aa000000000000000000aa000000000000000000aa000000000000000000aa000000
01:07:16.634 [DEBUG] [serial] RX 128 bytes: 000000000000aa000000000000000000aa000000000000000000aa000000000000000000aa000000000000000000aa000000000000000000aa000000000000000000aa000000000000000000aa000000000000000000aa000000000000000000aa000000000000000000aa000000000000000000aa000000000000000000aa00
01:07:16.638 [DEBUG] [serial] RX 128 bytes: 0000000000000000aa000000000000000000aa000000000000000000aa000000000000000000aa000000000000000000aa000000000000000000aa000000000000000000aa000000000000000000aa000000000000000000aa000000000000000000aa000000000000000000aa000000000000000000aa000000000000000000
01:07:16.642 [DEBUG] [serial] RX 128 bytes: aa000000000000000000aa000000000000000000aa000000000000000000aa000000000000000000aa000000000000000000aa000000000000000000aa000000000000000000aa000000000000000000aa000000000000000000aa000000000000000000aa000000000000000000aa000000000000000000aa00000000000000
01:07:16.646 [DEBUG] [serial] RX 128 bytes: 0000aa000000000000000000aa000000000000000000aa000000000000000000aa000000000000000000aa000000000000000000aa000000000000000000aa000000000000000000aa000000000000000000aa000000000000000000aa000000000000000000aa000000000000000000aa000000000000000000aa0000000000
01:07:16.650 [DEBUG] [serial] RX 128 bytes: 00000000aa000000000000000000aa000000000000000000aa000000000000000000aa000000000000000000aa000000000000000000aa000000000000000000aa000000000000000000aa000000000000000000aa000000000000000000aa000000000000000000aa000000000000000000aa000000000000000000aa000000
01:07:16.654 [DEBUG] [serial] RX 128 bytes: 000000000000aa000000000000000000aa000000000000000000aa000000000000000000aa000000000000000000aa000000000000000000aa000000000000000000aa000000000000000000aa000000000000000000aa000000000000000000aa000000000000000000aa000000000000000000aa000000000000000000aa00
01:07:16.658 [DEBUG] [serial] RX 128 bytes: 0000000000000000aa000000000000000000aa000000000000000000aa000000000000000000aa000000000000000000aa000000000000000000aa000000000000000000aa000000000000000000aa000000000000000000aa000000000000000000aa000000000000000000aa000000000000000000aa000000000000000000
01:07:16.662 [DEBUG] [serial] RX 128 bytes: aa000000000000000000aa000000000000000000aa000000000000000000aa000000000000000000aa000000000000000000aa000000000000000000aa000000000000000000aa000000000000000000aa000000000000000000aa000000000000000000aa000000000000000000aa000000000000000000aa00000000000000
01:07:16.664 [INFO] [GUI] Click STOP
01:07:16.664 [INFO] [serial] Encolando TX CMD_STOP: bb05
01:07:16.666 [INFO] [serial] TX CMD_STOP: bb05
01:07:16.666 [DEBUG] [serial] TX OK: 2 bytes escritos
01:07:16.666 [DEBUG] [serial] RX 128 bytes: 0000aa000000000000000000aa000000000000000000aa000000000000000000aa000000000000000000aa000000000000000000aa000000000000000000aa000000000000000000aa000000000000000000aa000000000000000000aa000000000000000000aa000000000000000000aa000000000000000000aa0000000000
01:07:16.771 [DEBUG] [serial] RX 4 bytes: 00000000
01:07:20.526 [INFO] [GUI] Click MuxIn -> 1
01:07:20.526 [INFO] [serial] Encolando TX CMD_MUX_IN sel=1: bb0101
01:07:20.589 [INFO] [serial] TX CMD_MUX_IN sel=1: bb0101
01:07:20.590 [DEBUG] [serial] TX OK: 3 bytes escritos
01:07:25.384 [INFO] [GUI] Freq cambiada a 100.0 Hz (freq_dh=1000)
01:07:25.384 [INFO] [serial] Encolando TX CMD_FREQ freq=100.0Hz dh=1000: bb0303e8
01:07:25.485 [INFO] [serial] TX CMD_FREQ freq=100.0Hz dh=1000: bb0303e8
01:07:25.486 [DEBUG] [serial] TX OK: 4 bytes escritos
01:07:26.608 [INFO] [GUI] Freq cambiada a 100.0 Hz (freq_dh=1000)
01:07:26.608 [INFO] [serial] Encolando TX CMD_FREQ freq=100.0Hz dh=1000: bb0303e8
01:07:26.686 [INFO] [serial] TX CMD_FREQ freq=100.0Hz dh=1000: bb0303e8
01:07:26.687 [DEBUG] [serial] TX OK: 4 bytes escritos
01:07:26.716 [INFO] [GUI] Click START
01:07:26.716 [INFO] [serial] Encolando TX CMD_START: bb04
01:07:26.795 [INFO] [serial] TX CMD_START: bb04
01:07:26.796 [DEBUG] [serial] TX OK: 2 bytes escritos
01:07:26.801 [DEBUG] [serial] RX 128 bytes: aa010000000000000000aa010000000000000000aa010000000000000000aa010000000000000000aa010000000000000000aa010000000000000000aa010000000000000000aa010000000000000000aa010000000000000000aa010000000000000000aa010000000000000000aa010000000000000000aa01000000000000
01:07:26.801 [INFO] [serial] Stats: 12326 pkts, 123268 bytes rx
01:07:26.803 [DEBUG] [serial] RX 128 bytes: 0000aa010000000000000000aa010000000000000000aa010000000000000000aa010000000000000000aa010000000000000000aa010000000000000000aa010000000000000000aa010000000000000000aa010000000000000000aa010000000000000000aa010000000000000000aa010000000000000000aa0100000000
01:07:26.808 [DEBUG] [serial] RX 128 bytes: 00000000aa010000000000000000aa010000000000000000aa010000000000000000aa010000000000000000aa010000000000000000aa010000000000000000aa010000000000000000aa010000000000000000aa010000000000000000aa010000000000000000aa010000000000000000aa010000000000000000aa010000
01:07:26.812 [DEBUG] [serial] RX 128 bytes: 000000000000aa010000000000000000aa010000000000000000aa010000000000000000aa010000000000000000aa010000000000000000aa010000000000000000aa010000000000000000aa010000000000000000aa010000000000000000aa010000000000000000aa010000000000000000aa010000000000000000aa01
01:07:26.815 [DEBUG] [serial] RX 128 bytes: 0000000000000000aa010000000000000000aa010000000000000000aa010000000000000000aa010000000000000000aa010000000000000000aa010000000000000000aa010000000000000000aa010000000000000000aa010000000000000000aa010000000000000000aa010000000000000000aa010000000000000000
01:07:26.819 [DEBUG] [serial] RX 128 bytes: aa010000000000000000aa010000000000000000aa010000000000000000aa010000000000000000aa010000000000000000aa010000000000000000aa010000000000000000aa010000000000000000aa010000000000000000aa010000000000000000aa010000000000000000aa010000000000000000aa01000000000000
01:07:26.823 [DEBUG] [serial] RX 128 bytes: 0000aa010000000000000000aa010000000000000000aa010000000000000000aa010000000000000000aa010000000000000000aa010000000000000000aa010000000000000000aa010000000000000000aa010000000000000000aa010000000000000000aa010000000000000000aa010000000000000000aa0100000000
01:07:26.828 [DEBUG] [serial] RX 128 bytes: 00000000aa010000000000000000aa010000000000000000aa010000000000000000aa010000000000000000aa010000000000000000aa010000000000000000aa010000000000000000aa010000000000000000aa010000000000000000aa010000000000000000aa010000000000000000aa010000000000000000aa010000
01:07:26.831 [DEBUG] [serial] RX 128 bytes: 000000000000aa010000000000000000aa010000000000000000aa010000000000000000aa010000000000000000aa010000000000000000aa010000000000000000aa010000000000000000aa010000000000000000aa010000000000000000aa010000000000000000aa010000000000000000aa010000000000000000aa01
01:07:26.835 [DEBUG] [serial] RX 128 bytes: 0000000000000000aa010000000000000000aa010000000000000000aa010000000000000000aa010000000000000000aa010000000000000000aa010000000000000000aa010000000000000000aa010000000000000000aa010000000000000000aa010000000000000000aa010000000000000000aa010000000000000000
01:07:26.839 [DEBUG] [serial] RX 128 bytes: aa010000000000000000aa010000000000000000aa010000000000000000aa010000000000000000aa010000000000000000aa010000000000000000aa010000000000000000aa010000000000000000aa010000000000000000aa010000000000000000aa010000000000000000aa010000000000000000aa01000000000000
01:07:26.843 [DEBUG] [serial] RX 128 bytes: 0000aa010000000000000000aa010000000000000000aa010000000000000000aa010000000000000000aa010000000000000000aa010000000000000000aa010000000000000000aa010000000000000000aa010000000000000000aa010000000000000000aa010000000000000000aa010000000000000000aa0100000000
01:07:26.847 [DEBUG] [serial] RX 128 bytes: 00000000aa010000000000000000aa010000000000000000aa010000000000000000aa010000000000000000aa010000000000000000aa010000000000000000aa010000000000000000aa010000000000000000aa010000000000000000aa010000000000000000aa010000000000000000aa010000000000000000aa010000
01:07:26.851 [DEBUG] [serial] RX 128 bytes: 000000000000aa010000000000000000aa010000000000000000aa010000000000000000aa010000000000000000aa010000000000000000aa010000000000000000aa010000000000000000aa010000000000000000aa010000000000000000aa010000000000000000aa010000000000000000aa010000000000000000aa01
01:07:26.855 [DEBUG] [serial] RX 128 bytes: 0000000000000000aa010000000000000000aa010000000000000000aa010000000000000000aa010000000000000000aa010000000000000000aa010000000000000000aa010000000000000000aa010000000000000000aa010000000000000000aa010000000000000000aa010000000000000000aa010000000000000000
01:07:26.855 [DEBUG] [serial] PKT #12500: flags=0x01 in=0 ds=0 flt=0
01:07:26.859 [DEBUG] [serial] RX 128 bytes: aa010000000000000000aa010000000000000000aa010000000000000000aa010000000000000000aa010000000000000000aa010000000000000000aa010000000000000000aa010000000000000000aa010000000000000000aa010000000000000000aa010000000000000000aa010000000000000000aa01000000000000
01:07:26.863 [DEBUG] [serial] RX 128 bytes: 0000aa010000000000000000aa010000000000000000aa010000000000000000aa010000000000000000aa010000000000000000aa010000000000000000aa010000000000000000aa010000000000000000aa010000000000000000aa010000000000000000aa010000000000000000aa010000000000000000aa0100000000
01:07:26.867 [DEBUG] [serial] RX 128 bytes: 00000000aa010000000000000000aa010000000000000000aa010000000000000000aa010000000000000000aa010000000000000000aa010000000000000000aa010000000000000000aa010000000000000000aa010000000000000000aa010000000000000000aa010000000000000000aa010000000000000000aa010000
01:07:26.871 [DEBUG] [serial] RX 128 bytes: 000000000000aa010000000000000000aa010000000000000000aa010000000000000000aa010000000000000000aa010000000000000000aa010000000000000000aa010000000000000000aa010000000000000000aa010000000000000000aa010000000000000000aa010000000000000000aa010000000000000000aa01
01:07:26.875 [DEBUG] [serial] RX 128 bytes: 0000000000000000aa010000000000000000aa010000000000000000aa010000000000000000aa010000000000000000aa010000000000000000aa010000000000000000aa010000000000000000aa010000000000000000aa010000000000000000aa010000000000000000aa010000000000000000aa010000000000000000
01:07:26.879 [DEBUG] [serial] RX 128 bytes: aa010000000000000000aa010000000000000000aa010000000000000000aa010000000000000000aa010000000000000000aa010000000000000000aa010000000000000000aa010000000000000000aa010000000000000000aa010000000000000000aa010000000000000000aa010000000000000000aa01000000000000
01:07:26.883 [DEBUG] [serial] RX 128 bytes: 0000aa010000000000000000aa010000000000000000aa010000000000000000aa010000000000000000aa010000000000000000aa010000000000000000aa010000000000000000aa010000000000000000aa010000000000000000aa010000000000000000aa010000000000000000aa010000000000000000aa0100000000
01:07:26.887 [DEBUG] [serial] RX 128 bytes: 00000000aa010000000000000000aa010000000000000000aa010000000000000000aa010000000000000000aa010000000000000000aa010000000000000000aa010000000000000000aa010000000000000000aa010000000000000000aa010000000000000000aa010000000000000000aa010000000000000000aa010000
01:07:26.891 [DEBUG] [serial] RX 128 bytes: 000000000000aa010000000000000000aa010000000000000000aa010000000000000000aa010000000000000000aa010000000000000000aa010000000000000000aa010000000000000000aa010000000000000000aa010000000000000000aa010000000000000000aa010000000000000000aa010000000000000000aa01
01:07:26.895 [DEBUG] [serial] RX 128 bytes: 0000000000000000aa010000000000000000aa010000000000000000aa010000000000000000aa010000000000000000aa010000000000000000aa010000000000000000aa010000000000000000aa010000000000000000aa010000000000000000aa010000000000000000aa010000000000000000aa010000000000000000
01:07:26.899 [DEBUG] [serial] RX 128 bytes: aa010000000000000000aa010000000000000000aa010000000000000000aa010000000000000000aa010000000000000000aa010000000000000000aa010000000000000000aa010000000000000000aa010000000000000000aa010000000000000000aa010000000000000000aa010000000000000000aa01000000000000
01:07:26.903 [DEBUG] [serial] RX 128 bytes: 0000aa010000000000000000aa010000000000000000aa010000000000000000aa010000000000000000aa010000000000000000aa010000000000000000aa010000000000000000aa010000000000000000aa010000000000000000aa010000000000000000aa010000000000000000aa010000000000000000aa0100000000
01:07:26.907 [DEBUG] [serial] RX 128 bytes: 00000000aa010000000000000000aa010000000000000000aa010000000000000000aa010000000000000000aa010000000000000000aa010000000000000000aa010000000000000000aa010000000000000000aa010000000000000000aa010000000000000000aa010000000000000000aa010000000000000000aa010000
01:07:26.911 [DEBUG] [serial] RX 128 bytes: 000000000000aa010000000000000000aa010000000000000000aa010000000000000000aa010000000000000000aa010000000000000000aa010000000000000000aa010000000000000000aa010000000000000000aa010000000000000000aa010000000000000000aa010000000000000000aa010000000000000000aa01
01:07:26.915 [DEBUG] [serial] RX 128 bytes: 0000000000000000aa010000000000000000aa010000000000000000aa010000000000000000aa010000000000000000aa010000000000000000aa010000000000000000aa010000000000000000aa010000000000000000aa010000000000000000aa010000000000000000aa010000000000000000aa010000000000000000
01:07:26.919 [DEBUG] [serial] RX 128 bytes: aa010000000000000000aa010000000000000000aa010000000000000000aa010000000000000000aa010000000000000000aa010000000000000000aa010000000000000000aa010000000000000000aa010000000000000000aa010000000000000000aa010000000000000000aa010000000000000000aa01000000000000
01:07:26.923 [DEBUG] [serial] RX 128 bytes: 0000aa010000000000000000aa010000000000000000aa010000000000000000aa010000000000000000aa010000000000000000aa010000000000000000aa010000000000000000aa010000000000000000aa010000000000000000aa010000000000000000aa010000000000000000aa010000000000000000aa0100000000
01:07:26.927 [DEBUG] [serial] RX 128 bytes: 00000000aa010000000000000000aa010000000000000000aa010000000000000000aa010000000000000000aa010000000000000000aa010000000000000000aa010000000000000000aa010000000000000000aa010000000000000000aa010000000000000000aa010000000000000000aa010000000000000000aa010000
01:07:26.931 [DEBUG] [serial] RX 128 bytes: 000000000000aa010000000000000000aa010000000000000000aa010000000000000000aa010000000000000000aa010000000000000000aa010000000000000000aa010000000000000000aa010000000000000000aa010000000000000000aa010000000000000000aa010000000000000000aa010000000000000000aa01
01:07:26.934 [DEBUG] [serial] RX 128 bytes: 0000000000000000aa010000000000000000aa010000000000000000aa010000000000000000aa010000000000000000aa010000000000000000aa010000000000000000aa010000000000000000aa010000000000000000aa010000000000000000aa010000000000000000aa010000000000000000aa010000000000000000
01:07:26.939 [DEBUG] [serial] RX 128 bytes: aa010000000000000000aa010000000000000000aa010000000000000000aa010000000000000000aa010000000000000000aa010000000000000000aa010000000000000000aa010000000000000000aa010000000000000000aa010000000000000000aa010000000000000000aa010000000000000000aa01000000000000
01:07:26.943 [DEBUG] [serial] RX 128 bytes: 0000aa010000000000000000aa010000000000000000aa010000000000000000aa010000000000000000aa010000000000000000aa010000000000000000aa010000000000000000aa010000000000000000aa010000000000000000aa010000000000000000aa010000000000000000aa010000000000000000aa0100000000
01:07:26.947 [DEBUG] [serial] RX 128 bytes: 00000000aa010000000000000000aa010000000000000000aa010000000000000000aa010000000000000000aa010000000000000000aa010000000000000000aa010000000000000000aa010000000000000000aa010000000000000000aa010000000000000000aa010000000000000000aa010000000000000000aa010000
01:07:26.951 [DEBUG] [serial] RX 128 bytes: 000000000000aa010000000000000000aa010000000000000000aa010000000000000000aa010000000000000000aa010000000000000000aa010000000000000000aa010000000000000000aa010000000000000000aa010000000000000000aa010000000000000000aa010000000000000000aa010000000000000000aa01
01:07:26.954 [DEBUG] [serial] RX 128 bytes: 0000000000000000aa010000000000000000aa010000000000000000aa010000000000000000aa010000000000000000aa010000000000000000aa010000000000000000aa010000000000000000aa010000000000000000aa010000000000000000aa010000000000000000aa010000000000000000aa010000000000000000
01:07:26.958 [DEBUG] [serial] RX 128 bytes: aa010000000000000000aa010000000000000000aa010000000000000000aa010000000000000000aa010000000000000000aa010000000000000000aa010000000000000000aa010000000000000000aa010000000000000000aa010000000000000000aa010000000000000000aa010000000000000000aa01000000000000
01:07:26.962 [DEBUG] [serial] RX 128 bytes: 0000aa010000000000000000aa010000000000000000aa010000000000000000aa010000000000000000aa010000000000000000aa010000000000000000aa010000000000000000aa010000000000000000aa010000000000000000aa010000000000000000aa010000000000000000aa010000000000000000aa0100000000
01:07:26.966 [DEBUG] [serial] RX 128 bytes: 00000000aa010000000000000000aa010000000000000000aa010000000000000000aa010000000000000000aa010000000000000000aa010000000000000000aa010000000000000000aa010000000000000000aa010000000000000000aa010000000000000000aa010000000000000000aa010000000000000000aa010000
01:07:26.971 [DEBUG] [serial] RX 128 bytes: 000000000000aa010000000000000000aa010000000000000000aa010000000000000000aa010000000000000000aa010000000000000000aa010000000000000000aa010000000000000000aa010000000000000000aa010000000000000000aa010000000000000000aa010000000000000000aa010000000000000000aa01
01:07:26.974 [DEBUG] [serial] RX 128 bytes: 0000000000000000aa010000000000000000aa010000000000000000aa010000000000000000aa010000000000000000aa010000000000000000aa010000000000000000aa010000000000000000aa010000000000000000aa010000000000000000aa010000000000000000aa010000000000000000aa010000000000000000
01:07:26.978 [DEBUG] [serial] RX 128 bytes: aa010000000000000000aa010000000000000000aa010000000000000000aa010000000000000000aa010000000000000000aa010000000000000000aa010000000000000000aa010000000000000000aa010000000000000000aa010000000000000000aa010000000000000000aa010000000000000000aa01000000000000
01:07:26.982 [DEBUG] [serial] RX 128 bytes: 0000aa010000000000000000aa010000000000000000aa010000000000000000aa010000000000000000aa010000000000000000aa010000000000000000aa010000000000000000aa010000000000000000aa010000000000000000aa010000000000000000aa010000000000000000aa010000000000000000aa0100000000
01:07:26.986 [DEBUG] [serial] RX 128 bytes: 00000000aa010000000000000000aa010000000000000000aa010000000000000000aa010000000000000000aa010000000000000000aa010000000000000000aa010000000000000000aa010000000000000000aa010000000000000000aa010000000000000000aa010000000000000000aa010000000000000000aa010000
01:07:26.990 [DEBUG] [serial] RX 128 bytes: 000000000000aa010000000000000000aa010000000000000000aa010000000000000000aa010000000000000000aa010000000000000000aa010000000000000000aa010000000000000000aa010000000000000000aa010000000000000000aa010000000000000000aa010000000000000000aa010000000000000000aa01
01:07:26.994 [DEBUG] [serial] RX 128 bytes: 0000000000000000aa010000000000000000aa010000000000000000aa010000000000000000aa010000000000000000aa010000000000000000aa010000000000000000aa010000000000000000aa010000000000000000aa010000000000000000aa010000000000000000aa010000000000000000aa010000000000000000
01:07:26.998 [DEBUG] [serial] RX 128 bytes: aa010000000000000000aa010000000000000000aa010000000000000000aa010000000000000000aa010000000000000000aa010000000000000000aa010000000000000000aa010000000000000000aa010000000000000000aa010000000000000000aa010000000000000000aa010000000000000000aa01000000000000
01:07:27.002 [DEBUG] [serial] RX 128 bytes: 0000aa010000000000000000aa010000000000000000aa010000000000000000aa010000000000000000aa010000000000000000aa010000000000000000aa010000000000000000aa010000000000000000aa010000000000000000aa010000000000000000aa010000000000000000aa010000000000000000aa0100000000
01:07:27.006 [DEBUG] [serial] RX 128 bytes: 00000000aa010000000000000000aa010000000000000000aa010000000000000000aa010000000000000000aa010000000000000000aa010000000000000000aa010000000000000000aa010000000000000000aa010000000000000000aa010000000000000000aa010000000000000000aa010000000000000000aa010000
01:07:27.010 [DEBUG] [serial] RX 128 bytes: 000000000000aa010000000000000000aa010000000000000000aa010000000000000000aa010000000000000000aa010000000000000000aa010000000000000000aa010000000000000000aa010000000000000000aa010000000000000000aa010000000000000000aa010000000000000000aa010000000000000000aa01
01:07:27.010 [DEBUG] [serial] PKT #13000: flags=0x01 in=0 ds=0 flt=0
01:07:27.014 [DEBUG] [serial] RX 128 bytes: 0000000000000000aa010000000000000000aa010000000000000000aa010000000000000000aa010000000000000000aa010000000000000000aa010000000000000000aa010000000000000000aa010000000000000000aa010000000000000000aa010000000000000000aa010000000000000000aa010000000000000000
01:07:27.018 [DEBUG] [serial] RX 128 bytes: aa010000000000000000aa010000000000000000aa010000000000000000aa010000000000000000aa010000000000000000aa010000000000000000aa010000000000000000aa010000000000000000aa010000000000000000aa010000000000000000aa010000000000000000aa010000000000000000aa01000000000000
01:07:27.022 [DEBUG] [serial] RX 128 bytes: 0000aa010000000000000000aa010000000000000000aa010000000000000000aa010000000000000000aa010000000000000000aa010000000000000000aa010000000000000000aa010000000000000000aa010000000000000000aa010000000000000000aa010000000000000000aa010000000000000000aa0100000000
01:07:27.026 [DEBUG] [serial] RX 128 bytes: 00000000aa010000000000000000aa010000000000000000aa010000000000000000aa010000000000000000aa010000000000000000aa010000000000000000aa010000000000000000aa010000000000000000aa010000000000000000aa010000000000000000aa010000000000000000aa010000000000000000aa010000
01:07:27.030 [DEBUG] [serial] RX 128 bytes: 000000000000aa010000000000000000aa010000000000000000aa010000000000000000aa010000000000000000aa010000000000000000aa010000000000000000aa010000000000000000aa010000000000000000aa010000000000000000aa010000000000000000aa010000000000000000aa010000000000000000aa01
01:07:27.034 [DEBUG] [serial] RX 128 bytes: 0000000000000000aa010000000000000000aa010000000000000000aa010000000000000000aa010000000000000000aa010000000000000000aa010000000000000000aa010000000000000000aa010000000000000000aa010000000000000000aa010000000000000000aa010000000000000000aa010000000000000000
01:07:27.038 [DEBUG] [serial] RX 128 bytes: aa010000000000000000aa010000000000000000aa010000000000000000aa010000000000000000aa010000000000000000aa010000000000000000aa010000000000000000aa010000000000000000aa010000000000000000aa010000000000000000aa010000000000000000aa010000000000000000aa01000000000000
01:07:27.042 [DEBUG] [serial] RX 128 bytes: 0000aa010000000000000000aa010000000000000000aa010000000000000000aa010000000000000000aa010000000000000000aa010000000000000000aa010000000000000000aa010000000000000000aa010000000000000000aa010000000000000000aa010000000000000000aa010000000000000000aa0100000000
01:07:27.046 [DEBUG] [serial] RX 128 bytes: 00000000aa010000000000000000aa010000000000000000aa010000000000000000aa010000000000000000aa010000000000000000aa010000000000000000aa010000000000000000aa010000000000000000aa010000000000000000aa010000000000000000aa010000000000000000aa010000000000000000aa010000
01:07:27.050 [DEBUG] [serial] RX 128 bytes: 000000000000aa010000000000000000aa010000000000000000aa010000000000000000aa010000000000000000aa010000000000000000aa010000000000000000aa010000000000000000aa010000000000000000aa010000000000000000aa010000000000000000aa010000000000000000aa010000000000000000aa01
01:07:27.054 [DEBUG] [serial] RX 128 bytes: 0000000000000000aa010000000000000000aa010000000000000000aa010000000000000000aa010000000000000000aa010000000000000000aa010000000000000000aa010000000000000000aa010000000000000000aa010000000000000000aa010000000000000000aa010000000000000000aa010000000000000000
01:07:27.058 [DEBUG] [serial] RX 128 bytes: aa010000000000000000aa010000000000000000aa010000000000000000aa010000000000000000aa010000000000000000aa010000000000000000aa010000000000000000aa010000000000000000aa010000000000000000aa010000000000000000aa010000000000000000aa010000000000000000aa01000000000000
01:07:27.062 [DEBUG] [serial] RX 128 bytes: 0000aa010000000000000000aa010000000000000000aa010000000000000000aa010000000000000000aa010000000000000000aa010000000000000000aa010000000000000000aa010000000000000000aa010000000000000000aa010000000000000000aa010000000000000000aa010000000000000000aa0100000000
01:07:27.066 [DEBUG] [serial] RX 128 bytes: 00000000aa010000000000000000aa010000000000000000aa010000000000000000aa010000000000000000aa010000000000000000aa010000000000000000aa010000000000000000aa010000000000000000aa010000000000000000aa010000000000000000aa010000000000000000aa010000000000000000aa010000
01:07:27.070 [DEBUG] [serial] RX 128 bytes: 000000000000aa010000000000000000aa010000000000000000aa010000000000000000aa010000000000000000aa010000000000000000aa010000000000000000aa010000000000000000aa010000000000000000aa010000000000000000aa010000000000000000aa010000000000000000aa010000000000000000aa01
01:07:27.074 [DEBUG] [serial] RX 128 bytes: 0000000000000000aa010000000000000000aa010000000000000000aa010000000000000000aa010000000000000000aa010000000000000000aa010000000000000000aa010000000000000000aa010000000000000000aa010000000000000000aa010000000000000000aa010000000000000000aa010000000000000000
01:07:27.078 [DEBUG] [serial] RX 128 bytes: aa010000000000000000aa010000000000000000aa010000000000000000aa010000000000000000aa010000000000000000aa010000000000000000aa010000000000000000aa010000000000000000aa010000000000000000aa010000000000000000aa010000000000000000aa010000000000000000aa01000000000000
01:07:27.082 [DEBUG] [serial] RX 128 bytes: 0000aa010000000000000000aa010000000000000000aa010000000000000000aa010000000000000000aa010000000000000000aa010000000000000000aa010000000000000000aa010000000000000000aa010000000000000000aa010000000000000000aa010000000000000000aa010000000000000000aa0100000000
01:07:27.086 [DEBUG] [serial] RX 128 bytes: 00000000aa010000000000000000aa010000000000000000aa010000000000000000aa010000000000000000aa010000000000000000aa010000000000000000aa010000000000000000aa010000000000000000aa010000000000000000aa010000000000000000aa010000000000000000aa010000000000000000aa010000
01:07:27.090 [DEBUG] [serial] RX 128 bytes: 000000000000aa010000000000000000aa010000000000000000aa010000000000000000aa010000000000000000aa010000000000000000aa010000000000000000aa010000000000000000aa010000000000000000aa010000000000000000aa010000000000000000aa010000000000000000aa010000000000000000aa01
01:07:27.093 [DEBUG] [serial] RX 128 bytes: 0000000000000000aa010000000000000000aa010000000000000000aa010000000000000000aa010000000000000000aa010000000000000000aa010000000000000000aa010000000000000000aa010000000000000000aa010000000000000000aa010000000000000000aa010000000000000000aa010000000000000000
01:07:27.097 [DEBUG] [serial] RX 128 bytes: aa010000000000000000aa010000000000000000aa010000000000000000aa010000000000000000aa010000000000000000aa010000000000000000aa010000000000000000aa010000000000000000aa010000000000000000aa010000000000000000aa010000000000000000aa010000000000000000aa01000000000000
01:07:27.101 [DEBUG] [serial] RX 128 bytes: 0000aa010000000000000000aa010000000000000000aa010000000000000000aa010000000000000000aa010000000000000000aa010000000000000000aa010000000000000000aa010000000000000000aa010000000000000000aa010000000000000000aa010000000000000000aa010000000000000000aa0100000000
01:07:27.105 [DEBUG] [serial] RX 128 bytes: 00000000aa010000000000000000aa010000000000000000aa010000000000000000aa010000000000000000aa010000000000000000aa010000000000000000aa010000000000000000aa010000000000000000aa010000000000000000aa010000000000000000aa010000000000000000aa010000000000000000aa010000
01:07:27.110 [DEBUG] [serial] RX 128 bytes: 000000000000aa010000000000000000aa010000000000000000aa010000000000000000aa010000000000000000aa010000000000000000aa010000000000000000aa010000000000000000aa010000000000000000aa010000000000000000aa010000000000000000aa010000000000000000aa010000000000000000aa01
01:07:27.113 [DEBUG] [serial] RX 128 bytes: 0000000000000000aa010000000000000000aa010000000000000000aa010000000000000000aa010000000000000000aa010000000000000000aa010000000000000000aa010000000000000000aa010000000000000000aa010000000000000000aa010000000000000000aa010000000000000000aa010000000000000000
01:07:27.117 [DEBUG] [serial] RX 128 bytes: aa010000000000000000aa010000000000000000aa010000000000000000aa010000000000000000aa010000000000000000aa010000000000000000aa010000000000000000aa010000000000000000aa010000000000000000aa010000000000000000aa010000000000000000aa010000000000000000aa01000000000000
01:07:27.121 [DEBUG] [serial] RX 128 bytes: 0000aa010000000000000000aa010000000000000000aa010000000000000000aa010000000000000000aa010000000000000000aa010000000000000000aa010000000000000000aa010000000000000000aa010000000000000000aa010000000000000000aa010000000000000000aa010000000000000000aa0100000000
01:07:27.125 [DEBUG] [serial] RX 128 bytes: 00000000aa010000000000000000aa010000000000000000aa010000000000000000aa010000000000000000aa010000000000000000aa010000000000000000aa010000000000000000aa010000000000000000aa010000000000000000aa010000000000000000aa010000000000000000aa010000000000000000aa010000
01:07:27.129 [DEBUG] [serial] RX 128 bytes: 000000000000aa010000000000000000aa010000000000000000aa010000000000000000aa010000000000000000aa010000000000000000aa010000000000000000aa010000000000000000aa010000000000000000aa010000000000000000aa010000000000000000aa010000000000000000aa010000000000000000aa01
01:07:27.133 [DEBUG] [serial] RX 128 bytes: 0000000000000000aa010000000000000000aa010000000000000000aa010000000000000000aa010000000000000000aa010000000000000000aa010000000000000000aa010000000000000000aa010000000000000000aa010000000000000000aa010000000000000000aa010000000000000000aa010000000000000000
01:07:27.137 [DEBUG] [serial] RX 128 bytes: aa010000000000000000aa010000000000000000aa010000000000000000aa010000000000000000aa010000000000000000aa010000000000000000aa010000000000000000aa010000000000000000aa010000000000000000aa010000000000000000aa010000000000000000aa010000000000000000aa01000000000000
01:07:27.141 [DEBUG] [serial] RX 128 bytes: 0000aa010000000000000000aa010000000000000000aa010000000000000000aa010000000000000000aa010000000000000000aa010000000000000000aa010000000000000000aa010000000000000000aa010000000000000000aa010000000000000000aa010000000000000000aa010000000000000000aa0100000000
01:07:27.145 [DEBUG] [serial] RX 128 bytes: 00000000aa010000000000000000aa010000000000000000aa010000000000000000aa010000000000000000aa010000000000000000aa010000000000000000aa010000000000000000aa010000000000000000aa010000000000000000aa010000000000000000aa010000000000000000aa010000000000000000aa010000
01:07:27.149 [DEBUG] [serial] RX 128 bytes: 000000000000aa010000000000000000aa010000000000000000aa010000000000000000aa010000000000000000aa010000000000000000aa010000000000000000aa010000000000000000aa010000000000000000aa010000000000000000aa010000000000000000aa010000000000000000aa010000000000000000aa01
01:07:27.153 [DEBUG] [serial] RX 128 bytes: 0000000000000000aa010000000000000000aa010000000000000000aa010000000000000000aa010000000000000000aa010000000000000000aa010000000000000000aa010000000000000000aa010000000000000000aa010000000000000000aa010000000000000000aa010000000000000000aa010000000000000000
01:07:27.157 [DEBUG] [serial] RX 128 bytes: aa010000000000000000aa010000000000000000aa010000000000000000aa010000000000000000aa010000000000000000aa010000000000000000aa010000000000000000aa010000000000000000aa010000000000000000aa010000000000000000aa010000000000000000aa010000000000000000aa01000000000000
01:07:27.161 [DEBUG] [serial] RX 128 bytes: 0000aa010000000000000000aa010000000000000000aa010000000000000000aa010000000000000000aa010000000000000000aa010000000000000000aa010000000000000000aa010000000000000000aa010000000000000000aa010000000000000000aa010000000000000000aa010000000000000000aa0100000000
01:07:27.165 [DEBUG] [serial] RX 128 bytes: 00000000aa010000000000000000aa010000000000000000aa010000000000000000aa010000000000000000aa010000000000000000aa010000000000000000aa010000000000000000aa010000000000000000aa010000000000000000aa010000000000000000aa010000000000000000aa010000000000000000aa010000
01:07:27.165 [DEBUG] [serial] PKT #13500: flags=0x01 in=0 ds=0 flt=0
01:07:27.169 [DEBUG] [serial] RX 128 bytes: 000000000000aa010000000000000000aa010000000000000000aa010000000000000000aa010000000000000000aa010000000000000000aa010000000000000000aa010000000000000000aa010000000000000000aa010000000000000000aa010000000000000000aa010000000000000000aa010000000000000000aa01
01:07:27.173 [DEBUG] [serial] RX 128 bytes: 0000000000000000aa010000000000000000aa010000000000000000aa010000000000000000aa010000000000000000aa010000000000000000aa010000000000000000aa010000000000000000aa010000000000000000aa010000000000000000aa010000000000000000aa010000000000000000aa010000000000000000
01:07:27.177 [DEBUG] [serial] RX 128 bytes: aa010000000000000000aa010000000000000000aa010000000000000000aa010000000000000000aa010000000000000000aa010000000000000000aa010000000000000000aa010000000000000000aa010000000000000000aa010000000000000000aa010000000000000000aa010000000000000000aa01000000000000
01:07:27.181 [DEBUG] [serial] RX 128 bytes: 0000aa010000000000000000aa010000000000000000aa010000000000000000aa010000000000000000aa010000000000000000aa010000000000000000aa010000000000000000aa010000000000000000aa010000000000000000aa010000000000000000aa010000000000000000aa010000000000000000aa0100000000
01:07:27.185 [DEBUG] [serial] RX 128 bytes: 00000000aa010000000000000000aa010000000000000000aa010000000000000000aa010000000000000000aa010000000000000000aa010000000000000000aa010000000000000000aa010000000000000000aa010000000000000000aa010000000000000000aa010000000000000000aa010000000000000000aa010000
01:07:27.189 [DEBUG] [serial] RX 128 bytes: 000000000000aa010000000000000000aa010000000000000000aa010000000000000000aa010000000000000000aa010000000000000000aa010000000000000000aa010000000000000000aa010000000000000000aa010000000000000000aa010000000000000000aa010000000000000000aa010000000000000000aa01
01:07:27.193 [DEBUG] [serial] RX 128 bytes: 0000000000000000aa010000000000000000aa010000000000000000aa010000000000000000aa010000000000000000aa010000000000000000aa010000000000000000aa010000000000000000aa010000000000000000aa010000000000000000aa010000000000000000aa010000000000000000aa010000000000000000
01:07:27.197 [DEBUG] [serial] RX 128 bytes: aa010000000000000000aa010000000000000000aa010000000000000000aa010000000000000000aa010000000000000000aa010000000000000000aa010000000000000000aa010000000000000000aa010000000000000000aa010000000000000000aa010000000000000000aa010000000000000000aa01000000000000
01:07:27.201 [DEBUG] [serial] RX 128 bytes: 0000aa010000000000000000aa010000000000000000aa010000000000000000aa010000000000000000aa010000000000000000aa010000000000000000aa010000000000000000aa010000000000000000aa010000000000000000aa010000000000000000aa010000000000000000aa010000000000000000aa0100000000
01:07:27.205 [DEBUG] [serial] RX 128 bytes: 00000000aa010000000000000000aa010000000000000000aa010000000000000000aa010000000000000000aa010000000000000000aa010000000000000000aa010000000000000000aa010000000000000000aa010000000000000000aa010000000000000000aa010000000000000000aa010000000000000000aa010000
01:07:27.209 [DEBUG] [serial] RX 128 bytes: 000000000000aa010000000000000000aa010000000000000000aa010000000000000000aa010000000000000000aa010000000000000000aa010000000000000000aa010000000000000000aa010000000000000000aa010000000000000000aa010000000000000000aa010000000000000000aa010000000000000000aa01
01:07:27.213 [DEBUG] [serial] RX 128 bytes: 0000000000000000aa010000000000000000aa010000000000000000aa010000000000000000aa010000000000000000aa010000000000000000aa010000000000000000aa010000000000000000aa010000000000000000aa010000000000000000aa010000000000000000aa010000000000000000aa010000000000000000
01:07:27.217 [DEBUG] [serial] RX 128 bytes: aa010000000000000000aa010000000000000000aa010000000000000000aa010000000000000000aa010000000000000000aa010000000000000000aa010000000000000000aa010000000000000000aa010000000000000000aa010000000000000000aa010000000000000000aa010000000000000000aa01000000000000
01:07:27.221 [DEBUG] [serial] RX 128 bytes: 0000aa010000000000000000aa010000000000000000aa010000000000000000aa010000000000000000aa010000000000000000aa010000000000000000aa010000000000000000aa010000000000000000aa010000000000000000aa010000000000000000aa010000000000000000aa010000000000000000aa0100000000
01:07:27.225 [DEBUG] [serial] RX 128 bytes: 00000000aa010000000000000000aa010000000000000000aa010000000000000000aa010000000000000000aa010000000000000000aa010000000000000000aa010000000000000000aa010000000000000000aa010000000000000000aa010000000000000000aa010000000000000000aa010000000000000000aa010000
01:07:27.229 [DEBUG] [serial] RX 128 bytes: 000000000000aa010000000000000000aa010000000000000000aa010000000000000000aa010000000000000000aa010000000000000000aa010000000000000000aa010000000000000000aa010000000000000000aa010000000000000000aa010000000000000000aa010000000000000000aa010000000000000000aa01
01:07:27.232 [DEBUG] [serial] RX 128 bytes: 0000000000000000aa010000000000000000aa010000000000000000aa010000000000000000aa010000000000000000aa010000000000000000aa010000000000000000aa010000000000000000aa010000000000000000aa010000000000000000aa010000000000000000aa010000000000000000aa010000000000000000
01:07:27.236 [DEBUG] [serial] RX 128 bytes: aa010000000000000000aa010000000000000000aa010000000000000000aa010000000000000000aa010000000000000000aa010000000000000000aa010000000000000000aa010000000000000000aa010000000000000000aa010000000000000000aa010000000000000000aa010000000000000000aa01000000000000
01:07:27.241 [DEBUG] [serial] RX 128 bytes: 0000aa010000000000000000aa010000000000000000aa010000000000000000aa010000000000000000aa010000000000000000aa010000000000000000aa010000000000000000aa010000000000000000aa010000000000000000aa010000000000000000aa010000000000000000aa010000000000000000aa0100000000
01:07:27.245 [DEBUG] [serial] RX 128 bytes: 00000000aa010000000000000000aa010000000000000000aa010000000000000000aa010000000000000000aa010000000000000000aa010000000000000000aa010000000000000000aa010000000000000000aa010000000000000000aa010000000000000000aa010000000000000000aa010000000000000000aa010000
01:07:27.249 [DEBUG] [serial] RX 128 bytes: 000000000000aa010000000000000000aa010000000000000000aa010000000000000000aa010000000000000000aa010000000000000000aa010000000000000000aa010000000000000000aa010000000000000000aa010000000000000000aa010000000000000000aa010000000000000000aa010000000000000000aa01
01:07:27.252 [DEBUG] [serial] RX 128 bytes: 0000000000000000aa010000000000000000aa010000000000000000aa010000000000000000aa010000000000000000aa010000000000000000aa010000000000000000aa010000000000000000aa010000000000000000aa010000000000000000aa010000000000000000aa010000000000000000aa010000000000000000
01:07:27.256 [DEBUG] [serial] RX 128 bytes: aa010000000000000000aa010000000000000000aa010000000000000000aa010000000000000000aa010000000000000000aa010000000000000000aa010000000000000000aa010000000000000000aa010000000000000000aa010000000000000000aa010000000000000000aa010000000000000000aa01000000000000
01:07:27.260 [DEBUG] [serial] RX 128 bytes: 0000aa010000000000000000aa010000000000000000aa010000000000000000aa010000000000000000aa010000000000000000aa010000000000000000aa010000000000000000aa010000000000000000aa010000000000000000aa010000000000000000aa010000000000000000aa010000000000000000aa0100000000
01:07:27.264 [DEBUG] [serial] RX 128 bytes: 00000000aa010000000000000000aa010000000000000000aa010000000000000000aa010000000000000000aa010000000000000000aa010000000000000000aa010000000000000000aa010000000000000000aa010000000000000000aa010000000000000000aa010000000000000000aa010000000000000000aa010000
01:07:27.268 [DEBUG] [serial] RX 128 bytes: 000000000000aa010000000000000000aa010000000000000000aa010000000000000000aa010000000000000000aa010000000000000000aa010000000000000000aa010000000000000000aa010000000000000000aa010000000000000000aa010000000000000000aa010000000000000000aa010000000000000000aa01
01:07:27.272 [DEBUG] [serial] RX 128 bytes: 0000000000000000aa010000000000000000aa010000000000000000aa010000000000000000aa010000000000000000aa010000000000000000aa010000000000000000aa010000000000000000aa010000000000000000aa010000000000000000aa010000000000000000aa010000000000000000aa010000000000000000
01:07:27.276 [DEBUG] [serial] RX 128 bytes: aa010000000000000000aa010000000000000000aa010000000000000000aa010000000000000000aa010000000000000000aa010000000000000000aa010000000000000000aa010000000000000000aa010000000000000000aa010000000000000000aa010000000000000000aa010000000000000000aa01000000000000
01:07:27.280 [DEBUG] [serial] RX 128 bytes: 0000aa010000000000000000aa010000000000000000aa010000000000000000aa010000000000000000aa010000000000000000aa010000000000000000aa010000000000000000aa010000000000000000aa010000000000000000aa010000000000000000aa010000000000000000aa010000000000000000aa0100000000
01:07:27.284 [DEBUG] [serial] RX 128 bytes: 00000000aa010000000000000000aa010000000000000000aa010000000000000000aa010000000000000000aa010000000000000000aa010000000000000000aa010000000000000000aa010000000000000000aa010000000000000000aa010000000000000000aa010000000000000000aa010000000000000000aa010000
01:07:27.288 [DEBUG] [serial] RX 128 bytes: 000000000000aa010000000000000000aa010000000000000000aa010000000000000000aa010000000000000000aa010000000000000000aa010000000000000000aa010000000000000000aa010000000000000000aa010000000000000000aa010000000000000000aa010000000000000000aa010000000000000000aa01
01:07:27.292 [DEBUG] [serial] RX 128 bytes: 0000000000000000aa010000000000000000aa010000000000000000aa010000000000000000aa010000000000000000aa010000000000000000aa010000000000000000aa010000000000000000aa010000000000000000aa010000000000000000aa010000000000000000aa010000000000000000aa010000000000000000
01:07:27.296 [DEBUG] [serial] RX 128 bytes: aa010000000000000000aa010000000000000000aa010000000000000000aa010000000000000000aa010000000000000000aa010000000000000000aa010000000000000000aa010000000000000000aa010000000000000000aa010000000000000000aa010000000000000000aa010000000000000000aa01000000000000
01:07:27.300 [DEBUG] [serial] RX 128 bytes: 0000aa010000000000000000aa010000000000000000aa010000000000000000aa010000000000000000aa010000000000000000aa010000000000000000aa010000000000000000aa010000000000000000aa010000000000000000aa010000000000000000aa010000000000000000aa010000000000000000aa0100000000
01:07:27.304 [DEBUG] [serial] RX 128 bytes: 00000000aa010000000000000000aa010000000000000000aa010000000000000000aa010000000000000000aa010000000000000000aa010000000000000000aa010000000000000000aa010000000000000000aa010000000000000000aa010000000000000000aa010000000000000000aa010000000000000000aa010000
01:07:27.308 [DEBUG] [serial] RX 128 bytes: 000000000000aa010000000000000000aa010000000000000000aa010000000000000000aa010000000000000000aa010000000000000000aa010000000000000000aa010000000000000000aa010000000000000000aa010000000000000000aa010000000000000000aa010000000000000000aa010000000000000000aa01
01:07:27.312 [DEBUG] [serial] RX 128 bytes: 0000000000000000aa010000000000000000aa010000000000000000aa010000000000000000aa010000000000000000aa010000000000000000aa010000000000000000aa010000000000000000aa010000000000000000aa010000000000000000aa010000000000000000aa010000000000000000aa010000000000000000
01:07:27.316 [DEBUG] [serial] RX 128 bytes: aa010000000000000000aa010000000000000000aa010000000000000000aa010000000000000000aa010000000000000000aa010000000000000000aa010000000000000000aa010000000000000000aa010000000000000000aa010000000000000000aa010000000000000000aa010000000000000000aa01000000000000
01:07:27.320 [DEBUG] [serial] RX 128 bytes: 0000aa010000000000000000aa010000000000000000aa010000000000000000aa010000000000000000aa010000000000000000aa010000000000000000aa010000000000000000aa010000000000000000aa010000000000000000aa010000000000000000aa010000000000000000aa010000000000000000aa0100000000
01:07:27.320 [DEBUG] [serial] PKT #14000: flags=0x01 in=0 ds=0 flt=0
01:07:27.324 [DEBUG] [serial] RX 128 bytes: 00000000aa010000000000000000aa010000000000000000aa010000000000000000aa010000000000000000aa010000000000000000aa010000000000000000aa010000000000000000aa010000000000000000aa010000000000000000aa010000000000000000aa010000000000000000aa010000000000000000aa010000
01:07:27.328 [DEBUG] [serial] RX 128 bytes: 000000000000aa010000000000000000aa010000000000000000aa010000000000000000aa010000000000000000aa010000000000000000aa010000000000000000aa010000000000000000aa010000000000000000aa010000000000000000aa010000000000000000aa010000000000000000aa010000000000000000aa01
01:07:27.332 [DEBUG] [serial] RX 128 bytes: 0000000000000000aa010000000000000000aa010000000000000000aa010000000000000000aa010000000000000000aa010000000000000000aa010000000000000000aa010000000000000000aa010000000000000000aa010000000000000000aa010000000000000000aa010000000000000000aa010000000000000000
01:07:27.336 [DEBUG] [serial] RX 128 bytes: aa010000000000000000aa010000000000000000aa010000000000000000aa010000000000000000aa010000000000000000aa010000000000000000aa010000000000000000aa010000000000000000aa010000000000000000aa010000000000000000aa010000000000000000aa010000000000000000aa01000000000000
01:07:27.340 [DEBUG] [serial] RX 128 bytes: 0000aa010000000000000000aa010000000000000000aa010000000000000000aa010000000000000000aa010000000000000000aa010000000000000000aa010000000000000000aa010000000000000000aa010000000000000000aa010000000000000000aa010000000000000000aa010000000000000000aa0100000000
01:07:27.344 [DEBUG] [serial] RX 128 bytes: 00000000aa010000000000000000aa010000000000000000aa010000000000000000aa010000000000000000aa010000000000000000aa010000000000000000aa010000000000000000aa010000000000000000aa010000000000000000aa010000000000000000aa010000000000000000aa010000000000000000aa010000
01:07:27.348 [DEBUG] [serial] RX 128 bytes: 000000000000aa010000000000000000aa010000000000000000aa010000000000000000aa010000000000000000aa010000000000000000aa010000000000000000aa010000000000000000aa010000000000000000aa010000000000000000aa010000000000000000aa010000000000000000aa010000000000000000aa01
01:07:27.352 [DEBUG] [serial] RX 128 bytes: 0000000000000000aa010000000000000000aa010000000000000000aa010000000000000000aa010000000000000000aa010000000000000000aa010000000000000000aa010000000000000000aa010000000000000000aa010000000000000000aa010000000000000000aa010000000000000000aa010000000000000000
01:07:27.356 [DEBUG] [serial] RX 128 bytes: aa010000000000000000aa010000000000000000aa010000000000000000aa010000000000000000aa010000000000000000aa010000000000000000aa010000000000000000aa010000000000000000aa010000000000000000aa010000000000000000aa010000000000000000aa010000000000000000aa01000000000000
01:07:27.360 [DEBUG] [serial] RX 128 bytes: 0000aa010000000000000000aa010000000000000000aa010000000000000000aa010000000000000000aa010000000000000000aa010000000000000000aa010000000000000000aa010000000000000000aa010000000000000000aa010000000000000000aa010000000000000000aa010000000000000000aa0100000000
01:07:27.364 [DEBUG] [serial] RX 128 bytes: 00000000aa010000000000000000aa010000000000000000aa010000000000000000aa010000000000000000aa010000000000000000aa010000000000000000aa010000000000000000aa010000000000000000aa010000000000000000aa010000000000000000aa010000000000000000aa010000000000000000aa010000
01:07:27.368 [DEBUG] [serial] RX 128 bytes: 000000000000aa010000000000000000aa010000000000000000aa010000000000000000aa010000000000000000aa010000000000000000aa010000000000000000aa010000000000000000aa010000000000000000aa010000000000000000aa010000000000000000aa010000000000000000aa010000000000000000aa01
01:07:27.372 [DEBUG] [serial] RX 128 bytes: 0000000000000000aa010000000000000000aa010000000000000000aa010000000000000000aa010000000000000000aa010000000000000000aa010000000000000000aa010000000000000000aa010000000000000000aa010000000000000000aa010000000000000000aa010000000000000000aa010000000000000000
01:07:27.376 [DEBUG] [serial] RX 128 bytes: aa010000000000000000aa010000000000000000aa010000000000000000aa010000000000000000aa010000000000000000aa010000000000000000aa010000000000000000aa010000000000000000aa010000000000000000aa010000000000000000aa010000000000000000aa010000000000000000aa01000000000000
01:07:27.380 [DEBUG] [serial] RX 128 bytes: 0000aa010000000000000000aa010000000000000000aa010000000000000000aa010000000000000000aa010000000000000000aa010000000000000000aa010000000000000000aa010000000000000000aa010000000000000000aa010000000000000000aa010000000000000000aa010000000000000000aa0100000000
01:07:27.384 [DEBUG] [serial] RX 128 bytes: 00000000aa010000000000000000aa010000000000000000aa010000000000000000aa010000000000000000aa010000000000000000aa010000000000000000aa010000000000000000aa010000000000000000aa010000000000000000aa010000000000000000aa010000000000000000aa010000000000000000aa010000
01:07:27.388 [DEBUG] [serial] RX 128 bytes: 000000000000aa010000000000000000aa010000000000000000aa010000000000000000aa010000000000000000aa010000000000000000aa010000000000000000aa010000000000000000aa010000000000000000aa010000000000000000aa010000000000000000aa010000000000000000aa010000000000000000aa01
01:07:27.391 [DEBUG] [serial] RX 128 bytes: 0000000000000000aa010000000000000000aa010000000000000000aa010000000000000000aa010000000000000000aa010000000000000000aa010000000000000000aa010000000000000000aa010000000000000000aa010000000000000000aa010000000000000000aa010000000000000000aa010000000000000000
01:07:27.395 [DEBUG] [serial] RX 128 bytes: aa010000000000000000aa010000000000000000aa010000000000000000aa010000000000000000aa010000000000000000aa010000000000000000aa010000000000000000aa010000000000000000aa010000000000000000aa010000000000000000aa010000000000000000aa010000000000000000aa01000000000000
01:07:27.399 [DEBUG] [serial] RX 128 bytes: 0000aa010000000000000000aa010000000000000000aa010000000000000000aa010000000000000000aa010000000000000000aa010000000000000000aa010000000000000000aa010000000000000000aa010000000000000000aa010000000000000000aa010000000000000000aa010000000000000000aa0100000000
01:07:27.403 [DEBUG] [serial] RX 128 bytes: 00000000aa010000000000000000aa010000000000000000aa010000000000000000aa010000000000000000aa010000000000000000aa010000000000000000aa010000000000000000aa010000000000000000aa010000000000000000aa010000000000000000aa010000000000000000aa010000000000000000aa010000
01:07:27.408 [DEBUG] [serial] RX 128 bytes: 000000000000aa010000000000000000aa010000000000000000aa010000000000000000aa010000000000000000aa010000000000000000aa010000000000000000aa010000000000000000aa010000000000000000aa010000000000000000aa010000000000000000aa010000000000000000aa010000000000000000aa01
01:07:27.411 [DEBUG] [serial] RX 128 bytes: 0000000000000000aa010000000000000000aa010000000000000000aa010000000000000000aa010000000000000000aa010000000000000000aa010000000000000000aa010000000000000000aa010000000000000000aa010000000000000000aa010000000000000000aa010000000000000000aa010000000000000000
01:07:27.415 [DEBUG] [serial] RX 128 bytes: aa010000000000000000aa010000000000000000aa010000000000000000aa010000000000000000aa010000000000000000aa010000000000000000aa010000000000000000aa010000000000000000aa010000000000000000aa010000000000000000aa010000000000000000aa010000000000000000aa01000000000000
01:07:27.419 [DEBUG] [serial] RX 128 bytes: 0000aa010000000000000000aa010000000000000000aa010000000000000000aa010000000000000000aa010000000000000000aa010000000000000000aa010000000000000000aa010000000000000000aa010000000000000000aa010000000000000000aa010000000000000000aa010000000000000000aa0100000000
01:07:27.423 [DEBUG] [serial] RX 128 bytes: 00000000aa010000000000000000aa010000000000000000aa010000000000000000aa010000000000000000aa010000000000000000aa010000000000000000aa010000000000000000aa010000000000000000aa010000000000000000aa010000000000000000aa010000000000000000aa010000000000000000aa010000
01:07:27.427 [DEBUG] [serial] RX 128 bytes: 000000000000aa010000000000000000aa010000000000000000aa010000000000000000aa010000000000000000aa010000000000000000aa010000000000000000aa010000000000000000aa010000000000000000aa010000000000000000aa010000000000000000aa010000000000000000aa010000000000000000aa01
01:07:27.431 [DEBUG] [serial] RX 128 bytes: 0000000000000000aa010000000000000000aa010000000000000000aa010000000000000000aa010000000000000000aa010000000000000000aa010000000000000000aa010000000000000000aa010000000000000000aa010000000000000000aa010000000000000000aa010000000000000000aa010000000000000000
01:07:27.435 [DEBUG] [serial] RX 128 bytes: aa010000000000000000aa010000000000000000aa010000000000000000aa010000000000000000aa010000000000000000aa010000000000000000aa010000000000000000aa010000000000000000aa010000000000000000aa010000000000000000aa010000000000000000aa010000000000000000aa01000000000000
01:07:27.439 [DEBUG] [serial] RX 128 bytes: 0000aa010000000000000000aa010000000000000000aa010000000000000000aa010000000000000000aa010000000000000000aa010000000000000000aa010000000000000000aa010000000000000000aa010000000000000000aa010000000000000000aa010000000000000000aa010000000000000000aa0100000000
01:07:27.443 [DEBUG] [serial] RX 128 bytes: 00000000aa010000000000000000aa010000000000000000aa010000000000000000aa010000000000000000aa010000000000000000aa010000000000000000aa010000000000000000aa010000000000000000aa010000000000000000aa010000000000000000aa010000000000000000aa010000000000000000aa010000
01:07:27.447 [DEBUG] [serial] RX 128 bytes: 000000000000aa010000000000000000aa010000000000000000aa010000000000000000aa010000000000000000aa010000000000000000aa010000000000000000aa010000000000000000aa010000000000000000aa010000000000000000aa010000000000000000aa010000000000000000aa010000000000000000aa01
01:07:27.451 [DEBUG] [serial] RX 128 bytes: 0000000000000000aa010000000000000000aa010000000000000000aa010000000000000000aa010000000000000000aa010000000000000000aa010000000000000000aa010000000000000000aa010000000000000000aa010000000000000000aa010000000000000000aa010000000000000000aa010000000000000000
01:07:27.455 [DEBUG] [serial] RX 128 bytes: aa010000000000000000aa010000000000000000aa010000000000000000aa010000000000000000aa010000000000000000aa010000000000000000aa010000000000000000aa010000000000000000aa010000000000000000aa010000000000000000aa010000000000000000aa010000000000000000aa01000000000000
01:07:27.459 [DEBUG] [serial] RX 128 bytes: 0000aa010000000000000000aa010000000000000000aa010000000000000000aa010000000000000000aa010000000000000000aa010000000000000000aa010000000000000000aa010000000000000000aa010000000000000000aa010000000000000000aa010000000000000000aa010000000000000000aa0100000000
01:07:27.463 [DEBUG] [serial] RX 128 bytes: 00000000aa010000000000000000aa010000000000000000aa010000000000000000aa010000000000000000aa010000000000000000aa010000000000000000aa010000000000000000aa010000000000000000aa010000000000000000aa010000000000000000aa010000000000000000aa010000000000000000aa010000
01:07:27.467 [DEBUG] [serial] RX 128 bytes: 000000000000aa010000000000000000aa010000000000000000aa010000000000000000aa010000000000000000aa010000000000000000aa010000000000000000aa010000000000000000aa010000000000000000aa010000000000000000aa010000000000000000aa010000000000000000aa010000000000000000aa01
01:07:27.471 [DEBUG] [serial] RX 128 bytes: 0000000000000000aa010000000000000000aa010000000000000000aa010000000000000000aa010000000000000000aa010000000000000000aa010000000000000000aa010000000000000000aa010000000000000000aa010000000000000000aa010000000000000000aa010000000000000000aa010000000000000000
01:07:27.475 [DEBUG] [serial] RX 128 bytes: aa010000000000000000aa010000000000000000aa010000000000000000aa010000000000000000aa010000000000000000aa010000000000000000aa010000000000000000aa010000000000000000aa010000000000000000aa010000000000000000aa010000000000000000aa010000000000000000aa01000000000000
01:07:27.475 [DEBUG] [serial] PKT #14500: flags=0x01 in=0 ds=0 flt=0
01:07:27.479 [DEBUG] [serial] RX 128 bytes: 0000aa010000000000000000aa010000000000000000aa010000000000000000aa010000000000000000aa010000000000000000aa010000000000000000aa010000000000000000aa010000000000000000aa010000000000000000aa010000000000000000aa010000000000000000aa010000000000000000aa0100000000
01:07:27.483 [DEBUG] [serial] RX 128 bytes: 00000000aa010000000000000000aa010000000000000000aa010000000000000000aa010000000000000000aa010000000000000000aa010000000000000000aa010000000000000000aa010000000000000000aa010000000000000000aa010000000000000000aa010000000000000000aa010000000000000000aa010000
01:07:27.487 [DEBUG] [serial] RX 128 bytes: 000000000000aa010000000000000000aa010000000000000000aa010000000000000000aa010000000000000000aa010000000000000000aa010000000000000000aa010000000000000000aa010000000000000000aa010000000000000000aa010000000000000000aa010000000000000000aa010000000000000000aa01
01:07:27.491 [DEBUG] [serial] RX 128 bytes: 0000000000000000aa010000000000000000aa010000000000000000aa010000000000000000aa010000000000000000aa010000000000000000aa010000000000000000aa010000000000000000aa010000000000000000aa010000000000000000aa010000000000000000aa010000000000000000aa010000000000000000
01:07:27.495 [DEBUG] [serial] RX 128 bytes: aa010000000000000000aa010000000000000000aa010000000000000000aa010000000000000000aa010000000000000000aa010000000000000000aa010000000000000000aa010000000000000000aa010000000000000000aa010000000000000000aa010000000000000000aa010000000000000000aa01000000000000
01:07:27.499 [DEBUG] [serial] RX 128 bytes: 0000aa010000000000000000aa010000000000000000aa010000000000000000aa010000000000000000aa010000000000000000aa010000000000000000aa010000000000000000aa010000000000000000aa010000000000000000aa010000000000000000aa010000000000000000aa010000000000000000aa0100000000
01:07:27.503 [DEBUG] [serial] RX 128 bytes: 00000000aa010000000000000000aa010000000000000000aa010000000000000000aa010000000000000000aa010000000000000000aa010000000000000000aa010000000000000000aa010000000000000000aa010000000000000000aa010000000000000000aa010000000000000000aa010000000000000000aa010000
01:07:27.507 [DEBUG] [serial] RX 128 bytes: 000000000000aa010000000000000000aa010000000000000000aa010000000000000000aa010000000000000000aa010000000000000000aa010000000000000000aa010000000000000000aa010000000000000000aa010000000000000000aa010000000000000000aa010000000000000000aa010000000000000000aa01
01:07:27.511 [DEBUG] [serial] RX 128 bytes: 0000000000000000aa010000000000000000aa010000000000000000aa010000000000000000aa010000000000000000aa010000000000000000aa010000000000000000aa010000000000000000aa010000000000000000aa010000000000000000aa010000000000000000aa010000000000000000aa010000000000000000
01:07:27.515 [DEBUG] [serial] RX 128 bytes: aa010000000000000000aa010000000000000000aa010000000000000000aa010000000000000000aa010000000000000000aa010000000000000000aa010000000000000000aa010000000000000000aa010000000000000000aa010000000000000000aa010000000000000000aa010000000000000000aa01000000000000
01:07:27.519 [DEBUG] [serial] RX 128 bytes: 0000aa010000000000000000aa010000000000000000aa010000000000000000aa010000000000000000aa010000000000000000aa010000000000000000aa010000000000000000aa010000000000000000aa010000000000000000aa010000000000000000aa010000000000000000aa010000000000000000aa0100000000
01:07:27.523 [DEBUG] [serial] RX 128 bytes: 00000000aa010000000000000000aa010000000000000000aa010000000000000000aa010000000000000000aa010000000000000000aa010000000000000000aa010000000000000000aa010000000000000000aa010000000000000000aa010000000000000000aa010000000000000000aa010000000000000000aa010000
01:07:27.527 [DEBUG] [serial] RX 128 bytes: 000000000000aa010000000000000000aa010000000000000000aa010000000000000000aa010000000000000000aa010000000000000000aa010000000000000000aa010000000000000000aa010000000000000000aa010000000000000000aa010000000000000000aa010000000000000000aa010000000000000000aa01
01:07:27.530 [DEBUG] [serial] RX 128 bytes: 0000000000000000aa010000000000000000aa010000000000000000aa010000000000000000aa010000000000000000aa010000000000000000aa010000000000000000aa010000000000000000aa010000000000000000aa010000000000000000aa010000000000000000aa010000000000000000aa010000000000000000
01:07:27.534 [DEBUG] [serial] RX 128 bytes: aa010000000000000000aa010000000000000000aa010000000000000000aa010000000000000000aa010000000000000000aa010000000000000000aa010000000000000000aa010000000000000000aa010000000000000000aa010000000000000000aa010000000000000000aa010000000000000000aa01000000000000
01:07:27.539 [DEBUG] [serial] RX 128 bytes: 0000aa010000000000000000aa010000000000000000aa010000000000000000aa010000000000000000aa010000000000000000aa010000000000000000aa010000000000000000aa010000000000000000aa010000000000000000aa010000000000000000aa010000000000000000aa010000000000000000aa0100000000
01:07:27.543 [DEBUG] [serial] RX 128 bytes: 00000000aa010000000000000000aa010000000000000000aa010000000000000000aa010000000000000000aa010000000000000000aa010000000000000000aa010000000000000000aa010000000000000000aa010000000000000000aa010000000000000000aa010000000000000000aa010000000000000000aa010000
01:07:27.547 [DEBUG] [serial] RX 128 bytes: 000000000000aa010000000000000000aa010000000000000000aa010000000000000000aa010000000000000000aa010000000000000000aa010000000000000000aa010000000000000000aa010000000000000000aa010000000000000000aa010000000000000000aa010000000000000000aa010000000000000000aa01
01:07:27.550 [DEBUG] [serial] RX 128 bytes: 0000000000000000aa010000000000000000aa010000000000000000aa010000000000000000aa010000000000000000aa010000000000000000aa010000000000000000aa010000000000000000aa010000000000000000aa010000000000000000aa010000000000000000aa010000000000000000aa010000000000000000
01:07:27.554 [DEBUG] [serial] RX 128 bytes: aa010000000000000000aa010000000000000000aa010000000000000000aa010000000000000000aa010000000000000000aa010000000000000000aa010000000000000000aa010000000000000000aa010000000000000000aa010000000000000000aa010000000000000000aa010000000000000000aa01000000000000
01:07:27.558 [DEBUG] [serial] RX 128 bytes: 0000aa010000000000000000aa010000000000000000aa010000000000000000aa010000000000000000aa010000000000000000aa010000000000000000aa010000000000000000aa010000000000000000aa010000000000000000aa010000000000000000aa010000000000000000aa010000000000000000aa0100000000
01:07:27.562 [DEBUG] [serial] RX 128 bytes: 00000000aa010000000000000000aa010000000000000000aa010000000000000000aa010000000000000000aa010000000000000000aa010000000000000000aa010000000000000000aa010000000000000000aa010000000000000000aa010000000000000000aa010000000000000000aa010000000000000000aa010000
01:07:27.566 [DEBUG] [serial] RX 128 bytes: 000000000000aa010000000000000000aa010000000000000000aa010000000000000000aa010000000000000000aa010000000000000000aa010000000000000000aa010000000000000000aa010000000000000000aa010000000000000000aa010000000000000000aa010000000000000000aa010000000000000000aa01
01:07:27.570 [DEBUG] [serial] RX 128 bytes: 0000000000000000aa010000000000000000aa010000000000000000aa010000000000000000aa010000000000000000aa010000000000000000aa010000000000000000aa010000000000000000aa010000000000000000aa010000000000000000aa010000000000000000aa010000000000000000aa010000000000000000
01:07:27.574 [DEBUG] [serial] RX 128 bytes: aa010000000000000000aa010000000000000000aa010000000000000000aa010000000000000000aa010000000000000000aa010000000000000000aa010000000000000000aa010000000000000000aa010000000000000000aa010000000000000000aa010000000000000000aa010000000000000000aa01000000000000
01:07:27.579 [DEBUG] [serial] RX 128 bytes: 0000aa010000000000000000aa010000000000000000aa010000000000000000aa010000000000000000aa010000000000000000aa010000000000000000aa010000000000000000aa010000000000000000aa010000000000000000aa010000000000000000aa010000000000000000aa010000000000000000aa0100000000
01:07:27.582 [DEBUG] [serial] RX 128 bytes: 00000000aa010000000000000000aa010000000000000000aa010000000000000000aa010000000000000000aa010000000000000000aa010000000000000000aa010000000000000000aa010000000000000000aa010000000000000000aa010000000000000000aa010000000000000000aa010000000000000000aa010000
01:07:27.586 [DEBUG] [serial] RX 128 bytes: 000000000000aa010000000000000000aa010000000000000000aa010000000000000000aa010000000000000000aa010000000000000000aa010000000000000000aa010000000000000000aa010000000000000000aa010000000000000000aa010000000000000000aa010000000000000000aa010000000000000000aa01
01:07:27.590 [DEBUG] [serial] RX 128 bytes: 0000000000000000aa010000000000000000aa010000000000000000aa010000000000000000aa010000000000000000aa010000000000000000aa010000000000000000aa010000000000000000aa010000000000000000aa010000000000000000aa010000000000000000aa010000000000000000aa010000000000000000
01:07:27.594 [DEBUG] [serial] RX 128 bytes: aa010000000000000000aa010000000000000000aa010000000000000000aa010000000000000000aa010000000000000000aa010000000000000000aa010000000000000000aa010000000000000000aa010000000000000000aa010000000000000000aa010000000000000000aa010000000000000000aa01000000000000
01:07:27.598 [DEBUG] [serial] RX 128 bytes: 0000aa010000000000000000aa010000000000000000aa010000000000000000aa010000000000000000aa010000000000000000aa010000000000000000aa010000000000000000aa010000000000000000aa010000000000000000aa010000000000000000aa010000000000000000aa010000000000000000aa0100000000
01:07:27.602 [DEBUG] [serial] RX 128 bytes: 00000000aa010000000000000000aa010000000000000000aa010000000000000000aa010000000000000000aa010000000000000000aa010000000000000000aa010000000000000000aa010000000000000000aa010000000000000000aa010000000000000000aa010000000000000000aa010000000000000000aa010000
01:07:27.606 [DEBUG] [serial] RX 128 bytes: 000000000000aa010000000000000000aa010000000000000000aa010000000000000000aa010000000000000000aa010000000000000000aa010000000000000000aa010000000000000000aa010000000000000000aa010000000000000000aa010000000000000000aa010000000000000000aa010000000000000000aa01
01:07:27.610 [DEBUG] [serial] RX 128 bytes: 0000000000000000aa010000000000000000aa010000000000000000aa010000000000000000aa010000000000000000aa010000000000000000aa010000000000000000aa010000000000000000aa010000000000000000aa010000000000000000aa010000000000000000aa010000000000000000aa010000000000000000
01:07:27.614 [DEBUG] [serial] RX 128 bytes: aa010000000000000000aa010000000000000000aa010000000000000000aa010000000000000000aa010000000000000000aa010000000000000000aa010000000000000000aa010000000000000000aa010000000000000000aa010000000000000000aa010000000000000000aa010000000000000000aa01000000000000
01:07:27.618 [DEBUG] [serial] RX 128 bytes: 0000aa010000000000000000aa010000000000000000aa010000000000000000aa010000000000000000aa010000000000000000aa010000000000000000aa010000000000000000aa010000000000000000aa010000000000000000aa010000000000000000aa010000000000000000aa010000000000000000aa0100000000
01:07:27.622 [DEBUG] [serial] RX 128 bytes: 00000000aa010000000000000000aa010000000000000000aa010000000000000000aa010000000000000000aa010000000000000000aa010000000000000000aa010000000000000000aa010000000000000000aa010000000000000000aa010000000000000000aa010000000000000000aa010000000000000000aa010000
01:07:27.626 [DEBUG] [serial] RX 128 bytes: 000000000000aa010000000000000000aa010000000000000000aa010000000000000000aa010000000000000000aa010000000000000000aa010000000000000000aa010000000000000000aa010000000000000000aa010000000000000000aa010000000000000000aa010000000000000000aa010000000000000000aa01
01:07:27.630 [DEBUG] [serial] RX 128 bytes: 0000000000000000aa010000000000000000aa010000000000000000aa010000000000000000aa010000000000000000aa010000000000000000aa010000000000000000aa010000000000000000aa010000000000000000aa010000000000000000aa010000000000000000aa010000000000000000aa010000000000000000
01:07:27.630 [DEBUG] [serial] PKT #15000: flags=0x01 in=0 ds=0 flt=0
01:07:27.634 [DEBUG] [serial] RX 128 bytes: aa010000000000000000aa010000000000000000aa010000000000000000aa010000000000000000aa010000000000000000aa010000000000000000aa010000000000000000aa010000000000000000aa010000000000000000aa010000000000000000aa010000000000000000aa010000000000000000aa01000000000000
01:07:27.638 [DEBUG] [serial] RX 128 bytes: 0000aa010000000000000000aa010000000000000000aa010000000000000000aa010000000000000000aa010000000000000000aa010000000000000000aa010000000000000000aa010000000000000000aa010000000000000000aa010000000000000000aa010000000000000000aa010000000000000000aa0100000000
01:07:27.642 [DEBUG] [serial] RX 128 bytes: 00000000aa010000000000000000aa010000000000000000aa010000000000000000aa010000000000000000aa010000000000000000aa010000000000000000aa010000000000000000aa010000000000000000aa010000000000000000aa010000000000000000aa010000000000000000aa010000000000000000aa010000
01:07:27.646 [DEBUG] [serial] RX 128 bytes: 000000000000aa010000000000000000aa010000000000000000aa010000000000000000aa010000000000000000aa010000000000000000aa010000000000000000aa010000000000000000aa010000000000000000aa010000000000000000aa010000000000000000aa010000000000000000aa010000000000000000aa01
01:07:27.650 [DEBUG] [serial] RX 128 bytes: 0000000000000000aa010000000000000000aa010000000000000000aa010000000000000000aa010000000000000000aa010000000000000000aa010000000000000000aa010000000000000000aa010000000000000000aa010000000000000000aa010000000000000000aa010000000000000000aa010000000000000000
01:07:27.654 [DEBUG] [serial] RX 128 bytes: aa010000000000000000aa010000000000000000aa010000000000000000aa010000000000000000aa010000000000000000aa010000000000000000aa010000000000000000aa010000000000000000aa010000000000000000aa010000000000000000aa010000000000000000aa010000000000000000aa01000000000000
01:07:27.658 [DEBUG] [serial] RX 128 bytes: 0000aa010000000000000000aa010000000000000000aa010000000000000000aa010000000000000000aa010000000000000000aa010000000000000000aa010000000000000000aa010000000000000000aa010000000000000000aa010000000000000000aa010000000000000000aa010000000000000000aa0100000000
01:07:27.662 [DEBUG] [serial] RX 128 bytes: 00000000aa010000000000000000aa010000000000000000aa010000000000000000aa010000000000000000aa010000000000000000aa010000000000000000aa010000000000000000aa010000000000000000aa010000000000000000aa010000000000000000aa010000000000000000aa010000000000000000aa010000
01:07:27.666 [DEBUG] [serial] RX 128 bytes: 000000000000aa010000000000000000aa010000000000000000aa010000000000000000aa010000000000000000aa010000000000000000aa010000000000000000aa010000000000000000aa010000000000000000aa010000000000000000aa010000000000000000aa010000000000000000aa010000000000000000aa01
01:07:27.670 [DEBUG] [serial] RX 128 bytes: 0000000000000000aa010000000000000000aa010000000000000000aa010000000000000000aa010000000000000000aa010000000000000000aa010000000000000000aa010000000000000000aa010000000000000000aa010000000000000000aa010000000000000000aa010000000000000000aa010000000000000000
01:07:27.674 [DEBUG] [serial] RX 128 bytes: aa010000000000000000aa010000000000000000aa010000000000000000aa010000000000000000aa010000000000000000aa010000000000000000aa010000000000000000aa010000000000000000aa010000000000000000aa010000000000000000aa010000000000000000aa010000000000000000aa01000000000000
01:07:27.678 [DEBUG] [serial] RX 128 bytes: 0000aa010000000000000000aa010000000000000000aa010000000000000000aa010000000000000000aa010000000000000000aa010000000000000000aa010000000000000000aa010000000000000000aa010000000000000000aa010000000000000000aa010000000000000000aa010000000000000000aa0100000000
01:07:27.682 [DEBUG] [serial] RX 128 bytes: 00000000aa010000000000000000aa010000000000000000aa010000000000000000aa010000000000000000aa010000000000000000aa010000000000000000aa010000000000000000aa010000000000000000aa010000000000000000aa010000000000000000aa010000000000000000aa010000000000000000aa010000
01:07:27.686 [DEBUG] [serial] RX 128 bytes: 000000000000aa010000000000000000aa010000000000000000aa010000000000000000aa010000000000000000aa010000000000000000aa010000000000000000aa010000000000000000aa010000000000000000aa010000000000000000aa010000000000000000aa010000000000000000aa010000000000000000aa01
01:07:27.689 [DEBUG] [serial] RX 128 bytes: 0000000000000000aa010000000000000000aa010000000000000000aa010000000000000000aa010000000000000000aa010000000000000000aa010000000000000000aa010000000000000000aa010000000000000000aa010000000000000000aa010000000000000000aa010000000000000000aa010000000000000000
01:07:27.693 [DEBUG] [serial] RX 128 bytes: aa010000000000000000aa010000000000000000aa010000000000000000aa010000000000000000aa010000000000000000aa010000000000000000aa010000000000000000aa010000000000000000aa010000000000000000aa010000000000000000aa010000000000000000aa010000000000000000aa01000000000000
01:07:27.697 [DEBUG] [serial] RX 128 bytes: 0000aa010000000000000000aa010000000000000000aa010000000000000000aa010000000000000000aa010000000000000000aa010000000000000000aa010000000000000000aa010000000000000000aa010000000000000000aa010000000000000000aa010000000000000000aa010000000000000000aa0100000000
01:07:27.701 [DEBUG] [serial] RX 128 bytes: 00000000aa010000000000000000aa010000000000000000aa010000000000000000aa010000000000000000aa010000000000000000aa010000000000000000aa010000000000000000aa010000000000000000aa010000000000000000aa010000000000000000aa010000000000000000aa010000000000000000aa010000
01:07:27.706 [DEBUG] [serial] RX 128 bytes: 000000000000aa010000000000000000aa010000000000000000aa010000000000000000aa010000000000000000aa010000000000000000aa010000000000000000aa010000000000000000aa010000000000000000aa010000000000000000aa010000000000000000aa010000000000000000aa010000000000000000aa01
01:07:27.709 [DEBUG] [serial] RX 128 bytes: 0000000000000000aa010000000000000000aa010000000000000000aa010000000000000000aa010000000000000000aa010000000000000000aa010000000000000000aa010000000000000000aa010000000000000000aa010000000000000000aa010000000000000000aa010000000000000000aa010000000000000000
01:07:27.713 [DEBUG] [serial] RX 128 bytes: aa010000000000000000aa010000000000000000aa010000000000000000aa010000000000000000aa010000000000000000aa010000000000000000aa010000000000000000aa010000000000000000aa010000000000000000aa010000000000000000aa010000000000000000aa010000000000000000aa01000000000000
01:07:27.717 [DEBUG] [serial] RX 128 bytes: 0000aa010000000000000000aa010000000000000000aa010000000000000000aa010000000000000000aa010000000000000000aa010000000000000000aa010000000000000000aa010000000000000000aa010000000000000000aa010000000000000000aa010000000000000000aa010000000000000000aa0100000000
01:07:27.721 [DEBUG] [serial] RX 128 bytes: 00000000aa010000000000000000aa010000000000000000aa010000000000000000aa010000000000000000aa010000000000000000aa010000000000000000aa010000000000000000aa010000000000000000aa010000000000000000aa010000000000000000aa010000000000000000aa010000000000000000aa010000
01:07:27.725 [DEBUG] [serial] RX 128 bytes: 000000000000aa010000000000000000aa010000000000000000aa010000000000000000aa010000000000000000aa010000000000000000aa010000000000000000aa010000000000000000aa010000000000000000aa010000000000000000aa010000000000000000aa010000000000000000aa010000000000000000aa01
01:07:27.729 [DEBUG] [serial] RX 128 bytes: 0000000000000000aa010000000000000000aa010000000000000000aa010000000000000000aa010000000000000000aa010000000000000000aa010000000000000000aa010000000000000000aa010000000000000000aa010000000000000000aa010000000000000000aa010000000000000000aa010000000000000000
01:07:27.733 [DEBUG] [serial] RX 128 bytes: aa010000000000000000aa010000000000000000aa010000000000000000aa010000000000000000aa010000000000000000aa010000000000000000aa010000000000000000aa010000000000000000aa010000000000000000aa010000000000000000aa010000000000000000aa010000000000000000aa01000000000000
01:07:27.737 [DEBUG] [serial] RX 128 bytes: 0000aa010000000000000000aa010000000000000000aa010000000000000000aa010000000000000000aa010000000000000000aa010000000000000000aa010000000000000000aa010000000000000000aa010000000000000000aa010000000000000000aa010000000000000000aa010000000000000000aa0100000000
01:07:27.741 [DEBUG] [serial] RX 128 bytes: 00000000aa010000000000000000aa010000000000000000aa010000000000000000aa010000000000000000aa010000000000000000aa010000000000000000aa010000000000000000aa010000000000000000aa010000000000000000aa010000000000000000aa010000000000000000aa010000000000000000aa010000
01:07:27.745 [DEBUG] [serial] RX 128 bytes: 000000000000aa010000000000000000aa010000000000000000aa010000000000000000aa010000000000000000aa010000000000000000aa010000000000000000aa010000000000000000aa010000000000000000aa010000000000000000aa010000000000000000aa010000000000000000aa010000000000000000aa01
01:07:27.749 [DEBUG] [serial] RX 128 bytes: 0000000000000000aa010000000000000000aa010000000000000000aa010000000000000000aa010000000000000000aa010000000000000000aa010000000000000000aa010000000000000000aa010000000000000000aa010000000000000000aa010000000000000000aa010000000000000000aa010000000000000000
01:07:27.753 [DEBUG] [serial] RX 128 bytes: aa010000000000000000aa010000000000000000aa010000000000000000aa010000000000000000aa010000000000000000aa010000000000000000aa010000000000000000aa010000000000000000aa010000000000000000aa010000000000000000aa010000000000000000aa010000000000000000aa01000000000000
01:07:27.757 [DEBUG] [serial] RX 128 bytes: 0000aa010000000000000000aa010000000000000000aa010000000000000000aa010000000000000000aa010000000000000000aa010000000000000000aa010000000000000000aa010000000000000000aa010000000000000000aa010000000000000000aa010000000000000000aa010000000000000000aa0100000000
01:07:27.761 [DEBUG] [serial] RX 128 bytes: 00000000aa010000000000000000aa010000000000000000aa010000000000000000aa010000000000000000aa010000000000000000aa010000000000000000aa010000000000000000aa010000000000000000aa010000000000000000aa010000000000000000aa010000000000000000aa010000000000000000aa010000
01:07:27.765 [DEBUG] [serial] RX 128 bytes: 000000000000aa010000000000000000aa010000000000000000aa010000000000000000aa010000000000000000aa010000000000000000aa010000000000000000aa010000000000000000aa010000000000000000aa010000000000000000aa010000000000000000aa010000000000000000aa010000000000000000aa01
01:07:27.769 [DEBUG] [serial] RX 128 bytes: 0000000000000000aa010000000000000000aa010000000000000000aa010000000000000000aa010000000000000000aa010000000000000000aa010000000000000000aa010000000000000000aa010000000000000000aa010000000000000000aa010000000000000000aa010000000000000000aa010000000000000000
01:07:27.773 [DEBUG] [serial] RX 128 bytes: aa010000000000000000aa010000000000000000aa010000000000000000aa010000000000000000aa010000000000000000aa010000000000000000aa010000000000000000aa010000000000000000aa010000000000000000aa010000000000000000aa010000000000000000aa010000000000000000aa01000000000000
01:07:27.777 [DEBUG] [serial] RX 128 bytes: 0000aa010000000000000000aa010000000000000000aa010000000000000000aa010000000000000000aa010000000000000000aa010000000000000000aa010000000000000000aa010000000000000000aa010000000000000000aa010000000000000000aa010000000000000000aa010000000000000000aa0100000000
01:07:27.781 [DEBUG] [serial] RX 128 bytes: 00000000aa010000000000000000aa010000000000000000aa010000000000000000aa010000000000000000aa010000000000000000aa010000000000000000aa010000000000000000aa010000000000000000aa010000000000000000aa010000000000000000aa010000000000000000aa010000000000000000aa010000
01:07:27.785 [DEBUG] [serial] RX 128 bytes: 000000000000aa010000000000000000aa010000000000000000aa010000000000000000aa010000000000000000aa010000000000000000aa010000000000000000aa010000000000000000aa010000000000000000aa010000000000000000aa010000000000000000aa010000000000000000aa010000000000000000aa01
01:07:27.785 [DEBUG] [serial] PKT #15500: flags=0x01 in=0 ds=0 flt=0
01:07:27.789 [DEBUG] [serial] RX 128 bytes: 0000000000000000aa010000000000000000aa010000000000000000aa010000000000000000aa010000000000000000aa010000000000000000aa010000000000000000aa010000000000000000aa010000000000000000aa010000000000000000aa010000000000000000aa010000000000000000aa010000000000000000
01:07:27.793 [DEBUG] [serial] RX 128 bytes: aa010000000000000000aa010000000000000000aa010000000000000000aa010000000000000000aa010000000000000000aa010000000000000000aa010000000000000000aa010000000000000000aa010000000000000000aa010000000000000000aa010000000000000000aa010000000000000000aa01000000000000
01:07:27.797 [DEBUG] [serial] RX 128 bytes: 0000aa010000000000000000aa010000000000000000aa010000000000000000aa010000000000000000aa010000000000000000aa010000000000000000aa010000000000000000aa010000000000000000aa010000000000000000aa010000000000000000aa010000000000000000aa010000000000000000aa0100000000
01:07:27.801 [DEBUG] [serial] RX 128 bytes: 00000000aa010000000000000000aa010000000000000000aa010000000000000000aa010000000000000000aa010000000000000000aa010000000000000000aa010000000000000000aa010000000000000000aa010000000000000000aa010000000000000000aa010000000000000000aa010000000000000000aa010000
01:07:27.805 [DEBUG] [serial] RX 128 bytes: 000000000000aa010000000000000000aa010000000000000000aa010000000000000000aa010000000000000000aa010000000000000000aa010000000000000000aa010000000000000000aa010000000000000000aa010000000000000000aa010000000000000000aa010000000000000000aa010000000000000000aa01
01:07:27.809 [DEBUG] [serial] RX 128 bytes: 0000000000000000aa010000000000000000aa010000000000000000aa010000000000000000aa010000000000000000aa010000000000000000aa010000000000000000aa010000000000000000aa010000000000000000aa010000000000000000aa010000000000000000aa010000000000000000aa010000000000000000
01:07:27.813 [DEBUG] [serial] RX 128 bytes: aa010000000000000000aa010000000000000000aa010000000000000000aa010000000000000000aa010000000000000000aa010000000000000000aa010000000000000000aa010000000000000000aa010000000000000000aa010000000000000000aa010000000000000000aa010000000000000000aa01000000000000
01:07:27.817 [DEBUG] [serial] RX 128 bytes: 0000aa010000000000000000aa010000000000000000aa010000000000000000aa010000000000000000aa010000000000000000aa010000000000000000aa010000000000000000aa010000000000000000aa010000000000000000aa010000000000000000aa010000000000000000aa010000000000000000aa0100000000
01:07:27.821 [DEBUG] [serial] RX 128 bytes: 00000000aa010000000000000000aa010000000000000000aa010000000000000000aa010000000000000000aa010000000000000000aa010000000000000000aa010000000000000000aa010000000000000000aa010000000000000000aa010000000000000000aa010000000000000000aa010000000000000000aa010000
01:07:27.825 [DEBUG] [serial] RX 128 bytes: 000000000000aa010000000000000000aa010000000000000000aa010000000000000000aa010000000000000000aa010000000000000000aa010000000000000000aa010000000000000000aa010000000000000000aa010000000000000000aa010000000000000000aa010000000000000000aa010000000000000000aa01
01:07:27.828 [DEBUG] [serial] RX 128 bytes: 0000000000000000aa010000000000000000aa010000000000000000aa010000000000000000aa010000000000000000aa010000000000000000aa010000000000000000aa010000000000000000aa010000000000000000aa010000000000000000aa010000000000000000aa010000000000000000aa010000000000000000
01:07:27.832 [DEBUG] [serial] RX 128 bytes: aa010000000000000000aa010000000000000000aa010000000000000000aa010000000000000000aa010000000000000000aa010000000000000000aa010000000000000000aa010000000000000000aa010000000000000000aa010000000000000000aa010000000000000000aa010000000000000000aa01000000000000
01:07:27.836 [DEBUG] [serial] RX 128 bytes: 0000aa010000000000000000aa010000000000000000aa010000000000000000aa010000000000000000aa010000000000000000aa010000000000000000aa010000000000000000aa010000000000000000aa010000000000000000aa010000000000000000aa010000000000000000aa010000000000000000aa0100000000
01:07:27.841 [DEBUG] [serial] RX 128 bytes: 00000000aa010000000000000000aa010000000000000000aa010000000000000000aa010000000000000000aa010000000000000000aa010000000000000000aa010000000000000000aa010000000000000000aa010000000000000000aa010000000000000000aa010000000000000000aa010000000000000000aa010000
01:07:27.845 [DEBUG] [serial] RX 128 bytes: 000000000000aa010000000000000000aa010000000000000000aa010000000000000000aa010000000000000000aa010000000000000000aa010000000000000000aa010000000000000000aa010000000000000000aa010000000000000000aa010000000000000000aa010000000000000000aa010000000000000000aa01
01:07:27.848 [DEBUG] [serial] RX 128 bytes: 0000000000000000aa010000000000000000aa010000000000000000aa010000000000000000aa010000000000000000aa010000000000000000aa010000000000000000aa010000000000000000aa010000000000000000aa010000000000000000aa010000000000000000aa010000000000000000aa010000000000000000
01:07:27.852 [DEBUG] [serial] RX 128 bytes: aa010000000000000000aa010000000000000000aa010000000000000000aa010000000000000000aa010000000000000000aa010000000000000000aa010000000000000000aa010000000000000000aa010000000000000000aa010000000000000000aa010000000000000000aa010000000000000000aa01000000000000
01:07:27.856 [DEBUG] [serial] RX 128 bytes: 0000aa010000000000000000aa010000000000000000aa010000000000000000aa010000000000000000aa010000000000000000aa010000000000000000aa010000000000000000aa010000000000000000aa010000000000000000aa010000000000000000aa010000000000000000aa010000000000000000aa0100000000
01:07:27.860 [DEBUG] [serial] RX 128 bytes: 00000000aa010000000000000000aa010000000000000000aa010000000000000000aa010000000000000000aa010000000000000000aa010000000000000000aa010000000000000000aa010000000000000000aa010000000000000000aa010000000000000000aa010000000000000000aa010000000000000000aa010000
01:07:27.864 [DEBUG] [serial] RX 128 bytes: 000000000000aa010000000000000000aa010000000000000000aa010000000000000000aa010000000000000000aa010000000000000000aa010000000000000000aa010000000000000000aa010000000000000000aa010000000000000000aa010000000000000000aa010000000000000000aa010000000000000000aa01
01:07:27.868 [DEBUG] [serial] RX 128 bytes: 0000000000000000aa010000000000000000aa010000000000000000aa010000000000000000aa010000000000000000aa010000000000000000aa010000000000000000aa010000000000000000aa010000000000000000aa010000000000000000aa010000000000000000aa010000000000000000aa010000000000000000
01:07:27.872 [DEBUG] [serial] RX 128 bytes: aa010000000000000000aa010000000000000000aa010000000000000000aa010000000000000000aa010000000000000000aa010000000000000000aa010000000000000000aa010000000000000000aa010000000000000000aa010000000000000000aa010000000000000000aa010000000000000000aa01000000000000
01:07:27.876 [DEBUG] [serial] RX 128 bytes: 0000aa010000000000000000aa010000000000000000aa010000000000000000aa010000000000000000aa010000000000000000aa010000000000000000aa010000000000000000aa010000000000000000aa010000000000000000aa010000000000000000aa010000000000000000aa010000000000000000aa0100000000
01:07:27.880 [DEBUG] [serial] RX 128 bytes: 00000000aa010000000000000000aa010000000000000000aa010000000000000000aa010000000000000000aa010000000000000000aa010000000000000000aa010000000000000000aa010000000000000000aa010000000000000000aa010000000000000000aa010000000000000000aa010000000000000000aa010000
01:07:27.884 [DEBUG] [serial] RX 128 bytes: 000000000000aa010000000000000000aa010000000000000000aa010000000000000000aa010000000000000000aa010000000000000000aa010000000000000000aa010000000000000000aa010000000000000000aa010000000000000000aa010000000000000000aa010000000000000000aa010000000000000000aa01
01:07:27.888 [DEBUG] [serial] RX 128 bytes: 0000000000000000aa010000000000000000aa010000000000000000aa010000000000000000aa010000000000000000aa010000000000000000aa010000000000000000aa010000000000000000aa010000000000000000aa010000000000000000aa010000000000000000aa010000000000000000aa010000000000000000
01:07:27.892 [DEBUG] [serial] RX 128 bytes: aa010000000000000000aa010000000000000000aa010000000000000000aa010000000000000000aa010000000000000000aa010000000000000000aa010000000000000000aa010000000000000000aa010000000000000000aa010000000000000000aa010000000000000000aa010000000000000000aa01000000000000
01:07:27.896 [DEBUG] [serial] RX 128 bytes: 0000aa010000000000000000aa010000000000000000aa010000000000000000aa010000000000000000aa010000000000000000aa010000000000000000aa010000000000000000aa010000000000000000aa010000000000000000aa010000000000000000aa010000000000000000aa010000000000000000aa0100000000
01:07:27.900 [DEBUG] [serial] RX 128 bytes: 00000000aa010000000000000000aa010000000000000000aa010000000000000000aa010000000000000000aa010000000000000000aa010000000000000000aa010000000000000000aa010000000000000000aa010000000000000000aa010000000000000000aa010000000000000000aa010000000000000000aa010000
01:07:27.904 [DEBUG] [serial] RX 128 bytes: 000000000000aa010000000000000000aa010000000000000000aa010000000000000000aa010000000000000000aa010000000000000000aa010000000000000000aa010000000000000000aa010000000000000000aa010000000000000000aa010000000000000000aa010000000000000000aa010000000000000000aa01
01:07:27.908 [DEBUG] [serial] RX 128 bytes: 0000000000000000aa010000000000000000aa010000000000000000aa010000000000000000aa010000000000000000aa010000000000000000aa010000000000000000aa010000000000000000aa010000000000000000aa010000000000000000aa010000000000000000aa010000000000000000aa010000000000000000
01:07:27.912 [DEBUG] [serial] RX 128 bytes: aa010000000000000000aa010000000000000000aa010000000000000000aa010000000000000000aa010000000000000000aa010000000000000000aa010000000000000000aa010000000000000000aa010000000000000000aa010000000000000000aa010000000000000000aa010000000000000000aa01000000000000
01:07:27.916 [DEBUG] [serial] RX 128 bytes: 0000aa010000000000000000aa010000000000000000aa010000000000000000aa010000000000000000aa010000000000000000aa010000000000000000aa010000000000000000aa010000000000000000aa010000000000000000aa010000000000000000aa010000000000000000aa010000000000000000aa0100000000
01:07:27.920 [DEBUG] [serial] RX 128 bytes: 00000000aa010000000000000000aa010000000000000000aa010000000000000000aa010000000000000000aa010000000000000000aa010000000000000000aa010000000000000000aa010000000000000000aa010000000000000000aa010000000000000000aa010000000000000000aa010000000000000000aa010000
01:07:27.924 [DEBUG] [serial] RX 128 bytes: 000000000000aa010000000000000000aa010000000000000000aa010000000000000000aa010000000000000000aa010000000000000000aa010000000000000000aa010000000000000000aa010000000000000000aa010000000000000000aa010000000000000000aa010000000000000000aa010000000000000000aa01
01:07:27.928 [DEBUG] [serial] RX 128 bytes: 0000000000000000aa010000000000000000aa010000000000000000aa010000000000000000aa010000000000000000aa010000000000000000aa010000000000000000aa010000000000000000aa010000000000000000aa010000000000000000aa010000000000000000aa010000000000000000aa010000000000000000
01:07:27.932 [DEBUG] [serial] RX 128 bytes: aa010000000000000000aa010000000000000000aa010000000000000000aa010000000000000000aa010000000000000000aa010000000000000000aa010000000000000000aa010000000000000000aa010000000000000000aa010000000000000000aa010000000000000000aa010000000000000000aa01000000000000
01:07:27.936 [DEBUG] [serial] RX 128 bytes: 0000aa010000000000000000aa010000000000000000aa010000000000000000aa010000000000000000aa010000000000000000aa010000000000000000aa010000000000000000aa010000000000000000aa010000000000000000aa010000000000000000aa010000000000000000aa010000000000000000aa0100000000
01:07:27.940 [DEBUG] [serial] RX 128 bytes: 00000000aa010000000000000000aa010000000000000000aa010000000000000000aa010000000000000000aa010000000000000000aa010000000000000000aa010000000000000000aa010000000000000000aa010000000000000000aa010000000000000000aa010000000000000000aa010000000000000000aa010000
01:07:27.940 [DEBUG] [serial] PKT #16000: flags=0x01 in=0 ds=0 flt=0
01:07:27.944 [DEBUG] [serial] RX 128 bytes: 000000000000aa010000000000000000aa010000000000000000aa010000000000000000aa010000000000000000aa010000000000000000aa010000000000000000aa010000000000000000aa010000000000000000aa010000000000000000aa010000000000000000aa010000000000000000aa010000000000000000aa01
01:07:27.948 [DEBUG] [serial] RX 128 bytes: 0000000000000000aa010000000000000000aa010000000000000000aa010000000000000000aa010000000000000000aa010000000000000000aa010000000000000000aa010000000000000000aa010000000000000000aa010000000000000000aa010000000000000000aa010000000000000000aa010000000000000000
01:07:27.952 [DEBUG] [serial] RX 128 bytes: aa010000000000000000aa010000000000000000aa010000000000000000aa010000000000000000aa010000000000000000aa010000000000000000aa010000000000000000aa010000000000000000aa010000000000000000aa010000000000000000aa010000000000000000aa010000000000000000aa01000000000000
01:07:27.956 [DEBUG] [serial] RX 128 bytes: 0000aa010000000000000000aa010000000000000000aa010000000000000000aa010000000000000000aa010000000000000000aa010000000000000000aa010000000000000000aa010000000000000000aa010000000000000000aa010000000000000000aa010000000000000000aa010000000000000000aa0100000000
01:07:27.960 [DEBUG] [serial] RX 128 bytes: 00000000aa010000000000000000aa010000000000000000aa010000000000000000aa010000000000000000aa010000000000000000aa010000000000000000aa010000000000000000aa010000000000000000aa010000000000000000aa010000000000000000aa010000000000000000aa010000000000000000aa010000
01:07:27.964 [DEBUG] [serial] RX 128 bytes: 000000000000aa010000000000000000aa010000000000000000aa010000000000000000aa010000000000000000aa010000000000000000aa010000000000000000aa010000000000000000aa010000000000000000aa010000000000000000aa010000000000000000aa010000000000000000aa010000000000000000aa01
01:07:27.967 [DEBUG] [serial] RX 128 bytes: 0000000000000000aa010000000000000000aa010000000000000000aa010000000000000000aa010000000000000000aa010000000000000000aa010000000000000000aa010000000000000000aa010000000000000000aa010000000000000000aa010000000000000000aa010000000000000000aa010000000000000000
01:07:27.972 [DEBUG] [serial] RX 128 bytes: aa010000000000000000aa010000000000000000aa010000000000000000aa010000000000000000aa010000000000000000aa010000000000000000aa010000000000000000aa010000000000000000aa010000000000000000aa010000000000000000aa010000000000000000aa010000000000000000aa01000000000000
01:07:27.976 [DEBUG] [serial] RX 128 bytes: 0000aa010000000000000000aa010000000000000000aa010000000000000000aa010000000000000000aa010000000000000000aa010000000000000000aa010000000000000000aa010000000000000000aa010000000000000000aa010000000000000000aa010000000000000000aa010000000000000000aa0100000000
01:07:27.980 [DEBUG] [serial] RX 128 bytes: 00000000aa010000000000000000aa010000000000000000aa010000000000000000aa010000000000000000aa010000000000000000aa010000000000000000aa010000000000000000aa010000000000000000aa010000000000000000aa010000000000000000aa010000000000000000aa010000000000000000aa010000
01:07:27.984 [DEBUG] [serial] RX 128 bytes: 000000000000aa010000000000000000aa010000000000000000aa010000000000000000aa010000000000000000aa010000000000000000aa010000000000000000aa010000000000000000aa010000000000000000aa010000000000000000aa010000000000000000aa010000000000000000aa010000000000000000aa01
01:07:27.987 [DEBUG] [serial] RX 128 bytes: 0000000000000000aa010000000000000000aa010000000000000000aa010000000000000000aa010000000000000000aa010000000000000000aa010000000000000000aa010000000000000000aa010000000000000000aa010000000000000000aa010000000000000000aa010000000000000000aa010000000000000000
01:07:27.991 [DEBUG] [serial] RX 128 bytes: aa010000000000000000aa010000000000000000aa010000000000000000aa010000000000000000aa010000000000000000aa010000000000000000aa010000000000000000aa010000000000000000aa010000000000000000aa010000000000000000aa010000000000000000aa010000000000000000aa01000000000000
01:07:27.995 [DEBUG] [serial] RX 128 bytes: 0000aa010000000000000000aa010000000000000000aa010000000000000000aa010000000000000000aa010000000000000000aa010000000000000000aa010000000000000000aa010000000000000000aa010000000000000000aa010000000000000000aa010000000000000000aa010000000000000000aa0100000000
01:07:27.999 [DEBUG] [serial] RX 128 bytes: 00000000aa010000000000000000aa010000000000000000aa010000000000000000aa010000000000000000aa010000000000000000aa010000000000000000aa010000000000000000aa010000000000000000aa010000000000000000aa010000000000000000aa010000000000000000aa010000000000000000aa010000
01:07:28.004 [DEBUG] [serial] RX 128 bytes: 000000000000aa010000000000000000aa010000000000000000aa010000000000000000aa010000000000000000aa010000000000000000aa010000000000000000aa010000000000000000aa010000000000000000aa010000000000000000aa010000000000000000aa010000000000000000aa010000000000000000aa01
01:07:28.007 [DEBUG] [serial] RX 128 bytes: 0000000000000000aa010000000000000000aa010000000000000000aa010000000000000000aa010000000000000000aa010000000000000000aa010000000000000000aa010000000000000000aa010000000000000000aa010000000000000000aa010000000000000000aa010000000000000000aa010000000000000000
01:07:28.011 [DEBUG] [serial] RX 128 bytes: aa010000000000000000aa010000000000000000aa010000000000000000aa010000000000000000aa010000000000000000aa010000000000000000aa010000000000000000aa010000000000000000aa010000000000000000aa010000000000000000aa010000000000000000aa010000000000000000aa01000000000000
01:07:28.015 [DEBUG] [serial] RX 128 bytes: 0000aa010000000000000000aa010000000000000000aa010000000000000000aa010000000000000000aa010000000000000000aa010000000000000000aa010000000000000000aa010000000000000000aa010000000000000000aa010000000000000000aa010000000000000000aa010000000000000000aa0100000000
01:07:28.019 [DEBUG] [serial] RX 128 bytes: 00000000aa010000000000000000aa010000000000000000aa010000000000000000aa010000000000000000aa010000000000000000aa010000000000000000aa010000000000000000aa010000000000000000aa010000000000000000aa010000000000000000aa010000000000000000aa010000000000000000aa010000
01:07:28.023 [DEBUG] [serial] RX 128 bytes: 000000000000aa010000000000000000aa010000000000000000aa010000000000000000aa010000000000000000aa010000000000000000aa010000000000000000aa010000000000000000aa010000000000000000aa010000000000000000aa010000000000000000aa010000000000000000aa010000000000000000aa01
01:07:28.027 [DEBUG] [serial] RX 128 bytes: 0000000000000000aa010000000000000000aa010000000000000000aa010000000000000000aa010000000000000000aa010000000000000000aa010000000000000000aa010000000000000000aa010000000000000000aa010000000000000000aa010000000000000000aa010000000000000000aa010000000000000000
01:07:28.031 [DEBUG] [serial] RX 128 bytes: aa010000000000000000aa010000000000000000aa010000000000000000aa010000000000000000aa010000000000000000aa010000000000000000aa010000000000000000aa010000000000000000aa010000000000000000aa010000000000000000aa010000000000000000aa010000000000000000aa01000000000000
01:07:28.035 [DEBUG] [serial] RX 128 bytes: 0000aa010000000000000000aa010000000000000000aa010000000000000000aa010000000000000000aa010000000000000000aa010000000000000000aa010000000000000000aa010000000000000000aa010000000000000000aa010000000000000000aa010000000000000000aa010000000000000000aa0100000000
01:07:28.039 [DEBUG] [serial] RX 128 bytes: 00000000aa010000000000000000aa010000000000000000aa010000000000000000aa010000000000000000aa010000000000000000aa010000000000000000aa010000000000000000aa010000000000000000aa010000000000000000aa010000000000000000aa010000000000000000aa010000000000000000aa010000
01:07:28.044 [DEBUG] [serial] RX 128 bytes: 000000000000aa010000000000000000aa010000000000000000aa010000000000000000aa010000000000000000aa010000000000000000aa010000000000000000aa010000000000000000aa010000000000000000aa010000000000000000aa010000000000000000aa010000000000000000aa010000000000000000aa01
01:07:28.047 [DEBUG] [serial] RX 128 bytes: 0000000000000000aa010000000000000000aa010000000000000000aa010000000000000000aa010000000000000000aa010000000000000000aa010000000000000000aa010000000000000000aa010000000000000000aa010000000000000000aa010000000000000000aa010000000000000000aa010000000000000000
01:07:28.051 [DEBUG] [serial] RX 128 bytes: aa010000000000000000aa010000000000000000aa010000000000000000aa010000000000000000aa010000000000000000aa010000000000000000aa010000000000000000aa010000000000000000aa010000000000000000aa010000000000000000aa010000000000000000aa010000000000000000aa01000000000000
01:07:28.055 [DEBUG] [serial] RX 128 bytes: 0000aa010000000000000000aa010000000000000000aa010000000000000000aa010000000000000000aa010000000000000000aa010000000000000000aa010000000000000000aa010000000000000000aa010000000000000000aa010000000000000000aa010000000000000000aa010000000000000000aa0100000000
01:07:28.059 [DEBUG] [serial] RX 128 bytes: 00000000aa010000000000000000aa010000000000000000aa010000000000000000aa010000000000000000aa010000000000000000aa010000000000000000aa010000000000000000aa010000000000000000aa010000000000000000aa010000000000000000aa010000000000000000aa010000000000000000aa010000
01:07:28.063 [DEBUG] [serial] RX 128 bytes: 000000000000aa010000000000000000aa010000000000000000aa010000000000000000aa010000000000000000aa010000000000000000aa010000000000000000aa010000000000000000aa010000000000000000aa010000000000000000aa010000000000000000aa010000000000000000aa010000000000000000aa01
01:07:28.067 [DEBUG] [serial] RX 128 bytes: 0000000000000000aa010000000000000000aa010000000000000000aa010000000000000000aa010000000000000000aa010000000000000000aa010000000000000000aa010000000000000000aa010000000000000000aa010000000000000000aa010000000000000000aa010000000000000000aa010000000000000000
01:07:28.071 [DEBUG] [serial] RX 128 bytes: aa010000000000000000aa010000000000000000aa010000000000000000aa010000000000000000aa010000000000000000aa010000000000000000aa010000000000000000aa010000000000000000aa010000000000000000aa010000000000000000aa010000000000000000aa010000000000000000aa01000000000000
01:07:28.075 [DEBUG] [serial] RX 128 bytes: 0000aa010000000000000000aa010000000000000000aa010000000000000000aa010000000000000000aa010000000000000000aa010000000000000000aa010000000000000000aa010000000000000000aa010000000000000000aa010000000000000000aa010000000000000000aa010000000000000000aa0100000000
01:07:28.079 [DEBUG] [serial] RX 128 bytes: 00000000aa010000000000000000aa010000000000000000aa010000000000000000aa010000000000000000aa010000000000000000aa010000000000000000aa010000000000000000aa010000000000000000aa010000000000000000aa010000000000000000aa010000000000000000aa010000000000000000aa010000
01:07:28.083 [DEBUG] [serial] RX 128 bytes: 000000000000aa010000000000000000aa010000000000000000aa010000000000000000aa010000000000000000aa010000000000000000aa010000000000000000aa010000000000000000aa010000000000000000aa010000000000000000aa010000000000000000aa010000000000000000aa010000000000000000aa01
01:07:28.087 [DEBUG] [serial] RX 128 bytes: 0000000000000000aa010000000000000000aa010000000000000000aa010000000000000000aa010000000000000000aa010000000000000000aa010000000000000000aa010000000000000000aa010000000000000000aa010000000000000000aa010000000000000000aa010000000000000000aa010000000000000000
01:07:28.091 [DEBUG] [serial] RX 128 bytes: aa010000000000000000aa010000000000000000aa010000000000000000aa010000000000000000aa010000000000000000aa010000000000000000aa010000000000000000aa010000000000000000aa010000000000000000aa010000000000000000aa010000000000000000aa010000000000000000aa01000000000000
01:07:28.095 [DEBUG] [serial] RX 128 bytes: 0000aa010000000000000000aa010000000000000000aa010000000000000000aa010000000000000000aa010000000000000000aa010000000000000000aa010000000000000000aa010000000000000000aa010000000000000000aa010000000000000000aa010000000000000000aa010000000000000000aa0100000000
01:07:28.099 [DEBUG] [serial] RX 128 bytes: 00000000aa010000000000000000aa010000000000000000aa010000000000000000aa010000000000000000aa010000000000000000aa010000000000000000aa010000000000000000aa010000000000000000aa010000000000000000aa010000000000000000aa010000000000000000aa010000000000000000aa010000
01:07:28.099 [DEBUG] [serial] PKT #16500: flags=0x01 in=0 ds=0 flt=0
01:07:28.103 [DEBUG] [serial] RX 128 bytes: 000000000000aa010000000000000000aa010000000000000000aa010000000000000000aa010000000000000000aa010000000000000000aa010000000000000000aa010000000000000000aa010000000000000000aa010000000000000000aa010000000000000000aa010000000000000000aa010000000000000000aa01
01:07:28.107 [DEBUG] [serial] RX 128 bytes: 0000000000000000aa010000000000000000aa010000000000000000aa010000000000000000aa010000000000000000aa010000000000000000aa010000000000000000aa010000000000000000aa010000000000000000aa010000000000000000aa010000000000000000aa010000000000000000aa010000000000000000
01:07:28.111 [DEBUG] [serial] RX 128 bytes: aa010000000000000000aa010000000000000000aa010000000000000000aa010000000000000000aa010000000000000000aa010000000000000000aa010000000000000000aa010000000000000000aa010000000000000000aa010000000000000000aa010000000000000000aa010000000000000000aa01000000000000
01:07:28.115 [DEBUG] [serial] RX 128 bytes: 0000aa010000000000000000aa010000000000000000aa010000000000000000aa010000000000000000aa010000000000000000aa010000000000000000aa010000000000000000aa010000000000000000aa010000000000000000aa010000000000000000aa010000000000000000aa010000000000000000aa0100000000
01:07:28.119 [DEBUG] [serial] RX 128 bytes: 00000000aa010000000000000000aa010000000000000000aa010000000000000000aa010000000000000000aa010000000000000000aa010000000000000000aa010000000000000000aa010000000000000000aa010000000000000000aa010000000000000000aa010000000000000000aa010000000000000000aa010000
01:07:28.123 [DEBUG] [serial] RX 128 bytes: 000000000000aa010000000000000000aa010000000000000000aa010000000000000000aa010000000000000000aa010000000000000000aa010000000000000000aa010000000000000000aa010000000000000000aa010000000000000000aa010000000000000000aa010000000000000000aa010000000000000000aa01
01:07:28.126 [DEBUG] [serial] RX 128 bytes: 0000000000000000aa010000000000000000aa010000000000000000aa010000000000000000aa010000000000000000aa010000000000000000aa010000000000000000aa010000000000000000aa010000000000000000aa010000000000000000aa010000000000000000aa010000000000000000aa010000000000000000
01:07:28.131 [DEBUG] [serial] RX 128 bytes: aa010000000000000000aa010000000000000000aa010000000000000000aa010000000000000000aa010000000000000000aa010000000000000000aa010000000000000000aa010000000000000000aa010000000000000000aa010000000000000000aa010000000000000000aa010000000000000000aa01000000000000
01:07:28.134 [DEBUG] [serial] RX 128 bytes: 0000aa010000000000000000aa010000000000000000aa010000000000000000aa010000000000000000aa010000000000000000aa010000000000000000aa010000000000000000aa010000000000000000aa010000000000000000aa010000000000000000aa010000000000000000aa010000000000000000aa0100000000
01:07:28.139 [DEBUG] [serial] RX 128 bytes: 00000000aa010000000000000000aa010000000000000000aa010000000000000000aa010000000000000000aa010000000000000000aa010000000000000000aa010000000000000000aa010000000000000000aa010000000000000000aa010000000000000000aa010000000000000000aa010000000000000000aa010000
01:07:28.143 [DEBUG] [serial] RX 128 bytes: 000000000000aa010000000000000000aa010000000000000000aa010000000000000000aa010000000000000000aa010000000000000000aa010000000000000000aa010000000000000000aa010000000000000000aa010000000000000000aa010000000000000000aa010000000000000000aa010000000000000000aa01
01:07:28.146 [DEBUG] [serial] RX 128 bytes: 0000000000000000aa010000000000000000aa010000000000000000aa010000000000000000aa010000000000000000aa010000000000000000aa010000000000000000aa010000000000000000aa010000000000000000aa010000000000000000aa010000000000000000aa010000000000000000aa010000000000000000
01:07:28.150 [DEBUG] [serial] RX 128 bytes: aa010000000000000000aa010000000000000000aa010000000000000000aa010000000000000000aa010000000000000000aa010000000000000000aa010000000000000000aa010000000000000000aa010000000000000000aa010000000000000000aa010000000000000000aa010000000000000000aa01000000000000
01:07:28.154 [DEBUG] [serial] RX 128 bytes: 0000aa010000000000000000aa010000000000000000aa010000000000000000aa010000000000000000aa010000000000000000aa010000000000000000aa010000000000000000aa010000000000000000aa010000000000000000aa010000000000000000aa010000000000000000aa010000000000000000aa0100000000
01:07:28.158 [DEBUG] [serial] RX 128 bytes: 00000000aa010000000000000000aa010000000000000000aa010000000000000000aa010000000000000000aa010000000000000000aa010000000000000000aa010000000000000000aa010000000000000000aa010000000000000000aa010000000000000000aa010000000000000000aa010000000000000000aa010000
01:07:28.163 [DEBUG] [serial] RX 128 bytes: 000000000000aa010000000000000000aa010000000000000000aa010000000000000000aa010000000000000000aa010000000000000000aa010000000000000000aa010000000000000000aa010000000000000000aa010000000000000000aa010000000000000000aa010000000000000000aa010000000000000000aa01
01:07:28.166 [DEBUG] [serial] RX 128 bytes: 0000000000000000aa010000000000000000aa010000000000000000aa010000000000000000aa010000000000000000aa010000000000000000aa010000000000000000aa010000000000000000aa010000000000000000aa010000000000000000aa010000000000000000aa010000000000000000aa010000000000000000
01:07:28.170 [DEBUG] [serial] RX 128 bytes: aa010000000000000000aa010000000000000000aa010000000000000000aa010000000000000000aa010000000000000000aa010000000000000000aa010000000000000000aa010000000000000000aa010000000000000000aa010000000000000000aa010000000000000000aa010000000000000000aa01000000000000
01:07:28.174 [DEBUG] [serial] RX 128 bytes: 0000aa010000000000000000aa010000000000000000aa010000000000000000aa010000000000000000aa010000000000000000aa010000000000000000aa010000000000000000aa010000000000000000aa010000000000000000aa010000000000000000aa010000000000000000aa010000000000000000aa0100000000
01:07:28.178 [DEBUG] [serial] RX 128 bytes: 00000000aa010000000000000000aa010000000000000000aa010000000000000000aa010000000000000000aa010000000000000000aa010000000000000000aa010000000000000000aa010000000000000000aa010000000000000000aa010000000000000000aa010000000000000000aa010000000000000000aa010000
01:07:28.182 [DEBUG] [serial] RX 128 bytes: 000000000000aa010000000000000000aa010000000000000000aa010000000000000000aa010000000000000000aa010000000000000000aa010000000000000000aa010000000000000000aa010000000000000000aa010000000000000000aa010000000000000000aa010000000000000000aa010000000000000000aa01
01:07:28.186 [DEBUG] [serial] RX 128 bytes: 0000000000000000aa010000000000000000aa010000000000000000aa010000000000000000aa010000000000000000aa010000000000000000aa010000000000000000aa010000000000000000aa010000000000000000aa010000000000000000aa010000000000000000aa010000000000000000aa010000000000000000
01:07:28.190 [DEBUG] [serial] RX 128 bytes: aa010000000000000000aa010000000000000000aa010000000000000000aa010000000000000000aa010000000000000000aa010000000000000000aa010000000000000000aa010000000000000000aa010000000000000000aa010000000000000000aa010000000000000000aa010000000000000000aa01000000000000
01:07:28.194 [DEBUG] [serial] RX 128 bytes: 0000aa010000000000000000aa010000000000000000aa010000000000000000aa010000000000000000aa010000000000000000aa010000000000000000aa010000000000000000aa010000000000000000aa010000000000000000aa010000000000000000aa010000000000000000aa010000000000000000aa0100000000
01:07:28.198 [DEBUG] [serial] RX 128 bytes: 00000000aa010000000000000000aa010000000000000000aa010000000000000000aa010000000000000000aa010000000000000000aa010000000000000000aa010000000000000000aa010000000000000000aa010000000000000000aa010000000000000000aa010000000000000000aa010000000000000000aa010000
01:07:28.202 [DEBUG] [serial] RX 128 bytes: 000000000000aa010000000000000000aa010000000000000000aa010000000000000000aa010000000000000000aa010000000000000000aa010000000000000000aa010000000000000000aa010000000000000000aa010000000000000000aa010000000000000000aa010000000000000000aa010000000000000000aa01
01:07:28.206 [DEBUG] [serial] RX 128 bytes: 0000000000000000aa010000000000000000aa010000000000000000aa010000000000000000aa010000000000000000aa010000000000000000aa010000000000000000aa010000000000000000aa010000000000000000aa010000000000000000aa010000000000000000aa010000000000000000aa010000000000000000
01:07:28.210 [DEBUG] [serial] RX 128 bytes: aa010000000000000000aa010000000000000000aa010000000000000000aa010000000000000000aa010000000000000000aa010000000000000000aa010000000000000000aa010000000000000000aa010000000000000000aa010000000000000000aa010000000000000000aa010000000000000000aa01000000000000
01:07:28.214 [DEBUG] [serial] RX 128 bytes: 0000aa010000000000000000aa010000000000000000aa010000000000000000aa010000000000000000aa010000000000000000aa010000000000000000aa010000000000000000aa010000000000000000aa010000000000000000aa010000000000000000aa010000000000000000aa010000000000000000aa0100000000
01:07:28.218 [DEBUG] [serial] RX 128 bytes: 00000000aa010000000000000000aa010000000000000000aa010000000000000000aa010000000000000000aa010000000000000000aa010000000000000000aa010000000000000000aa010000000000000000aa010000000000000000aa010000000000000000aa010000000000000000aa010000000000000000aa010000
01:07:28.222 [DEBUG] [serial] RX 128 bytes: 000000000000aa010000000000000000aa010000000000000000aa010000000000000000aa010000000000000000aa010000000000000000aa010000000000000000aa010000000000000000aa010000000000000000aa010000000000000000aa010000000000000000aa010000000000000000aa010000000000000000aa01
01:07:28.226 [DEBUG] [serial] RX 128 bytes: 0000000000000000aa010000000000000000aa010000000000000000aa010000000000000000aa010000000000000000aa010000000000000000aa010000000000000000aa010000000000000000aa010000000000000000aa010000000000000000aa010000000000000000aa010000000000000000aa010000000000000000
01:07:28.231 [DEBUG] [serial] RX 128 bytes: aa010000000000000000aa010000000000000000aa010000000000000000aa010000000000000000aa010000000000000000aa010000000000000000aa010000000000000000aa010000000000000000aa010000000000000000aa010000000000000000aa010000000000000000aa010000000000000000aa01000000000000
01:07:28.234 [DEBUG] [serial] RX 128 bytes: 0000aa010000000000000000aa010000000000000000aa010000000000000000aa010000000000000000aa010000000000000000aa010000000000000000aa010000000000000000aa010000000000000000aa010000000000000000aa010000000000000000aa010000000000000000aa010000000000000000aa0100000000
01:07:28.238 [DEBUG] [serial] RX 128 bytes: 00000000aa010000000000000000aa010000000000000000aa010000000000000000aa010000000000000000aa010000000000000000aa010000000000000000aa010000000000000000aa010000000000000000aa010000000000000000aa010000000000000000aa010000000000000000aa010000000000000000aa010000
01:07:28.242 [DEBUG] [serial] RX 128 bytes: 000000000000aa010000000000000000aa010000000000000000aa010000000000000000aa010000000000000000aa010000000000000000aa010000000000000000aa010000000000000000aa010000000000000000aa010000000000000000aa010000000000000000aa010000000000000000aa010000000000000000aa01
01:07:28.246 [DEBUG] [serial] RX 128 bytes: 0000000000000000aa010000000000000000aa010000000000000000aa010000000000000000aa010000000000000000aa010000000000000000aa010000000000000000aa010000000000000000aa010000000000000000aa010000000000000000aa010000000000000000aa010000000000000000aa010000000000000000
01:07:28.250 [DEBUG] [serial] RX 128 bytes: aa010000000000000000aa010000000000000000aa010000000000000000aa010000000000000000aa010000000000000000aa010000000000000000aa010000000000000000aa010000000000000000aa010000000000000000aa010000000000000000aa010000000000000000aa010000000000000000aa01000000000000
01:07:28.254 [DEBUG] [serial] RX 128 bytes: 0000aa010000000000000000aa010000000000000000aa010000000000000000aa010000000000000000aa010000000000000000aa010000000000000000aa010000000000000000aa010000000000000000aa010000000000000000aa010000000000000000aa010000000000000000aa010000000000000000aa0100000000
01:07:28.254 [DEBUG] [serial] PKT #17000: flags=0x01 in=0 ds=0 flt=0
01:07:28.258 [DEBUG] [serial] RX 128 bytes: 00000000aa010000000000000000aa010000000000000000aa010000000000000000aa010000000000000000aa010000000000000000aa010000000000000000aa010000000000000000aa010000000000000000aa010000000000000000aa010000000000000000aa010000000000000000aa010000000000000000aa010000
01:07:28.262 [DEBUG] [serial] RX 128 bytes: 000000000000aa010000000000000000aa010000000000000000aa010000000000000000aa010000000000000000aa010000000000000000aa010000000000000000aa010000000000000000aa010000000000000000aa010000000000000000aa010000000000000000aa010000000000000000aa010000000000000000aa01
01:07:28.265 [DEBUG] [serial] RX 128 bytes: 0000000000000000aa010000000000000000aa010000000000000000aa010000000000000000aa010000000000000000aa010000000000000000aa010000000000000000aa010000000000000000aa010000000000000000aa010000000000000000aa010000000000000000aa010000000000000000aa010000000000000000
01:07:28.269 [DEBUG] [serial] RX 128 bytes: aa010000000000000000aa010000000000000000aa010000000000000000aa010000000000000000aa010000000000000000aa010000000000000000aa010000000000000000aa010000000000000000aa010000000000000000aa010000000000000000aa010000000000000000aa010000000000000000aa01000000000000
01:07:28.274 [DEBUG] [serial] RX 128 bytes: 0000aa010000000000000000aa010000000000000000aa010000000000000000aa010000000000000000aa010000000000000000aa010000000000000000aa010000000000000000aa010000000000000000aa010000000000000000aa010000000000000000aa010000000000000000aa010000000000000000aa0100000000
01:07:28.278 [DEBUG] [serial] RX 128 bytes: 00000000aa010000000000000000aa010000000000000000aa010000000000000000aa010000000000000000aa010000000000000000aa010000000000000000aa010000000000000000aa010000000000000000aa010000000000000000aa010000000000000000aa010000000000000000aa010000000000000000aa010000
01:07:28.282 [DEBUG] [serial] RX 128 bytes: 000000000000aa010000000000000000aa010000000000000000aa010000000000000000aa010000000000000000aa010000000000000000aa010000000000000000aa010000000000000000aa010000000000000000aa010000000000000000aa010000000000000000aa010000000000000000aa010000000000000000aa01
01:07:28.285 [DEBUG] [serial] RX 128 bytes: 0000000000000000aa010000000000000000aa010000000000000000aa010000000000000000aa010000000000000000aa010000000000000000aa010000000000000000aa010000000000000000aa010000000000000000aa010000000000000000aa010000000000000000aa010000000000000000aa010000000000000000
01:07:28.289 [DEBUG] [serial] RX 128 bytes: aa010000000000000000aa010000000000000000aa010000000000000000aa010000000000000000aa010000000000000000aa010000000000000000aa010000000000000000aa010000000000000000aa010000000000000000aa010000000000000000aa010000000000000000aa010000000000000000aa01000000000000
01:07:28.293 [DEBUG] [serial] RX 128 bytes: 0000aa010000000000000000aa010000000000000000aa010000000000000000aa010000000000000000aa010000000000000000aa010000000000000000aa010000000000000000aa010000000000000000aa010000000000000000aa010000000000000000aa010000000000000000aa010000000000000000aa0100000000
01:07:28.297 [DEBUG] [serial] RX 128 bytes: 00000000aa010000000000000000aa010000000000000000aa010000000000000000aa010000000000000000aa010000000000000000aa010000000000000000aa010000000000000000aa010000000000000000aa010000000000000000aa010000000000000000aa010000000000000000aa010000000000000000aa010000
01:07:28.301 [DEBUG] [serial] RX 128 bytes: 000000000000aa010000000000000000aa010000000000000000aa010000000000000000aa010000000000000000aa010000000000000000aa010000000000000000aa010000000000000000aa010000000000000000aa010000000000000000aa010000000000000000aa010000000000000000aa010000000000000000aa01
01:07:28.305 [DEBUG] [serial] RX 128 bytes: 0000000000000000aa010000000000000000aa010000000000000000aa010000000000000000aa010000000000000000aa010000000000000000aa010000000000000000aa010000000000000000aa010000000000000000aa010000000000000000aa010000000000000000aa010000000000000000aa010000000000000000
01:07:28.309 [DEBUG] [serial] RX 128 bytes: aa010000000000000000aa010000000000000000aa010000000000000000aa010000000000000000aa010000000000000000aa010000000000000000aa010000000000000000aa010000000000000000aa010000000000000000aa010000000000000000aa010000000000000000aa010000000000000000aa01000000000000
01:07:28.313 [DEBUG] [serial] RX 128 bytes: 0000aa010000000000000000aa010000000000000000aa010000000000000000aa010000000000000000aa010000000000000000aa010000000000000000aa010000000000000000aa010000000000000000aa010000000000000000aa010000000000000000aa010000000000000000aa010000000000000000aa0100000000
01:07:28.317 [DEBUG] [serial] RX 128 bytes: 00000000aa010000000000000000aa010000000000000000aa010000000000000000aa010000000000000000aa010000000000000000aa010000000000000000aa010000000000000000aa010000000000000000aa010000000000000000aa010000000000000000aa010000000000000000aa010000000000000000aa010000
01:07:28.321 [DEBUG] [serial] RX 128 bytes: 000000000000aa010000000000000000aa010000000000000000aa010000000000000000aa010000000000000000aa010000000000000000aa010000000000000000aa010000000000000000aa010000000000000000aa010000000000000000aa010000000000000000aa010000000000000000aa010000000000000000aa01
01:07:28.325 [DEBUG] [serial] RX 128 bytes: 0000000000000000aa010000000000000000aa010000000000000000aa010000000000000000aa010000000000000000aa010000000000000000aa010000000000000000aa010000000000000000aa010000000000000000aa010000000000000000aa010000000000000000aa010000000000000000aa010000000000000000
01:07:28.329 [DEBUG] [serial] RX 128 bytes: aa010000000000000000aa010000000000000000aa010000000000000000aa010000000000000000aa010000000000000000aa010000000000000000aa010000000000000000aa010000000000000000aa010000000000000000aa010000000000000000aa010000000000000000aa010000000000000000aa01000000000000
01:07:28.333 [DEBUG] [serial] RX 128 bytes: 0000aa010000000000000000aa010000000000000000aa010000000000000000aa010000000000000000aa010000000000000000aa010000000000000000aa010000000000000000aa010000000000000000aa010000000000000000aa010000000000000000aa010000000000000000aa010000000000000000aa0100000000
01:07:28.337 [DEBUG] [serial] RX 128 bytes: 00000000aa010000000000000000aa010000000000000000aa010000000000000000aa010000000000000000aa010000000000000000aa010000000000000000aa010000000000000000aa010000000000000000aa010000000000000000aa010000000000000000aa010000000000000000aa010000000000000000aa010000
01:07:28.341 [DEBUG] [serial] RX 128 bytes: 000000000000aa010000000000000000aa010000000000000000aa010000000000000000aa010000000000000000aa010000000000000000aa010000000000000000aa010000000000000000aa010000000000000000aa010000000000000000aa010000000000000000aa010000000000000000aa010000000000000000aa01
01:07:28.345 [DEBUG] [serial] RX 128 bytes: 0000000000000000aa010000000000000000aa010000000000000000aa010000000000000000aa010000000000000000aa010000000000000000aa010000000000000000aa010000000000000000aa010000000000000000aa010000000000000000aa010000000000000000aa010000000000000000aa010000000000000000
01:07:28.349 [DEBUG] [serial] RX 128 bytes: aa010000000000000000aa010000000000000000aa010000000000000000aa010000000000000000aa010000000000000000aa010000000000000000aa010000000000000000aa010000000000000000aa010000000000000000aa010000000000000000aa010000000000000000aa010000000000000000aa01000000000000
01:07:28.353 [DEBUG] [serial] RX 128 bytes: 0000aa010000000000000000aa010000000000000000aa010000000000000000aa010000000000000000aa010000000000000000aa010000000000000000aa010000000000000000aa010000000000000000aa010000000000000000aa010000000000000000aa010000000000000000aa010000000000000000aa0100000000
01:07:28.357 [DEBUG] [serial] RX 128 bytes: 00000000aa010000000000000000aa010000000000000000aa010000000000000000aa010000000000000000aa010000000000000000aa010000000000000000aa010000000000000000aa010000000000000000aa010000000000000000aa010000000000000000aa010000000000000000aa010000000000000000aa010000
01:07:28.361 [DEBUG] [serial] RX 128 bytes: 000000000000aa010000000000000000aa010000000000000000aa010000000000000000aa010000000000000000aa010000000000000000aa010000000000000000aa010000000000000000aa010000000000000000aa010000000000000000aa010000000000000000aa010000000000000000aa010000000000000000aa01
01:07:28.365 [DEBUG] [serial] RX 128 bytes: 0000000000000000aa010000000000000000aa010000000000000000aa010000000000000000aa010000000000000000aa010000000000000000aa010000000000000000aa010000000000000000aa010000000000000000aa010000000000000000aa010000000000000000aa010000000000000000aa010000000000000000
01:07:28.369 [DEBUG] [serial] RX 128 bytes: aa010000000000000000aa010000000000000000aa010000000000000000aa010000000000000000aa010000000000000000aa010000000000000000aa010000000000000000aa010000000000000000aa010000000000000000aa010000000000000000aa010000000000000000aa010000000000000000aa01000000000000
01:07:28.373 [DEBUG] [serial] RX 128 bytes: 0000aa010000000000000000aa010000000000000000aa010000000000000000aa010000000000000000aa010000000000000000aa010000000000000000aa010000000000000000aa010000000000000000aa010000000000000000aa010000000000000000aa010000000000000000aa010000000000000000aa0100000000
01:07:28.377 [DEBUG] [serial] RX 128 bytes: 00000000aa010000000000000000aa010000000000000000aa010000000000000000aa010000000000000000aa010000000000000000aa010000000000000000aa010000000000000000aa010000000000000000aa010000000000000000aa010000000000000000aa010000000000000000aa010000000000000000aa010000
01:07:28.381 [DEBUG] [serial] RX 128 bytes: 000000000000aa010000000000000000aa010000000000000000aa010000000000000000aa010000000000000000aa010000000000000000aa010000000000000000aa010000000000000000aa010000000000000000aa010000000000000000aa010000000000000000aa010000000000000000aa010000000000000000aa01
01:07:28.385 [DEBUG] [serial] RX 128 bytes: 0000000000000000aa010000000000000000aa010000000000000000aa010000000000000000aa010000000000000000aa010000000000000000aa010000000000000000aa010000000000000000aa010000000000000000aa010000000000000000aa010000000000000000aa010000000000000000aa010000000000000000
01:07:28.389 [DEBUG] [serial] RX 128 bytes: aa010000000000000000aa010000000000000000aa010000000000000000aa010000000000000000aa010000000000000000aa010000000000000000aa010000000000000000aa010000000000000000aa010000000000000000aa010000000000000000aa010000000000000000aa010000000000000000aa01000000000000
01:07:28.393 [DEBUG] [serial] RX 128 bytes: 0000aa010000000000000000aa010000000000000000aa010000000000000000aa010000000000000000aa010000000000000000aa010000000000000000aa010000000000000000aa010000000000000000aa010000000000000000aa010000000000000000aa010000000000000000aa010000000000000000aa0100000000
01:07:28.397 [DEBUG] [serial] RX 128 bytes: 00000000aa010000000000000000aa010000000000000000aa010000000000000000aa010000000000000000aa010000000000000000aa010000000000000000aa010000000000000000aa010000000000000000aa010000000000000000aa010000000000000000aa010000000000000000aa010000000000000000aa010000
01:07:28.401 [DEBUG] [serial] RX 128 bytes: 000000000000aa010000000000000000aa010000000000000000aa010000000000000000aa010000000000000000aa010000000000000000aa010000000000000000aa010000000000000000aa010000000000000000aa010000000000000000aa010000000000000000aa010000000000000000aa010000000000000000aa01
01:07:28.405 [DEBUG] [serial] RX 128 bytes: 0000000000000000aa010000000000000000aa010000000000000000aa010000000000000000aa010000000000000000aa010000000000000000aa010000000000000000aa010000000000000000aa010000000000000000aa010000000000000000aa010000000000000000aa010000000000000000aa010000000000000000
01:07:28.409 [DEBUG] [serial] RX 128 bytes: aa010000000000000000aa010000000000000000aa010000000000000000aa010000000000000000aa010000000000000000aa010000000000000000aa010000000000000000aa010000000000000000aa010000000000000000aa010000000000000000aa010000000000000000aa010000000000000000aa01000000000000
01:07:28.409 [DEBUG] [serial] PKT #17500: flags=0x01 in=0 ds=0 flt=0
01:07:28.413 [DEBUG] [serial] RX 128 bytes: 0000aa010000000000000000aa010000000000000000aa010000000000000000aa010000000000000000aa010000000000000000aa010000000000000000aa010000000000000000aa010000000000000000aa010000000000000000aa010000000000000000aa010000000000000000aa010000000000000000aa0100000000
01:07:28.417 [DEBUG] [serial] RX 128 bytes: 00000000aa010000000000000000aa010000000000000000aa010000000000000000aa010000000000000000aa010000000000000000aa010000000000000000aa010000000000000000aa010000000000000000aa010000000000000000aa010000000000000000aa010000000000000000aa010000000000000000aa010000
01:07:28.421 [DEBUG] [serial] RX 128 bytes: 000000000000aa010000000000000000aa010000000000000000aa010000000000000000aa010000000000000000aa010000000000000000aa010000000000000000aa010000000000000000aa010000000000000000aa010000000000000000aa010000000000000000aa010000000000000000aa010000000000000000aa01
01:07:28.424 [DEBUG] [serial] RX 128 bytes: 0000000000000000aa010000000000000000aa010000000000000000aa010000000000000000aa010000000000000000aa010000000000000000aa010000000000000000aa010000000000000000aa010000000000000000aa010000000000000000aa010000000000000000aa010000000000000000aa010000000000000000
01:07:28.428 [DEBUG] [serial] RX 128 bytes: aa010000000000000000aa010000000000000000aa010000000000000000aa010000000000000000aa010000000000000000aa010000000000000000aa010000000000000000aa010000000000000000aa010000000000000000aa010000000000000000aa010000000000000000aa010000000000000000aa01000000000000
01:07:28.432 [DEBUG] [serial] RX 128 bytes: 0000aa010000000000000000aa010000000000000000aa010000000000000000aa010000000000000000aa010000000000000000aa010000000000000000aa010000000000000000aa010000000000000000aa010000000000000000aa010000000000000000aa010000000000000000aa010000000000000000aa0100000000
01:07:28.436 [DEBUG] [serial] RX 128 bytes: 00000000aa010000000000000000aa010000000000000000aa010000000000000000aa010000000000000000aa010000000000000000aa010000000000000000aa010000000000000000aa010000000000000000aa010000000000000000aa010000000000000000aa010000000000000000aa010000000000000000aa010000
01:07:28.440 [DEBUG] [serial] RX 128 bytes: 000000000000aa010000000000000000aa010000000000000000aa010000000000000000aa010000000000000000aa010000000000000000aa010000000000000000aa010000000000000000aa010000000000000000aa010000000000000000aa010000000000000000aa010000000000000000aa010000000000000000aa01
01:07:28.444 [DEBUG] [serial] RX 128 bytes: 0000000000000000aa010000000000000000aa010000000000000000aa010000000000000000aa010000000000000000aa010000000000000000aa010000000000000000aa010000000000000000aa010000000000000000aa010000000000000000aa010000000000000000aa010000000000000000aa010000000000000000
01:07:28.448 [DEBUG] [serial] RX 128 bytes: aa010000000000000000aa010000000000000000aa010000000000000000aa010000000000000000aa010000000000000000aa010000000000000000aa010000000000000000aa010000000000000000aa010000000000000000aa010000000000000000aa010000000000000000aa010000000000000000aa01000000000000
01:07:28.452 [DEBUG] [serial] RX 128 bytes: 0000aa010000000000000000aa010000000000000000aa010000000000000000aa010000000000000000aa010000000000000000aa010000000000000000aa010000000000000000aa010000000000000000aa010000000000000000aa010000000000000000aa010000000000000000aa010000000000000000aa0100000000
01:07:28.456 [DEBUG] [serial] RX 128 bytes: 00000000aa010000000000000000aa010000000000000000aa010000000000000000aa010000000000000000aa010000000000000000aa010000000000000000aa010000000000000000aa010000000000000000aa010000000000000000aa010000000000000000aa010000000000000000aa010000000000000000aa010000
01:07:28.460 [DEBUG] [serial] RX 128 bytes: 000000000000aa010000000000000000aa010000000000000000aa010000000000000000aa010000000000000000aa010000000000000000aa010000000000000000aa010000000000000000aa010000000000000000aa010000000000000000aa010000000000000000aa010000000000000000aa010000000000000000aa01
01:07:28.464 [DEBUG] [serial] RX 128 bytes: 0000000000000000aa010000000000000000aa010000000000000000aa010000000000000000aa010000000000000000aa010000000000000000aa010000000000000000aa010000000000000000aa010000000000000000aa010000000000000000aa010000000000000000aa010000000000000000aa010000000000000000
01:07:28.468 [DEBUG] [serial] RX 128 bytes: aa010000000000000000aa010000000000000000aa010000000000000000aa010000000000000000aa010000000000000000aa010000000000000000aa010000000000000000aa010000000000000000aa010000000000000000aa010000000000000000aa010000000000000000aa010000000000000000aa01000000000000
01:07:28.472 [DEBUG] [serial] RX 128 bytes: 0000aa010000000000000000aa010000000000000000aa010000000000000000aa010000000000000000aa010000000000000000aa010000000000000000aa010000000000000000aa010000000000000000aa010000000000000000aa010000000000000000aa010000000000000000aa010000000000000000aa0100000000
01:07:28.476 [DEBUG] [serial] RX 128 bytes: 00000000aa010000000000000000aa010000000000000000aa010000000000000000aa010000000000000000aa010000000000000000aa010000000000000000aa010000000000000000aa010000000000000000aa010000000000000000aa010000000000000000aa010000000000000000aa010000000000000000aa010000
01:07:28.480 [DEBUG] [serial] RX 128 bytes: 000000000000aa010000000000000000aa010000000000000000aa010000000000000000aa010000000000000000aa010000000000000000aa010000000000000000aa010000000000000000aa010000000000000000aa010000000000000000aa010000000000000000aa010000000000000000aa010000000000000000aa01
01:07:28.484 [DEBUG] [serial] RX 128 bytes: 0000000000000000aa010000000000000000aa010000000000000000aa010000000000000000aa010000000000000000aa010000000000000000aa010000000000000000aa010000000000000000aa010000000000000000aa010000000000000000aa010000000000000000aa010000000000000000aa010000000000000000
01:07:28.488 [DEBUG] [serial] RX 128 bytes: aa010000000000000000aa010000000000000000aa010000000000000000aa010000000000000000aa010000000000000000aa010000000000000000aa010000000000000000aa010000000000000000aa010000000000000000aa010000000000000000aa010000000000000000aa010000000000000000aa01000000000000
01:07:28.492 [DEBUG] [serial] RX 128 bytes: 0000aa010000000000000000aa010000000000000000aa010000000000000000aa010000000000000000aa010000000000000000aa010000000000000000aa010000000000000000aa010000000000000000aa010000000000000000aa010000000000000000aa010000000000000000aa010000000000000000aa0100000000
01:07:28.496 [DEBUG] [serial] RX 128 bytes: 00000000aa010000000000000000aa010000000000000000aa010000000000000000aa010000000000000000aa010000000000000000aa010000000000000000aa010000000000000000aa010000000000000000aa010000000000000000aa010000000000000000aa010000000000000000aa010000000000000000aa010000
01:07:28.500 [DEBUG] [serial] RX 128 bytes: 000000000000aa010000000000000000aa010000000000000000aa010000000000000000aa010000000000000000aa010000000000000000aa010000000000000000aa010000000000000000aa010000000000000000aa010000000000000000aa010000000000000000aa010000000000000000aa010000000000000000aa01
01:07:28.504 [DEBUG] [serial] RX 128 bytes: 0000000000000000aa010000000000000000aa010000000000000000aa010000000000000000aa010000000000000000aa010000000000000000aa010000000000000000aa010000000000000000aa010000000000000000aa010000000000000000aa010000000000000000aa010000000000000000aa010000000000000000
01:07:28.508 [DEBUG] [serial] RX 128 bytes: aa010000000000000000aa010000000000000000aa010000000000000000aa010000000000000000aa010000000000000000aa010000000000000000aa010000000000000000aa010000000000000000aa010000000000000000aa010000000000000000aa010000000000000000aa010000000000000000aa01000000000000
01:07:28.512 [DEBUG] [serial] RX 128 bytes: 0000aa010000000000000000aa010000000000000000aa010000000000000000aa010000000000000000aa010000000000000000aa010000000000000000aa010000000000000000aa010000000000000000aa010000000000000000aa010000000000000000aa010000000000000000aa010000000000000000aa0100000000
01:07:28.516 [DEBUG] [serial] RX 128 bytes: 00000000aa010000000000000000aa010000000000000000aa010000000000000000aa010000000000000000aa010000000000000000aa010000000000000000aa010000000000000000aa010000000000000000aa010000000000000000aa010000000000000000aa010000000000000000aa010000000000000000aa010000
01:07:28.520 [DEBUG] [serial] RX 128 bytes: 000000000000aa010000000000000000aa010000000000000000aa010000000000000000aa010000000000000000aa010000000000000000aa010000000000000000aa010000000000000000aa010000000000000000aa010000000000000000aa010000000000000000aa010000000000000000aa010000000000000000aa01
01:07:28.524 [DEBUG] [serial] RX 128 bytes: 0000000000000000aa010000000000000000aa010000000000000000aa010000000000000000aa010000000000000000aa010000000000000000aa010000000000000000aa010000000000000000aa010000000000000000aa010000000000000000aa010000000000000000aa010000000000000000aa010000000000000000
01:07:28.528 [DEBUG] [serial] RX 128 bytes: aa010000000000000000aa010000000000000000aa010000000000000000aa010000000000000000aa010000000000000000aa010000000000000000aa010000000000000000aa010000000000000000aa010000000000000000aa010000000000000000aa010000000000000000aa010000000000000000aa01000000000000
01:07:28.532 [DEBUG] [serial] RX 128 bytes: 0000aa010000000000000000aa010000000000000000aa010000000000000000aa010000000000000000aa010000000000000000aa010000000000000000aa010000000000000000aa010000000000000000aa010000000000000000aa010000000000000000aa010000000000000000aa010000000000000000aa0100000000
01:07:28.536 [DEBUG] [serial] RX 128 bytes: 00000000aa010000000000000000aa010000000000000000aa010000000000000000aa010000000000000000aa010000000000000000aa010000000000000000aa010000000000000000aa010000000000000000aa010000000000000000aa010000000000000000aa010000000000000000aa010000000000000000aa010000
01:07:28.540 [DEBUG] [serial] RX 128 bytes: 000000000000aa010000000000000000aa010000000000000000aa010000000000000000aa010000000000000000aa010000000000000000aa010000000000000000aa010000000000000000aa010000000000000000aa010000000000000000aa010000000000000000aa010000000000000000aa010000000000000000aa01
01:07:28.544 [DEBUG] [serial] RX 128 bytes: 0000000000000000aa010000000000000000aa010000000000000000aa010000000000000000aa010000000000000000aa010000000000000000aa010000000000000000aa010000000000000000aa010000000000000000aa010000000000000000aa010000000000000000aa010000000000000000aa010000000000000000
01:07:28.548 [DEBUG] [serial] RX 128 bytes: aa010000000000000000aa010000000000000000aa010000000000000000aa010000000000000000aa010000000000000000aa010000000000000000aa010000000000000000aa010000000000000000aa010000000000000000aa010000000000000000aa010000000000000000aa010000000000000000aa01000000000000
01:07:28.552 [DEBUG] [serial] RX 128 bytes: 0000aa010000000000000000aa010000000000000000aa010000000000000000aa010000000000000000aa010000000000000000aa010000000000000000aa010000000000000000aa010000000000000000aa010000000000000000aa010000000000000000aa010000000000000000aa010000000000000000aa0100000000
01:07:28.556 [DEBUG] [serial] RX 128 bytes: 00000000aa010000000000000000aa010000000000000000aa010000000000000000aa010000000000000000aa010000000000000000aa010000000000000000aa010000000000000000aa010000000000000000aa010000000000000000aa010000000000000000aa010000000000000000aa010000000000000000aa010000
01:07:28.560 [DEBUG] [serial] RX 128 bytes: 000000000000aa010000000000000000aa010000000000000000aa010000000000000000aa010000000000000000aa010000000000000000aa010000000000000000aa010000000000000000aa010000000000000000aa010000000000000000aa010000000000000000aa010000000000000000aa010000000000000000aa01
01:07:28.563 [DEBUG] [serial] RX 128 bytes: 0000000000000000aa010000000000000000aa010000000000000000aa010000000000000000aa010000000000000000aa010000000000000000aa010000000000000000aa010000000000000000aa010000000000000000aa010000000000000000aa010000000000000000aa010000000000000000aa010000000000000000
01:07:28.564 [DEBUG] [serial] PKT #18000: flags=0x01 in=0 ds=0 flt=0
01:07:28.567 [DEBUG] [serial] RX 128 bytes: aa010000000000000000aa010000000000000000aa010000000000000000aa010000000000000000aa010000000000000000aa010000000000000000aa010000000000000000aa010000000000000000aa010000000000000000aa010000000000000000aa010000000000000000aa010000000000000000aa01000000000000
01:07:28.571 [DEBUG] [serial] RX 128 bytes: 0000aa010000000000000000aa010000000000000000aa010000000000000000aa010000000000000000aa010000000000000000aa010000000000000000aa010000000000000000aa010000000000000000aa010000000000000000aa010000000000000000aa010000000000000000aa010000000000000000aa0100000000
01:07:28.576 [DEBUG] [serial] RX 128 bytes: 00000000aa010000000000000000aa010000000000000000aa010000000000000000aa010000000000000000aa010000000000000000aa010000000000000000aa010000000000000000aa010000000000000000aa010000000000000000aa010000000000000000aa010000000000000000aa010000000000000000aa010000
01:07:28.580 [DEBUG] [serial] RX 128 bytes: 000000000000aa010000000000000000aa010000000000000000aa010000000000000000aa010000000000000000aa010000000000000000aa010000000000000000aa010000000000000000aa010000000000000000aa010000000000000000aa010000000000000000aa010000000000000000aa010000000000000000aa01
01:07:28.583 [DEBUG] [serial] RX 128 bytes: 0000000000000000aa010000000000000000aa010000000000000000aa010000000000000000aa010000000000000000aa010000000000000000aa010000000000000000aa010000000000000000aa010000000000000000aa010000000000000000aa010000000000000000aa010000000000000000aa010000000000000000
01:07:28.587 [DEBUG] [serial] RX 128 bytes: aa010000000000000000aa010000000000000000aa010000000000000000aa010000000000000000aa010000000000000000aa010000000000000000aa010000000000000000aa010000000000000000aa010000000000000000aa010000000000000000aa010000000000000000aa010000000000000000aa01000000000000
01:07:28.591 [DEBUG] [serial] RX 128 bytes: 0000aa010000000000000000aa010000000000000000aa010000000000000000aa010000000000000000aa010000000000000000aa010000000000000000aa010000000000000000aa010000000000000000aa010000000000000000aa010000000000000000aa010000000000000000aa010000000000000000aa0100000000
01:07:28.595 [DEBUG] [serial] RX 128 bytes: 00000000aa010000000000000000aa010000000000000000aa010000000000000000aa010000000000000000aa010000000000000000aa010000000000000000aa010000000000000000aa010000000000000000aa010000000000000000aa010000000000000000aa010000000000000000aa010000000000000000aa010000
01:07:28.599 [DEBUG] [serial] RX 128 bytes: 000000000000aa010000000000000000aa010000000000000000aa010000000000000000aa010000000000000000aa010000000000000000aa010000000000000000aa010000000000000000aa010000000000000000aa010000000000000000aa010000000000000000aa010000000000000000aa010000000000000000aa01
01:07:28.603 [DEBUG] [serial] RX 128 bytes: 0000000000000000aa010000000000000000aa010000000000000000aa010000000000000000aa010000000000000000aa010000000000000000aa010000000000000000aa010000000000000000aa010000000000000000aa010000000000000000aa010000000000000000aa010000000000000000aa010000000000000000
01:07:28.607 [DEBUG] [serial] RX 128 bytes: aa010000000000000000aa010000000000000000aa010000000000000000aa010000000000000000aa010000000000000000aa010000000000000000aa010000000000000000aa010000000000000000aa010000000000000000aa010000000000000000aa010000000000000000aa010000000000000000aa01000000000000
01:07:28.611 [DEBUG] [serial] RX 128 bytes: 0000aa010000000000000000aa010000000000000000aa010000000000000000aa010000000000000000aa010000000000000000aa010000000000000000aa010000000000000000aa010000000000000000aa010000000000000000aa010000000000000000aa010000000000000000aa010000000000000000aa0100000000
01:07:28.615 [DEBUG] [serial] RX 128 bytes: 00000000aa010000000000000000aa010000000000000000aa010000000000000000aa010000000000000000aa010000000000000000aa010000000000000000aa010000000000000000aa010000000000000000aa010000000000000000aa010000000000000000aa010000000000000000aa010000000000000000aa010000
01:07:28.619 [DEBUG] [serial] RX 128 bytes: 000000000000aa010000000000000000aa010000000000000000aa010000000000000000aa010000000000000000aa010000000000000000aa010000000000000000aa010000000000000000aa010000000000000000aa010000000000000000aa010000000000000000aa010000000000000000aa010000000000000000aa01
01:07:28.623 [DEBUG] [serial] RX 128 bytes: 0000000000000000aa010000000000000000aa010000000000000000aa010000000000000000aa010000000000000000aa010000000000000000aa010000000000000000aa010000000000000000aa010000000000000000aa010000000000000000aa010000000000000000aa010000000000000000aa010000000000000000
01:07:28.627 [DEBUG] [serial] RX 128 bytes: aa010000000000000000aa010000000000000000aa010000000000000000aa010000000000000000aa010000000000000000aa010000000000000000aa010000000000000000aa010000000000000000aa010000000000000000aa010000000000000000aa010000000000000000aa010000000000000000aa01000000000000
01:07:28.631 [DEBUG] [serial] RX 128 bytes: 0000aa010000000000000000aa010000000000000000aa010000000000000000aa010000000000000000aa010000000000000000aa010000000000000000aa010000000000000000aa010000000000000000aa010000000000000000aa010000000000000000aa010000000000000000aa010000000000000000aa0100000000
01:07:28.635 [DEBUG] [serial] RX 128 bytes: 00000000aa010000000000000000aa010000000000000000aa010000000000000000aa010000000000000000aa010000000000000000aa010000000000000000aa010000000000000000aa010000000000000000aa010000000000000000aa010000000000000000aa010000000000000000aa010000000000000000aa010000
01:07:28.639 [DEBUG] [serial] RX 128 bytes: 000000000000aa010000000000000000aa010000000000000000aa010000000000000000aa010000000000000000aa010000000000000000aa010000000000000000aa010000000000000000aa010000000000000000aa010000000000000000aa010000000000000000aa010000000000000000aa010000000000000000aa01
01:07:28.643 [DEBUG] [serial] RX 128 bytes: 0000000000000000aa010000000000000000aa010000000000000000aa010000000000000000aa010000000000000000aa010000000000000000aa010000000000000000aa010000000000000000aa010000000000000000aa010000000000000000aa010000000000000000aa010000000000000000aa010000000000000000
01:07:28.647 [DEBUG] [serial] RX 128 bytes: aa010000000000000000aa010000000000000000aa010000000000000000aa010000000000000000aa010000000000000000aa010000000000000000aa010000000000000000aa010000000000000000aa010000000000000000aa010000000000000000aa010000000000000000aa010000000000000000aa01000000000000
01:07:28.651 [DEBUG] [serial] RX 128 bytes: 0000aa010000000000000000aa010000000000000000aa010000000000000000aa010000000000000000aa010000000000000000aa010000000000000000aa010000000000000000aa010000000000000000aa010000000000000000aa010000000000000000aa010000000000000000aa010000000000000000aa0100000000
01:07:28.655 [DEBUG] [serial] RX 128 bytes: 00000000aa010000000000000000aa010000000000000000aa010000000000000000aa010000000000000000aa010000000000000000aa010000000000000000aa010000000000000000aa010000000000000000aa010000000000000000aa010000000000000000aa010000000000000000aa010000000000000000aa010000
01:07:28.659 [DEBUG] [serial] RX 128 bytes: 000000000000aa010000000000000000aa010000000000000000aa010000000000000000aa010000000000000000aa010000000000000000aa010000000000000000aa010000000000000000aa010000000000000000aa010000000000000000aa010000000000000000aa010000000000000000aa010000000000000000aa01
01:07:28.663 [DEBUG] [serial] RX 128 bytes: 0000000000000000aa010000000000000000aa010000000000000000aa010000000000000000aa010000000000000000aa010000000000000000aa010000000000000000aa010000000000000000aa010000000000000000aa010000000000000000aa010000000000000000aa010000000000000000aa010000000000000000
01:07:28.667 [DEBUG] [serial] RX 128 bytes: aa010000000000000000aa010000000000000000aa010000000000000000aa010000000000000000aa010000000000000000aa010000000000000000aa010000000000000000aa010000000000000000aa010000000000000000aa010000000000000000aa010000000000000000aa010000000000000000aa01000000000000
01:07:28.671 [DEBUG] [serial] RX 128 bytes: 0000aa010000000000000000aa010000000000000000aa010000000000000000aa010000000000000000aa010000000000000000aa010000000000000000aa010000000000000000aa010000000000000000aa010000000000000000aa010000000000000000aa010000000000000000aa010000000000000000aa0100000000
01:07:28.675 [DEBUG] [serial] RX 128 bytes: 00000000aa010000000000000000aa010000000000000000aa010000000000000000aa010000000000000000aa010000000000000000aa010000000000000000aa010000000000000000aa010000000000000000aa010000000000000000aa010000000000000000aa010000000000000000aa010000000000000000aa010000
01:07:28.679 [DEBUG] [serial] RX 128 bytes: 000000000000aa010000000000000000aa010000000000000000aa010000000000000000aa010000000000000000aa010000000000000000aa010000000000000000aa010000000000000000aa010000000000000000aa010000000000000000aa010000000000000000aa010000000000000000aa010000000000000000aa01
01:07:28.683 [DEBUG] [serial] RX 128 bytes: 0000000000000000aa010000000000000000aa010000000000000000aa010000000000000000aa010000000000000000aa010000000000000000aa010000000000000000aa010000000000000000aa010000000000000000aa010000000000000000aa010000000000000000aa010000000000000000aa010000000000000000
01:07:28.687 [DEBUG] [serial] RX 128 bytes: aa010000000000000000aa010000000000000000aa010000000000000000aa010000000000000000aa010000000000000000aa010000000000000000aa010000000000000000aa010000000000000000aa010000000000000000aa010000000000000000aa010000000000000000aa010000000000000000aa01000000000000
01:07:28.691 [DEBUG] [serial] RX 128 bytes: 0000aa010000000000000000aa010000000000000000aa010000000000000000aa010000000000000000aa010000000000000000aa010000000000000000aa010000000000000000aa010000000000000000aa010000000000000000aa010000000000000000aa010000000000000000aa010000000000000000aa0100000000
01:07:28.695 [DEBUG] [serial] RX 128 bytes: 00000000aa010000000000000000aa010000000000000000aa010000000000000000aa010000000000000000aa010000000000000000aa010000000000000000aa010000000000000000aa010000000000000000aa010000000000000000aa010000000000000000aa010000000000000000aa010000000000000000aa010000
01:07:28.699 [DEBUG] [serial] RX 128 bytes: 000000000000aa010000000000000000aa010000000000000000aa010000000000000000aa010000000000000000aa010000000000000000aa010000000000000000aa010000000000000000aa010000000000000000aa010000000000000000aa010000000000000000aa010000000000000000aa010000000000000000aa01
01:07:28.702 [DEBUG] [serial] RX 128 bytes: 0000000000000000aa010000000000000000aa010000000000000000aa010000000000000000aa010000000000000000aa010000000000000000aa010000000000000000aa010000000000000000aa010000000000000000aa010000000000000000aa010000000000000000aa010000000000000000aa010000000000000000
01:07:28.706 [DEBUG] [serial] RX 128 bytes: aa010000000000000000aa010000000000000000aa010000000000000000aa010000000000000000aa010000000000000000aa010000000000000000aa010000000000000000aa010000000000000000aa010000000000000000aa010000000000000000aa010000000000000000aa010000000000000000aa01000000000000
01:07:28.711 [DEBUG] [serial] RX 128 bytes: 0000aa010000000000000000aa010000000000000000aa010000000000000000aa010000000000000000aa010000000000000000aa010000000000000000aa010000000000000000aa010000000000000000aa010000000000000000aa010000000000000000aa010000000000000000aa010000000000000000aa0100000000
01:07:28.715 [DEBUG] [serial] RX 128 bytes: 00000000aa010000000000000000aa010000000000000000aa010000000000000000aa010000000000000000aa010000000000000000aa010000000000000000aa010000000000000000aa010000000000000000aa010000000000000000aa010000000000000000aa010000000000000000aa010000000000000000aa010000
01:07:28.719 [DEBUG] [serial] RX 128 bytes: 000000000000aa010000000000000000aa010000000000000000aa010000000000000000aa010000000000000000aa010000000000000000aa010000000000000000aa010000000000000000aa010000000000000000aa010000000000000000aa010000000000000000aa010000000000000000aa010000000000000000aa01
01:07:28.719 [DEBUG] [serial] PKT #18500: flags=0x01 in=0 ds=0 flt=0
01:07:28.722 [DEBUG] [serial] RX 128 bytes: 0000000000000000aa010000000000000000aa010000000000000000aa010000000000000000aa010000000000000000aa010000000000000000aa010000000000000000aa010000000000000000aa010000000000000000aa010000000000000000aa010000000000000000aa010000000000000000aa010000000000000000
01:07:28.726 [DEBUG] [serial] RX 128 bytes: aa010000000000000000aa010000000000000000aa010000000000000000aa010000000000000000aa010000000000000000aa010000000000000000aa010000000000000000aa010000000000000000aa010000000000000000aa010000000000000000aa010000000000000000aa010000000000000000aa01000000000000
01:07:28.730 [DEBUG] [serial] RX 128 bytes: 0000aa010000000000000000aa010000000000000000aa010000000000000000aa010000000000000000aa010000000000000000aa010000000000000000aa010000000000000000aa010000000000000000aa010000000000000000aa010000000000000000aa010000000000000000aa010000000000000000aa0100000000
01:07:28.734 [DEBUG] [serial] RX 128 bytes: 00000000aa010000000000000000aa010000000000000000aa010000000000000000aa010000000000000000aa010000000000000000aa010000000000000000aa010000000000000000aa010000000000000000aa010000000000000000aa010000000000000000aa010000000000000000aa010000000000000000aa010000
01:07:28.738 [DEBUG] [serial] RX 128 bytes: 000000000000aa010000000000000000aa010000000000000000aa010000000000000000aa010000000000000000aa010000000000000000aa010000000000000000aa010000000000000000aa010000000000000000aa010000000000000000aa010000000000000000aa010000000000000000aa010000000000000000aa01
01:07:28.742 [DEBUG] [serial] RX 128 bytes: 0000000000000000aa010000000000000000aa010000000000000000aa010000000000000000aa010000000000000000aa010000000000000000aa010000000000000000aa010000000000000000aa010000000000000000aa010000000000000000aa010000000000000000aa010000000000000000aa010000000000000000
01:07:28.746 [DEBUG] [serial] RX 128 bytes: aa010000000000000000aa010000000000000000aa010000000000000000aa010000000000000000aa010000000000000000aa010000000000000000aa010000000000000000aa010000000000000000aa010000000000000000aa010000000000000000aa010000000000000000aa010000000000000000aa01000000000000
01:07:28.750 [DEBUG] [serial] RX 128 bytes: 0000aa010000000000000000aa010000000000000000aa010000000000000000aa010000000000000000aa010000000000000000aa010000000000000000aa010000000000000000aa010000000000000000aa010000000000000000aa010000000000000000aa010000000000000000aa010000000000000000aa0100000000
01:07:28.754 [DEBUG] [serial] RX 128 bytes: 00000000aa010000000000000000aa010000000000000000aa010000000000000000aa010000000000000000aa010000000000000000aa010000000000000000aa010000000000000000aa010000000000000000aa010000000000000000aa010000000000000000aa010000000000000000aa010000000000000000aa010000
01:07:28.758 [DEBUG] [serial] RX 128 bytes: 000000000000aa010000000000000000aa010000000000000000aa010000000000000000aa010000000000000000aa010000000000000000aa010000000000000000aa010000000000000000aa010000000000000000aa010000000000000000aa010000000000000000aa010000000000000000aa010000000000000000aa01
01:07:28.762 [DEBUG] [serial] RX 128 bytes: 0000000000000000aa010000000000000000aa010000000000000000aa010000000000000000aa010000000000000000aa010000000000000000aa010000000000000000aa010000000000000000aa010000000000000000aa010000000000000000aa010000000000000000aa010000000000000000aa010000000000000000
01:07:28.766 [DEBUG] [serial] RX 128 bytes: aa010000000000000000aa010000000000000000aa010000000000000000aa010000000000000000aa010000000000000000aa010000000000000000aa010000000000000000aa010000000000000000aa010000000000000000aa010000000000000000aa010000000000000000aa010000000000000000aa01000000000000
01:07:28.770 [DEBUG] [serial] RX 128 bytes: 0000aa010000000000000000aa010000000000000000aa010000000000000000aa010000000000000000aa010000000000000000aa010000000000000000aa010000000000000000aa010000000000000000aa010000000000000000aa010000000000000000aa010000000000000000aa010000000000000000aa0100000000
01:07:28.774 [DEBUG] [serial] RX 128 bytes: 00000000aa010000000000000000aa010000000000000000aa010000000000000000aa010000000000000000aa010000000000000000aa010000000000000000aa010000000000000000aa010000000000000000aa010000000000000000aa010000000000000000aa010000000000000000aa010000000000000000aa010000
01:07:28.778 [DEBUG] [serial] RX 128 bytes: 000000000000aa010000000000000000aa010000000000000000aa010000000000000000aa010000000000000000aa010000000000000000aa010000000000000000aa010000000000000000aa010000000000000000aa010000000000000000aa010000000000000000aa010000000000000000aa010000000000000000aa01
01:07:28.782 [DEBUG] [serial] RX 128 bytes: 0000000000000000aa010000000000000000aa010000000000000000aa010000000000000000aa010000000000000000aa010000000000000000aa010000000000000000aa010000000000000000aa010000000000000000aa010000000000000000aa010000000000000000aa010000000000000000aa010000000000000000
01:07:28.786 [DEBUG] [serial] RX 128 bytes: aa010000000000000000aa010000000000000000aa010000000000000000aa010000000000000000aa010000000000000000aa010000000000000000aa010000000000000000aa010000000000000000aa010000000000000000aa010000000000000000aa010000000000000000aa010000000000000000aa01000000000000
01:07:28.790 [DEBUG] [serial] RX 128 bytes: 0000aa010000000000000000aa010000000000000000aa010000000000000000aa010000000000000000aa010000000000000000aa010000000000000000aa010000000000000000aa010000000000000000aa010000000000000000aa010000000000000000aa010000000000000000aa010000000000000000aa0100000000
01:07:28.794 [DEBUG] [serial] RX 128 bytes: 00000000aa010000000000000000aa010000000000000000aa010000000000000000aa010000000000000000aa010000000000000000aa010000000000000000aa010000000000000000aa010000000000000000aa010000000000000000aa010000000000000000aa010000000000000000aa010000000000000000aa010000
01:07:28.798 [DEBUG] [serial] RX 128 bytes: 000000000000aa010000000000000000aa010000000000000000aa010000000000000000aa010000000000000000aa010000000000000000aa010000000000000000aa010000000000000000aa010000000000000000aa010000000000000000aa010000000000000000aa010000000000000000aa010000000000000000aa01
01:07:28.802 [DEBUG] [serial] RX 128 bytes: 0000000000000000aa010000000000000000aa010000000000000000aa010000000000000000aa010000000000000000aa010000000000000000aa010000000000000000aa010000000000000000aa010000000000000000aa010000000000000000aa010000000000000000aa010000000000000000aa010000000000000000
01:07:28.806 [DEBUG] [serial] RX 128 bytes: aa010000000000000000aa010000000000000000aa010000000000000000aa010000000000000000aa010000000000000000aa010000000000000000aa010000000000000000aa010000000000000000aa010000000000000000aa010000000000000000aa010000000000000000aa010000000000000000aa01000000000000
01:07:28.810 [DEBUG] [serial] RX 128 bytes: 0000aa010000000000000000aa010000000000000000aa010000000000000000aa010000000000000000aa010000000000000000aa010000000000000000aa010000000000000000aa010000000000000000aa010000000000000000aa010000000000000000aa010000000000000000aa010000000000000000aa0100000000
01:07:28.814 [DEBUG] [serial] RX 128 bytes: 00000000aa010000000000000000aa010000000000000000aa010000000000000000aa010000000000000000aa010000000000000000aa010000000000000000aa010000000000000000aa010000000000000000aa010000000000000000aa010000000000000000aa010000000000000000aa010000000000000000aa010000
01:07:28.818 [DEBUG] [serial] RX 128 bytes: 000000000000aa010000000000000000aa010000000000000000aa010000000000000000aa010000000000000000aa010000000000000000aa010000000000000000aa010000000000000000aa010000000000000000aa010000000000000000aa010000000000000000aa010000000000000000aa010000000000000000aa01
01:07:28.822 [DEBUG] [serial] RX 128 bytes: 0000000000000000aa010000000000000000aa010000000000000000aa010000000000000000aa010000000000000000aa010000000000000000aa010000000000000000aa010000000000000000aa010000000000000000aa010000000000000000aa010000000000000000aa010000000000000000aa010000000000000000
01:07:28.826 [DEBUG] [serial] RX 128 bytes: aa010000000000000000aa010000000000000000aa010000000000000000aa010000000000000000aa010000000000000000aa010000000000000000aa010000000000000000aa010000000000000000aa010000000000000000aa010000000000000000aa010000000000000000aa010000000000000000aa01000000000000
01:07:28.830 [DEBUG] [serial] RX 128 bytes: 0000aa010000000000000000aa010000000000000000aa010000000000000000aa010000000000000000aa010000000000000000aa010000000000000000aa010000000000000000aa010000000000000000aa010000000000000000aa010000000000000000aa010000000000000000aa010000000000000000aa0100000000
01:07:28.834 [DEBUG] [serial] RX 128 bytes: 00000000aa010000000000000000aa010000000000000000aa010000000000000000aa010000000000000000aa010000000000000000aa010000000000000000aa010000000000000000aa010000000000000000aa010000000000000000aa010000000000000000aa010000000000000000aa010000000000000000aa010000
01:07:28.838 [DEBUG] [serial] RX 128 bytes: 000000000000aa010000000000000000aa010000000000000000aa010000000000000000aa010000000000000000aa010000000000000000aa010000000000000000aa010000000000000000aa010000000000000000aa010000000000000000aa010000000000000000aa010000000000000000aa010000000000000000aa01
01:07:28.841 [DEBUG] [serial] RX 128 bytes: 0000000000000000aa010000000000000000aa010000000000000000aa010000000000000000aa010000000000000000aa010000000000000000aa010000000000000000aa010000000000000000aa010000000000000000aa010000000000000000aa010000000000000000aa010000000000000000aa010000000000000000
01:07:28.846 [DEBUG] [serial] RX 128 bytes: aa010000000000000000aa010000000000000000aa010000000000000000aa010000000000000000aa010000000000000000aa010000000000000000aa010000000000000000aa010000000000000000aa010000000000000000aa010000000000000000aa010000000000000000aa010000000000000000aa01000000000000
01:07:28.850 [DEBUG] [serial] RX 128 bytes: 0000aa010000000000000000aa010000000000000000aa010000000000000000aa010000000000000000aa010000000000000000aa010000000000000000aa010000000000000000aa010000000000000000aa010000000000000000aa010000000000000000aa010000000000000000aa010000000000000000aa0100000000
01:07:28.854 [DEBUG] [serial] RX 128 bytes: 00000000aa010000000000000000aa010000000000000000aa010000000000000000aa010000000000000000aa010000000000000000aa010000000000000000aa010000000000000000aa010000000000000000aa010000000000000000aa010000000000000000aa010000000000000000aa010000000000000000aa010000
01:07:28.858 [DEBUG] [serial] RX 128 bytes: 000000000000aa010000000000000000aa010000000000000000aa010000000000000000aa010000000000000000aa010000000000000000aa010000000000000000aa010000000000000000aa010000000000000000aa010000000000000000aa010000000000000000aa010000000000000000aa010000000000000000aa01
01:07:28.861 [DEBUG] [serial] RX 128 bytes: 0000000000000000aa010000000000000000aa010000000000000000aa010000000000000000aa010000000000000000aa010000000000000000aa010000000000000000aa010000000000000000aa010000000000000000aa010000000000000000aa010000000000000000aa010000000000000000aa010000000000000000
01:07:28.865 [DEBUG] [serial] RX 128 bytes: aa010000000000000000aa010000000000000000aa010000000000000000aa010000000000000000aa010000000000000000aa010000000000000000aa010000000000000000aa010000000000000000aa010000000000000000aa010000000000000000aa010000000000000000aa010000000000000000aa01000000000000
01:07:28.869 [DEBUG] [serial] RX 128 bytes: 0000aa010000000000000000aa010000000000000000aa010000000000000000aa010000000000000000aa010000000000000000aa010000000000000000aa010000000000000000aa010000000000000000aa010000000000000000aa010000000000000000aa010000000000000000aa010000000000000000aa0100000000
01:07:28.873 [DEBUG] [serial] RX 128 bytes: 00000000aa010000000000000000aa010000000000000000aa010000000000000000aa010000000000000000aa010000000000000000aa010000000000000000aa010000000000000000aa010000000000000000aa010000000000000000aa010000000000000000aa010000000000000000aa010000000000000000aa010000
01:07:28.874 [DEBUG] [serial] PKT #19000: flags=0x01 in=0 ds=0 flt=0
01:07:28.877 [DEBUG] [serial] RX 128 bytes: 000000000000aa010000000000000000aa010000000000000000aa010000000000000000aa010000000000000000aa010000000000000000aa010000000000000000aa010000000000000000aa010000000000000000aa010000000000000000aa010000000000000000aa010000000000000000aa010000000000000000aa01
01:07:28.881 [DEBUG] [serial] RX 128 bytes: 0000000000000000aa010000000000000000aa010000000000000000aa010000000000000000aa010000000000000000aa010000000000000000aa010000000000000000aa010000000000000000aa010000000000000000aa010000000000000000aa010000000000000000aa010000000000000000aa010000000000000000
01:07:28.885 [DEBUG] [serial] RX 128 bytes: aa010000000000000000aa010000000000000000aa010000000000000000aa010000000000000000aa010000000000000000aa010000000000000000aa010000000000000000aa010000000000000000aa010000000000000000aa010000000000000000aa010000000000000000aa010000000000000000aa01000000000000
01:07:28.889 [DEBUG] [serial] RX 128 bytes: 0000aa010000000000000000aa010000000000000000aa010000000000000000aa010000000000000000aa010000000000000000aa010000000000000000aa010000000000000000aa010000000000000000aa010000000000000000aa010000000000000000aa010000000000000000aa010000000000000000aa0100000000
01:07:28.893 [DEBUG] [serial] RX 128 bytes: 00000000aa010000000000000000aa010000000000000000aa010000000000000000aa010000000000000000aa010000000000000000aa010000000000000000aa010000000000000000aa010000000000000000aa010000000000000000aa010000000000000000aa010000000000000000aa010000000000000000aa010000
01:07:28.897 [DEBUG] [serial] RX 128 bytes: 000000000000aa010000000000000000aa010000000000000000aa010000000000000000aa010000000000000000aa010000000000000000aa010000000000000000aa010000000000000000aa010000000000000000aa010000000000000000aa010000000000000000aa010000000000000000aa010000000000000000aa01
01:07:28.901 [DEBUG] [serial] RX 128 bytes: 0000000000000000aa010000000000000000aa010000000000000000aa010000000000000000aa010000000000000000aa010000000000000000aa010000000000000000aa010000000000000000aa010000000000000000aa010000000000000000aa010000000000000000aa010000000000000000aa010000000000000000
01:07:28.905 [DEBUG] [serial] RX 128 bytes: aa010000000000000000aa010000000000000000aa010000000000000000aa010000000000000000aa010000000000000000aa010000000000000000aa010000000000000000aa010000000000000000aa010000000000000000aa010000000000000000aa010000000000000000aa010000000000000000aa01000000000000
01:07:28.909 [DEBUG] [serial] RX 128 bytes: 0000aa010000000000000000aa010000000000000000aa010000000000000000aa010000000000000000aa010000000000000000aa010000000000000000aa010000000000000000aa010000000000000000aa010000000000000000aa010000000000000000aa010000000000000000aa010000000000000000aa0100000000
01:07:28.913 [DEBUG] [serial] RX 128 bytes: 00000000aa010000000000000000aa010000000000000000aa010000000000000000aa010000000000000000aa010000000000000000aa010000000000000000aa010000000000000000aa010000000000000000aa010000000000000000aa010000000000000000aa010000000000000000aa010000000000000000aa010000
01:07:28.917 [DEBUG] [serial] RX 128 bytes: 000000000000aa010000000000000000aa010000000000000000aa010000000000000000aa010000000000000000aa010000000000000000aa010000000000000000aa010000000000000000aa010000000000000000aa010000000000000000aa010000000000000000aa010000000000000000aa010000000000000000aa01
01:07:28.921 [DEBUG] [serial] RX 128 bytes: 0000000000000000aa010000000000000000aa010000000000000000aa010000000000000000aa010000000000000000aa010000000000000000aa010000000000000000aa010000000000000000aa010000000000000000aa010000000000000000aa010000000000000000aa010000000000000000aa010000000000000000
01:07:28.925 [DEBUG] [serial] RX 128 bytes: aa010000000000000000aa010000000000000000aa010000000000000000aa010000000000000000aa010000000000000000aa010000000000000000aa010000000000000000aa010000000000000000aa010000000000000000aa010000000000000000aa010000000000000000aa010000000000000000aa01000000000000
01:07:28.929 [DEBUG] [serial] RX 128 bytes: 0000aa010000000000000000aa010000000000000000aa010000000000000000aa010000000000000000aa010000000000000000aa010000000000000000aa010000000000000000aa010000000000000000aa010000000000000000aa010000000000000000aa010000000000000000aa010000000000000000aa0100000000
01:07:28.933 [DEBUG] [serial] RX 128 bytes: 00000000aa010000000000000000aa010000000000000000aa010000000000000000aa010000000000000000aa010000000000000000aa010000000000000000aa010000000000000000aa010000000000000000aa010000000000000000aa010000000000000000aa010000000000000000aa010000000000000000aa010000
01:07:28.937 [DEBUG] [serial] RX 128 bytes: 000000000000aa010000000000000000aa010000000000000000aa010000000000000000aa010000000000000000aa010000000000000000aa010000000000000000aa010000000000000000aa010000000000000000aa010000000000000000aa010000000000000000aa010000000000000000aa010000000000000000aa01
01:07:28.941 [DEBUG] [serial] RX 128 bytes: 0000000000000000aa010000000000000000aa010000000000000000aa010000000000000000aa010000000000000000aa010000000000000000aa010000000000000000aa010000000000000000aa010000000000000000aa010000000000000000aa010000000000000000aa010000000000000000aa010000000000000000
01:07:28.945 [DEBUG] [serial] RX 128 bytes: aa010000000000000000aa010000000000000000aa010000000000000000aa010000000000000000aa010000000000000000aa010000000000000000aa010000000000000000aa010000000000000000aa010000000000000000aa010000000000000000aa010000000000000000aa010000000000000000aa01000000000000
01:07:28.949 [DEBUG] [serial] RX 128 bytes: 0000aa010000000000000000aa010000000000000000aa010000000000000000aa010000000000000000aa010000000000000000aa010000000000000000aa010000000000000000aa010000000000000000aa010000000000000000aa010000000000000000aa010000000000000000aa010000000000000000aa0100000000
01:07:28.953 [DEBUG] [serial] RX 128 bytes: 00000000aa010000000000000000aa010000000000000000aa010000000000000000aa010000000000000000aa010000000000000000aa010000000000000000aa010000000000000000aa010000000000000000aa010000000000000000aa010000000000000000aa010000000000000000aa010000000000000000aa010000
01:07:28.957 [DEBUG] [serial] RX 128 bytes: 000000000000aa010000000000000000aa010000000000000000aa010000000000000000aa010000000000000000aa010000000000000000aa010000000000000000aa010000000000000000aa010000000000000000aa010000000000000000aa010000000000000000aa010000000000000000aa010000000000000000aa01
01:07:28.961 [DEBUG] [serial] RX 128 bytes: 0000000000000000aa010000000000000000aa010000000000000000aa010000000000000000aa010000000000000000aa010000000000000000aa010000000000000000aa010000000000000000aa010000000000000000aa010000000000000000aa010000000000000000aa010000000000000000aa010000000000000000
01:07:28.965 [DEBUG] [serial] RX 128 bytes: aa010000000000000000aa010000000000000000aa010000000000000000aa010000000000000000aa010000000000000000aa010000000000000000aa010000000000000000aa010000000000000000aa010000000000000000aa010000000000000000aa010000000000000000aa010000000000000000aa01000000000000
01:07:28.969 [DEBUG] [serial] RX 128 bytes: 0000aa010000000000000000aa010000000000000000aa010000000000000000aa010000000000000000aa010000000000000000aa010000000000000000aa010000000000000000aa010000000000000000aa010000000000000000aa010000000000000000aa010000000000000000aa010000000000000000aa0100000000
01:07:28.973 [DEBUG] [serial] RX 128 bytes: 00000000aa010000000000000000aa010000000000000000aa010000000000000000aa010000000000000000aa010000000000000000aa010000000000000000aa010000000000000000aa010000000000000000aa010000000000000000aa010000000000000000aa010000000000000000aa010000000000000000aa010000
01:07:28.977 [DEBUG] [serial] RX 128 bytes: 000000000000aa010000000000000000aa010000000000000000aa010000000000000000aa010000000000000000aa010000000000000000aa010000000000000000aa010000000000000000aa010000000000000000aa010000000000000000aa010000000000000000aa010000000000000000aa010000000000000000aa01
01:07:28.981 [DEBUG] [serial] RX 128 bytes: 0000000000000000aa010000000000000000aa010000000000000000aa010000000000000000aa010000000000000000aa010000000000000000aa010000000000000000aa010000000000000000aa010000000000000000aa010000000000000000aa010000000000000000aa010000000000000000aa010000000000000000
01:07:28.985 [DEBUG] [serial] RX 128 bytes: aa010000000000000000aa010000000000000000aa010000000000000000aa010000000000000000aa010000000000000000aa010000000000000000aa010000000000000000aa010000000000000000aa010000000000000000aa010000000000000000aa010000000000000000aa010000000000000000aa01000000000000
01:07:28.989 [DEBUG] [serial] RX 128 bytes: 0000aa010000000000000000aa010000000000000000aa010000000000000000aa010000000000000000aa010000000000000000aa010000000000000000aa010000000000000000aa010000000000000000aa010000000000000000aa010000000000000000aa010000000000000000aa010000000000000000aa0100000000
01:07:28.993 [DEBUG] [serial] RX 128 bytes: 00000000aa010000000000000000aa010000000000000000aa010000000000000000aa010000000000000000aa010000000000000000aa010000000000000000aa010000000000000000aa010000000000000000aa010000000000000000aa010000000000000000aa010000000000000000aa010000000000000000aa010000
01:07:28.997 [DEBUG] [serial] RX 128 bytes: 000000000000aa010000000000000000aa010000000000000000aa010000000000000000aa010000000000000000aa010000000000000000aa010000000000000000aa010000000000000000aa010000000000000000aa010000000000000000aa010000000000000000aa010000000000000000aa010000000000000000aa01
01:07:29.000 [DEBUG] [serial] RX 128 bytes: 0000000000000000aa010000000000000000aa010000000000000000aa010000000000000000aa010000000000000000aa010000000000000000aa010000000000000000aa010000000000000000aa010000000000000000aa010000000000000000aa010000000000000000aa010000000000000000aa010000000000000000
01:07:29.004 [DEBUG] [serial] RX 128 bytes: aa010000000000000000aa010000000000000000aa010000000000000000aa010000000000000000aa010000000000000000aa010000000000000000aa010000000000000000aa010000000000000000aa010000000000000000aa010000000000000000aa010000000000000000aa010000000000000000aa01000000000000
01:07:29.008 [DEBUG] [serial] RX 128 bytes: 0000aa010000000000000000aa010000000000000000aa010000000000000000aa010000000000000000aa010000000000000000aa010000000000000000aa010000000000000000aa010000000000000000aa010000000000000000aa010000000000000000aa010000000000000000aa010000000000000000aa0100000000
01:07:29.013 [DEBUG] [serial] RX 128 bytes: 00000000aa010000000000000000aa010000000000000000aa010000000000000000aa010000000000000000aa010000000000000000aa010000000000000000aa010000000000000000aa010000000000000000aa010000000000000000aa010000000000000000aa010000000000000000aa010000000000000000aa010000
01:07:29.017 [DEBUG] [serial] RX 128 bytes: 000000000000aa010000000000000000aa010000000000000000aa010000000000000000aa010000000000000000aa010000000000000000aa010000000000000000aa010000000000000000aa010000000000000000aa010000000000000000aa010000000000000000aa010000000000000000aa010000000000000000aa01
01:07:29.020 [DEBUG] [serial] RX 128 bytes: 0000000000000000aa010000000000000000aa010000000000000000aa010000000000000000aa010000000000000000aa010000000000000000aa010000000000000000aa010000000000000000aa010000000000000000aa010000000000000000aa010000000000000000aa010000000000000000aa010000000000000000
01:07:29.024 [DEBUG] [serial] RX 128 bytes: aa010000000000000000aa010000000000000000aa010000000000000000aa010000000000000000aa010000000000000000aa010000000000000000aa010000000000000000aa010000000000000000aa010000000000000000aa010000000000000000aa010000000000000000aa010000000000000000aa01000000000000
01:07:29.028 [DEBUG] [serial] RX 128 bytes: 0000aa010000000000000000aa010000000000000000aa010000000000000000aa010000000000000000aa010000000000000000aa010000000000000000aa010000000000000000aa010000000000000000aa010000000000000000aa010000000000000000aa010000000000000000aa010000000000000000aa0100000000
01:07:29.029 [DEBUG] [serial] PKT #19500: flags=0x01 in=0 ds=0 flt=0
01:07:29.032 [DEBUG] [serial] RX 128 bytes: 00000000aa010000000000000000aa010000000000000000aa010000000000000000aa010000000000000000aa010000000000000000aa010000000000000000aa010000000000000000aa010000000000000000aa010000000000000000aa010000000000000000aa010000000000000000aa010000000000000000aa010000
01:07:29.036 [DEBUG] [serial] RX 128 bytes: 000000000000aa010000000000000000aa010000000000000000aa010000000000000000aa010000000000000000aa010000000000000000aa010000000000000000aa010000000000000000aa010000000000000000aa010000000000000000aa010000000000000000aa010000000000000000aa010000000000000000aa01
01:07:29.040 [DEBUG] [serial] RX 128 bytes: 0000000000000000aa010000000000000000aa010000000000000000aa010000000000000000aa010000000000000000aa010000000000000000aa010000000000000000aa010000000000000000aa010000000000000000aa010000000000000000aa010000000000000000aa010000000000000000aa010000000000000000
01:07:29.044 [DEBUG] [serial] RX 128 bytes: aa010000000000000000aa010000000000000000aa010000000000000000aa010000000000000000aa010000000000000000aa010000000000000000aa010000000000000000aa010000000000000000aa010000000000000000aa010000000000000000aa010000000000000000aa010000000000000000aa01000000000000
01:07:29.048 [DEBUG] [serial] RX 128 bytes: 0000aa010000000000000000aa010000000000000000aa010000000000000000aa010000000000000000aa010000000000000000aa010000000000000000aa010000000000000000aa010000000000000000aa010000000000000000aa010000000000000000aa010000000000000000aa010000000000000000aa0100000000
01:07:29.052 [DEBUG] [serial] RX 128 bytes: 00000000aa010000000000000000aa010000000000000000aa010000000000000000aa010000000000000000aa010000000000000000aa010000000000000000aa010000000000000000aa010000000000000000aa010000000000000000aa010000000000000000aa010000000000000000aa010000000000000000aa010000
01:07:29.056 [DEBUG] [serial] RX 128 bytes: 000000000000aa010000000000000000aa010000000000000000aa010000000000000000aa010000000000000000aa010000000000000000aa010000000000000000aa010000000000000000aa010000000000000000aa010000000000000000aa010000000000000000aa010000000000000000aa010000000000000000aa01
01:07:29.060 [DEBUG] [serial] RX 128 bytes: 0000000000000000aa010000000000000000aa010000000000000000aa010000000000000000aa010000000000000000aa010000000000000000aa010000000000000000aa010000000000000000aa010000000000000000aa010000000000000000aa010000000000000000aa010000000000000000aa010000000000000000
01:07:29.064 [DEBUG] [serial] RX 128 bytes: aa010000000000000000aa010000000000000000aa010000000000000000aa010000000000000000aa010000000000000000aa010000000000000000aa010000000000000000aa010000000000000000aa010000000000000000aa010000000000000000aa010000000000000000aa010000000000000000aa01000000000000
01:07:29.068 [DEBUG] [serial] RX 128 bytes: 0000aa010000000000000000aa010000000000000000aa010000000000000000aa010000000000000000aa010000000000000000aa010000000000000000aa010000000000000000aa010000000000000000aa010000000000000000aa010000000000000000aa010000000000000000aa010000000000000000aa0100000000
01:07:29.072 [DEBUG] [serial] RX 128 bytes: 00000000aa010000000000000000aa010000000000000000aa010000000000000000aa010000000000000000aa010000000000000000aa010000000000000000aa010000000000000000aa010000000000000000aa010000000000000000aa010000000000000000aa010000000000000000aa010000000000000000aa010000
01:07:29.076 [DEBUG] [serial] RX 128 bytes: 000000000000aa010000000000000000aa010000000000000000aa010000000000000000aa010000000000000000aa010000000000000000aa010000000000000000aa010000000000000000aa010000000000000000aa010000000000000000aa010000000000000000aa010000000000000000aa010000000000000000aa01
01:07:29.080 [DEBUG] [serial] RX 128 bytes: 0000000000000000aa010000000000000000aa010000000000000000aa010000000000000000aa010000000000000000aa010000000000000000aa010000000000000000aa010000000000000000aa010000000000000000aa010000000000000000aa010000000000000000aa010000000000000000aa010000000000000000
01:07:29.084 [DEBUG] [serial] RX 128 bytes: aa010000000000000000aa010000000000000000aa010000000000000000aa010000000000000000aa010000000000000000aa010000000000000000aa010000000000000000aa010000000000000000aa010000000000000000aa010000000000000000aa010000000000000000aa010000000000000000aa01000000000000
01:07:29.088 [DEBUG] [serial] RX 128 bytes: 0000aa010000000000000000aa010000000000000000aa010000000000000000aa010000000000000000aa010000000000000000aa010000000000000000aa010000000000000000aa010000000000000000aa010000000000000000aa010000000000000000aa010000000000000000aa010000000000000000aa0100000000
01:07:29.092 [DEBUG] [serial] RX 128 bytes: 00000000aa010000000000000000aa010000000000000000aa010000000000000000aa010000000000000000aa010000000000000000aa010000000000000000aa010000000000000000aa010000000000000000aa010000000000000000aa010000000000000000aa010000000000000000aa010000000000000000aa010000
01:07:29.096 [DEBUG] [serial] RX 128 bytes: 000000000000aa010000000000000000aa010000000000000000aa010000000000000000aa010000000000000000aa010000000000000000aa010000000000000000aa010000000000000000aa010000000000000000aa010000000000000000aa010000000000000000aa010000000000000000aa010000000000000000aa01
01:07:29.100 [DEBUG] [serial] RX 128 bytes: 0000000000000000aa010000000000000000aa010000000000000000aa010000000000000000aa010000000000000000aa010000000000000000aa010000000000000000aa010000000000000000aa010000000000000000aa010000000000000000aa010000000000000000aa010000000000000000aa010000000000000000
01:07:29.104 [DEBUG] [serial] RX 128 bytes: aa010000000000000000aa010000000000000000aa010000000000000000aa010000000000000000aa010000000000000000aa010000000000000000aa010000000000000000aa010000000000000000aa010000000000000000aa010000000000000000aa010000000000000000aa010000000000000000aa01000000000000
01:07:29.108 [DEBUG] [serial] RX 128 bytes: 0000aa010000000000000000aa010000000000000000aa010000000000000000aa010000000000000000aa010000000000000000aa010000000000000000aa010000000000000000aa010000000000000000aa010000000000000000aa010000000000000000aa010000000000000000aa010000000000000000aa0100000000
01:07:29.112 [DEBUG] [serial] RX 128 bytes: 00000000aa010000000000000000aa010000000000000000aa010000000000000000aa010000000000000000aa010000000000000000aa010000000000000000aa010000000000000000aa010000000000000000aa010000000000000000aa010000000000000000aa010000000000000000aa010000000000000000aa010000
01:07:29.116 [DEBUG] [serial] RX 128 bytes: 000000000000aa010000000000000000aa010000000000000000aa010000000000000000aa010000000000000000aa010000000000000000aa010000000000000000aa010000000000000000aa010000000000000000aa010000000000000000aa010000000000000000aa010000000000000000aa010000000000000000aa01
01:07:29.120 [DEBUG] [serial] RX 128 bytes: 0000000000000000aa010000000000000000aa010000000000000000aa010000000000000000aa010000000000000000aa010000000000000000aa010000000000000000aa010000000000000000aa010000000000000000aa010000000000000000aa010000000000000000aa010000000000000000aa010000000000000000
01:07:29.124 [DEBUG] [serial] RX 128 bytes: aa010000000000000000aa010000000000000000aa010000000000000000aa010000000000000000aa010000000000000000aa010000000000000000aa010000000000000000aa010000000000000000aa010000000000000000aa010000000000000000aa010000000000000000aa010000000000000000aa01000000000000
01:07:29.128 [DEBUG] [serial] RX 128 bytes: 0000aa010000000000000000aa010000000000000000aa010000000000000000aa010000000000000000aa010000000000000000aa010000000000000000aa010000000000000000aa010000000000000000aa010000000000000000aa010000000000000000aa010000000000000000aa010000000000000000aa0100000000
01:07:29.132 [DEBUG] [serial] RX 128 bytes: 00000000aa010000000000000000aa010000000000000000aa010000000000000000aa010000000000000000aa010000000000000000aa010000000000000000aa010000000000000000aa010000000000000000aa010000000000000000aa010000000000000000aa010000000000000000aa010000000000000000aa010000
01:07:29.136 [DEBUG] [serial] RX 128 bytes: 000000000000aa010000000000000000aa010000000000000000aa010000000000000000aa010000000000000000aa010000000000000000aa010000000000000000aa010000000000000000aa010000000000000000aa010000000000000000aa010000000000000000aa010000000000000000aa010000000000000000aa01
01:07:29.140 [DEBUG] [serial] RX 128 bytes: 0000000000000000aa010000000000000000aa010000000000000000aa010000000000000000aa010000000000000000aa010000000000000000aa010000000000000000aa010000000000000000aa010000000000000000aa010000000000000000aa010000000000000000aa010000000000000000aa010000000000000000
01:07:29.144 [DEBUG] [serial] RX 128 bytes: aa010000000000000000aa010000000000000000aa010000000000000000aa010000000000000000aa010000000000000000aa010000000000000000aa010000000000000000aa010000000000000000aa010000000000000000aa010000000000000000aa010000000000000000aa010000000000000000aa01000000000000
01:07:29.148 [DEBUG] [serial] RX 128 bytes: 0000aa010000000000000000aa010000000000000000aa010000000000000000aa010000000000000000aa010000000000000000aa010000000000000000aa010000000000000000aa010000000000000000aa010000000000000000aa010000000000000000aa010000000000000000aa010000000000000000aa0100000000
01:07:29.152 [DEBUG] [serial] RX 128 bytes: 00000000aa010000000000000000aa010000000000000000aa010000000000000000aa010000000000000000aa010000000000000000aa010000000000000000aa010000000000000000aa010000000000000000aa010000000000000000aa010000000000000000aa010000000000000000aa010000000000000000aa010000
01:07:29.156 [DEBUG] [serial] RX 128 bytes: 000000000000aa010000000000000000aa010000000000000000aa010000000000000000aa010000000000000000aa010000000000000000aa010000000000000000aa010000000000000000aa010000000000000000aa010000000000000000aa010000000000000000aa010000000000000000aa010000000000000000aa01
01:07:29.159 [DEBUG] [serial] RX 128 bytes: 0000000000000000aa010000000000000000aa010000000000000000aa010000000000000000aa010000000000000000aa010000000000000000aa010000000000000000aa010000000000000000aa010000000000000000aa010000000000000000aa010000000000000000aa010000000000000000aa010000000000000000
01:07:29.163 [DEBUG] [serial] RX 128 bytes: aa010000000000000000aa010000000000000000aa010000000000000000aa010000000000000000aa010000000000000000aa010000000000000000aa010000000000000000aa010000000000000000aa010000000000000000aa010000000000000000aa010000000000000000aa010000000000000000aa01000000000000
01:07:29.167 [DEBUG] [serial] RX 128 bytes: 0000aa010000000000000000aa010000000000000000aa010000000000000000aa010000000000000000aa010000000000000000aa010000000000000000aa010000000000000000aa010000000000000000aa010000000000000000aa010000000000000000aa010000000000000000aa010000000000000000aa0100000000
01:07:29.172 [DEBUG] [serial] RX 128 bytes: 00000000aa010000000000000000aa010000000000000000aa010000000000000000aa010000000000000000aa010000000000000000aa010000000000000000aa010000000000000000aa010000000000000000aa010000000000000000aa010000000000000000aa010000000000000000aa010000000000000000aa010000
01:07:29.176 [DEBUG] [serial] RX 128 bytes: 000000000000aa010000000000000000aa010000000000000000aa010000000000000000aa010000000000000000aa010000000000000000aa010000000000000000aa010000000000000000aa010000000000000000aa010000000000000000aa010000000000000000aa010000000000000000aa010000000000000000aa01
01:07:29.179 [DEBUG] [serial] RX 128 bytes: 0000000000000000aa010000000000000000aa010000000000000000aa010000000000000000aa010000000000000000aa010000000000000000aa010000000000000000aa010000000000000000aa010000000000000000aa010000000000000000aa010000000000000000aa010000000000000000aa010000000000000000
01:07:29.183 [DEBUG] [serial] RX 128 bytes: aa010000000000000000aa010000000000000000aa010000000000000000aa010000000000000000aa010000000000000000aa010000000000000000aa010000000000000000aa010000000000000000aa010000000000000000aa010000000000000000aa010000000000000000aa010000000000000000aa01000000000000
01:07:29.183 [DEBUG] [serial] PKT #20000: flags=0x01 in=0 ds=0 flt=0
01:07:29.187 [DEBUG] [serial] RX 128 bytes: 0000aa010000000000000000aa010000000000000000aa010000000000000000aa010000000000000000aa010000000000000000aa010000000000000000aa010000000000000000aa010000000000000000aa010000000000000000aa010000000000000000aa010000000000000000aa010000000000000000aa0100000000
01:07:29.191 [DEBUG] [serial] RX 128 bytes: 00000000aa010000000000000000aa010000000000000000aa010000000000000000aa010000000000000000aa010000000000000000aa010000000000000000aa010000000000000000aa010000000000000000aa010000000000000000aa010000000000000000aa010000000000000000aa010000000000000000aa010000
01:07:29.196 [DEBUG] [serial] RX 128 bytes: 000000000000aa010000000000000000aa010000000000000000aa010000000000000000aa010000000000000000aa010000000000000000aa010000000000000000aa010000000000000000aa010000000000000000aa010000000000000000aa010000000000000000aa010000000000000000aa010000000000000000aa01
01:07:29.199 [DEBUG] [serial] RX 128 bytes: 0000000000000000aa010000000000000000aa010000000000000000aa010000000000000000aa010000000000000000aa010000000000000000aa010000000000000000aa010000000000000000aa010000000000000000aa010000000000000000aa010000000000000000aa010000000000000000aa010000000000000000
01:07:29.203 [DEBUG] [serial] RX 128 bytes: aa010000000000000000aa010000000000000000aa010000000000000000aa010000000000000000aa010000000000000000aa010000000000000000aa010000000000000000aa010000000000000000aa010000000000000000aa010000000000000000aa010000000000000000aa010000000000000000aa01000000000000
01:07:29.207 [DEBUG] [serial] RX 128 bytes: 0000aa010000000000000000aa010000000000000000aa010000000000000000aa010000000000000000aa010000000000000000aa010000000000000000aa010000000000000000aa010000000000000000aa010000000000000000aa010000000000000000aa010000000000000000aa010000000000000000aa0100000000
01:07:29.211 [DEBUG] [serial] RX 128 bytes: 00000000aa010000000000000000aa010000000000000000aa010000000000000000aa010000000000000000aa010000000000000000aa010000000000000000aa010000000000000000aa010000000000000000aa010000000000000000aa010000000000000000aa010000000000000000aa010000000000000000aa010000
01:07:29.215 [DEBUG] [serial] RX 128 bytes: 000000000000aa010000000000000000aa010000000000000000aa010000000000000000aa010000000000000000aa010000000000000000aa010000000000000000aa010000000000000000aa010000000000000000aa010000000000000000aa010000000000000000aa010000000000000000aa010000000000000000aa01
01:07:29.219 [DEBUG] [serial] RX 128 bytes: 0000000000000000aa010000000000000000aa010000000000000000aa010000000000000000aa010000000000000000aa010000000000000000aa010000000000000000aa010000000000000000aa010000000000000000aa010000000000000000aa010000000000000000aa010000000000000000aa010000000000000000
01:07:29.223 [DEBUG] [serial] RX 128 bytes: aa010000000000000000aa010000000000000000aa010000000000000000aa010000000000000000aa010000000000000000aa010000000000000000aa010000000000000000aa010000000000000000aa010000000000000000aa010000000000000000aa010000000000000000aa010000000000000000aa01000000000000
01:07:29.227 [DEBUG] [serial] RX 128 bytes: 0000aa010000000000000000aa010000000000000000aa010000000000000000aa010000000000000000aa010000000000000000aa010000000000000000aa010000000000000000aa010000000000000000aa010000000000000000aa010000000000000000aa010000000000000000aa010000000000000000aa0100000000
01:07:29.231 [DEBUG] [serial] RX 128 bytes: 00000000aa010000000000000000aa010000000000000000aa010000000000000000aa010000000000000000aa010000000000000000aa010000000000000000aa010000000000000000aa010000000000000000aa010000000000000000aa010000000000000000aa010000000000000000aa010000000000000000aa010000
01:07:29.235 [DEBUG] [serial] RX 128 bytes: 000000000000aa010000000000000000aa010000000000000000aa010000000000000000aa010000000000000000aa010000000000000000aa010000000000000000aa010000000000000000aa010000000000000000aa010000000000000000aa010000000000000000aa010000000000000000aa010000000000000000aa01
01:07:29.239 [DEBUG] [serial] RX 128 bytes: 0000000000000000aa010000000000000000aa010000000000000000aa010000000000000000aa010000000000000000aa010000000000000000aa010000000000000000aa010000000000000000aa010000000000000000aa010000000000000000aa010000000000000000aa010000000000000000aa010000000000000000
01:07:29.243 [DEBUG] [serial] RX 128 bytes: aa010000000000000000aa010000000000000000aa010000000000000000aa010000000000000000aa010000000000000000aa010000000000000000aa010000000000000000aa010000000000000000aa010000000000000000aa010000000000000000aa010000000000000000aa010000000000000000aa01000000000000
01:07:29.247 [DEBUG] [serial] RX 128 bytes: 0000aa010000000000000000aa010000000000000000aa010000000000000000aa010000000000000000aa010000000000000000aa010000000000000000aa010000000000000000aa010000000000000000aa010000000000000000aa010000000000000000aa010000000000000000aa010000000000000000aa0100000000
01:07:29.251 [DEBUG] [serial] RX 128 bytes: 00000000aa010000000000000000aa010000000000000000aa010000000000000000aa010000000000000000aa010000000000000000aa010000000000000000aa010000000000000000aa010000000000000000aa010000000000000000aa010000000000000000aa010000000000000000aa010000000000000000aa010000
01:07:29.255 [DEBUG] [serial] RX 128 bytes: 000000000000aa010000000000000000aa010000000000000000aa010000000000000000aa010000000000000000aa010000000000000000aa010000000000000000aa010000000000000000aa010000000000000000aa010000000000000000aa010000000000000000aa010000000000000000aa010000000000000000aa01
01:07:29.259 [DEBUG] [serial] RX 128 bytes: 0000000000000000aa010000000000000000aa010000000000000000aa010000000000000000aa010000000000000000aa010000000000000000aa010000000000000000aa010000000000000000aa010000000000000000aa010000000000000000aa010000000000000000aa010000000000000000aa010000000000000000
01:07:29.263 [DEBUG] [serial] RX 128 bytes: aa010000000000000000aa010000000000000000aa010000000000000000aa010000000000000000aa010000000000000000aa010000000000000000aa010000000000000000aa010000000000000000aa010000000000000000aa010000000000000000aa010000000000000000aa010000000000000000aa01000000000000
01:07:29.267 [DEBUG] [serial] RX 128 bytes: 0000aa010000000000000000aa010000000000000000aa010000000000000000aa010000000000000000aa010000000000000000aa010000000000000000aa010000000000000000aa010000000000000000aa010000000000000000aa010000000000000000aa010000000000000000aa010000000000000000aa0100000000
01:07:29.271 [DEBUG] [serial] RX 128 bytes: 00000000aa010000000000000000aa010000000000000000aa010000000000000000aa010000000000000000aa010000000000000000aa010000000000000000aa010000000000000000aa010000000000000000aa010000000000000000aa010000000000000000aa010000000000000000aa010000000000000000aa010000
01:07:29.275 [DEBUG] [serial] RX 128 bytes: 000000000000aa010000000000000000aa010000000000000000aa010000000000000000aa010000000000000000aa010000000000000000aa010000000000000000aa010000000000000000aa010000000000000000aa010000000000000000aa010000000000000000aa010000000000000000aa010000000000000000aa01
01:07:29.279 [DEBUG] [serial] RX 128 bytes: 0000000000000000aa010000000000000000aa010000000000000000aa010000000000000000aa010000000000000000aa010000000000000000aa010000000000000000aa010000000000000000aa010000000000000000aa010000000000000000aa010000000000000000aa010000000000000000aa010000000000000000
01:07:29.283 [DEBUG] [serial] RX 128 bytes: aa010000000000000000aa010000000000000000aa010000000000000000aa010000000000000000aa010000000000000000aa010000000000000000aa010000000000000000aa010000000000000000aa010000000000000000aa010000000000000000aa010000000000000000aa010000000000000000aa01000000000000
01:07:29.287 [DEBUG] [serial] RX 128 bytes: 0000aa010000000000000000aa010000000000000000aa010000000000000000aa010000000000000000aa010000000000000000aa010000000000000000aa010000000000000000aa010000000000000000aa010000000000000000aa010000000000000000aa010000000000000000aa010000000000000000aa0100000000
01:07:29.291 [DEBUG] [serial] RX 128 bytes: 00000000aa010000000000000000aa010000000000000000aa010000000000000000aa010000000000000000aa010000000000000000aa010000000000000000aa010000000000000000aa010000000000000000aa010000000000000000aa010000000000000000aa010000000000000000aa010000000000000000aa010000
01:07:29.295 [DEBUG] [serial] RX 128 bytes: 000000000000aa010000000000000000aa010000000000000000aa010000000000000000aa010000000000000000aa010000000000000000aa010000000000000000aa010000000000000000aa010000000000000000aa010000000000000000aa010000000000000000aa010000000000000000aa010000000000000000aa01
01:07:29.298 [DEBUG] [serial] RX 128 bytes: 0000000000000000aa010000000000000000aa010000000000000000aa010000000000000000aa010000000000000000aa010000000000000000aa010000000000000000aa010000000000000000aa010000000000000000aa010000000000000000aa010000000000000000aa010000000000000000aa010000000000000000
01:07:29.303 [DEBUG] [serial] RX 128 bytes: aa010000000000000000aa010000000000000000aa010000000000000000aa010000000000000000aa010000000000000000aa010000000000000000aa010000000000000000aa010000000000000000aa010000000000000000aa010000000000000000aa010000000000000000aa010000000000000000aa01000000000000
01:07:29.307 [DEBUG] [serial] RX 128 bytes: 0000aa010000000000000000aa010000000000000000aa010000000000000000aa010000000000000000aa010000000000000000aa010000000000000000aa010000000000000000aa010000000000000000aa010000000000000000aa010000000000000000aa010000000000000000aa010000000000000000aa0100000000
01:07:29.311 [DEBUG] [serial] RX 128 bytes: 00000000aa010000000000000000aa010000000000000000aa010000000000000000aa010000000000000000aa010000000000000000aa010000000000000000aa010000000000000000aa010000000000000000aa010000000000000000aa010000000000000000aa010000000000000000aa010000000000000000aa010000
01:07:29.315 [DEBUG] [serial] RX 128 bytes: 000000000000aa010000000000000000aa010000000000000000aa010000000000000000aa010000000000000000aa010000000000000000aa010000000000000000aa010000000000000000aa010000000000000000aa010000000000000000aa010000000000000000aa010000000000000000aa010000000000000000aa01
01:07:29.318 [DEBUG] [serial] RX 128 bytes: 0000000000000000aa010000000000000000aa010000000000000000aa010000000000000000aa010000000000000000aa010000000000000000aa010000000000000000aa010000000000000000aa010000000000000000aa010000000000000000aa010000000000000000aa010000000000000000aa010000000000000000
01:07:29.322 [DEBUG] [serial] RX 128 bytes: aa010000000000000000aa010000000000000000aa010000000000000000aa010000000000000000aa010000000000000000aa010000000000000000aa010000000000000000aa010000000000000000aa010000000000000000aa010000000000000000aa010000000000000000aa010000000000000000aa01000000000000
01:07:29.326 [DEBUG] [serial] RX 128 bytes: 0000aa010000000000000000aa010000000000000000aa010000000000000000aa010000000000000000aa010000000000000000aa010000000000000000aa010000000000000000aa010000000000000000aa010000000000000000aa010000000000000000aa010000000000000000aa010000000000000000aa0100000000
01:07:29.330 [DEBUG] [serial] RX 128 bytes: 00000000aa010000000000000000aa010000000000000000aa010000000000000000aa010000000000000000aa010000000000000000aa010000000000000000aa010000000000000000aa010000000000000000aa010000000000000000aa010000000000000000aa010000000000000000aa010000000000000000aa010000
01:07:29.334 [DEBUG] [serial] RX 128 bytes: 000000000000aa010000000000000000aa010000000000000000aa010000000000000000aa010000000000000000aa010000000000000000aa010000000000000000aa010000000000000000aa010000000000000000aa010000000000000000aa010000000000000000aa010000000000000000aa010000000000000000aa01
01:07:29.338 [DEBUG] [serial] RX 128 bytes: 0000000000000000aa010000000000000000aa010000000000000000aa010000000000000000aa010000000000000000aa010000000000000000aa010000000000000000aa010000000000000000aa010000000000000000aa010000000000000000aa010000000000000000aa010000000000000000aa010000000000000000
01:07:29.338 [DEBUG] [serial] PKT #20500: flags=0x01 in=0 ds=0 flt=0
01:07:29.342 [DEBUG] [serial] RX 128 bytes: aa010000000000000000aa010000000000000000aa010000000000000000aa010000000000000000aa010000000000000000aa010000000000000000aa010000000000000000aa010000000000000000aa010000000000000000aa010000000000000000aa010000000000000000aa010000000000000000aa01000000000000
01:07:29.346 [DEBUG] [serial] RX 128 bytes: 0000aa010000000000000000aa010000000000000000aa010000000000000000aa010000000000000000aa010000000000000000aa010000000000000000aa010000000000000000aa010000000000000000aa010000000000000000aa010000000000000000aa010000000000000000aa010000000000000000aa0100000000
01:07:29.350 [DEBUG] [serial] RX 128 bytes: 00000000aa010000000000000000aa010000000000000000aa010000000000000000aa010000000000000000aa010000000000000000aa010000000000000000aa010000000000000000aa010000000000000000aa010000000000000000aa010000000000000000aa010000000000000000aa010000000000000000aa010000
01:07:29.354 [DEBUG] [serial] RX 128 bytes: 000000000000aa010000000000000000aa010000000000000000aa010000000000000000aa010000000000000000aa010000000000000000aa010000000000000000aa010000000000000000aa010000000000000000aa010000000000000000aa010000000000000000aa010000000000000000aa010000000000000000aa01
01:07:29.358 [DEBUG] [serial] RX 128 bytes: 0000000000000000aa010000000000000000aa010000000000000000aa010000000000000000aa010000000000000000aa010000000000000000aa010000000000000000aa010000000000000000aa010000000000000000aa010000000000000000aa010000000000000000aa010000000000000000aa010000000000000000
01:07:29.362 [DEBUG] [serial] RX 128 bytes: aa010000000000000000aa010000000000000000aa010000000000000000aa010000000000000000aa010000000000000000aa010000000000000000aa010000000000000000aa010000000000000000aa010000000000000000aa010000000000000000aa010000000000000000aa010000000000000000aa01000000000000
01:07:29.366 [DEBUG] [serial] RX 128 bytes: 0000aa010000000000000000aa010000000000000000aa010000000000000000aa010000000000000000aa010000000000000000aa010000000000000000aa010000000000000000aa010000000000000000aa010000000000000000aa010000000000000000aa010000000000000000aa010000000000000000aa0100000000
01:07:29.370 [DEBUG] [serial] RX 128 bytes: 00000000aa010000000000000000aa010000000000000000aa010000000000000000aa010000000000000000aa010000000000000000aa010000000000000000aa010000000000000000aa010000000000000000aa010000000000000000aa010000000000000000aa010000000000000000aa010000000000000000aa010000
01:07:29.374 [DEBUG] [serial] RX 128 bytes: 000000000000aa010000000000000000aa010000000000000000aa010000000000000000aa010000000000000000aa010000000000000000aa010000000000000000aa010000000000000000aa010000000000000000aa010000000000000000aa010000000000000000aa010000000000000000aa010000000000000000aa01
01:07:29.378 [DEBUG] [serial] RX 128 bytes: 0000000000000000aa010000000000000000aa010000000000000000aa010000000000000000aa010000000000000000aa010000000000000000aa010000000000000000aa010000000000000000aa010000000000000000aa010000000000000000aa010000000000000000aa010000000000000000aa010000000000000000
01:07:29.382 [DEBUG] [serial] RX 128 bytes: aa010000000000000000aa010000000000000000aa010000000000000000aa010000000000000000aa010000000000000000aa010000000000000000aa010000000000000000aa010000000000000000aa010000000000000000aa010000000000000000aa010000000000000000aa010000000000000000aa01000000000000
01:07:29.386 [DEBUG] [serial] RX 128 bytes: 0000aa010000000000000000aa010000000000000000aa010000000000000000aa010000000000000000aa010000000000000000aa010000000000000000aa010000000000000000aa010000000000000000aa010000000000000000aa010000000000000000aa010000000000000000aa010000000000000000aa0100000000
01:07:29.390 [DEBUG] [serial] RX 128 bytes: 00000000aa010000000000000000aa010000000000000000aa010000000000000000aa010000000000000000aa010000000000000000aa010000000000000000aa010000000000000000aa010000000000000000aa010000000000000000aa010000000000000000aa010000000000000000aa010000000000000000aa010000
01:07:29.394 [DEBUG] [serial] RX 128 bytes: 000000000000aa010000000000000000aa010000000000000000aa010000000000000000aa010000000000000000aa010000000000000000aa010000000000000000aa010000000000000000aa010000000000000000aa010000000000000000aa010000000000000000aa010000000000000000aa010000000000000000aa01
01:07:29.398 [DEBUG] [serial] RX 128 bytes: 0000000000000000aa010000000000000000aa010000000000000000aa010000000000000000aa010000000000000000aa010000000000000000aa010000000000000000aa010000000000000000aa010000000000000000aa010000000000000000aa010000000000000000aa010000000000000000aa010000000000000000
01:07:29.402 [DEBUG] [serial] RX 128 bytes: aa010000000000000000aa010000000000000000aa010000000000000000aa010000000000000000aa010000000000000000aa010000000000000000aa010000000000000000aa010000000000000000aa010000000000000000aa010000000000000000aa010000000000000000aa010000000000000000aa01000000000000
01:07:29.406 [DEBUG] [serial] RX 128 bytes: 0000aa010000000000000000aa010000000000000000aa010000000000000000aa010000000000000000aa010000000000000000aa010000000000000000aa010000000000000000aa010000000000000000aa010000000000000000aa010000000000000000aa010000000000000000aa010000000000000000aa0100000000
01:07:29.410 [DEBUG] [serial] RX 128 bytes: 00000000aa010000000000000000aa010000000000000000aa010000000000000000aa010000000000000000aa010000000000000000aa010000000000000000aa010000000000000000aa010000000000000000aa010000000000000000aa010000000000000000aa010000000000000000aa010000000000000000aa010000
01:07:29.414 [DEBUG] [serial] RX 128 bytes: 000000000000aa010000000000000000aa010000000000000000aa010000000000000000aa010000000000000000aa010000000000000000aa010000000000000000aa010000000000000000aa010000000000000000aa010000000000000000aa010000000000000000aa010000000000000000aa010000000000000000aa01
01:07:29.418 [DEBUG] [serial] RX 128 bytes: 0000000000000000aa010000000000000000aa010000000000000000aa010000000000000000aa010000000000000000aa010000000000000000aa010000000000000000aa010000000000000000aa010000000000000000aa010000000000000000aa010000000000000000aa010000000000000000aa010000000000000000
01:07:29.422 [DEBUG] [serial] RX 128 bytes: aa010000000000000000aa010000000000000000aa010000000000000000aa010000000000000000aa010000000000000000aa010000000000000000aa010000000000000000aa010000000000000000aa010000000000000000aa010000000000000000aa010000000000000000aa010000000000000000aa01000000000000
01:07:29.426 [DEBUG] [serial] RX 128 bytes: 0000aa010000000000000000aa010000000000000000aa010000000000000000aa010000000000000000aa010000000000000000aa010000000000000000aa010000000000000000aa010000000000000000aa010000000000000000aa010000000000000000aa010000000000000000aa010000000000000000aa0100000000
01:07:29.430 [DEBUG] [serial] RX 128 bytes: 00000000aa010000000000000000aa010000000000000000aa010000000000000000aa010000000000000000aa010000000000000000aa010000000000000000aa010000000000000000aa010000000000000000aa010000000000000000aa010000000000000000aa010000000000000000aa010000000000000000aa010000
01:07:29.434 [DEBUG] [serial] RX 128 bytes: 000000000000aa010000000000000000aa010000000000000000aa010000000000000000aa010000000000000000aa010000000000000000aa010000000000000000aa010000000000000000aa010000000000000000aa010000000000000000aa010000000000000000aa010000000000000000aa010000000000000000aa01
01:07:29.438 [DEBUG] [serial] RX 128 bytes: 0000000000000000aa010000000000000000aa010000000000000000aa010000000000000000aa010000000000000000aa010000000000000000aa010000000000000000aa010000000000000000aa010000000000000000aa010000000000000000aa010000000000000000aa010000000000000000aa010000000000000000
01:07:29.442 [DEBUG] [serial] RX 128 bytes: aa010000000000000000aa010000000000000000aa010000000000000000aa010000000000000000aa010000000000000000aa010000000000000000aa010000000000000000aa010000000000000000aa010000000000000000aa010000000000000000aa010000000000000000aa010000000000000000aa01000000000000
01:07:29.446 [DEBUG] [serial] RX 128 bytes: 0000aa010000000000000000aa010000000000000000aa010000000000000000aa010000000000000000aa010000000000000000aa010000000000000000aa010000000000000000aa010000000000000000aa010000000000000000aa010000000000000000aa010000000000000000aa010000000000000000aa0100000000
01:07:29.450 [DEBUG] [serial] RX 128 bytes: 00000000aa010000000000000000aa010000000000000000aa010000000000000000aa010000000000000000aa010000000000000000aa010000000000000000aa010000000000000000aa010000000000000000aa010000000000000000aa010000000000000000aa010000000000000000aa010000000000000000aa010000
01:07:29.454 [DEBUG] [serial] RX 128 bytes: 000000000000aa010000000000000000aa010000000000000000aa010000000000000000aa010000000000000000aa010000000000000000aa010000000000000000aa010000000000000000aa010000000000000000aa010000000000000000aa010000000000000000aa010000000000000000aa010000000000000000aa01
01:07:29.457 [DEBUG] [serial] RX 128 bytes: 0000000000000000aa010000000000000000aa010000000000000000aa010000000000000000aa010000000000000000aa010000000000000000aa010000000000000000aa010000000000000000aa010000000000000000aa010000000000000000aa010000000000000000aa010000000000000000aa010000000000000000
01:07:29.462 [DEBUG] [serial] RX 128 bytes: aa010000000000000000aa010000000000000000aa010000000000000000aa010000000000000000aa010000000000000000aa010000000000000000aa010000000000000000aa010000000000000000aa010000000000000000aa010000000000000000aa010000000000000000aa010000000000000000aa01000000000000
01:07:29.465 [DEBUG] [serial] RX 128 bytes: 0000aa010000000000000000aa010000000000000000aa010000000000000000aa010000000000000000aa010000000000000000aa010000000000000000aa010000000000000000aa010000000000000000aa010000000000000000aa010000000000000000aa010000000000000000aa010000000000000000aa0100000000
01:07:29.470 [DEBUG] [serial] RX 128 bytes: 00000000aa010000000000000000aa010000000000000000aa010000000000000000aa010000000000000000aa010000000000000000aa010000000000000000aa010000000000000000aa010000000000000000aa010000000000000000aa010000000000000000aa010000000000000000aa010000000000000000aa010000
01:07:29.474 [DEBUG] [serial] RX 128 bytes: 000000000000aa010000000000000000aa010000000000000000aa010000000000000000aa010000000000000000aa010000000000000000aa010000000000000000aa010000000000000000aa010000000000000000aa010000000000000000aa010000000000000000aa010000000000000000aa010000000000000000aa01
01:07:29.477 [DEBUG] [serial] RX 128 bytes: 0000000000000000aa010000000000000000aa010000000000000000aa010000000000000000aa010000000000000000aa010000000000000000aa010000000000000000aa010000000000000000aa010000000000000000aa010000000000000000aa010000000000000000aa010000000000000000aa010000000000000000
01:07:29.481 [DEBUG] [serial] RX 128 bytes: aa010000000000000000aa010000000000000000aa010000000000000000aa010000000000000000aa010000000000000000aa010000000000000000aa010000000000000000aa010000000000000000aa010000000000000000aa010000000000000000aa010000000000000000aa010000000000000000aa01000000000000
01:07:29.485 [DEBUG] [serial] RX 128 bytes: 0000aa010000000000000000aa010000000000000000aa010000000000000000aa010000000000000000aa010000000000000000aa010000000000000000aa010000000000000000aa010000000000000000aa010000000000000000aa010000000000000000aa010000000000000000aa010000000000000000aa0100000000
01:07:29.489 [DEBUG] [serial] RX 128 bytes: 00000000aa010000000000000000aa010000000000000000aa010000000000000000aa010000000000000000aa010000000000000000aa010000000000000000aa010000000000000000aa010000000000000000aa010000000000000000aa010000000000000000aa010000000000000000aa010000000000000000aa010000
01:07:29.493 [DEBUG] [serial] RX 128 bytes: 000000000000aa010000000000000000aa010000000000000000aa010000000000000000aa010000000000000000aa010000000000000000aa010000000000000000aa010000000000000000aa010000000000000000aa010000000000000000aa010000000000000000aa010000000000000000aa010000000000000000aa01
01:07:29.494 [DEBUG] [serial] PKT #21000: flags=0x01 in=0 ds=0 flt=0
01:07:29.497 [DEBUG] [serial] RX 128 bytes: 0000000000000000aa010000000000000000aa010000000000000000aa010000000000000000aa010000000000000000aa010000000000000000aa010000000000000000aa010000000000000000aa010000000000000000aa010000000000000000aa010000000000000000aa010000000000000000aa010000000000000000
01:07:29.501 [DEBUG] [serial] RX 128 bytes: aa010000000000000000aa010000000000000000aa010000000000000000aa010000000000000000aa010000000000000000aa010000000000000000aa010000000000000000aa010000000000000000aa010000000000000000aa010000000000000000aa010000000000000000aa010000000000000000aa01000000000000
01:07:29.505 [DEBUG] [serial] RX 128 bytes: 0000aa010000000000000000aa010000000000000000aa010000000000000000aa010000000000000000aa010000000000000000aa010000000000000000aa010000000000000000aa010000000000000000aa010000000000000000aa010000000000000000aa010000000000000000aa010000000000000000aa0100000000
01:07:29.509 [DEBUG] [serial] RX 128 bytes: 00000000aa010000000000000000aa010000000000000000aa010000000000000000aa010000000000000000aa010000000000000000aa010000000000000000aa010000000000000000aa010000000000000000aa010000000000000000aa010000000000000000aa010000000000000000aa010000000000000000aa010000
01:07:29.513 [DEBUG] [serial] RX 128 bytes: 000000000000aa010000000000000000aa010000000000000000aa010000000000000000aa010000000000000000aa010000000000000000aa010000000000000000aa010000000000000000aa010000000000000000aa010000000000000000aa010000000000000000aa010000000000000000aa010000000000000000aa01
01:07:29.517 [DEBUG] [serial] RX 128 bytes: 0000000000000000aa010000000000000000aa010000000000000000aa010000000000000000aa010000000000000000aa010000000000000000aa010000000000000000aa010000000000000000aa010000000000000000aa010000000000000000aa010000000000000000aa010000000000000000aa010000000000000000
01:07:29.521 [DEBUG] [serial] RX 128 bytes: aa010000000000000000aa010000000000000000aa010000000000000000aa010000000000000000aa010000000000000000aa010000000000000000aa010000000000000000aa010000000000000000aa010000000000000000aa010000000000000000aa010000000000000000aa010000000000000000aa01000000000000
01:07:29.525 [DEBUG] [serial] RX 128 bytes: 0000aa010000000000000000aa010000000000000000aa010000000000000000aa010000000000000000aa010000000000000000aa010000000000000000aa010000000000000000aa010000000000000000aa010000000000000000aa010000000000000000aa010000000000000000aa010000000000000000aa0100000000
01:07:29.529 [DEBUG] [serial] RX 128 bytes: 00000000aa010000000000000000aa010000000000000000aa010000000000000000aa010000000000000000aa010000000000000000aa010000000000000000aa010000000000000000aa010000000000000000aa010000000000000000aa010000000000000000aa010000000000000000aa010000000000000000aa010000
01:07:29.533 [DEBUG] [serial] RX 128 bytes: 000000000000aa010000000000000000aa010000000000000000aa010000000000000000aa010000000000000000aa010000000000000000aa010000000000000000aa010000000000000000aa010000000000000000aa010000000000000000aa010000000000000000aa010000000000000000aa010000000000000000aa01
01:07:29.537 [DEBUG] [serial] RX 128 bytes: 0000000000000000aa010000000000000000aa010000000000000000aa010000000000000000aa010000000000000000aa010000000000000000aa010000000000000000aa010000000000000000aa010000000000000000aa010000000000000000aa010000000000000000aa010000000000000000aa010000000000000000
01:07:29.541 [DEBUG] [serial] RX 128 bytes: aa010000000000000000aa010000000000000000aa010000000000000000aa010000000000000000aa010000000000000000aa010000000000000000aa010000000000000000aa010000000000000000aa010000000000000000aa010000000000000000aa010000000000000000aa010000000000000000aa01000000000000
01:07:29.545 [DEBUG] [serial] RX 128 bytes: 0000aa010000000000000000aa010000000000000000aa010000000000000000aa010000000000000000aa010000000000000000aa010000000000000000aa010000000000000000aa010000000000000000aa010000000000000000aa010000000000000000aa010000000000000000aa010000000000000000aa0100000000
01:07:29.549 [DEBUG] [serial] RX 128 bytes: 00000000aa010000000000000000aa010000000000000000aa010000000000000000aa010000000000000000aa010000000000000000aa010000000000000000aa010000000000000000aa010000000000000000aa010000000000000000aa010000000000000000aa010000000000000000aa010000000000000000aa010000
01:07:29.553 [DEBUG] [serial] RX 128 bytes: 000000000000aa010000000000000000aa010000000000000000aa010000000000000000aa010000000000000000aa010000000000000000aa010000000000000000aa010000000000000000aa010000000000000000aa010000000000000000aa010000000000000000aa010000000000000000aa010000000000000000aa01
01:07:29.557 [DEBUG] [serial] RX 128 bytes: 0000000000000000aa010000000000000000aa010000000000000000aa010000000000000000aa010000000000000000aa010000000000000000aa010000000000000000aa010000000000000000aa010000000000000000aa010000000000000000aa010000000000000000aa010000000000000000aa010000000000000000
01:07:29.561 [DEBUG] [serial] RX 128 bytes: aa010000000000000000aa010000000000000000aa010000000000000000aa010000000000000000aa010000000000000000aa010000000000000000aa010000000000000000aa010000000000000000aa010000000000000000aa010000000000000000aa010000000000000000aa010000000000000000aa01000000000000
01:07:29.565 [DEBUG] [serial] RX 128 bytes: 0000aa010000000000000000aa010000000000000000aa010000000000000000aa010000000000000000aa010000000000000000aa010000000000000000aa010000000000000000aa010000000000000000aa010000000000000000aa010000000000000000aa010000000000000000aa010000000000000000aa0100000000
01:07:29.569 [DEBUG] [serial] RX 128 bytes: 00000000aa010000000000000000aa010000000000000000aa010000000000000000aa010000000000000000aa010000000000000000aa010000000000000000aa010000000000000000aa010000000000000000aa010000000000000000aa010000000000000000aa010000000000000000aa010000000000000000aa010000
01:07:29.573 [DEBUG] [serial] RX 128 bytes: 000000000000aa010000000000000000aa010000000000000000aa010000000000000000aa010000000000000000aa010000000000000000aa010000000000000000aa010000000000000000aa010000000000000000aa010000000000000000aa010000000000000000aa010000000000000000aa010000000000000000aa01
01:07:29.577 [DEBUG] [serial] RX 128 bytes: 0000000000000000aa010000000000000000aa010000000000000000aa010000000000000000aa010000000000000000aa010000000000000000aa010000000000000000aa010000000000000000aa010000000000000000aa010000000000000000aa010000000000000000aa010000000000000000aa010000000000000000
01:07:29.581 [DEBUG] [serial] RX 128 bytes: aa010000000000000000aa010000000000000000aa010000000000000000aa010000000000000000aa010000000000000000aa010000000000000000aa010000000000000000aa010000000000000000aa010000000000000000aa010000000000000000aa010000000000000000aa010000000000000000aa01000000000000
01:07:29.585 [DEBUG] [serial] RX 128 bytes: 0000aa010000000000000000aa010000000000000000aa010000000000000000aa010000000000000000aa010000000000000000aa010000000000000000aa010000000000000000aa010000000000000000aa010000000000000000aa010000000000000000aa010000000000000000aa010000000000000000aa0100000000
01:07:29.589 [DEBUG] [serial] RX 128 bytes: 00000000aa010000000000000000aa010000000000000000aa010000000000000000aa010000000000000000aa010000000000000000aa010000000000000000aa010000000000000000aa010000000000000000aa010000000000000000aa010000000000000000aa010000000000000000aa010000000000000000aa010000
01:07:29.593 [DEBUG] [serial] RX 128 bytes: 000000000000aa010000000000000000aa010000000000000000aa010000000000000000aa010000000000000000aa010000000000000000aa010000000000000000aa010000000000000000aa010000000000000000aa010000000000000000aa010000000000000000aa010000000000000000aa010000000000000000aa01
01:07:29.597 [DEBUG] [serial] RX 128 bytes: 0000000000000000aa010000000000000000aa010000000000000000aa010000000000000000aa010000000000000000aa010000000000000000aa010000000000000000aa010000000000000000aa010000000000000000aa010000000000000000aa010000000000000000aa010000000000000000aa010000000000000000
01:07:29.601 [DEBUG] [serial] RX 128 bytes: aa010000000000000000aa010000000000000000aa010000000000000000aa010000000000000000aa010000000000000000aa010000000000000000aa010000000000000000aa010000000000000000aa010000000000000000aa010000000000000000aa010000000000000000aa010000000000000000aa01000000000000
01:07:29.605 [DEBUG] [serial] RX 128 bytes: 0000aa010000000000000000aa010000000000000000aa010000000000000000aa010000000000000000aa010000000000000000aa010000000000000000aa010000000000000000aa010000000000000000aa010000000000000000aa010000000000000000aa010000000000000000aa010000000000000000aa0100000000
01:07:29.609 [DEBUG] [serial] RX 128 bytes: 00000000aa010000000000000000aa010000000000000000aa010000000000000000aa010000000000000000aa010000000000000000aa010000000000000000aa010000000000000000aa010000000000000000aa010000000000000000aa010000000000000000aa010000000000000000aa010000000000000000aa010000
01:07:29.613 [DEBUG] [serial] RX 128 bytes: 000000000000aa010000000000000000aa010000000000000000aa010000000000000000aa010000000000000000aa010000000000000000aa010000000000000000aa010000000000000000aa010000000000000000aa010000000000000000aa010000000000000000aa010000000000000000aa010000000000000000aa01
01:07:29.616 [DEBUG] [serial] RX 128 bytes: 0000000000000000aa010000000000000000aa010000000000000000aa010000000000000000aa010000000000000000aa010000000000000000aa010000000000000000aa010000000000000000aa010000000000000000aa010000000000000000aa010000000000000000aa010000000000000000aa010000000000000000
01:07:29.620 [DEBUG] [serial] RX 128 bytes: aa010000000000000000aa010000000000000000aa010000000000000000aa010000000000000000aa010000000000000000aa010000000000000000aa010000000000000000aa010000000000000000aa010000000000000000aa010000000000000000aa010000000000000000aa010000000000000000aa01000000000000
01:07:29.624 [DEBUG] [serial] RX 128 bytes: 0000aa010000000000000000aa010000000000000000aa010000000000000000aa010000000000000000aa010000000000000000aa010000000000000000aa010000000000000000aa010000000000000000aa010000000000000000aa010000000000000000aa010000000000000000aa010000000000000000aa0100000000
01:07:29.628 [DEBUG] [serial] RX 128 bytes: 00000000aa010000000000000000aa010000000000000000aa010000000000000000aa010000000000000000aa010000000000000000aa010000000000000000aa010000000000000000aa010000000000000000aa010000000000000000aa010000000000000000aa010000000000000000aa010000000000000000aa010000
01:07:29.632 [DEBUG] [serial] RX 128 bytes: 000000000000aa010000000000000000aa010000000000000000aa010000000000000000aa010000000000000000aa010000000000000000aa010000000000000000aa010000000000000000aa010000000000000000aa010000000000000000aa010000000000000000aa010000000000000000aa010000000000000000aa01
01:07:29.636 [DEBUG] [serial] RX 128 bytes: 0000000000000000aa010000000000000000aa010000000000000000aa010000000000000000aa010000000000000000aa010000000000000000aa010000000000000000aa010000000000000000aa010000000000000000aa010000000000000000aa010000000000000000aa010000000000000000aa010000000000000000
01:07:29.640 [DEBUG] [serial] RX 128 bytes: aa010000000000000000aa010000000000000000aa010000000000000000aa010000000000000000aa010000000000000000aa010000000000000000aa010000000000000000aa010000000000000000aa010000000000000000aa010000000000000000aa010000000000000000aa010000000000000000aa01000000000000
01:07:29.644 [DEBUG] [serial] RX 128 bytes: 0000aa010000000000000000aa010000000000000000aa010000000000000000aa010000000000000000aa010000000000000000aa010000000000000000aa010000000000000000aa010000000000000000aa010000000000000000aa010000000000000000aa010000000000000000aa010000000000000000aa0100000000
01:07:29.648 [DEBUG] [serial] RX 128 bytes: 00000000aa010000000000000000aa010000000000000000aa010000000000000000aa010000000000000000aa010000000000000000aa010000000000000000aa010000000000000000aa010000000000000000aa010000000000000000aa010000000000000000aa010000000000000000aa010000000000000000aa010000
01:07:29.649 [DEBUG] [serial] PKT #21500: flags=0x01 in=0 ds=0 flt=0
01:07:29.652 [DEBUG] [serial] RX 128 bytes: 000000000000aa010000000000000000aa010000000000000000aa010000000000000000aa010000000000000000aa010000000000000000aa010000000000000000aa010000000000000000aa010000000000000000aa010000000000000000aa010000000000000000aa010000000000000000aa010000000000000000aa01
01:07:29.656 [DEBUG] [serial] RX 128 bytes: 0000000000000000aa010000000000000000aa010000000000000000aa010000000000000000aa010000000000000000aa010000000000000000aa010000000000000000aa010000000000000000aa010000000000000000aa010000000000000000aa010000000000000000aa010000000000000000aa010000000000000000
01:07:29.660 [DEBUG] [serial] RX 128 bytes: aa010000000000000000aa010000000000000000aa010000000000000000aa010000000000000000aa010000000000000000aa010000000000000000aa010000000000000000aa010000000000000000aa010000000000000000aa010000000000000000aa010000000000000000aa010000000000000000aa01000000000000
01:07:29.664 [DEBUG] [serial] RX 128 bytes: 0000aa010000000000000000aa010000000000000000aa010000000000000000aa010000000000000000aa010000000000000000aa010000000000000000aa010000000000000000aa010000000000000000aa010000000000000000aa010000000000000000aa010000000000000000aa010000000000000000aa0100000000
01:07:29.668 [DEBUG] [serial] RX 128 bytes: 00000000aa010000000000000000aa010000000000000000aa010000000000000000aa010000000000000000aa010000000000000000aa010000000000000000aa010000000000000000aa010000000000000000aa010000000000000000aa010000000000000000aa010000000000000000aa010000000000000000aa010000
01:07:29.672 [DEBUG] [serial] RX 128 bytes: 000000000000aa010000000000000000aa010000000000000000aa010000000000000000aa010000000000000000aa010000000000000000aa010000000000000000aa010000000000000000aa010000000000000000aa010000000000000000aa010000000000000000aa010000000000000000aa010000000000000000aa01
01:07:29.676 [DEBUG] [serial] RX 128 bytes: 0000000000000000aa010000000000000000aa010000000000000000aa010000000000000000aa010000000000000000aa010000000000000000aa010000000000000000aa010000000000000000aa010000000000000000aa010000000000000000aa010000000000000000aa010000000000000000aa010000000000000000
01:07:29.680 [DEBUG] [serial] RX 128 bytes: aa010000000000000000aa010000000000000000aa010000000000000000aa010000000000000000aa010000000000000000aa010000000000000000aa010000000000000000aa010000000000000000aa010000000000000000aa010000000000000000aa010000000000000000aa010000000000000000aa01000000000000
01:07:29.684 [DEBUG] [serial] RX 128 bytes: 0000aa010000000000000000aa010000000000000000aa010000000000000000aa010000000000000000aa010000000000000000aa010000000000000000aa010000000000000000aa010000000000000000aa010000000000000000aa010000000000000000aa010000000000000000aa010000000000000000aa0100000000
01:07:29.688 [DEBUG] [serial] RX 128 bytes: 00000000aa010000000000000000aa010000000000000000aa010000000000000000aa010000000000000000aa010000000000000000aa010000000000000000aa010000000000000000aa010000000000000000aa010000000000000000aa010000000000000000aa010000000000000000aa010000000000000000aa010000
01:07:29.692 [DEBUG] [serial] RX 128 bytes: 000000000000aa010000000000000000aa010000000000000000aa010000000000000000aa010000000000000000aa010000000000000000aa010000000000000000aa010000000000000000aa010000000000000000aa010000000000000000aa010000000000000000aa010000000000000000aa010000000000000000aa01
01:07:29.696 [DEBUG] [serial] RX 128 bytes: 0000000000000000aa010000000000000000aa010000000000000000aa010000000000000000aa010000000000000000aa010000000000000000aa010000000000000000aa010000000000000000aa010000000000000000aa010000000000000000aa010000000000000000aa010000000000000000aa010000000000000000
01:07:29.700 [DEBUG] [serial] RX 128 bytes: aa010000000000000000aa010000000000000000aa010000000000000000aa010000000000000000aa010000000000000000aa010000000000000000aa010000000000000000aa010000000000000000aa010000000000000000aa010000000000000000aa010000000000000000aa010000000000000000aa01000000000000
01:07:29.704 [DEBUG] [serial] RX 128 bytes: 0000aa010000000000000000aa010000000000000000aa010000000000000000aa010000000000000000aa010000000000000000aa010000000000000000aa010000000000000000aa010000000000000000aa010000000000000000aa010000000000000000aa010000000000000000aa010000000000000000aa0100000000
01:07:29.708 [DEBUG] [serial] RX 128 bytes: 00000000aa010000000000000000aa010000000000000000aa010000000000000000aa010000000000000000aa010000000000000000aa010000000000000000aa010000000000000000aa010000000000000000aa010000000000000000aa010000000000000000aa010000000000000000aa010000000000000000aa010000
01:07:29.712 [DEBUG] [serial] RX 128 bytes: 000000000000aa010000000000000000aa010000000000000000aa010000000000000000aa010000000000000000aa010000000000000000aa010000000000000000aa010000000000000000aa010000000000000000aa010000000000000000aa010000000000000000aa010000000000000000aa010000000000000000aa01
01:07:29.716 [DEBUG] [serial] RX 128 bytes: 0000000000000000aa010000000000000000aa010000000000000000aa010000000000000000aa010000000000000000aa010000000000000000aa010000000000000000aa010000000000000000aa010000000000000000aa010000000000000000aa010000000000000000aa010000000000000000aa010000000000000000
01:07:29.720 [DEBUG] [serial] RX 128 bytes: aa010000000000000000aa010000000000000000aa010000000000000000aa010000000000000000aa010000000000000000aa010000000000000000aa010000000000000000aa010000000000000000aa010000000000000000aa010000000000000000aa010000000000000000aa010000000000000000aa01000000000000
01:07:29.724 [DEBUG] [serial] RX 128 bytes: 0000aa010000000000000000aa010000000000000000aa010000000000000000aa010000000000000000aa010000000000000000aa010000000000000000aa010000000000000000aa010000000000000000aa010000000000000000aa010000000000000000aa010000000000000000aa010000000000000000aa0100000000
01:07:29.728 [DEBUG] [serial] RX 128 bytes: 00000000aa010000000000000000aa010000000000000000aa010000000000000000aa010000000000000000aa010000000000000000aa010000000000000000aa010000000000000000aa010000000000000000aa010000000000000000aa010000000000000000aa010000000000000000aa010000000000000000aa010000
01:07:29.732 [DEBUG] [serial] RX 128 bytes: 000000000000aa010000000000000000aa010000000000000000aa010000000000000000aa010000000000000000aa010000000000000000aa010000000000000000aa010000000000000000aa010000000000000000aa010000000000000000aa010000000000000000aa010000000000000000aa010000000000000000aa01
01:07:29.736 [DEBUG] [serial] RX 128 bytes: 0000000000000000aa010000000000000000aa010000000000000000aa010000000000000000aa010000000000000000aa010000000000000000aa010000000000000000aa010000000000000000aa010000000000000000aa010000000000000000aa010000000000000000aa010000000000000000aa010000000000000000
01:07:29.740 [DEBUG] [serial] RX 128 bytes: aa010000000000000000aa010000000000000000aa010000000000000000aa010000000000000000aa010000000000000000aa010000000000000000aa010000000000000000aa010000000000000000aa010000000000000000aa010000000000000000aa010000000000000000aa010000000000000000aa01000000000000
01:07:29.744 [DEBUG] [serial] RX 128 bytes: 0000aa010000000000000000aa010000000000000000aa010000000000000000aa010000000000000000aa010000000000000000aa010000000000000000aa010000000000000000aa010000000000000000aa010000000000000000aa010000000000000000aa010000000000000000aa010000000000000000aa0100000000
01:07:29.748 [DEBUG] [serial] RX 128 bytes: 00000000aa010000000000000000aa010000000000000000aa010000000000000000aa010000000000000000aa010000000000000000aa010000000000000000aa010000000000000000aa010000000000000000aa010000000000000000aa010000000000000000aa010000000000000000aa010000000000000000aa010000
01:07:29.752 [DEBUG] [serial] RX 128 bytes: 000000000000aa010000000000000000aa010000000000000000aa010000000000000000aa010000000000000000aa010000000000000000aa010000000000000000aa010000000000000000aa010000000000000000aa010000000000000000aa010000000000000000aa010000000000000000aa010000000000000000aa01
01:07:29.755 [DEBUG] [serial] RX 128 bytes: 0000000000000000aa010000000000000000aa010000000000000000aa010000000000000000aa010000000000000000aa010000000000000000aa010000000000000000aa010000000000000000aa010000000000000000aa010000000000000000aa010000000000000000aa010000000000000000aa010000000000000000
01:07:29.759 [DEBUG] [serial] RX 128 bytes: aa010000000000000000aa010000000000000000aa010000000000000000aa010000000000000000aa010000000000000000aa010000000000000000aa010000000000000000aa010000000000000000aa010000000000000000aa010000000000000000aa010000000000000000aa010000000000000000aa01000000000000
01:07:29.764 [DEBUG] [serial] RX 128 bytes: 0000aa010000000000000000aa010000000000000000aa010000000000000000aa010000000000000000aa010000000000000000aa010000000000000000aa010000000000000000aa010000000000000000aa010000000000000000aa010000000000000000aa010000000000000000aa010000000000000000aa0100000000
01:07:29.768 [DEBUG] [serial] RX 128 bytes: 00000000aa010000000000000000aa010000000000000000aa010000000000000000aa010000000000000000aa010000000000000000aa010000000000000000aa010000000000000000aa010000000000000000aa010000000000000000aa010000000000000000aa010000000000000000aa010000000000000000aa010000
01:07:29.772 [DEBUG] [serial] RX 128 bytes: 000000000000aa010000000000000000aa010000000000000000aa010000000000000000aa010000000000000000aa010000000000000000aa010000000000000000aa010000000000000000aa010000000000000000aa010000000000000000aa010000000000000000aa010000000000000000aa010000000000000000aa01
01:07:29.775 [DEBUG] [serial] RX 128 bytes: 0000000000000000aa010000000000000000aa010000000000000000aa010000000000000000aa010000000000000000aa010000000000000000aa010000000000000000aa010000000000000000aa010000000000000000aa010000000000000000aa010000000000000000aa010000000000000000aa010000000000000000
01:07:29.779 [DEBUG] [serial] RX 128 bytes: aa010000000000000000aa010000000000000000aa010000000000000000aa010000000000000000aa010000000000000000aa010000000000000000aa010000000000000000aa010000000000000000aa010000000000000000aa010000000000000000aa010000000000000000aa010000000000000000aa01000000000000
01:07:29.783 [DEBUG] [serial] RX 128 bytes: 0000aa010000000000000000aa010000000000000000aa010000000000000000aa010000000000000000aa010000000000000000aa010000000000000000aa010000000000000000aa010000000000000000aa010000000000000000aa010000000000000000aa010000000000000000aa010000000000000000aa0100000000
01:07:29.787 [DEBUG] [serial] RX 128 bytes: 00000000aa010000000000000000aa010000000000000000aa010000000000000000aa010000000000000000aa010000000000000000aa010000000000000000aa010000000000000000aa010000000000000000aa010000000000000000aa010000000000000000aa010000000000000000aa010000000000000000aa010000
01:07:29.791 [DEBUG] [serial] RX 128 bytes: 000000000000aa010000000000000000aa010000000000000000aa010000000000000000aa010000000000000000aa010000000000000000aa010000000000000000aa010000000000000000aa010000000000000000aa010000000000000000aa010000000000000000aa010000000000000000aa010000000000000000aa01
01:07:29.795 [DEBUG] [serial] RX 128 bytes: 0000000000000000aa010000000000000000aa010000000000000000aa010000000000000000aa010000000000000000aa010000000000000000aa010000000000000000aa010000000000000000aa010000000000000000aa010000000000000000aa010000000000000000aa010000000000000000aa010000000000000000
01:07:29.799 [DEBUG] [serial] RX 128 bytes: aa010000000000000000aa010000000000000000aa010000000000000000aa010000000000000000aa010000000000000000aa010000000000000000aa010000000000000000aa010000000000000000aa010000000000000000aa010000000000000000aa010000000000000000aa010000000000000000aa01000000000000
01:07:29.803 [DEBUG] [serial] RX 128 bytes: 0000aa010000000000000000aa010000000000000000aa010000000000000000aa010000000000000000aa010000000000000000aa010000000000000000aa010000000000000000aa010000000000000000aa010000000000000000aa010000000000000000aa010000000000000000aa010000000000000000aa0100000000
01:07:29.803 [DEBUG] [serial] PKT #22000: flags=0x01 in=0 ds=0 flt=0
01:07:29.807 [DEBUG] [serial] RX 128 bytes: 00000000aa010000000000000000aa010000000000000000aa010000000000000000aa010000000000000000aa010000000000000000aa010000000000000000aa010000000000000000aa010000000000000000aa010000000000000000aa010000000000000000aa010000000000000000aa010000000000000000aa010000
01:07:29.811 [DEBUG] [serial] RX 128 bytes: 000000000000aa010000000000000000aa010000000000000000aa010000000000000000aa010000000000000000aa010000000000000000aa010000000000000000aa010000000000000000aa010000000000000000aa010000000000000000aa010000000000000000aa010000000000000000aa010000000000000000aa01
01:07:29.815 [DEBUG] [serial] RX 128 bytes: 0000000000000000aa010000000000000000aa010000000000000000aa010000000000000000aa010000000000000000aa010000000000000000aa010000000000000000aa010000000000000000aa010000000000000000aa010000000000000000aa010000000000000000aa010000000000000000aa010000000000000000
01:07:29.819 [DEBUG] [serial] RX 128 bytes: aa010000000000000000aa010000000000000000aa010000000000000000aa010000000000000000aa010000000000000000aa010000000000000000aa010000000000000000aa010000000000000000aa010000000000000000aa010000000000000000aa010000000000000000aa010000000000000000aa01000000000000
01:07:29.823 [DEBUG] [serial] RX 128 bytes: 0000aa010000000000000000aa010000000000000000aa010000000000000000aa010000000000000000aa010000000000000000aa010000000000000000aa010000000000000000aa010000000000000000aa010000000000000000aa010000000000000000aa010000000000000000aa010000000000000000aa0100000000
01:07:29.828 [DEBUG] [serial] RX 128 bytes: 00000000aa010000000000000000aa010000000000000000aa010000000000000000aa010000000000000000aa010000000000000000aa010000000000000000aa010000000000000000aa010000000000000000aa010000000000000000aa010000000000000000aa010000000000000000aa010000000000000000aa010000
01:07:29.831 [DEBUG] [serial] RX 128 bytes: 000000000000aa010000000000000000aa010000000000000000aa010000000000000000aa010000000000000000aa010000000000000000aa010000000000000000aa010000000000000000aa010000000000000000aa010000000000000000aa010000000000000000aa010000000000000000aa010000000000000000aa01
01:07:29.835 [DEBUG] [serial] RX 128 bytes: 0000000000000000aa010000000000000000aa010000000000000000aa010000000000000000aa010000000000000000aa010000000000000000aa010000000000000000aa010000000000000000aa010000000000000000aa010000000000000000aa010000000000000000aa010000000000000000aa010000000000000000
01:07:29.839 [DEBUG] [serial] RX 128 bytes: aa010000000000000000aa010000000000000000aa010000000000000000aa010000000000000000aa010000000000000000aa010000000000000000aa010000000000000000aa010000000000000000aa010000000000000000aa010000000000000000aa010000000000000000aa010000000000000000aa01000000000000
01:07:29.843 [DEBUG] [serial] RX 128 bytes: 0000aa010000000000000000aa010000000000000000aa010000000000000000aa010000000000000000aa010000000000000000aa010000000000000000aa010000000000000000aa010000000000000000aa010000000000000000aa010000000000000000aa010000000000000000aa010000000000000000aa0100000000
01:07:29.847 [DEBUG] [serial] RX 128 bytes: 00000000aa010000000000000000aa010000000000000000aa010000000000000000aa010000000000000000aa010000000000000000aa010000000000000000aa010000000000000000aa010000000000000000aa010000000000000000aa010000000000000000aa010000000000000000aa010000000000000000aa010000
01:07:29.851 [DEBUG] [serial] RX 128 bytes: 000000000000aa010000000000000000aa010000000000000000aa010000000000000000aa010000000000000000aa010000000000000000aa010000000000000000aa010000000000000000aa010000000000000000aa010000000000000000aa010000000000000000aa010000000000000000aa010000000000000000aa01
01:07:29.855 [DEBUG] [serial] RX 128 bytes: 0000000000000000aa010000000000000000aa010000000000000000aa010000000000000000aa010000000000000000aa010000000000000000aa010000000000000000aa010000000000000000aa010000000000000000aa010000000000000000aa010000000000000000aa010000000000000000aa010000000000000000
01:07:29.859 [DEBUG] [serial] RX 128 bytes: aa010000000000000000aa010000000000000000aa010000000000000000aa010000000000000000aa010000000000000000aa010000000000000000aa010000000000000000aa010000000000000000aa010000000000000000aa010000000000000000aa010000000000000000aa010000000000000000aa01000000000000
01:07:29.863 [DEBUG] [serial] RX 128 bytes: 0000aa010000000000000000aa010000000000000000aa010000000000000000aa010000000000000000aa010000000000000000aa010000000000000000aa010000000000000000aa010000000000000000aa010000000000000000aa010000000000000000aa010000000000000000aa010000000000000000aa0100000000
01:07:29.867 [DEBUG] [serial] RX 128 bytes: 00000000aa010000000000000000aa010000000000000000aa010000000000000000aa010000000000000000aa010000000000000000aa010000000000000000aa010000000000000000aa010000000000000000aa010000000000000000aa010000000000000000aa010000000000000000aa010000000000000000aa010000
01:07:29.871 [DEBUG] [serial] RX 128 bytes: 000000000000aa010000000000000000aa010000000000000000aa010000000000000000aa010000000000000000aa010000000000000000aa010000000000000000aa010000000000000000aa010000000000000000aa010000000000000000aa010000000000000000aa010000000000000000aa010000000000000000aa01
01:07:29.875 [DEBUG] [serial] RX 128 bytes: 0000000000000000aa010000000000000000aa010000000000000000aa010000000000000000aa010000000000000000aa010000000000000000aa010000000000000000aa010000000000000000aa010000000000000000aa010000000000000000aa010000000000000000aa010000000000000000aa010000000000000000
01:07:29.879 [DEBUG] [serial] RX 128 bytes: aa010000000000000000aa010000000000000000aa010000000000000000aa010000000000000000aa010000000000000000aa010000000000000000aa010000000000000000aa010000000000000000aa010000000000000000aa010000000000000000aa010000000000000000aa010000000000000000aa01000000000000
01:07:29.883 [DEBUG] [serial] RX 128 bytes: 0000aa010000000000000000aa010000000000000000aa010000000000000000aa010000000000000000aa010000000000000000aa010000000000000000aa010000000000000000aa010000000000000000aa010000000000000000aa010000000000000000aa010000000000000000aa010000000000000000aa0100000000
01:07:29.887 [DEBUG] [serial] RX 128 bytes: 00000000aa010000000000000000aa010000000000000000aa010000000000000000aa010000000000000000aa010000000000000000aa010000000000000000aa010000000000000000aa010000000000000000aa010000000000000000aa010000000000000000aa010000000000000000aa010000000000000000aa010000
01:07:29.891 [DEBUG] [serial] RX 128 bytes: 000000000000aa010000000000000000aa010000000000000000aa010000000000000000aa010000000000000000aa010000000000000000aa010000000000000000aa010000000000000000aa010000000000000000aa010000000000000000aa010000000000000000aa010000000000000000aa010000000000000000aa01
01:07:29.895 [DEBUG] [serial] RX 128 bytes: 0000000000000000aa010000000000000000aa010000000000000000aa010000000000000000aa010000000000000000aa010000000000000000aa010000000000000000aa010000000000000000aa010000000000000000aa010000000000000000aa010000000000000000aa010000000000000000aa010000000000000000
01:07:29.899 [DEBUG] [serial] RX 128 bytes: aa010000000000000000aa010000000000000000aa010000000000000000aa010000000000000000aa010000000000000000aa010000000000000000aa010000000000000000aa010000000000000000aa010000000000000000aa010000000000000000aa010000000000000000aa010000000000000000aa01000000000000
01:07:29.903 [DEBUG] [serial] RX 128 bytes: 0000aa010000000000000000aa010000000000000000aa010000000000000000aa010000000000000000aa010000000000000000aa010000000000000000aa010000000000000000aa010000000000000000aa010000000000000000aa010000000000000000aa010000000000000000aa010000000000000000aa0100000000
01:07:29.907 [DEBUG] [serial] RX 128 bytes: 00000000aa010000000000000000aa010000000000000000aa010000000000000000aa010000000000000000aa010000000000000000aa010000000000000000aa010000000000000000aa010000000000000000aa010000000000000000aa010000000000000000aa010000000000000000aa010000000000000000aa010000
01:07:29.911 [DEBUG] [serial] RX 128 bytes: 000000000000aa010000000000000000aa010000000000000000aa010000000000000000aa010000000000000000aa010000000000000000aa010000000000000000aa010000000000000000aa010000000000000000aa010000000000000000aa010000000000000000aa010000000000000000aa010000000000000000aa01
01:07:29.914 [DEBUG] [serial] RX 128 bytes: 0000000000000000aa010000000000000000aa010000000000000000aa010000000000000000aa010000000000000000aa010000000000000000aa010000000000000000aa010000000000000000aa010000000000000000aa010000000000000000aa010000000000000000aa010000000000000000aa010000000000000000
01:07:29.919 [DEBUG] [serial] RX 128 bytes: aa010000000000000000aa010000000000000000aa010000000000000000aa010000000000000000aa010000000000000000aa010000000000000000aa010000000000000000aa010000000000000000aa010000000000000000aa010000000000000000aa010000000000000000aa010000000000000000aa01000000000000
01:07:29.922 [DEBUG] [serial] RX 128 bytes: 0000aa010000000000000000aa010000000000000000aa010000000000000000aa010000000000000000aa010000000000000000aa010000000000000000aa010000000000000000aa010000000000000000aa010000000000000000aa010000000000000000aa010000000000000000aa010000000000000000aa0100000000
01:07:29.927 [DEBUG] [serial] RX 128 bytes: 00000000aa010000000000000000aa010000000000000000aa010000000000000000aa010000000000000000aa010000000000000000aa010000000000000000aa010000000000000000aa010000000000000000aa010000000000000000aa010000000000000000aa010000000000000000aa010000000000000000aa010000
01:07:29.931 [DEBUG] [serial] RX 128 bytes: 000000000000aa010000000000000000aa010000000000000000aa010000000000000000aa010000000000000000aa010000000000000000aa010000000000000000aa010000000000000000aa010000000000000000aa010000000000000000aa010000000000000000aa010000000000000000aa010000000000000000aa01
01:07:29.934 [DEBUG] [serial] RX 128 bytes: 0000000000000000aa010000000000000000aa010000000000000000aa010000000000000000aa010000000000000000aa010000000000000000aa010000000000000000aa010000000000000000aa010000000000000000aa010000000000000000aa010000000000000000aa010000000000000000aa010000000000000000
01:07:29.938 [DEBUG] [serial] RX 128 bytes: aa010000000000000000aa010000000000000000aa010000000000000000aa010000000000000000aa010000000000000000aa010000000000000000aa010000000000000000aa010000000000000000aa010000000000000000aa010000000000000000aa010000000000000000aa010000000000000000aa01000000000000
01:07:29.942 [DEBUG] [serial] RX 128 bytes: 0000aa010000000000000000aa010000000000000000aa010000000000000000aa010000000000000000aa010000000000000000aa010000000000000000aa010000000000000000aa010000000000000000aa010000000000000000aa010000000000000000aa010000000000000000aa010000000000000000aa0100000000
01:07:29.946 [DEBUG] [serial] RX 128 bytes: 00000000aa010000000000000000aa010000000000000000aa010000000000000000aa010000000000000000aa010000000000000000aa010000000000000000aa010000000000000000aa010000000000000000aa010000000000000000aa010000000000000000aa010000000000000000aa010000000000000000aa010000
01:07:29.950 [DEBUG] [serial] RX 128 bytes: 000000000000aa010000000000000000aa010000000000000000aa010000000000000000aa010000000000000000aa010000000000000000aa010000000000000000aa010000000000000000aa010000000000000000aa010000000000000000aa010000000000000000aa010000000000000000aa010000000000000000aa01
01:07:29.954 [DEBUG] [serial] RX 128 bytes: 0000000000000000aa010000000000000000aa010000000000000000aa010000000000000000aa010000000000000000aa010000000000000000aa010000000000000000aa010000000000000000aa010000000000000000aa010000000000000000aa010000000000000000aa010000000000000000aa010000000000000000
01:07:29.958 [DEBUG] [serial] RX 128 bytes: aa010000000000000000aa010000000000000000aa010000000000000000aa010000000000000000aa010000000000000000aa010000000000000000aa010000000000000000aa010000000000000000aa010000000000000000aa010000000000000000aa010000000000000000aa010000000000000000aa01000000000000
01:07:29.958 [DEBUG] [serial] PKT #22500: flags=0x01 in=0 ds=0 flt=0
01:07:29.962 [DEBUG] [serial] RX 128 bytes: 0000aa010000000000000000aa010000000000000000aa010000000000000000aa010000000000000000aa010000000000000000aa010000000000000000aa010000000000000000aa010000000000000000aa010000000000000000aa010000000000000000aa010000000000000000aa010000000000000000aa0100000000
01:07:29.966 [DEBUG] [serial] RX 128 bytes: 00000000aa010000000000000000aa010000000000000000aa010000000000000000aa010000000000000000aa010000000000000000aa010000000000000000aa010000000000000000aa010000000000000000aa010000000000000000aa010000000000000000aa010000000000000000aa010000000000000000aa010000
01:07:29.970 [DEBUG] [serial] RX 128 bytes: 000000000000aa010000000000000000aa010000000000000000aa010000000000000000aa010000000000000000aa010000000000000000aa010000000000000000aa010000000000000000aa010000000000000000aa010000000000000000aa010000000000000000aa010000000000000000aa010000000000000000aa01
01:07:29.974 [DEBUG] [serial] RX 128 bytes: 0000000000000000aa010000000000000000aa010000000000000000aa010000000000000000aa010000000000000000aa010000000000000000aa010000000000000000aa010000000000000000aa010000000000000000aa010000000000000000aa010000000000000000aa010000000000000000aa010000000000000000
01:07:29.978 [DEBUG] [serial] RX 128 bytes: aa010000000000000000aa010000000000000000aa010000000000000000aa010000000000000000aa010000000000000000aa010000000000000000aa010000000000000000aa010000000000000000aa010000000000000000aa010000000000000000aa010000000000000000aa010000000000000000aa01000000000000
01:07:29.982 [DEBUG] [serial] RX 128 bytes: 0000aa010000000000000000aa010000000000000000aa010000000000000000aa010000000000000000aa010000000000000000aa010000000000000000aa010000000000000000aa010000000000000000aa010000000000000000aa010000000000000000aa010000000000000000aa010000000000000000aa0100000000
01:07:29.986 [DEBUG] [serial] RX 128 bytes: 00000000aa010000000000000000aa010000000000000000aa010000000000000000aa010000000000000000aa010000000000000000aa010000000000000000aa010000000000000000aa010000000000000000aa010000000000000000aa010000000000000000aa010000000000000000aa010000000000000000aa010000
01:07:29.990 [DEBUG] [serial] RX 128 bytes: 000000000000aa010000000000000000aa010000000000000000aa010000000000000000aa010000000000000000aa010000000000000000aa010000000000000000aa010000000000000000aa010000000000000000aa010000000000000000aa010000000000000000aa010000000000000000aa010000000000000000aa01
01:07:29.994 [DEBUG] [serial] RX 128 bytes: 0000000000000000aa010000000000000000aa010000000000000000aa010000000000000000aa010000000000000000aa010000000000000000aa010000000000000000aa010000000000000000aa010000000000000000aa010000000000000000aa010000000000000000aa010000000000000000aa010000000000000000
01:07:29.998 [DEBUG] [serial] RX 128 bytes: aa010000000000000000aa010000000000000000aa010000000000000000aa010000000000000000aa010000000000000000aa010000000000000000aa010000000000000000aa010000000000000000aa010000000000000000aa010000000000000000aa010000000000000000aa010000000000000000aa01000000000000
01:07:30.002 [DEBUG] [serial] RX 128 bytes: 0000aa010000000000000000aa010000000000000000aa010000000000000000aa010000000000000000aa010000000000000000aa010000000000000000aa010000000000000000aa010000000000000000aa010000000000000000aa010000000000000000aa010000000000000000aa010000000000000000aa0100000000
01:07:30.006 [DEBUG] [serial] RX 128 bytes: 00000000aa010000000000000000aa010000000000000000aa010000000000000000aa010000000000000000aa010000000000000000aa010000000000000000aa010000000000000000aa010000000000000000aa010000000000000000aa010000000000000000aa010000000000000000aa010000000000000000aa010000
01:07:30.010 [DEBUG] [serial] RX 128 bytes: 000000000000aa010000000000000000aa010000000000000000aa010000000000000000aa010000000000000000aa010000000000000000aa010000000000000000aa010000000000000000aa010000000000000000aa010000000000000000aa010000000000000000aa010000000000000000aa010000000000000000aa01
01:07:30.014 [DEBUG] [serial] RX 128 bytes: 0000000000000000aa010000000000000000aa010000000000000000aa010000000000000000aa010000000000000000aa010000000000000000aa010000000000000000aa010000000000000000aa010000000000000000aa010000000000000000aa010000000000000000aa010000000000000000aa010000000000000000
01:07:30.018 [DEBUG] [serial] RX 128 bytes: aa010000000000000000aa010000000000000000aa010000000000000000aa010000000000000000aa010000000000000000aa010000000000000000aa010000000000000000aa010000000000000000aa010000000000000000aa010000000000000000aa010000000000000000aa010000000000000000aa01000000000000
01:07:30.022 [DEBUG] [serial] RX 128 bytes: 0000aa010000000000000000aa010000000000000000aa010000000000000000aa010000000000000000aa010000000000000000aa010000000000000000aa010000000000000000aa010000000000000000aa010000000000000000aa010000000000000000aa010000000000000000aa010000000000000000aa0100000000
01:07:30.026 [DEBUG] [serial] RX 128 bytes: 00000000aa010000000000000000aa010000000000000000aa010000000000000000aa010000000000000000aa010000000000000000aa010000000000000000aa010000000000000000aa010000000000000000aa010000000000000000aa010000000000000000aa010000000000000000aa010000000000000000aa010000
01:07:30.030 [DEBUG] [serial] RX 128 bytes: 000000000000aa010000000000000000aa010000000000000000aa010000000000000000aa010000000000000000aa010000000000000000aa010000000000000000aa010000000000000000aa010000000000000000aa010000000000000000aa010000000000000000aa010000000000000000aa010000000000000000aa01
01:07:30.034 [DEBUG] [serial] RX 128 bytes: 0000000000000000aa010000000000000000aa010000000000000000aa010000000000000000aa010000000000000000aa010000000000000000aa010000000000000000aa010000000000000000aa010000000000000000aa010000000000000000aa010000000000000000aa010000000000000000aa010000000000000000
01:07:30.038 [DEBUG] [serial] RX 128 bytes: aa010000000000000000aa010000000000000000aa010000000000000000aa010000000000000000aa010000000000000000aa010000000000000000aa010000000000000000aa010000000000000000aa010000000000000000aa010000000000000000aa010000000000000000aa010000000000000000aa01000000000000
01:07:30.042 [DEBUG] [serial] RX 128 bytes: 0000aa010000000000000000aa010000000000000000aa010000000000000000aa010000000000000000aa010000000000000000aa010000000000000000aa010000000000000000aa010000000000000000aa010000000000000000aa010000000000000000aa010000000000000000aa010000000000000000aa0100000000
01:07:30.046 [DEBUG] [serial] RX 128 bytes: 00000000aa010000000000000000aa010000000000000000aa010000000000000000aa010000000000000000aa010000000000000000aa010000000000000000aa010000000000000000aa010000000000000000aa010000000000000000aa010000000000000000aa010000000000000000aa010000000000000000aa010000
01:07:30.050 [DEBUG] [serial] RX 128 bytes: 000000000000aa010000000000000000aa010000000000000000aa010000000000000000aa010000000000000000aa010000000000000000aa010000000000000000aa010000000000000000aa010000000000000000aa010000000000000000aa010000000000000000aa010000000000000000aa010000000000000000aa01
01:07:30.053 [DEBUG] [serial] RX 128 bytes: 0000000000000000aa010000000000000000aa010000000000000000aa010000000000000000aa010000000000000000aa010000000000000000aa010000000000000000aa010000000000000000aa010000000000000000aa010000000000000000aa010000000000000000aa010000000000000000aa010000000000000000
01:07:30.057 [DEBUG] [serial] RX 128 bytes: aa010000000000000000aa010000000000000000aa010000000000000000aa010000000000000000aa010000000000000000aa010000000000000000aa010000000000000000aa010000000000000000aa010000000000000000aa010000000000000000aa010000000000000000aa010000000000000000aa01000000000000
01:07:30.062 [DEBUG] [serial] RX 128 bytes: 0000aa010000000000000000aa010000000000000000aa010000000000000000aa010000000000000000aa010000000000000000aa010000000000000000aa010000000000000000aa010000000000000000aa010000000000000000aa010000000000000000aa010000000000000000aa010000000000000000aa0100000000
01:07:30.066 [DEBUG] [serial] RX 128 bytes: 00000000aa010000000000000000aa010000000000000000aa010000000000000000aa010000000000000000aa010000000000000000aa010000000000000000aa010000000000000000aa010000000000000000aa010000000000000000aa010000000000000000aa010000000000000000aa010000000000000000aa010000
01:07:30.070 [DEBUG] [serial] RX 128 bytes: 000000000000aa010000000000000000aa010000000000000000aa010000000000000000aa010000000000000000aa010000000000000000aa010000000000000000aa010000000000000000aa010000000000000000aa010000000000000000aa010000000000000000aa010000000000000000aa010000000000000000aa01
01:07:30.073 [DEBUG] [serial] RX 128 bytes: 0000000000000000aa010000000000000000aa010000000000000000aa010000000000000000aa010000000000000000aa010000000000000000aa010000000000000000aa010000000000000000aa010000000000000000aa010000000000000000aa010000000000000000aa010000000000000000aa010000000000000000
01:07:30.077 [DEBUG] [serial] RX 128 bytes: aa010000000000000000aa010000000000000000aa010000000000000000aa010000000000000000aa010000000000000000aa010000000000000000aa010000000000000000aa010000000000000000aa010000000000000000aa010000000000000000aa010000000000000000aa010000000000000000aa01000000000000
01:07:30.081 [DEBUG] [serial] RX 128 bytes: 0000aa010000000000000000aa010000000000000000aa010000000000000000aa010000000000000000aa010000000000000000aa010000000000000000aa010000000000000000aa010000000000000000aa010000000000000000aa010000000000000000aa010000000000000000aa010000000000000000aa0100000000
01:07:30.085 [DEBUG] [serial] RX 128 bytes: 00000000aa010000000000000000aa010000000000000000aa010000000000000000aa010000000000000000aa010000000000000000aa010000000000000000aa010000000000000000aa010000000000000000aa010000000000000000aa010000000000000000aa010000000000000000aa010000000000000000aa010000
01:07:30.089 [DEBUG] [serial] RX 128 bytes: 000000000000aa010000000000000000aa010000000000000000aa010000000000000000aa010000000000000000aa010000000000000000aa010000000000000000aa010000000000000000aa010000000000000000aa010000000000000000aa010000000000000000aa010000000000000000aa010000000000000000aa01
01:07:30.093 [DEBUG] [serial] RX 128 bytes: 0000000000000000aa010000000000000000aa010000000000000000aa010000000000000000aa010000000000000000aa010000000000000000aa010000000000000000aa010000000000000000aa010000000000000000aa010000000000000000aa010000000000000000aa010000000000000000aa010000000000000000
01:07:30.097 [DEBUG] [serial] RX 128 bytes: aa010000000000000000aa010000000000000000aa010000000000000000aa010000000000000000aa010000000000000000aa010000000000000000aa010000000000000000aa010000000000000000aa010000000000000000aa010000000000000000aa010000000000000000aa010000000000000000aa01000000000000
01:07:30.101 [DEBUG] [serial] RX 128 bytes: 0000aa010000000000000000aa010000000000000000aa010000000000000000aa010000000000000000aa010000000000000000aa010000000000000000aa010000000000000000aa010000000000000000aa010000000000000000aa010000000000000000aa010000000000000000aa010000000000000000aa0100000000
01:07:30.106 [DEBUG] [serial] RX 128 bytes: 00000000aa010000000000000000aa010000000000000000aa010000000000000000aa010000000000000000aa010000000000000000aa010000000000000000aa010000000000000000aa010000000000000000aa010000000000000000aa010000000000000000aa010000000000000000aa010000000000000000aa010000
01:07:30.109 [DEBUG] [serial] RX 128 bytes: 000000000000aa010000000000000000aa010000000000000000aa010000000000000000aa010000000000000000aa010000000000000000aa010000000000000000aa010000000000000000aa010000000000000000aa010000000000000000aa010000000000000000aa010000000000000000aa010000000000000000aa01
01:07:30.113 [DEBUG] [serial] RX 128 bytes: 0000000000000000aa010000000000000000aa010000000000000000aa010000000000000000aa010000000000000000aa010000000000000000aa010000000000000000aa010000000000000000aa010000000000000000aa010000000000000000aa010000000000000000aa010000000000000000aa010000000000000000
01:07:30.113 [DEBUG] [serial] PKT #23000: flags=0x01 in=0 ds=0 flt=0
01:07:30.117 [DEBUG] [serial] RX 128 bytes: aa010000000000000000aa010000000000000000aa010000000000000000aa010000000000000000aa010000000000000000aa010000000000000000aa010000000000000000aa010000000000000000aa010000000000000000aa010000000000000000aa010000000000000000aa010000000000000000aa01000000000000
01:07:30.121 [DEBUG] [serial] RX 128 bytes: 0000aa010000000000000000aa010000000000000000aa010000000000000000aa010000000000000000aa010000000000000000aa010000000000000000aa010000000000000000aa010000000000000000aa010000000000000000aa010000000000000000aa010000000000000000aa010000000000000000aa0100000000
01:07:30.125 [DEBUG] [serial] RX 128 bytes: 00000000aa010000000000000000aa010000000000000000aa010000000000000000aa010000000000000000aa010000000000000000aa010000000000000000aa010000000000000000aa010000000000000000aa010000000000000000aa010000000000000000aa010000000000000000aa010000000000000000aa010000
01:07:30.129 [DEBUG] [serial] RX 128 bytes: 000000000000aa010000000000000000aa010000000000000000aa010000000000000000aa010000000000000000aa010000000000000000aa010000000000000000aa010000000000000000aa010000000000000000aa010000000000000000aa010000000000000000aa010000000000000000aa010000000000000000aa01
01:07:30.133 [DEBUG] [serial] RX 128 bytes: 0000000000000000aa010000000000000000aa010000000000000000aa010000000000000000aa010000000000000000aa010000000000000000aa010000000000000000aa010000000000000000aa010000000000000000aa010000000000000000aa010000000000000000aa010000000000000000aa010000000000000000
01:07:30.137 [DEBUG] [serial] RX 128 bytes: aa010000000000000000aa010000000000000000aa010000000000000000aa010000000000000000aa010000000000000000aa010000000000000000aa010000000000000000aa010000000000000000aa010000000000000000aa010000000000000000aa010000000000000000aa010000000000000000aa01000000000000
01:07:30.141 [DEBUG] [serial] RX 128 bytes: 0000aa010000000000000000aa010000000000000000aa010000000000000000aa010000000000000000aa010000000000000000aa010000000000000000aa010000000000000000aa010000000000000000aa010000000000000000aa010000000000000000aa010000000000000000aa010000000000000000aa0100000000
01:07:30.145 [DEBUG] [serial] RX 128 bytes: 00000000aa010000000000000000aa010000000000000000aa010000000000000000aa010000000000000000aa010000000000000000aa010000000000000000aa010000000000000000aa010000000000000000aa010000000000000000aa010000000000000000aa010000000000000000aa010000000000000000aa010000
01:07:30.149 [DEBUG] [serial] RX 128 bytes: 000000000000aa010000000000000000aa010000000000000000aa010000000000000000aa010000000000000000aa010000000000000000aa010000000000000000aa010000000000000000aa010000000000000000aa010000000000000000aa010000000000000000aa010000000000000000aa010000000000000000aa01
01:07:30.153 [DEBUG] [serial] RX 128 bytes: 0000000000000000aa010000000000000000aa010000000000000000aa010000000000000000aa010000000000000000aa010000000000000000aa010000000000000000aa010000000000000000aa010000000000000000aa010000000000000000aa010000000000000000aa010000000000000000aa010000000000000000
01:07:30.157 [DEBUG] [serial] RX 128 bytes: aa010000000000000000aa010000000000000000aa010000000000000000aa010000000000000000aa010000000000000000aa010000000000000000aa010000000000000000aa010000000000000000aa010000000000000000aa010000000000000000aa010000000000000000aa010000000000000000aa01000000000000
01:07:30.161 [DEBUG] [serial] RX 128 bytes: 0000aa010000000000000000aa010000000000000000aa010000000000000000aa010000000000000000aa010000000000000000aa010000000000000000aa010000000000000000aa010000000000000000aa010000000000000000aa010000000000000000aa010000000000000000aa010000000000000000aa0100000000
01:07:30.165 [DEBUG] [serial] RX 128 bytes: 00000000aa010000000000000000aa010000000000000000aa010000000000000000aa010000000000000000aa010000000000000000aa010000000000000000aa010000000000000000aa010000000000000000aa010000000000000000aa010000000000000000aa010000000000000000aa010000000000000000aa010000
01:07:30.169 [DEBUG] [serial] RX 128 bytes: 000000000000aa010000000000000000aa010000000000000000aa010000000000000000aa010000000000000000aa010000000000000000aa010000000000000000aa010000000000000000aa010000000000000000aa010000000000000000aa010000000000000000aa010000000000000000aa010000000000000000aa01
01:07:30.173 [DEBUG] [serial] RX 128 bytes: 0000000000000000aa010000000000000000aa010000000000000000aa010000000000000000aa010000000000000000aa010000000000000000aa010000000000000000aa010000000000000000aa010000000000000000aa010000000000000000aa010000000000000000aa010000000000000000aa010000000000000000
01:07:30.177 [DEBUG] [serial] RX 128 bytes: aa010000000000000000aa010000000000000000aa010000000000000000aa010000000000000000aa010000000000000000aa010000000000000000aa010000000000000000aa010000000000000000aa010000000000000000aa010000000000000000aa010000000000000000aa010000000000000000aa01000000000000
01:07:30.181 [DEBUG] [serial] RX 128 bytes: 0000aa010000000000000000aa010000000000000000aa010000000000000000aa010000000000000000aa010000000000000000aa010000000000000000aa010000000000000000aa010000000000000000aa010000000000000000aa010000000000000000aa010000000000000000aa010000000000000000aa0100000000
01:07:30.185 [DEBUG] [serial] RX 128 bytes: 00000000aa010000000000000000aa010000000000000000aa010000000000000000aa010000000000000000aa010000000000000000aa010000000000000000aa010000000000000000aa010000000000000000aa010000000000000000aa010000000000000000aa010000000000000000aa010000000000000000aa010000
01:07:30.189 [DEBUG] [serial] RX 128 bytes: 000000000000aa010000000000000000aa010000000000000000aa010000000000000000aa010000000000000000aa010000000000000000aa010000000000000000aa010000000000000000aa010000000000000000aa010000000000000000aa010000000000000000aa010000000000000000aa010000000000000000aa01
01:07:30.193 [DEBUG] [serial] RX 128 bytes: 0000000000000000aa010000000000000000aa010000000000000000aa010000000000000000aa010000000000000000aa010000000000000000aa010000000000000000aa010000000000000000aa010000000000000000aa010000000000000000aa010000000000000000aa010000000000000000aa010000000000000000
01:07:30.197 [DEBUG] [serial] RX 128 bytes: aa010000000000000000aa010000000000000000aa010000000000000000aa010000000000000000aa010000000000000000aa010000000000000000aa010000000000000000aa010000000000000000aa010000000000000000aa010000000000000000aa010000000000000000aa010000000000000000aa01000000000000
01:07:30.201 [DEBUG] [serial] RX 128 bytes: 0000aa010000000000000000aa010000000000000000aa010000000000000000aa010000000000000000aa010000000000000000aa010000000000000000aa010000000000000000aa010000000000000000aa010000000000000000aa010000000000000000aa010000000000000000aa010000000000000000aa0100000000
01:07:30.205 [DEBUG] [serial] RX 128 bytes: 00000000aa010000000000000000aa010000000000000000aa010000000000000000aa010000000000000000aa010000000000000000aa010000000000000000aa010000000000000000aa010000000000000000aa010000000000000000aa010000000000000000aa010000000000000000aa010000000000000000aa010000
01:07:30.209 [DEBUG] [serial] RX 128 bytes: 000000000000aa010000000000000000aa010000000000000000aa010000000000000000aa010000000000000000aa010000000000000000aa010000000000000000aa010000000000000000aa010000000000000000aa010000000000000000aa010000000000000000aa010000000000000000aa010000000000000000aa01
01:07:30.212 [DEBUG] [serial] RX 128 bytes: 0000000000000000aa010000000000000000aa010000000000000000aa010000000000000000aa010000000000000000aa010000000000000000aa010000000000000000aa010000000000000000aa010000000000000000aa010000000000000000aa010000000000000000aa010000000000000000aa010000000000000000
01:07:30.216 [DEBUG] [serial] RX 128 bytes: aa010000000000000000aa010000000000000000aa010000000000000000aa010000000000000000aa010000000000000000aa010000000000000000aa010000000000000000aa010000000000000000aa010000000000000000aa010000000000000000aa010000000000000000aa010000000000000000aa01000000000000
01:07:30.220 [DEBUG] [serial] RX 128 bytes: 0000aa010000000000000000aa010000000000000000aa010000000000000000aa010000000000000000aa010000000000000000aa010000000000000000aa010000000000000000aa010000000000000000aa010000000000000000aa010000000000000000aa010000000000000000aa010000000000000000aa0100000000
01:07:30.225 [DEBUG] [serial] RX 128 bytes: 00000000aa010000000000000000aa010000000000000000aa010000000000000000aa010000000000000000aa010000000000000000aa010000000000000000aa010000000000000000aa010000000000000000aa010000000000000000aa010000000000000000aa010000000000000000aa010000000000000000aa010000
01:07:30.229 [DEBUG] [serial] RX 128 bytes: 000000000000aa010000000000000000aa010000000000000000aa010000000000000000aa010000000000000000aa010000000000000000aa010000000000000000aa010000000000000000aa010000000000000000aa010000000000000000aa010000000000000000aa010000000000000000aa010000000000000000aa01
01:07:30.232 [DEBUG] [serial] RX 128 bytes: 0000000000000000aa010000000000000000aa010000000000000000aa010000000000000000aa010000000000000000aa010000000000000000aa010000000000000000aa010000000000000000aa010000000000000000aa010000000000000000aa010000000000000000aa010000000000000000aa010000000000000000
01:07:30.236 [DEBUG] [serial] RX 128 bytes: aa010000000000000000aa010000000000000000aa010000000000000000aa010000000000000000aa010000000000000000aa010000000000000000aa010000000000000000aa010000000000000000aa010000000000000000aa010000000000000000aa010000000000000000aa010000000000000000aa01000000000000
01:07:30.240 [DEBUG] [serial] RX 128 bytes: 0000aa010000000000000000aa010000000000000000aa010000000000000000aa010000000000000000aa010000000000000000aa010000000000000000aa010000000000000000aa010000000000000000aa010000000000000000aa010000000000000000aa010000000000000000aa010000000000000000aa0100000000
01:07:30.244 [DEBUG] [serial] RX 128 bytes: 00000000aa010000000000000000aa010000000000000000aa010000000000000000aa010000000000000000aa010000000000000000aa010000000000000000aa010000000000000000aa010000000000000000aa010000000000000000aa010000000000000000aa010000000000000000aa010000000000000000aa010000
01:07:30.248 [DEBUG] [serial] RX 128 bytes: 000000000000aa010000000000000000aa010000000000000000aa010000000000000000aa010000000000000000aa010000000000000000aa010000000000000000aa010000000000000000aa010000000000000000aa010000000000000000aa010000000000000000aa010000000000000000aa010000000000000000aa01
01:07:30.252 [DEBUG] [serial] RX 128 bytes: 0000000000000000aa010000000000000000aa010000000000000000aa010000000000000000aa010000000000000000aa010000000000000000aa010000000000000000aa010000000000000000aa010000000000000000aa010000000000000000aa010000000000000000aa010000000000000000aa010000000000000000
01:07:30.256 [DEBUG] [serial] RX 128 bytes: aa010000000000000000aa010000000000000000aa010000000000000000aa010000000000000000aa010000000000000000aa010000000000000000aa010000000000000000aa010000000000000000aa010000000000000000aa010000000000000000aa010000000000000000aa010000000000000000aa01000000000000
01:07:30.260 [DEBUG] [serial] RX 128 bytes: 0000aa010000000000000000aa010000000000000000aa010000000000000000aa010000000000000000aa010000000000000000aa010000000000000000aa010000000000000000aa010000000000000000aa010000000000000000aa010000000000000000aa010000000000000000aa010000000000000000aa0100000000
01:07:30.264 [DEBUG] [serial] RX 128 bytes: 00000000aa010000000000000000aa010000000000000000aa010000000000000000aa010000000000000000aa010000000000000000aa010000000000000000aa010000000000000000aa010000000000000000aa010000000000000000aa010000000000000000aa010000000000000000aa010000000000000000aa010000
01:07:30.268 [DEBUG] [serial] RX 128 bytes: 000000000000aa010000000000000000aa010000000000000000aa010000000000000000aa010000000000000000aa010000000000000000aa010000000000000000aa010000000000000000aa010000000000000000aa010000000000000000aa010000000000000000aa010000000000000000aa010000000000000000aa01
01:07:30.268 [DEBUG] [serial] PKT #23500: flags=0x01 in=0 ds=0 flt=0
01:07:30.272 [DEBUG] [serial] RX 128 bytes: 0000000000000000aa010000000000000000aa010000000000000000aa010000000000000000aa010000000000000000aa010000000000000000aa010000000000000000aa010000000000000000aa010000000000000000aa010000000000000000aa010000000000000000aa010000000000000000aa010000000000000000
01:07:30.276 [DEBUG] [serial] RX 128 bytes: aa010000000000000000aa010000000000000000aa010000000000000000aa010000000000000000aa010000000000000000aa010000000000000000aa010000000000000000aa010000000000000000aa010000000000000000aa010000000000000000aa010000000000000000aa010000000000000000aa01000000000000
01:07:30.280 [DEBUG] [serial] RX 128 bytes: 0000aa010000000000000000aa010000000000000000aa010000000000000000aa010000000000000000aa010000000000000000aa010000000000000000aa010000000000000000aa010000000000000000aa010000000000000000aa010000000000000000aa010000000000000000aa010000000000000000aa0100000000
01:07:30.284 [DEBUG] [serial] RX 128 bytes: 00000000aa010000000000000000aa010000000000000000aa010000000000000000aa010000000000000000aa010000000000000000aa010000000000000000aa010000000000000000aa010000000000000000aa010000000000000000aa010000000000000000aa010000000000000000aa010000000000000000aa010000
01:07:30.288 [DEBUG] [serial] RX 128 bytes: 000000000000aa010000000000000000aa010000000000000000aa010000000000000000aa010000000000000000aa010000000000000000aa010000000000000000aa010000000000000000aa010000000000000000aa010000000000000000aa010000000000000000aa010000000000000000aa010000000000000000aa01
01:07:30.292 [DEBUG] [serial] RX 128 bytes: 0000000000000000aa010000000000000000aa010000000000000000aa010000000000000000aa010000000000000000aa010000000000000000aa010000000000000000aa010000000000000000aa010000000000000000aa010000000000000000aa010000000000000000aa010000000000000000aa010000000000000000
01:07:30.296 [DEBUG] [serial] RX 128 bytes: aa010000000000000000aa010000000000000000aa010000000000000000aa010000000000000000aa010000000000000000aa010000000000000000aa010000000000000000aa010000000000000000aa010000000000000000aa010000000000000000aa010000000000000000aa010000000000000000aa01000000000000
01:07:30.300 [DEBUG] [serial] RX 128 bytes: 0000aa010000000000000000aa010000000000000000aa010000000000000000aa010000000000000000aa010000000000000000aa010000000000000000aa010000000000000000aa010000000000000000aa010000000000000000aa010000000000000000aa010000000000000000aa010000000000000000aa0100000000
01:07:30.304 [DEBUG] [serial] RX 128 bytes: 00000000aa010000000000000000aa010000000000000000aa010000000000000000aa010000000000000000aa010000000000000000aa010000000000000000aa010000000000000000aa010000000000000000aa010000000000000000aa010000000000000000aa010000000000000000aa010000000000000000aa010000
01:07:30.308 [DEBUG] [serial] RX 128 bytes: 000000000000aa010000000000000000aa010000000000000000aa010000000000000000aa010000000000000000aa010000000000000000aa010000000000000000aa010000000000000000aa010000000000000000aa010000000000000000aa010000000000000000aa010000000000000000aa010000000000000000aa01
01:07:30.312 [DEBUG] [serial] RX 128 bytes: 0000000000000000aa010000000000000000aa010000000000000000aa010000000000000000aa010000000000000000aa010000000000000000aa010000000000000000aa010000000000000000aa010000000000000000aa010000000000000000aa010000000000000000aa010000000000000000aa010000000000000000
01:07:30.316 [DEBUG] [serial] RX 128 bytes: aa010000000000000000aa010000000000000000aa010000000000000000aa010000000000000000aa010000000000000000aa010000000000000000aa010000000000000000aa010000000000000000aa010000000000000000aa010000000000000000aa010000000000000000aa010000000000000000aa01000000000000
01:07:30.320 [DEBUG] [serial] RX 128 bytes: 0000aa010000000000000000aa010000000000000000aa010000000000000000aa010000000000000000aa010000000000000000aa010000000000000000aa010000000000000000aa010000000000000000aa010000000000000000aa010000000000000000aa010000000000000000aa010000000000000000aa0100000000
01:07:30.324 [DEBUG] [serial] RX 128 bytes: 00000000aa010000000000000000aa010000000000000000aa010000000000000000aa010000000000000000aa010000000000000000aa010000000000000000aa010000000000000000aa010000000000000000aa010000000000000000aa010000000000000000aa010000000000000000aa010000000000000000aa010000
01:07:30.328 [DEBUG] [serial] RX 128 bytes: 000000000000aa010000000000000000aa010000000000000000aa010000000000000000aa010000000000000000aa010000000000000000aa010000000000000000aa010000000000000000aa010000000000000000aa010000000000000000aa010000000000000000aa010000000000000000aa010000000000000000aa01
01:07:30.332 [DEBUG] [serial] RX 128 bytes: 0000000000000000aa010000000000000000aa010000000000000000aa010000000000000000aa010000000000000000aa010000000000000000aa010000000000000000aa010000000000000000aa010000000000000000aa010000000000000000aa010000000000000000aa010000000000000000aa010000000000000000
01:07:30.336 [DEBUG] [serial] RX 128 bytes: aa010000000000000000aa010000000000000000aa010000000000000000aa010000000000000000aa010000000000000000aa010000000000000000aa010000000000000000aa010000000000000000aa010000000000000000aa010000000000000000aa010000000000000000aa010000000000000000aa01000000000000
01:07:30.340 [DEBUG] [serial] RX 128 bytes: 0000aa010000000000000000aa010000000000000000aa010000000000000000aa010000000000000000aa010000000000000000aa010000000000000000aa010000000000000000aa010000000000000000aa010000000000000000aa010000000000000000aa010000000000000000aa010000000000000000aa0100000000
01:07:30.344 [DEBUG] [serial] RX 128 bytes: 00000000aa010000000000000000aa010000000000000000aa010000000000000000aa010000000000000000aa010000000000000000aa010000000000000000aa010000000000000000aa010000000000000000aa010000000000000000aa010000000000000000aa010000000000000000aa010000000000000000aa010000
01:07:30.348 [DEBUG] [serial] RX 128 bytes: 000000000000aa010000000000000000aa010000000000000000aa010000000000000000aa010000000000000000aa010000000000000000aa010000000000000000aa010000000000000000aa010000000000000000aa010000000000000000aa010000000000000000aa010000000000000000aa010000000000000000aa01
01:07:30.351 [DEBUG] [serial] RX 128 bytes: 0000000000000000aa010000000000000000aa010000000000000000aa010000000000000000aa010000000000000000aa010000000000000000aa010000000000000000aa010000000000000000aa010000000000000000aa010000000000000000aa010000000000000000aa010000000000000000aa010000000000000000
01:07:30.356 [DEBUG] [serial] RX 128 bytes: aa010000000000000000aa010000000000000000aa010000000000000000aa010000000000000000aa010000000000000000aa010000000000000000aa010000000000000000aa010000000000000000aa010000000000000000aa010000000000000000aa010000000000000000aa010000000000000000aa01000000000000
01:07:30.360 [DEBUG] [serial] RX 128 bytes: 0000aa010000000000000000aa010000000000000000aa010000000000000000aa010000000000000000aa010000000000000000aa010000000000000000aa010000000000000000aa010000000000000000aa010000000000000000aa010000000000000000aa010000000000000000aa010000000000000000aa0100000000
01:07:30.364 [DEBUG] [serial] RX 128 bytes: 00000000aa010000000000000000aa010000000000000000aa010000000000000000aa010000000000000000aa010000000000000000aa010000000000000000aa010000000000000000aa010000000000000000aa010000000000000000aa010000000000000000aa010000000000000000aa010000000000000000aa010000
01:07:30.368 [DEBUG] [serial] RX 128 bytes: 000000000000aa010000000000000000aa010000000000000000aa010000000000000000aa010000000000000000aa010000000000000000aa010000000000000000aa010000000000000000aa010000000000000000aa010000000000000000aa010000000000000000aa010000000000000000aa010000000000000000aa01
01:07:30.371 [DEBUG] [serial] RX 128 bytes: 0000000000000000aa010000000000000000aa010000000000000000aa010000000000000000aa010000000000000000aa010000000000000000aa010000000000000000aa010000000000000000aa010000000000000000aa010000000000000000aa010000000000000000aa010000000000000000aa010000000000000000
01:07:30.375 [DEBUG] [serial] RX 128 bytes: aa010000000000000000aa010000000000000000aa010000000000000000aa010000000000000000aa010000000000000000aa010000000000000000aa010000000000000000aa010000000000000000aa010000000000000000aa010000000000000000aa010000000000000000aa010000000000000000aa01000000000000
01:07:30.379 [DEBUG] [serial] RX 128 bytes: 0000aa010000000000000000aa010000000000000000aa010000000000000000aa010000000000000000aa010000000000000000aa010000000000000000aa010000000000000000aa010000000000000000aa010000000000000000aa010000000000000000aa010000000000000000aa010000000000000000aa0100000000
01:07:30.383 [DEBUG] [serial] RX 128 bytes: 00000000aa010000000000000000aa010000000000000000aa010000000000000000aa010000000000000000aa010000000000000000aa010000000000000000aa010000000000000000aa010000000000000000aa010000000000000000aa010000000000000000aa010000000000000000aa010000000000000000aa010000
01:07:30.387 [DEBUG] [serial] RX 128 bytes: 000000000000aa010000000000000000aa010000000000000000aa010000000000000000aa010000000000000000aa010000000000000000aa010000000000000000aa010000000000000000aa010000000000000000aa010000000000000000aa010000000000000000aa010000000000000000aa010000000000000000aa01
01:07:30.391 [DEBUG] [serial] RX 128 bytes: 0000000000000000aa010000000000000000aa010000000000000000aa010000000000000000aa010000000000000000aa010000000000000000aa010000000000000000aa010000000000000000aa010000000000000000aa010000000000000000aa010000000000000000aa010000000000000000aa010000000000000000
01:07:30.395 [DEBUG] [serial] RX 128 bytes: aa010000000000000000aa010000000000000000aa010000000000000000aa010000000000000000aa010000000000000000aa010000000000000000aa010000000000000000aa010000000000000000aa010000000000000000aa010000000000000000aa010000000000000000aa010000000000000000aa01000000000000
01:07:30.399 [DEBUG] [serial] RX 128 bytes: 0000aa010000000000000000aa010000000000000000aa010000000000000000aa010000000000000000aa010000000000000000aa010000000000000000aa010000000000000000aa010000000000000000aa010000000000000000aa010000000000000000aa010000000000000000aa010000000000000000aa0100000000
01:07:30.403 [DEBUG] [serial] RX 128 bytes: 00000000aa010000000000000000aa010000000000000000aa010000000000000000aa010000000000000000aa010000000000000000aa010000000000000000aa010000000000000000aa010000000000000000aa010000000000000000aa010000000000000000aa010000000000000000aa010000000000000000aa010000
01:07:30.407 [DEBUG] [serial] RX 128 bytes: 000000000000aa010000000000000000aa010000000000000000aa010000000000000000aa010000000000000000aa010000000000000000aa010000000000000000aa010000000000000000aa010000000000000000aa010000000000000000aa010000000000000000aa010000000000000000aa010000000000000000aa01
01:07:30.411 [DEBUG] [serial] RX 128 bytes: 0000000000000000aa010000000000000000aa010000000000000000aa010000000000000000aa010000000000000000aa010000000000000000aa010000000000000000aa010000000000000000aa010000000000000000aa010000000000000000aa010000000000000000aa010000000000000000aa010000000000000000
01:07:30.415 [DEBUG] [serial] RX 128 bytes: aa010000000000000000aa010000000000000000aa010000000000000000aa010000000000000000aa010000000000000000aa010000000000000000aa010000000000000000aa010000000000000000aa010000000000000000aa010000000000000000aa010000000000000000aa010000000000000000aa01000000000000
01:07:30.419 [DEBUG] [serial] RX 128 bytes: 0000aa010000000000000000aa010000000000000000aa010000000000000000aa010000000000000000aa010000000000000000aa010000000000000000aa010000000000000000aa010000000000000000aa010000000000000000aa010000000000000000aa010000000000000000aa010000000000000000aa0100000000
01:07:30.423 [DEBUG] [serial] RX 128 bytes: 00000000aa010000000000000000aa010000000000000000aa010000000000000000aa010000000000000000aa010000000000000000aa010000000000000000aa010000000000000000aa010000000000000000aa010000000000000000aa010000000000000000aa010000000000000000aa010000000000000000aa010000
01:07:30.423 [DEBUG] [serial] PKT #24000: flags=0x01 in=0 ds=0 flt=0
01:07:30.427 [DEBUG] [serial] RX 128 bytes: 000000000000aa010000000000000000aa010000000000000000aa010000000000000000aa010000000000000000aa010000000000000000aa010000000000000000aa010000000000000000aa010000000000000000aa010000000000000000aa010000000000000000aa010000000000000000aa010000000000000000aa01
01:07:30.431 [DEBUG] [serial] RX 128 bytes: 0000000000000000aa010000000000000000aa010000000000000000aa010000000000000000aa010000000000000000aa010000000000000000aa010000000000000000aa010000000000000000aa010000000000000000aa010000000000000000aa010000000000000000aa010000000000000000aa010000000000000000
01:07:30.435 [DEBUG] [serial] RX 128 bytes: aa010000000000000000aa010000000000000000aa010000000000000000aa010000000000000000aa010000000000000000aa010000000000000000aa010000000000000000aa010000000000000000aa010000000000000000aa010000000000000000aa010000000000000000aa010000000000000000aa01000000000000
01:07:30.439 [DEBUG] [serial] RX 128 bytes: 0000aa010000000000000000aa010000000000000000aa010000000000000000aa010000000000000000aa010000000000000000aa010000000000000000aa010000000000000000aa010000000000000000aa010000000000000000aa010000000000000000aa010000000000000000aa010000000000000000aa0100000000
01:07:30.443 [DEBUG] [serial] RX 128 bytes: 00000000aa010000000000000000aa010000000000000000aa010000000000000000aa010000000000000000aa010000000000000000aa010000000000000000aa010000000000000000aa010000000000000000aa010000000000000000aa010000000000000000aa010000000000000000aa010000000000000000aa010000
01:07:30.447 [DEBUG] [serial] RX 128 bytes: 000000000000aa010000000000000000aa010000000000000000aa010000000000000000aa010000000000000000aa010000000000000000aa010000000000000000aa010000000000000000aa010000000000000000aa010000000000000000aa010000000000000000aa010000000000000000aa010000000000000000aa01
01:07:30.451 [DEBUG] [serial] RX 128 bytes: 0000000000000000aa010000000000000000aa010000000000000000aa010000000000000000aa010000000000000000aa010000000000000000aa010000000000000000aa010000000000000000aa010000000000000000aa010000000000000000aa010000000000000000aa010000000000000000aa010000000000000000
01:07:30.455 [DEBUG] [serial] RX 128 bytes: aa010000000000000000aa010000000000000000aa010000000000000000aa010000000000000000aa010000000000000000aa010000000000000000aa010000000000000000aa010000000000000000aa010000000000000000aa010000000000000000aa010000000000000000aa010000000000000000aa01000000000000
01:07:30.459 [DEBUG] [serial] RX 128 bytes: 0000aa010000000000000000aa010000000000000000aa010000000000000000aa010000000000000000aa010000000000000000aa010000000000000000aa010000000000000000aa010000000000000000aa010000000000000000aa010000000000000000aa010000000000000000aa010000000000000000aa0100000000
01:07:30.463 [DEBUG] [serial] RX 128 bytes: 00000000aa010000000000000000aa010000000000000000aa010000000000000000aa010000000000000000aa010000000000000000aa010000000000000000aa010000000000000000aa010000000000000000aa010000000000000000aa010000000000000000aa010000000000000000aa010000000000000000aa010000
01:07:30.467 [DEBUG] [serial] RX 128 bytes: 000000000000aa010000000000000000aa010000000000000000aa010000000000000000aa010000000000000000aa010000000000000000aa010000000000000000aa010000000000000000aa010000000000000000aa010000000000000000aa010000000000000000aa010000000000000000aa010000000000000000aa01
01:07:30.471 [DEBUG] [serial] RX 128 bytes: 0000000000000000aa010000000000000000aa010000000000000000aa010000000000000000aa010000000000000000aa010000000000000000aa010000000000000000aa010000000000000000aa010000000000000000aa010000000000000000aa010000000000000000aa010000000000000000aa010000000000000000
01:07:30.475 [DEBUG] [serial] RX 128 bytes: aa010000000000000000aa010000000000000000aa010000000000000000aa010000000000000000aa010000000000000000aa010000000000000000aa010000000000000000aa010000000000000000aa010000000000000000aa010000000000000000aa010000000000000000aa010000000000000000aa01000000000000
01:07:30.479 [DEBUG] [serial] RX 128 bytes: 0000aa010000000000000000aa010000000000000000aa010000000000000000aa010000000000000000aa010000000000000000aa010000000000000000aa010000000000000000aa010000000000000000aa010000000000000000aa010000000000000000aa010000000000000000aa010000000000000000aa0100000000
01:07:30.483 [DEBUG] [serial] RX 128 bytes: 00000000aa010000000000000000aa010000000000000000aa010000000000000000aa010000000000000000aa010000000000000000aa010000000000000000aa010000000000000000aa010000000000000000aa010000000000000000aa010000000000000000aa010000000000000000aa010000000000000000aa010000
01:07:30.487 [DEBUG] [serial] RX 128 bytes: 000000000000aa010000000000000000aa010000000000000000aa010000000000000000aa010000000000000000aa010000000000000000aa010000000000000000aa010000000000000000aa010000000000000000aa010000000000000000aa010000000000000000aa010000000000000000aa010000000000000000aa01
01:07:30.491 [DEBUG] [serial] RX 128 bytes: 0000000000000000aa010000000000000000aa010000000000000000aa010000000000000000aa010000000000000000aa010000000000000000aa010000000000000000aa010000000000000000aa010000000000000000aa010000000000000000aa010000000000000000aa010000000000000000aa010000000000000000
01:07:30.495 [DEBUG] [serial] RX 128 bytes: aa010000000000000000aa010000000000000000aa010000000000000000aa010000000000000000aa010000000000000000aa010000000000000000aa010000000000000000aa010000000000000000aa010000000000000000aa010000000000000000aa010000000000000000aa010000000000000000aa01000000000000
01:07:30.499 [DEBUG] [serial] RX 128 bytes: 0000aa010000000000000000aa010000000000000000aa010000000000000000aa010000000000000000aa010000000000000000aa010000000000000000aa010000000000000000aa010000000000000000aa010000000000000000aa010000000000000000aa010000000000000000aa010000000000000000aa0100000000
01:07:30.503 [DEBUG] [serial] RX 128 bytes: 00000000aa010000000000000000aa010000000000000000aa010000000000000000aa010000000000000000aa010000000000000000aa010000000000000000aa010000000000000000aa010000000000000000aa010000000000000000aa010000000000000000aa010000000000000000aa010000000000000000aa010000
01:07:30.507 [DEBUG] [serial] RX 128 bytes: 000000000000aa010000000000000000aa010000000000000000aa010000000000000000aa010000000000000000aa010000000000000000aa010000000000000000aa010000000000000000aa010000000000000000aa010000000000000000aa010000000000000000aa010000000000000000aa010000000000000000aa01
01:07:30.510 [DEBUG] [serial] RX 128 bytes: 0000000000000000aa010000000000000000aa010000000000000000aa010000000000000000aa010000000000000000aa010000000000000000aa010000000000000000aa010000000000000000aa010000000000000000aa010000000000000000aa010000000000000000aa010000000000000000aa010000000000000000
01:07:30.514 [DEBUG] [serial] RX 128 bytes: aa010000000000000000aa010000000000000000aa010000000000000000aa010000000000000000aa010000000000000000aa010000000000000000aa010000000000000000aa010000000000000000aa010000000000000000aa010000000000000000aa010000000000000000aa010000000000000000aa01000000000000
01:07:30.518 [DEBUG] [serial] RX 128 bytes: 0000aa010000000000000000aa010000000000000000aa010000000000000000aa010000000000000000aa010000000000000000aa010000000000000000aa010000000000000000aa010000000000000000aa010000000000000000aa010000000000000000aa010000000000000000aa010000000000000000aa0100000000
01:07:30.523 [DEBUG] [serial] RX 128 bytes: 00000000aa010000000000000000aa010000000000000000aa010000000000000000aa010000000000000000aa010000000000000000aa010000000000000000aa010000000000000000aa010000000000000000aa010000000000000000aa010000000000000000aa010000000000000000aa010000000000000000aa010000
01:07:30.527 [DEBUG] [serial] RX 128 bytes: 000000000000aa010000000000000000aa010000000000000000aa010000000000000000aa010000000000000000aa010000000000000000aa010000000000000000aa010000000000000000aa010000000000000000aa010000000000000000aa010000000000000000aa010000000000000000aa010000000000000000aa01
01:07:30.530 [DEBUG] [serial] RX 128 bytes: 0000000000000000aa010000000000000000aa010000000000000000aa010000000000000000aa010000000000000000aa010000000000000000aa010000000000000000aa010000000000000000aa010000000000000000aa010000000000000000aa010000000000000000aa010000000000000000aa010000000000000000
01:07:30.534 [DEBUG] [serial] RX 128 bytes: aa010000000000000000aa010000000000000000aa010000000000000000aa010000000000000000aa010000000000000000aa010000000000000000aa010000000000000000aa010000000000000000aa010000000000000000aa010000000000000000aa010000000000000000aa010000000000000000aa01000000000000
01:07:30.538 [DEBUG] [serial] RX 128 bytes: 0000aa010000000000000000aa010000000000000000aa010000000000000000aa010000000000000000aa010000000000000000aa010000000000000000aa010000000000000000aa010000000000000000aa010000000000000000aa010000000000000000aa010000000000000000aa010000000000000000aa0100000000
01:07:30.542 [DEBUG] [serial] RX 128 bytes: 00000000aa010000000000000000aa010000000000000000aa010000000000000000aa010000000000000000aa010000000000000000aa010000000000000000aa010000000000000000aa010000000000000000aa010000000000000000aa010000000000000000aa010000000000000000aa010000000000000000aa010000
01:07:30.546 [DEBUG] [serial] RX 128 bytes: 000000000000aa010000000000000000aa010000000000000000aa010000000000000000aa010000000000000000aa010000000000000000aa010000000000000000aa010000000000000000aa010000000000000000aa010000000000000000aa010000000000000000aa010000000000000000aa010000000000000000aa01
01:07:30.550 [DEBUG] [serial] RX 128 bytes: 0000000000000000aa010000000000000000aa010000000000000000aa010000000000000000aa010000000000000000aa010000000000000000aa010000000000000000aa010000000000000000aa010000000000000000aa010000000000000000aa010000000000000000aa010000000000000000aa010000000000000000
01:07:30.554 [DEBUG] [serial] RX 128 bytes: aa010000000000000000aa010000000000000000aa010000000000000000aa010000000000000000aa010000000000000000aa010000000000000000aa010000000000000000aa010000000000000000aa010000000000000000aa010000000000000000aa010000000000000000aa010000000000000000aa01000000000000
01:07:30.558 [DEBUG] [serial] RX 128 bytes: 0000aa010000000000000000aa010000000000000000aa010000000000000000aa010000000000000000aa010000000000000000aa010000000000000000aa010000000000000000aa010000000000000000aa010000000000000000aa010000000000000000aa010000000000000000aa010000000000000000aa0100000000
01:07:30.562 [DEBUG] [serial] RX 128 bytes: 00000000aa010000000000000000aa010000000000000000aa010000000000000000aa010000000000000000aa010000000000000000aa010000000000000000aa010000000000000000aa010000000000000000aa010000000000000000aa010000000000000000aa010000000000000000aa010000000000000000aa010000
01:07:30.566 [DEBUG] [serial] RX 128 bytes: 000000000000aa010000000000000000aa010000000000000000aa010000000000000000aa010000000000000000aa010000000000000000aa010000000000000000aa010000000000000000aa010000000000000000aa010000000000000000aa010000000000000000aa010000000000000000aa010000000000000000aa01
01:07:30.570 [DEBUG] [serial] RX 128 bytes: 0000000000000000aa010000000000000000aa010000000000000000aa010000000000000000aa010000000000000000aa010000000000000000aa010000000000000000aa010000000000000000aa010000000000000000aa010000000000000000aa010000000000000000aa010000000000000000aa010000000000000000
01:07:30.575 [DEBUG] [serial] RX 128 bytes: aa010000000000000000aa010000000000000000aa010000000000000000aa010000000000000000aa010000000000000000aa010000000000000000aa010000000000000000aa010000000000000000aa010000000000000000aa010000000000000000aa010000000000000000aa010000000000000000aa01000000000000
01:07:30.578 [DEBUG] [serial] RX 128 bytes: 0000aa010000000000000000aa010000000000000000aa010000000000000000aa010000000000000000aa010000000000000000aa010000000000000000aa010000000000000000aa010000000000000000aa010000000000000000aa010000000000000000aa010000000000000000aa010000000000000000aa0100000000
01:07:30.582 [DEBUG] [serial] RX 128 bytes: 00000000aa010000000000000000aa010000000000000000aa010000000000000000aa010000000000000000aa010000000000000000aa010000000000000000aa010000000000000000aa010000000000000000aa010000000000000000aa010000000000000000aa010000000000000000aa010000000000000000aa010000
01:07:30.582 [DEBUG] [serial] PKT #24500: flags=0x01 in=0 ds=0 flt=0
01:07:30.586 [DEBUG] [serial] RX 128 bytes: 000000000000aa010000000000000000aa010000000000000000aa010000000000000000aa010000000000000000aa010000000000000000aa010000000000000000aa010000000000000000aa010000000000000000aa010000000000000000aa010000000000000000aa010000000000000000aa010000000000000000aa01
01:07:30.590 [DEBUG] [serial] RX 128 bytes: 0000000000000000aa010000000000000000aa010000000000000000aa010000000000000000aa010000000000000000aa010000000000000000aa010000000000000000aa010000000000000000aa010000000000000000aa010000000000000000aa010000000000000000aa010000000000000000aa010000000000000000
01:07:30.594 [DEBUG] [serial] RX 128 bytes: aa010000000000000000aa010000000000000000aa010000000000000000aa010000000000000000aa010000000000000000aa010000000000000000aa010000000000000000aa010000000000000000aa010000000000000000aa010000000000000000aa010000000000000000aa010000000000000000aa01000000000000
01:07:30.598 [DEBUG] [serial] RX 128 bytes: 0000aa010000000000000000aa010000000000000000aa010000000000000000aa010000000000000000aa010000000000000000aa010000000000000000aa010000000000000000aa010000000000000000aa010000000000000000aa010000000000000000aa010000000000000000aa010000000000000000aa0100000000
01:07:30.602 [DEBUG] [serial] RX 128 bytes: 00000000aa010000000000000000aa010000000000000000aa010000000000000000aa010000000000000000aa010000000000000000aa010000000000000000aa010000000000000000aa010000000000000000aa010000000000000000aa010000000000000000aa010000000000000000aa010000000000000000aa010000
01:07:30.606 [DEBUG] [serial] RX 128 bytes: 000000000000aa010000000000000000aa010000000000000000aa010000000000000000aa010000000000000000aa010000000000000000aa010000000000000000aa010000000000000000aa010000000000000000aa010000000000000000aa010000000000000000aa010000000000000000aa010000000000000000aa01
01:07:30.610 [DEBUG] [serial] RX 128 bytes: 0000000000000000aa010000000000000000aa010000000000000000aa010000000000000000aa010000000000000000aa010000000000000000aa010000000000000000aa010000000000000000aa010000000000000000aa010000000000000000aa010000000000000000aa010000000000000000aa010000000000000000
01:07:30.614 [DEBUG] [serial] RX 128 bytes: aa010000000000000000aa010000000000000000aa010000000000000000aa010000000000000000aa010000000000000000aa010000000000000000aa010000000000000000aa010000000000000000aa010000000000000000aa010000000000000000aa010000000000000000aa010000000000000000aa01000000000000
01:07:30.618 [DEBUG] [serial] RX 128 bytes: 0000aa010000000000000000aa010000000000000000aa010000000000000000aa010000000000000000aa010000000000000000aa010000000000000000aa010000000000000000aa010000000000000000aa010000000000000000aa010000000000000000aa010000000000000000aa010000000000000000aa0100000000
01:07:30.622 [DEBUG] [serial] RX 128 bytes: 00000000aa010000000000000000aa010000000000000000aa010000000000000000aa010000000000000000aa010000000000000000aa010000000000000000aa010000000000000000aa010000000000000000aa010000000000000000aa010000000000000000aa010000000000000000aa010000000000000000aa010000
01:07:30.626 [DEBUG] [serial] RX 128 bytes: 000000000000aa010000000000000000aa010000000000000000aa010000000000000000aa010000000000000000aa010000000000000000aa010000000000000000aa010000000000000000aa010000000000000000aa010000000000000000aa010000000000000000aa010000000000000000aa010000000000000000aa01
01:07:30.630 [DEBUG] [serial] RX 128 bytes: 0000000000000000aa010000000000000000aa010000000000000000aa010000000000000000aa010000000000000000aa010000000000000000aa010000000000000000aa010000000000000000aa010000000000000000aa010000000000000000aa010000000000000000aa010000000000000000aa010000000000000000
01:07:30.634 [DEBUG] [serial] RX 128 bytes: aa010000000000000000aa010000000000000000aa010000000000000000aa010000000000000000aa010000000000000000aa010000000000000000aa010000000000000000aa010000000000000000aa010000000000000000aa010000000000000000aa010000000000000000aa010000000000000000aa01000000000000
01:07:30.638 [DEBUG] [serial] RX 128 bytes: 0000aa010000000000000000aa010000000000000000aa010000000000000000aa010000000000000000aa010000000000000000aa010000000000000000aa010000000000000000aa010000000000000000aa010000000000000000aa010000000000000000aa010000000000000000aa010000000000000000aa0100000000
01:07:30.642 [DEBUG] [serial] RX 128 bytes: 00000000aa010000000000000000aa010000000000000000aa010000000000000000aa010000000000000000aa010000000000000000aa010000000000000000aa010000000000000000aa010000000000000000aa010000000000000000aa010000000000000000aa010000000000000000aa010000000000000000aa010000
01:07:30.646 [DEBUG] [serial] RX 128 bytes: 000000000000aa010000000000000000aa010000000000000000aa010000000000000000aa010000000000000000aa010000000000000000aa010000000000000000aa010000000000000000aa010000000000000000aa010000000000000000aa010000000000000000aa010000000000000000aa010000000000000000aa01
01:07:30.650 [DEBUG] [serial] RX 128 bytes: 0000000000000000aa010000000000000000aa010000000000000000aa010000000000000000aa010000000000000000aa010000000000000000aa010000000000000000aa010000000000000000aa010000000000000000aa010000000000000000aa010000000000000000aa010000000000000000aa010000000000000000
01:07:30.654 [DEBUG] [serial] RX 128 bytes: aa010000000000000000aa010000000000000000aa010000000000000000aa010000000000000000aa010000000000000000aa010000000000000000aa010000000000000000aa010000000000000000aa010000000000000000aa010000000000000000aa010000000000000000aa010000000000000000aa01000000000000
01:07:30.658 [DEBUG] [serial] RX 128 bytes: 0000aa010000000000000000aa010000000000000000aa010000000000000000aa010000000000000000aa010000000000000000aa010000000000000000aa010000000000000000aa010000000000000000aa010000000000000000aa010000000000000000aa010000000000000000aa010000000000000000aa0100000000
01:07:30.662 [DEBUG] [serial] RX 128 bytes: 00000000aa010000000000000000aa010000000000000000aa010000000000000000aa010000000000000000aa010000000000000000aa010000000000000000aa010000000000000000aa010000000000000000aa010000000000000000aa010000000000000000aa010000000000000000aa010000000000000000aa010000
01:07:30.666 [DEBUG] [serial] RX 128 bytes: 000000000000aa010000000000000000aa010000000000000000aa010000000000000000aa010000000000000000aa010000000000000000aa010000000000000000aa010000000000000000aa010000000000000000aa010000000000000000aa010000000000000000aa010000000000000000aa010000000000000000aa01
01:07:30.670 [DEBUG] [serial] RX 128 bytes: 0000000000000000aa010000000000000000aa010000000000000000aa010000000000000000aa010000000000000000aa010000000000000000aa010000000000000000aa010000000000000000aa010000000000000000aa010000000000000000aa010000000000000000aa010000000000000000aa010000000000000000
01:07:30.673 [DEBUG] [serial] RX 128 bytes: aa010000000000000000aa010000000000000000aa010000000000000000aa010000000000000000aa010000000000000000aa010000000000000000aa010000000000000000aa010000000000000000aa010000000000000000aa010000000000000000aa010000000000000000aa010000000000000000aa01000000000000
01:07:30.677 [DEBUG] [serial] RX 128 bytes: 0000aa010000000000000000aa010000000000000000aa010000000000000000aa010000000000000000aa010000000000000000aa010000000000000000aa010000000000000000aa010000000000000000aa010000000000000000aa010000000000000000aa010000000000000000aa010000000000000000aa0100000000
01:07:30.681 [DEBUG] [serial] RX 128 bytes: 00000000aa010000000000000000aa010000000000000000aa010000000000000000aa010000000000000000aa010000000000000000aa010000000000000000aa010000000000000000aa010000000000000000aa010000000000000000aa010000000000000000aa010000000000000000aa010000000000000000aa010000
01:07:30.686 [DEBUG] [serial] RX 128 bytes: 000000000000aa010000000000000000aa010000000000000000aa010000000000000000aa010000000000000000aa010000000000000000aa010000000000000000aa010000000000000000aa010000000000000000aa010000000000000000aa010000000000000000aa010000000000000000aa010000000000000000aa01
01:07:30.689 [DEBUG] [serial] RX 128 bytes: 0000000000000000aa010000000000000000aa010000000000000000aa010000000000000000aa010000000000000000aa010000000000000000aa010000000000000000aa010000000000000000aa010000000000000000aa010000000000000000aa010000000000000000aa010000000000000000aa010000000000000000
01:07:30.693 [DEBUG] [serial] RX 128 bytes: aa010000000000000000aa010000000000000000aa010000000000000000aa010000000000000000aa010000000000000000aa010000000000000000aa010000000000000000aa010000000000000000aa010000000000000000aa010000000000000000aa010000000000000000aa010000000000000000aa01000000000000
01:07:30.697 [DEBUG] [serial] RX 128 bytes: 0000aa010000000000000000aa010000000000000000aa010000000000000000aa010000000000000000aa010000000000000000aa010000000000000000aa010000000000000000aa010000000000000000aa010000000000000000aa010000000000000000aa010000000000000000aa010000000000000000aa0100000000
01:07:30.701 [DEBUG] [serial] RX 128 bytes: 00000000aa010000000000000000aa010000000000000000aa010000000000000000aa010000000000000000aa010000000000000000aa010000000000000000aa010000000000000000aa010000000000000000aa010000000000000000aa010000000000000000aa010000000000000000aa010000000000000000aa010000
01:07:30.705 [DEBUG] [serial] RX 128 bytes: 000000000000aa010000000000000000aa010000000000000000aa010000000000000000aa010000000000000000aa010000000000000000aa010000000000000000aa010000000000000000aa010000000000000000aa010000000000000000aa010000000000000000aa010000000000000000aa010000000000000000aa01
01:07:30.709 [DEBUG] [serial] RX 128 bytes: 0000000000000000aa010000000000000000aa010000000000000000aa010000000000000000aa010000000000000000aa010000000000000000aa010000000000000000aa010000000000000000aa010000000000000000aa010000000000000000aa010000000000000000aa010000000000000000aa010000000000000000
01:07:30.713 [DEBUG] [serial] RX 128 bytes: aa010000000000000000aa010000000000000000aa010000000000000000aa010000000000000000aa010000000000000000aa010000000000000000aa010000000000000000aa010000000000000000aa010000000000000000aa010000000000000000aa010000000000000000aa010000000000000000aa01000000000000
01:07:30.717 [DEBUG] [serial] RX 128 bytes: 0000aa010000000000000000aa010000000000000000aa010000000000000000aa010000000000000000aa010000000000000000aa010000000000000000aa010000000000000000aa010000000000000000aa010000000000000000aa010000000000000000aa010000000000000000aa010000000000000000aa0100000000
01:07:30.721 [DEBUG] [serial] RX 128 bytes: 00000000aa010000000000000000aa010000000000000000aa010000000000000000aa010000000000000000aa010000000000000000aa010000000000000000aa010000000000000000aa010000000000000000aa010000000000000000aa010000000000000000aa010000000000000000aa010000000000000000aa010000
01:07:30.725 [DEBUG] [serial] RX 128 bytes: 000000000000aa010000000000000000aa010000000000000000aa010000000000000000aa010000000000000000aa010000000000000000aa010000000000000000aa010000000000000000aa010000000000000000aa010000000000000000aa010000000000000000aa010000000000000000aa010000000000000000aa01
01:07:30.729 [DEBUG] [serial] RX 128 bytes: 0000000000000000aa010000000000000000aa010000000000000000aa010000000000000000aa010000000000000000aa010000000000000000aa010000000000000000aa010000000000000000aa010000000000000000aa010000000000000000aa010000000000000000aa010000000000000000aa010000000000000000
01:07:30.733 [DEBUG] [serial] RX 128 bytes: aa010000000000000000aa010000000000000000aa010000000000000000aa010000000000000000aa010000000000000000aa010000000000000000aa010000000000000000aa010000000000000000aa010000000000000000aa010000000000000000aa010000000000000000aa010000000000000000aa01000000000000
01:07:30.737 [DEBUG] [serial] RX 128 bytes: 0000aa010000000000000000aa010000000000000000aa010000000000000000aa010000000000000000aa010000000000000000aa010000000000000000aa010000000000000000aa010000000000000000aa010000000000000000aa010000000000000000aa010000000000000000aa010000000000000000aa0100000000
01:07:30.737 [DEBUG] [serial] PKT #25000: flags=0x01 in=0 ds=0 flt=0
01:07:30.741 [DEBUG] [serial] RX 128 bytes: 00000000aa010000000000000000aa010000000000000000aa010000000000000000aa010000000000000000aa010000000000000000aa010000000000000000aa010000000000000000aa010000000000000000aa010000000000000000aa010000000000000000aa010000000000000000aa010000000000000000aa010000
01:07:30.745 [DEBUG] [serial] RX 128 bytes: 000000000000aa010000000000000000aa010000000000000000aa010000000000000000aa010000000000000000aa010000000000000000aa010000000000000000aa010000000000000000aa010000000000000000aa010000000000000000aa010000000000000000aa010000000000000000aa010000000000000000aa01
01:07:30.749 [DEBUG] [serial] RX 128 bytes: 0000000000000000aa010000000000000000aa010000000000000000aa010000000000000000aa010000000000000000aa010000000000000000aa010000000000000000aa010000000000000000aa010000000000000000aa010000000000000000aa010000000000000000aa010000000000000000aa010000000000000000
01:07:30.753 [DEBUG] [serial] RX 128 bytes: aa010000000000000000aa010000000000000000aa010000000000000000aa010000000000000000aa010000000000000000aa010000000000000000aa010000000000000000aa010000000000000000aa010000000000000000aa010000000000000000aa010000000000000000aa010000000000000000aa01000000000000
01:07:30.757 [DEBUG] [serial] RX 128 bytes: 0000aa010000000000000000aa010000000000000000aa010000000000000000aa010000000000000000aa010000000000000000aa010000000000000000aa010000000000000000aa010000000000000000aa010000000000000000aa010000000000000000aa010000000000000000aa010000000000000000aa0100000000
01:07:30.761 [DEBUG] [serial] RX 128 bytes: 00000000aa010000000000000000aa010000000000000000aa010000000000000000aa010000000000000000aa010000000000000000aa010000000000000000aa010000000000000000aa010000000000000000aa010000000000000000aa010000000000000000aa010000000000000000aa010000000000000000aa010000
01:07:30.765 [DEBUG] [serial] RX 128 bytes: 000000000000aa010000000000000000aa010000000000000000aa010000000000000000aa010000000000000000aa010000000000000000aa010000000000000000aa010000000000000000aa010000000000000000aa010000000000000000aa010000000000000000aa010000000000000000aa010000000000000000aa01
01:07:30.769 [DEBUG] [serial] RX 128 bytes: 0000000000000000aa010000000000000000aa010000000000000000aa010000000000000000aa010000000000000000aa010000000000000000aa010000000000000000aa010000000000000000aa010000000000000000aa010000000000000000aa010000000000000000aa010000000000000000aa010000000000000000
01:07:30.773 [DEBUG] [serial] RX 128 bytes: aa010000000000000000aa010000000000000000aa010000000000000000aa010000000000000000aa010000000000000000aa010000000000000000aa010000000000000000aa010000000000000000aa010000000000000000aa010000000000000000aa010000000000000000aa010000000000000000aa01000000000000
01:07:30.777 [DEBUG] [serial] RX 128 bytes: 0000aa010000000000000000aa010000000000000000aa010000000000000000aa010000000000000000aa010000000000000000aa010000000000000000aa010000000000000000aa010000000000000000aa010000000000000000aa010000000000000000aa010000000000000000aa010000000000000000aa0100000000
01:07:30.781 [DEBUG] [serial] RX 128 bytes: 00000000aa010000000000000000aa010000000000000000aa010000000000000000aa010000000000000000aa010000000000000000aa010000000000000000aa010000000000000000aa010000000000000000aa010000000000000000aa010000000000000000aa010000000000000000aa010000000000000000aa010000
01:07:30.785 [DEBUG] [serial] RX 128 bytes: 000000000000aa010000000000000000aa010000000000000000aa010000000000000000aa010000000000000000aa010000000000000000aa010000000000000000aa010000000000000000aa010000000000000000aa010000000000000000aa010000000000000000aa010000000000000000aa010000000000000000aa01
01:07:30.789 [DEBUG] [serial] RX 128 bytes: 0000000000000000aa010000000000000000aa010000000000000000aa010000000000000000aa010000000000000000aa010000000000000000aa010000000000000000aa010000000000000000aa010000000000000000aa010000000000000000aa010000000000000000aa010000000000000000aa010000000000000000
01:07:30.793 [DEBUG] [serial] RX 128 bytes: aa010000000000000000aa010000000000000000aa010000000000000000aa010000000000000000aa010000000000000000aa010000000000000000aa010000000000000000aa010000000000000000aa010000000000000000aa010000000000000000aa010000000000000000aa010000000000000000aa01000000000000
01:07:30.797 [DEBUG] [serial] RX 128 bytes: 0000aa010000000000000000aa010000000000000000aa010000000000000000aa010000000000000000aa010000000000000000aa010000000000000000aa010000000000000000aa010000000000000000aa010000000000000000aa010000000000000000aa010000000000000000aa010000000000000000aa0100000000
01:07:30.801 [DEBUG] [serial] RX 128 bytes: 00000000aa010000000000000000aa010000000000000000aa010000000000000000aa010000000000000000aa010000000000000000aa010000000000000000aa010000000000000000aa010000000000000000aa010000000000000000aa010000000000000000aa010000000000000000aa010000000000000000aa010000
01:07:30.805 [DEBUG] [serial] RX 128 bytes: 000000000000aa010000000000000000aa010000000000000000aa010000000000000000aa010000000000000000aa010000000000000000aa010000000000000000aa010000000000000000aa010000000000000000aa010000000000000000aa010000000000000000aa010000000000000000aa010000000000000000aa01
01:07:30.808 [DEBUG] [serial] RX 128 bytes: 0000000000000000aa010000000000000000aa010000000000000000aa010000000000000000aa010000000000000000aa010000000000000000aa010000000000000000aa010000000000000000aa010000000000000000aa010000000000000000aa010000000000000000aa010000000000000000aa010000000000000000
01:07:30.812 [DEBUG] [serial] RX 128 bytes: aa010000000000000000aa010000000000000000aa010000000000000000aa010000000000000000aa010000000000000000aa010000000000000000aa010000000000000000aa010000000000000000aa010000000000000000aa010000000000000000aa010000000000000000aa010000000000000000aa01000000000000
01:07:30.817 [DEBUG] [serial] RX 128 bytes: 0000aa010000000000000000aa010000000000000000aa010000000000000000aa010000000000000000aa010000000000000000aa010000000000000000aa010000000000000000aa010000000000000000aa010000000000000000aa010000000000000000aa010000000000000000aa010000000000000000aa0100000000
01:07:30.821 [DEBUG] [serial] RX 128 bytes: 00000000aa010000000000000000aa010000000000000000aa010000000000000000aa010000000000000000aa010000000000000000aa010000000000000000aa010000000000000000aa010000000000000000aa010000000000000000aa010000000000000000aa010000000000000000aa010000000000000000aa010000
01:07:30.825 [DEBUG] [serial] RX 128 bytes: 000000000000aa010000000000000000aa010000000000000000aa010000000000000000aa010000000000000000aa010000000000000000aa010000000000000000aa010000000000000000aa010000000000000000aa010000000000000000aa010000000000000000aa010000000000000000aa010000000000000000aa01
01:07:30.828 [DEBUG] [serial] RX 128 bytes: 0000000000000000aa010000000000000000aa010000000000000000aa010000000000000000aa010000000000000000aa010000000000000000aa010000000000000000aa010000000000000000aa010000000000000000aa010000000000000000aa010000000000000000aa010000000000000000aa010000000000000000
01:07:30.832 [DEBUG] [serial] RX 128 bytes: aa010000000000000000aa010000000000000000aa010000000000000000aa010000000000000000aa010000000000000000aa010000000000000000aa010000000000000000aa010000000000000000aa010000000000000000aa010000000000000000aa010000000000000000aa010000000000000000aa01000000000000
01:07:30.836 [DEBUG] [serial] RX 128 bytes: 0000aa010000000000000000aa010000000000000000aa010000000000000000aa010000000000000000aa010000000000000000aa010000000000000000aa010000000000000000aa010000000000000000aa010000000000000000aa010000000000000000aa010000000000000000aa010000000000000000aa0100000000
01:07:30.840 [DEBUG] [serial] RX 128 bytes: 00000000aa010000000000000000aa010000000000000000aa010000000000000000aa010000000000000000aa010000000000000000aa010000000000000000aa010000000000000000aa010000000000000000aa010000000000000000aa010000000000000000aa010000000000000000aa010000000000000000aa010000
01:07:30.844 [DEBUG] [serial] RX 128 bytes: 000000000000aa010000000000000000aa010000000000000000aa010000000000000000aa010000000000000000aa010000000000000000aa010000000000000000aa010000000000000000aa010000000000000000aa010000000000000000aa010000000000000000aa010000000000000000aa010000000000000000aa01
01:07:30.848 [DEBUG] [serial] RX 128 bytes: 0000000000000000aa010000000000000000aa010000000000000000aa010000000000000000aa010000000000000000aa010000000000000000aa010000000000000000aa010000000000000000aa010000000000000000aa010000000000000000aa010000000000000000aa010000000000000000aa010000000000000000
01:07:30.852 [DEBUG] [serial] RX 128 bytes: aa010000000000000000aa010000000000000000aa010000000000000000aa010000000000000000aa010000000000000000aa010000000000000000aa010000000000000000aa010000000000000000aa010000000000000000aa010000000000000000aa010000000000000000aa010000000000000000aa01000000000000
01:07:30.857 [DEBUG] [serial] RX 128 bytes: 0000aa010000000000000000aa010000000000000000aa010000000000000000aa010000000000000000aa010000000000000000aa010000000000000000aa010000000000000000aa010000000000000000aa010000000000000000aa010000000000000000aa010000000000000000aa010000000000000000aa0100000000
01:07:30.860 [DEBUG] [serial] RX 128 bytes: 00000000aa010000000000000000aa010000000000000000aa010000000000000000aa010000000000000000aa010000000000000000aa010000000000000000aa010000000000000000aa010000000000000000aa010000000000000000aa010000000000000000aa010000000000000000aa010000000000000000aa010000
01:07:30.864 [DEBUG] [serial] RX 128 bytes: 000000000000aa010000000000000000aa010000000000000000aa010000000000000000aa010000000000000000aa010000000000000000aa010000000000000000aa010000000000000000aa010000000000000000aa010000000000000000aa010000000000000000aa010000000000000000aa010000000000000000aa01
01:07:30.868 [DEBUG] [serial] RX 128 bytes: 0000000000000000aa010000000000000000aa010000000000000000aa010000000000000000aa010000000000000000aa010000000000000000aa010000000000000000aa010000000000000000aa010000000000000000aa010000000000000000aa010000000000000000aa010000000000000000aa010000000000000000
01:07:30.872 [DEBUG] [serial] RX 128 bytes: aa010000000000000000aa010000000000000000aa010000000000000000aa010000000000000000aa010000000000000000aa010000000000000000aa010000000000000000aa010000000000000000aa010000000000000000aa010000000000000000aa010000000000000000aa010000000000000000aa01000000000000
01:07:30.876 [DEBUG] [serial] RX 128 bytes: 0000aa010000000000000000aa010000000000000000aa010000000000000000aa010000000000000000aa010000000000000000aa010000000000000000aa010000000000000000aa010000000000000000aa010000000000000000aa010000000000000000aa010000000000000000aa010000000000000000aa0100000000
01:07:30.880 [DEBUG] [serial] RX 128 bytes: 00000000aa010000000000000000aa010000000000000000aa010000000000000000aa010000000000000000aa010000000000000000aa010000000000000000aa010000000000000000aa010000000000000000aa010000000000000000aa010000000000000000aa010000000000000000aa010000000000000000aa010000
01:07:30.884 [DEBUG] [serial] RX 128 bytes: 000000000000aa010000000000000000aa010000000000000000aa010000000000000000aa010000000000000000aa010000000000000000aa010000000000000000aa010000000000000000aa010000000000000000aa010000000000000000aa010000000000000000aa010000000000000000aa010000000000000000aa01
01:07:30.888 [DEBUG] [serial] RX 128 bytes: 0000000000000000aa010000000000000000aa010000000000000000aa010000000000000000aa010000000000000000aa010000000000000000aa010000000000000000aa010000000000000000aa010000000000000000aa010000000000000000aa010000000000000000aa010000000000000000aa010000000000000000
01:07:30.892 [DEBUG] [serial] RX 128 bytes: aa010000000000000000aa010000000000000000aa010000000000000000aa010000000000000000aa010000000000000000aa010000000000000000aa010000000000000000aa010000000000000000aa010000000000000000aa010000000000000000aa010000000000000000aa010000000000000000aa01000000000000
01:07:30.892 [DEBUG] [serial] PKT #25500: flags=0x01 in=0 ds=0 flt=0
01:07:30.896 [DEBUG] [serial] RX 128 bytes: 0000aa010000000000000000aa010000000000000000aa010000000000000000aa010000000000000000aa010000000000000000aa010000000000000000aa010000000000000000aa010000000000000000aa010000000000000000aa010000000000000000aa010000000000000000aa010000000000000000aa0100000000
01:07:30.900 [DEBUG] [serial] RX 128 bytes: 00000000aa010000000000000000aa010000000000000000aa010000000000000000aa010000000000000000aa010000000000000000aa010000000000000000aa010000000000000000aa010000000000000000aa010000000000000000aa010000000000000000aa010000000000000000aa010000000000000000aa010000
01:07:30.904 [DEBUG] [serial] RX 128 bytes: 000000000000aa010000000000000000aa010000000000000000aa010000000000000000aa010000000000000000aa010000000000000000aa010000000000000000aa010000000000000000aa010000000000000000aa010000000000000000aa010000000000000000aa010000000000000000aa010000000000000000aa01
01:07:30.908 [DEBUG] [serial] RX 128 bytes: 0000000000000000aa010000000000000000aa010000000000000000aa010000000000000000aa010000000000000000aa010000000000000000aa010000000000000000aa010000000000000000aa010000000000000000aa010000000000000000aa010000000000000000aa010000000000000000aa010000000000000000
01:07:30.912 [DEBUG] [serial] RX 128 bytes: aa010000000000000000aa010000000000000000aa010000000000000000aa010000000000000000aa010000000000000000aa010000000000000000aa010000000000000000aa010000000000000000aa010000000000000000aa010000000000000000aa010000000000000000aa010000000000000000aa01000000000000
01:07:30.916 [DEBUG] [serial] RX 128 bytes: 0000aa010000000000000000aa010000000000000000aa010000000000000000aa010000000000000000aa010000000000000000aa010000000000000000aa010000000000000000aa010000000000000000aa010000000000000000aa010000000000000000aa010000000000000000aa010000000000000000aa0100000000
01:07:30.920 [DEBUG] [serial] RX 128 bytes: 00000000aa010000000000000000aa010000000000000000aa010000000000000000aa010000000000000000aa010000000000000000aa010000000000000000aa010000000000000000aa010000000000000000aa010000000000000000aa010000000000000000aa010000000000000000aa010000000000000000aa010000
01:07:30.924 [DEBUG] [serial] RX 128 bytes: 000000000000aa010000000000000000aa010000000000000000aa010000000000000000aa010000000000000000aa010000000000000000aa010000000000000000aa010000000000000000aa010000000000000000aa010000000000000000aa010000000000000000aa010000000000000000aa010000000000000000aa01
01:07:30.928 [DEBUG] [serial] RX 128 bytes: 0000000000000000aa010000000000000000aa010000000000000000aa010000000000000000aa010000000000000000aa010000000000000000aa010000000000000000aa010000000000000000aa010000000000000000aa010000000000000000aa010000000000000000aa010000000000000000aa010000000000000000
01:07:30.932 [DEBUG] [serial] RX 128 bytes: aa010000000000000000aa010000000000000000aa010000000000000000aa010000000000000000aa010000000000000000aa010000000000000000aa010000000000000000aa010000000000000000aa010000000000000000aa010000000000000000aa010000000000000000aa010000000000000000aa01000000000000
01:07:30.936 [DEBUG] [serial] RX 128 bytes: 0000aa010000000000000000aa010000000000000000aa010000000000000000aa010000000000000000aa010000000000000000aa010000000000000000aa010000000000000000aa010000000000000000aa010000000000000000aa010000000000000000aa010000000000000000aa010000000000000000aa0100000000
01:07:30.940 [DEBUG] [serial] RX 128 bytes: 00000000aa010000000000000000aa010000000000000000aa010000000000000000aa010000000000000000aa010000000000000000aa010000000000000000aa010000000000000000aa010000000000000000aa010000000000000000aa010000000000000000aa010000000000000000aa010000000000000000aa010000
01:07:30.944 [DEBUG] [serial] RX 128 bytes: 000000000000aa010000000000000000aa010000000000000000aa010000000000000000aa010000000000000000aa010000000000000000aa010000000000000000aa010000000000000000aa010000000000000000aa010000000000000000aa010000000000000000aa010000000000000000aa010000000000000000aa01
01:07:30.948 [DEBUG] [serial] RX 128 bytes: 0000000000000000aa010000000000000000aa010000000000000000aa010000000000000000aa010000000000000000aa010000000000000000aa010000000000000000aa010000000000000000aa010000000000000000aa010000000000000000aa010000000000000000aa010000000000000000aa010000000000000000
01:07:30.952 [DEBUG] [serial] RX 128 bytes: aa010000000000000000aa010000000000000000aa010000000000000000aa010000000000000000aa010000000000000000aa010000000000000000aa010000000000000000aa010000000000000000aa010000000000000000aa010000000000000000aa010000000000000000aa010000000000000000aa01000000000000
01:07:30.956 [DEBUG] [serial] RX 128 bytes: 0000aa010000000000000000aa010000000000000000aa010000000000000000aa010000000000000000aa010000000000000000aa010000000000000000aa010000000000000000aa010000000000000000aa010000000000000000aa010000000000000000aa010000000000000000aa010000000000000000aa0100000000
01:07:30.960 [DEBUG] [serial] RX 128 bytes: 00000000aa010000000000000000aa010000000000000000aa010000000000000000aa010000000000000000aa010000000000000000aa010000000000000000aa010000000000000000aa010000000000000000aa010000000000000000aa010000000000000000aa010000000000000000aa010000000000000000aa010000
01:07:30.964 [DEBUG] [serial] RX 128 bytes: 000000000000aa010000000000000000aa010000000000000000aa010000000000000000aa010000000000000000aa010000000000000000aa010000000000000000aa010000000000000000aa010000000000000000aa010000000000000000aa010000000000000000aa010000000000000000aa010000000000000000aa01
01:07:30.967 [DEBUG] [serial] RX 128 bytes: 0000000000000000aa010000000000000000aa010000000000000000aa010000000000000000aa010000000000000000aa010000000000000000aa010000000000000000aa010000000000000000aa010000000000000000aa010000000000000000aa010000000000000000aa010000000000000000aa010000000000000000
01:07:30.971 [DEBUG] [serial] RX 128 bytes: aa010000000000000000aa010000000000000000aa010000000000000000aa010000000000000000aa010000000000000000aa010000000000000000aa010000000000000000aa010000000000000000aa010000000000000000aa010000000000000000aa010000000000000000aa010000000000000000aa01000000000000
01:07:30.975 [DEBUG] [serial] RX 128 bytes: 0000aa010000000000000000aa010000000000000000aa010000000000000000aa010000000000000000aa010000000000000000aa010000000000000000aa010000000000000000aa010000000000000000aa010000000000000000aa010000000000000000aa010000000000000000aa010000000000000000aa0100000000
01:07:30.980 [DEBUG] [serial] RX 128 bytes: 00000000aa010000000000000000aa010000000000000000aa010000000000000000aa010000000000000000aa010000000000000000aa010000000000000000aa010000000000000000aa010000000000000000aa010000000000000000aa010000000000000000aa010000000000000000aa010000000000000000aa010000
01:07:30.984 [DEBUG] [serial] RX 128 bytes: 000000000000aa010000000000000000aa010000000000000000aa010000000000000000aa010000000000000000aa010000000000000000aa010000000000000000aa010000000000000000aa010000000000000000aa010000000000000000aa010000000000000000aa010000000000000000aa010000000000000000aa01
01:07:30.987 [DEBUG] [serial] RX 128 bytes: 0000000000000000aa010000000000000000aa010000000000000000aa010000000000000000aa010000000000000000aa010000000000000000aa010000000000000000aa010000000000000000aa010000000000000000aa010000000000000000aa010000000000000000aa010000000000000000aa010000000000000000
01:07:30.991 [DEBUG] [serial] RX 128 bytes: aa010000000000000000aa010000000000000000aa010000000000000000aa010000000000000000aa010000000000000000aa010000000000000000aa010000000000000000aa010000000000000000aa010000000000000000aa010000000000000000aa010000000000000000aa010000000000000000aa01000000000000
01:07:30.995 [DEBUG] [serial] RX 128 bytes: 0000aa010000000000000000aa010000000000000000aa010000000000000000aa010000000000000000aa010000000000000000aa010000000000000000aa010000000000000000aa010000000000000000aa010000000000000000aa010000000000000000aa010000000000000000aa010000000000000000aa0100000000
01:07:30.999 [DEBUG] [serial] RX 128 bytes: 00000000aa010000000000000000aa010000000000000000aa010000000000000000aa010000000000000000aa010000000000000000aa010000000000000000aa010000000000000000aa010000000000000000aa010000000000000000aa010000000000000000aa010000000000000000aa010000000000000000aa010000
01:07:31.003 [DEBUG] [serial] RX 128 bytes: 000000000000aa010000000000000000aa010000000000000000aa010000000000000000aa010000000000000000aa010000000000000000aa010000000000000000aa010000000000000000aa010000000000000000aa010000000000000000aa010000000000000000aa010000000000000000aa010000000000000000aa01
01:07:31.007 [DEBUG] [serial] RX 128 bytes: 0000000000000000aa010000000000000000aa010000000000000000aa010000000000000000aa010000000000000000aa010000000000000000aa010000000000000000aa010000000000000000aa010000000000000000aa010000000000000000aa010000000000000000aa010000000000000000aa010000000000000000
01:07:31.011 [DEBUG] [serial] RX 128 bytes: aa010000000000000000aa010000000000000000aa010000000000000000aa010000000000000000aa010000000000000000aa010000000000000000aa010000000000000000aa010000000000000000aa010000000000000000aa010000000000000000aa010000000000000000aa010000000000000000aa01000000000000
01:07:31.015 [DEBUG] [serial] RX 128 bytes: 0000aa010000000000000000aa010000000000000000aa010000000000000000aa010000000000000000aa010000000000000000aa010000000000000000aa010000000000000000aa010000000000000000aa010000000000000000aa010000000000000000aa010000000000000000aa010000000000000000aa0100000000
01:07:31.019 [DEBUG] [serial] RX 128 bytes: 00000000aa010000000000000000aa010000000000000000aa010000000000000000aa010000000000000000aa010000000000000000aa010000000000000000aa010000000000000000aa010000000000000000aa010000000000000000aa010000000000000000aa010000000000000000aa010000000000000000aa010000
01:07:31.023 [DEBUG] [serial] RX 128 bytes: 000000000000aa010000000000000000aa010000000000000000aa010000000000000000aa010000000000000000aa010000000000000000aa010000000000000000aa010000000000000000aa010000000000000000aa010000000000000000aa010000000000000000aa010000000000000000aa010000000000000000aa01
01:07:31.027 [DEBUG] [serial] RX 128 bytes: 0000000000000000aa010000000000000000aa010000000000000000aa010000000000000000aa010000000000000000aa010000000000000000aa010000000000000000aa010000000000000000aa010000000000000000aa010000000000000000aa010000000000000000aa010000000000000000aa010000000000000000
01:07:31.031 [DEBUG] [serial] RX 128 bytes: aa010000000000000000aa010000000000000000aa010000000000000000aa010000000000000000aa010000000000000000aa010000000000000000aa010000000000000000aa010000000000000000aa010000000000000000aa010000000000000000aa010000000000000000aa010000000000000000aa01000000000000
01:07:31.035 [DEBUG] [serial] RX 128 bytes: 0000aa010000000000000000aa010000000000000000aa010000000000000000aa010000000000000000aa010000000000000000aa010000000000000000aa010000000000000000aa010000000000000000aa010000000000000000aa010000000000000000aa010000000000000000aa010000000000000000aa0100000000
01:07:31.039 [DEBUG] [serial] RX 128 bytes: 00000000aa010000000000000000aa010000000000000000aa010000000000000000aa010000000000000000aa010000000000000000aa010000000000000000aa010000000000000000aa010000000000000000aa010000000000000000aa010000000000000000aa010000000000000000aa010000000000000000aa010000
01:07:31.043 [DEBUG] [serial] RX 128 bytes: 000000000000aa010000000000000000aa010000000000000000aa010000000000000000aa010000000000000000aa010000000000000000aa010000000000000000aa010000000000000000aa010000000000000000aa010000000000000000aa010000000000000000aa010000000000000000aa010000000000000000aa01
01:07:31.047 [DEBUG] [serial] RX 128 bytes: 0000000000000000aa010000000000000000aa010000000000000000aa010000000000000000aa010000000000000000aa010000000000000000aa010000000000000000aa010000000000000000aa010000000000000000aa010000000000000000aa010000000000000000aa010000000000000000aa010000000000000000
01:07:31.048 [DEBUG] [serial] PKT #26000: flags=0x01 in=0 ds=0 flt=0
01:07:31.051 [DEBUG] [serial] RX 128 bytes: aa010000000000000000aa010000000000000000aa010000000000000000aa010000000000000000aa010000000000000000aa010000000000000000aa010000000000000000aa010000000000000000aa010000000000000000aa010000000000000000aa010000000000000000aa010000000000000000aa01000000000000
01:07:31.055 [DEBUG] [serial] RX 128 bytes: 0000aa010000000000000000aa010000000000000000aa010000000000000000aa010000000000000000aa010000000000000000aa010000000000000000aa010000000000000000aa010000000000000000aa010000000000000000aa010000000000000000aa010000000000000000aa010000000000000000aa0100000000
01:07:31.059 [DEBUG] [serial] RX 128 bytes: 00000000aa010000000000000000aa010000000000000000aa010000000000000000aa010000000000000000aa010000000000000000aa010000000000000000aa010000000000000000aa010000000000000000aa010000000000000000aa010000000000000000aa010000000000000000aa010000000000000000aa010000
01:07:31.063 [DEBUG] [serial] RX 128 bytes: 000000000000aa010000000000000000aa010000000000000000aa010000000000000000aa010000000000000000aa010000000000000000aa010000000000000000aa010000000000000000aa010000000000000000aa010000000000000000aa010000000000000000aa010000000000000000aa010000000000000000aa01
01:07:31.067 [DEBUG] [serial] RX 128 bytes: 0000000000000000aa010000000000000000aa010000000000000000aa010000000000000000aa010000000000000000aa010000000000000000aa010000000000000000aa010000000000000000aa010000000000000000aa010000000000000000aa010000000000000000aa010000000000000000aa010000000000000000
01:07:31.071 [DEBUG] [serial] RX 128 bytes: aa010000000000000000aa010000000000000000aa010000000000000000aa010000000000000000aa010000000000000000aa010000000000000000aa010000000000000000aa010000000000000000aa010000000000000000aa010000000000000000aa010000000000000000aa010000000000000000aa01000000000000
01:07:31.075 [DEBUG] [serial] RX 128 bytes: 0000aa010000000000000000aa010000000000000000aa010000000000000000aa010000000000000000aa010000000000000000aa010000000000000000aa010000000000000000aa010000000000000000aa010000000000000000aa010000000000000000aa010000000000000000aa010000000000000000aa0100000000
01:07:31.079 [DEBUG] [serial] RX 128 bytes: 00000000aa010000000000000000aa010000000000000000aa010000000000000000aa010000000000000000aa010000000000000000aa010000000000000000aa010000000000000000aa010000000000000000aa010000000000000000aa010000000000000000aa010000000000000000aa010000000000000000aa010000
01:07:31.083 [DEBUG] [serial] RX 128 bytes: 000000000000aa010000000000000000aa010000000000000000aa010000000000000000aa010000000000000000aa010000000000000000aa010000000000000000aa010000000000000000aa010000000000000000aa010000000000000000aa010000000000000000aa010000000000000000aa010000000000000000aa01
01:07:31.087 [DEBUG] [serial] RX 128 bytes: 0000000000000000aa010000000000000000aa010000000000000000aa010000000000000000aa010000000000000000aa010000000000000000aa010000000000000000aa010000000000000000aa010000000000000000aa010000000000000000aa010000000000000000aa010000000000000000aa010000000000000000
01:07:31.091 [DEBUG] [serial] RX 128 bytes: aa010000000000000000aa010000000000000000aa010000000000000000aa010000000000000000aa010000000000000000aa010000000000000000aa010000000000000000aa010000000000000000aa010000000000000000aa010000000000000000aa010000000000000000aa010000000000000000aa01000000000000
01:07:31.095 [DEBUG] [serial] RX 128 bytes: 0000aa010000000000000000aa010000000000000000aa010000000000000000aa010000000000000000aa010000000000000000aa010000000000000000aa010000000000000000aa010000000000000000aa010000000000000000aa010000000000000000aa010000000000000000aa010000000000000000aa0100000000
01:07:31.099 [DEBUG] [serial] RX 128 bytes: 00000000aa010000000000000000aa010000000000000000aa010000000000000000aa010000000000000000aa010000000000000000aa010000000000000000aa010000000000000000aa010000000000000000aa010000000000000000aa010000000000000000aa010000000000000000aa010000000000000000aa010000
01:07:31.103 [DEBUG] [serial] RX 128 bytes: 000000000000aa010000000000000000aa010000000000000000aa010000000000000000aa010000000000000000aa010000000000000000aa010000000000000000aa010000000000000000aa010000000000000000aa010000000000000000aa010000000000000000aa010000000000000000aa010000000000000000aa01
01:07:31.106 [DEBUG] [serial] RX 128 bytes: 0000000000000000aa010000000000000000aa010000000000000000aa010000000000000000aa010000000000000000aa010000000000000000aa010000000000000000aa010000000000000000aa010000000000000000aa010000000000000000aa010000000000000000aa010000000000000000aa010000000000000000
01:07:31.111 [DEBUG] [serial] RX 128 bytes: aa010000000000000000aa010000000000000000aa010000000000000000aa010000000000000000aa010000000000000000aa010000000000000000aa010000000000000000aa010000000000000000aa010000000000000000aa010000000000000000aa010000000000000000aa010000000000000000aa01000000000000
01:07:31.115 [DEBUG] [serial] RX 128 bytes: 0000aa010000000000000000aa010000000000000000aa010000000000000000aa010000000000000000aa010000000000000000aa010000000000000000aa010000000000000000aa010000000000000000aa010000000000000000aa010000000000000000aa010000000000000000aa010000000000000000aa0100000000
01:07:31.119 [DEBUG] [serial] RX 128 bytes: 00000000aa010000000000000000aa010000000000000000aa010000000000000000aa010000000000000000aa010000000000000000aa010000000000000000aa010000000000000000aa010000000000000000aa010000000000000000aa010000000000000000aa010000000000000000aa010000000000000000aa010000
01:07:31.123 [DEBUG] [serial] RX 128 bytes: 000000000000aa010000000000000000aa010000000000000000aa010000000000000000aa010000000000000000aa010000000000000000aa010000000000000000aa010000000000000000aa010000000000000000aa010000000000000000aa010000000000000000aa010000000000000000aa010000000000000000aa01
01:07:31.126 [DEBUG] [serial] RX 128 bytes: 0000000000000000aa010000000000000000aa010000000000000000aa010000000000000000aa010000000000000000aa010000000000000000aa010000000000000000aa010000000000000000aa010000000000000000aa010000000000000000aa010000000000000000aa010000000000000000aa010000000000000000
01:07:31.130 [DEBUG] [serial] RX 128 bytes: aa010000000000000000aa010000000000000000aa010000000000000000aa010000000000000000aa010000000000000000aa010000000000000000aa010000000000000000aa010000000000000000aa010000000000000000aa010000000000000000aa010000000000000000aa010000000000000000aa01000000000000
01:07:31.134 [DEBUG] [serial] RX 128 bytes: 0000aa010000000000000000aa010000000000000000aa010000000000000000aa010000000000000000aa010000000000000000aa010000000000000000aa010000000000000000aa010000000000000000aa010000000000000000aa010000000000000000aa010000000000000000aa010000000000000000aa0100000000
01:07:31.139 [DEBUG] [serial] RX 128 bytes: 00000000aa010000000000000000aa010000000000000000aa010000000000000000aa010000000000000000aa010000000000000000aa010000000000000000aa010000000000000000aa010000000000000000aa010000000000000000aa010000000000000000aa010000000000000000aa010000000000000000aa010000
01:07:31.143 [DEBUG] [serial] RX 128 bytes: 000000000000aa010000000000000000aa010000000000000000aa010000000000000000aa010000000000000000aa010000000000000000aa010000000000000000aa010000000000000000aa010000000000000000aa010000000000000000aa010000000000000000aa010000000000000000aa010000000000000000aa01
01:07:31.146 [DEBUG] [serial] RX 128 bytes: 0000000000000000aa010000000000000000aa010000000000000000aa010000000000000000aa010000000000000000aa010000000000000000aa010000000000000000aa010000000000000000aa010000000000000000aa010000000000000000aa010000000000000000aa010000000000000000aa010000000000000000
01:07:31.150 [DEBUG] [serial] RX 128 bytes: aa010000000000000000aa010000000000000000aa010000000000000000aa010000000000000000aa010000000000000000aa010000000000000000aa010000000000000000aa010000000000000000aa010000000000000000aa010000000000000000aa010000000000000000aa010000000000000000aa01000000000000
01:07:31.154 [DEBUG] [serial] RX 128 bytes: 0000aa010000000000000000aa010000000000000000aa010000000000000000aa010000000000000000aa010000000000000000aa010000000000000000aa010000000000000000aa010000000000000000aa010000000000000000aa010000000000000000aa010000000000000000aa010000000000000000aa0100000000
01:07:31.158 [DEBUG] [serial] RX 128 bytes: 00000000aa010000000000000000aa010000000000000000aa010000000000000000aa010000000000000000aa010000000000000000aa010000000000000000aa010000000000000000aa010000000000000000aa010000000000000000aa010000000000000000aa010000000000000000aa010000000000000000aa010000
01:07:31.162 [DEBUG] [serial] RX 128 bytes: 000000000000aa010000000000000000aa010000000000000000aa010000000000000000aa010000000000000000aa010000000000000000aa010000000000000000aa010000000000000000aa010000000000000000aa010000000000000000aa010000000000000000aa010000000000000000aa010000000000000000aa01
01:07:31.166 [DEBUG] [serial] RX 128 bytes: 0000000000000000aa010000000000000000aa010000000000000000aa010000000000000000aa010000000000000000aa010000000000000000aa010000000000000000aa010000000000000000aa010000000000000000aa010000000000000000aa010000000000000000aa010000000000000000aa010000000000000000
01:07:31.170 [DEBUG] [serial] RX 128 bytes: aa010000000000000000aa010000000000000000aa010000000000000000aa010000000000000000aa010000000000000000aa010000000000000000aa010000000000000000aa010000000000000000aa010000000000000000aa010000000000000000aa010000000000000000aa010000000000000000aa01000000000000
01:07:31.174 [DEBUG] [serial] RX 128 bytes: 0000aa010000000000000000aa010000000000000000aa010000000000000000aa010000000000000000aa010000000000000000aa010000000000000000aa010000000000000000aa010000000000000000aa010000000000000000aa010000000000000000aa010000000000000000aa010000000000000000aa0100000000
01:07:31.178 [DEBUG] [serial] RX 128 bytes: 00000000aa010000000000000000aa010000000000000000aa010000000000000000aa010000000000000000aa010000000000000000aa010000000000000000aa010000000000000000aa010000000000000000aa010000000000000000aa010000000000000000aa010000000000000000aa010000000000000000aa010000
01:07:31.182 [DEBUG] [serial] RX 128 bytes: 000000000000aa010000000000000000aa010000000000000000aa010000000000000000aa010000000000000000aa010000000000000000aa010000000000000000aa010000000000000000aa010000000000000000aa010000000000000000aa010000000000000000aa010000000000000000aa010000000000000000aa01
01:07:31.186 [DEBUG] [serial] RX 128 bytes: 0000000000000000aa010000000000000000aa010000000000000000aa010000000000000000aa010000000000000000aa010000000000000000aa010000000000000000aa010000000000000000aa010000000000000000aa010000000000000000aa010000000000000000aa010000000000000000aa010000000000000000
01:07:31.190 [DEBUG] [serial] RX 128 bytes: aa010000000000000000aa010000000000000000aa010000000000000000aa010000000000000000aa010000000000000000aa010000000000000000aa010000000000000000aa010000000000000000aa010000000000000000aa010000000000000000aa010000000000000000aa010000000000000000aa01000000000000
01:07:31.194 [DEBUG] [serial] RX 128 bytes: 0000aa010000000000000000aa010000000000000000aa010000000000000000aa010000000000000000aa010000000000000000aa010000000000000000aa010000000000000000aa010000000000000000aa010000000000000000aa010000000000000000aa010000000000000000aa010000000000000000aa0100000000
01:07:31.198 [DEBUG] [serial] RX 128 bytes: 00000000aa010000000000000000aa010000000000000000aa010000000000000000aa010000000000000000aa010000000000000000aa010000000000000000aa010000000000000000aa010000000000000000aa010000000000000000aa010000000000000000aa010000000000000000aa010000000000000000aa010000
01:07:31.202 [DEBUG] [serial] RX 128 bytes: 000000000000aa010000000000000000aa010000000000000000aa010000000000000000aa010000000000000000aa010000000000000000aa010000000000000000aa010000000000000000aa010000000000000000aa010000000000000000aa010000000000000000aa010000000000000000aa010000000000000000aa01
01:07:31.202 [DEBUG] [serial] PKT #26500: flags=0x01 in=0 ds=0 flt=0
01:07:31.206 [DEBUG] [serial] RX 128 bytes: 0000000000000000aa010000000000000000aa010000000000000000aa010000000000000000aa010000000000000000aa010000000000000000aa010000000000000000aa010000000000000000aa010000000000000000aa010000000000000000aa010000000000000000aa010000000000000000aa010000000000000000
01:07:31.210 [DEBUG] [serial] RX 128 bytes: aa010000000000000000aa010000000000000000aa010000000000000000aa010000000000000000aa010000000000000000aa010000000000000000aa010000000000000000aa010000000000000000aa010000000000000000aa010000000000000000aa010000000000000000aa010000000000000000aa01000000000000
01:07:31.214 [DEBUG] [serial] RX 128 bytes: 0000aa010000000000000000aa010000000000000000aa010000000000000000aa010000000000000000aa010000000000000000aa010000000000000000aa010000000000000000aa010000000000000000aa010000000000000000aa010000000000000000aa010000000000000000aa010000000000000000aa0100000000
01:07:31.218 [DEBUG] [serial] RX 128 bytes: 00000000aa010000000000000000aa010000000000000000aa010000000000000000aa010000000000000000aa010000000000000000aa010000000000000000aa010000000000000000aa010000000000000000aa010000000000000000aa010000000000000000aa010000000000000000aa010000000000000000aa010000
01:07:31.222 [DEBUG] [serial] RX 128 bytes: 000000000000aa010000000000000000aa010000000000000000aa010000000000000000aa010000000000000000aa010000000000000000aa010000000000000000aa010000000000000000aa010000000000000000aa010000000000000000aa010000000000000000aa010000000000000000aa010000000000000000aa01
01:07:31.226 [DEBUG] [serial] RX 128 bytes: 0000000000000000aa010000000000000000aa010000000000000000aa010000000000000000aa010000000000000000aa010000000000000000aa010000000000000000aa010000000000000000aa010000000000000000aa010000000000000000aa010000000000000000aa010000000000000000aa010000000000000000
01:07:31.230 [DEBUG] [serial] RX 128 bytes: aa010000000000000000aa010000000000000000aa010000000000000000aa010000000000000000aa010000000000000000aa010000000000000000aa010000000000000000aa010000000000000000aa010000000000000000aa010000000000000000aa010000000000000000aa010000000000000000aa01000000000000
01:07:31.234 [DEBUG] [serial] RX 128 bytes: 0000aa010000000000000000aa010000000000000000aa010000000000000000aa010000000000000000aa010000000000000000aa010000000000000000aa010000000000000000aa010000000000000000aa010000000000000000aa010000000000000000aa010000000000000000aa010000000000000000aa0100000000
01:07:31.238 [DEBUG] [serial] RX 128 bytes: 00000000aa010000000000000000aa010000000000000000aa010000000000000000aa010000000000000000aa010000000000000000aa010000000000000000aa010000000000000000aa010000000000000000aa010000000000000000aa010000000000000000aa010000000000000000aa010000000000000000aa010000
01:07:31.242 [DEBUG] [serial] RX 128 bytes: 000000000000aa010000000000000000aa010000000000000000aa010000000000000000aa010000000000000000aa010000000000000000aa010000000000000000aa010000000000000000aa010000000000000000aa010000000000000000aa010000000000000000aa010000000000000000aa010000000000000000aa01
01:07:31.246 [DEBUG] [serial] RX 128 bytes: 0000000000000000aa010000000000000000aa010000000000000000aa010000000000000000aa010000000000000000aa010000000000000000aa010000000000000000aa010000000000000000aa010000000000000000aa010000000000000000aa010000000000000000aa010000000000000000aa010000000000000000
01:07:31.250 [DEBUG] [serial] RX 128 bytes: aa010000000000000000aa010000000000000000aa010000000000000000aa010000000000000000aa010000000000000000aa010000000000000000aa010000000000000000aa010000000000000000aa010000000000000000aa010000000000000000aa010000000000000000aa010000000000000000aa01000000000000
01:07:31.254 [DEBUG] [serial] RX 128 bytes: 0000aa010000000000000000aa010000000000000000aa010000000000000000aa010000000000000000aa010000000000000000aa010000000000000000aa010000000000000000aa010000000000000000aa010000000000000000aa010000000000000000aa010000000000000000aa010000000000000000aa0100000000
01:07:31.258 [DEBUG] [serial] RX 128 bytes: 00000000aa010000000000000000aa010000000000000000aa010000000000000000aa010000000000000000aa010000000000000000aa010000000000000000aa010000000000000000aa010000000000000000aa010000000000000000aa010000000000000000aa010000000000000000aa010000000000000000aa010000
01:07:31.262 [DEBUG] [serial] RX 128 bytes: 000000000000aa010000000000000000aa010000000000000000aa010000000000000000aa010000000000000000aa010000000000000000aa010000000000000000aa010000000000000000aa010000000000000000aa010000000000000000aa010000000000000000aa010000000000000000aa010000000000000000aa01
01:07:31.265 [DEBUG] [serial] RX 128 bytes: 0000000000000000aa010000000000000000aa010000000000000000aa010000000000000000aa010000000000000000aa010000000000000000aa010000000000000000aa010000000000000000aa010000000000000000aa010000000000000000aa010000000000000000aa010000000000000000aa010000000000000000
01:07:31.269 [DEBUG] [serial] RX 128 bytes: aa010000000000000000aa010000000000000000aa010000000000000000aa010000000000000000aa010000000000000000aa010000000000000000aa010000000000000000aa010000000000000000aa010000000000000000aa010000000000000000aa010000000000000000aa010000000000000000aa01000000000000
01:07:31.273 [DEBUG] [serial] RX 128 bytes: 0000aa010000000000000000aa010000000000000000aa010000000000000000aa010000000000000000aa010000000000000000aa010000000000000000aa010000000000000000aa010000000000000000aa010000000000000000aa010000000000000000aa010000000000000000aa010000000000000000aa0100000000
01:07:31.278 [DEBUG] [serial] RX 128 bytes: 00000000aa010000000000000000aa010000000000000000aa010000000000000000aa010000000000000000aa010000000000000000aa010000000000000000aa010000000000000000aa010000000000000000aa010000000000000000aa010000000000000000aa010000000000000000aa010000000000000000aa010000
01:07:31.282 [DEBUG] [serial] RX 128 bytes: 000000000000aa010000000000000000aa010000000000000000aa010000000000000000aa010000000000000000aa010000000000000000aa010000000000000000aa010000000000000000aa010000000000000000aa010000000000000000aa010000000000000000aa010000000000000000aa010000000000000000aa01
01:07:31.285 [DEBUG] [serial] RX 128 bytes: 0000000000000000aa010000000000000000aa010000000000000000aa010000000000000000aa010000000000000000aa010000000000000000aa010000000000000000aa010000000000000000aa010000000000000000aa010000000000000000aa010000000000000000aa010000000000000000aa010000000000000000
01:07:31.289 [DEBUG] [serial] RX 128 bytes: aa010000000000000000aa010000000000000000aa010000000000000000aa010000000000000000aa010000000000000000aa010000000000000000aa010000000000000000aa010000000000000000aa010000000000000000aa010000000000000000aa010000000000000000aa010000000000000000aa01000000000000
01:07:31.293 [DEBUG] [serial] RX 128 bytes: 0000aa010000000000000000aa010000000000000000aa010000000000000000aa010000000000000000aa010000000000000000aa010000000000000000aa010000000000000000aa010000000000000000aa010000000000000000aa010000000000000000aa010000000000000000aa010000000000000000aa0100000000
01:07:31.297 [DEBUG] [serial] RX 128 bytes: 00000000aa010000000000000000aa010000000000000000aa010000000000000000aa010000000000000000aa010000000000000000aa010000000000000000aa010000000000000000aa010000000000000000aa010000000000000000aa010000000000000000aa010000000000000000aa010000000000000000aa010000
01:07:31.301 [DEBUG] [serial] RX 128 bytes: 000000000000aa010000000000000000aa010000000000000000aa010000000000000000aa010000000000000000aa010000000000000000aa010000000000000000aa010000000000000000aa010000000000000000aa010000000000000000aa010000000000000000aa010000000000000000aa010000000000000000aa01
01:07:31.305 [DEBUG] [serial] RX 128 bytes: 0000000000000000aa010000000000000000aa010000000000000000aa010000000000000000aa010000000000000000aa010000000000000000aa010000000000000000aa010000000000000000aa010000000000000000aa010000000000000000aa010000000000000000aa010000000000000000aa010000000000000000
01:07:31.309 [DEBUG] [serial] RX 128 bytes: aa010000000000000000aa010000000000000000aa010000000000000000aa010000000000000000aa010000000000000000aa010000000000000000aa010000000000000000aa010000000000000000aa010000000000000000aa010000000000000000aa010000000000000000aa010000000000000000aa01000000000000
01:07:31.313 [DEBUG] [serial] RX 128 bytes: 0000aa010000000000000000aa010000000000000000aa010000000000000000aa010000000000000000aa010000000000000000aa010000000000000000aa010000000000000000aa010000000000000000aa010000000000000000aa010000000000000000aa010000000000000000aa010000000000000000aa0100000000
01:07:31.317 [DEBUG] [serial] RX 128 bytes: 00000000aa010000000000000000aa010000000000000000aa010000000000000000aa010000000000000000aa010000000000000000aa010000000000000000aa010000000000000000aa010000000000000000aa010000000000000000aa010000000000000000aa010000000000000000aa010000000000000000aa010000
01:07:31.321 [DEBUG] [serial] RX 128 bytes: 000000000000aa010000000000000000aa010000000000000000aa010000000000000000aa010000000000000000aa010000000000000000aa010000000000000000aa010000000000000000aa010000000000000000aa010000000000000000aa010000000000000000aa010000000000000000aa010000000000000000aa01
01:07:31.325 [DEBUG] [serial] RX 128 bytes: 0000000000000000aa010000000000000000aa010000000000000000aa010000000000000000aa010000000000000000aa010000000000000000aa010000000000000000aa010000000000000000aa010000000000000000aa010000000000000000aa010000000000000000aa010000000000000000aa010000000000000000
01:07:31.329 [DEBUG] [serial] RX 128 bytes: aa010000000000000000aa010000000000000000aa010000000000000000aa010000000000000000aa010000000000000000aa010000000000000000aa010000000000000000aa010000000000000000aa010000000000000000aa010000000000000000aa010000000000000000aa010000000000000000aa01000000000000
01:07:31.333 [DEBUG] [serial] RX 128 bytes: 0000aa010000000000000000aa010000000000000000aa010000000000000000aa010000000000000000aa010000000000000000aa010000000000000000aa010000000000000000aa010000000000000000aa010000000000000000aa010000000000000000aa010000000000000000aa010000000000000000aa0100000000
01:07:31.337 [DEBUG] [serial] RX 128 bytes: 00000000aa010000000000000000aa010000000000000000aa010000000000000000aa010000000000000000aa010000000000000000aa010000000000000000aa010000000000000000aa010000000000000000aa010000000000000000aa010000000000000000aa010000000000000000aa010000000000000000aa010000
01:07:31.341 [DEBUG] [serial] RX 128 bytes: 000000000000aa010000000000000000aa010000000000000000aa010000000000000000aa010000000000000000aa010000000000000000aa010000000000000000aa010000000000000000aa010000000000000000aa010000000000000000aa010000000000000000aa010000000000000000aa010000000000000000aa01
01:07:31.345 [DEBUG] [serial] RX 128 bytes: 0000000000000000aa010000000000000000aa010000000000000000aa010000000000000000aa010000000000000000aa010000000000000000aa010000000000000000aa010000000000000000aa010000000000000000aa010000000000000000aa010000000000000000aa010000000000000000aa010000000000000000
01:07:31.349 [DEBUG] [serial] RX 128 bytes: aa010000000000000000aa010000000000000000aa010000000000000000aa010000000000000000aa010000000000000000aa010000000000000000aa010000000000000000aa010000000000000000aa010000000000000000aa010000000000000000aa010000000000000000aa010000000000000000aa01000000000000
01:07:31.353 [DEBUG] [serial] RX 128 bytes: 0000aa010000000000000000aa010000000000000000aa010000000000000000aa010000000000000000aa010000000000000000aa010000000000000000aa010000000000000000aa010000000000000000aa010000000000000000aa010000000000000000aa010000000000000000aa010000000000000000aa0100000000
01:07:31.357 [DEBUG] [serial] RX 128 bytes: 00000000aa010000000000000000aa010000000000000000aa010000000000000000aa010000000000000000aa010000000000000000aa010000000000000000aa010000000000000000aa010000000000000000aa010000000000000000aa010000000000000000aa010000000000000000aa010000000000000000aa010000
01:07:31.357 [DEBUG] [serial] PKT #27000: flags=0x01 in=0 ds=0 flt=0
01:07:31.361 [DEBUG] [serial] RX 128 bytes: 000000000000aa010000000000000000aa010000000000000000aa010000000000000000aa010000000000000000aa010000000000000000aa010000000000000000aa010000000000000000aa010000000000000000aa010000000000000000aa010000000000000000aa010000000000000000aa010000000000000000aa01
01:07:31.365 [DEBUG] [serial] RX 128 bytes: 0000000000000000aa010000000000000000aa010000000000000000aa010000000000000000aa010000000000000000aa010000000000000000aa010000000000000000aa010000000000000000aa010000000000000000aa010000000000000000aa010000000000000000aa010000000000000000aa010000000000000000
01:07:31.369 [DEBUG] [serial] RX 128 bytes: aa010000000000000000aa010000000000000000aa010000000000000000aa010000000000000000aa010000000000000000aa010000000000000000aa010000000000000000aa010000000000000000aa010000000000000000aa010000000000000000aa010000000000000000aa010000000000000000aa01000000000000
01:07:31.373 [DEBUG] [serial] RX 128 bytes: 0000aa010000000000000000aa010000000000000000aa010000000000000000aa010000000000000000aa010000000000000000aa010000000000000000aa010000000000000000aa010000000000000000aa010000000000000000aa010000000000000000aa010000000000000000aa010000000000000000aa0100000000
01:07:31.377 [DEBUG] [serial] RX 128 bytes: 00000000aa010000000000000000aa010000000000000000aa010000000000000000aa010000000000000000aa010000000000000000aa010000000000000000aa010000000000000000aa010000000000000000aa010000000000000000aa010000000000000000aa010000000000000000aa010000000000000000aa010000
01:07:31.381 [DEBUG] [serial] RX 128 bytes: 000000000000aa010000000000000000aa010000000000000000aa010000000000000000aa010000000000000000aa010000000000000000aa010000000000000000aa010000000000000000aa010000000000000000aa010000000000000000aa010000000000000000aa010000000000000000aa010000000000000000aa01
01:07:31.385 [DEBUG] [serial] RX 128 bytes: 0000000000000000aa010000000000000000aa010000000000000000aa010000000000000000aa010000000000000000aa010000000000000000aa010000000000000000aa010000000000000000aa010000000000000000aa010000000000000000aa010000000000000000aa010000000000000000aa010000000000000000
01:07:31.389 [DEBUG] [serial] RX 128 bytes: aa010000000000000000aa010000000000000000aa010000000000000000aa010000000000000000aa010000000000000000aa010000000000000000aa010000000000000000aa010000000000000000aa010000000000000000aa010000000000000000aa010000000000000000aa010000000000000000aa01000000000000
01:07:31.393 [DEBUG] [serial] RX 128 bytes: 0000aa010000000000000000aa010000000000000000aa010000000000000000aa010000000000000000aa010000000000000000aa010000000000000000aa010000000000000000aa010000000000000000aa010000000000000000aa010000000000000000aa010000000000000000aa010000000000000000aa0100000000
01:07:31.397 [DEBUG] [serial] RX 128 bytes: 00000000aa010000000000000000aa010000000000000000aa010000000000000000aa010000000000000000aa010000000000000000aa010000000000000000aa010000000000000000aa010000000000000000aa010000000000000000aa010000000000000000aa010000000000000000aa010000000000000000aa010000
01:07:31.401 [DEBUG] [serial] RX 128 bytes: 000000000000aa010000000000000000aa010000000000000000aa010000000000000000aa010000000000000000aa010000000000000000aa010000000000000000aa010000000000000000aa010000000000000000aa010000000000000000aa010000000000000000aa010000000000000000aa010000000000000000aa01
01:07:31.404 [DEBUG] [serial] RX 128 bytes: 0000000000000000aa010000000000000000aa010000000000000000aa010000000000000000aa010000000000000000aa010000000000000000aa010000000000000000aa010000000000000000aa010000000000000000aa010000000000000000aa010000000000000000aa010000000000000000aa010000000000000000
01:07:31.409 [DEBUG] [serial] RX 128 bytes: aa010000000000000000aa010000000000000000aa010000000000000000aa010000000000000000aa010000000000000000aa010000000000000000aa010000000000000000aa010000000000000000aa010000000000000000aa010000000000000000aa010000000000000000aa010000000000000000aa01000000000000
01:07:31.413 [DEBUG] [serial] RX 128 bytes: 0000aa010000000000000000aa010000000000000000aa010000000000000000aa010000000000000000aa010000000000000000aa010000000000000000aa010000000000000000aa010000000000000000aa010000000000000000aa010000000000000000aa010000000000000000aa010000000000000000aa0100000000
01:07:31.417 [DEBUG] [serial] RX 128 bytes: 00000000aa010000000000000000aa010000000000000000aa010000000000000000aa010000000000000000aa010000000000000000aa010000000000000000aa010000000000000000aa010000000000000000aa010000000000000000aa010000000000000000aa010000000000000000aa010000000000000000aa010000
01:07:31.421 [DEBUG] [serial] RX 128 bytes: 000000000000aa010000000000000000aa010000000000000000aa010000000000000000aa010000000000000000aa010000000000000000aa010000000000000000aa010000000000000000aa010000000000000000aa010000000000000000aa010000000000000000aa010000000000000000aa010000000000000000aa01
01:07:31.424 [DEBUG] [serial] RX 128 bytes: 0000000000000000aa010000000000000000aa010000000000000000aa010000000000000000aa010000000000000000aa010000000000000000aa010000000000000000aa010000000000000000aa010000000000000000aa010000000000000000aa010000000000000000aa010000000000000000aa010000000000000000
01:07:31.428 [DEBUG] [serial] RX 128 bytes: aa010000000000000000aa010000000000000000aa010000000000000000aa010000000000000000aa010000000000000000aa010000000000000000aa010000000000000000aa010000000000000000aa010000000000000000aa010000000000000000aa010000000000000000aa010000000000000000aa01000000000000
01:07:31.432 [DEBUG] [serial] RX 128 bytes: 0000aa010000000000000000aa010000000000000000aa010000000000000000aa010000000000000000aa010000000000000000aa010000000000000000aa010000000000000000aa010000000000000000aa010000000000000000aa010000000000000000aa010000000000000000aa010000000000000000aa0100000000
01:07:31.436 [DEBUG] [serial] RX 128 bytes: 00000000aa010000000000000000aa010000000000000000aa010000000000000000aa010000000000000000aa010000000000000000aa010000000000000000aa010000000000000000aa010000000000000000aa010000000000000000aa010000000000000000aa010000000000000000aa010000000000000000aa010000
01:07:31.441 [DEBUG] [serial] RX 128 bytes: 000000000000aa010000000000000000aa010000000000000000aa010000000000000000aa010000000000000000aa010000000000000000aa010000000000000000aa010000000000000000aa010000000000000000aa010000000000000000aa010000000000000000aa010000000000000000aa010000000000000000aa01
01:07:31.444 [DEBUG] [serial] RX 128 bytes: 0000000000000000aa010000000000000000aa010000000000000000aa010000000000000000aa010000000000000000aa010000000000000000aa010000000000000000aa010000000000000000aa010000000000000000aa010000000000000000aa010000000000000000aa010000000000000000aa010000000000000000
01:07:31.448 [DEBUG] [serial] RX 128 bytes: aa010000000000000000aa010000000000000000aa010000000000000000aa010000000000000000aa010000000000000000aa010000000000000000aa010000000000000000aa010000000000000000aa010000000000000000aa010000000000000000aa010000000000000000aa010000000000000000aa01000000000000
01:07:31.452 [DEBUG] [serial] RX 128 bytes: 0000aa010000000000000000aa010000000000000000aa010000000000000000aa010000000000000000aa010000000000000000aa010000000000000000aa010000000000000000aa010000000000000000aa010000000000000000aa010000000000000000aa010000000000000000aa010000000000000000aa0100000000
01:07:31.456 [DEBUG] [serial] RX 128 bytes: 00000000aa010000000000000000aa010000000000000000aa010000000000000000aa010000000000000000aa010000000000000000aa010000000000000000aa010000000000000000aa010000000000000000aa010000000000000000aa010000000000000000aa010000000000000000aa010000000000000000aa010000
01:07:31.460 [DEBUG] [serial] RX 128 bytes: 000000000000aa010000000000000000aa010000000000000000aa010000000000000000aa010000000000000000aa010000000000000000aa010000000000000000aa010000000000000000aa010000000000000000aa010000000000000000aa010000000000000000aa010000000000000000aa010000000000000000aa01
01:07:31.464 [DEBUG] [serial] RX 128 bytes: 0000000000000000aa010000000000000000aa010000000000000000aa010000000000000000aa010000000000000000aa010000000000000000aa010000000000000000aa010000000000000000aa010000000000000000aa010000000000000000aa010000000000000000aa010000000000000000aa010000000000000000
01:07:31.468 [DEBUG] [serial] RX 128 bytes: aa010000000000000000aa010000000000000000aa010000000000000000aa010000000000000000aa010000000000000000aa010000000000000000aa010000000000000000aa010000000000000000aa010000000000000000aa010000000000000000aa010000000000000000aa010000000000000000aa01000000000000
01:07:31.472 [DEBUG] [serial] RX 128 bytes: 0000aa010000000000000000aa010000000000000000aa010000000000000000aa010000000000000000aa010000000000000000aa010000000000000000aa010000000000000000aa010000000000000000aa010000000000000000aa010000000000000000aa010000000000000000aa010000000000000000aa0100000000
01:07:31.476 [DEBUG] [serial] RX 128 bytes: 00000000aa010000000000000000aa010000000000000000aa010000000000000000aa010000000000000000aa010000000000000000aa010000000000000000aa010000000000000000aa010000000000000000aa010000000000000000aa010000000000000000aa010000000000000000aa010000000000000000aa010000
01:07:31.480 [DEBUG] [serial] RX 128 bytes: 000000000000aa010000000000000000aa010000000000000000aa010000000000000000aa010000000000000000aa010000000000000000aa010000000000000000aa010000000000000000aa010000000000000000aa010000000000000000aa010000000000000000aa010000000000000000aa010000000000000000aa01
01:07:31.484 [DEBUG] [serial] RX 128 bytes: 0000000000000000aa010000000000000000aa010000000000000000aa010000000000000000aa010000000000000000aa010000000000000000aa010000000000000000aa010000000000000000aa010000000000000000aa010000000000000000aa010000000000000000aa010000000000000000aa010000000000000000
01:07:31.488 [DEBUG] [serial] RX 128 bytes: aa010000000000000000aa010000000000000000aa010000000000000000aa010000000000000000aa010000000000000000aa010000000000000000aa010000000000000000aa010000000000000000aa010000000000000000aa010000000000000000aa010000000000000000aa010000000000000000aa01000000000000
01:07:31.492 [DEBUG] [serial] RX 128 bytes: 0000aa010000000000000000aa010000000000000000aa010000000000000000aa010000000000000000aa010000000000000000aa010000000000000000aa010000000000000000aa010000000000000000aa010000000000000000aa010000000000000000aa010000000000000000aa010000000000000000aa0100000000
01:07:31.496 [DEBUG] [serial] RX 128 bytes: 00000000aa010000000000000000aa010000000000000000aa010000000000000000aa010000000000000000aa010000000000000000aa010000000000000000aa010000000000000000aa010000000000000000aa010000000000000000aa010000000000000000aa010000000000000000aa010000000000000000aa010000
01:07:31.500 [DEBUG] [serial] RX 128 bytes: 000000000000aa010000000000000000aa010000000000000000aa010000000000000000aa010000000000000000aa010000000000000000aa010000000000000000aa010000000000000000aa010000000000000000aa010000000000000000aa010000000000000000aa010000000000000000aa010000000000000000aa01
01:07:31.504 [DEBUG] [serial] RX 128 bytes: 0000000000000000aa010000000000000000aa010000000000000000aa010000000000000000aa010000000000000000aa010000000000000000aa010000000000000000aa010000000000000000aa010000000000000000aa010000000000000000aa010000000000000000aa010000000000000000aa010000000000000000
01:07:31.508 [DEBUG] [serial] RX 128 bytes: aa010000000000000000aa010000000000000000aa010000000000000000aa010000000000000000aa010000000000000000aa010000000000000000aa010000000000000000aa010000000000000000aa010000000000000000aa010000000000000000aa010000000000000000aa010000000000000000aa01000000000000
01:07:31.512 [DEBUG] [serial] RX 128 bytes: 0000aa010000000000000000aa010000000000000000aa010000000000000000aa010000000000000000aa010000000000000000aa010000000000000000aa010000000000000000aa010000000000000000aa010000000000000000aa010000000000000000aa010000000000000000aa010000000000000000aa0100000000
01:07:31.513 [DEBUG] [serial] PKT #27500: flags=0x01 in=0 ds=0 flt=0
01:07:31.516 [DEBUG] [serial] RX 128 bytes: 00000000aa010000000000000000aa010000000000000000aa010000000000000000aa010000000000000000aa010000000000000000aa010000000000000000aa010000000000000000aa010000000000000000aa010000000000000000aa010000000000000000aa010000000000000000aa010000000000000000aa010000
01:07:31.520 [DEBUG] [serial] RX 128 bytes: 000000000000aa010000000000000000aa010000000000000000aa010000000000000000aa010000000000000000aa010000000000000000aa010000000000000000aa010000000000000000aa010000000000000000aa010000000000000000aa010000000000000000aa010000000000000000aa010000000000000000aa01
01:07:31.524 [DEBUG] [serial] RX 128 bytes: 0000000000000000aa010000000000000000aa010000000000000000aa010000000000000000aa010000000000000000aa010000000000000000aa010000000000000000aa010000000000000000aa010000000000000000aa010000000000000000aa010000000000000000aa010000000000000000aa010000000000000000
01:07:31.528 [DEBUG] [serial] RX 128 bytes: aa010000000000000000aa010000000000000000aa010000000000000000aa010000000000000000aa010000000000000000aa010000000000000000aa010000000000000000aa010000000000000000aa010000000000000000aa010000000000000000aa010000000000000000aa010000000000000000aa01000000000000
01:07:31.532 [DEBUG] [serial] RX 128 bytes: 0000aa010000000000000000aa010000000000000000aa010000000000000000aa010000000000000000aa010000000000000000aa010000000000000000aa010000000000000000aa010000000000000000aa010000000000000000aa010000000000000000aa010000000000000000aa010000000000000000aa0100000000
01:07:31.536 [DEBUG] [serial] RX 128 bytes: 00000000aa010000000000000000aa010000000000000000aa010000000000000000aa010000000000000000aa010000000000000000aa010000000000000000aa010000000000000000aa010000000000000000aa010000000000000000aa010000000000000000aa010000000000000000aa010000000000000000aa010000
01:07:31.540 [DEBUG] [serial] RX 128 bytes: 000000000000aa010000000000000000aa010000000000000000aa010000000000000000aa010000000000000000aa010000000000000000aa010000000000000000aa010000000000000000aa010000000000000000aa010000000000000000aa010000000000000000aa010000000000000000aa010000000000000000aa01
01:07:31.544 [DEBUG] [serial] RX 128 bytes: 0000000000000000aa010000000000000000aa010000000000000000aa010000000000000000aa010000000000000000aa010000000000000000aa010000000000000000aa010000000000000000aa010000000000000000aa010000000000000000aa010000000000000000aa010000000000000000aa010000000000000000
01:07:31.548 [DEBUG] [serial] RX 128 bytes: aa010000000000000000aa010000000000000000aa010000000000000000aa010000000000000000aa010000000000000000aa010000000000000000aa010000000000000000aa010000000000000000aa010000000000000000aa010000000000000000aa010000000000000000aa010000000000000000aa01000000000000
01:07:31.552 [DEBUG] [serial] RX 128 bytes: 0000aa010000000000000000aa010000000000000000aa010000000000000000aa010000000000000000aa010000000000000000aa010000000000000000aa010000000000000000aa010000000000000000aa010000000000000000aa010000000000000000aa010000000000000000aa010000000000000000aa0100000000
01:07:31.556 [DEBUG] [serial] RX 128 bytes: 00000000aa010000000000000000aa010000000000000000aa010000000000000000aa010000000000000000aa010000000000000000aa010000000000000000aa010000000000000000aa010000000000000000aa010000000000000000aa010000000000000000aa010000000000000000aa010000000000000000aa010000
01:07:31.560 [DEBUG] [serial] RX 128 bytes: 000000000000aa010000000000000000aa010000000000000000aa010000000000000000aa010000000000000000aa010000000000000000aa010000000000000000aa010000000000000000aa010000000000000000aa010000000000000000aa010000000000000000aa010000000000000000aa010000000000000000aa01
01:07:31.563 [DEBUG] [serial] RX 128 bytes: 0000000000000000aa010000000000000000aa010000000000000000aa010000000000000000aa010000000000000000aa010000000000000000aa010000000000000000aa010000000000000000aa010000000000000000aa010000000000000000aa010000000000000000aa010000000000000000aa010000000000000000
01:07:31.567 [DEBUG] [serial] RX 128 bytes: aa010000000000000000aa010000000000000000aa010000000000000000aa010000000000000000aa010000000000000000aa010000000000000000aa010000000000000000aa010000000000000000aa010000000000000000aa010000000000000000aa010000000000000000aa010000000000000000aa01000000000000
01:07:31.572 [DEBUG] [serial] RX 128 bytes: 0000aa010000000000000000aa010000000000000000aa010000000000000000aa010000000000000000aa010000000000000000aa010000000000000000aa010000000000000000aa010000000000000000aa010000000000000000aa010000000000000000aa010000000000000000aa010000000000000000aa0100000000
01:07:31.576 [DEBUG] [serial] RX 128 bytes: 00000000aa010000000000000000aa010000000000000000aa010000000000000000aa010000000000000000aa010000000000000000aa010000000000000000aa010000000000000000aa010000000000000000aa010000000000000000aa010000000000000000aa010000000000000000aa010000000000000000aa010000
01:07:31.580 [DEBUG] [serial] RX 128 bytes: 000000000000aa010000000000000000aa010000000000000000aa010000000000000000aa010000000000000000aa010000000000000000aa010000000000000000aa010000000000000000aa010000000000000000aa010000000000000000aa010000000000000000aa010000000000000000aa010000000000000000aa01
01:07:31.583 [DEBUG] [serial] RX 128 bytes: 0000000000000000aa010000000000000000aa010000000000000000aa010000000000000000aa010000000000000000aa010000000000000000aa010000000000000000aa010000000000000000aa010000000000000000aa010000000000000000aa010000000000000000aa010000000000000000aa010000000000000000
01:07:31.587 [DEBUG] [serial] RX 128 bytes: aa010000000000000000aa010000000000000000aa010000000000000000aa010000000000000000aa010000000000000000aa010000000000000000aa010000000000000000aa010000000000000000aa010000000000000000aa010000000000000000aa010000000000000000aa010000000000000000aa01000000000000
01:07:31.591 [DEBUG] [serial] RX 128 bytes: 0000aa010000000000000000aa010000000000000000aa010000000000000000aa010000000000000000aa010000000000000000aa010000000000000000aa010000000000000000aa010000000000000000aa010000000000000000aa010000000000000000aa010000000000000000aa010000000000000000aa0100000000
01:07:31.595 [DEBUG] [serial] RX 128 bytes: 00000000aa010000000000000000aa010000000000000000aa010000000000000000aa010000000000000000aa010000000000000000aa010000000000000000aa010000000000000000aa010000000000000000aa010000000000000000aa010000000000000000aa010000000000000000aa010000000000000000aa010000
01:07:31.599 [DEBUG] [serial] RX 128 bytes: 000000000000aa010000000000000000aa010000000000000000aa010000000000000000aa010000000000000000aa010000000000000000aa010000000000000000aa010000000000000000aa010000000000000000aa010000000000000000aa010000000000000000aa010000000000000000aa010000000000000000aa01
01:07:31.603 [DEBUG] [serial] RX 128 bytes: 0000000000000000aa010000000000000000aa010000000000000000aa010000000000000000aa010000000000000000aa010000000000000000aa010000000000000000aa010000000000000000aa010000000000000000aa010000000000000000aa010000000000000000aa010000000000000000aa010000000000000000
01:07:31.607 [DEBUG] [serial] RX 128 bytes: aa010000000000000000aa010000000000000000aa010000000000000000aa010000000000000000aa010000000000000000aa010000000000000000aa010000000000000000aa010000000000000000aa010000000000000000aa010000000000000000aa010000000000000000aa010000000000000000aa01000000000000
01:07:31.611 [DEBUG] [serial] RX 128 bytes: 0000aa010000000000000000aa010000000000000000aa010000000000000000aa010000000000000000aa010000000000000000aa010000000000000000aa010000000000000000aa010000000000000000aa010000000000000000aa010000000000000000aa010000000000000000aa010000000000000000aa0100000000
01:07:31.615 [DEBUG] [serial] RX 128 bytes: 00000000aa010000000000000000aa010000000000000000aa010000000000000000aa010000000000000000aa010000000000000000aa010000000000000000aa010000000000000000aa010000000000000000aa010000000000000000aa010000000000000000aa010000000000000000aa010000000000000000aa010000
01:07:31.619 [DEBUG] [serial] RX 128 bytes: 000000000000aa010000000000000000aa010000000000000000aa010000000000000000aa010000000000000000aa010000000000000000aa010000000000000000aa010000000000000000aa010000000000000000aa010000000000000000aa010000000000000000aa010000000000000000aa010000000000000000aa01
01:07:31.623 [DEBUG] [serial] RX 128 bytes: 0000000000000000aa010000000000000000aa010000000000000000aa010000000000000000aa010000000000000000aa010000000000000000aa010000000000000000aa010000000000000000aa010000000000000000aa010000000000000000aa010000000000000000aa010000000000000000aa010000000000000000
01:07:31.627 [DEBUG] [serial] RX 128 bytes: aa010000000000000000aa010000000000000000aa010000000000000000aa010000000000000000aa010000000000000000aa010000000000000000aa010000000000000000aa010000000000000000aa010000000000000000aa010000000000000000aa010000000000000000aa010000000000000000aa01000000000000
01:07:31.631 [DEBUG] [serial] RX 128 bytes: 0000aa010000000000000000aa010000000000000000aa010000000000000000aa010000000000000000aa010000000000000000aa010000000000000000aa010000000000000000aa010000000000000000aa010000000000000000aa010000000000000000aa010000000000000000aa010000000000000000aa0100000000
01:07:31.635 [DEBUG] [serial] RX 128 bytes: 00000000aa010000000000000000aa010000000000000000aa010000000000000000aa010000000000000000aa010000000000000000aa010000000000000000aa010000000000000000aa010000000000000000aa010000000000000000aa010000000000000000aa010000000000000000aa010000000000000000aa010000
01:07:31.639 [DEBUG] [serial] RX 128 bytes: 000000000000aa010000000000000000aa010000000000000000aa010000000000000000aa010000000000000000aa010000000000000000aa010000000000000000aa010000000000000000aa010000000000000000aa010000000000000000aa010000000000000000aa010000000000000000aa010000000000000000aa01
01:07:31.643 [DEBUG] [serial] RX 128 bytes: 0000000000000000aa010000000000000000aa010000000000000000aa010000000000000000aa010000000000000000aa010000000000000000aa010000000000000000aa010000000000000000aa010000000000000000aa010000000000000000aa010000000000000000aa010000000000000000aa010000000000000000
01:07:31.647 [DEBUG] [serial] RX 128 bytes: aa010000000000000000aa010000000000000000aa010000000000000000aa010000000000000000aa010000000000000000aa010000000000000000aa010000000000000000aa010000000000000000aa010000000000000000aa010000000000000000aa010000000000000000aa010000000000000000aa01000000000000
01:07:31.651 [DEBUG] [serial] RX 128 bytes: 0000aa010000000000000000aa010000000000000000aa010000000000000000aa010000000000000000aa010000000000000000aa010000000000000000aa010000000000000000aa010000000000000000aa010000000000000000aa010000000000000000aa010000000000000000aa010000000000000000aa0100000000
01:07:31.655 [DEBUG] [serial] RX 128 bytes: 00000000aa010000000000000000aa010000000000000000aa010000000000000000aa010000000000000000aa010000000000000000aa010000000000000000aa010000000000000000aa010000000000000000aa010000000000000000aa010000000000000000aa010000000000000000aa010000000000000000aa010000
01:07:31.659 [DEBUG] [serial] RX 128 bytes: 000000000000aa010000000000000000aa010000000000000000aa010000000000000000aa010000000000000000aa010000000000000000aa010000000000000000aa010000000000000000aa010000000000000000aa010000000000000000aa010000000000000000aa010000000000000000aa010000000000000000aa01
01:07:31.663 [DEBUG] [serial] RX 128 bytes: 0000000000000000aa010000000000000000aa010000000000000000aa010000000000000000aa010000000000000000aa010000000000000000aa010000000000000000aa010000000000000000aa010000000000000000aa010000000000000000aa010000000000000000aa010000000000000000aa010000000000000000
01:07:31.667 [DEBUG] [serial] RX 128 bytes: aa010000000000000000aa010000000000000000aa010000000000000000aa010000000000000000aa010000000000000000aa010000000000000000aa010000000000000000aa010000000000000000aa010000000000000000aa010000000000000000aa010000000000000000aa010000000000000000aa01000000000000
01:07:31.667 [DEBUG] [serial] PKT #28000: flags=0x01 in=0 ds=0 flt=0
01:07:31.671 [DEBUG] [serial] RX 128 bytes: 0000aa010000000000000000aa010000000000000000aa010000000000000000aa010000000000000000aa010000000000000000aa010000000000000000aa010000000000000000aa010000000000000000aa010000000000000000aa010000000000000000aa010000000000000000aa010000000000000000aa0100000000
01:07:31.675 [DEBUG] [serial] RX 128 bytes: 00000000aa010000000000000000aa010000000000000000aa010000000000000000aa010000000000000000aa010000000000000000aa010000000000000000aa010000000000000000aa010000000000000000aa010000000000000000aa010000000000000000aa010000000000000000aa010000000000000000aa010000
01:07:31.679 [DEBUG] [serial] RX 128 bytes: 000000000000aa010000000000000000aa010000000000000000aa010000000000000000aa010000000000000000aa010000000000000000aa010000000000000000aa010000000000000000aa010000000000000000aa010000000000000000aa010000000000000000aa010000000000000000aa010000000000000000aa01
01:07:31.683 [DEBUG] [serial] RX 128 bytes: 0000000000000000aa010000000000000000aa010000000000000000aa010000000000000000aa010000000000000000aa010000000000000000aa010000000000000000aa010000000000000000aa010000000000000000aa010000000000000000aa010000000000000000aa010000000000000000aa010000000000000000
01:07:31.687 [DEBUG] [serial] RX 128 bytes: aa010000000000000000aa010000000000000000aa010000000000000000aa010000000000000000aa010000000000000000aa010000000000000000aa010000000000000000aa010000000000000000aa010000000000000000aa010000000000000000aa010000000000000000aa010000000000000000aa01000000000000
01:07:31.691 [DEBUG] [serial] RX 128 bytes: 0000aa010000000000000000aa010000000000000000aa010000000000000000aa010000000000000000aa010000000000000000aa010000000000000000aa010000000000000000aa010000000000000000aa010000000000000000aa010000000000000000aa010000000000000000aa010000000000000000aa0100000000
01:07:31.695 [DEBUG] [serial] RX 128 bytes: 00000000aa010000000000000000aa010000000000000000aa010000000000000000aa010000000000000000aa010000000000000000aa010000000000000000aa010000000000000000aa010000000000000000aa010000000000000000aa010000000000000000aa010000000000000000aa010000000000000000aa010000
01:07:31.699 [DEBUG] [serial] RX 128 bytes: 000000000000aa010000000000000000aa010000000000000000aa010000000000000000aa010000000000000000aa010000000000000000aa010000000000000000aa010000000000000000aa010000000000000000aa010000000000000000aa010000000000000000aa010000000000000000aa010000000000000000aa01
01:07:31.703 [DEBUG] [serial] RX 128 bytes: 0000000000000000aa010000000000000000aa010000000000000000aa010000000000000000aa010000000000000000aa010000000000000000aa010000000000000000aa010000000000000000aa010000000000000000aa010000000000000000aa010000000000000000aa010000000000000000aa010000000000000000
01:07:31.707 [DEBUG] [serial] RX 128 bytes: aa010000000000000000aa010000000000000000aa010000000000000000aa010000000000000000aa010000000000000000aa010000000000000000aa010000000000000000aa010000000000000000aa010000000000000000aa010000000000000000aa010000000000000000aa010000000000000000aa01000000000000
01:07:31.711 [DEBUG] [serial] RX 128 bytes: 0000aa010000000000000000aa010000000000000000aa010000000000000000aa010000000000000000aa010000000000000000aa010000000000000000aa010000000000000000aa010000000000000000aa010000000000000000aa010000000000000000aa010000000000000000aa010000000000000000aa0100000000
01:07:31.715 [DEBUG] [serial] RX 128 bytes: 00000000aa010000000000000000aa010000000000000000aa010000000000000000aa010000000000000000aa010000000000000000aa010000000000000000aa010000000000000000aa010000000000000000aa010000000000000000aa010000000000000000aa010000000000000000aa010000000000000000aa010000
01:07:31.719 [DEBUG] [serial] RX 128 bytes: 000000000000aa010000000000000000aa010000000000000000aa010000000000000000aa010000000000000000aa010000000000000000aa010000000000000000aa010000000000000000aa010000000000000000aa010000000000000000aa010000000000000000aa010000000000000000aa010000000000000000aa01
01:07:31.722 [DEBUG] [serial] RX 128 bytes: 0000000000000000aa010000000000000000aa010000000000000000aa010000000000000000aa010000000000000000aa010000000000000000aa010000000000000000aa010000000000000000aa010000000000000000aa010000000000000000aa010000000000000000aa010000000000000000aa010000000000000000
01:07:31.726 [DEBUG] [serial] RX 128 bytes: aa010000000000000000aa010000000000000000aa010000000000000000aa010000000000000000aa010000000000000000aa010000000000000000aa010000000000000000aa010000000000000000aa010000000000000000aa010000000000000000aa010000000000000000aa010000000000000000aa01000000000000
01:07:31.730 [DEBUG] [serial] RX 128 bytes: 0000aa010000000000000000aa010000000000000000aa010000000000000000aa010000000000000000aa010000000000000000aa010000000000000000aa010000000000000000aa010000000000000000aa010000000000000000aa010000000000000000aa010000000000000000aa010000000000000000aa0100000000
01:07:31.734 [DEBUG] [serial] RX 128 bytes: 00000000aa010000000000000000aa010000000000000000aa010000000000000000aa010000000000000000aa010000000000000000aa010000000000000000aa010000000000000000aa010000000000000000aa010000000000000000aa010000000000000000aa010000000000000000aa010000000000000000aa010000
01:07:31.739 [DEBUG] [serial] RX 128 bytes: 000000000000aa010000000000000000aa010000000000000000aa010000000000000000aa010000000000000000aa010000000000000000aa010000000000000000aa010000000000000000aa010000000000000000aa010000000000000000aa010000000000000000aa010000000000000000aa010000000000000000aa01
01:07:31.742 [DEBUG] [serial] RX 128 bytes: 0000000000000000aa010000000000000000aa010000000000000000aa010000000000000000aa010000000000000000aa010000000000000000aa010000000000000000aa010000000000000000aa010000000000000000aa010000000000000000aa010000000000000000aa010000000000000000aa010000000000000000
01:07:31.746 [DEBUG] [serial] RX 128 bytes: aa010000000000000000aa010000000000000000aa010000000000000000aa010000000000000000aa010000000000000000aa010000000000000000aa010000000000000000aa010000000000000000aa010000000000000000aa010000000000000000aa010000000000000000aa010000000000000000aa01000000000000
01:07:31.750 [DEBUG] [serial] RX 128 bytes: 0000aa010000000000000000aa010000000000000000aa010000000000000000aa010000000000000000aa010000000000000000aa010000000000000000aa010000000000000000aa010000000000000000aa010000000000000000aa010000000000000000aa010000000000000000aa010000000000000000aa0100000000
01:07:31.754 [DEBUG] [serial] RX 128 bytes: 00000000aa010000000000000000aa010000000000000000aa010000000000000000aa010000000000000000aa010000000000000000aa010000000000000000aa010000000000000000aa010000000000000000aa010000000000000000aa010000000000000000aa010000000000000000aa010000000000000000aa010000
01:07:31.758 [DEBUG] [serial] RX 128 bytes: 000000000000aa010000000000000000aa010000000000000000aa010000000000000000aa010000000000000000aa010000000000000000aa010000000000000000aa010000000000000000aa010000000000000000aa010000000000000000aa010000000000000000aa010000000000000000aa010000000000000000aa01
01:07:31.762 [DEBUG] [serial] RX 128 bytes: 0000000000000000aa010000000000000000aa010000000000000000aa010000000000000000aa010000000000000000aa010000000000000000aa010000000000000000aa010000000000000000aa010000000000000000aa010000000000000000aa010000000000000000aa010000000000000000aa010000000000000000
01:07:31.766 [DEBUG] [serial] RX 128 bytes: aa010000000000000000aa010000000000000000aa010000000000000000aa010000000000000000aa010000000000000000aa010000000000000000aa010000000000000000aa010000000000000000aa010000000000000000aa010000000000000000aa010000000000000000aa010000000000000000aa01000000000000
01:07:31.770 [DEBUG] [serial] RX 128 bytes: 0000aa010000000000000000aa010000000000000000aa010000000000000000aa010000000000000000aa010000000000000000aa010000000000000000aa010000000000000000aa010000000000000000aa010000000000000000aa010000000000000000aa010000000000000000aa010000000000000000aa0100000000
01:07:31.774 [DEBUG] [serial] RX 128 bytes: 00000000aa010000000000000000aa010000000000000000aa010000000000000000aa010000000000000000aa010000000000000000aa010000000000000000aa010000000000000000aa010000000000000000aa010000000000000000aa010000000000000000aa010000000000000000aa010000000000000000aa010000
01:07:31.778 [DEBUG] [serial] RX 128 bytes: 000000000000aa010000000000000000aa010000000000000000aa010000000000000000aa010000000000000000aa010000000000000000aa010000000000000000aa010000000000000000aa010000000000000000aa010000000000000000aa010000000000000000aa010000000000000000aa010000000000000000aa01
01:07:31.782 [DEBUG] [serial] RX 128 bytes: 0000000000000000aa010000000000000000aa010000000000000000aa010000000000000000aa010000000000000000aa010000000000000000aa010000000000000000aa010000000000000000aa010000000000000000aa010000000000000000aa010000000000000000aa010000000000000000aa010000000000000000
01:07:31.786 [DEBUG] [serial] RX 128 bytes: aa010000000000000000aa010000000000000000aa010000000000000000aa010000000000000000aa010000000000000000aa010000000000000000aa010000000000000000aa010000000000000000aa010000000000000000aa010000000000000000aa010000000000000000aa010000000000000000aa01000000000000
01:07:31.790 [DEBUG] [serial] RX 128 bytes: 0000aa010000000000000000aa010000000000000000aa010000000000000000aa010000000000000000aa010000000000000000aa010000000000000000aa010000000000000000aa010000000000000000aa010000000000000000aa010000000000000000aa010000000000000000aa010000000000000000aa0100000000
01:07:31.795 [DEBUG] [serial] RX 128 bytes: 00000000aa010000000000000000aa010000000000000000aa010000000000000000aa010000000000000000aa010000000000000000aa010000000000000000aa010000000000000000aa010000000000000000aa010000000000000000aa010000000000000000aa010000000000000000aa010000000000000000aa010000
01:07:31.798 [DEBUG] [serial] RX 128 bytes: 000000000000aa010000000000000000aa010000000000000000aa010000000000000000aa010000000000000000aa010000000000000000aa010000000000000000aa010000000000000000aa010000000000000000aa010000000000000000aa010000000000000000aa010000000000000000aa010000000000000000aa01
01:07:31.802 [DEBUG] [serial] RX 128 bytes: 0000000000000000aa010000000000000000aa010000000000000000aa010000000000000000aa010000000000000000aa010000000000000000aa010000000000000000aa010000000000000000aa010000000000000000aa010000000000000000aa010000000000000000aa010000000000000000aa010000000000000000
01:07:31.802 [INFO] [serial] Stats: 28442 pkts, 284420 bytes rx
01:07:31.806 [DEBUG] [serial] RX 128 bytes: aa010000000000000000aa010000000000000000aa010000000000000000aa010000000000000000aa010000000000000000aa010000000000000000aa010000000000000000aa010000000000000000aa010000000000000000aa010000000000000000aa010000000000000000aa010000000000000000aa01000000000000
01:07:31.810 [DEBUG] [serial] RX 128 bytes: 0000aa010000000000000000aa010000000000000000aa010000000000000000aa010000000000000000aa010000000000000000aa010000000000000000aa010000000000000000aa010000000000000000aa010000000000000000aa010000000000000000aa010000000000000000aa010000000000000000aa0100000000
01:07:31.814 [DEBUG] [serial] RX 128 bytes: 00000000aa010000000000000000aa010000000000000000aa010000000000000000aa010000000000000000aa010000000000000000aa010000000000000000aa010000000000000000aa010000000000000000aa010000000000000000aa010000000000000000aa010000000000000000aa010000000000000000aa010000
01:07:31.818 [DEBUG] [serial] RX 128 bytes: 000000000000aa010000000000000000aa010000000000000000aa010000000000000000aa010000000000000000aa010000000000000000aa010000000000000000aa010000000000000000aa010000000000000000aa010000000000000000aa010000000000000000aa010000000000000000aa010000000000000000aa01
01:07:31.822 [DEBUG] [serial] RX 128 bytes: 0000000000000000aa010000000000000000aa010000000000000000aa010000000000000000aa010000000000000000aa010000000000000000aa010000000000000000aa010000000000000000aa010000000000000000aa010000000000000000aa010000000000000000aa010000000000000000aa010000000000000000
01:07:31.822 [DEBUG] [serial] PKT #28500: flags=0x01 in=0 ds=0 flt=0
01:07:31.826 [DEBUG] [serial] RX 128 bytes: aa010000000000000000aa010000000000000000aa010000000000000000aa010000000000000000aa010000000000000000aa010000000000000000aa010000000000000000aa010000000000000000aa010000000000000000aa010000000000000000aa010000000000000000aa010000000000000000aa01000000000000
01:07:31.830 [DEBUG] [serial] RX 128 bytes: 0000aa010000000000000000aa010000000000000000aa010000000000000000aa010000000000000000aa010000000000000000aa010000000000000000aa010000000000000000aa010000000000000000aa010000000000000000aa010000000000000000aa010000000000000000aa010000000000000000aa0100000000
01:07:31.834 [DEBUG] [serial] RX 128 bytes: 00000000aa010000000000000000aa010000000000000000aa010000000000000000aa010000000000000000aa010000000000000000aa010000000000000000aa010000000000000000aa010000000000000000aa010000000000000000aa010000000000000000aa010000000000000000aa010000000000000000aa010000
01:07:31.838 [DEBUG] [serial] RX 128 bytes: 000000000000aa010000000000000000aa010000000000000000aa010000000000000000aa010000000000000000aa010000000000000000aa010000000000000000aa010000000000000000aa010000000000000000aa010000000000000000aa010000000000000000aa010000000000000000aa010000000000000000aa01
01:07:31.842 [DEBUG] [serial] RX 128 bytes: 0000000000000000aa010000000000000000aa010000000000000000aa010000000000000000aa010000000000000000aa010000000000000000aa010000000000000000aa010000000000000000aa010000000000000000aa010000000000000000aa010000000000000000aa010000000000000000aa010000000000000000
01:07:31.846 [DEBUG] [serial] RX 128 bytes: aa010000000000000000aa010000000000000000aa010000000000000000aa010000000000000000aa010000000000000000aa010000000000000000aa010000000000000000aa010000000000000000aa010000000000000000aa010000000000000000aa010000000000000000aa010000000000000000aa01000000000000
01:07:31.850 [DEBUG] [serial] RX 128 bytes: 0000aa010000000000000000aa010000000000000000aa010000000000000000aa010000000000000000aa010000000000000000aa010000000000000000aa010000000000000000aa010000000000000000aa010000000000000000aa010000000000000000aa010000000000000000aa010000000000000000aa0100000000
01:07:31.854 [DEBUG] [serial] RX 128 bytes: 00000000aa010000000000000000aa010000000000000000aa010000000000000000aa010000000000000000aa010000000000000000aa010000000000000000aa010000000000000000aa010000000000000000aa010000000000000000aa010000000000000000aa010000000000000000aa010000000000000000aa010000
01:07:31.858 [DEBUG] [serial] RX 128 bytes: 000000000000aa010000000000000000aa010000000000000000aa010000000000000000aa010000000000000000aa010000000000000000aa010000000000000000aa010000000000000000aa010000000000000000aa010000000000000000aa010000000000000000aa010000000000000000aa010000000000000000aa01
01:07:31.861 [DEBUG] [serial] RX 128 bytes: 0000000000000000aa010000000000000000aa010000000000000000aa010000000000000000aa010000000000000000aa010000000000000000aa010000000000000000aa010000000000000000aa010000000000000000aa010000000000000000aa010000000000000000aa010000000000000000aa010000000000000000
01:07:31.865 [DEBUG] [serial] RX 128 bytes: aa010000000000000000aa010000000000000000aa010000000000000000aa010000000000000000aa010000000000000000aa010000000000000000aa010000000000000000aa010000000000000000aa010000000000000000aa010000000000000000aa010000000000000000aa010000000000000000aa01000000000000
01:07:31.870 [DEBUG] [serial] RX 128 bytes: 0000aa010000000000000000aa010000000000000000aa010000000000000000aa010000000000000000aa010000000000000000aa010000000000000000aa010000000000000000aa010000000000000000aa010000000000000000aa010000000000000000aa010000000000000000aa010000000000000000aa0100000000
01:07:31.874 [DEBUG] [serial] RX 128 bytes: 00000000aa010000000000000000aa010000000000000000aa010000000000000000aa010000000000000000aa010000000000000000aa010000000000000000aa010000000000000000aa010000000000000000aa010000000000000000aa010000000000000000aa010000000000000000aa010000000000000000aa010000
01:07:31.878 [DEBUG] [serial] RX 128 bytes: 000000000000aa010000000000000000aa010000000000000000aa010000000000000000aa010000000000000000aa010000000000000000aa010000000000000000aa010000000000000000aa010000000000000000aa010000000000000000aa010000000000000000aa010000000000000000aa010000000000000000aa01
01:07:31.881 [DEBUG] [serial] RX 128 bytes: 0000000000000000aa010000000000000000aa010000000000000000aa010000000000000000aa010000000000000000aa010000000000000000aa010000000000000000aa010000000000000000aa010000000000000000aa010000000000000000aa010000000000000000aa010000000000000000aa010000000000000000
01:07:31.886 [DEBUG] [serial] RX 128 bytes: aa010000000000000000aa010000000000000000aa010000000000000000aa010000000000000000aa010000000000000000aa010000000000000000aa010000000000000000aa010000000000000000aa010000000000000000aa010000000000000000aa010000000000000000aa010000000000000000aa01000000000000
01:07:31.890 [DEBUG] [serial] RX 128 bytes: 0000aa010000000000000000aa010000000000000000aa010000000000000000aa010000000000000000aa010000000000000000aa010000000000000000aa010000000000000000aa010000000000000000aa010000000000000000aa010000000000000000aa010000000000000000aa010000000000000000aa0100000000
01:07:31.893 [DEBUG] [serial] RX 128 bytes: 00000000aa010000000000000000aa010000000000000000aa010000000000000000aa010000000000000000aa010000000000000000aa010000000000000000aa010000000000000000aa010000000000000000aa010000000000000000aa010000000000000000aa010000000000000000aa010000000000000000aa010000
01:07:31.897 [DEBUG] [serial] RX 128 bytes: 000000000000aa010000000000000000aa010000000000000000aa010000000000000000aa010000000000000000aa010000000000000000aa010000000000000000aa010000000000000000aa010000000000000000aa010000000000000000aa010000000000000000aa010000000000000000aa010000000000000000aa01
01:07:31.901 [DEBUG] [serial] RX 128 bytes: 0000000000000000aa010000000000000000aa010000000000000000aa010000000000000000aa010000000000000000aa010000000000000000aa010000000000000000aa010000000000000000aa010000000000000000aa010000000000000000aa010000000000000000aa010000000000000000aa010000000000000000
01:07:31.905 [DEBUG] [serial] RX 128 bytes: aa010000000000000000aa010000000000000000aa010000000000000000aa010000000000000000aa010000000000000000aa010000000000000000aa010000000000000000aa010000000000000000aa010000000000000000aa010000000000000000aa010000000000000000aa010000000000000000aa01000000000000
01:07:31.909 [DEBUG] [serial] RX 128 bytes: 0000aa010000000000000000aa010000000000000000aa010000000000000000aa010000000000000000aa010000000000000000aa010000000000000000aa010000000000000000aa010000000000000000aa010000000000000000aa010000000000000000aa010000000000000000aa010000000000000000aa0100000000
01:07:31.913 [DEBUG] [serial] RX 128 bytes: 00000000aa010000000000000000aa010000000000000000aa010000000000000000aa010000000000000000aa010000000000000000aa010000000000000000aa010000000000000000aa010000000000000000aa010000000000000000aa010000000000000000aa010000000000000000aa010000000000000000aa010000
01:07:31.917 [DEBUG] [serial] RX 128 bytes: 000000000000aa010000000000000000aa010000000000000000aa010000000000000000aa010000000000000000aa010000000000000000aa010000000000000000aa010000000000000000aa010000000000000000aa010000000000000000aa010000000000000000aa010000000000000000aa010000000000000000aa01
01:07:31.921 [DEBUG] [serial] RX 128 bytes: 0000000000000000aa010000000000000000aa010000000000000000aa010000000000000000aa010000000000000000aa010000000000000000aa010000000000000000aa010000000000000000aa010000000000000000aa010000000000000000aa010000000000000000aa010000000000000000aa010000000000000000
01:07:31.925 [DEBUG] [serial] RX 128 bytes: aa010000000000000000aa010000000000000000aa010000000000000000aa010000000000000000aa010000000000000000aa010000000000000000aa010000000000000000aa010000000000000000aa010000000000000000aa010000000000000000aa010000000000000000aa010000000000000000aa01000000000000
01:07:31.929 [DEBUG] [serial] RX 128 bytes: 0000aa010000000000000000aa010000000000000000aa010000000000000000aa010000000000000000aa010000000000000000aa010000000000000000aa010000000000000000aa010000000000000000aa010000000000000000aa010000000000000000aa010000000000000000aa010000000000000000aa0100000000
01:07:31.933 [DEBUG] [serial] RX 128 bytes: 00000000aa010000000000000000aa010000000000000000aa010000000000000000aa010000000000000000aa010000000000000000aa010000000000000000aa010000000000000000aa010000000000000000aa010000000000000000aa010000000000000000aa010000000000000000aa010000000000000000aa010000
01:07:31.937 [DEBUG] [serial] RX 128 bytes: 000000000000aa010000000000000000aa010000000000000000aa010000000000000000aa010000000000000000aa010000000000000000aa010000000000000000aa010000000000000000aa010000000000000000aa010000000000000000aa010000000000000000aa010000000000000000aa010000000000000000aa01
01:07:31.941 [DEBUG] [serial] RX 128 bytes: 0000000000000000aa010000000000000000aa010000000000000000aa010000000000000000aa010000000000000000aa010000000000000000aa010000000000000000aa010000000000000000aa010000000000000000aa010000000000000000aa010000000000000000aa010000000000000000aa010000000000000000
01:07:31.945 [DEBUG] [serial] RX 128 bytes: aa010000000000000000aa010000000000000000aa010000000000000000aa010000000000000000aa010000000000000000aa010000000000000000aa010000000000000000aa010000000000000000aa010000000000000000aa010000000000000000aa010000000000000000aa010000000000000000aa01000000000000
01:07:31.949 [DEBUG] [serial] RX 128 bytes: 0000aa010000000000000000aa010000000000000000aa010000000000000000aa010000000000000000aa010000000000000000aa010000000000000000aa010000000000000000aa010000000000000000aa010000000000000000aa010000000000000000aa010000000000000000aa010000000000000000aa0100000000
01:07:31.953 [DEBUG] [serial] RX 128 bytes: 00000000aa010000000000000000aa010000000000000000aa010000000000000000aa010000000000000000aa010000000000000000aa010000000000000000aa010000000000000000aa010000000000000000aa010000000000000000aa010000000000000000aa010000000000000000aa010000000000000000aa010000
01:07:31.957 [DEBUG] [serial] RX 128 bytes: 000000000000aa010000000000000000aa010000000000000000aa010000000000000000aa010000000000000000aa010000000000000000aa010000000000000000aa010000000000000000aa010000000000000000aa010000000000000000aa010000000000000000aa010000000000000000aa010000000000000000aa01
01:07:31.961 [DEBUG] [serial] RX 128 bytes: 0000000000000000aa010000000000000000aa010000000000000000aa010000000000000000aa010000000000000000aa010000000000000000aa010000000000000000aa010000000000000000aa010000000000000000aa010000000000000000aa010000000000000000aa010000000000000000aa010000000000000000
01:07:31.965 [DEBUG] [serial] RX 128 bytes: aa010000000000000000aa010000000000000000aa010000000000000000aa010000000000000000aa010000000000000000aa010000000000000000aa010000000000000000aa010000000000000000aa010000000000000000aa010000000000000000aa010000000000000000aa010000000000000000aa01000000000000
01:07:31.969 [DEBUG] [serial] RX 128 bytes: 0000aa010000000000000000aa010000000000000000aa010000000000000000aa010000000000000000aa010000000000000000aa010000000000000000aa010000000000000000aa010000000000000000aa010000000000000000aa010000000000000000aa010000000000000000aa010000000000000000aa0100000000
01:07:31.973 [DEBUG] [serial] RX 128 bytes: 00000000aa010000000000000000aa010000000000000000aa010000000000000000aa010000000000000000aa010000000000000000aa010000000000000000aa010000000000000000aa010000000000000000aa010000000000000000aa010000000000000000aa010000000000000000aa010000000000000000aa010000
01:07:31.977 [DEBUG] [serial] RX 128 bytes: 000000000000aa010000000000000000aa010000000000000000aa010000000000000000aa010000000000000000aa010000000000000000aa010000000000000000aa010000000000000000aa010000000000000000aa010000000000000000aa010000000000000000aa010000000000000000aa010000000000000000aa01
01:07:31.977 [DEBUG] [serial] PKT #29000: flags=0x01 in=0 ds=0 flt=0
01:07:31.981 [DEBUG] [serial] RX 128 bytes: 0000000000000000aa010000000000000000aa010000000000000000aa010000000000000000aa010000000000000000aa010000000000000000aa010000000000000000aa010000000000000000aa010000000000000000aa010000000000000000aa010000000000000000aa010000000000000000aa010000000000000000
01:07:31.985 [DEBUG] [serial] RX 128 bytes: aa010000000000000000aa010000000000000000aa010000000000000000aa010000000000000000aa010000000000000000aa010000000000000000aa010000000000000000aa010000000000000000aa010000000000000000aa010000000000000000aa010000000000000000aa010000000000000000aa01000000000000
01:07:31.989 [DEBUG] [serial] RX 128 bytes: 0000aa010000000000000000aa010000000000000000aa010000000000000000aa010000000000000000aa010000000000000000aa010000000000000000aa010000000000000000aa010000000000000000aa010000000000000000aa010000000000000000aa010000000000000000aa010000000000000000aa0100000000
01:07:31.993 [DEBUG] [serial] RX 128 bytes: 00000000aa010000000000000000aa010000000000000000aa010000000000000000aa010000000000000000aa010000000000000000aa010000000000000000aa010000000000000000aa010000000000000000aa010000000000000000aa010000000000000000aa010000000000000000aa010000000000000000aa010000
01:07:31.997 [DEBUG] [serial] RX 128 bytes: 000000000000aa010000000000000000aa010000000000000000aa010000000000000000aa010000000000000000aa010000000000000000aa010000000000000000aa010000000000000000aa010000000000000000aa010000000000000000aa010000000000000000aa010000000000000000aa010000000000000000aa01
01:07:32.001 [DEBUG] [serial] RX 128 bytes: 0000000000000000aa010000000000000000aa010000000000000000aa010000000000000000aa010000000000000000aa010000000000000000aa010000000000000000aa010000000000000000aa010000000000000000aa010000000000000000aa010000000000000000aa010000000000000000aa010000000000000000
01:07:32.005 [DEBUG] [serial] RX 128 bytes: aa010000000000000000aa010000000000000000aa010000000000000000aa010000000000000000aa010000000000000000aa010000000000000000aa010000000000000000aa010000000000000000aa010000000000000000aa010000000000000000aa010000000000000000aa010000000000000000aa01000000000000
01:07:32.009 [DEBUG] [serial] RX 128 bytes: 0000aa010000000000000000aa010000000000000000aa010000000000000000aa010000000000000000aa010000000000000000aa010000000000000000aa010000000000000000aa010000000000000000aa010000000000000000aa010000000000000000aa010000000000000000aa010000000000000000aa0100000000
01:07:32.013 [DEBUG] [serial] RX 128 bytes: 00000000aa010000000000000000aa010000000000000000aa010000000000000000aa010000000000000000aa010000000000000000aa010000000000000000aa010000000000000000aa010000000000000000aa010000000000000000aa010000000000000000aa010000000000000000aa010000000000000000aa010000
01:07:32.017 [DEBUG] [serial] RX 128 bytes: 000000000000aa010000000000000000aa010000000000000000aa010000000000000000aa010000000000000000aa010000000000000000aa010000000000000000aa010000000000000000aa010000000000000000aa010000000000000000aa010000000000000000aa010000000000000000aa010000000000000000aa01
01:07:32.020 [DEBUG] [serial] RX 128 bytes: 0000000000000000aa010000000000000000aa010000000000000000aa010000000000000000aa010000000000000000aa010000000000000000aa010000000000000000aa010000000000000000aa010000000000000000aa010000000000000000aa010000000000000000aa010000000000000000aa010000000000000000
01:07:32.024 [DEBUG] [serial] RX 128 bytes: aa010000000000000000aa010000000000000000aa010000000000000000aa010000000000000000aa010000000000000000aa010000000000000000aa010000000000000000aa010000000000000000aa010000000000000000aa010000000000000000aa010000000000000000aa010000000000000000aa01000000000000
01:07:32.028 [DEBUG] [serial] RX 128 bytes: 0000aa010000000000000000aa010000000000000000aa010000000000000000aa010000000000000000aa010000000000000000aa010000000000000000aa010000000000000000aa010000000000000000aa010000000000000000aa010000000000000000aa010000000000000000aa010000000000000000aa0100000000
01:07:32.033 [DEBUG] [serial] RX 128 bytes: 00000000aa010000000000000000aa010000000000000000aa010000000000000000aa010000000000000000aa010000000000000000aa010000000000000000aa010000000000000000aa010000000000000000aa010000000000000000aa010000000000000000aa010000000000000000aa010000000000000000aa010000
01:07:32.037 [DEBUG] [serial] RX 128 bytes: 000000000000aa010000000000000000aa010000000000000000aa010000000000000000aa010000000000000000aa010000000000000000aa010000000000000000aa010000000000000000aa010000000000000000aa010000000000000000aa010000000000000000aa010000000000000000aa010000000000000000aa01
01:07:32.040 [DEBUG] [serial] RX 128 bytes: 0000000000000000aa010000000000000000aa010000000000000000aa010000000000000000aa010000000000000000aa010000000000000000aa010000000000000000aa010000000000000000aa010000000000000000aa010000000000000000aa010000000000000000aa010000000000000000aa010000000000000000
01:07:32.044 [DEBUG] [serial] RX 128 bytes: aa010000000000000000aa010000000000000000aa010000000000000000aa010000000000000000aa010000000000000000aa010000000000000000aa010000000000000000aa010000000000000000aa010000000000000000aa010000000000000000aa010000000000000000aa010000000000000000aa01000000000000
01:07:32.048 [DEBUG] [serial] RX 128 bytes: 0000aa010000000000000000aa010000000000000000aa010000000000000000aa010000000000000000aa010000000000000000aa010000000000000000aa010000000000000000aa010000000000000000aa010000000000000000aa010000000000000000aa010000000000000000aa010000000000000000aa0100000000
01:07:32.052 [DEBUG] [serial] RX 128 bytes: 00000000aa010000000000000000aa010000000000000000aa010000000000000000aa010000000000000000aa010000000000000000aa010000000000000000aa010000000000000000aa010000000000000000aa010000000000000000aa010000000000000000aa010000000000000000aa010000000000000000aa010000
01:07:32.056 [DEBUG] [serial] RX 128 bytes: 000000000000aa010000000000000000aa010000000000000000aa010000000000000000aa010000000000000000aa010000000000000000aa010000000000000000aa010000000000000000aa010000000000000000aa010000000000000000aa010000000000000000aa010000000000000000aa010000000000000000aa01
01:07:32.060 [DEBUG] [serial] RX 128 bytes: 0000000000000000aa010000000000000000aa010000000000000000aa010000000000000000aa010000000000000000aa010000000000000000aa010000000000000000aa010000000000000000aa010000000000000000aa010000000000000000aa010000000000000000aa010000000000000000aa010000000000000000
01:07:32.064 [DEBUG] [serial] RX 128 bytes: aa010000000000000000aa010000000000000000aa010000000000000000aa010000000000000000aa010000000000000000aa010000000000000000aa010000000000000000aa010000000000000000aa010000000000000000aa010000000000000000aa010000000000000000aa010000000000000000aa01000000000000
01:07:32.068 [DEBUG] [serial] RX 128 bytes: 0000aa010000000000000000aa010000000000000000aa010000000000000000aa010000000000000000aa010000000000000000aa010000000000000000aa010000000000000000aa010000000000000000aa010000000000000000aa010000000000000000aa010000000000000000aa010000000000000000aa0100000000
01:07:32.072 [DEBUG] [serial] RX 128 bytes: 00000000aa010000000000000000aa010000000000000000aa010000000000000000aa010000000000000000aa010000000000000000aa010000000000000000aa010000000000000000aa010000000000000000aa010000000000000000aa010000000000000000aa010000000000000000aa010000000000000000aa010000
01:07:32.077 [DEBUG] [serial] RX 128 bytes: 000000000000aa010000000000000000aa010000000000000000aa010000000000000000aa010000000000000000aa010000000000000000aa010000000000000000aa010000000000000000aa010000000000000000aa010000000000000000aa010000000000000000aa010000000000000000aa010000000000000000aa01
01:07:32.080 [DEBUG] [serial] RX 128 bytes: 0000000000000000aa010000000000000000aa010000000000000000aa010000000000000000aa010000000000000000aa010000000000000000aa010000000000000000aa010000000000000000aa010000000000000000aa010000000000000000aa010000000000000000aa010000000000000000aa010000000000000000
01:07:32.084 [DEBUG] [serial] RX 128 bytes: aa010000000000000000aa010000000000000000aa010000000000000000aa010000000000000000aa010000000000000000aa010000000000000000aa010000000000000000aa010000000000000000aa010000000000000000aa010000000000000000aa010000000000000000aa010000000000000000aa01000000000000
01:07:32.088 [DEBUG] [serial] RX 128 bytes: 0000aa010000000000000000aa010000000000000000aa010000000000000000aa010000000000000000aa010000000000000000aa010000000000000000aa010000000000000000aa010000000000000000aa010000000000000000aa010000000000000000aa010000000000000000aa010000000000000000aa0100000000
01:07:32.092 [DEBUG] [serial] RX 128 bytes: 00000000aa010000000000000000aa010000000000000000aa010000000000000000aa010000000000000000aa010000000000000000aa010000000000000000aa010000000000000000aa010000000000000000aa010000000000000000aa010000000000000000aa010000000000000000aa010000000000000000aa010000
01:07:32.096 [DEBUG] [serial] RX 128 bytes: 000000000000aa010000000000000000aa010000000000000000aa010000000000000000aa010000000000000000aa010000000000000000aa010000000000000000aa010000000000000000aa010000000000000000aa010000000000000000aa010000000000000000aa010000000000000000aa010000000000000000aa01
01:07:32.100 [DEBUG] [serial] RX 128 bytes: 0000000000000000aa010000000000000000aa010000000000000000aa010000000000000000aa010000000000000000aa010000000000000000aa010000000000000000aa010000000000000000aa010000000000000000aa010000000000000000aa010000000000000000aa010000000000000000aa010000000000000000
01:07:32.104 [DEBUG] [serial] RX 128 bytes: aa010000000000000000aa010000000000000000aa010000000000000000aa010000000000000000aa010000000000000000aa010000000000000000aa010000000000000000aa010000000000000000aa010000000000000000aa010000000000000000aa010000000000000000aa010000000000000000aa01000000000000
01:07:32.108 [DEBUG] [serial] RX 128 bytes: 0000aa010000000000000000aa010000000000000000aa010000000000000000aa010000000000000000aa010000000000000000aa010000000000000000aa010000000000000000aa010000000000000000aa010000000000000000aa010000000000000000aa010000000000000000aa010000000000000000aa0100000000
01:07:32.112 [DEBUG] [serial] RX 128 bytes: 00000000aa010000000000000000aa010000000000000000aa010000000000000000aa010000000000000000aa010000000000000000aa010000000000000000aa010000000000000000aa010000000000000000aa010000000000000000aa010000000000000000aa010000000000000000aa010000000000000000aa010000
01:07:32.116 [DEBUG] [serial] RX 128 bytes: 000000000000aa010000000000000000aa010000000000000000aa010000000000000000aa010000000000000000aa010000000000000000aa010000000000000000aa010000000000000000aa010000000000000000aa010000000000000000aa010000000000000000aa010000000000000000aa010000000000000000aa01
01:07:32.120 [DEBUG] [serial] RX 128 bytes: 0000000000000000aa010000000000000000aa010000000000000000aa010000000000000000aa010000000000000000aa010000000000000000aa010000000000000000aa010000000000000000aa010000000000000000aa010000000000000000aa010000000000000000aa010000000000000000aa010000000000000000
01:07:32.124 [DEBUG] [serial] RX 128 bytes: aa010000000000000000aa010000000000000000aa010000000000000000aa010000000000000000aa010000000000000000aa010000000000000000aa010000000000000000aa010000000000000000aa010000000000000000aa010000000000000000aa010000000000000000aa010000000000000000aa01000000000000
01:07:32.128 [DEBUG] [serial] RX 128 bytes: 0000aa010000000000000000aa010000000000000000aa010000000000000000aa010000000000000000aa010000000000000000aa010000000000000000aa010000000000000000aa010000000000000000aa010000000000000000aa010000000000000000aa010000000000000000aa010000000000000000aa0100000000
01:07:32.132 [DEBUG] [serial] RX 128 bytes: 00000000aa010000000000000000aa010000000000000000aa010000000000000000aa010000000000000000aa010000000000000000aa010000000000000000aa010000000000000000aa010000000000000000aa010000000000000000aa010000000000000000aa010000000000000000aa010000000000000000aa010000
01:07:32.132 [DEBUG] [serial] PKT #29500: flags=0x01 in=0 ds=0 flt=0
01:07:32.136 [DEBUG] [serial] RX 128 bytes: 000000000000aa010000000000000000aa010000000000000000aa010000000000000000aa010000000000000000aa010000000000000000aa010000000000000000aa010000000000000000aa010000000000000000aa010000000000000000aa010000000000000000aa010000000000000000aa010000000000000000aa01
01:07:32.140 [DEBUG] [serial] RX 128 bytes: 0000000000000000aa010000000000000000aa010000000000000000aa010000000000000000aa010000000000000000aa010000000000000000aa010000000000000000aa010000000000000000aa010000000000000000aa010000000000000000aa010000000000000000aa010000000000000000aa010000000000000000
01:07:32.144 [DEBUG] [serial] RX 128 bytes: aa010000000000000000aa010000000000000000aa010000000000000000aa010000000000000000aa010000000000000000aa010000000000000000aa010000000000000000aa010000000000000000aa010000000000000000aa010000000000000000aa010000000000000000aa010000000000000000aa01000000000000
01:07:32.148 [DEBUG] [serial] RX 128 bytes: 0000aa010000000000000000aa010000000000000000aa010000000000000000aa010000000000000000aa010000000000000000aa010000000000000000aa010000000000000000aa010000000000000000aa010000000000000000aa010000000000000000aa010000000000000000aa010000000000000000aa0100000000
01:07:32.152 [DEBUG] [serial] RX 128 bytes: 00000000aa010000000000000000aa010000000000000000aa010000000000000000aa010000000000000000aa010000000000000000aa010000000000000000aa010000000000000000aa010000000000000000aa010000000000000000aa010000000000000000aa010000000000000000aa010000000000000000aa010000
01:07:32.156 [DEBUG] [serial] RX 128 bytes: 000000000000aa010000000000000000aa010000000000000000aa010000000000000000aa010000000000000000aa010000000000000000aa010000000000000000aa010000000000000000aa010000000000000000aa010000000000000000aa010000000000000000aa010000000000000000aa010000000000000000aa01
01:07:32.159 [DEBUG] [serial] RX 128 bytes: 0000000000000000aa010000000000000000aa010000000000000000aa010000000000000000aa010000000000000000aa010000000000000000aa010000000000000000aa010000000000000000aa010000000000000000aa010000000000000000aa010000000000000000aa010000000000000000aa010000000000000000
01:07:32.164 [DEBUG] [serial] RX 128 bytes: aa010000000000000000aa010000000000000000aa010000000000000000aa010000000000000000aa010000000000000000aa010000000000000000aa010000000000000000aa010000000000000000aa010000000000000000aa010000000000000000aa010000000000000000aa010000000000000000aa01000000000000
01:07:32.168 [DEBUG] [serial] RX 128 bytes: 0000aa010000000000000000aa010000000000000000aa010000000000000000aa010000000000000000aa010000000000000000aa010000000000000000aa010000000000000000aa010000000000000000aa010000000000000000aa010000000000000000aa010000000000000000aa010000000000000000aa0100000000
01:07:32.172 [DEBUG] [serial] RX 128 bytes: 00000000aa010000000000000000aa010000000000000000aa010000000000000000aa010000000000000000aa010000000000000000aa010000000000000000aa010000000000000000aa010000000000000000aa010000000000000000aa010000000000000000aa010000000000000000aa010000000000000000aa010000
01:07:32.176 [DEBUG] [serial] RX 128 bytes: 000000000000aa010000000000000000aa010000000000000000aa010000000000000000aa010000000000000000aa010000000000000000aa010000000000000000aa010000000000000000aa010000000000000000aa010000000000000000aa010000000000000000aa010000000000000000aa010000000000000000aa01
01:07:32.179 [DEBUG] [serial] RX 128 bytes: 0000000000000000aa010000000000000000aa010000000000000000aa010000000000000000aa010000000000000000aa010000000000000000aa010000000000000000aa010000000000000000aa010000000000000000aa010000000000000000aa010000000000000000aa010000000000000000aa010000000000000000
01:07:32.183 [DEBUG] [serial] RX 128 bytes: aa010000000000000000aa010000000000000000aa010000000000000000aa010000000000000000aa010000000000000000aa010000000000000000aa010000000000000000aa010000000000000000aa010000000000000000aa010000000000000000aa010000000000000000aa010000000000000000aa01000000000000
01:07:32.187 [DEBUG] [serial] RX 128 bytes: 0000aa010000000000000000aa010000000000000000aa010000000000000000aa010000000000000000aa010000000000000000aa010000000000000000aa010000000000000000aa010000000000000000aa010000000000000000aa010000000000000000aa010000000000000000aa010000000000000000aa0100000000
01:07:32.191 [DEBUG] [serial] RX 128 bytes: 00000000aa010000000000000000aa010000000000000000aa010000000000000000aa010000000000000000aa010000000000000000aa010000000000000000aa010000000000000000aa010000000000000000aa010000000000000000aa010000000000000000aa010000000000000000aa010000000000000000aa010000
01:07:32.196 [DEBUG] [serial] RX 128 bytes: 000000000000aa010000000000000000aa010000000000000000aa010000000000000000aa010000000000000000aa010000000000000000aa010000000000000000aa010000000000000000aa010000000000000000aa010000000000000000aa010000000000000000aa010000000000000000aa010000000000000000aa01
01:07:32.199 [DEBUG] [serial] RX 128 bytes: 0000000000000000aa010000000000000000aa010000000000000000aa010000000000000000aa010000000000000000aa010000000000000000aa010000000000000000aa010000000000000000aa010000000000000000aa010000000000000000aa010000000000000000aa010000000000000000aa010000000000000000
01:07:32.203 [DEBUG] [serial] RX 128 bytes: aa010000000000000000aa010000000000000000aa010000000000000000aa010000000000000000aa010000000000000000aa010000000000000000aa010000000000000000aa010000000000000000aa010000000000000000aa010000000000000000aa010000000000000000aa010000000000000000aa01000000000000
01:07:32.207 [DEBUG] [serial] RX 128 bytes: 0000aa010000000000000000aa010000000000000000aa010000000000000000aa010000000000000000aa010000000000000000aa010000000000000000aa010000000000000000aa010000000000000000aa010000000000000000aa010000000000000000aa010000000000000000aa010000000000000000aa0100000000
01:07:32.211 [DEBUG] [serial] RX 128 bytes: 00000000aa010000000000000000aa010000000000000000aa010000000000000000aa010000000000000000aa010000000000000000aa010000000000000000aa010000000000000000aa010000000000000000aa010000000000000000aa010000000000000000aa010000000000000000aa010000000000000000aa010000
01:07:32.215 [DEBUG] [serial] RX 128 bytes: 000000000000aa010000000000000000aa010000000000000000aa010000000000000000aa010000000000000000aa010000000000000000aa010000000000000000aa010000000000000000aa010000000000000000aa010000000000000000aa010000000000000000aa010000000000000000aa010000000000000000aa01
01:07:32.219 [DEBUG] [serial] RX 128 bytes: 0000000000000000aa010000000000000000aa010000000000000000aa010000000000000000aa010000000000000000aa010000000000000000aa010000000000000000aa010000000000000000aa010000000000000000aa010000000000000000aa010000000000000000aa010000000000000000aa010000000000000000
01:07:32.223 [DEBUG] [serial] RX 128 bytes: aa010000000000000000aa010000000000000000aa010000000000000000aa010000000000000000aa010000000000000000aa010000000000000000aa010000000000000000aa010000000000000000aa010000000000000000aa010000000000000000aa010000000000000000aa010000000000000000aa01000000000000
01:07:32.227 [DEBUG] [serial] RX 128 bytes: 0000aa010000000000000000aa010000000000000000aa010000000000000000aa010000000000000000aa010000000000000000aa010000000000000000aa010000000000000000aa010000000000000000aa010000000000000000aa010000000000000000aa010000000000000000aa010000000000000000aa0100000000
01:07:32.231 [DEBUG] [serial] RX 128 bytes: 00000000aa010000000000000000aa010000000000000000aa010000000000000000aa010000000000000000aa010000000000000000aa010000000000000000aa010000000000000000aa010000000000000000aa010000000000000000aa010000000000000000aa010000000000000000aa010000000000000000aa010000
01:07:32.235 [DEBUG] [serial] RX 128 bytes: 000000000000aa010000000000000000aa010000000000000000aa010000000000000000aa010000000000000000aa010000000000000000aa010000000000000000aa010000000000000000aa010000000000000000aa010000000000000000aa010000000000000000aa010000000000000000aa010000000000000000aa01
01:07:32.239 [DEBUG] [serial] RX 128 bytes: 0000000000000000aa010000000000000000aa010000000000000000aa010000000000000000aa010000000000000000aa010000000000000000aa010000000000000000aa010000000000000000aa010000000000000000aa010000000000000000aa010000000000000000aa010000000000000000aa010000000000000000
01:07:32.243 [DEBUG] [serial] RX 128 bytes: aa010000000000000000aa010000000000000000aa010000000000000000aa010000000000000000aa010000000000000000aa010000000000000000aa010000000000000000aa010000000000000000aa010000000000000000aa010000000000000000aa010000000000000000aa010000000000000000aa01000000000000
01:07:32.247 [DEBUG] [serial] RX 128 bytes: 0000aa010000000000000000aa010000000000000000aa010000000000000000aa010000000000000000aa010000000000000000aa010000000000000000aa010000000000000000aa010000000000000000aa010000000000000000aa010000000000000000aa010000000000000000aa010000000000000000aa0100000000
01:07:32.251 [DEBUG] [serial] RX 128 bytes: 00000000aa010000000000000000aa010000000000000000aa010000000000000000aa010000000000000000aa010000000000000000aa010000000000000000aa010000000000000000aa010000000000000000aa010000000000000000aa010000000000000000aa010000000000000000aa010000000000000000aa010000
01:07:32.255 [DEBUG] [serial] RX 128 bytes: 000000000000aa010000000000000000aa010000000000000000aa010000000000000000aa010000000000000000aa010000000000000000aa010000000000000000aa010000000000000000aa010000000000000000aa010000000000000000aa010000000000000000aa010000000000000000aa010000000000000000aa01
01:07:32.259 [DEBUG] [serial] RX 128 bytes: 0000000000000000aa010000000000000000aa010000000000000000aa010000000000000000aa010000000000000000aa010000000000000000aa010000000000000000aa010000000000000000aa010000000000000000aa010000000000000000aa010000000000000000aa010000000000000000aa010000000000000000
01:07:32.263 [DEBUG] [serial] RX 128 bytes: aa010000000000000000aa010000000000000000aa010000000000000000aa010000000000000000aa010000000000000000aa010000000000000000aa010000000000000000aa010000000000000000aa010000000000000000aa010000000000000000aa010000000000000000aa010000000000000000aa01000000000000
01:07:32.267 [DEBUG] [serial] RX 128 bytes: 0000aa010000000000000000aa010000000000000000aa010000000000000000aa010000000000000000aa010000000000000000aa010000000000000000aa010000000000000000aa010000000000000000aa010000000000000000aa010000000000000000aa010000000000000000aa010000000000000000aa0100000000
01:07:32.271 [DEBUG] [serial] RX 128 bytes: 00000000aa010000000000000000aa010000000000000000aa010000000000000000aa010000000000000000aa010000000000000000aa010000000000000000aa010000000000000000aa010000000000000000aa010000000000000000aa010000000000000000aa010000000000000000aa010000000000000000aa010000
01:07:32.275 [DEBUG] [serial] RX 128 bytes: 000000000000aa010000000000000000aa010000000000000000aa010000000000000000aa010000000000000000aa010000000000000000aa010000000000000000aa010000000000000000aa010000000000000000aa010000000000000000aa010000000000000000aa010000000000000000aa010000000000000000aa01
01:07:32.279 [DEBUG] [serial] RX 128 bytes: 0000000000000000aa010000000000000000aa010000000000000000aa010000000000000000aa010000000000000000aa010000000000000000aa010000000000000000aa010000000000000000aa010000000000000000aa010000000000000000aa010000000000000000aa010000000000000000aa010000000000000000
01:07:32.283 [DEBUG] [serial] RX 128 bytes: aa010000000000000000aa010000000000000000aa010000000000000000aa010000000000000000aa010000000000000000aa010000000000000000aa010000000000000000aa010000000000000000aa010000000000000000aa010000000000000000aa010000000000000000aa010000000000000000aa01000000000000
01:07:32.287 [DEBUG] [serial] RX 128 bytes: 0000aa010000000000000000aa010000000000000000aa010000000000000000aa010000000000000000aa010000000000000000aa010000000000000000aa010000000000000000aa010000000000000000aa010000000000000000aa010000000000000000aa010000000000000000aa010000000000000000aa0100000000
01:07:32.287 [DEBUG] [serial] PKT #30000: flags=0x01 in=0 ds=0 flt=0
01:07:32.291 [DEBUG] [serial] RX 128 bytes: 00000000aa010000000000000000aa010000000000000000aa010000000000000000aa010000000000000000aa010000000000000000aa010000000000000000aa010000000000000000aa010000000000000000aa010000000000000000aa010000000000000000aa010000000000000000aa010000000000000000aa010000
01:07:32.295 [DEBUG] [serial] RX 128 bytes: 000000000000aa010000000000000000aa010000000000000000aa010000000000000000aa010000000000000000aa010000000000000000aa010000000000000000aa010000000000000000aa010000000000000000aa010000000000000000aa010000000000000000aa010000000000000000aa010000000000000000aa01
01:07:32.299 [DEBUG] [serial] RX 128 bytes: 0000000000000000aa010000000000000000aa010000000000000000aa010000000000000000aa010000000000000000aa010000000000000000aa010000000000000000aa010000000000000000aa010000000000000000aa010000000000000000aa010000000000000000aa010000000000000000aa010000000000000000
01:07:32.303 [DEBUG] [serial] RX 128 bytes: aa010000000000000000aa010000000000000000aa010000000000000000aa010000000000000000aa010000000000000000aa010000000000000000aa010000000000000000aa010000000000000000aa010000000000000000aa010000000000000000aa010000000000000000aa010000000000000000aa01000000000000
01:07:32.307 [DEBUG] [serial] RX 128 bytes: 0000aa010000000000000000aa010000000000000000aa010000000000000000aa010000000000000000aa010000000000000000aa010000000000000000aa010000000000000000aa010000000000000000aa010000000000000000aa010000000000000000aa010000000000000000aa010000000000000000aa0100000000
01:07:32.311 [DEBUG] [serial] RX 128 bytes: 00000000aa010000000000000000aa010000000000000000aa010000000000000000aa010000000000000000aa010000000000000000aa010000000000000000aa010000000000000000aa010000000000000000aa010000000000000000aa010000000000000000aa010000000000000000aa010000000000000000aa010000
01:07:32.315 [DEBUG] [serial] RX 128 bytes: 000000000000aa010000000000000000aa010000000000000000aa010000000000000000aa010000000000000000aa010000000000000000aa010000000000000000aa010000000000000000aa010000000000000000aa010000000000000000aa010000000000000000aa010000000000000000aa010000000000000000aa01
01:07:32.318 [DEBUG] [serial] RX 128 bytes: 0000000000000000aa010000000000000000aa010000000000000000aa010000000000000000aa010000000000000000aa010000000000000000aa010000000000000000aa010000000000000000aa010000000000000000aa010000000000000000aa010000000000000000aa010000000000000000aa010000000000000000
01:07:32.322 [DEBUG] [serial] RX 128 bytes: aa010000000000000000aa010000000000000000aa010000000000000000aa010000000000000000aa010000000000000000aa010000000000000000aa010000000000000000aa010000000000000000aa010000000000000000aa010000000000000000aa010000000000000000aa010000000000000000aa01000000000000
01:07:32.327 [DEBUG] [serial] RX 128 bytes: 0000aa010000000000000000aa010000000000000000aa010000000000000000aa010000000000000000aa010000000000000000aa010000000000000000aa010000000000000000aa010000000000000000aa010000000000000000aa010000000000000000aa010000000000000000aa010000000000000000aa0100000000
01:07:32.331 [DEBUG] [serial] RX 128 bytes: 00000000aa010000000000000000aa010000000000000000aa010000000000000000aa010000000000000000aa010000000000000000aa010000000000000000aa010000000000000000aa010000000000000000aa010000000000000000aa010000000000000000aa010000000000000000aa010000000000000000aa010000
01:07:32.335 [DEBUG] [serial] RX 128 bytes: 000000000000aa010000000000000000aa010000000000000000aa010000000000000000aa010000000000000000aa010000000000000000aa010000000000000000aa010000000000000000aa010000000000000000aa010000000000000000aa010000000000000000aa010000000000000000aa010000000000000000aa01
01:07:32.338 [DEBUG] [serial] RX 128 bytes: 0000000000000000aa010000000000000000aa010000000000000000aa010000000000000000aa010000000000000000aa010000000000000000aa010000000000000000aa010000000000000000aa010000000000000000aa010000000000000000aa010000000000000000aa010000000000000000aa010000000000000000
01:07:32.342 [DEBUG] [serial] RX 128 bytes: aa010000000000000000aa010000000000000000aa010000000000000000aa010000000000000000aa010000000000000000aa010000000000000000aa010000000000000000aa010000000000000000aa010000000000000000aa010000000000000000aa010000000000000000aa010000000000000000aa01000000000000
01:07:32.346 [DEBUG] [serial] RX 128 bytes: 0000aa010000000000000000aa010000000000000000aa010000000000000000aa010000000000000000aa010000000000000000aa010000000000000000aa010000000000000000aa010000000000000000aa010000000000000000aa010000000000000000aa010000000000000000aa010000000000000000aa0100000000
01:07:32.350 [DEBUG] [serial] RX 128 bytes: 00000000aa010000000000000000aa010000000000000000aa010000000000000000aa010000000000000000aa010000000000000000aa010000000000000000aa010000000000000000aa010000000000000000aa010000000000000000aa010000000000000000aa010000000000000000aa010000000000000000aa010000
01:07:32.354 [DEBUG] [serial] RX 128 bytes: 000000000000aa010000000000000000aa010000000000000000aa010000000000000000aa010000000000000000aa010000000000000000aa010000000000000000aa010000000000000000aa010000000000000000aa010000000000000000aa010000000000000000aa010000000000000000aa010000000000000000aa01
01:07:32.358 [DEBUG] [serial] RX 128 bytes: 0000000000000000aa010000000000000000aa010000000000000000aa010000000000000000aa010000000000000000aa010000000000000000aa010000000000000000aa010000000000000000aa010000000000000000aa010000000000000000aa010000000000000000aa010000000000000000aa010000000000000000
01:07:32.362 [DEBUG] [serial] RX 128 bytes: aa010000000000000000aa010000000000000000aa010000000000000000aa010000000000000000aa010000000000000000aa010000000000000000aa010000000000000000aa010000000000000000aa010000000000000000aa010000000000000000aa010000000000000000aa010000000000000000aa01000000000000
01:07:32.366 [DEBUG] [serial] RX 128 bytes: 0000aa010000000000000000aa010000000000000000aa010000000000000000aa010000000000000000aa010000000000000000aa010000000000000000aa010000000000000000aa010000000000000000aa010000000000000000aa010000000000000000aa010000000000000000aa010000000000000000aa0100000000
01:07:32.370 [DEBUG] [serial] RX 128 bytes: 00000000aa010000000000000000aa010000000000000000aa010000000000000000aa010000000000000000aa010000000000000000aa010000000000000000aa010000000000000000aa010000000000000000aa010000000000000000aa010000000000000000aa010000000000000000aa010000000000000000aa010000
01:07:32.374 [DEBUG] [serial] RX 128 bytes: 000000000000aa010000000000000000aa010000000000000000aa010000000000000000aa010000000000000000aa010000000000000000aa010000000000000000aa010000000000000000aa010000000000000000aa010000000000000000aa010000000000000000aa010000000000000000aa010000000000000000aa01
01:07:32.378 [DEBUG] [serial] RX 128 bytes: 0000000000000000aa010000000000000000aa010000000000000000aa010000000000000000aa010000000000000000aa010000000000000000aa010000000000000000aa010000000000000000aa010000000000000000aa010000000000000000aa010000000000000000aa010000000000000000aa010000000000000000
01:07:32.382 [DEBUG] [serial] RX 128 bytes: aa010000000000000000aa010000000000000000aa010000000000000000aa010000000000000000aa010000000000000000aa010000000000000000aa010000000000000000aa010000000000000000aa010000000000000000aa010000000000000000aa010000000000000000aa010000000000000000aa01000000000000
01:07:32.386 [DEBUG] [serial] RX 128 bytes: 0000aa010000000000000000aa010000000000000000aa010000000000000000aa010000000000000000aa010000000000000000aa010000000000000000aa010000000000000000aa010000000000000000aa010000000000000000aa010000000000000000aa010000000000000000aa010000000000000000aa0100000000
01:07:32.390 [DEBUG] [serial] RX 128 bytes: 00000000aa010000000000000000aa010000000000000000aa010000000000000000aa010000000000000000aa010000000000000000aa010000000000000000aa010000000000000000aa010000000000000000aa010000000000000000aa010000000000000000aa010000000000000000aa010000000000000000aa010000
01:07:32.394 [DEBUG] [serial] RX 128 bytes: 000000000000aa010000000000000000aa010000000000000000aa010000000000000000aa010000000000000000aa010000000000000000aa010000000000000000aa010000000000000000aa010000000000000000aa010000000000000000aa010000000000000000aa010000000000000000aa010000000000000000aa01
01:07:32.398 [DEBUG] [serial] RX 128 bytes: 0000000000000000aa010000000000000000aa010000000000000000aa010000000000000000aa010000000000000000aa010000000000000000aa010000000000000000aa010000000000000000aa010000000000000000aa010000000000000000aa010000000000000000aa010000000000000000aa010000000000000000
01:07:32.402 [DEBUG] [serial] RX 128 bytes: aa010000000000000000aa010000000000000000aa010000000000000000aa010000000000000000aa010000000000000000aa010000000000000000aa010000000000000000aa010000000000000000aa010000000000000000aa010000000000000000aa010000000000000000aa010000000000000000aa01000000000000
01:07:32.406 [DEBUG] [serial] RX 128 bytes: 0000aa010000000000000000aa010000000000000000aa010000000000000000aa010000000000000000aa010000000000000000aa010000000000000000aa010000000000000000aa010000000000000000aa010000000000000000aa010000000000000000aa010000000000000000aa010000000000000000aa0100000000
01:07:32.410 [DEBUG] [serial] RX 128 bytes: 00000000aa010000000000000000aa010000000000000000aa010000000000000000aa010000000000000000aa010000000000000000aa010000000000000000aa010000000000000000aa010000000000000000aa010000000000000000aa010000000000000000aa010000000000000000aa010000000000000000aa010000
01:07:32.414 [DEBUG] [serial] RX 128 bytes: 000000000000aa010000000000000000aa010000000000000000aa010000000000000000aa010000000000000000aa010000000000000000aa010000000000000000aa010000000000000000aa010000000000000000aa010000000000000000aa010000000000000000aa010000000000000000aa010000000000000000aa01
01:07:32.418 [DEBUG] [serial] RX 128 bytes: 0000000000000000aa010000000000000000aa010000000000000000aa010000000000000000aa010000000000000000aa010000000000000000aa010000000000000000aa010000000000000000aa010000000000000000aa010000000000000000aa010000000000000000aa010000000000000000aa010000000000000000
01:07:32.422 [DEBUG] [serial] RX 128 bytes: aa010000000000000000aa010000000000000000aa010000000000000000aa010000000000000000aa010000000000000000aa010000000000000000aa010000000000000000aa010000000000000000aa010000000000000000aa010000000000000000aa010000000000000000aa010000000000000000aa01000000000000
01:07:32.426 [DEBUG] [serial] RX 128 bytes: 0000aa010000000000000000aa010000000000000000aa010000000000000000aa010000000000000000aa010000000000000000aa010000000000000000aa010000000000000000aa010000000000000000aa010000000000000000aa010000000000000000aa010000000000000000aa010000000000000000aa0100000000
01:07:32.430 [DEBUG] [serial] RX 128 bytes: 00000000aa010000000000000000aa010000000000000000aa010000000000000000aa010000000000000000aa010000000000000000aa010000000000000000aa010000000000000000aa010000000000000000aa010000000000000000aa010000000000000000aa010000000000000000aa010000000000000000aa010000
01:07:32.434 [DEBUG] [serial] RX 128 bytes: 000000000000aa010000000000000000aa010000000000000000aa010000000000000000aa010000000000000000aa010000000000000000aa010000000000000000aa010000000000000000aa010000000000000000aa010000000000000000aa010000000000000000aa010000000000000000aa010000000000000000aa01
01:07:32.438 [DEBUG] [serial] RX 128 bytes: 0000000000000000aa010000000000000000aa010000000000000000aa010000000000000000aa010000000000000000aa010000000000000000aa010000000000000000aa010000000000000000aa010000000000000000aa010000000000000000aa010000000000000000aa010000000000000000aa010000000000000000
01:07:32.442 [DEBUG] [serial] RX 128 bytes: aa010000000000000000aa010000000000000000aa010000000000000000aa010000000000000000aa010000000000000000aa010000000000000000aa010000000000000000aa010000000000000000aa010000000000000000aa010000000000000000aa010000000000000000aa010000000000000000aa01000000000000
01:07:32.442 [DEBUG] [serial] PKT #30500: flags=0x01 in=0 ds=0 flt=0
01:07:32.446 [DEBUG] [serial] RX 128 bytes: 0000aa010000000000000000aa010000000000000000aa010000000000000000aa010000000000000000aa010000000000000000aa010000000000000000aa010000000000000000aa010000000000000000aa010000000000000000aa010000000000000000aa010000000000000000aa010000000000000000aa0100000000
01:07:32.450 [DEBUG] [serial] RX 128 bytes: 00000000aa010000000000000000aa010000000000000000aa010000000000000000aa010000000000000000aa010000000000000000aa010000000000000000aa010000000000000000aa010000000000000000aa010000000000000000aa010000000000000000aa010000000000000000aa010000000000000000aa010000
01:07:32.454 [DEBUG] [serial] RX 128 bytes: 000000000000aa010000000000000000aa010000000000000000aa010000000000000000aa010000000000000000aa010000000000000000aa010000000000000000aa010000000000000000aa010000000000000000aa010000000000000000aa010000000000000000aa010000000000000000aa010000000000000000aa01
01:07:32.458 [DEBUG] [serial] RX 128 bytes: 0000000000000000aa010000000000000000aa010000000000000000aa010000000000000000aa010000000000000000aa010000000000000000aa010000000000000000aa010000000000000000aa010000000000000000aa010000000000000000aa010000000000000000aa010000000000000000aa010000000000000000
01:07:32.462 [DEBUG] [serial] RX 128 bytes: aa010000000000000000aa010000000000000000aa010000000000000000aa010000000000000000aa010000000000000000aa010000000000000000aa010000000000000000aa010000000000000000aa010000000000000000aa010000000000000000aa010000000000000000aa010000000000000000aa01000000000000
01:07:32.466 [DEBUG] [serial] RX 128 bytes: 0000aa010000000000000000aa010000000000000000aa010000000000000000aa010000000000000000aa010000000000000000aa010000000000000000aa010000000000000000aa010000000000000000aa010000000000000000aa010000000000000000aa010000000000000000aa010000000000000000aa0100000000
01:07:32.470 [DEBUG] [serial] RX 128 bytes: 00000000aa010000000000000000aa010000000000000000aa010000000000000000aa010000000000000000aa010000000000000000aa010000000000000000aa010000000000000000aa010000000000000000aa010000000000000000aa010000000000000000aa010000000000000000aa010000000000000000aa010000
01:07:32.474 [DEBUG] [serial] RX 128 bytes: 000000000000aa010000000000000000aa010000000000000000aa010000000000000000aa010000000000000000aa010000000000000000aa010000000000000000aa010000000000000000aa010000000000000000aa010000000000000000aa010000000000000000aa010000000000000000aa010000000000000000aa01
01:07:32.477 [DEBUG] [serial] RX 128 bytes: 0000000000000000aa010000000000000000aa010000000000000000aa010000000000000000aa010000000000000000aa010000000000000000aa010000000000000000aa010000000000000000aa010000000000000000aa010000000000000000aa010000000000000000aa010000000000000000aa010000000000000000
01:07:32.481 [DEBUG] [serial] RX 128 bytes: aa010000000000000000aa010000000000000000aa010000000000000000aa010000000000000000aa010000000000000000aa010000000000000000aa010000000000000000aa010000000000000000aa010000000000000000aa010000000000000000aa010000000000000000aa010000000000000000aa01000000000000
01:07:32.485 [DEBUG] [serial] RX 128 bytes: 0000aa010000000000000000aa010000000000000000aa010000000000000000aa010000000000000000aa010000000000000000aa010000000000000000aa010000000000000000aa010000000000000000aa010000000000000000aa010000000000000000aa010000000000000000aa010000000000000000aa0100000000
01:07:32.489 [DEBUG] [serial] RX 128 bytes: 00000000aa010000000000000000aa010000000000000000aa010000000000000000aa010000000000000000aa010000000000000000aa010000000000000000aa010000000000000000aa010000000000000000aa010000000000000000aa010000000000000000aa010000000000000000aa010000000000000000aa010000
01:07:32.494 [DEBUG] [serial] RX 128 bytes: 000000000000aa010000000000000000aa010000000000000000aa010000000000000000aa010000000000000000aa010000000000000000aa010000000000000000aa010000000000000000aa010000000000000000aa010000000000000000aa010000000000000000aa010000000000000000aa010000000000000000aa01
01:07:32.497 [DEBUG] [serial] RX 128 bytes: 0000000000000000aa010000000000000000aa010000000000000000aa010000000000000000aa010000000000000000aa010000000000000000aa010000000000000000aa010000000000000000aa010000000000000000aa010000000000000000aa010000000000000000aa010000000000000000aa010000000000000000
01:07:32.501 [DEBUG] [serial] RX 128 bytes: aa010000000000000000aa010000000000000000aa010000000000000000aa010000000000000000aa010000000000000000aa010000000000000000aa010000000000000000aa010000000000000000aa010000000000000000aa010000000000000000aa010000000000000000aa010000000000000000aa01000000000000
01:07:32.505 [DEBUG] [serial] RX 128 bytes: 0000aa010000000000000000aa010000000000000000aa010000000000000000aa010000000000000000aa010000000000000000aa010000000000000000aa010000000000000000aa010000000000000000aa010000000000000000aa010000000000000000aa010000000000000000aa010000000000000000aa0100000000
01:07:32.509 [DEBUG] [serial] RX 128 bytes: 00000000aa010000000000000000aa010000000000000000aa010000000000000000aa010000000000000000aa010000000000000000aa010000000000000000aa010000000000000000aa010000000000000000aa010000000000000000aa010000000000000000aa010000000000000000aa010000000000000000aa010000
01:07:32.513 [DEBUG] [serial] RX 128 bytes: 000000000000aa010000000000000000aa010000000000000000aa010000000000000000aa010000000000000000aa010000000000000000aa010000000000000000aa010000000000000000aa010000000000000000aa010000000000000000aa010000000000000000aa010000000000000000aa010000000000000000aa01
01:07:32.517 [DEBUG] [serial] RX 128 bytes: 0000000000000000aa010000000000000000aa010000000000000000aa010000000000000000aa010000000000000000aa010000000000000000aa010000000000000000aa010000000000000000aa010000000000000000aa010000000000000000aa010000000000000000aa010000000000000000aa010000000000000000
01:07:32.521 [DEBUG] [serial] RX 128 bytes: aa010000000000000000aa010000000000000000aa010000000000000000aa010000000000000000aa010000000000000000aa010000000000000000aa010000000000000000aa010000000000000000aa010000000000000000aa010000000000000000aa010000000000000000aa010000000000000000aa01000000000000
01:07:32.525 [DEBUG] [serial] RX 128 bytes: 0000aa010000000000000000aa010000000000000000aa010000000000000000aa010000000000000000aa010000000000000000aa010000000000000000aa010000000000000000aa010000000000000000aa010000000000000000aa010000000000000000aa010000000000000000aa010000000000000000aa0100000000
01:07:32.529 [DEBUG] [serial] RX 128 bytes: 00000000aa010000000000000000aa010000000000000000aa010000000000000000aa010000000000000000aa010000000000000000aa010000000000000000aa010000000000000000aa010000000000000000aa010000000000000000aa010000000000000000aa010000000000000000aa010000000000000000aa010000
01:07:32.533 [DEBUG] [serial] RX 128 bytes: 000000000000aa010000000000000000aa010000000000000000aa010000000000000000aa010000000000000000aa010000000000000000aa010000000000000000aa010000000000000000aa010000000000000000aa010000000000000000aa010000000000000000aa010000000000000000aa010000000000000000aa01
01:07:32.537 [DEBUG] [serial] RX 128 bytes: 0000000000000000aa010000000000000000aa010000000000000000aa010000000000000000aa010000000000000000aa010000000000000000aa010000000000000000aa010000000000000000aa010000000000000000aa010000000000000000aa010000000000000000aa010000000000000000aa010000000000000000
01:07:32.541 [DEBUG] [serial] RX 128 bytes: aa010000000000000000aa010000000000000000aa010000000000000000aa010000000000000000aa010000000000000000aa010000000000000000aa010000000000000000aa010000000000000000aa010000000000000000aa010000000000000000aa010000000000000000aa010000000000000000aa01000000000000
01:07:32.546 [DEBUG] [serial] RX 128 bytes: 0000aa010000000000000000aa010000000000000000aa010000000000000000aa010000000000000000aa010000000000000000aa010000000000000000aa010000000000000000aa010000000000000000aa010000000000000000aa010000000000000000aa010000000000000000aa010000000000000000aa0100000000
01:07:32.549 [DEBUG] [serial] RX 128 bytes: 00000000aa010000000000000000aa010000000000000000aa010000000000000000aa010000000000000000aa010000000000000000aa010000000000000000aa010000000000000000aa010000000000000000aa010000000000000000aa010000000000000000aa010000000000000000aa010000000000000000aa010000
01:07:32.553 [DEBUG] [serial] RX 128 bytes: 000000000000aa010000000000000000aa010000000000000000aa010000000000000000aa010000000000000000aa010000000000000000aa010000000000000000aa010000000000000000aa010000000000000000aa010000000000000000aa010000000000000000aa010000000000000000aa010000000000000000aa01
01:07:32.557 [DEBUG] [serial] RX 128 bytes: 0000000000000000aa010000000000000000aa010000000000000000aa010000000000000000aa010000000000000000aa010000000000000000aa010000000000000000aa010000000000000000aa010000000000000000aa010000000000000000aa010000000000000000aa010000000000000000aa010000000000000000
01:07:32.561 [DEBUG] [serial] RX 128 bytes: aa010000000000000000aa010000000000000000aa010000000000000000aa010000000000000000aa010000000000000000aa010000000000000000aa010000000000000000aa010000000000000000aa010000000000000000aa010000000000000000aa010000000000000000aa010000000000000000aa01000000000000
01:07:32.565 [DEBUG] [serial] RX 128 bytes: 0000aa010000000000000000aa010000000000000000aa010000000000000000aa010000000000000000aa010000000000000000aa010000000000000000aa010000000000000000aa010000000000000000aa010000000000000000aa010000000000000000aa010000000000000000aa010000000000000000aa0100000000
01:07:32.569 [DEBUG] [serial] RX 128 bytes: 00000000aa010000000000000000aa010000000000000000aa010000000000000000aa010000000000000000aa010000000000000000aa010000000000000000aa010000000000000000aa010000000000000000aa010000000000000000aa010000000000000000aa010000000000000000aa010000000000000000aa010000
01:07:32.573 [DEBUG] [serial] RX 128 bytes: 000000000000aa010000000000000000aa010000000000000000aa010000000000000000aa010000000000000000aa010000000000000000aa010000000000000000aa010000000000000000aa010000000000000000aa010000000000000000aa010000000000000000aa010000000000000000aa010000000000000000aa01
01:07:32.577 [DEBUG] [serial] RX 128 bytes: 0000000000000000aa010000000000000000aa010000000000000000aa010000000000000000aa010000000000000000aa010000000000000000aa010000000000000000aa010000000000000000aa010000000000000000aa010000000000000000aa010000000000000000aa010000000000000000aa010000000000000000
01:07:32.581 [DEBUG] [serial] RX 128 bytes: aa010000000000000000aa010000000000000000aa010000000000000000aa010000000000000000aa010000000000000000aa010000000000000000aa010000000000000000aa010000000000000000aa010000000000000000aa010000000000000000aa010000000000000000aa010000000000000000aa01000000000000
01:07:32.585 [DEBUG] [serial] RX 128 bytes: 0000aa010000000000000000aa010000000000000000aa010000000000000000aa010000000000000000aa010000000000000000aa010000000000000000aa010000000000000000aa010000000000000000aa010000000000000000aa010000000000000000aa010000000000000000aa010000000000000000aa0100000000
01:07:32.589 [DEBUG] [serial] RX 128 bytes: 00000000aa010000000000000000aa010000000000000000aa010000000000000000aa010000000000000000aa010000000000000000aa010000000000000000aa010000000000000000aa010000000000000000aa010000000000000000aa010000000000000000aa010000000000000000aa010000000000000000aa010000
01:07:32.593 [DEBUG] [serial] RX 128 bytes: 000000000000aa010000000000000000aa010000000000000000aa010000000000000000aa010000000000000000aa010000000000000000aa010000000000000000aa010000000000000000aa010000000000000000aa010000000000000000aa010000000000000000aa010000000000000000aa010000000000000000aa01
01:07:32.597 [DEBUG] [serial] RX 128 bytes: 0000000000000000aa010000000000000000aa010000000000000000aa010000000000000000aa010000000000000000aa010000000000000000aa010000000000000000aa010000000000000000aa010000000000000000aa010000000000000000aa010000000000000000aa010000000000000000aa010000000000000000
01:07:32.597 [DEBUG] [serial] PKT #31000: flags=0x01 in=0 ds=0 flt=0
01:07:32.601 [DEBUG] [serial] RX 128 bytes: aa010000000000000000aa010000000000000000aa010000000000000000aa010000000000000000aa010000000000000000aa010000000000000000aa010000000000000000aa010000000000000000aa010000000000000000aa010000000000000000aa010000000000000000aa010000000000000000aa01000000000000
01:07:32.605 [DEBUG] [serial] RX 128 bytes: 0000aa010000000000000000aa010000000000000000aa010000000000000000aa010000000000000000aa010000000000000000aa010000000000000000aa010000000000000000aa010000000000000000aa010000000000000000aa010000000000000000aa010000000000000000aa010000000000000000aa0100000000
01:07:32.609 [DEBUG] [serial] RX 128 bytes: 00000000aa010000000000000000aa010000000000000000aa010000000000000000aa010000000000000000aa010000000000000000aa010000000000000000aa010000000000000000aa010000000000000000aa010000000000000000aa010000000000000000aa010000000000000000aa010000000000000000aa010000
01:07:32.613 [DEBUG] [serial] RX 128 bytes: 000000000000aa010000000000000000aa010000000000000000aa010000000000000000aa010000000000000000aa010000000000000000aa010000000000000000aa010000000000000000aa010000000000000000aa010000000000000000aa010000000000000000aa010000000000000000aa010000000000000000aa01
01:07:32.616 [DEBUG] [serial] RX 128 bytes: 0000000000000000aa010000000000000000aa010000000000000000aa010000000000000000aa010000000000000000aa010000000000000000aa010000000000000000aa010000000000000000aa010000000000000000aa010000000000000000aa010000000000000000aa010000000000000000aa010000000000000000
01:07:32.620 [DEBUG] [serial] RX 128 bytes: aa010000000000000000aa010000000000000000aa010000000000000000aa010000000000000000aa010000000000000000aa010000000000000000aa010000000000000000aa010000000000000000aa010000000000000000aa010000000000000000aa010000000000000000aa010000000000000000aa01000000000000
01:07:32.625 [DEBUG] [serial] RX 128 bytes: 0000aa010000000000000000aa010000000000000000aa010000000000000000aa010000000000000000aa010000000000000000aa010000000000000000aa010000000000000000aa010000000000000000aa010000000000000000aa010000000000000000aa010000000000000000aa010000000000000000aa0100000000
01:07:32.629 [DEBUG] [serial] RX 128 bytes: 00000000aa010000000000000000aa010000000000000000aa010000000000000000aa010000000000000000aa010000000000000000aa010000000000000000aa010000000000000000aa010000000000000000aa010000000000000000aa010000000000000000aa010000000000000000aa010000000000000000aa010000
01:07:32.633 [DEBUG] [serial] RX 128 bytes: 000000000000aa010000000000000000aa010000000000000000aa010000000000000000aa010000000000000000aa010000000000000000aa010000000000000000aa010000000000000000aa010000000000000000aa010000000000000000aa010000000000000000aa010000000000000000aa010000000000000000aa01
01:07:32.637 [DEBUG] [serial] RX 128 bytes: 0000000000000000aa010000000000000000aa010000000000000000aa010000000000000000aa010000000000000000aa010000000000000000aa010000000000000000aa010000000000000000aa010000000000000000aa010000000000000000aa010000000000000000aa010000000000000000aa010000000000000000
01:07:32.640 [DEBUG] [serial] RX 128 bytes: aa010000000000000000aa010000000000000000aa010000000000000000aa010000000000000000aa010000000000000000aa010000000000000000aa010000000000000000aa010000000000000000aa010000000000000000aa010000000000000000aa010000000000000000aa010000000000000000aa01000000000000
01:07:32.644 [DEBUG] [serial] RX 128 bytes: 0000aa010000000000000000aa010000000000000000aa010000000000000000aa010000000000000000aa010000000000000000aa010000000000000000aa010000000000000000aa010000000000000000aa010000000000000000aa010000000000000000aa010000000000000000aa010000000000000000aa0100000000
01:07:32.648 [DEBUG] [serial] RX 128 bytes: 00000000aa010000000000000000aa010000000000000000aa010000000000000000aa010000000000000000aa010000000000000000aa010000000000000000aa010000000000000000aa010000000000000000aa010000000000000000aa010000000000000000aa010000000000000000aa010000000000000000aa010000
01:07:32.652 [DEBUG] [serial] RX 128 bytes: 000000000000aa010000000000000000aa010000000000000000aa010000000000000000aa010000000000000000aa010000000000000000aa010000000000000000aa010000000000000000aa010000000000000000aa010000000000000000aa010000000000000000aa010000000000000000aa010000000000000000aa01
01:07:32.656 [DEBUG] [serial] RX 128 bytes: 0000000000000000aa010000000000000000aa010000000000000000aa010000000000000000aa010000000000000000aa010000000000000000aa010000000000000000aa010000000000000000aa010000000000000000aa010000000000000000aa010000000000000000aa010000000000000000aa010000000000000000
01:07:32.660 [DEBUG] [serial] RX 128 bytes: aa010000000000000000aa010000000000000000aa010000000000000000aa010000000000000000aa010000000000000000aa010000000000000000aa010000000000000000aa010000000000000000aa010000000000000000aa010000000000000000aa010000000000000000aa010000000000000000aa01000000000000
01:07:32.664 [DEBUG] [serial] RX 128 bytes: 0000aa010000000000000000aa010000000000000000aa010000000000000000aa010000000000000000aa010000000000000000aa010000000000000000aa010000000000000000aa010000000000000000aa010000000000000000aa010000000000000000aa010000000000000000aa010000000000000000aa0100000000
01:07:32.668 [DEBUG] [serial] RX 128 bytes: 00000000aa010000000000000000aa010000000000000000aa010000000000000000aa010000000000000000aa010000000000000000aa010000000000000000aa010000000000000000aa010000000000000000aa010000000000000000aa010000000000000000aa010000000000000000aa010000000000000000aa010000
01:07:32.672 [DEBUG] [serial] RX 128 bytes: 000000000000aa010000000000000000aa010000000000000000aa010000000000000000aa010000000000000000aa010000000000000000aa010000000000000000aa010000000000000000aa010000000000000000aa010000000000000000aa010000000000000000aa010000000000000000aa010000000000000000aa01
01:07:32.676 [DEBUG] [serial] RX 128 bytes: 0000000000000000aa010000000000000000aa010000000000000000aa010000000000000000aa010000000000000000aa010000000000000000aa010000000000000000aa010000000000000000aa010000000000000000aa010000000000000000aa010000000000000000aa010000000000000000aa010000000000000000
01:07:32.680 [DEBUG] [serial] RX 128 bytes: aa010000000000000000aa010000000000000000aa010000000000000000aa010000000000000000aa010000000000000000aa010000000000000000aa010000000000000000aa010000000000000000aa010000000000000000aa010000000000000000aa010000000000000000aa010000000000000000aa01000000000000
01:07:32.684 [DEBUG] [serial] RX 128 bytes: 0000aa010000000000000000aa010000000000000000aa010000000000000000aa010000000000000000aa010000000000000000aa010000000000000000aa010000000000000000aa010000000000000000aa010000000000000000aa010000000000000000aa010000000000000000aa010000000000000000aa0100000000
01:07:32.688 [DEBUG] [serial] RX 128 bytes: 00000000aa010000000000000000aa010000000000000000aa010000000000000000aa010000000000000000aa010000000000000000aa010000000000000000aa010000000000000000aa010000000000000000aa010000000000000000aa010000000000000000aa010000000000000000aa010000000000000000aa010000
01:07:32.692 [DEBUG] [serial] RX 128 bytes: 000000000000aa010000000000000000aa010000000000000000aa010000000000000000aa010000000000000000aa010000000000000000aa010000000000000000aa010000000000000000aa010000000000000000aa010000000000000000aa010000000000000000aa010000000000000000aa010000000000000000aa01
01:07:32.696 [DEBUG] [serial] RX 128 bytes: 0000000000000000aa010000000000000000aa010000000000000000aa010000000000000000aa010000000000000000aa010000000000000000aa010000000000000000aa010000000000000000aa010000000000000000aa010000000000000000aa010000000000000000aa010000000000000000aa010000000000000000
01:07:32.700 [DEBUG] [serial] RX 128 bytes: aa010000000000000000aa010000000000000000aa010000000000000000aa010000000000000000aa010000000000000000aa010000000000000000aa010000000000000000aa010000000000000000aa010000000000000000aa010000000000000000aa010000000000000000aa010000000000000000aa01000000000000
01:07:32.704 [DEBUG] [serial] RX 128 bytes: 0000aa010000000000000000aa010000000000000000aa010000000000000000aa010000000000000000aa010000000000000000aa010000000000000000aa010000000000000000aa010000000000000000aa010000000000000000aa010000000000000000aa010000000000000000aa010000000000000000aa0100000000
01:07:32.708 [DEBUG] [serial] RX 128 bytes: 00000000aa010000000000000000aa010000000000000000aa010000000000000000aa010000000000000000aa010000000000000000aa010000000000000000aa010000000000000000aa010000000000000000aa010000000000000000aa010000000000000000aa010000000000000000aa010000000000000000aa010000
01:07:32.712 [DEBUG] [serial] RX 128 bytes: 000000000000aa010000000000000000aa010000000000000000aa010000000000000000aa010000000000000000aa010000000000000000aa010000000000000000aa010000000000000000aa010000000000000000aa010000000000000000aa010000000000000000aa010000000000000000aa010000000000000000aa01
01:07:32.716 [DEBUG] [serial] RX 128 bytes: 0000000000000000aa010000000000000000aa010000000000000000aa010000000000000000aa010000000000000000aa010000000000000000aa010000000000000000aa010000000000000000aa010000000000000000aa010000000000000000aa010000000000000000aa010000000000000000aa010000000000000000
01:07:32.720 [DEBUG] [serial] RX 128 bytes: aa010000000000000000aa010000000000000000aa010000000000000000aa010000000000000000aa010000000000000000aa010000000000000000aa010000000000000000aa010000000000000000aa010000000000000000aa010000000000000000aa010000000000000000aa010000000000000000aa01000000000000
01:07:32.724 [DEBUG] [serial] RX 128 bytes: 0000aa010000000000000000aa010000000000000000aa010000000000000000aa010000000000000000aa010000000000000000aa010000000000000000aa010000000000000000aa010000000000000000aa010000000000000000aa010000000000000000aa010000000000000000aa010000000000000000aa0100000000
01:07:32.728 [DEBUG] [serial] RX 128 bytes: 00000000aa010000000000000000aa010000000000000000aa010000000000000000aa010000000000000000aa010000000000000000aa010000000000000000aa010000000000000000aa010000000000000000aa010000000000000000aa010000000000000000aa010000000000000000aa010000000000000000aa010000
01:07:32.732 [DEBUG] [serial] RX 128 bytes: 000000000000aa010000000000000000aa010000000000000000aa010000000000000000aa010000000000000000aa010000000000000000aa010000000000000000aa010000000000000000aa010000000000000000aa010000000000000000aa010000000000000000aa010000000000000000aa010000000000000000aa01
01:07:32.736 [DEBUG] [serial] RX 128 bytes: 0000000000000000aa010000000000000000aa010000000000000000aa010000000000000000aa010000000000000000aa010000000000000000aa010000000000000000aa010000000000000000aa010000000000000000aa010000000000000000aa010000000000000000aa010000000000000000aa010000000000000000
01:07:32.740 [DEBUG] [serial] RX 128 bytes: aa010000000000000000aa010000000000000000aa010000000000000000aa010000000000000000aa010000000000000000aa010000000000000000aa010000000000000000aa010000000000000000aa010000000000000000aa010000000000000000aa010000000000000000aa010000000000000000aa01000000000000
01:07:32.744 [DEBUG] [serial] RX 128 bytes: 0000aa010000000000000000aa010000000000000000aa010000000000000000aa010000000000000000aa010000000000000000aa010000000000000000aa010000000000000000aa010000000000000000aa010000000000000000aa010000000000000000aa010000000000000000aa010000000000000000aa0100000000
01:07:32.748 [DEBUG] [serial] RX 128 bytes: 00000000aa010000000000000000aa010000000000000000aa010000000000000000aa010000000000000000aa010000000000000000aa010000000000000000aa010000000000000000aa010000000000000000aa010000000000000000aa010000000000000000aa010000000000000000aa010000000000000000aa010000
01:07:32.752 [DEBUG] [serial] RX 128 bytes: 000000000000aa010000000000000000aa010000000000000000aa010000000000000000aa010000000000000000aa010000000000000000aa010000000000000000aa010000000000000000aa010000000000000000aa010000000000000000aa010000000000000000aa010000000000000000aa010000000000000000aa01
01:07:32.752 [DEBUG] [serial] PKT #31500: flags=0x01 in=0 ds=0 flt=0
01:07:32.756 [DEBUG] [serial] RX 128 bytes: 0000000000000000aa010000000000000000aa010000000000000000aa010000000000000000aa010000000000000000aa010000000000000000aa010000000000000000aa010000000000000000aa010000000000000000aa010000000000000000aa010000000000000000aa010000000000000000aa010000000000000000
01:07:32.760 [DEBUG] [serial] RX 128 bytes: aa010000000000000000aa010000000000000000aa010000000000000000aa010000000000000000aa010000000000000000aa010000000000000000aa010000000000000000aa010000000000000000aa010000000000000000aa010000000000000000aa010000000000000000aa010000000000000000aa01000000000000
01:07:32.764 [DEBUG] [serial] RX 128 bytes: 0000aa010000000000000000aa010000000000000000aa010000000000000000aa010000000000000000aa010000000000000000aa010000000000000000aa010000000000000000aa010000000000000000aa010000000000000000aa010000000000000000aa010000000000000000aa010000000000000000aa0100000000
01:07:32.768 [DEBUG] [serial] RX 128 bytes: 00000000aa010000000000000000aa010000000000000000aa010000000000000000aa010000000000000000aa010000000000000000aa010000000000000000aa010000000000000000aa010000000000000000aa010000000000000000aa010000000000000000aa010000000000000000aa010000000000000000aa010000
01:07:32.772 [DEBUG] [serial] RX 128 bytes: 000000000000aa010000000000000000aa010000000000000000aa010000000000000000aa010000000000000000aa010000000000000000aa010000000000000000aa010000000000000000aa010000000000000000aa010000000000000000aa010000000000000000aa010000000000000000aa010000000000000000aa01
01:07:32.775 [DEBUG] [serial] RX 128 bytes: 0000000000000000aa010000000000000000aa010000000000000000aa010000000000000000aa010000000000000000aa010000000000000000aa010000000000000000aa010000000000000000aa010000000000000000aa010000000000000000aa010000000000000000aa010000000000000000aa010000000000000000
01:07:32.779 [DEBUG] [serial] RX 128 bytes: aa010000000000000000aa010000000000000000aa010000000000000000aa010000000000000000aa010000000000000000aa010000000000000000aa010000000000000000aa010000000000000000aa010000000000000000aa010000000000000000aa010000000000000000aa010000000000000000aa01000000000000
01:07:32.783 [DEBUG] [serial] RX 128 bytes: 0000aa010000000000000000aa010000000000000000aa010000000000000000aa010000000000000000aa010000000000000000aa010000000000000000aa010000000000000000aa010000000000000000aa010000000000000000aa010000000000000000aa010000000000000000aa010000000000000000aa0100000000
01:07:32.788 [DEBUG] [serial] RX 128 bytes: 00000000aa010000000000000000aa010000000000000000aa010000000000000000aa010000000000000000aa010000000000000000aa010000000000000000aa010000000000000000aa010000000000000000aa010000000000000000aa010000000000000000aa010000000000000000aa010000000000000000aa010000
01:07:32.792 [DEBUG] [serial] RX 128 bytes: 000000000000aa010000000000000000aa010000000000000000aa010000000000000000aa010000000000000000aa010000000000000000aa010000000000000000aa010000000000000000aa010000000000000000aa010000000000000000aa010000000000000000aa010000000000000000aa010000000000000000aa01
01:07:32.795 [DEBUG] [serial] RX 128 bytes: 0000000000000000aa010000000000000000aa010000000000000000aa010000000000000000aa010000000000000000aa010000000000000000aa010000000000000000aa010000000000000000aa010000000000000000aa010000000000000000aa010000000000000000aa010000000000000000aa010000000000000000
01:07:32.799 [DEBUG] [serial] RX 128 bytes: aa010000000000000000aa010000000000000000aa010000000000000000aa010000000000000000aa010000000000000000aa010000000000000000aa010000000000000000aa010000000000000000aa010000000000000000aa010000000000000000aa010000000000000000aa010000000000000000aa01000000000000
01:07:32.803 [DEBUG] [serial] RX 128 bytes: 0000aa010000000000000000aa010000000000000000aa010000000000000000aa010000000000000000aa010000000000000000aa010000000000000000aa010000000000000000aa010000000000000000aa010000000000000000aa010000000000000000aa010000000000000000aa010000000000000000aa0100000000
01:07:32.807 [DEBUG] [serial] RX 128 bytes: 00000000aa010000000000000000aa010000000000000000aa010000000000000000aa010000000000000000aa010000000000000000aa010000000000000000aa010000000000000000aa010000000000000000aa010000000000000000aa010000000000000000aa010000000000000000aa010000000000000000aa010000
01:07:32.811 [DEBUG] [serial] RX 128 bytes: 000000000000aa010000000000000000aa010000000000000000aa010000000000000000aa010000000000000000aa010000000000000000aa010000000000000000aa010000000000000000aa010000000000000000aa010000000000000000aa010000000000000000aa010000000000000000aa010000000000000000aa01
01:07:32.815 [DEBUG] [serial] RX 128 bytes: 0000000000000000aa010000000000000000aa010000000000000000aa010000000000000000aa010000000000000000aa010000000000000000aa010000000000000000aa010000000000000000aa010000000000000000aa010000000000000000aa010000000000000000aa010000000000000000aa010000000000000000
01:07:32.819 [DEBUG] [serial] RX 128 bytes: aa010000000000000000aa010000000000000000aa010000000000000000aa010000000000000000aa010000000000000000aa010000000000000000aa010000000000000000aa010000000000000000aa010000000000000000aa010000000000000000aa010000000000000000aa010000000000000000aa01000000000000
01:07:32.823 [DEBUG] [serial] RX 128 bytes: 0000aa010000000000000000aa010000000000000000aa010000000000000000aa010000000000000000aa010000000000000000aa010000000000000000aa010000000000000000aa010000000000000000aa010000000000000000aa010000000000000000aa010000000000000000aa010000000000000000aa0100000000
01:07:32.827 [DEBUG] [serial] RX 128 bytes: 00000000aa010000000000000000aa010000000000000000aa010000000000000000aa010000000000000000aa010000000000000000aa010000000000000000aa010000000000000000aa010000000000000000aa010000000000000000aa010000000000000000aa010000000000000000aa010000000000000000aa010000
01:07:32.831 [DEBUG] [serial] RX 128 bytes: 000000000000aa010000000000000000aa010000000000000000aa010000000000000000aa010000000000000000aa010000000000000000aa010000000000000000aa010000000000000000aa010000000000000000aa010000000000000000aa010000000000000000aa010000000000000000aa010000000000000000aa01
01:07:32.835 [DEBUG] [serial] RX 128 bytes: 0000000000000000aa010000000000000000aa010000000000000000aa010000000000000000aa010000000000000000aa010000000000000000aa010000000000000000aa010000000000000000aa010000000000000000aa010000000000000000aa010000000000000000aa010000000000000000aa010000000000000000
01:07:32.839 [DEBUG] [serial] RX 128 bytes: aa010000000000000000aa010000000000000000aa010000000000000000aa010000000000000000aa010000000000000000aa010000000000000000aa010000000000000000aa010000000000000000aa010000000000000000aa010000000000000000aa010000000000000000aa010000000000000000aa01000000000000
01:07:32.843 [DEBUG] [serial] RX 128 bytes: 0000aa010000000000000000aa010000000000000000aa010000000000000000aa010000000000000000aa010000000000000000aa010000000000000000aa010000000000000000aa010000000000000000aa010000000000000000aa010000000000000000aa010000000000000000aa010000000000000000aa0100000000
01:07:32.847 [DEBUG] [serial] RX 128 bytes: 00000000aa010000000000000000aa010000000000000000aa010000000000000000aa010000000000000000aa010000000000000000aa010000000000000000aa010000000000000000aa010000000000000000aa010000000000000000aa010000000000000000aa010000000000000000aa010000000000000000aa010000
01:07:32.851 [DEBUG] [serial] RX 128 bytes: 000000000000aa010000000000000000aa010000000000000000aa010000000000000000aa010000000000000000aa010000000000000000aa010000000000000000aa010000000000000000aa010000000000000000aa010000000000000000aa010000000000000000aa010000000000000000aa010000000000000000aa01
01:07:32.855 [DEBUG] [serial] RX 128 bytes: 0000000000000000aa010000000000000000aa010000000000000000aa010000000000000000aa010000000000000000aa010000000000000000aa010000000000000000aa010000000000000000aa010000000000000000aa010000000000000000aa010000000000000000aa010000000000000000aa010000000000000000
01:07:32.859 [DEBUG] [serial] RX 128 bytes: aa010000000000000000aa010000000000000000aa010000000000000000aa010000000000000000aa010000000000000000aa010000000000000000aa010000000000000000aa010000000000000000aa010000000000000000aa010000000000000000aa010000000000000000aa010000000000000000aa01000000000000
01:07:32.863 [DEBUG] [serial] RX 128 bytes: 0000aa010000000000000000aa010000000000000000aa010000000000000000aa010000000000000000aa010000000000000000aa010000000000000000aa010000000000000000aa010000000000000000aa010000000000000000aa010000000000000000aa010000000000000000aa010000000000000000aa0100000000
01:07:32.867 [DEBUG] [serial] RX 128 bytes: 00000000aa010000000000000000aa010000000000000000aa010000000000000000aa010000000000000000aa010000000000000000aa010000000000000000aa010000000000000000aa010000000000000000aa010000000000000000aa010000000000000000aa010000000000000000aa010000000000000000aa010000
01:07:32.871 [DEBUG] [serial] RX 128 bytes: 000000000000aa010000000000000000aa010000000000000000aa010000000000000000aa010000000000000000aa010000000000000000aa010000000000000000aa010000000000000000aa010000000000000000aa010000000000000000aa010000000000000000aa010000000000000000aa010000000000000000aa01
01:07:32.875 [DEBUG] [serial] RX 128 bytes: 0000000000000000aa010000000000000000aa010000000000000000aa010000000000000000aa010000000000000000aa010000000000000000aa010000000000000000aa010000000000000000aa010000000000000000aa010000000000000000aa010000000000000000aa010000000000000000aa010000000000000000
01:07:32.879 [DEBUG] [serial] RX 128 bytes: aa010000000000000000aa010000000000000000aa010000000000000000aa010000000000000000aa010000000000000000aa010000000000000000aa010000000000000000aa010000000000000000aa010000000000000000aa010000000000000000aa010000000000000000aa010000000000000000aa01000000000000
01:07:32.883 [DEBUG] [serial] RX 128 bytes: 0000aa010000000000000000aa010000000000000000aa010000000000000000aa010000000000000000aa010000000000000000aa010000000000000000aa010000000000000000aa010000000000000000aa010000000000000000aa010000000000000000aa010000000000000000aa010000000000000000aa0100000000
01:07:32.887 [DEBUG] [serial] RX 128 bytes: 00000000aa010000000000000000aa010000000000000000aa010000000000000000aa010000000000000000aa010000000000000000aa010000000000000000aa010000000000000000aa010000000000000000aa010000000000000000aa010000000000000000aa010000000000000000aa010000000000000000aa010000
01:07:32.891 [DEBUG] [serial] RX 128 bytes: 000000000000aa010000000000000000aa010000000000000000aa010000000000000000aa010000000000000000aa010000000000000000aa010000000000000000aa010000000000000000aa010000000000000000aa010000000000000000aa010000000000000000aa010000000000000000aa010000000000000000aa01
01:07:32.895 [DEBUG] [serial] RX 128 bytes: 0000000000000000aa010000000000000000aa010000000000000000aa010000000000000000aa010000000000000000aa010000000000000000aa010000000000000000aa010000000000000000aa010000000000000000aa010000000000000000aa010000000000000000aa010000000000000000aa010000000000000000
01:07:32.899 [DEBUG] [serial] RX 128 bytes: aa010000000000000000aa010000000000000000aa010000000000000000aa010000000000000000aa010000000000000000aa010000000000000000aa010000000000000000aa010000000000000000aa010000000000000000aa010000000000000000aa010000000000000000aa010000000000000000aa01000000000000
01:07:32.903 [DEBUG] [serial] RX 128 bytes: 0000aa010000000000000000aa010000000000000000aa010000000000000000aa010000000000000000aa010000000000000000aa010000000000000000aa010000000000000000aa010000000000000000aa010000000000000000aa010000000000000000aa010000000000000000aa010000000000000000aa0100000000
01:07:32.907 [DEBUG] [serial] RX 128 bytes: 00000000aa010000000000000000aa010000000000000000aa010000000000000000aa010000000000000000aa010000000000000000aa010000000000000000aa010000000000000000aa010000000000000000aa010000000000000000aa010000000000000000aa010000000000000000aa010000000000000000aa010000
01:07:32.907 [DEBUG] [serial] PKT #32000: flags=0x01 in=0 ds=0 flt=0
01:07:32.911 [DEBUG] [serial] RX 128 bytes: 000000000000aa010000000000000000aa010000000000000000aa010000000000000000aa010000000000000000aa010000000000000000aa010000000000000000aa010000000000000000aa010000000000000000aa010000000000000000aa010000000000000000aa010000000000000000aa010000000000000000aa01
01:07:32.914 [DEBUG] [serial] RX 128 bytes: 0000000000000000aa010000000000000000aa010000000000000000aa010000000000000000aa010000000000000000aa010000000000000000aa010000000000000000aa010000000000000000aa010000000000000000aa010000000000000000aa010000000000000000aa010000000000000000aa010000000000000000
01:07:32.919 [DEBUG] [serial] RX 128 bytes: aa010000000000000000aa010000000000000000aa010000000000000000aa010000000000000000aa010000000000000000aa010000000000000000aa010000000000000000aa010000000000000000aa010000000000000000aa010000000000000000aa010000000000000000aa010000000000000000aa01000000000000
01:07:32.923 [DEBUG] [serial] RX 128 bytes: 0000aa010000000000000000aa010000000000000000aa010000000000000000aa010000000000000000aa010000000000000000aa010000000000000000aa010000000000000000aa010000000000000000aa010000000000000000aa010000000000000000aa010000000000000000aa010000000000000000aa0100000000
01:07:32.927 [DEBUG] [serial] RX 128 bytes: 00000000aa010000000000000000aa010000000000000000aa010000000000000000aa010000000000000000aa010000000000000000aa010000000000000000aa010000000000000000aa010000000000000000aa010000000000000000aa010000000000000000aa010000000000000000aa010000000000000000aa010000
01:07:32.931 [DEBUG] [serial] RX 128 bytes: 000000000000aa010000000000000000aa010000000000000000aa010000000000000000aa010000000000000000aa010000000000000000aa010000000000000000aa010000000000000000aa010000000000000000aa010000000000000000aa010000000000000000aa010000000000000000aa010000000000000000aa01
01:07:32.934 [DEBUG] [serial] RX 128 bytes: 0000000000000000aa010000000000000000aa010000000000000000aa010000000000000000aa010000000000000000aa010000000000000000aa010000000000000000aa010000000000000000aa010000000000000000aa010000000000000000aa010000000000000000aa010000000000000000aa010000000000000000
01:07:32.938 [DEBUG] [serial] RX 128 bytes: aa010000000000000000aa010000000000000000aa010000000000000000aa010000000000000000aa010000000000000000aa010000000000000000aa010000000000000000aa010000000000000000aa010000000000000000aa010000000000000000aa010000000000000000aa010000000000000000aa01000000000000
01:07:32.942 [DEBUG] [serial] RX 128 bytes: 0000aa010000000000000000aa010000000000000000aa010000000000000000aa010000000000000000aa010000000000000000aa010000000000000000aa010000000000000000aa010000000000000000aa010000000000000000aa010000000000000000aa010000000000000000aa010000000000000000aa0100000000
01:07:32.946 [DEBUG] [serial] RX 128 bytes: 00000000aa010000000000000000aa010000000000000000aa010000000000000000aa010000000000000000aa010000000000000000aa010000000000000000aa010000000000000000aa010000000000000000aa010000000000000000aa010000000000000000aa010000000000000000aa010000000000000000aa010000
01:07:32.950 [DEBUG] [serial] RX 128 bytes: 000000000000aa010000000000000000aa010000000000000000aa010000000000000000aa010000000000000000aa010000000000000000aa010000000000000000aa010000000000000000aa010000000000000000aa010000000000000000aa010000000000000000aa010000000000000000aa010000000000000000aa01
01:07:32.954 [DEBUG] [serial] RX 128 bytes: 0000000000000000aa010000000000000000aa010000000000000000aa010000000000000000aa010000000000000000aa010000000000000000aa010000000000000000aa010000000000000000aa010000000000000000aa010000000000000000aa010000000000000000aa010000000000000000aa010000000000000000
01:07:32.958 [DEBUG] [serial] RX 128 bytes: aa010000000000000000aa010000000000000000aa010000000000000000aa010000000000000000aa010000000000000000aa010000000000000000aa010000000000000000aa010000000000000000aa010000000000000000aa010000000000000000aa010000000000000000aa010000000000000000aa01000000000000
01:07:32.962 [DEBUG] [serial] RX 128 bytes: 0000aa010000000000000000aa010000000000000000aa010000000000000000aa010000000000000000aa010000000000000000aa010000000000000000aa010000000000000000aa010000000000000000aa010000000000000000aa010000000000000000aa010000000000000000aa010000000000000000aa0100000000
01:07:32.966 [DEBUG] [serial] RX 128 bytes: 00000000aa010000000000000000aa010000000000000000aa010000000000000000aa010000000000000000aa010000000000000000aa010000000000000000aa010000000000000000aa010000000000000000aa010000000000000000aa010000000000000000aa010000000000000000aa010000000000000000aa010000
01:07:32.970 [DEBUG] [serial] RX 128 bytes: 000000000000aa010000000000000000aa010000000000000000aa010000000000000000aa010000000000000000aa010000000000000000aa010000000000000000aa010000000000000000aa010000000000000000aa010000000000000000aa010000000000000000aa010000000000000000aa010000000000000000aa01
01:07:32.974 [DEBUG] [serial] RX 128 bytes: 0000000000000000aa010000000000000000aa010000000000000000aa010000000000000000aa010000000000000000aa010000000000000000aa010000000000000000aa010000000000000000aa010000000000000000aa010000000000000000aa010000000000000000aa010000000000000000aa010000000000000000
01:07:32.978 [DEBUG] [serial] RX 128 bytes: aa010000000000000000aa010000000000000000aa010000000000000000aa010000000000000000aa010000000000000000aa010000000000000000aa010000000000000000aa010000000000000000aa010000000000000000aa010000000000000000aa010000000000000000aa010000000000000000aa01000000000000
01:07:32.982 [DEBUG] [serial] RX 128 bytes: 0000aa010000000000000000aa010000000000000000aa010000000000000000aa010000000000000000aa010000000000000000aa010000000000000000aa010000000000000000aa010000000000000000aa010000000000000000aa010000000000000000aa010000000000000000aa010000000000000000aa0100000000
01:07:32.986 [DEBUG] [serial] RX 128 bytes: 00000000aa010000000000000000aa010000000000000000aa010000000000000000aa010000000000000000aa010000000000000000aa010000000000000000aa010000000000000000aa010000000000000000aa010000000000000000aa010000000000000000aa010000000000000000aa010000000000000000aa010000
01:07:32.990 [DEBUG] [serial] RX 128 bytes: 000000000000aa010000000000000000aa010000000000000000aa010000000000000000aa010000000000000000aa010000000000000000aa010000000000000000aa010000000000000000aa010000000000000000aa010000000000000000aa010000000000000000aa010000000000000000aa010000000000000000aa01
01:07:32.994 [DEBUG] [serial] RX 128 bytes: 0000000000000000aa010000000000000000aa010000000000000000aa010000000000000000aa010000000000000000aa010000000000000000aa010000000000000000aa010000000000000000aa010000000000000000aa010000000000000000aa010000000000000000aa010000000000000000aa010000000000000000
01:07:32.998 [DEBUG] [serial] RX 128 bytes: aa010000000000000000aa010000000000000000aa010000000000000000aa010000000000000000aa010000000000000000aa010000000000000000aa010000000000000000aa010000000000000000aa010000000000000000aa010000000000000000aa010000000000000000aa010000000000000000aa01000000000000
01:07:33.002 [DEBUG] [serial] RX 128 bytes: 0000aa010000000000000000aa010000000000000000aa010000000000000000aa010000000000000000aa010000000000000000aa010000000000000000aa010000000000000000aa010000000000000000aa010000000000000000aa010000000000000000aa010000000000000000aa010000000000000000aa0100000000
01:07:33.006 [DEBUG] [serial] RX 128 bytes: 00000000aa010000000000000000aa010000000000000000aa010000000000000000aa010000000000000000aa010000000000000000aa010000000000000000aa010000000000000000aa010000000000000000aa010000000000000000aa010000000000000000aa010000000000000000aa010000000000000000aa010000
01:07:33.010 [DEBUG] [serial] RX 128 bytes: 000000000000aa010000000000000000aa010000000000000000aa010000000000000000aa010000000000000000aa010000000000000000aa010000000000000000aa010000000000000000aa010000000000000000aa010000000000000000aa010000000000000000aa010000000000000000aa010000000000000000aa01
01:07:33.015 [DEBUG] [serial] RX 128 bytes: 0000000000000000aa010000000000000000aa010000000000000000aa010000000000000000aa010000000000000000aa010000000000000000aa010000000000000000aa010000000000000000aa010000000000000000aa010000000000000000aa010000000000000000aa010000000000000000aa010000000000000000
01:07:33.018 [DEBUG] [serial] RX 128 bytes: aa010000000000000000aa010000000000000000aa010000000000000000aa010000000000000000aa010000000000000000aa010000000000000000aa010000000000000000aa010000000000000000aa010000000000000000aa010000000000000000aa010000000000000000aa010000000000000000aa01000000000000
01:07:33.022 [DEBUG] [serial] RX 128 bytes: 0000aa010000000000000000aa010000000000000000aa010000000000000000aa010000000000000000aa010000000000000000aa010000000000000000aa010000000000000000aa010000000000000000aa010000000000000000aa010000000000000000aa010000000000000000aa010000000000000000aa0100000000
01:07:33.026 [DEBUG] [serial] RX 128 bytes: 00000000aa010000000000000000aa010000000000000000aa010000000000000000aa010000000000000000aa010000000000000000aa010000000000000000aa010000000000000000aa010000000000000000aa010000000000000000aa010000000000000000aa010000000000000000aa010000000000000000aa010000
01:07:33.030 [DEBUG] [serial] RX 128 bytes: 000000000000aa010000000000000000aa010000000000000000aa010000000000000000aa010000000000000000aa010000000000000000aa010000000000000000aa010000000000000000aa010000000000000000aa010000000000000000aa010000000000000000aa010000000000000000aa010000000000000000aa01
01:07:33.034 [DEBUG] [serial] RX 128 bytes: 0000000000000000aa010000000000000000aa010000000000000000aa010000000000000000aa010000000000000000aa010000000000000000aa010000000000000000aa010000000000000000aa010000000000000000aa010000000000000000aa010000000000000000aa010000000000000000aa010000000000000000
01:07:33.038 [DEBUG] [serial] RX 128 bytes: aa010000000000000000aa010000000000000000aa010000000000000000aa010000000000000000aa010000000000000000aa010000000000000000aa010000000000000000aa010000000000000000aa010000000000000000aa010000000000000000aa010000000000000000aa010000000000000000aa01000000000000
01:07:33.042 [DEBUG] [serial] RX 128 bytes: 0000aa010000000000000000aa010000000000000000aa010000000000000000aa010000000000000000aa010000000000000000aa010000000000000000aa010000000000000000aa010000000000000000aa010000000000000000aa010000000000000000aa010000000000000000aa010000000000000000aa0100000000
01:07:33.046 [DEBUG] [serial] RX 128 bytes: 00000000aa010000000000000000aa010000000000000000aa010000000000000000aa010000000000000000aa010000000000000000aa010000000000000000aa010000000000000000aa010000000000000000aa010000000000000000aa010000000000000000aa010000000000000000aa010000000000000000aa010000
01:07:33.050 [DEBUG] [serial] RX 128 bytes: 000000000000aa010000000000000000aa010000000000000000aa010000000000000000aa010000000000000000aa010000000000000000aa010000000000000000aa010000000000000000aa010000000000000000aa010000000000000000aa010000000000000000aa010000000000000000aa010000000000000000aa01
01:07:33.054 [DEBUG] [serial] RX 128 bytes: 0000000000000000aa010000000000000000aa010000000000000000aa010000000000000000aa010000000000000000aa010000000000000000aa010000000000000000aa010000000000000000aa010000000000000000aa010000000000000000aa010000000000000000aa010000000000000000aa010000000000000000
01:07:33.058 [DEBUG] [serial] RX 128 bytes: aa010000000000000000aa010000000000000000aa010000000000000000aa010000000000000000aa010000000000000000aa010000000000000000aa010000000000000000aa010000000000000000aa010000000000000000aa010000000000000000aa010000000000000000aa010000000000000000aa01000000000000
01:07:33.062 [DEBUG] [serial] RX 128 bytes: 0000aa010000000000000000aa010000000000000000aa010000000000000000aa010000000000000000aa010000000000000000aa010000000000000000aa010000000000000000aa010000000000000000aa010000000000000000aa010000000000000000aa010000000000000000aa010000000000000000aa0100000000
01:07:33.066 [DEBUG] [serial] RX 128 bytes: 00000000aa010000000000000000aa010000000000000000aa010000000000000000aa010000000000000000aa010000000000000000aa010000000000000000aa010000000000000000aa010000000000000000aa010000000000000000aa010000000000000000aa010000000000000000aa010000000000000000aa010000
01:07:33.066 [DEBUG] [serial] PKT #32500: flags=0x01 in=0 ds=0 flt=0
01:07:33.070 [DEBUG] [serial] RX 128 bytes: 000000000000aa010000000000000000aa010000000000000000aa010000000000000000aa010000000000000000aa010000000000000000aa010000000000000000aa010000000000000000aa010000000000000000aa010000000000000000aa010000000000000000aa010000000000000000aa010000000000000000aa01
01:07:33.073 [DEBUG] [serial] RX 128 bytes: 0000000000000000aa010000000000000000aa010000000000000000aa010000000000000000aa010000000000000000aa010000000000000000aa010000000000000000aa010000000000000000aa010000000000000000aa010000000000000000aa010000000000000000aa010000000000000000aa010000000000000000
01:07:33.077 [DEBUG] [serial] RX 128 bytes: aa010000000000000000aa010000000000000000aa010000000000000000aa010000000000000000aa010000000000000000aa010000000000000000aa010000000000000000aa010000000000000000aa010000000000000000aa010000000000000000aa010000000000000000aa010000000000000000aa01000000000000
01:07:33.081 [DEBUG] [serial] RX 128 bytes: 0000aa010000000000000000aa010000000000000000aa010000000000000000aa010000000000000000aa010000000000000000aa010000000000000000aa010000000000000000aa010000000000000000aa010000000000000000aa010000000000000000aa010000000000000000aa010000000000000000aa0100000000
01:07:33.086 [DEBUG] [serial] RX 128 bytes: 00000000aa010000000000000000aa010000000000000000aa010000000000000000aa010000000000000000aa010000000000000000aa010000000000000000aa010000000000000000aa010000000000000000aa010000000000000000aa010000000000000000aa010000000000000000aa010000000000000000aa010000
01:07:33.090 [DEBUG] [serial] RX 128 bytes: 000000000000aa010000000000000000aa010000000000000000aa010000000000000000aa010000000000000000aa010000000000000000aa010000000000000000aa010000000000000000aa010000000000000000aa010000000000000000aa010000000000000000aa010000000000000000aa010000000000000000aa01
01:07:33.093 [DEBUG] [serial] RX 128 bytes: 0000000000000000aa010000000000000000aa010000000000000000aa010000000000000000aa010000000000000000aa010000000000000000aa010000000000000000aa010000000000000000aa010000000000000000aa010000000000000000aa010000000000000000aa010000000000000000aa010000000000000000
01:07:33.097 [DEBUG] [serial] RX 128 bytes: aa010000000000000000aa010000000000000000aa010000000000000000aa010000000000000000aa010000000000000000aa010000000000000000aa010000000000000000aa010000000000000000aa010000000000000000aa010000000000000000aa010000000000000000aa010000000000000000aa01000000000000
01:07:33.101 [DEBUG] [serial] RX 128 bytes: 0000aa010000000000000000aa010000000000000000aa010000000000000000aa010000000000000000aa010000000000000000aa010000000000000000aa010000000000000000aa010000000000000000aa010000000000000000aa010000000000000000aa010000000000000000aa010000000000000000aa0100000000
01:07:33.105 [DEBUG] [serial] RX 128 bytes: 00000000aa010000000000000000aa010000000000000000aa010000000000000000aa010000000000000000aa010000000000000000aa010000000000000000aa010000000000000000aa010000000000000000aa010000000000000000aa010000000000000000aa010000000000000000aa010000000000000000aa010000
01:07:33.109 [DEBUG] [serial] RX 128 bytes: 000000000000aa010000000000000000aa010000000000000000aa010000000000000000aa010000000000000000aa010000000000000000aa010000000000000000aa010000000000000000aa010000000000000000aa010000000000000000aa010000000000000000aa010000000000000000aa010000000000000000aa01
01:07:33.113 [DEBUG] [serial] RX 128 bytes: 0000000000000000aa010000000000000000aa010000000000000000aa010000000000000000aa010000000000000000aa010000000000000000aa010000000000000000aa010000000000000000aa010000000000000000aa010000000000000000aa010000000000000000aa010000000000000000aa010000000000000000
01:07:33.117 [DEBUG] [serial] RX 128 bytes: aa010000000000000000aa010000000000000000aa010000000000000000aa010000000000000000aa010000000000000000aa010000000000000000aa010000000000000000aa010000000000000000aa010000000000000000aa010000000000000000aa010000000000000000aa010000000000000000aa01000000000000
01:07:33.121 [DEBUG] [serial] RX 128 bytes: 0000aa010000000000000000aa010000000000000000aa010000000000000000aa010000000000000000aa010000000000000000aa010000000000000000aa010000000000000000aa010000000000000000aa010000000000000000aa010000000000000000aa010000000000000000aa010000000000000000aa0100000000
01:07:33.125 [DEBUG] [serial] RX 128 bytes: 00000000aa010000000000000000aa010000000000000000aa010000000000000000aa010000000000000000aa010000000000000000aa010000000000000000aa010000000000000000aa010000000000000000aa010000000000000000aa010000000000000000aa010000000000000000aa010000000000000000aa010000
01:07:33.129 [DEBUG] [serial] RX 128 bytes: 000000000000aa010000000000000000aa010000000000000000aa010000000000000000aa010000000000000000aa010000000000000000aa010000000000000000aa010000000000000000aa010000000000000000aa010000000000000000aa010000000000000000aa010000000000000000aa010000000000000000aa01
01:07:33.133 [DEBUG] [serial] RX 128 bytes: 0000000000000000aa010000000000000000aa010000000000000000aa010000000000000000aa010000000000000000aa010000000000000000aa010000000000000000aa010000000000000000aa010000000000000000aa010000000000000000aa010000000000000000aa010000000000000000aa010000000000000000
01:07:33.137 [DEBUG] [serial] RX 128 bytes: aa010000000000000000aa010000000000000000aa010000000000000000aa010000000000000000aa010000000000000000aa010000000000000000aa010000000000000000aa010000000000000000aa010000000000000000aa010000000000000000aa010000000000000000aa010000000000000000aa01000000000000
01:07:33.141 [DEBUG] [serial] RX 128 bytes: 0000aa010000000000000000aa010000000000000000aa010000000000000000aa010000000000000000aa010000000000000000aa010000000000000000aa010000000000000000aa010000000000000000aa010000000000000000aa010000000000000000aa010000000000000000aa010000000000000000aa0100000000
01:07:33.145 [DEBUG] [serial] RX 128 bytes: 00000000aa010000000000000000aa010000000000000000aa010000000000000000aa010000000000000000aa010000000000000000aa010000000000000000aa010000000000000000aa010000000000000000aa010000000000000000aa010000000000000000aa010000000000000000aa010000000000000000aa010000
01:07:33.149 [DEBUG] [serial] RX 128 bytes: 000000000000aa010000000000000000aa010000000000000000aa010000000000000000aa010000000000000000aa010000000000000000aa010000000000000000aa010000000000000000aa010000000000000000aa010000000000000000aa010000000000000000aa010000000000000000aa010000000000000000aa01
01:07:33.153 [DEBUG] [serial] RX 128 bytes: 0000000000000000aa010000000000000000aa010000000000000000aa010000000000000000aa010000000000000000aa010000000000000000aa010000000000000000aa010000000000000000aa010000000000000000aa010000000000000000aa010000000000000000aa010000000000000000aa010000000000000000
01:07:33.157 [DEBUG] [serial] RX 128 bytes: aa010000000000000000aa010000000000000000aa010000000000000000aa010000000000000000aa010000000000000000aa010000000000000000aa010000000000000000aa010000000000000000aa010000000000000000aa010000000000000000aa010000000000000000aa010000000000000000aa01000000000000
01:07:33.161 [DEBUG] [serial] RX 128 bytes: 0000aa010000000000000000aa010000000000000000aa010000000000000000aa010000000000000000aa010000000000000000aa010000000000000000aa010000000000000000aa010000000000000000aa010000000000000000aa010000000000000000aa010000000000000000aa010000000000000000aa0100000000
01:07:33.165 [DEBUG] [serial] RX 128 bytes: 00000000aa010000000000000000aa010000000000000000aa010000000000000000aa010000000000000000aa010000000000000000aa010000000000000000aa010000000000000000aa010000000000000000aa010000000000000000aa010000000000000000aa010000000000000000aa010000000000000000aa010000
01:07:33.169 [DEBUG] [serial] RX 128 bytes: 000000000000aa010000000000000000aa010000000000000000aa010000000000000000aa010000000000000000aa010000000000000000aa010000000000000000aa010000000000000000aa010000000000000000aa010000000000000000aa010000000000000000aa010000000000000000aa010000000000000000aa01
01:07:33.173 [DEBUG] [serial] RX 128 bytes: 0000000000000000aa010000000000000000aa010000000000000000aa010000000000000000aa010000000000000000aa010000000000000000aa010000000000000000aa010000000000000000aa010000000000000000aa010000000000000000aa010000000000000000aa010000000000000000aa010000000000000000
01:07:33.177 [DEBUG] [serial] RX 128 bytes: aa010000000000000000aa010000000000000000aa010000000000000000aa010000000000000000aa010000000000000000aa010000000000000000aa010000000000000000aa010000000000000000aa010000000000000000aa010000000000000000aa010000000000000000aa010000000000000000aa01000000000000
01:07:33.181 [DEBUG] [serial] RX 128 bytes: 0000aa010000000000000000aa010000000000000000aa010000000000000000aa010000000000000000aa010000000000000000aa010000000000000000aa010000000000000000aa010000000000000000aa010000000000000000aa010000000000000000aa010000000000000000aa010000000000000000aa0100000000
01:07:33.185 [DEBUG] [serial] RX 128 bytes: 00000000aa010000000000000000aa010000000000000000aa010000000000000000aa010000000000000000aa010000000000000000aa010000000000000000aa010000000000000000aa010000000000000000aa010000000000000000aa010000000000000000aa010000000000000000aa010000000000000000aa010000
01:07:33.189 [DEBUG] [serial] RX 128 bytes: 000000000000aa010000000000000000aa010000000000000000aa010000000000000000aa010000000000000000aa010000000000000000aa010000000000000000aa010000000000000000aa010000000000000000aa010000000000000000aa010000000000000000aa010000000000000000aa010000000000000000aa01
01:07:33.193 [DEBUG] [serial] RX 128 bytes: 0000000000000000aa010000000000000000aa010000000000000000aa010000000000000000aa010000000000000000aa010000000000000000aa010000000000000000aa010000000000000000aa010000000000000000aa010000000000000000aa010000000000000000aa010000000000000000aa010000000000000000
01:07:33.197 [DEBUG] [serial] RX 128 bytes: aa010000000000000000aa010000000000000000aa010000000000000000aa010000000000000000aa010000000000000000aa010000000000000000aa010000000000000000aa010000000000000000aa010000000000000000aa010000000000000000aa010000000000000000aa010000000000000000aa01000000000000
01:07:33.201 [DEBUG] [serial] RX 128 bytes: 0000aa010000000000000000aa010000000000000000aa010000000000000000aa010000000000000000aa010000000000000000aa010000000000000000aa010000000000000000aa010000000000000000aa010000000000000000aa010000000000000000aa010000000000000000aa010000000000000000aa0100000000
01:07:33.205 [DEBUG] [serial] RX 128 bytes: 00000000aa010000000000000000aa010000000000000000aa010000000000000000aa010000000000000000aa010000000000000000aa010000000000000000aa010000000000000000aa010000000000000000aa010000000000000000aa010000000000000000aa010000000000000000aa010000000000000000aa010000
01:07:33.209 [DEBUG] [serial] RX 128 bytes: 000000000000aa010000000000000000aa010000000000000000aa010000000000000000aa010000000000000000aa010000000000000000aa010000000000000000aa010000000000000000aa010000000000000000aa010000000000000000aa010000000000000000aa010000000000000000aa010000000000000000aa01
01:07:33.212 [DEBUG] [serial] RX 128 bytes: 0000000000000000aa010000000000000000aa010000000000000000aa010000000000000000aa010000000000000000aa010000000000000000aa010000000000000000aa010000000000000000aa010000000000000000aa010000000000000000aa010000000000000000aa010000000000000000aa010000000000000000
01:07:33.217 [DEBUG] [serial] RX 128 bytes: aa010000000000000000aa010000000000000000aa010000000000000000aa010000000000000000aa010000000000000000aa010000000000000000aa010000000000000000aa010000000000000000aa010000000000000000aa010000000000000000aa010000000000000000aa010000000000000000aa01000000000000
01:07:33.221 [DEBUG] [serial] RX 128 bytes: 0000aa010000000000000000aa010000000000000000aa010000000000000000aa010000000000000000aa010000000000000000aa010000000000000000aa010000000000000000aa010000000000000000aa010000000000000000aa010000000000000000aa010000000000000000aa010000000000000000aa0100000000
01:07:33.221 [DEBUG] [serial] PKT #33000: flags=0x01 in=0 ds=0 flt=0
01:07:33.225 [DEBUG] [serial] RX 128 bytes: 00000000aa010000000000000000aa010000000000000000aa010000000000000000aa010000000000000000aa010000000000000000aa010000000000000000aa010000000000000000aa010000000000000000aa010000000000000000aa010000000000000000aa010000000000000000aa010000000000000000aa010000
01:07:33.229 [DEBUG] [serial] RX 128 bytes: 000000000000aa010000000000000000aa010000000000000000aa010000000000000000aa010000000000000000aa010000000000000000aa010000000000000000aa010000000000000000aa010000000000000000aa010000000000000000aa010000000000000000aa010000000000000000aa010000000000000000aa01
01:07:33.232 [DEBUG] [serial] RX 128 bytes: 0000000000000000aa010000000000000000aa010000000000000000aa010000000000000000aa010000000000000000aa010000000000000000aa010000000000000000aa010000000000000000aa010000000000000000aa010000000000000000aa010000000000000000aa010000000000000000aa010000000000000000
01:07:33.236 [DEBUG] [serial] RX 128 bytes: aa010000000000000000aa010000000000000000aa010000000000000000aa010000000000000000aa010000000000000000aa010000000000000000aa010000000000000000aa010000000000000000aa010000000000000000aa010000000000000000aa010000000000000000aa010000000000000000aa01000000000000
01:07:33.240 [DEBUG] [serial] RX 128 bytes: 0000aa010000000000000000aa010000000000000000aa010000000000000000aa010000000000000000aa010000000000000000aa010000000000000000aa010000000000000000aa010000000000000000aa010000000000000000aa010000000000000000aa010000000000000000aa010000000000000000aa0100000000
01:07:33.244 [DEBUG] [serial] RX 128 bytes: 00000000aa010000000000000000aa010000000000000000aa010000000000000000aa010000000000000000aa010000000000000000aa010000000000000000aa010000000000000000aa010000000000000000aa010000000000000000aa010000000000000000aa010000000000000000aa010000000000000000aa010000
01:07:33.249 [DEBUG] [serial] RX 128 bytes: 000000000000aa010000000000000000aa010000000000000000aa010000000000000000aa010000000000000000aa010000000000000000aa010000000000000000aa010000000000000000aa010000000000000000aa010000000000000000aa010000000000000000aa010000000000000000aa010000000000000000aa01
01:07:33.252 [DEBUG] [serial] RX 128 bytes: 0000000000000000aa010000000000000000aa010000000000000000aa010000000000000000aa010000000000000000aa010000000000000000aa010000000000000000aa010000000000000000aa010000000000000000aa010000000000000000aa010000000000000000aa010000000000000000aa010000000000000000
01:07:33.256 [DEBUG] [serial] RX 128 bytes: aa010000000000000000aa010000000000000000aa010000000000000000aa010000000000000000aa010000000000000000aa010000000000000000aa010000000000000000aa010000000000000000aa010000000000000000aa010000000000000000aa010000000000000000aa010000000000000000aa01000000000000
01:07:33.260 [DEBUG] [serial] RX 128 bytes: 0000aa010000000000000000aa010000000000000000aa010000000000000000aa010000000000000000aa010000000000000000aa010000000000000000aa010000000000000000aa010000000000000000aa010000000000000000aa010000000000000000aa010000000000000000aa010000000000000000aa0100000000
01:07:33.264 [DEBUG] [serial] RX 128 bytes: 00000000aa010000000000000000aa010000000000000000aa010000000000000000aa010000000000000000aa010000000000000000aa010000000000000000aa010000000000000000aa010000000000000000aa010000000000000000aa010000000000000000aa010000000000000000aa010000000000000000aa010000
01:07:33.268 [DEBUG] [serial] RX 128 bytes: 000000000000aa010000000000000000aa010000000000000000aa010000000000000000aa010000000000000000aa010000000000000000aa010000000000000000aa010000000000000000aa010000000000000000aa010000000000000000aa010000000000000000aa010000000000000000aa010000000000000000aa01
01:07:33.272 [DEBUG] [serial] RX 128 bytes: 0000000000000000aa010000000000000000aa010000000000000000aa010000000000000000aa010000000000000000aa010000000000000000aa010000000000000000aa010000000000000000aa010000000000000000aa010000000000000000aa010000000000000000aa010000000000000000aa010000000000000000
01:07:33.276 [DEBUG] [serial] RX 128 bytes: aa010000000000000000aa010000000000000000aa010000000000000000aa010000000000000000aa010000000000000000aa010000000000000000aa010000000000000000aa010000000000000000aa010000000000000000aa010000000000000000aa010000000000000000aa010000000000000000aa01000000000000
01:07:33.280 [DEBUG] [serial] RX 128 bytes: 0000aa010000000000000000aa010000000000000000aa010000000000000000aa010000000000000000aa010000000000000000aa010000000000000000aa010000000000000000aa010000000000000000aa010000000000000000aa010000000000000000aa010000000000000000aa010000000000000000aa0100000000
01:07:33.284 [DEBUG] [serial] RX 128 bytes: 00000000aa010000000000000000aa010000000000000000aa010000000000000000aa010000000000000000aa010000000000000000aa010000000000000000aa010000000000000000aa010000000000000000aa010000000000000000aa010000000000000000aa010000000000000000aa010000000000000000aa010000
01:07:33.288 [DEBUG] [serial] RX 128 bytes: 000000000000aa010000000000000000aa010000000000000000aa010000000000000000aa010000000000000000aa010000000000000000aa010000000000000000aa010000000000000000aa010000000000000000aa010000000000000000aa010000000000000000aa010000000000000000aa010000000000000000aa01
01:07:33.292 [DEBUG] [serial] RX 128 bytes: 0000000000000000aa010000000000000000aa010000000000000000aa010000000000000000aa010000000000000000aa010000000000000000aa010000000000000000aa010000000000000000aa010000000000000000aa010000000000000000aa010000000000000000aa010000000000000000aa010000000000000000
01:07:33.296 [DEBUG] [serial] RX 128 bytes: aa010000000000000000aa010000000000000000aa010000000000000000aa010000000000000000aa010000000000000000aa010000000000000000aa010000000000000000aa010000000000000000aa010000000000000000aa010000000000000000aa010000000000000000aa010000000000000000aa01000000000000
01:07:33.300 [DEBUG] [serial] RX 128 bytes: 0000aa010000000000000000aa010000000000000000aa010000000000000000aa010000000000000000aa010000000000000000aa010000000000000000aa010000000000000000aa010000000000000000aa010000000000000000aa010000000000000000aa010000000000000000aa010000000000000000aa0100000000
01:07:33.304 [DEBUG] [serial] RX 128 bytes: 00000000aa010000000000000000aa010000000000000000aa010000000000000000aa010000000000000000aa010000000000000000aa010000000000000000aa010000000000000000aa010000000000000000aa010000000000000000aa010000000000000000aa010000000000000000aa010000000000000000aa010000
01:07:33.308 [DEBUG] [serial] RX 128 bytes: 000000000000aa010000000000000000aa010000000000000000aa010000000000000000aa010000000000000000aa010000000000000000aa010000000000000000aa010000000000000000aa010000000000000000aa010000000000000000aa010000000000000000aa010000000000000000aa010000000000000000aa01
01:07:33.312 [DEBUG] [serial] RX 128 bytes: 0000000000000000aa010000000000000000aa010000000000000000aa010000000000000000aa010000000000000000aa010000000000000000aa010000000000000000aa010000000000000000aa010000000000000000aa010000000000000000aa010000000000000000aa010000000000000000aa010000000000000000
01:07:33.316 [DEBUG] [serial] RX 128 bytes: aa010000000000000000aa010000000000000000aa010000000000000000aa010000000000000000aa010000000000000000aa010000000000000000aa010000000000000000aa010000000000000000aa010000000000000000aa010000000000000000aa010000000000000000aa010000000000000000aa01000000000000
01:07:33.320 [DEBUG] [serial] RX 128 bytes: 0000aa010000000000000000aa010000000000000000aa010000000000000000aa010000000000000000aa010000000000000000aa010000000000000000aa010000000000000000aa010000000000000000aa010000000000000000aa010000000000000000aa010000000000000000aa010000000000000000aa0100000000
01:07:33.324 [DEBUG] [serial] RX 128 bytes: 00000000aa010000000000000000aa010000000000000000aa010000000000000000aa010000000000000000aa010000000000000000aa010000000000000000aa010000000000000000aa010000000000000000aa010000000000000000aa010000000000000000aa010000000000000000aa010000000000000000aa010000
01:07:33.328 [DEBUG] [serial] RX 128 bytes: 000000000000aa010000000000000000aa010000000000000000aa010000000000000000aa010000000000000000aa010000000000000000aa010000000000000000aa010000000000000000aa010000000000000000aa010000000000000000aa010000000000000000aa010000000000000000aa010000000000000000aa01
01:07:33.332 [DEBUG] [serial] RX 128 bytes: 0000000000000000aa010000000000000000aa010000000000000000aa010000000000000000aa010000000000000000aa010000000000000000aa010000000000000000aa010000000000000000aa010000000000000000aa010000000000000000aa010000000000000000aa010000000000000000aa010000000000000000
01:07:33.336 [DEBUG] [serial] RX 128 bytes: aa010000000000000000aa010000000000000000aa010000000000000000aa010000000000000000aa010000000000000000aa010000000000000000aa010000000000000000aa010000000000000000aa010000000000000000aa010000000000000000aa010000000000000000aa010000000000000000aa01000000000000
01:07:33.340 [DEBUG] [serial] RX 128 bytes: 0000aa010000000000000000aa010000000000000000aa010000000000000000aa010000000000000000aa010000000000000000aa010000000000000000aa010000000000000000aa010000000000000000aa010000000000000000aa010000000000000000aa010000000000000000aa010000000000000000aa0100000000
01:07:33.344 [DEBUG] [serial] RX 128 bytes: 00000000aa010000000000000000aa010000000000000000aa010000000000000000aa010000000000000000aa010000000000000000aa010000000000000000aa010000000000000000aa010000000000000000aa010000000000000000aa010000000000000000aa010000000000000000aa010000000000000000aa010000
01:07:33.348 [DEBUG] [serial] RX 128 bytes: 000000000000aa010000000000000000aa010000000000000000aa010000000000000000aa010000000000000000aa010000000000000000aa010000000000000000aa010000000000000000aa010000000000000000aa010000000000000000aa010000000000000000aa010000000000000000aa010000000000000000aa01
01:07:33.352 [DEBUG] [serial] RX 128 bytes: 0000000000000000aa010000000000000000aa010000000000000000aa010000000000000000aa010000000000000000aa010000000000000000aa010000000000000000aa010000000000000000aa010000000000000000aa010000000000000000aa010000000000000000aa010000000000000000aa010000000000000000
01:07:33.356 [DEBUG] [serial] RX 128 bytes: aa010000000000000000aa010000000000000000aa010000000000000000aa010000000000000000aa010000000000000000aa010000000000000000aa010000000000000000aa010000000000000000aa010000000000000000aa010000000000000000aa010000000000000000aa010000000000000000aa01000000000000
01:07:33.360 [DEBUG] [serial] RX 128 bytes: 0000aa010000000000000000aa010000000000000000aa010000000000000000aa010000000000000000aa010000000000000000aa010000000000000000aa010000000000000000aa010000000000000000aa010000000000000000aa010000000000000000aa010000000000000000aa010000000000000000aa0100000000
01:07:33.364 [DEBUG] [serial] RX 128 bytes: 00000000aa010000000000000000aa010000000000000000aa010000000000000000aa010000000000000000aa010000000000000000aa010000000000000000aa010000000000000000aa010000000000000000aa010000000000000000aa010000000000000000aa010000000000000000aa010000000000000000aa010000
01:07:33.368 [DEBUG] [serial] RX 128 bytes: 000000000000aa010000000000000000aa010000000000000000aa010000000000000000aa010000000000000000aa010000000000000000aa010000000000000000aa010000000000000000aa010000000000000000aa010000000000000000aa010000000000000000aa010000000000000000aa010000000000000000aa01
01:07:33.371 [DEBUG] [serial] RX 128 bytes: 0000000000000000aa010000000000000000aa010000000000000000aa010000000000000000aa010000000000000000aa010000000000000000aa010000000000000000aa010000000000000000aa010000000000000000aa010000000000000000aa010000000000000000aa010000000000000000aa010000000000000000
01:07:33.375 [DEBUG] [serial] RX 128 bytes: aa010000000000000000aa010000000000000000aa010000000000000000aa010000000000000000aa010000000000000000aa010000000000000000aa010000000000000000aa010000000000000000aa010000000000000000aa010000000000000000aa010000000000000000aa010000000000000000aa01000000000000
01:07:33.376 [DEBUG] [serial] PKT #33500: flags=0x01 in=0 ds=0 flt=0
01:07:33.379 [DEBUG] [serial] RX 128 bytes: 0000aa010000000000000000aa010000000000000000aa010000000000000000aa010000000000000000aa010000000000000000aa010000000000000000aa010000000000000000aa010000000000000000aa010000000000000000aa010000000000000000aa010000000000000000aa010000000000000000aa0100000000
01:07:33.384 [DEBUG] [serial] RX 128 bytes: 00000000aa010000000000000000aa010000000000000000aa010000000000000000aa010000000000000000aa010000000000000000aa010000000000000000aa010000000000000000aa010000000000000000aa010000000000000000aa010000000000000000aa010000000000000000aa010000000000000000aa010000
01:07:33.388 [DEBUG] [serial] RX 128 bytes: 000000000000aa010000000000000000aa010000000000000000aa010000000000000000aa010000000000000000aa010000000000000000aa010000000000000000aa010000000000000000aa010000000000000000aa010000000000000000aa010000000000000000aa010000000000000000aa010000000000000000aa01
01:07:33.391 [DEBUG] [serial] RX 128 bytes: 0000000000000000aa010000000000000000aa010000000000000000aa010000000000000000aa010000000000000000aa010000000000000000aa010000000000000000aa010000000000000000aa010000000000000000aa010000000000000000aa010000000000000000aa010000000000000000aa010000000000000000
01:07:33.395 [DEBUG] [serial] RX 128 bytes: aa010000000000000000aa010000000000000000aa010000000000000000aa010000000000000000aa010000000000000000aa010000000000000000aa010000000000000000aa010000000000000000aa010000000000000000aa010000000000000000aa010000000000000000aa010000000000000000aa01000000000000
01:07:33.399 [DEBUG] [serial] RX 128 bytes: 0000aa010000000000000000aa010000000000000000aa010000000000000000aa010000000000000000aa010000000000000000aa010000000000000000aa010000000000000000aa010000000000000000aa010000000000000000aa010000000000000000aa010000000000000000aa010000000000000000aa0100000000
01:07:33.403 [DEBUG] [serial] RX 128 bytes: 00000000aa010000000000000000aa010000000000000000aa010000000000000000aa010000000000000000aa010000000000000000aa010000000000000000aa010000000000000000aa010000000000000000aa010000000000000000aa010000000000000000aa010000000000000000aa010000000000000000aa010000
01:07:33.407 [DEBUG] [serial] RX 128 bytes: 000000000000aa010000000000000000aa010000000000000000aa010000000000000000aa010000000000000000aa010000000000000000aa010000000000000000aa010000000000000000aa010000000000000000aa010000000000000000aa010000000000000000aa010000000000000000aa010000000000000000aa01
01:07:33.411 [DEBUG] [serial] RX 128 bytes: 0000000000000000aa010000000000000000aa010000000000000000aa010000000000000000aa010000000000000000aa010000000000000000aa010000000000000000aa010000000000000000aa010000000000000000aa010000000000000000aa010000000000000000aa010000000000000000aa010000000000000000
01:07:33.415 [DEBUG] [serial] RX 128 bytes: aa010000000000000000aa010000000000000000aa010000000000000000aa010000000000000000aa010000000000000000aa010000000000000000aa010000000000000000aa010000000000000000aa010000000000000000aa010000000000000000aa010000000000000000aa010000000000000000aa01000000000000
01:07:33.419 [DEBUG] [serial] RX 128 bytes: 0000aa010000000000000000aa010000000000000000aa010000000000000000aa010000000000000000aa010000000000000000aa010000000000000000aa010000000000000000aa010000000000000000aa010000000000000000aa010000000000000000aa010000000000000000aa010000000000000000aa0100000000
01:07:33.423 [DEBUG] [serial] RX 128 bytes: 00000000aa010000000000000000aa010000000000000000aa010000000000000000aa010000000000000000aa010000000000000000aa010000000000000000aa010000000000000000aa010000000000000000aa010000000000000000aa010000000000000000aa010000000000000000aa010000000000000000aa010000
01:07:33.427 [DEBUG] [serial] RX 128 bytes: 000000000000aa010000000000000000aa010000000000000000aa010000000000000000aa010000000000000000aa010000000000000000aa010000000000000000aa010000000000000000aa010000000000000000aa010000000000000000aa010000000000000000aa010000000000000000aa010000000000000000aa01
01:07:33.431 [DEBUG] [serial] RX 128 bytes: 0000000000000000aa010000000000000000aa010000000000000000aa010000000000000000aa010000000000000000aa010000000000000000aa010000000000000000aa010000000000000000aa010000000000000000aa010000000000000000aa010000000000000000aa010000000000000000aa010000000000000000
01:07:33.435 [DEBUG] [serial] RX 128 bytes: aa010000000000000000aa010000000000000000aa010000000000000000aa010000000000000000aa010000000000000000aa010000000000000000aa010000000000000000aa010000000000000000aa010000000000000000aa010000000000000000aa010000000000000000aa010000000000000000aa01000000000000
01:07:33.439 [DEBUG] [serial] RX 128 bytes: 0000aa010000000000000000aa010000000000000000aa010000000000000000aa010000000000000000aa010000000000000000aa010000000000000000aa010000000000000000aa010000000000000000aa010000000000000000aa010000000000000000aa010000000000000000aa010000000000000000aa0100000000
01:07:33.443 [DEBUG] [serial] RX 128 bytes: 00000000aa010000000000000000aa010000000000000000aa010000000000000000aa010000000000000000aa010000000000000000aa010000000000000000aa010000000000000000aa010000000000000000aa010000000000000000aa010000000000000000aa010000000000000000aa010000000000000000aa010000
01:07:33.447 [DEBUG] [serial] RX 128 bytes: 000000000000aa010000000000000000aa010000000000000000aa010000000000000000aa010000000000000000aa010000000000000000aa010000000000000000aa010000000000000000aa010000000000000000aa010000000000000000aa010000000000000000aa010000000000000000aa010000000000000000aa01
01:07:33.451 [DEBUG] [serial] RX 128 bytes: 0000000000000000aa010000000000000000aa010000000000000000aa010000000000000000aa010000000000000000aa010000000000000000aa010000000000000000aa010000000000000000aa010000000000000000aa010000000000000000aa010000000000000000aa010000000000000000aa010000000000000000
01:07:33.455 [DEBUG] [serial] RX 128 bytes: aa010000000000000000aa010000000000000000aa010000000000000000aa010000000000000000aa010000000000000000aa010000000000000000aa010000000000000000aa010000000000000000aa010000000000000000aa010000000000000000aa010000000000000000aa010000000000000000aa01000000000000
01:07:33.459 [DEBUG] [serial] RX 128 bytes: 0000aa010000000000000000aa010000000000000000aa010000000000000000aa010000000000000000aa010000000000000000aa010000000000000000aa010000000000000000aa010000000000000000aa010000000000000000aa010000000000000000aa010000000000000000aa010000000000000000aa0100000000
01:07:33.463 [DEBUG] [serial] RX 128 bytes: 00000000aa010000000000000000aa010000000000000000aa010000000000000000aa010000000000000000aa010000000000000000aa010000000000000000aa010000000000000000aa010000000000000000aa010000000000000000aa010000000000000000aa010000000000000000aa010000000000000000aa010000
01:07:33.467 [DEBUG] [serial] RX 128 bytes: 000000000000aa010000000000000000aa010000000000000000aa010000000000000000aa010000000000000000aa010000000000000000aa010000000000000000aa010000000000000000aa010000000000000000aa010000000000000000aa010000000000000000aa010000000000000000aa010000000000000000aa01
01:07:33.471 [DEBUG] [serial] RX 128 bytes: 0000000000000000aa010000000000000000aa010000000000000000aa010000000000000000aa010000000000000000aa010000000000000000aa010000000000000000aa010000000000000000aa010000000000000000aa010000000000000000aa010000000000000000aa010000000000000000aa010000000000000000
01:07:33.475 [DEBUG] [serial] RX 128 bytes: aa010000000000000000aa010000000000000000aa010000000000000000aa010000000000000000aa010000000000000000aa010000000000000000aa010000000000000000aa010000000000000000aa010000000000000000aa010000000000000000aa010000000000000000aa010000000000000000aa01000000000000
01:07:33.480 [DEBUG] [serial] RX 128 bytes: 0000aa010000000000000000aa010000000000000000aa010000000000000000aa010000000000000000aa010000000000000000aa010000000000000000aa010000000000000000aa010000000000000000aa010000000000000000aa010000000000000000aa010000000000000000aa010000000000000000aa0100000000
01:07:33.483 [DEBUG] [serial] RX 128 bytes: 00000000aa010000000000000000aa010000000000000000aa010000000000000000aa010000000000000000aa010000000000000000aa010000000000000000aa010000000000000000aa010000000000000000aa010000000000000000aa010000000000000000aa010000000000000000aa010000000000000000aa010000
01:07:33.487 [DEBUG] [serial] RX 128 bytes: 000000000000aa010000000000000000aa010000000000000000aa010000000000000000aa010000000000000000aa010000000000000000aa010000000000000000aa010000000000000000aa010000000000000000aa010000000000000000aa010000000000000000aa010000000000000000aa010000000000000000aa01
01:07:33.491 [DEBUG] [serial] RX 128 bytes: 0000000000000000aa010000000000000000aa010000000000000000aa010000000000000000aa010000000000000000aa010000000000000000aa010000000000000000aa010000000000000000aa010000000000000000aa010000000000000000aa010000000000000000aa010000000000000000aa010000000000000000
01:07:33.495 [DEBUG] [serial] RX 128 bytes: aa010000000000000000aa010000000000000000aa010000000000000000aa010000000000000000aa010000000000000000aa010000000000000000aa010000000000000000aa010000000000000000aa010000000000000000aa010000000000000000aa010000000000000000aa010000000000000000aa01000000000000
01:07:33.499 [DEBUG] [serial] RX 128 bytes: 0000aa010000000000000000aa010000000000000000aa010000000000000000aa010000000000000000aa010000000000000000aa010000000000000000aa010000000000000000aa010000000000000000aa010000000000000000aa010000000000000000aa010000000000000000aa010000000000000000aa0100000000
01:07:33.503 [DEBUG] [serial] RX 128 bytes: 00000000aa010000000000000000aa010000000000000000aa010000000000000000aa010000000000000000aa010000000000000000aa010000000000000000aa010000000000000000aa010000000000000000aa010000000000000000aa010000000000000000aa010000000000000000aa010000000000000000aa010000
01:07:33.507 [DEBUG] [serial] RX 128 bytes: 000000000000aa010000000000000000aa010000000000000000aa010000000000000000aa010000000000000000aa010000000000000000aa010000000000000000aa010000000000000000aa010000000000000000aa010000000000000000aa010000000000000000aa010000000000000000aa010000000000000000aa01
01:07:33.510 [DEBUG] [serial] RX 128 bytes: 0000000000000000aa010000000000000000aa010000000000000000aa010000000000000000aa010000000000000000aa010000000000000000aa010000000000000000aa010000000000000000aa010000000000000000aa010000000000000000aa010000000000000000aa010000000000000000aa010000000000000000
01:07:33.515 [DEBUG] [serial] RX 128 bytes: aa010000000000000000aa010000000000000000aa010000000000000000aa010000000000000000aa010000000000000000aa010000000000000000aa010000000000000000aa010000000000000000aa010000000000000000aa010000000000000000aa010000000000000000aa010000000000000000aa01000000000000
01:07:33.519 [DEBUG] [serial] RX 128 bytes: 0000aa010000000000000000aa010000000000000000aa010000000000000000aa010000000000000000aa010000000000000000aa010000000000000000aa010000000000000000aa010000000000000000aa010000000000000000aa010000000000000000aa010000000000000000aa010000000000000000aa0100000000
01:07:33.523 [DEBUG] [serial] RX 128 bytes: 00000000aa010000000000000000aa010000000000000000aa010000000000000000aa010000000000000000aa010000000000000000aa010000000000000000aa010000000000000000aa010000000000000000aa010000000000000000aa010000000000000000aa010000000000000000aa010000000000000000aa010000
01:07:33.527 [DEBUG] [serial] RX 128 bytes: 000000000000aa010000000000000000aa010000000000000000aa010000000000000000aa010000000000000000aa010000000000000000aa010000000000000000aa010000000000000000aa010000000000000000aa010000000000000000aa010000000000000000aa010000000000000000aa010000000000000000aa01
01:07:33.530 [DEBUG] [serial] RX 128 bytes: 0000000000000000aa010000000000000000aa010000000000000000aa010000000000000000aa010000000000000000aa010000000000000000aa010000000000000000aa010000000000000000aa010000000000000000aa010000000000000000aa010000000000000000aa010000000000000000aa010000000000000000
01:07:33.531 [DEBUG] [serial] PKT #34000: flags=0x01 in=0 ds=0 flt=0
01:07:33.534 [DEBUG] [serial] RX 128 bytes: aa010000000000000000aa010000000000000000aa010000000000000000aa010000000000000000aa010000000000000000aa010000000000000000aa010000000000000000aa010000000000000000aa010000000000000000aa010000000000000000aa010000000000000000aa010000000000000000aa01000000000000
01:07:33.538 [DEBUG] [serial] RX 128 bytes: 0000aa010000000000000000aa010000000000000000aa010000000000000000aa010000000000000000aa010000000000000000aa010000000000000000aa010000000000000000aa010000000000000000aa010000000000000000aa010000000000000000aa010000000000000000aa010000000000000000aa0100000000
01:07:33.542 [DEBUG] [serial] RX 128 bytes: 00000000aa010000000000000000aa010000000000000000aa010000000000000000aa010000000000000000aa010000000000000000aa010000000000000000aa010000000000000000aa010000000000000000aa010000000000000000aa010000000000000000aa010000000000000000aa010000000000000000aa010000
01:07:33.546 [DEBUG] [serial] RX 128 bytes: 000000000000aa010000000000000000aa010000000000000000aa010000000000000000aa010000000000000000aa010000000000000000aa010000000000000000aa010000000000000000aa010000000000000000aa010000000000000000aa010000000000000000aa010000000000000000aa010000000000000000aa01
01:07:33.550 [DEBUG] [serial] RX 128 bytes: 0000000000000000aa010000000000000000aa010000000000000000aa010000000000000000aa010000000000000000aa010000000000000000aa010000000000000000aa010000000000000000aa010000000000000000aa010000000000000000aa010000000000000000aa010000000000000000aa010000000000000000
01:07:33.551 [INFO] [GUI] Click MuxIn -> 0
01:07:33.551 [INFO] [serial] Encolando TX CMD_MUX_IN sel=0: bb0100
01:07:33.554 [INFO] [serial] TX CMD_MUX_IN sel=0: bb0100
01:07:33.554 [DEBUG] [serial] TX OK: 3 bytes escritos
01:07:33.555 [DEBUG] [serial] RX 128 bytes: aa010000000000000000aa010000000000000000aa010000000000000000aa010000000000000000aa010000000000000000aa010000000000000000aa010000000000000000aa010000000000000000aa010000000000000000aa010000000000000000aa010000000000000000aa010000000000000000aa01000000000000
01:07:33.558 [DEBUG] [serial] RX 128 bytes: 0000aa000000000000000000aa000000000000000000aa000000000000000000aa000000000000000000aa000000000000000000aa000000000000000000aa000000000000000000aa000000000000000000aa000000000000000000aa000000000000000000aa000000000000000000aa000000000000000000aa0000000000
01:07:33.562 [DEBUG] [serial] RX 128 bytes: 00000000aa000000000000000000aa000000000000000000aa000000000000000000aa000000000000000000aa000000000000000000aa000000000000000000aa000000000000000000aa000000000000000000aa000000000000000000aa000000000000000000aa000000000000000000aa000000000000000000aa000000
01:07:33.566 [DEBUG] [serial] RX 128 bytes: 000000000000aa000000000000000000aa000000000000000000aa000000000000000000aa000000000000000000aa000000000000000000aa000000000000000000aa000000000000000000aa000000000000000000aa000000000000000000aa000000000000000000aa000000000000000000aa000000000000000000aa00
01:07:33.570 [DEBUG] [serial] RX 128 bytes: 0000000000000000aa000000000000000000aa000000000000000000aa000000000000000000aa000000000000000000aa000000000000000000aa000000000000000000aa000000000000000000aa000000000000000000aa000000000000000000aa000000000000000000aa000000000000000000aa000000000000000000
01:07:33.574 [DEBUG] [serial] RX 128 bytes: aa000000000000000000aa000000000000000000aa000000000000000000aa000000000000000000aa000000000000000000aa000000000000000000aa000000000000000000aa000000000000000000aa000000000000000000aa000000000000000000aa000000000000000000aa000000000000000000aa00000000000000
01:07:33.578 [DEBUG] [serial] RX 128 bytes: 0000aa000000000000000000aa000000000000000000aa000000000000000000aa000000000000000000aa000000000000000000aa000000000000000000aa000000000000000000aa000000000000000000aa000000000000000000aa000000000000000000aa000000000000000000aa000000000000000000aa0000000000
01:07:33.582 [DEBUG] [serial] RX 128 bytes: 00000000aa000000000000000000aa000000000000000000aa000000000000000000aa000000000000000000aa000000000000000000aa000000000000000000aa000000000000000000aa000000000000000000aa000000000000000000aa000000000000000000aa000000000000000000aa000000000000000000aa000000
01:07:33.586 [DEBUG] [serial] RX 128 bytes: 000000000000aa000000000000000000aa000000000000000000aa000000000000000000aa000000000000000000aa000000000000000000aa000000000000000000aa000000000000000000aa000000000000000000aa000000000000000000aa000000000000000000aa000000000000000000aa000000000000000000aa00
01:07:33.590 [DEBUG] [serial] RX 128 bytes: 0000000000000000aa000000000000000000aa000000000000000000aa000000000000000000aa000000000000000000aa000000000000000000aa000000000000000000aa000000000000000000aa000000000000000000aa000000000000000000aa000000000000000000aa000000000000000000aa000000000000000000
01:07:33.594 [DEBUG] [serial] RX 128 bytes: aa000000000000000000aa000000000000000000aa000000000000000000aa000000000000000000aa000000000000000000aa000000000000000000aa000000000000000000aa000000000000000000aa000000000000000000aa000000000000000000aa000000000000000000aa000000000000000000aa00000000000000
01:07:33.598 [DEBUG] [serial] RX 128 bytes: 0000aa000000000000000000aa000000000000000000aa000000000000000000aa000000000000000000aa000000000000000000aa000000000000000000aa000000000000000000aa000000000000000000aa000000000000000000aa000000000000000000aa000000000000000000aa000000000000000000aa0000000000
01:07:33.602 [DEBUG] [serial] RX 128 bytes: 00000000aa000000000000000000aa000000000000000000aa000000000000000000aa000000000000000000aa000000000000000000aa000000000000000000aa000000000000000000aa000000000000000000aa000000000000000000aa000000000000000000aa000000000000000000aa000000000000000000aa000000
01:07:33.606 [DEBUG] [serial] RX 128 bytes: 000000000000aa000000000000000000aa000000000000000000aa000000000000000000aa000000000000000000aa000000000000000000aa000000000000000000aa000000000000000000aa000000000000000000aa000000000000000000aa000000000000000000aa000000000000000000aa000000000000000000aa00
01:07:33.610 [DEBUG] [serial] RX 128 bytes: 0000000000000000aa000000000000000000aa000000000000000000aa000000000000000000aa000000000000000000aa000000000000000000aa000000000000000000aa000000000000000000aa000000000000000000aa000000000000000000aa000000000000000000aa000000000000000000aa000000000000000000
01:07:33.614 [DEBUG] [serial] RX 128 bytes: aa000000000000000000aa000000000000000000aa000000000000000000aa000000000000000000aa000000000000000000aa000000000000000000aa000000000000000000aa000000000000000000aa000000000000000000aa000000000000000000aa000000000000000000aa000000000000000000aa00000000000000
01:07:33.618 [DEBUG] [serial] RX 128 bytes: 0000aa000000000000000000aa000000000000000000aa000000000000000000aa000000000000000000aa000000000000000000aa000000000000000000aa000000000000000000aa000000000000000000aa000000000000000000aa000000000000000000aa000000000000000000aa000000000000000000aa0000000000
01:07:33.622 [DEBUG] [serial] RX 128 bytes: 00000000aa000000000000000000aa000000000000000000aa000000000000000000aa000000000000000000aa000000000000000000aa000000000000000000aa000000000000000000aa000000000000000000aa000000000000000000aa000000000000000000aa000000000000000000aa000000000000000000aa000000
01:07:33.626 [DEBUG] [serial] RX 128 bytes: 000000000000aa000000000000000000aa000000000000000000aa000000000000000000aa000000000000000000aa000000000000000000aa000000000000000000aa000000000000000000aa000000000000000000aa000000000000000000aa000000000000000000aa000000000000000000aa000000000000000000aa00
01:07:33.630 [DEBUG] [serial] RX 128 bytes: 0000000000000000aa000000000000000000aa000000000000000000aa000000000000000000aa000000000000000000aa000000000000000000aa000000000000000000aa000000000000000000aa000000000000000000aa000000000000000000aa000000000000000000aa000000000000000000aa000000000000000000
01:07:33.634 [DEBUG] [serial] RX 128 bytes: aa000000000000000000aa000000000000000000aa000000000000000000aa000000000000000000aa000000000000000000aa000000000000000000aa000000000000000000aa000000000000000000aa000000000000000000aa000000000000000000aa000000000000000000aa000000000000000000aa00000000000000
01:07:33.638 [DEBUG] [serial] RX 128 bytes: 0000aa000000000000000000aa000000000000000000aa000000000000000000aa000000000000000000aa000000000000000000aa000000000000000000aa000000000000000000aa000000000000000000aa000000000000000000aa000000000000000000aa000000000000000000aa000000000000000000aa0000000000
01:07:33.642 [DEBUG] [serial] RX 128 bytes: 00000000aa000000000000000000aa000000000000000000aa000000000000000000aa000000000000000000aa000000000000000000aa000000000000000000aa000000000000000000aa000000000000000000aa000000000000000000aa000000000000000000aa000000000000000000aa000000000000000000aa000000
01:07:33.646 [DEBUG] [serial] RX 128 bytes: 000000000000aa000000000000000000aa000000000000000000aa000000000000000000aa000000000000000000aa000000000000000000aa000000000000000000aa000000000000000000aa000000000000000000aa000000000000000000aa000000000000000000aa000000000000000000aa000000000000000000aa00
01:07:33.650 [DEBUG] [serial] RX 128 bytes: 0000000000000000aa000000000000000000aa000000000000000000aa000000000000000000aa000000000000000000aa000000000000000000aa000000000000000000aa000000000000000000aa000000000000000000aa000000000000000000aa000000000000000000aa000000000000000000aa000000000000000000
01:07:33.654 [DEBUG] [serial] RX 128 bytes: aa000000000000000000aa000000000000000000aa000000000000000000aa000000000000000000aa000000000000000000aa000000000000000000aa000000000000000000aa000000000000000000aa000000000000000000aa000000000000000000aa000000000000000000aa000000000000000000aa00000000000000
01:07:33.658 [DEBUG] [serial] RX 128 bytes: 0000aa000000000000000000aa000000000000000000aa000000000000000000aa000000000000000000aa000000000000000000aa000000000000000000aa000000000000000000aa000000000000000000aa000000000000000000aa000000000000000000aa000000000000000000aa000000000000000000aa0000000000
01:07:33.662 [DEBUG] [serial] RX 128 bytes: 00000000aa000000000000000000aa000000000000000000aa000000000000000000aa000000000000000000aa000000000000000000aa000000000000000000aa000000000000000000aa000000000000000000aa000000000000000000aa000000000000000000aa000000000000000000aa000000000000000000aa000000
01:07:33.666 [DEBUG] [serial] RX 128 bytes: 000000000000aa000000000000000000aa000000000000000000aa000000000000000000aa000000000000000000aa000000000000000000aa000000000000000000aa000000000000000000aa000000000000000000aa000000000000000000aa000000000000000000aa000000000000000000aa000000000000000000aa00
01:07:33.670 [DEBUG] [serial] RX 128 bytes: 0000000000000000aa000000000000000000aa000000000000000000aa000000000000000000aa000000000000000000aa000000000000000000aa000000000000000000aa000000000000000000aa000000000000000000aa000000000000000000aa000000000000000000aa000000000000000000aa000000000000000000
01:07:33.673 [DEBUG] [serial] RX 128 bytes: aa000000000000000000aa000000000000000000aa000000000000000000aa000000000000000000aa000000000000000000aa000000000000000000aa000000000000000000aa000000000000000000aa000000000000000000aa000000000000000000aa000000000000000000aa000000000000000000aa00000000000000
01:07:33.677 [DEBUG] [serial] RX 128 bytes: 0000aa000000000000000000aa000000000000000000aa000000000000000000aa000000000000000000aa000000000000000000aa000000000000000000aa000000000000000000aa000000000000000000aa000000000000000000aa000000000000000000aa000000000000000000aa000000000000000000aa0000000000
01:07:33.682 [DEBUG] [serial] RX 128 bytes: 00000000aa000000000000000000aa000000000000000000aa000000000000000000aa000000000000000000aa000000000000000000aa000000000000000000aa000000000000000000aa000000000000000000aa000000000000000000aa000000000000000000aa000000000000000000aa000000000000000000aa000000
01:07:33.686 [DEBUG] [serial] RX 128 bytes: 000000000000aa000000000000000000aa000000000000000000aa000000000000000000aa000000000000000000aa000000000000000000aa000000000000000000aa000000000000000000aa000000000000000000aa000000000000000000aa000000000000000000aa000000000000000000aa000000000000000000aa00
01:07:33.686 [DEBUG] [serial] PKT #34500: flags=0x00 in=0 ds=0 flt=0
01:07:33.689 [DEBUG] [serial] RX 128 bytes: 0000000000000000aa000000000000000000aa000000000000000000aa000000000000000000aa000000000000000000aa000000000000000000aa000000000000000000aa000000000000000000aa000000000000000000aa000000000000000000aa000000000000000000aa000000000000000000aa000000000000000000
01:07:33.693 [DEBUG] [serial] RX 128 bytes: aa000000000000000000aa000000000000000000aa000000000000000000aa000000000000000000aa000000000000000000aa000000000000000000aa000000000000000000aa000000000000000000aa000000000000000000aa000000000000000000aa000000000000000000aa000000000000000000aa00000000000000
01:07:33.697 [DEBUG] [serial] RX 128 bytes: 0000aa000000000000000000aa000000000000000000aa000000000000000000aa000000000000000000aa000000000000000000aa000000000000000000aa000000000000000000aa000000000000000000aa000000000000000000aa000000000000000000aa000000000000000000aa000000000000000000aa0000000000
01:07:33.701 [DEBUG] [serial] RX 128 bytes: 00000000aa000000000000000000aa000000000000000000aa000000000000000000aa000000000000000000aa000000000000000000aa000000000000000000aa000000000000000000aa000000000000000000aa000000000000000000aa000000000000000000aa000000000000000000aa000000000000000000aa000000
01:07:33.705 [DEBUG] [serial] RX 128 bytes: 000000000000aa000000000000000000aa000000000000000000aa000000000000000000aa000000000000000000aa000000000000000000aa000000000000000000aa000000000000000000aa000000000000000000aa000000000000000000aa000000000000000000aa000000000000000000aa000000000000000000aa00
01:07:33.709 [DEBUG] [serial] RX 128 bytes: 0000000000000000aa000000000000000000aa000000000000000000aa000000000000000000aa000000000000000000aa000000000000000000aa000000000000000000aa000000000000000000aa000000000000000000aa000000000000000000aa000000000000000000aa000000000000000000aa000000000000000000
01:07:33.713 [DEBUG] [serial] RX 128 bytes: aa000000000000000000aa000000000000000000aa000000000000000000aa000000000000000000aa000000000000000000aa000000000000000000aa000000000000000000aa000000000000000000aa000000000000000000aa000000000000000000aa000000000000000000aa000000000000000000aa00000000000000
01:07:33.717 [DEBUG] [serial] RX 128 bytes: 0000aa000000000000000000aa000000000000000000aa000000000000000000aa000000000000000000aa000000000000000000aa000000000000000000aa000000000000000000aa000000000000000000aa000000000000000000aa000000000000000000aa000000000000000000aa000000000000000000aa0000000000
01:07:33.721 [DEBUG] [serial] RX 128 bytes: 00000000aa000000000000000000aa000000000000000000aa000000000000000000aa000000000000000000aa000000000000000000aa000000000000000000aa000000000000000000aa000000000000000000aa000000000000000000aa000000000000000000aa000000000000000000aa000000000000000000aa000000
01:07:33.725 [DEBUG] [serial] RX 128 bytes: 000000000000aa000000000000000000aa000000000000000000aa000000000000000000aa000000000000000000aa000000000000000000aa000000000000000000aa000000000000000000aa000000000000000000aa000000000000000000aa000000000000000000aa000000000000000000aa000000000000000000aa00
01:07:33.729 [DEBUG] [serial] RX 128 bytes: 0000000000000000aa000000000000000000aa000000000000000000aa000000000000000000aa000000000000000000aa000000000000000000aa000000000000000000aa000000000000000000aa000000000000000000aa000000000000000000aa000000000000000000aa000000000000000000aa000000000000000000
01:07:33.733 [DEBUG] [serial] RX 128 bytes: aa000000000000000000aa000000000000000000aa000000000000000000aa000000000000000000aa000000000000000000aa000000000000000000aa000000000000000000aa000000000000000000aa000000000000000000aa000000000000000000aa000000000000000000aa000000000000000000aa00000000000000
01:07:33.737 [DEBUG] [serial] RX 128 bytes: 0000aa000000000000000000aa000000000000000000aa000000000000000000aa000000000000000000aa000000000000000000aa000000000000000000aa000000000000000000aa000000000000000000aa000000000000000000aa000000000000000000aa000000000000000000aa000000000000000000aa0000000000
01:07:33.741 [DEBUG] [serial] RX 128 bytes: 00000000aa000000000000000000aa000000000000000000aa000000000000000000aa000000000000000000aa000000000000000000aa000000000000000000aa000000000000000000aa000000000000000000aa000000000000000000aa000000000000000000aa000000000000000000aa000000000000000000aa000000
01:07:33.745 [DEBUG] [serial] RX 128 bytes: 000000000000aa000000000000000000aa000000000000000000aa000000000000000000aa000000000000000000aa000000000000000000aa000000000000000000aa000000000000000000aa000000000000000000aa000000000000000000aa000000000000000000aa000000000000000000aa000000000000000000aa00
01:07:33.749 [DEBUG] [serial] RX 128 bytes: 0000000000000000aa000000000000000000aa000000000000000000aa000000000000000000aa000000000000000000aa000000000000000000aa000000000000000000aa000000000000000000aa000000000000000000aa000000000000000000aa000000000000000000aa000000000000000000aa000000000000000000
01:07:33.753 [DEBUG] [serial] RX 128 bytes: aa000000000000000000aa000000000000000000aa000000000000000000aa000000000000000000aa000000000000000000aa000000000000000000aa000000000000000000aa000000000000000000aa000000000000000000aa000000000000000000aa000000000000000000aa000000000000000000aa00000000000000
01:07:33.757 [DEBUG] [serial] RX 128 bytes: 0000aa000000000000000000aa000000000000000000aa000000000000000000aa000000000000000000aa000000000000000000aa000000000000000000aa000000000000000000aa000000000000000000aa000000000000000000aa000000000000000000aa000000000000000000aa000000000000000000aa0000000000
01:07:33.761 [DEBUG] [serial] RX 128 bytes: 00000000aa000000000000000000aa000000000000000000aa000000000000000000aa000000000000000000aa000000000000000000aa000000000000000000aa000000000000000000aa000000000000000000aa000000000000000000aa000000000000000000aa000000000000000000aa000000000000000000aa000000
01:07:33.765 [DEBUG] [serial] RX 128 bytes: 000000000000aa000000000000000000aa000000000000000000aa000000000000000000aa000000000000000000aa000000000000000000aa000000000000000000aa000000000000000000aa000000000000000000aa000000000000000000aa000000000000000000aa000000000000000000aa000000000000000000aa00
01:07:33.769 [DEBUG] [serial] RX 128 bytes: 0000000000000000aa000000000000000000aa000000000000000000aa000000000000000000aa000000000000000000aa000000000000000000aa000000000000000000aa000000000000000000aa000000000000000000aa000000000000000000aa000000000000000000aa000000000000000000aa000000000000000000
01:07:33.773 [DEBUG] [serial] RX 128 bytes: aa000000000000000000aa000000000000000000aa000000000000000000aa000000000000000000aa000000000000000000aa000000000000000000aa000000000000000000aa000000000000000000aa000000000000000000aa000000000000000000aa000000000000000000aa000000000000000000aa00000000000000
01:07:33.777 [DEBUG] [serial] RX 128 bytes: 0000aa000000000000000000aa000000000000000000aa000000000000000000aa000000000000000000aa000000000000000000aa000000000000000000aa000000000000000000aa000000000000000000aa000000000000000000aa000000000000000000aa000000000000000000aa000000000000000000aa0000000000
01:07:33.781 [DEBUG] [serial] RX 128 bytes: 00000000aa000000000000000000aa000000000000000000aa000000000000000000aa000000000000000000aa000000000000000000aa000000000000000000aa000000000000000000aa000000000000000000aa000000000000000000aa000000000000000000aa000000000000000000aa000000000000000000aa000000
01:07:33.785 [DEBUG] [serial] RX 128 bytes: 000000000000aa000000000000000000aa000000000000000000aa000000000000000000aa000000000000000000aa000000000000000000aa000000000000000000aa000000000000000000aa000000000000000000aa000000000000000000aa000000000000000000aa000000000000000000aa000000000000000000aa00
01:07:33.789 [DEBUG] [serial] RX 128 bytes: 0000000000000000aa000000000000000000aa000000000000000000aa000000000000000000aa000000000000000000aa000000000000000000aa000000000000000000aa000000000000000000aa000000000000000000aa000000000000000000aa000000000000000000aa000000000000000000aa000000000000000000
01:07:33.793 [DEBUG] [serial] RX 128 bytes: aa000000000000000000aa000000000000000000aa000000000000000000aa000000000000000000aa000000000000000000aa000000000000000000aa000000000000000000aa000000000000000000aa000000000000000000aa000000000000000000aa000000000000000000aa000000000000000000aa00000000000000
01:07:33.797 [DEBUG] [serial] RX 128 bytes: 0000aa000000000000000000aa000000000000000000aa000000000000000000aa000000000000000000aa000000000000000000aa000000000000000000aa000000000000000000aa000000000000000000aa000000000000000000aa000000000000000000aa000000000000000000aa000000000000000000aa0000000000
01:07:33.801 [DEBUG] [serial] RX 128 bytes: 00000000aa000000000000000000aa000000000000000000aa000000000000000000aa000000000000000000aa000000000000000000aa000000000000000000aa000000000000000000aa000000000000000000aa000000000000000000aa000000000000000000aa000000000000000000aa000000000000000000aa000000
01:07:33.805 [DEBUG] [serial] RX 128 bytes: 000000000000aa000000000000000000aa000000000000000000aa000000000000000000aa000000000000000000aa000000000000000000aa000000000000000000aa000000000000000000aa000000000000000000aa000000000000000000aa000000000000000000aa000000000000000000aa000000000000000000aa00
01:07:33.808 [DEBUG] [serial] RX 128 bytes: 0000000000000000aa000000000000000000aa000000000000000000aa000000000000000000aa000000000000000000aa000000000000000000aa000000000000000000aa000000000000000000aa000000000000000000aa000000000000000000aa000000000000000000aa000000000000000000aa000000000000000000
01:07:33.812 [DEBUG] [serial] RX 128 bytes: aa000000000000000000aa000000000000000000aa000000000000000000aa000000000000000000aa000000000000000000aa000000000000000000aa000000000000000000aa000000000000000000aa000000000000000000aa000000000000000000aa000000000000000000aa000000000000000000aa00000000000000
01:07:33.816 [DEBUG] [serial] RX 128 bytes: 0000aa000000000000000000aa000000000000000000aa000000000000000000aa000000000000000000aa000000000000000000aa000000000000000000aa000000000000000000aa000000000000000000aa000000000000000000aa000000000000000000aa000000000000000000aa000000000000000000aa0000000000
01:07:33.821 [DEBUG] [serial] RX 128 bytes: 00000000aa000000000000000000aa000000000000000000aa000000000000000000aa000000000000000000aa000000000000000000aa000000000000000000aa000000000000000000aa000000000000000000aa000000000000000000aa000000000000000000aa000000000000000000aa000000000000000000aa000000
01:07:33.825 [DEBUG] [serial] RX 128 bytes: 000000000000aa000000000000000000aa000000000000000000aa000000000000000000aa000000000000000000aa000000000000000000aa000000000000000000aa000000000000000000aa000000000000000000aa000000000000000000aa000000000000000000aa000000000000000000aa000000000000000000aa00
01:07:33.828 [DEBUG] [serial] RX 128 bytes: 0000000000000000aa000000000000000000aa000000000000000000aa000000000000000000aa000000000000000000aa000000000000000000aa000000000000000000aa000000000000000000aa000000000000000000aa000000000000000000aa000000000000000000aa000000000000000000aa000000000000000000
01:07:33.832 [DEBUG] [serial] RX 128 bytes: aa000000000000000000aa000000000000000000aa000000000000000000aa000000000000000000aa000000000000000000aa000000000000000000aa000000000000000000aa000000000000000000aa000000000000000000aa000000000000000000aa000000000000000000aa000000000000000000aa00000000000000
01:07:33.836 [DEBUG] [serial] RX 128 bytes: 0000aa000000000000000000aa000000000000000000aa000000000000000000aa000000000000000000aa000000000000000000aa000000000000000000aa000000000000000000aa000000000000000000aa000000000000000000aa000000000000000000aa000000000000000000aa000000000000000000aa0000000000
01:07:33.840 [DEBUG] [serial] RX 128 bytes: 00000000aa000000000000000000aa000000000000000000aa000000000000000000aa000000000000000000aa000000000000000000aa000000000000000000aa000000000000000000aa000000000000000000aa000000000000000000aa000000000000000000aa000000000000000000aa000000000000000000aa000000
01:07:33.841 [DEBUG] [serial] PKT #35000: flags=0x00 in=0 ds=0 flt=0
01:07:33.844 [DEBUG] [serial] RX 128 bytes: 000000000000aa000000000000000000aa000000000000000000aa000000000000000000aa000000000000000000aa000000000000000000aa000000000000000000aa000000000000000000aa000000000000000000aa000000000000000000aa000000000000000000aa000000000000000000aa000000000000000000aa00
01:07:33.848 [DEBUG] [serial] RX 128 bytes: 0000000000000000aa000000000000000000aa000000000000000000aa000000000000000000aa000000000000000000aa000000000000000000aa000000000000000000aa000000000000000000aa000000000000000000aa000000000000000000aa000000000000000000aa000000000000000000aa000000000000000000
01:07:33.852 [DEBUG] [serial] RX 128 bytes: aa000000000000000000aa000000000000000000aa000000000000000000aa000000000000000000aa000000000000000000aa000000000000000000aa000000000000000000aa000000000000000000aa000000000000000000aa000000000000000000aa000000000000000000aa000000000000000000aa00000000000000
01:07:33.856 [DEBUG] [serial] RX 128 bytes: 0000aa000000000000000000aa000000000000000000aa000000000000000000aa000000000000000000aa000000000000000000aa000000000000000000aa000000000000000000aa000000000000000000aa000000000000000000aa000000000000000000aa000000000000000000aa000000000000000000aa0000000000
01:07:33.860 [DEBUG] [serial] RX 128 bytes: 00000000aa000000000000000000aa000000000000000000aa000000000000000000aa000000000000000000aa000000000000000000aa000000000000000000aa000000000000000000aa000000000000000000aa000000000000000000aa000000000000000000aa000000000000000000aa000000000000000000aa000000
01:07:33.864 [DEBUG] [serial] RX 128 bytes: 000000000000aa000000000000000000aa000000000000000000aa000000000000000000aa000000000000000000aa000000000000000000aa000000000000000000aa000000000000000000aa000000000000000000aa000000000000000000aa000000000000000000aa000000000000000000aa000000000000000000aa00
01:07:33.868 [DEBUG] [serial] RX 128 bytes: 0000000000000000aa000000000000000000aa000000000000000000aa000000000000000000aa000000000000000000aa000000000000000000aa000000000000000000aa000000000000000000aa000000000000000000aa000000000000000000aa000000000000000000aa000000000000000000aa000000000000000000
01:07:33.872 [DEBUG] [serial] RX 128 bytes: aa000000000000000000aa000000000000000000aa000000000000000000aa000000000000000000aa000000000000000000aa000000000000000000aa000000000000000000aa000000000000000000aa000000000000000000aa000000000000000000aa000000000000000000aa000000000000000000aa00000000000000
01:07:33.876 [DEBUG] [serial] RX 128 bytes: 0000aa000000000000000000aa000000000000000000aa000000000000000000aa000000000000000000aa000000000000000000aa000000000000000000aa000000000000000000aa000000000000000000aa000000000000000000aa000000000000000000aa000000000000000000aa000000000000000000aa0000000000
01:07:33.880 [DEBUG] [serial] RX 128 bytes: 00000000aa000000000000000000aa000000000000000000aa000000000000000000aa000000000000000000aa000000000000000000aa000000000000000000aa000000000000000000aa000000000000000000aa000000000000000000aa000000000000000000aa000000000000000000aa000000000000000000aa000000
01:07:33.884 [DEBUG] [serial] RX 128 bytes: 000000000000aa000000000000000000aa000000000000000000aa000000000000000000aa000000000000000000aa000000000000000000aa000000000000000000aa000000000000000000aa000000000000000000aa000000000000000000aa000000000000000000aa000000000000000000aa000000000000000000aa00
01:07:33.888 [DEBUG] [serial] RX 128 bytes: 0000000000000000aa000000000000000000aa000000000000000000aa000000000000000000aa000000000000000000aa000000000000000000aa000000000000000000aa000000000000000000aa000000000000000000aa000000000000000000aa000000000000000000aa000000000000000000aa000000000000000000
01:07:33.892 [DEBUG] [serial] RX 128 bytes: aa000000000000000000aa000000000000000000aa000000000000000000aa000000000000000000aa000000000000000000aa000000000000000000aa000000000000000000aa000000000000000000aa000000000000000000aa000000000000000000aa000000000000000000aa000000000000000000aa00000000000000
01:07:33.896 [DEBUG] [serial] RX 128 bytes: 0000aa000000000000000000aa000000000000000000aa000000000000000000aa000000000000000000aa000000000000000000aa000000000000000000aa000000000000000000aa000000000000000000aa000000000000000000aa000000000000000000aa000000000000000000aa000000000000000000aa0000000000
01:07:33.900 [DEBUG] [serial] RX 128 bytes: 00000000aa000000000000000000aa000000000000000000aa000000000000000000aa000000000000000000aa000000000000000000aa000000000000000000aa000000000000000000aa000000000000000000aa000000000000000000aa000000000000000000aa000000000000000000aa000000000000000000aa000000
01:07:33.904 [DEBUG] [serial] RX 128 bytes: 000000000000aa000000000000000000aa000000000000000000aa000000000000000000aa000000000000000000aa000000000000000000aa000000000000000000aa000000000000000000aa000000000000000000aa000000000000000000aa000000000000000000aa000000000000000000aa000000000000000000aa00
01:07:33.908 [DEBUG] [serial] RX 128 bytes: 0000000000000000aa000000000000000000aa000000000000000000aa000000000000000000aa000000000000000000aa000000000000000000aa000000000000000000aa000000000000000000aa000000000000000000aa000000000000000000aa000000000000000000aa000000000000000000aa000000000000000000
01:07:33.912 [DEBUG] [serial] RX 128 bytes: aa000000000000000000aa000000000000000000aa000000000000000000aa000000000000000000aa000000000000000000aa000000000000000000aa000000000000000000aa000000000000000000aa000000000000000000aa000000000000000000aa000000000000000000aa000000000000000000aa00000000000000
01:07:33.916 [DEBUG] [serial] RX 128 bytes: 0000aa000000000000000000aa000000000000000000aa000000000000000000aa000000000000000000aa000000000000000000aa000000000000000000aa000000000000000000aa000000000000000000aa000000000000000000aa000000000000000000aa000000000000000000aa000000000000000000aa0000000000
01:07:33.920 [DEBUG] [serial] RX 128 bytes: 00000000aa000000000000000000aa000000000000000000aa000000000000000000aa000000000000000000aa000000000000000000aa000000000000000000aa000000000000000000aa000000000000000000aa000000000000000000aa000000000000000000aa000000000000000000aa000000000000000000aa000000
01:07:33.924 [DEBUG] [serial] RX 128 bytes: 000000000000aa000000000000000000aa000000000000000000aa000000000000000000aa000000000000000000aa000000000000000000aa000000000000000000aa000000000000000000aa000000000000000000aa000000000000000000aa000000000000000000aa000000000000000000aa000000000000000000aa00
01:07:33.928 [DEBUG] [serial] RX 128 bytes: 0000000000000000aa000000000000000000aa000000000000000000aa000000000000000000aa000000000000000000aa000000000000000000aa000000000000000000aa000000000000000000aa000000000000000000aa000000000000000000aa000000000000000000aa000000000000000000aa000000000000000000
01:07:33.932 [DEBUG] [serial] RX 128 bytes: aa000000000000000000aa000000000000000000aa000000000000000000aa000000000000000000aa000000000000000000aa000000000000000000aa000000000000000000aa000000000000000000aa000000000000000000aa000000000000000000aa000000000000000000aa000000000000000000aa00000000000000
01:07:33.936 [DEBUG] [serial] RX 128 bytes: 0000aa000000000000000000aa000000000000000000aa000000000000000000aa000000000000000000aa000000000000000000aa000000000000000000aa000000000000000000aa000000000000000000aa000000000000000000aa000000000000000000aa000000000000000000aa000000000000000000aa0000000000
01:07:33.940 [DEBUG] [serial] RX 128 bytes: 00000000aa000000000000000000aa000000000000000000aa000000000000000000aa000000000000000000aa000000000000000000aa000000000000000000aa000000000000000000aa000000000000000000aa000000000000000000aa000000000000000000aa000000000000000000aa000000000000000000aa000000
01:07:33.944 [DEBUG] [serial] RX 128 bytes: 000000000000aa000000000000000000aa000000000000000000aa000000000000000000aa000000000000000000aa000000000000000000aa000000000000000000aa000000000000000000aa000000000000000000aa000000000000000000aa000000000000000000aa000000000000000000aa000000000000000000aa00
01:07:33.948 [DEBUG] [serial] RX 128 bytes: 0000000000000000aa000000000000000000aa000000000000000000aa000000000000000000aa000000000000000000aa000000000000000000aa000000000000000000aa000000000000000000aa000000000000000000aa000000000000000000aa000000000000000000aa000000000000000000aa000000000000000000
01:07:33.952 [DEBUG] [serial] RX 128 bytes: aa000000000000000000aa000000000000000000aa000000000000000000aa000000000000000000aa000000000000000000aa000000000000000000aa000000000000000000aa000000000000000000aa000000000000000000aa000000000000000000aa000000000000000000aa000000000000000000aa00000000000000
01:07:33.956 [DEBUG] [serial] RX 128 bytes: 0000aa000000000000000000aa000000000000000000aa000000000000000000aa000000000000000000aa000000000000000000aa000000000000000000aa000000000000000000aa000000000000000000aa000000000000000000aa000000000000000000aa000000000000000000aa000000000000000000aa0000000000
01:07:33.960 [DEBUG] [serial] RX 128 bytes: 00000000aa000000000000000000aa000000000000000000aa000000000000000000aa000000000000000000aa000000000000000000aa000000000000000000aa000000000000000000aa000000000000000000aa000000000000000000aa000000000000000000aa000000000000000000aa000000000000000000aa000000
01:07:33.964 [DEBUG] [serial] RX 128 bytes: 000000000000aa000000000000000000aa000000000000000000aa000000000000000000aa000000000000000000aa000000000000000000aa000000000000000000aa000000000000000000aa000000000000000000aa000000000000000000aa000000000000000000aa000000000000000000aa000000000000000000aa00
01:07:33.967 [DEBUG] [serial] RX 128 bytes: 0000000000000000aa000000000000000000aa000000000000000000aa000000000000000000aa000000000000000000aa000000000000000000aa000000000000000000aa000000000000000000aa000000000000000000aa000000000000000000aa000000000000000000aa000000000000000000aa000000000000000000
01:07:33.971 [DEBUG] [serial] RX 128 bytes: aa000000000000000000aa000000000000000000aa000000000000000000aa000000000000000000aa000000000000000000aa000000000000000000aa000000000000000000aa000000000000000000aa000000000000000000aa000000000000000000aa000000000000000000aa000000000000000000aa00000000000000
01:07:33.975 [DEBUG] [serial] RX 128 bytes: 0000aa000000000000000000aa000000000000000000aa000000000000000000aa000000000000000000aa000000000000000000aa000000000000000000aa000000000000000000aa000000000000000000aa000000000000000000aa000000000000000000aa000000000000000000aa000000000000000000aa0000000000
01:07:33.979 [DEBUG] [serial] RX 128 bytes: 00000000aa000000000000000000aa000000000000000000aa000000000000000000aa000000000000000000aa000000000000000000aa000000000000000000aa000000000000000000aa000000000000000000aa000000000000000000aa000000000000000000aa000000000000000000aa000000000000000000aa000000
01:07:33.983 [DEBUG] [serial] RX 128 bytes: 000000000000aa000000000000000000aa000000000000000000aa000000000000000000aa000000000000000000aa000000000000000000aa000000000000000000aa000000000000000000aa000000000000000000aa000000000000000000aa000000000000000000aa000000000000000000aa000000000000000000aa00
01:07:33.987 [DEBUG] [serial] RX 128 bytes: 0000000000000000aa000000000000000000aa000000000000000000aa000000000000000000aa000000000000000000aa000000000000000000aa000000000000000000aa000000000000000000aa000000000000000000aa000000000000000000aa000000000000000000aa000000000000000000aa000000000000000000
01:07:33.991 [DEBUG] [serial] RX 128 bytes: aa000000000000000000aa000000000000000000aa000000000000000000aa000000000000000000aa000000000000000000aa000000000000000000aa000000000000000000aa000000000000000000aa000000000000000000aa000000000000000000aa000000000000000000aa000000000000000000aa00000000000000
01:07:33.995 [DEBUG] [serial] RX 128 bytes: 0000aa000000000000000000aa000000000000000000aa000000000000000000aa000000000000000000aa000000000000000000aa000000000000000000aa000000000000000000aa000000000000000000aa000000000000000000aa000000000000000000aa000000000000000000aa000000000000000000aa0000000000
01:07:33.996 [DEBUG] [serial] PKT #35500: flags=0x00 in=0 ds=0 flt=0
01:07:33.999 [DEBUG] [serial] RX 128 bytes: 00000000aa000000000000000000aa000000000000000000aa000000000000000000aa000000000000000000aa000000000000000000aa000000000000000000aa000000000000000000aa000000000000000000aa000000000000000000aa000000000000000000aa000000000000000000aa000000000000000000aa000000
01:07:34.003 [DEBUG] [serial] RX 128 bytes: 000000000000aa000000000000000000aa000000000000000000aa000000000000000000aa000000000000000000aa000000000000000000aa000000000000000000aa000000000000000000aa000000000000000000aa000000000000000000aa000000000000000000aa000000000000000000aa000000000000000000aa00
01:07:34.007 [DEBUG] [serial] RX 128 bytes: 0000000000000000aa000000000000000000aa000000000000000000aa000000000000000000aa000000000000000000aa000000000000000000aa000000000000000000aa000000000000000000aa000000000000000000aa000000000000000000aa000000000000000000aa000000000000000000aa000000000000000000
01:07:34.011 [DEBUG] [serial] RX 128 bytes: aa000000000000000000aa000000000000000000aa000000000000000000aa000000000000000000aa000000000000000000aa000000000000000000aa000000000000000000aa000000000000000000aa000000000000000000aa000000000000000000aa000000000000000000aa000000000000000000aa00000000000000
01:07:34.015 [DEBUG] [serial] RX 128 bytes: 0000aa000000000000000000aa000000000000000000aa000000000000000000aa000000000000000000aa000000000000000000aa000000000000000000aa000000000000000000aa000000000000000000aa000000000000000000aa000000000000000000aa000000000000000000aa000000000000000000aa0000000000
01:07:34.019 [DEBUG] [serial] RX 128 bytes: 00000000aa000000000000000000aa000000000000000000aa000000000000000000aa000000000000000000aa000000000000000000aa000000000000000000aa000000000000000000aa000000000000000000aa000000000000000000aa000000000000000000aa000000000000000000aa000000000000000000aa000000
01:07:34.023 [DEBUG] [serial] RX 128 bytes: 000000000000aa000000000000000000aa000000000000000000aa000000000000000000aa000000000000000000aa000000000000000000aa000000000000000000aa000000000000000000aa000000000000000000aa000000000000000000aa000000000000000000aa000000000000000000aa000000000000000000aa00
01:07:34.027 [DEBUG] [serial] RX 128 bytes: 0000000000000000aa000000000000000000aa000000000000000000aa000000000000000000aa000000000000000000aa000000000000000000aa000000000000000000aa000000000000000000aa000000000000000000aa000000000000000000aa000000000000000000aa000000000000000000aa000000000000000000
01:07:34.031 [DEBUG] [serial] RX 128 bytes: aa000000000000000000aa000000000000000000aa000000000000000000aa000000000000000000aa000000000000000000aa000000000000000000aa000000000000000000aa000000000000000000aa000000000000000000aa000000000000000000aa000000000000000000aa000000000000000000aa00000000000000
01:07:34.035 [DEBUG] [serial] RX 128 bytes: 0000aa000000000000000000aa000000000000000000aa000000000000000000aa000000000000000000aa000000000000000000aa000000000000000000aa000000000000000000aa000000000000000000aa000000000000000000aa000000000000000000aa000000000000000000aa000000000000000000aa0000000000
01:07:34.039 [DEBUG] [serial] RX 128 bytes: 00000000aa000000000000000000aa000000000000000000aa000000000000000000aa000000000000000000aa000000000000000000aa000000000000000000aa000000000000000000aa000000000000000000aa000000000000000000aa000000000000000000aa000000000000000000aa000000000000000000aa000000
01:07:34.043 [DEBUG] [serial] RX 128 bytes: 000000000000aa000000000000000000aa000000000000000000aa000000000000000000aa000000000000000000aa000000000000000000aa000000000000000000aa000000000000000000aa000000000000000000aa000000000000000000aa000000000000000000aa000000000000000000aa000000000000000000aa00
01:07:34.047 [DEBUG] [serial] RX 128 bytes: 0000000000000000aa000000000000000000aa000000000000000000aa000000000000000000aa000000000000000000aa000000000000000000aa000000000000000000aa000000000000000000aa000000000000000000aa000000000000000000aa000000000000000000aa000000000000000000aa000000000000000000
01:07:34.051 [DEBUG] [serial] RX 128 bytes: aa000000000000000000aa000000000000000000aa000000000000000000aa000000000000000000aa000000000000000000aa000000000000000000aa000000000000000000aa000000000000000000aa000000000000000000aa000000000000000000aa000000000000000000aa000000000000000000aa00000000000000
01:07:34.055 [DEBUG] [serial] RX 128 bytes: 0000aa000000000000000000aa000000000000000000aa000000000000000000aa000000000000000000aa000000000000000000aa000000000000000000aa000000000000000000aa000000000000000000aa000000000000000000aa000000000000000000aa000000000000000000aa000000000000000000aa0000000000
01:07:34.059 [DEBUG] [serial] RX 128 bytes: 00000000aa000000000000000000aa000000000000000000aa000000000000000000aa000000000000000000aa000000000000000000aa000000000000000000aa000000000000000000aa000000000000000000aa000000000000000000aa000000000000000000aa000000000000000000aa000000000000000000aa000000
01:07:34.063 [DEBUG] [serial] RX 128 bytes: 000000000000aa000000000000000000aa000000000000000000aa000000000000000000aa000000000000000000aa000000000000000000aa000000000000000000aa000000000000000000aa000000000000000000aa000000000000000000aa000000000000000000aa000000000000000000aa000000000000000000aa00
01:07:34.067 [DEBUG] [serial] RX 128 bytes: 0000000000000000aa000000000000000000aa000000000000000000aa000000000000000000aa000000000000000000aa000000000000000000aa000000000000000000aa000000000000000000aa000000000000000000aa000000000000000000aa000000000000000000aa000000000000000000aa000000000000000000
01:07:34.071 [DEBUG] [serial] RX 128 bytes: aa000000000000000000aa000000000000000000aa000000000000000000aa000000000000000000aa000000000000000000aa000000000000000000aa000000000000000000aa000000000000000000aa000000000000000000aa000000000000000000aa000000000000000000aa000000000000000000aa00000000000000
01:07:34.075 [DEBUG] [serial] RX 128 bytes: 0000aa000000000000000000aa000000000000000000aa000000000000000000aa000000000000000000aa000000000000000000aa000000000000000000aa000000000000000000aa000000000000000000aa000000000000000000aa000000000000000000aa000000000000000000aa000000000000000000aa0000000000
01:07:34.079 [DEBUG] [serial] RX 128 bytes: 00000000aa000000000000000000aa000000000000000000aa000000000000000000aa000000000000000000aa000000000000000000aa000000000000000000aa000000000000000000aa000000000000000000aa000000000000000000aa000000000000000000aa000000000000000000aa000000000000000000aa000000
01:07:34.083 [DEBUG] [serial] RX 128 bytes: 000000000000aa000000000000000000aa000000000000000000aa000000000000000000aa000000000000000000aa000000000000000000aa000000000000000000aa000000000000000000aa000000000000000000aa000000000000000000aa000000000000000000aa000000000000000000aa000000000000000000aa00
01:07:34.086 [DEBUG] [serial] RX 128 bytes: 0000000000000000aa000000000000000000aa000000000000000000aa000000000000000000aa000000000000000000aa000000000000000000aa000000000000000000aa000000000000000000aa000000000000000000aa000000000000000000aa000000000000000000aa000000000000000000aa000000000000000000
01:07:34.090 [DEBUG] [serial] RX 128 bytes: aa000000000000000000aa000000000000000000aa000000000000000000aa000000000000000000aa000000000000000000aa000000000000000000aa000000000000000000aa000000000000000000aa000000000000000000aa000000000000000000aa000000000000000000aa000000000000000000aa00000000000000
01:07:34.095 [DEBUG] [serial] RX 128 bytes: 0000aa000000000000000000aa000000000000000000aa000000000000000000aa000000000000000000aa000000000000000000aa000000000000000000aa000000000000000000aa000000000000000000aa000000000000000000aa000000000000000000aa000000000000000000aa000000000000000000aa0000000000
01:07:34.099 [DEBUG] [serial] RX 128 bytes: 00000000aa000000000000000000aa000000000000000000aa000000000000000000aa000000000000000000aa000000000000000000aa000000000000000000aa000000000000000000aa000000000000000000aa000000000000000000aa000000000000000000aa000000000000000000aa000000000000000000aa000000
01:07:34.103 [DEBUG] [serial] RX 128 bytes: 000000000000aa000000000000000000aa000000000000000000aa000000000000000000aa000000000000000000aa000000000000000000aa000000000000000000aa000000000000000000aa000000000000000000aa000000000000000000aa000000000000000000aa000000000000000000aa000000000000000000aa00
01:07:34.106 [DEBUG] [serial] RX 128 bytes: 0000000000000000aa000000000000000000aa000000000000000000aa000000000000000000aa000000000000000000aa000000000000000000aa000000000000000000aa000000000000000000aa000000000000000000aa000000000000000000aa000000000000000000aa000000000000000000aa000000000000000000
01:07:34.110 [DEBUG] [serial] RX 128 bytes: aa000000000000000000aa000000000000000000aa000000000000000000aa000000000000000000aa000000000000000000aa000000000000000000aa000000000000000000aa000000000000000000aa000000000000000000aa000000000000000000aa000000000000000000aa000000000000000000aa00000000000000
01:07:34.114 [DEBUG] [serial] RX 128 bytes: 0000aa000000000000000000aa000000000000000000aa000000000000000000aa000000000000000000aa000000000000000000aa000000000000000000aa000000000000000000aa000000000000000000aa000000000000000000aa000000000000000000aa000000000000000000aa000000000000000000aa0000000000
01:07:34.118 [DEBUG] [serial] RX 128 bytes: 00000000aa000000000000000000aa000000000000000000aa000000000000000000aa000000000000000000aa000000000000000000aa000000000000000000aa000000000000000000aa000000000000000000aa000000000000000000aa000000000000000000aa000000000000000000aa000000000000000000aa000000
01:07:34.122 [DEBUG] [serial] RX 128 bytes: 000000000000aa000000000000000000aa000000000000000000aa000000000000000000aa000000000000000000aa000000000000000000aa000000000000000000aa000000000000000000aa000000000000000000aa000000000000000000aa000000000000000000aa000000000000000000aa000000000000000000aa00
01:07:34.126 [DEBUG] [serial] RX 128 bytes: 0000000000000000aa000000000000000000aa000000000000000000aa000000000000000000aa000000000000000000aa000000000000000000aa000000000000000000aa000000000000000000aa000000000000000000aa000000000000000000aa000000000000000000aa000000000000000000aa000000000000000000
01:07:34.130 [DEBUG] [serial] RX 128 bytes: aa000000000000000000aa000000000000000000aa000000000000000000aa000000000000000000aa000000000000000000aa000000000000000000aa000000000000000000aa000000000000000000aa000000000000000000aa000000000000000000aa000000000000000000aa000000000000000000aa00000000000000
01:07:34.134 [DEBUG] [serial] RX 128 bytes: 0000aa000000000000000000aa000000000000000000aa000000000000000000aa000000000000000000aa000000000000000000aa000000000000000000aa000000000000000000aa000000000000000000aa000000000000000000aa000000000000000000aa000000000000000000aa000000000000000000aa0000000000
01:07:34.139 [DEBUG] [serial] RX 128 bytes: 00000000aa000000000000000000aa000000000000000000aa000000000000000000aa000000000000000000aa000000000000000000aa000000000000000000aa000000000000000000aa000000000000000000aa000000000000000000aa000000000000000000aa000000000000000000aa000000000000000000aa000000
01:07:34.142 [DEBUG] [serial] RX 128 bytes: 000000000000aa000000000000000000aa000000000000000000aa000000000000000000aa000000000000000000aa000000000000000000aa000000000000000000aa000000000000000000aa000000000000000000aa000000000000000000aa000000000000000000aa000000000000000000aa000000000000000000aa00
01:07:34.146 [DEBUG] [serial] RX 128 bytes: 0000000000000000aa000000000000000000aa000000000000000000aa000000000000000000aa000000000000000000aa000000000000000000aa000000000000000000aa000000000000000000aa000000000000000000aa000000000000000000aa000000000000000000aa000000000000000000aa000000000000000000
01:07:34.150 [DEBUG] [serial] RX 128 bytes: aa000000000000000000aa000000000000000000aa000000000000000000aa000000000000000000aa000000000000000000aa000000000000000000aa000000000000000000aa000000000000000000aa000000000000000000aa000000000000000000aa000000000000000000aa000000000000000000aa00000000000000
01:07:34.150 [DEBUG] [serial] PKT #36000: flags=0x00 in=0 ds=0 flt=0
01:07:34.154 [DEBUG] [serial] RX 128 bytes: 0000aa000000000000000000aa000000000000000000aa000000000000000000aa000000000000000000aa000000000000000000aa000000000000000000aa000000000000000000aa000000000000000000aa000000000000000000aa000000000000000000aa000000000000000000aa000000000000000000aa0000000000
01:07:34.158 [DEBUG] [serial] RX 128 bytes: 00000000aa000000000000000000aa000000000000000000aa000000000000000000aa000000000000000000aa000000000000000000aa000000000000000000aa000000000000000000aa000000000000000000aa000000000000000000aa000000000000000000aa000000000000000000aa000000000000000000aa000000
01:07:34.162 [DEBUG] [serial] RX 128 bytes: 000000000000aa000000000000000000aa000000000000000000aa000000000000000000aa000000000000000000aa000000000000000000aa000000000000000000aa000000000000000000aa000000000000000000aa000000000000000000aa000000000000000000aa000000000000000000aa000000000000000000aa00
01:07:34.166 [DEBUG] [serial] RX 128 bytes: 0000000000000000aa000000000000000000aa000000000000000000aa000000000000000000aa000000000000000000aa000000000000000000aa000000000000000000aa000000000000000000aa000000000000000000aa000000000000000000aa000000000000000000aa000000000000000000aa000000000000000000
01:07:34.170 [DEBUG] [serial] RX 128 bytes: aa000000000000000000aa000000000000000000aa000000000000000000aa000000000000000000aa000000000000000000aa000000000000000000aa000000000000000000aa000000000000000000aa000000000000000000aa000000000000000000aa000000000000000000aa000000000000000000aa00000000000000
01:07:34.174 [DEBUG] [serial] RX 128 bytes: 0000aa000000000000000000aa000000000000000000aa000000000000000000aa000000000000000000aa000000000000000000aa000000000000000000aa000000000000000000aa000000000000000000aa000000000000000000aa000000000000000000aa000000000000000000aa000000000000000000aa0000000000
01:07:34.178 [DEBUG] [serial] RX 128 bytes: 00000000aa000000000000000000aa000000000000000000aa000000000000000000aa000000000000000000aa000000000000000000aa000000000000000000aa000000000000000000aa000000000000000000aa000000000000000000aa000000000000000000aa000000000000000000aa000000000000000000aa000000
01:07:34.182 [DEBUG] [serial] RX 128 bytes: 000000000000aa000000000000000000aa000000000000000000aa000000000000000000aa000000000000000000aa000000000000000000aa000000000000000000aa000000000000000000aa000000000000000000aa000000000000000000aa000000000000000000aa000000000000000000aa000000000000000000aa00
01:07:34.186 [DEBUG] [serial] RX 128 bytes: 0000000000000000aa000000000000000000aa000000000000000000aa000000000000000000aa000000000000000000aa000000000000000000aa000000000000000000aa000000000000000000aa000000000000000000aa000000000000000000aa000000000000000000aa000000000000000000aa000000000000000000
01:07:34.190 [DEBUG] [serial] RX 128 bytes: aa000000000000000000aa000000000000000000aa000000000000000000aa000000000000000000aa000000000000000000aa000000000000000000aa000000000000000000aa000000000000000000aa000000000000000000aa000000000000000000aa000000000000000000aa000000000000000000aa00000000000000
01:07:34.194 [DEBUG] [serial] RX 128 bytes: 0000aa000000000000000000aa000000000000000000aa000000000000000000aa000000000000000000aa000000000000000000aa000000000000000000aa000000000000000000aa000000000000000000aa000000000000000000aa000000000000000000aa000000000000000000aa000000000000000000aa0000000000
01:07:34.198 [DEBUG] [serial] RX 128 bytes: 00000000aa000000000000000000aa000000000000000000aa000000000000000000aa000000000000000000aa000000000000000000aa000000000000000000aa000000000000000000aa000000000000000000aa000000000000000000aa000000000000000000aa000000000000000000aa000000000000000000aa000000
01:07:34.202 [DEBUG] [serial] RX 128 bytes: 000000000000aa000000000000000000aa000000000000000000aa000000000000000000aa000000000000000000aa000000000000000000aa000000000000000000aa000000000000000000aa000000000000000000aa000000000000000000aa000000000000000000aa000000000000000000aa000000000000000000aa00
01:07:34.206 [DEBUG] [serial] RX 128 bytes: 0000000000000000aa000000000000000000aa000000000000000000aa000000000000000000aa000000000000000000aa000000000000000000aa000000000000000000aa000000000000000000aa000000000000000000aa000000000000000000aa000000000000000000aa000000000000000000aa000000000000000000
01:07:34.210 [DEBUG] [serial] RX 128 bytes: aa000000000000000000aa000000000000000000aa000000000000000000aa000000000000000000aa000000000000000000aa000000000000000000aa000000000000000000aa000000000000000000aa000000000000000000aa000000000000000000aa000000000000000000aa000000000000000000aa00000000000000
01:07:34.214 [DEBUG] [serial] RX 128 bytes: 0000aa000000000000000000aa000000000000000000aa000000000000000000aa000000000000000000aa000000000000000000aa000000000000000000aa000000000000000000aa000000000000000000aa000000000000000000aa000000000000000000aa000000000000000000aa000000000000000000aa0000000000
01:07:34.218 [DEBUG] [serial] RX 128 bytes: 00000000aa000000000000000000aa000000000000000000aa000000000000000000aa000000000000000000aa000000000000000000aa000000000000000000aa000000000000000000aa000000000000000000aa000000000000000000aa000000000000000000aa000000000000000000aa000000000000000000aa000000
01:07:34.222 [DEBUG] [serial] RX 128 bytes: 000000000000aa000000000000000000aa000000000000000000aa000000000000000000aa000000000000000000aa000000000000000000aa000000000000000000aa000000000000000000aa000000000000000000aa000000000000000000aa000000000000000000aa000000000000000000aa000000000000000000aa00
01:07:34.225 [DEBUG] [serial] RX 128 bytes: 0000000000000000aa000000000000000000aa000000000000000000aa000000000000000000aa000000000000000000aa000000000000000000aa000000000000000000aa000000000000000000aa000000000000000000aa000000000000000000aa000000000000000000aa000000000000000000aa000000000000000000
01:07:34.230 [DEBUG] [serial] RX 128 bytes: aa000000000000000000aa000000000000000000aa000000000000000000aa000000000000000000aa000000000000000000aa000000000000000000aa000000000000000000aa000000000000000000aa000000000000000000aa000000000000000000aa000000000000000000aa000000000000000000aa00000000000000
01:07:34.234 [DEBUG] [serial] RX 128 bytes: 0000aa000000000000000000aa000000000000000000aa000000000000000000aa000000000000000000aa000000000000000000aa000000000000000000aa000000000000000000aa000000000000000000aa000000000000000000aa000000000000000000aa000000000000000000aa000000000000000000aa0000000000
01:07:34.238 [DEBUG] [serial] RX 128 bytes: 00000000aa000000000000000000aa000000000000000000aa000000000000000000aa000000000000000000aa000000000000000000aa000000000000000000aa000000000000000000aa000000000000000000aa000000000000000000aa000000000000000000aa000000000000000000aa000000000000000000aa000000
01:07:34.242 [DEBUG] [serial] RX 128 bytes: 000000000000aa000000000000000000aa000000000000000000aa000000000000000000aa000000000000000000aa000000000000000000aa000000000000000000aa000000000000000000aa000000000000000000aa000000000000000000aa000000000000000000aa000000000000000000aa000000000000000000aa00
01:07:34.245 [DEBUG] [serial] RX 128 bytes: 0000000000000000aa000000000000000000aa000000000000000000aa000000000000000000aa000000000000000000aa000000000000000000aa000000000000000000aa000000000000000000aa000000000000000000aa000000000000000000aa000000000000000000aa000000000000000000aa000000000000000000
01:07:34.249 [DEBUG] [serial] RX 128 bytes: aa000000000000000000aa000000000000000000aa000000000000000000aa000000000000000000aa000000000000000000aa000000000000000000aa000000000000000000aa000000000000000000aa000000000000000000aa000000000000000000aa000000000000000000aa000000000000000000aa00000000000000
01:07:34.253 [DEBUG] [serial] RX 128 bytes: 0000aa000000000000000000aa000000000000000000aa000000000000000000aa000000000000000000aa000000000000000000aa000000000000000000aa000000000000000000aa000000000000000000aa000000000000000000aa000000000000000000aa000000000000000000aa000000000000000000aa0000000000
01:07:34.257 [DEBUG] [serial] RX 128 bytes: 00000000aa000000000000000000aa000000000000000000aa000000000000000000aa000000000000000000aa000000000000000000aa000000000000000000aa000000000000000000aa000000000000000000aa000000000000000000aa000000000000000000aa000000000000000000aa000000000000000000aa000000
01:07:34.261 [DEBUG] [serial] RX 128 bytes: 000000000000aa000000000000000000aa000000000000000000aa000000000000000000aa000000000000000000aa000000000000000000aa000000000000000000aa000000000000000000aa000000000000000000aa000000000000000000aa000000000000000000aa000000000000000000aa000000000000000000aa00
01:07:34.265 [DEBUG] [serial] RX 128 bytes: 0000000000000000aa000000000000000000aa000000000000000000aa000000000000000000aa000000000000000000aa000000000000000000aa000000000000000000aa000000000000000000aa000000000000000000aa000000000000000000aa000000000000000000aa000000000000000000aa000000000000000000
01:07:34.269 [DEBUG] [serial] RX 128 bytes: aa000000000000000000aa000000000000000000aa000000000000000000aa000000000000000000aa000000000000000000aa000000000000000000aa000000000000000000aa000000000000000000aa000000000000000000aa000000000000000000aa000000000000000000aa000000000000000000aa00000000000000
01:07:34.273 [DEBUG] [serial] RX 128 bytes: 0000aa000000000000000000aa000000000000000000aa000000000000000000aa000000000000000000aa000000000000000000aa000000000000000000aa000000000000000000aa000000000000000000aa000000000000000000aa000000000000000000aa000000000000000000aa000000000000000000aa0000000000
01:07:34.277 [DEBUG] [serial] RX 128 bytes: 00000000aa000000000000000000aa000000000000000000aa000000000000000000aa000000000000000000aa000000000000000000aa000000000000000000aa000000000000000000aa000000000000000000aa000000000000000000aa000000000000000000aa000000000000000000aa000000000000000000aa000000
01:07:34.281 [DEBUG] [serial] RX 128 bytes: 000000000000aa000000000000000000aa000000000000000000aa000000000000000000aa000000000000000000aa000000000000000000aa000000000000000000aa000000000000000000aa000000000000000000aa000000000000000000aa000000000000000000aa000000000000000000aa000000000000000000aa00
01:07:34.285 [DEBUG] [serial] RX 128 bytes: 0000000000000000aa000000000000000000aa000000000000000000aa000000000000000000aa000000000000000000aa000000000000000000aa000000000000000000aa000000000000000000aa000000000000000000aa000000000000000000aa000000000000000000aa000000000000000000aa000000000000000000
01:07:34.289 [DEBUG] [serial] RX 128 bytes: aa000000000000000000aa000000000000000000aa000000000000000000aa000000000000000000aa000000000000000000aa000000000000000000aa000000000000000000aa000000000000000000aa000000000000000000aa000000000000000000aa000000000000000000aa000000000000000000aa00000000000000
01:07:34.293 [DEBUG] [serial] RX 128 bytes: 0000aa000000000000000000aa000000000000000000aa000000000000000000aa000000000000000000aa000000000000000000aa000000000000000000aa000000000000000000aa000000000000000000aa000000000000000000aa000000000000000000aa000000000000000000aa000000000000000000aa0000000000
01:07:34.297 [DEBUG] [serial] RX 128 bytes: 00000000aa000000000000000000aa000000000000000000aa000000000000000000aa000000000000000000aa000000000000000000aa000000000000000000aa000000000000000000aa000000000000000000aa000000000000000000aa000000000000000000aa000000000000000000aa000000000000000000aa000000
01:07:34.301 [DEBUG] [serial] RX 128 bytes: 000000000000aa000000000000000000aa000000000000000000aa000000000000000000aa000000000000000000aa000000000000000000aa000000000000000000aa000000000000000000aa000000000000000000aa000000000000000000aa000000000000000000aa000000000000000000aa000000000000000000aa00
01:07:34.305 [DEBUG] [serial] RX 128 bytes: 0000000000000000aa000000000000000000aa000000000000000000aa000000000000000000aa000000000000000000aa000000000000000000aa000000000000000000aa000000000000000000aa000000000000000000aa000000000000000000aa000000000000000000aa000000000000000000aa000000000000000000
01:07:34.305 [DEBUG] [serial] PKT #36500: flags=0x00 in=0 ds=0 flt=0
01:07:34.309 [DEBUG] [serial] RX 128 bytes: aa000000000000000000aa000000000000000000aa000000000000000000aa000000000000000000aa000000000000000000aa000000000000000000aa000000000000000000aa000000000000000000aa000000000000000000aa000000000000000000aa000000000000000000aa000000000000000000aa00000000000000
01:07:34.313 [DEBUG] [serial] RX 128 bytes: 0000aa000000000000000000aa000000000000000000aa000000000000000000aa000000000000000000aa000000000000000000aa000000000000000000aa000000000000000000aa000000000000000000aa000000000000000000aa000000000000000000aa000000000000000000aa000000000000000000aa0000000000
01:07:34.317 [DEBUG] [serial] RX 128 bytes: 00000000aa000000000000000000aa000000000000000000aa000000000000000000aa000000000000000000aa000000000000000000aa000000000000000000aa000000000000000000aa000000000000000000aa000000000000000000aa000000000000000000aa000000000000000000aa000000000000000000aa000000
01:07:34.321 [DEBUG] [serial] RX 128 bytes: 000000000000aa000000000000000000aa000000000000000000aa000000000000000000aa000000000000000000aa000000000000000000aa000000000000000000aa000000000000000000aa000000000000000000aa000000000000000000aa000000000000000000aa000000000000000000aa000000000000000000aa00
01:07:34.325 [DEBUG] [serial] RX 128 bytes: 0000000000000000aa000000000000000000aa000000000000000000aa000000000000000000aa000000000000000000aa000000000000000000aa000000000000000000aa000000000000000000aa000000000000000000aa000000000000000000aa000000000000000000aa000000000000000000aa000000000000000000
01:07:34.329 [DEBUG] [serial] RX 128 bytes: aa000000000000000000aa000000000000000000aa000000000000000000aa000000000000000000aa000000000000000000aa000000000000000000aa000000000000000000aa000000000000000000aa000000000000000000aa000000000000000000aa000000000000000000aa000000000000000000aa00000000000000
01:07:34.333 [DEBUG] [serial] RX 128 bytes: 0000aa000000000000000000aa000000000000000000aa000000000000000000aa000000000000000000aa000000000000000000aa000000000000000000aa000000000000000000aa000000000000000000aa000000000000000000aa000000000000000000aa000000000000000000aa000000000000000000aa0000000000
01:07:34.337 [DEBUG] [serial] RX 128 bytes: 00000000aa000000000000000000aa000000000000000000aa000000000000000000aa000000000000000000aa000000000000000000aa000000000000000000aa000000000000000000aa000000000000000000aa000000000000000000aa000000000000000000aa000000000000000000aa000000000000000000aa000000
01:07:34.341 [DEBUG] [serial] RX 128 bytes: 000000000000aa000000000000000000aa000000000000000000aa000000000000000000aa000000000000000000aa000000000000000000aa000000000000000000aa000000000000000000aa000000000000000000aa000000000000000000aa000000000000000000aa000000000000000000aa000000000000000000aa00
01:07:34.345 [DEBUG] [serial] RX 128 bytes: 0000000000000000aa000000000000000000aa000000000000000000aa000000000000000000aa000000000000000000aa000000000000000000aa000000000000000000aa000000000000000000aa000000000000000000aa000000000000000000aa000000000000000000aa000000000000000000aa000000000000000000
01:07:34.349 [DEBUG] [serial] RX 128 bytes: aa000000000000000000aa000000000000000000aa000000000000000000aa000000000000000000aa000000000000000000aa000000000000000000aa000000000000000000aa000000000000000000aa000000000000000000aa000000000000000000aa000000000000000000aa000000000000000000aa00000000000000
01:07:34.353 [DEBUG] [serial] RX 128 bytes: 0000aa000000000000000000aa000000000000000000aa000000000000000000aa000000000000000000aa000000000000000000aa000000000000000000aa000000000000000000aa000000000000000000aa000000000000000000aa000000000000000000aa000000000000000000aa000000000000000000aa0000000000
01:07:34.357 [DEBUG] [serial] RX 128 bytes: 00000000aa000000000000000000aa000000000000000000aa000000000000000000aa000000000000000000aa000000000000000000aa000000000000000000aa000000000000000000aa000000000000000000aa000000000000000000aa000000000000000000aa000000000000000000aa000000000000000000aa000000
01:07:34.361 [DEBUG] [serial] RX 128 bytes: 000000000000aa000000000000000000aa000000000000000000aa000000000000000000aa000000000000000000aa000000000000000000aa000000000000000000aa000000000000000000aa000000000000000000aa000000000000000000aa000000000000000000aa000000000000000000aa000000000000000000aa00
01:07:34.364 [DEBUG] [serial] RX 128 bytes: 0000000000000000aa000000000000000000aa000000000000000000aa000000000000000000aa000000000000000000aa000000000000000000aa000000000000000000aa000000000000000000aa000000000000000000aa000000000000000000aa000000000000000000aa000000000000000000aa000000000000000000
01:07:34.369 [DEBUG] [serial] RX 128 bytes: aa000000000000000000aa000000000000000000aa000000000000000000aa000000000000000000aa000000000000000000aa000000000000000000aa000000000000000000aa000000000000000000aa000000000000000000aa000000000000000000aa000000000000000000aa000000000000000000aa00000000000000
01:07:34.373 [DEBUG] [serial] RX 128 bytes: 0000aa000000000000000000aa000000000000000000aa000000000000000000aa000000000000000000aa000000000000000000aa000000000000000000aa000000000000000000aa000000000000000000aa000000000000000000aa000000000000000000aa000000000000000000aa000000000000000000aa0000000000
01:07:34.377 [DEBUG] [serial] RX 128 bytes: 00000000aa000000000000000000aa000000000000000000aa000000000000000000aa000000000000000000aa000000000000000000aa000000000000000000aa000000000000000000aa000000000000000000aa000000000000000000aa000000000000000000aa000000000000000000aa000000000000000000aa000000
01:07:34.381 [DEBUG] [serial] RX 128 bytes: 000000000000aa000000000000000000aa000000000000000000aa000000000000000000aa000000000000000000aa000000000000000000aa000000000000000000aa000000000000000000aa000000000000000000aa000000000000000000aa000000000000000000aa000000000000000000aa000000000000000000aa00
01:07:34.384 [DEBUG] [serial] RX 128 bytes: 0000000000000000aa000000000000000000aa000000000000000000aa000000000000000000aa000000000000000000aa000000000000000000aa000000000000000000aa000000000000000000aa000000000000000000aa000000000000000000aa000000000000000000aa000000000000000000aa000000000000000000
01:07:34.388 [DEBUG] [serial] RX 128 bytes: aa000000000000000000aa000000000000000000aa000000000000000000aa000000000000000000aa000000000000000000aa000000000000000000aa000000000000000000aa000000000000000000aa000000000000000000aa000000000000000000aa000000000000000000aa000000000000000000aa00000000000000
01:07:34.392 [DEBUG] [serial] RX 128 bytes: 0000aa000000000000000000aa000000000000000000aa000000000000000000aa000000000000000000aa000000000000000000aa000000000000000000aa000000000000000000aa000000000000000000aa000000000000000000aa000000000000000000aa000000000000000000aa000000000000000000aa0000000000
01:07:34.396 [DEBUG] [serial] RX 128 bytes: 00000000aa000000000000000000aa000000000000000000aa000000000000000000aa000000000000000000aa000000000000000000aa000000000000000000aa000000000000000000aa000000000000000000aa000000000000000000aa000000000000000000aa000000000000000000aa000000000000000000aa000000
01:07:34.400 [DEBUG] [serial] RX 128 bytes: 000000000000aa000000000000000000aa000000000000000000aa000000000000000000aa000000000000000000aa000000000000000000aa000000000000000000aa000000000000000000aa000000000000000000aa000000000000000000aa000000000000000000aa000000000000000000aa000000000000000000aa00
01:07:34.404 [DEBUG] [serial] RX 128 bytes: 0000000000000000aa000000000000000000aa000000000000000000aa000000000000000000aa000000000000000000aa000000000000000000aa000000000000000000aa000000000000000000aa000000000000000000aa000000000000000000aa000000000000000000aa000000000000000000aa000000000000000000
01:07:34.408 [DEBUG] [serial] RX 128 bytes: aa000000000000000000aa000000000000000000aa000000000000000000aa000000000000000000aa000000000000000000aa000000000000000000aa000000000000000000aa000000000000000000aa000000000000000000aa000000000000000000aa000000000000000000aa000000000000000000aa00000000000000
01:07:34.412 [DEBUG] [serial] RX 128 bytes: 0000aa000000000000000000aa000000000000000000aa000000000000000000aa000000000000000000aa000000000000000000aa000000000000000000aa000000000000000000aa000000000000000000aa000000000000000000aa000000000000000000aa000000000000000000aa000000000000000000aa0000000000
01:07:34.416 [DEBUG] [serial] RX 128 bytes: 00000000aa000000000000000000aa000000000000000000aa000000000000000000aa000000000000000000aa000000000000000000aa000000000000000000aa000000000000000000aa000000000000000000aa000000000000000000aa000000000000000000aa000000000000000000aa000000000000000000aa000000
01:07:34.420 [DEBUG] [serial] RX 128 bytes: 000000000000aa000000000000000000aa000000000000000000aa000000000000000000aa000000000000000000aa000000000000000000aa000000000000000000aa000000000000000000aa000000000000000000aa000000000000000000aa000000000000000000aa000000000000000000aa000000000000000000aa00
01:07:34.424 [DEBUG] [serial] RX 128 bytes: 0000000000000000aa000000000000000000aa000000000000000000aa000000000000000000aa000000000000000000aa000000000000000000aa000000000000000000aa000000000000000000aa000000000000000000aa000000000000000000aa000000000000000000aa000000000000000000aa000000000000000000
01:07:34.428 [DEBUG] [serial] RX 128 bytes: aa000000000000000000aa000000000000000000aa000000000000000000aa000000000000000000aa000000000000000000aa000000000000000000aa000000000000000000aa000000000000000000aa000000000000000000aa000000000000000000aa000000000000000000aa000000000000000000aa00000000000000
01:07:34.432 [DEBUG] [serial] RX 128 bytes: 0000aa000000000000000000aa000000000000000000aa000000000000000000aa000000000000000000aa000000000000000000aa000000000000000000aa000000000000000000aa000000000000000000aa000000000000000000aa000000000000000000aa000000000000000000aa000000000000000000aa0000000000
01:07:34.436 [DEBUG] [serial] RX 128 bytes: 00000000aa000000000000000000aa000000000000000000aa000000000000000000aa000000000000000000aa000000000000000000aa000000000000000000aa000000000000000000aa000000000000000000aa000000000000000000aa000000000000000000aa000000000000000000aa000000000000000000aa000000
01:07:34.440 [DEBUG] [serial] RX 128 bytes: 000000000000aa000000000000000000aa000000000000000000aa000000000000000000aa000000000000000000aa000000000000000000aa000000000000000000aa000000000000000000aa000000000000000000aa000000000000000000aa000000000000000000aa000000000000000000aa000000000000000000aa00
01:07:34.444 [DEBUG] [serial] RX 128 bytes: 0000000000000000aa000000000000000000aa000000000000000000aa000000000000000000aa000000000000000000aa000000000000000000aa000000000000000000aa000000000000000000aa000000000000000000aa000000000000000000aa000000000000000000aa000000000000000000aa000000000000000000
01:07:34.448 [DEBUG] [serial] RX 128 bytes: aa000000000000000000aa000000000000000000aa000000000000000000aa000000000000000000aa000000000000000000aa000000000000000000aa000000000000000000aa000000000000000000aa000000000000000000aa000000000000000000aa000000000000000000aa000000000000000000aa00000000000000
01:07:34.452 [DEBUG] [serial] RX 128 bytes: 0000aa000000000000000000aa000000000000000000aa000000000000000000aa000000000000000000aa000000000000000000aa000000000000000000aa000000000000000000aa000000000000000000aa000000000000000000aa000000000000000000aa000000000000000000aa000000000000000000aa0000000000
01:07:34.456 [DEBUG] [serial] RX 128 bytes: 00000000aa000000000000000000aa000000000000000000aa000000000000000000aa000000000000000000aa000000000000000000aa000000000000000000aa000000000000000000aa000000000000000000aa000000000000000000aa000000000000000000aa000000000000000000aa000000000000000000aa000000
01:07:34.460 [DEBUG] [serial] RX 128 bytes: 000000000000aa000000000000000000aa000000000000000000aa000000000000000000aa000000000000000000aa000000000000000000aa000000000000000000aa000000000000000000aa000000000000000000aa000000000000000000aa000000000000000000aa000000000000000000aa000000000000000000aa00
01:07:34.460 [DEBUG] [serial] PKT #37000: flags=0x00 in=0 ds=0 flt=0
01:07:34.464 [DEBUG] [serial] RX 128 bytes: 0000000000000000aa000000000000000000aa000000000000000000aa000000000000000000aa000000000000000000aa000000000000000000aa000000000000000000aa000000000000000000aa000000000000000000aa000000000000000000aa000000000000000000aa000000000000000000aa000000000000000000
01:07:34.468 [DEBUG] [serial] RX 128 bytes: aa000000000000000000aa000000000000000000aa000000000000000000aa000000000000000000aa000000000000000000aa000000000000000000aa000000000000000000aa000000000000000000aa000000000000000000aa000000000000000000aa000000000000000000aa000000000000000000aa00000000000000
01:07:34.472 [DEBUG] [serial] RX 128 bytes: 0000aa000000000000000000aa000000000000000000aa000000000000000000aa000000000000000000aa000000000000000000aa000000000000000000aa000000000000000000aa000000000000000000aa000000000000000000aa000000000000000000aa000000000000000000aa000000000000000000aa0000000000
01:07:34.476 [DEBUG] [serial] RX 128 bytes: 00000000aa000000000000000000aa000000000000000000aa000000000000000000aa000000000000000000aa000000000000000000aa000000000000000000aa000000000000000000aa000000000000000000aa000000000000000000aa000000000000000000aa000000000000000000aa000000000000000000aa000000
01:07:34.480 [DEBUG] [serial] RX 128 bytes: 000000000000aa000000000000000000aa000000000000000000aa000000000000000000aa000000000000000000aa000000000000000000aa000000000000000000aa000000000000000000aa000000000000000000aa000000000000000000aa000000000000000000aa000000000000000000aa000000000000000000aa00
01:07:34.484 [DEBUG] [serial] RX 128 bytes: 0000000000000000aa000000000000000000aa000000000000000000aa000000000000000000aa000000000000000000aa000000000000000000aa000000000000000000aa000000000000000000aa000000000000000000aa000000000000000000aa000000000000000000aa000000000000000000aa000000000000000000
01:07:34.488 [DEBUG] [serial] RX 128 bytes: aa000000000000000000aa000000000000000000aa000000000000000000aa000000000000000000aa000000000000000000aa000000000000000000aa000000000000000000aa000000000000000000aa000000000000000000aa000000000000000000aa000000000000000000aa000000000000000000aa00000000000000
01:07:34.492 [DEBUG] [serial] RX 128 bytes: 0000aa000000000000000000aa000000000000000000aa000000000000000000aa000000000000000000aa000000000000000000aa000000000000000000aa000000000000000000aa000000000000000000aa000000000000000000aa000000000000000000aa000000000000000000aa000000000000000000aa0000000000
01:07:34.496 [DEBUG] [serial] RX 128 bytes: 00000000aa000000000000000000aa000000000000000000aa000000000000000000aa000000000000000000aa000000000000000000aa000000000000000000aa000000000000000000aa000000000000000000aa000000000000000000aa000000000000000000aa000000000000000000aa000000000000000000aa000000
01:07:34.500 [DEBUG] [serial] RX 128 bytes: 000000000000aa000000000000000000aa000000000000000000aa000000000000000000aa000000000000000000aa000000000000000000aa000000000000000000aa000000000000000000aa000000000000000000aa000000000000000000aa000000000000000000aa000000000000000000aa000000000000000000aa00
01:07:34.504 [DEBUG] [serial] RX 128 bytes: 0000000000000000aa000000000000000000aa000000000000000000aa000000000000000000aa000000000000000000aa000000000000000000aa000000000000000000aa000000000000000000aa000000000000000000aa000000000000000000aa000000000000000000aa000000000000000000aa000000000000000000
01:07:34.508 [DEBUG] [serial] RX 128 bytes: aa000000000000000000aa000000000000000000aa000000000000000000aa000000000000000000aa000000000000000000aa000000000000000000aa000000000000000000aa000000000000000000aa000000000000000000aa000000000000000000aa000000000000000000aa000000000000000000aa00000000000000
01:07:34.512 [DEBUG] [serial] RX 128 bytes: 0000aa000000000000000000aa000000000000000000aa000000000000000000aa000000000000000000aa000000000000000000aa000000000000000000aa000000000000000000aa000000000000000000aa000000000000000000aa000000000000000000aa000000000000000000aa000000000000000000aa0000000000
01:07:34.516 [DEBUG] [serial] RX 128 bytes: 00000000aa000000000000000000aa000000000000000000aa000000000000000000aa000000000000000000aa000000000000000000aa000000000000000000aa000000000000000000aa000000000000000000aa000000000000000000aa000000000000000000aa000000000000000000aa000000000000000000aa000000
01:07:34.520 [DEBUG] [serial] RX 128 bytes: 000000000000aa000000000000000000aa000000000000000000aa000000000000000000aa000000000000000000aa000000000000000000aa000000000000000000aa000000000000000000aa000000000000000000aa000000000000000000aa000000000000000000aa000000000000000000aa000000000000000000aa00
01:07:34.523 [DEBUG] [serial] RX 128 bytes: 0000000000000000aa000000000000000000aa000000000000000000aa000000000000000000aa000000000000000000aa000000000000000000aa000000000000000000aa000000000000000000aa000000000000000000aa000000000000000000aa000000000000000000aa000000000000000000aa000000000000000000
01:07:34.527 [DEBUG] [serial] RX 128 bytes: aa000000000000000000aa000000000000000000aa000000000000000000aa000000000000000000aa000000000000000000aa000000000000000000aa000000000000000000aa000000000000000000aa000000000000000000aa000000000000000000aa000000000000000000aa000000000000000000aa00000000000000
01:07:34.531 [DEBUG] [serial] RX 128 bytes: 0000aa000000000000000000aa000000000000000000aa000000000000000000aa000000000000000000aa000000000000000000aa000000000000000000aa000000000000000000aa000000000000000000aa000000000000000000aa000000000000000000aa000000000000000000aa000000000000000000aa0000000000
01:07:34.535 [DEBUG] [serial] RX 128 bytes: 00000000aa000000000000000000aa000000000000000000aa000000000000000000aa000000000000000000aa000000000000000000aa000000000000000000aa000000000000000000aa000000000000000000aa000000000000000000aa000000000000000000aa000000000000000000aa000000000000000000aa000000
01:07:34.540 [DEBUG] [serial] RX 128 bytes: 000000000000aa000000000000000000aa000000000000000000aa000000000000000000aa000000000000000000aa000000000000000000aa000000000000000000aa000000000000000000aa000000000000000000aa000000000000000000aa000000000000000000aa000000000000000000aa000000000000000000aa00
01:07:34.543 [DEBUG] [serial] RX 128 bytes: 0000000000000000aa000000000000000000aa000000000000000000aa000000000000000000aa000000000000000000aa000000000000000000aa000000000000000000aa000000000000000000aa000000000000000000aa000000000000000000aa000000000000000000aa000000000000000000aa000000000000000000
01:07:34.547 [DEBUG] [serial] RX 128 bytes: aa000000000000000000aa000000000000000000aa000000000000000000aa000000000000000000aa000000000000000000aa000000000000000000aa000000000000000000aa000000000000000000aa000000000000000000aa000000000000000000aa000000000000000000aa000000000000000000aa00000000000000
01:07:34.551 [DEBUG] [serial] RX 128 bytes: 0000aa000000000000000000aa000000000000000000aa000000000000000000aa000000000000000000aa000000000000000000aa000000000000000000aa000000000000000000aa000000000000000000aa000000000000000000aa000000000000000000aa000000000000000000aa000000000000000000aa0000000000
01:07:34.555 [DEBUG] [serial] RX 128 bytes: 00000000aa000000000000000000aa000000000000000000aa000000000000000000aa000000000000000000aa000000000000000000aa000000000000000000aa000000000000000000aa000000000000000000aa000000000000000000aa000000000000000000aa000000000000000000aa000000000000000000aa000000
01:07:34.559 [DEBUG] [serial] RX 128 bytes: 000000000000aa000000000000000000aa000000000000000000aa000000000000000000aa000000000000000000aa000000000000000000aa000000000000000000aa000000000000000000aa000000000000000000aa000000000000000000aa000000000000000000aa000000000000000000aa000000000000000000aa00
01:07:34.563 [DEBUG] [serial] RX 128 bytes: 0000000000000000aa000000000000000000aa000000000000000000aa000000000000000000aa000000000000000000aa000000000000000000aa000000000000000000aa000000000000000000aa000000000000000000aa000000000000000000aa000000000000000000aa000000000000000000aa000000000000000000
01:07:34.567 [DEBUG] [serial] RX 128 bytes: aa000000000000000000aa000000000000000000aa000000000000000000aa000000000000000000aa000000000000000000aa000000000000000000aa000000000000000000aa000000000000000000aa000000000000000000aa000000000000000000aa000000000000000000aa000000000000000000aa00000000000000
01:07:34.571 [DEBUG] [serial] RX 128 bytes: 0000aa000000000000000000aa000000000000000000aa000000000000000000aa000000000000000000aa000000000000000000aa000000000000000000aa000000000000000000aa000000000000000000aa000000000000000000aa000000000000000000aa000000000000000000aa000000000000000000aa0000000000
01:07:34.575 [DEBUG] [serial] RX 128 bytes: 00000000aa000000000000000000aa000000000000000000aa000000000000000000aa000000000000000000aa000000000000000000aa000000000000000000aa000000000000000000aa000000000000000000aa000000000000000000aa000000000000000000aa000000000000000000aa000000000000000000aa000000
01:07:34.579 [DEBUG] [serial] RX 128 bytes: 000000000000aa000000000000000000aa000000000000000000aa000000000000000000aa000000000000000000aa000000000000000000aa000000000000000000aa000000000000000000aa000000000000000000aa000000000000000000aa000000000000000000aa000000000000000000aa000000000000000000aa00
01:07:34.583 [DEBUG] [serial] RX 128 bytes: 0000000000000000aa000000000000000000aa000000000000000000aa000000000000000000aa000000000000000000aa000000000000000000aa000000000000000000aa000000000000000000aa000000000000000000aa000000000000000000aa000000000000000000aa000000000000000000aa000000000000000000
01:07:34.587 [DEBUG] [serial] RX 128 bytes: aa000000000000000000aa000000000000000000aa000000000000000000aa000000000000000000aa000000000000000000aa000000000000000000aa000000000000000000aa000000000000000000aa000000000000000000aa000000000000000000aa000000000000000000aa000000000000000000aa00000000000000
01:07:34.591 [DEBUG] [serial] RX 128 bytes: 0000aa000000000000000000aa000000000000000000aa000000000000000000aa000000000000000000aa000000000000000000aa000000000000000000aa000000000000000000aa000000000000000000aa000000000000000000aa000000000000000000aa000000000000000000aa000000000000000000aa0000000000
01:07:34.595 [DEBUG] [serial] RX 128 bytes: 00000000aa000000000000000000aa000000000000000000aa000000000000000000aa000000000000000000aa000000000000000000aa000000000000000000aa000000000000000000aa000000000000000000aa000000000000000000aa000000000000000000aa000000000000000000aa000000000000000000aa000000
01:07:34.599 [DEBUG] [serial] RX 128 bytes: 000000000000aa000000000000000000aa000000000000000000aa000000000000000000aa000000000000000000aa000000000000000000aa000000000000000000aa000000000000000000aa000000000000000000aa000000000000000000aa000000000000000000aa000000000000000000aa000000000000000000aa00
01:07:34.603 [DEBUG] [serial] RX 128 bytes: 0000000000000000aa000000000000000000aa000000000000000000aa000000000000000000aa000000000000000000aa000000000000000000aa000000000000000000aa000000000000000000aa000000000000000000aa000000000000000000aa000000000000000000aa000000000000000000aa000000000000000000
01:07:34.607 [DEBUG] [serial] RX 128 bytes: aa000000000000000000aa000000000000000000aa000000000000000000aa000000000000000000aa000000000000000000aa000000000000000000aa000000000000000000aa000000000000000000aa000000000000000000aa000000000000000000aa000000000000000000aa000000000000000000aa00000000000000
01:07:34.611 [DEBUG] [serial] RX 128 bytes: 0000aa000000000000000000aa000000000000000000aa000000000000000000aa000000000000000000aa000000000000000000aa000000000000000000aa000000000000000000aa000000000000000000aa000000000000000000aa000000000000000000aa000000000000000000aa000000000000000000aa0000000000
01:07:34.615 [DEBUG] [serial] RX 128 bytes: 00000000aa000000000000000000aa000000000000000000aa000000000000000000aa000000000000000000aa000000000000000000aa000000000000000000aa000000000000000000aa000000000000000000aa000000000000000000aa000000000000000000aa000000000000000000aa000000000000000000aa000000
01:07:34.615 [DEBUG] [serial] PKT #37500: flags=0x00 in=0 ds=0 flt=0
01:07:34.619 [DEBUG] [serial] RX 128 bytes: 000000000000aa000000000000000000aa000000000000000000aa000000000000000000aa000000000000000000aa000000000000000000aa000000000000000000aa000000000000000000aa000000000000000000aa000000000000000000aa000000000000000000aa000000000000000000aa000000000000000000aa00
01:07:34.623 [DEBUG] [serial] RX 128 bytes: 0000000000000000aa000000000000000000aa000000000000000000aa000000000000000000aa000000000000000000aa000000000000000000aa000000000000000000aa000000000000000000aa000000000000000000aa000000000000000000aa000000000000000000aa000000000000000000aa000000000000000000
01:07:34.627 [DEBUG] [serial] RX 128 bytes: aa000000000000000000aa000000000000000000aa000000000000000000aa000000000000000000aa000000000000000000aa000000000000000000aa000000000000000000aa000000000000000000aa000000000000000000aa000000000000000000aa000000000000000000aa000000000000000000aa00000000000000
01:07:34.631 [DEBUG] [serial] RX 128 bytes: 0000aa000000000000000000aa000000000000000000aa000000000000000000aa000000000000000000aa000000000000000000aa000000000000000000aa000000000000000000aa000000000000000000aa000000000000000000aa000000000000000000aa000000000000000000aa000000000000000000aa0000000000
01:07:34.635 [DEBUG] [serial] RX 128 bytes: 00000000aa000000000000000000aa000000000000000000aa000000000000000000aa000000000000000000aa000000000000000000aa000000000000000000aa000000000000000000aa000000000000000000aa000000000000000000aa000000000000000000aa000000000000000000aa000000000000000000aa000000
01:07:34.639 [DEBUG] [serial] RX 128 bytes: 000000000000aa000000000000000000aa000000000000000000aa000000000000000000aa000000000000000000aa000000000000000000aa000000000000000000aa000000000000000000aa000000000000000000aa000000000000000000aa000000000000000000aa000000000000000000aa000000000000000000aa00
01:07:34.643 [DEBUG] [serial] RX 128 bytes: 0000000000000000aa000000000000000000aa000000000000000000aa000000000000000000aa000000000000000000aa000000000000000000aa000000000000000000aa000000000000000000aa000000000000000000aa000000000000000000aa000000000000000000aa000000000000000000aa000000000000000000
01:07:34.647 [DEBUG] [serial] RX 128 bytes: aa000000000000000000aa000000000000000000aa000000000000000000aa000000000000000000aa000000000000000000aa000000000000000000aa000000000000000000aa000000000000000000aa000000000000000000aa000000000000000000aa000000000000000000aa000000000000000000aa00000000000000
01:07:34.651 [DEBUG] [serial] RX 128 bytes: 0000aa000000000000000000aa000000000000000000aa000000000000000000aa000000000000000000aa000000000000000000aa000000000000000000aa000000000000000000aa000000000000000000aa000000000000000000aa000000000000000000aa000000000000000000aa000000000000000000aa0000000000
01:07:34.655 [DEBUG] [serial] RX 128 bytes: 00000000aa000000000000000000aa000000000000000000aa000000000000000000aa000000000000000000aa000000000000000000aa000000000000000000aa000000000000000000aa000000000000000000aa000000000000000000aa000000000000000000aa000000000000000000aa000000000000000000aa000000
01:07:34.659 [DEBUG] [serial] RX 128 bytes: 000000000000aa000000000000000000aa000000000000000000aa000000000000000000aa000000000000000000aa000000000000000000aa000000000000000000aa000000000000000000aa000000000000000000aa000000000000000000aa000000000000000000aa000000000000000000aa000000000000000000aa00
01:07:34.662 [DEBUG] [serial] RX 128 bytes: 0000000000000000aa000000000000000000aa000000000000000000aa000000000000000000aa000000000000000000aa000000000000000000aa000000000000000000aa000000000000000000aa000000000000000000aa000000000000000000aa000000000000000000aa000000000000000000aa000000000000000000
01:07:34.666 [DEBUG] [serial] RX 128 bytes: aa000000000000000000aa000000000000000000aa000000000000000000aa000000000000000000aa000000000000000000aa000000000000000000aa000000000000000000aa000000000000000000aa000000000000000000aa000000000000000000aa000000000000000000aa000000000000000000aa00000000000000
01:07:34.670 [DEBUG] [serial] RX 128 bytes: 0000aa000000000000000000aa000000000000000000aa000000000000000000aa000000000000000000aa000000000000000000aa000000000000000000aa000000000000000000aa000000000000000000aa000000000000000000aa000000000000000000aa000000000000000000aa000000000000000000aa0000000000
01:07:34.674 [DEBUG] [serial] RX 128 bytes: 00000000aa000000000000000000aa000000000000000000aa000000000000000000aa000000000000000000aa000000000000000000aa000000000000000000aa000000000000000000aa000000000000000000aa000000000000000000aa000000000000000000aa000000000000000000aa000000000000000000aa000000
01:07:34.679 [DEBUG] [serial] RX 128 bytes: 000000000000aa000000000000000000aa000000000000000000aa000000000000000000aa000000000000000000aa000000000000000000aa000000000000000000aa000000000000000000aa000000000000000000aa000000000000000000aa000000000000000000aa000000000000000000aa000000000000000000aa00
01:07:34.682 [DEBUG] [serial] RX 128 bytes: 0000000000000000aa000000000000000000aa000000000000000000aa000000000000000000aa000000000000000000aa000000000000000000aa000000000000000000aa000000000000000000aa000000000000000000aa000000000000000000aa000000000000000000aa000000000000000000aa000000000000000000
01:07:34.686 [DEBUG] [serial] RX 128 bytes: aa000000000000000000aa000000000000000000aa000000000000000000aa000000000000000000aa000000000000000000aa000000000000000000aa000000000000000000aa000000000000000000aa000000000000000000aa000000000000000000aa000000000000000000aa000000000000000000aa00000000000000
01:07:34.690 [DEBUG] [serial] RX 128 bytes: 0000aa000000000000000000aa000000000000000000aa000000000000000000aa000000000000000000aa000000000000000000aa000000000000000000aa000000000000000000aa000000000000000000aa000000000000000000aa000000000000000000aa000000000000000000aa000000000000000000aa0000000000
01:07:34.694 [DEBUG] [serial] RX 128 bytes: 00000000aa000000000000000000aa000000000000000000aa000000000000000000aa000000000000000000aa000000000000000000aa000000000000000000aa000000000000000000aa000000000000000000aa000000000000000000aa000000000000000000aa000000000000000000aa000000000000000000aa000000
01:07:34.698 [DEBUG] [serial] RX 128 bytes: 000000000000aa000000000000000000aa000000000000000000aa000000000000000000aa000000000000000000aa000000000000000000aa000000000000000000aa000000000000000000aa000000000000000000aa000000000000000000aa000000000000000000aa000000000000000000aa000000000000000000aa00
01:07:34.702 [DEBUG] [serial] RX 128 bytes: 0000000000000000aa000000000000000000aa000000000000000000aa000000000000000000aa000000000000000000aa000000000000000000aa000000000000000000aa000000000000000000aa000000000000000000aa000000000000000000aa000000000000000000aa000000000000000000aa000000000000000000
01:07:34.706 [DEBUG] [serial] RX 128 bytes: aa000000000000000000aa000000000000000000aa000000000000000000aa000000000000000000aa000000000000000000aa000000000000000000aa000000000000000000aa000000000000000000aa000000000000000000aa000000000000000000aa000000000000000000aa000000000000000000aa00000000000000
01:07:34.710 [DEBUG] [serial] RX 128 bytes: 0000aa000000000000000000aa000000000000000000aa000000000000000000aa000000000000000000aa000000000000000000aa000000000000000000aa000000000000000000aa000000000000000000aa000000000000000000aa000000000000000000aa000000000000000000aa000000000000000000aa0000000000
01:07:34.714 [DEBUG] [serial] RX 128 bytes: 00000000aa000000000000000000aa000000000000000000aa000000000000000000aa000000000000000000aa000000000000000000aa000000000000000000aa000000000000000000aa000000000000000000aa000000000000000000aa000000000000000000aa000000000000000000aa000000000000000000aa000000
01:07:34.718 [DEBUG] [serial] RX 128 bytes: 000000000000aa000000000000000000aa000000000000000000aa000000000000000000aa000000000000000000aa000000000000000000aa000000000000000000aa000000000000000000aa000000000000000000aa000000000000000000aa000000000000000000aa000000000000000000aa000000000000000000aa00
01:07:34.722 [DEBUG] [serial] RX 128 bytes: 0000000000000000aa000000000000000000aa000000000000000000aa000000000000000000aa000000000000000000aa000000000000000000aa000000000000000000aa000000000000000000aa000000000000000000aa000000000000000000aa000000000000000000aa000000000000000000aa000000000000000000
01:07:34.726 [DEBUG] [serial] RX 128 bytes: aa000000000000000000aa000000000000000000aa000000000000000000aa000000000000000000aa000000000000000000aa000000000000000000aa000000000000000000aa000000000000000000aa000000000000000000aa000000000000000000aa000000000000000000aa000000000000000000aa00000000000000
01:07:34.730 [DEBUG] [serial] RX 128 bytes: 0000aa000000000000000000aa000000000000000000aa000000000000000000aa000000000000000000aa000000000000000000aa000000000000000000aa000000000000000000aa000000000000000000aa000000000000000000aa000000000000000000aa000000000000000000aa000000000000000000aa0000000000
01:07:34.734 [DEBUG] [serial] RX 128 bytes: 00000000aa000000000000000000aa000000000000000000aa000000000000000000aa000000000000000000aa000000000000000000aa000000000000000000aa000000000000000000aa000000000000000000aa000000000000000000aa000000000000000000aa000000000000000000aa000000000000000000aa000000
01:07:34.738 [DEBUG] [serial] RX 128 bytes: 000000000000aa000000000000000000aa000000000000000000aa000000000000000000aa000000000000000000aa000000000000000000aa000000000000000000aa000000000000000000aa000000000000000000aa000000000000000000aa000000000000000000aa000000000000000000aa000000000000000000aa00
01:07:34.742 [DEBUG] [serial] RX 128 bytes: 0000000000000000aa000000000000000000aa000000000000000000aa000000000000000000aa000000000000000000aa000000000000000000aa000000000000000000aa000000000000000000aa000000000000000000aa000000000000000000aa000000000000000000aa000000000000000000aa000000000000000000
01:07:34.746 [DEBUG] [serial] RX 128 bytes: aa000000000000000000aa000000000000000000aa000000000000000000aa000000000000000000aa000000000000000000aa000000000000000000aa000000000000000000aa000000000000000000aa000000000000000000aa000000000000000000aa000000000000000000aa000000000000000000aa00000000000000
01:07:34.750 [DEBUG] [serial] RX 128 bytes: 0000aa000000000000000000aa000000000000000000aa000000000000000000aa000000000000000000aa000000000000000000aa000000000000000000aa000000000000000000aa000000000000000000aa000000000000000000aa000000000000000000aa000000000000000000aa000000000000000000aa0000000000
01:07:34.754 [DEBUG] [serial] RX 128 bytes: 00000000aa000000000000000000aa000000000000000000aa000000000000000000aa000000000000000000aa000000000000000000aa000000000000000000aa000000000000000000aa000000000000000000aa000000000000000000aa000000000000000000aa000000000000000000aa000000000000000000aa000000
01:07:34.758 [DEBUG] [serial] RX 128 bytes: 000000000000aa000000000000000000aa000000000000000000aa000000000000000000aa000000000000000000aa000000000000000000aa000000000000000000aa000000000000000000aa000000000000000000aa000000000000000000aa000000000000000000aa000000000000000000aa000000000000000000aa00
01:07:34.762 [DEBUG] [serial] RX 128 bytes: 0000000000000000aa000000000000000000aa000000000000000000aa000000000000000000aa000000000000000000aa000000000000000000aa000000000000000000aa000000000000000000aa000000000000000000aa000000000000000000aa000000000000000000aa000000000000000000aa000000000000000000
01:07:34.766 [DEBUG] [serial] RX 128 bytes: aa000000000000000000aa000000000000000000aa000000000000000000aa000000000000000000aa000000000000000000aa000000000000000000aa000000000000000000aa000000000000000000aa000000000000000000aa000000000000000000aa000000000000000000aa000000000000000000aa00000000000000
01:07:34.770 [DEBUG] [serial] RX 128 bytes: 0000aa000000000000000000aa000000000000000000aa000000000000000000aa000000000000000000aa000000000000000000aa000000000000000000aa000000000000000000aa000000000000000000aa000000000000000000aa000000000000000000aa000000000000000000aa000000000000000000aa0000000000
01:07:34.770 [DEBUG] [serial] PKT #38000: flags=0x00 in=0 ds=0 flt=0
01:07:34.774 [DEBUG] [serial] RX 128 bytes: 00000000aa000000000000000000aa000000000000000000aa000000000000000000aa000000000000000000aa000000000000000000aa000000000000000000aa000000000000000000aa000000000000000000aa000000000000000000aa000000000000000000aa000000000000000000aa000000000000000000aa000000
01:07:34.778 [DEBUG] [serial] RX 128 bytes: 000000000000aa000000000000000000aa000000000000000000aa000000000000000000aa000000000000000000aa000000000000000000aa000000000000000000aa000000000000000000aa000000000000000000aa000000000000000000aa000000000000000000aa000000000000000000aa000000000000000000aa00
01:07:34.782 [DEBUG] [serial] RX 128 bytes: 0000000000000000aa000000000000000000aa000000000000000000aa000000000000000000aa000000000000000000aa000000000000000000aa000000000000000000aa000000000000000000aa000000000000000000aa000000000000000000aa000000000000000000aa000000000000000000aa000000000000000000
01:07:34.786 [DEBUG] [serial] RX 128 bytes: aa000000000000000000aa000000000000000000aa000000000000000000aa000000000000000000aa000000000000000000aa000000000000000000aa000000000000000000aa000000000000000000aa000000000000000000aa000000000000000000aa000000000000000000aa000000000000000000aa00000000000000
01:07:34.790 [DEBUG] [serial] RX 128 bytes: 0000aa000000000000000000aa000000000000000000aa000000000000000000aa000000000000000000aa000000000000000000aa000000000000000000aa000000000000000000aa000000000000000000aa000000000000000000aa000000000000000000aa000000000000000000aa000000000000000000aa0000000000
01:07:34.794 [DEBUG] [serial] RX 128 bytes: 00000000aa000000000000000000aa000000000000000000aa000000000000000000aa000000000000000000aa000000000000000000aa000000000000000000aa000000000000000000aa000000000000000000aa000000000000000000aa000000000000000000aa000000000000000000aa000000000000000000aa000000
01:07:34.798 [DEBUG] [serial] RX 128 bytes: 000000000000aa000000000000000000aa000000000000000000aa000000000000000000aa000000000000000000aa000000000000000000aa000000000000000000aa000000000000000000aa000000000000000000aa000000000000000000aa000000000000000000aa000000000000000000aa000000000000000000aa00
01:07:34.801 [DEBUG] [serial] RX 128 bytes: 0000000000000000aa000000000000000000aa000000000000000000aa000000000000000000aa000000000000000000aa000000000000000000aa000000000000000000aa000000000000000000aa000000000000000000aa000000000000000000aa000000000000000000aa000000000000000000aa000000000000000000
01:07:34.805 [DEBUG] [serial] RX 128 bytes: aa000000000000000000aa000000000000000000aa000000000000000000aa000000000000000000aa000000000000000000aa000000000000000000aa000000000000000000aa000000000000000000aa000000000000000000aa000000000000000000aa000000000000000000aa000000000000000000aa00000000000000
01:07:34.810 [DEBUG] [serial] RX 128 bytes: 0000aa000000000000000000aa000000000000000000aa000000000000000000aa000000000000000000aa000000000000000000aa000000000000000000aa000000000000000000aa000000000000000000aa000000000000000000aa000000000000000000aa000000000000000000aa000000000000000000aa0000000000
01:07:34.814 [DEBUG] [serial] RX 128 bytes: 00000000aa000000000000000000aa000000000000000000aa000000000000000000aa000000000000000000aa000000000000000000aa000000000000000000aa000000000000000000aa000000000000000000aa000000000000000000aa000000000000000000aa000000000000000000aa000000000000000000aa000000
01:07:34.818 [DEBUG] [serial] RX 128 bytes: 000000000000aa000000000000000000aa000000000000000000aa000000000000000000aa000000000000000000aa000000000000000000aa000000000000000000aa000000000000000000aa000000000000000000aa000000000000000000aa000000000000000000aa000000000000000000aa000000000000000000aa00
01:07:34.821 [DEBUG] [serial] RX 128 bytes: 0000000000000000aa000000000000000000aa000000000000000000aa000000000000000000aa000000000000000000aa000000000000000000aa000000000000000000aa000000000000000000aa000000000000000000aa000000000000000000aa000000000000000000aa000000000000000000aa000000000000000000
01:07:34.825 [DEBUG] [serial] RX 128 bytes: aa000000000000000000aa000000000000000000aa000000000000000000aa000000000000000000aa000000000000000000aa000000000000000000aa000000000000000000aa000000000000000000aa000000000000000000aa000000000000000000aa000000000000000000aa000000000000000000aa00000000000000
01:07:34.829 [DEBUG] [serial] RX 128 bytes: 0000aa000000000000000000aa000000000000000000aa000000000000000000aa000000000000000000aa000000000000000000aa000000000000000000aa000000000000000000aa000000000000000000aa000000000000000000aa000000000000000000aa000000000000000000aa000000000000000000aa0000000000
01:07:34.833 [DEBUG] [serial] RX 128 bytes: 00000000aa000000000000000000aa000000000000000000aa000000000000000000aa000000000000000000aa000000000000000000aa000000000000000000aa000000000000000000aa000000000000000000aa000000000000000000aa000000000000000000aa000000000000000000aa000000000000000000aa000000
01:07:34.837 [DEBUG] [serial] RX 128 bytes: 000000000000aa000000000000000000aa000000000000000000aa000000000000000000aa000000000000000000aa000000000000000000aa000000000000000000aa000000000000000000aa000000000000000000aa000000000000000000aa000000000000000000aa000000000000000000aa000000000000000000aa00
01:07:34.841 [DEBUG] [serial] RX 128 bytes: 0000000000000000aa000000000000000000aa000000000000000000aa000000000000000000aa000000000000000000aa000000000000000000aa000000000000000000aa000000000000000000aa000000000000000000aa000000000000000000aa000000000000000000aa000000000000000000aa000000000000000000
01:07:34.845 [DEBUG] [serial] RX 128 bytes: aa000000000000000000aa000000000000000000aa000000000000000000aa000000000000000000aa000000000000000000aa000000000000000000aa000000000000000000aa000000000000000000aa000000000000000000aa000000000000000000aa000000000000000000aa000000000000000000aa00000000000000
01:07:34.849 [DEBUG] [serial] RX 128 bytes: 0000aa000000000000000000aa000000000000000000aa000000000000000000aa000000000000000000aa000000000000000000aa000000000000000000aa000000000000000000aa000000000000000000aa000000000000000000aa000000000000000000aa000000000000000000aa000000000000000000aa0000000000
01:07:34.853 [DEBUG] [serial] RX 128 bytes: 00000000aa000000000000000000aa000000000000000000aa000000000000000000aa000000000000000000aa000000000000000000aa000000000000000000aa000000000000000000aa000000000000000000aa000000000000000000aa000000000000000000aa000000000000000000aa000000000000000000aa000000
01:07:34.857 [DEBUG] [serial] RX 128 bytes: 000000000000aa000000000000000000aa000000000000000000aa000000000000000000aa000000000000000000aa000000000000000000aa000000000000000000aa000000000000000000aa000000000000000000aa000000000000000000aa000000000000000000aa000000000000000000aa000000000000000000aa00
01:07:34.861 [DEBUG] [serial] RX 128 bytes: 0000000000000000aa000000000000000000aa000000000000000000aa000000000000000000aa000000000000000000aa000000000000000000aa000000000000000000aa000000000000000000aa000000000000000000aa000000000000000000aa000000000000000000aa000000000000000000aa000000000000000000
01:07:34.865 [DEBUG] [serial] RX 128 bytes: aa000000000000000000aa000000000000000000aa000000000000000000aa000000000000000000aa000000000000000000aa000000000000000000aa000000000000000000aa000000000000000000aa000000000000000000aa000000000000000000aa000000000000000000aa000000000000000000aa00000000000000
01:07:34.869 [DEBUG] [serial] RX 128 bytes: 0000aa000000000000000000aa000000000000000000aa000000000000000000aa000000000000000000aa000000000000000000aa000000000000000000aa000000000000000000aa000000000000000000aa000000000000000000aa000000000000000000aa000000000000000000aa000000000000000000aa0000000000
01:07:34.873 [DEBUG] [serial] RX 128 bytes: 00000000aa000000000000000000aa000000000000000000aa000000000000000000aa000000000000000000aa000000000000000000aa000000000000000000aa000000000000000000aa000000000000000000aa000000000000000000aa000000000000000000aa000000000000000000aa000000000000000000aa000000
01:07:34.877 [DEBUG] [serial] RX 128 bytes: 000000000000aa000000000000000000aa000000000000000000aa000000000000000000aa000000000000000000aa000000000000000000aa000000000000000000aa000000000000000000aa000000000000000000aa000000000000000000aa000000000000000000aa000000000000000000aa000000000000000000aa00
01:07:34.881 [DEBUG] [serial] RX 128 bytes: 0000000000000000aa000000000000000000aa000000000000000000aa000000000000000000aa000000000000000000aa000000000000000000aa000000000000000000aa000000000000000000aa000000000000000000aa000000000000000000aa000000000000000000aa000000000000000000aa000000000000000000
01:07:34.885 [DEBUG] [serial] RX 128 bytes: aa000000000000000000aa000000000000000000aa000000000000000000aa000000000000000000aa000000000000000000aa000000000000000000aa000000000000000000aa000000000000000000aa000000000000000000aa000000000000000000aa000000000000000000aa000000000000000000aa00000000000000
01:07:34.889 [DEBUG] [serial] RX 128 bytes: 0000aa000000000000000000aa000000000000000000aa000000000000000000aa000000000000000000aa000000000000000000aa000000000000000000aa000000000000000000aa000000000000000000aa000000000000000000aa000000000000000000aa000000000000000000aa000000000000000000aa0000000000
01:07:34.893 [DEBUG] [serial] RX 128 bytes: 00000000aa000000000000000000aa000000000000000000aa000000000000000000aa000000000000000000aa000000000000000000aa000000000000000000aa000000000000000000aa000000000000000000aa000000000000000000aa000000000000000000aa000000000000000000aa000000000000000000aa000000
01:07:34.897 [DEBUG] [serial] RX 128 bytes: 000000000000aa000000000000000000aa000000000000000000aa000000000000000000aa000000000000000000aa000000000000000000aa000000000000000000aa000000000000000000aa000000000000000000aa000000000000000000aa000000000000000000aa000000000000000000aa000000000000000000aa00
01:07:34.901 [DEBUG] [serial] RX 128 bytes: 0000000000000000aa000000000000000000aa000000000000000000aa000000000000000000aa000000000000000000aa000000000000000000aa000000000000000000aa000000000000000000aa000000000000000000aa000000000000000000aa000000000000000000aa000000000000000000aa000000000000000000
01:07:34.905 [DEBUG] [serial] RX 128 bytes: aa000000000000000000aa000000000000000000aa000000000000000000aa000000000000000000aa000000000000000000aa000000000000000000aa000000000000000000aa000000000000000000aa000000000000000000aa000000000000000000aa000000000000000000aa000000000000000000aa00000000000000
01:07:34.909 [DEBUG] [serial] RX 128 bytes: 0000aa000000000000000000aa000000000000000000aa000000000000000000aa000000000000000000aa000000000000000000aa000000000000000000aa000000000000000000aa000000000000000000aa000000000000000000aa000000000000000000aa000000000000000000aa000000000000000000aa0000000000
01:07:34.913 [DEBUG] [serial] RX 128 bytes: 00000000aa000000000000000000aa000000000000000000aa000000000000000000aa000000000000000000aa000000000000000000aa000000000000000000aa000000000000000000aa000000000000000000aa000000000000000000aa000000000000000000aa000000000000000000aa000000000000000000aa000000
01:07:34.917 [DEBUG] [serial] RX 128 bytes: 000000000000aa000000000000000000aa000000000000000000aa000000000000000000aa000000000000000000aa000000000000000000aa000000000000000000aa000000000000000000aa000000000000000000aa000000000000000000aa000000000000000000aa000000000000000000aa000000000000000000aa00
01:07:34.921 [DEBUG] [serial] RX 128 bytes: 0000000000000000aa000000000000000000aa000000000000000000aa000000000000000000aa000000000000000000aa000000000000000000aa000000000000000000aa000000000000000000aa000000000000000000aa000000000000000000aa000000000000000000aa000000000000000000aa000000000000000000
01:07:34.925 [DEBUG] [serial] RX 128 bytes: aa000000000000000000aa000000000000000000aa000000000000000000aa000000000000000000aa000000000000000000aa000000000000000000aa000000000000000000aa000000000000000000aa000000000000000000aa000000000000000000aa000000000000000000aa000000000000000000aa00000000000000
01:07:34.925 [DEBUG] [serial] PKT #38500: flags=0x00 in=0 ds=0 flt=0
01:07:34.929 [DEBUG] [serial] RX 128 bytes: 0000aa000000000000000000aa000000000000000000aa000000000000000000aa000000000000000000aa000000000000000000aa000000000000000000aa000000000000000000aa000000000000000000aa000000000000000000aa000000000000000000aa000000000000000000aa000000000000000000aa0000000000
01:07:34.933 [DEBUG] [serial] RX 128 bytes: 00000000aa000000000000000000aa000000000000000000aa000000000000000000aa000000000000000000aa000000000000000000aa000000000000000000aa000000000000000000aa000000000000000000aa000000000000000000aa000000000000000000aa000000000000000000aa000000000000000000aa000000
01:07:34.937 [DEBUG] [serial] RX 128 bytes: 000000000000aa000000000000000000aa000000000000000000aa000000000000000000aa000000000000000000aa000000000000000000aa000000000000000000aa000000000000000000aa000000000000000000aa000000000000000000aa000000000000000000aa000000000000000000aa000000000000000000aa00
01:07:34.940 [DEBUG] [serial] RX 128 bytes: 0000000000000000aa000000000000000000aa000000000000000000aa000000000000000000aa000000000000000000aa000000000000000000aa000000000000000000aa000000000000000000aa000000000000000000aa000000000000000000aa000000000000000000aa000000000000000000aa000000000000000000
01:07:34.944 [DEBUG] [serial] RX 128 bytes: aa000000000000000000aa000000000000000000aa000000000000000000aa000000000000000000aa000000000000000000aa000000000000000000aa000000000000000000aa000000000000000000aa000000000000000000aa000000000000000000aa000000000000000000aa000000000000000000aa00000000000000
01:07:34.948 [DEBUG] [serial] RX 128 bytes: 0000aa000000000000000000aa000000000000000000aa000000000000000000aa000000000000000000aa000000000000000000aa000000000000000000aa000000000000000000aa000000000000000000aa000000000000000000aa000000000000000000aa000000000000000000aa000000000000000000aa0000000000
01:07:34.953 [DEBUG] [serial] RX 128 bytes: 00000000aa000000000000000000aa000000000000000000aa000000000000000000aa000000000000000000aa000000000000000000aa000000000000000000aa000000000000000000aa000000000000000000aa000000000000000000aa000000000000000000aa000000000000000000aa000000000000000000aa000000
01:07:34.957 [DEBUG] [serial] RX 128 bytes: 000000000000aa000000000000000000aa000000000000000000aa000000000000000000aa000000000000000000aa000000000000000000aa000000000000000000aa000000000000000000aa000000000000000000aa000000000000000000aa000000000000000000aa000000000000000000aa000000000000000000aa00
01:07:34.960 [DEBUG] [serial] RX 128 bytes: 0000000000000000aa000000000000000000aa000000000000000000aa000000000000000000aa000000000000000000aa000000000000000000aa000000000000000000aa000000000000000000aa000000000000000000aa000000000000000000aa000000000000000000aa000000000000000000aa000000000000000000
01:07:34.964 [DEBUG] [serial] RX 128 bytes: aa000000000000000000aa000000000000000000aa000000000000000000aa000000000000000000aa000000000000000000aa000000000000000000aa000000000000000000aa000000000000000000aa000000000000000000aa000000000000000000aa000000000000000000aa000000000000000000aa00000000000000
01:07:34.968 [DEBUG] [serial] RX 128 bytes: 0000aa000000000000000000aa000000000000000000aa000000000000000000aa000000000000000000aa000000000000000000aa000000000000000000aa000000000000000000aa000000000000000000aa000000000000000000aa000000000000000000aa000000000000000000aa000000000000000000aa0000000000
01:07:34.972 [DEBUG] [serial] RX 128 bytes: 00000000aa000000000000000000aa000000000000000000aa000000000000000000aa000000000000000000aa000000000000000000aa000000000000000000aa000000000000000000aa000000000000000000aa000000000000000000aa000000000000000000aa000000000000000000aa000000000000000000aa000000
01:07:34.976 [DEBUG] [serial] RX 128 bytes: 000000000000aa000000000000000000aa000000000000000000aa000000000000000000aa000000000000000000aa000000000000000000aa000000000000000000aa000000000000000000aa000000000000000000aa000000000000000000aa000000000000000000aa000000000000000000aa000000000000000000aa00
01:07:34.981 [DEBUG] [serial] RX 128 bytes: 0000000000000000aa000000000000000000aa000000000000000000aa000000000000000000aa000000000000000000aa000000000000000000aa000000000000000000aa000000000000000000aa000000000000000000aa000000000000000000aa000000000000000000aa000000000000000000aa000000000000000000
01:07:34.984 [DEBUG] [serial] RX 128 bytes: aa000000000000000000aa000000000000000000aa000000000000000000aa000000000000000000aa000000000000000000aa000000000000000000aa000000000000000000aa000000000000000000aa000000000000000000aa000000000000000000aa000000000000000000aa000000000000000000aa00000000000000
01:07:34.988 [DEBUG] [serial] RX 128 bytes: 0000aa000000000000000000aa000000000000000000aa000000000000000000aa000000000000000000aa000000000000000000aa000000000000000000aa000000000000000000aa000000000000000000aa000000000000000000aa000000000000000000aa000000000000000000aa000000000000000000aa0000000000
01:07:34.992 [DEBUG] [serial] RX 128 bytes: 00000000aa000000000000000000aa000000000000000000aa000000000000000000aa000000000000000000aa000000000000000000aa000000000000000000aa000000000000000000aa000000000000000000aa000000000000000000aa000000000000000000aa000000000000000000aa000000000000000000aa000000
01:07:34.996 [DEBUG] [serial] RX 128 bytes: 000000000000aa000000000000000000aa000000000000000000aa000000000000000000aa000000000000000000aa000000000000000000aa000000000000000000aa000000000000000000aa000000000000000000aa000000000000000000aa000000000000000000aa000000000000000000aa000000000000000000aa00
01:07:35.000 [DEBUG] [serial] RX 128 bytes: 0000000000000000aa000000000000000000aa000000000000000000aa000000000000000000aa000000000000000000aa000000000000000000aa000000000000000000aa000000000000000000aa000000000000000000aa000000000000000000aa000000000000000000aa000000000000000000aa000000000000000000
01:07:35.004 [DEBUG] [serial] RX 128 bytes: aa000000000000000000aa000000000000000000aa000000000000000000aa000000000000000000aa000000000000000000aa000000000000000000aa000000000000000000aa000000000000000000aa000000000000000000aa000000000000000000aa000000000000000000aa000000000000000000aa00000000000000
01:07:35.008 [DEBUG] [serial] RX 128 bytes: 0000aa000000000000000000aa000000000000000000aa000000000000000000aa000000000000000000aa000000000000000000aa000000000000000000aa000000000000000000aa000000000000000000aa000000000000000000aa000000000000000000aa000000000000000000aa000000000000000000aa0000000000
01:07:35.012 [DEBUG] [serial] RX 128 bytes: 00000000aa000000000000000000aa000000000000000000aa000000000000000000aa000000000000000000aa000000000000000000aa000000000000000000aa000000000000000000aa000000000000000000aa000000000000000000aa000000000000000000aa000000000000000000aa000000000000000000aa000000
01:07:35.016 [DEBUG] [serial] RX 128 bytes: 000000000000aa000000000000000000aa000000000000000000aa000000000000000000aa000000000000000000aa000000000000000000aa000000000000000000aa000000000000000000aa000000000000000000aa000000000000000000aa000000000000000000aa000000000000000000aa000000000000000000aa00
01:07:35.020 [DEBUG] [serial] RX 128 bytes: 0000000000000000aa000000000000000000aa000000000000000000aa000000000000000000aa000000000000000000aa000000000000000000aa000000000000000000aa000000000000000000aa000000000000000000aa000000000000000000aa000000000000000000aa000000000000000000aa000000000000000000
01:07:35.024 [DEBUG] [serial] RX 128 bytes: aa000000000000000000aa000000000000000000aa000000000000000000aa000000000000000000aa000000000000000000aa000000000000000000aa000000000000000000aa000000000000000000aa000000000000000000aa000000000000000000aa000000000000000000aa000000000000000000aa00000000000000
01:07:35.028 [DEBUG] [serial] RX 128 bytes: 0000aa000000000000000000aa000000000000000000aa000000000000000000aa000000000000000000aa000000000000000000aa000000000000000000aa000000000000000000aa000000000000000000aa000000000000000000aa000000000000000000aa000000000000000000aa000000000000000000aa0000000000
01:07:35.032 [DEBUG] [serial] RX 128 bytes: 00000000aa000000000000000000aa000000000000000000aa000000000000000000aa000000000000000000aa000000000000000000aa000000000000000000aa000000000000000000aa000000000000000000aa000000000000000000aa000000000000000000aa000000000000000000aa000000000000000000aa000000
01:07:35.036 [DEBUG] [serial] RX 128 bytes: 000000000000aa000000000000000000aa000000000000000000aa000000000000000000aa000000000000000000aa000000000000000000aa000000000000000000aa000000000000000000aa000000000000000000aa000000000000000000aa000000000000000000aa000000000000000000aa000000000000000000aa00
01:07:35.040 [DEBUG] [serial] RX 128 bytes: 0000000000000000aa000000000000000000aa000000000000000000aa000000000000000000aa000000000000000000aa000000000000000000aa000000000000000000aa000000000000000000aa000000000000000000aa000000000000000000aa000000000000000000aa000000000000000000aa000000000000000000
01:07:35.044 [DEBUG] [serial] RX 128 bytes: aa000000000000000000aa000000000000000000aa000000000000000000aa000000000000000000aa000000000000000000aa000000000000000000aa000000000000000000aa000000000000000000aa000000000000000000aa000000000000000000aa000000000000000000aa000000000000000000aa00000000000000
01:07:35.048 [DEBUG] [serial] RX 128 bytes: 0000aa000000000000000000aa000000000000000000aa000000000000000000aa000000000000000000aa000000000000000000aa000000000000000000aa000000000000000000aa000000000000000000aa000000000000000000aa000000000000000000aa000000000000000000aa000000000000000000aa0000000000
01:07:35.052 [DEBUG] [serial] RX 128 bytes: 00000000aa000000000000000000aa000000000000000000aa000000000000000000aa000000000000000000aa000000000000000000aa000000000000000000aa000000000000000000aa000000000000000000aa000000000000000000aa000000000000000000aa000000000000000000aa000000000000000000aa000000
01:07:35.056 [DEBUG] [serial] RX 128 bytes: 000000000000aa000000000000000000aa000000000000000000aa000000000000000000aa000000000000000000aa000000000000000000aa000000000000000000aa000000000000000000aa000000000000000000aa000000000000000000aa000000000000000000aa000000000000000000aa000000000000000000aa00
01:07:35.060 [DEBUG] [serial] RX 128 bytes: 0000000000000000aa000000000000000000aa000000000000000000aa000000000000000000aa000000000000000000aa000000000000000000aa000000000000000000aa000000000000000000aa000000000000000000aa000000000000000000aa000000000000000000aa000000000000000000aa000000000000000000
01:07:35.064 [DEBUG] [serial] RX 128 bytes: aa000000000000000000aa000000000000000000aa000000000000000000aa000000000000000000aa000000000000000000aa000000000000000000aa000000000000000000aa000000000000000000aa000000000000000000aa000000000000000000aa000000000000000000aa000000000000000000aa00000000000000
01:07:35.068 [DEBUG] [serial] RX 128 bytes: 0000aa000000000000000000aa000000000000000000aa000000000000000000aa000000000000000000aa000000000000000000aa000000000000000000aa000000000000000000aa000000000000000000aa000000000000000000aa000000000000000000aa000000000000000000aa000000000000000000aa0000000000
01:07:35.072 [DEBUG] [serial] RX 128 bytes: 00000000aa000000000000000000aa000000000000000000aa000000000000000000aa000000000000000000aa000000000000000000aa000000000000000000aa000000000000000000aa000000000000000000aa000000000000000000aa000000000000000000aa000000000000000000aa000000000000000000aa000000
01:07:35.076 [DEBUG] [serial] RX 128 bytes: 000000000000aa000000000000000000aa000000000000000000aa000000000000000000aa000000000000000000aa000000000000000000aa000000000000000000aa000000000000000000aa000000000000000000aa000000000000000000aa000000000000000000aa000000000000000000aa000000000000000000aa00
01:07:35.079 [DEBUG] [serial] RX 128 bytes: 0000000000000000aa000000000000000000aa000000000000000000aa000000000000000000aa000000000000000000aa000000000000000000aa000000000000000000aa000000000000000000aa000000000000000000aa000000000000000000aa000000000000000000aa000000000000000000aa000000000000000000
01:07:35.080 [DEBUG] [serial] PKT #39000: flags=0x00 in=0 ds=0 flt=0
01:07:35.083 [DEBUG] [serial] RX 128 bytes: aa000000000000000000aa000000000000000000aa000000000000000000aa000000000000000000aa000000000000000000aa000000000000000000aa000000000000000000aa000000000000000000aa000000000000000000aa000000000000000000aa000000000000000000aa000000000000000000aa00000000000000
01:07:35.088 [DEBUG] [serial] RX 128 bytes: 0000aa000000000000000000aa000000000000000000aa000000000000000000aa000000000000000000aa000000000000000000aa000000000000000000aa000000000000000000aa000000000000000000aa000000000000000000aa000000000000000000aa000000000000000000aa000000000000000000aa0000000000
01:07:35.092 [DEBUG] [serial] RX 128 bytes: 00000000aa000000000000000000aa000000000000000000aa000000000000000000aa000000000000000000aa000000000000000000aa000000000000000000aa000000000000000000aa000000000000000000aa000000000000000000aa000000000000000000aa000000000000000000aa000000000000000000aa000000
01:07:35.096 [DEBUG] [serial] RX 128 bytes: 000000000000aa000000000000000000aa000000000000000000aa000000000000000000aa000000000000000000aa000000000000000000aa000000000000000000aa000000000000000000aa000000000000000000aa000000000000000000aa000000000000000000aa000000000000000000aa000000000000000000aa00
01:07:35.099 [DEBUG] [serial] RX 128 bytes: 0000000000000000aa000000000000000000aa000000000000000000aa000000000000000000aa000000000000000000aa000000000000000000aa000000000000000000aa000000000000000000aa000000000000000000aa000000000000000000aa000000000000000000aa000000000000000000aa000000000000000000
01:07:35.103 [DEBUG] [serial] RX 128 bytes: aa000000000000000000aa000000000000000000aa000000000000000000aa000000000000000000aa000000000000000000aa000000000000000000aa000000000000000000aa000000000000000000aa000000000000000000aa000000000000000000aa000000000000000000aa000000000000000000aa00000000000000
01:07:35.107 [DEBUG] [serial] RX 128 bytes: 0000aa000000000000000000aa000000000000000000aa000000000000000000aa000000000000000000aa000000000000000000aa000000000000000000aa000000000000000000aa000000000000000000aa000000000000000000aa000000000000000000aa000000000000000000aa000000000000000000aa0000000000
01:07:35.111 [DEBUG] [serial] RX 128 bytes: 00000000aa000000000000000000aa000000000000000000aa000000000000000000aa000000000000000000aa000000000000000000aa000000000000000000aa000000000000000000aa000000000000000000aa000000000000000000aa000000000000000000aa000000000000000000aa000000000000000000aa000000
01:07:35.115 [DEBUG] [serial] RX 128 bytes: 000000000000aa000000000000000000aa000000000000000000aa000000000000000000aa000000000000000000aa000000000000000000aa000000000000000000aa000000000000000000aa000000000000000000aa000000000000000000aa000000000000000000aa000000000000000000aa000000000000000000aa00
01:07:35.119 [DEBUG] [serial] RX 128 bytes: 0000000000000000aa000000000000000000aa000000000000000000aa000000000000000000aa000000000000000000aa000000000000000000aa000000000000000000aa000000000000000000aa000000000000000000aa000000000000000000aa000000000000000000aa000000000000000000aa000000000000000000
01:07:35.123 [DEBUG] [serial] RX 128 bytes: aa000000000000000000aa000000000000000000aa000000000000000000aa000000000000000000aa000000000000000000aa000000000000000000aa000000000000000000aa000000000000000000aa000000000000000000aa000000000000000000aa000000000000000000aa000000000000000000aa00000000000000
01:07:35.127 [DEBUG] [serial] RX 128 bytes: 0000aa000000000000000000aa000000000000000000aa000000000000000000aa000000000000000000aa000000000000000000aa000000000000000000aa000000000000000000aa000000000000000000aa000000000000000000aa000000000000000000aa000000000000000000aa000000000000000000aa0000000000
01:07:35.131 [DEBUG] [serial] RX 128 bytes: 00000000aa000000000000000000aa000000000000000000aa000000000000000000aa000000000000000000aa000000000000000000aa000000000000000000aa000000000000000000aa000000000000000000aa000000000000000000aa000000000000000000aa000000000000000000aa000000000000000000aa000000
01:07:35.135 [DEBUG] [serial] RX 128 bytes: 000000000000aa000000000000000000aa000000000000000000aa000000000000000000aa000000000000000000aa000000000000000000aa000000000000000000aa000000000000000000aa000000000000000000aa000000000000000000aa000000000000000000aa000000000000000000aa000000000000000000aa00
01:07:35.139 [DEBUG] [serial] RX 128 bytes: 0000000000000000aa000000000000000000aa000000000000000000aa000000000000000000aa000000000000000000aa000000000000000000aa000000000000000000aa000000000000000000aa000000000000000000aa000000000000000000aa000000000000000000aa000000000000000000aa000000000000000000
01:07:35.143 [DEBUG] [serial] RX 128 bytes: aa000000000000000000aa000000000000000000aa000000000000000000aa000000000000000000aa000000000000000000aa000000000000000000aa000000000000000000aa000000000000000000aa000000000000000000aa000000000000000000aa000000000000000000aa000000000000000000aa00000000000000
01:07:35.147 [DEBUG] [serial] RX 128 bytes: 0000aa000000000000000000aa000000000000000000aa000000000000000000aa000000000000000000aa000000000000000000aa000000000000000000aa000000000000000000aa000000000000000000aa000000000000000000aa000000000000000000aa000000000000000000aa000000000000000000aa0000000000
01:07:35.151 [DEBUG] [serial] RX 128 bytes: 00000000aa000000000000000000aa000000000000000000aa000000000000000000aa000000000000000000aa000000000000000000aa000000000000000000aa000000000000000000aa000000000000000000aa000000000000000000aa000000000000000000aa000000000000000000aa000000000000000000aa000000
01:07:35.155 [DEBUG] [serial] RX 128 bytes: 000000000000aa000000000000000000aa000000000000000000aa000000000000000000aa000000000000000000aa000000000000000000aa000000000000000000aa000000000000000000aa000000000000000000aa000000000000000000aa000000000000000000aa000000000000000000aa000000000000000000aa00
01:07:35.159 [DEBUG] [serial] RX 128 bytes: 0000000000000000aa000000000000000000aa000000000000000000aa000000000000000000aa000000000000000000aa000000000000000000aa000000000000000000aa000000000000000000aa000000000000000000aa000000000000000000aa000000000000000000aa000000000000000000aa000000000000000000
01:07:35.163 [DEBUG] [serial] RX 128 bytes: aa000000000000000000aa000000000000000000aa000000000000000000aa000000000000000000aa000000000000000000aa000000000000000000aa000000000000000000aa000000000000000000aa000000000000000000aa000000000000000000aa000000000000000000aa000000000000000000aa00000000000000
01:07:35.167 [DEBUG] [serial] RX 128 bytes: 0000aa000000000000000000aa000000000000000000aa000000000000000000aa000000000000000000aa000000000000000000aa000000000000000000aa000000000000000000aa000000000000000000aa000000000000000000aa000000000000000000aa000000000000000000aa000000000000000000aa0000000000
01:07:35.171 [DEBUG] [serial] RX 128 bytes: 00000000aa000000000000000000aa000000000000000000aa000000000000000000aa000000000000000000aa000000000000000000aa000000000000000000aa000000000000000000aa000000000000000000aa000000000000000000aa000000000000000000aa000000000000000000aa000000000000000000aa000000
01:07:35.175 [DEBUG] [serial] RX 128 bytes: 000000000000aa000000000000000000aa000000000000000000aa000000000000000000aa000000000000000000aa000000000000000000aa000000000000000000aa000000000000000000aa000000000000000000aa000000000000000000aa000000000000000000aa000000000000000000aa000000000000000000aa00
01:07:35.179 [DEBUG] [serial] RX 128 bytes: 0000000000000000aa000000000000000000aa000000000000000000aa000000000000000000aa000000000000000000aa000000000000000000aa000000000000000000aa000000000000000000aa000000000000000000aa000000000000000000aa000000000000000000aa000000000000000000aa000000000000000000
01:07:35.183 [DEBUG] [serial] RX 128 bytes: aa000000000000000000aa000000000000000000aa000000000000000000aa000000000000000000aa000000000000000000aa000000000000000000aa000000000000000000aa000000000000000000aa000000000000000000aa000000000000000000aa000000000000000000aa000000000000000000aa00000000000000
01:07:35.187 [DEBUG] [serial] RX 128 bytes: 0000aa000000000000000000aa000000000000000000aa000000000000000000aa000000000000000000aa000000000000000000aa000000000000000000aa000000000000000000aa000000000000000000aa000000000000000000aa000000000000000000aa000000000000000000aa000000000000000000aa0000000000
01:07:35.191 [DEBUG] [serial] RX 128 bytes: 00000000aa000000000000000000aa000000000000000000aa000000000000000000aa000000000000000000aa000000000000000000aa000000000000000000aa000000000000000000aa000000000000000000aa000000000000000000aa000000000000000000aa000000000000000000aa000000000000000000aa000000
01:07:35.195 [DEBUG] [serial] RX 128 bytes: 000000000000aa000000000000000000aa000000000000000000aa000000000000000000aa000000000000000000aa000000000000000000aa000000000000000000aa000000000000000000aa000000000000000000aa000000000000000000aa000000000000000000aa000000000000000000aa000000000000000000aa00
01:07:35.199 [DEBUG] [serial] RX 128 bytes: 0000000000000000aa000000000000000000aa000000000000000000aa000000000000000000aa000000000000000000aa000000000000000000aa000000000000000000aa000000000000000000aa000000000000000000aa000000000000000000aa000000000000000000aa000000000000000000aa000000000000000000
01:07:35.203 [DEBUG] [serial] RX 128 bytes: aa000000000000000000aa000000000000000000aa000000000000000000aa000000000000000000aa000000000000000000aa000000000000000000aa000000000000000000aa000000000000000000aa000000000000000000aa000000000000000000aa000000000000000000aa000000000000000000aa00000000000000
01:07:35.207 [DEBUG] [serial] RX 128 bytes: 0000aa000000000000000000aa000000000000000000aa000000000000000000aa000000000000000000aa000000000000000000aa000000000000000000aa000000000000000000aa000000000000000000aa000000000000000000aa000000000000000000aa000000000000000000aa000000000000000000aa0000000000
01:07:35.211 [DEBUG] [serial] RX 128 bytes: 00000000aa000000000000000000aa000000000000000000aa000000000000000000aa000000000000000000aa000000000000000000aa000000000000000000aa000000000000000000aa000000000000000000aa000000000000000000aa000000000000000000aa000000000000000000aa000000000000000000aa000000
01:07:35.215 [DEBUG] [serial] RX 128 bytes: 000000000000aa000000000000000000aa000000000000000000aa000000000000000000aa000000000000000000aa000000000000000000aa000000000000000000aa000000000000000000aa000000000000000000aa000000000000000000aa000000000000000000aa000000000000000000aa000000000000000000aa00
01:07:35.218 [DEBUG] [serial] RX 128 bytes: 0000000000000000aa000000000000000000aa000000000000000000aa000000000000000000aa000000000000000000aa000000000000000000aa000000000000000000aa000000000000000000aa000000000000000000aa000000000000000000aa000000000000000000aa000000000000000000aa000000000000000000
01:07:35.222 [DEBUG] [serial] RX 128 bytes: aa000000000000000000aa000000000000000000aa000000000000000000aa000000000000000000aa000000000000000000aa000000000000000000aa000000000000000000aa000000000000000000aa000000000000000000aa000000000000000000aa000000000000000000aa000000000000000000aa00000000000000
01:07:35.227 [DEBUG] [serial] RX 128 bytes: 0000aa000000000000000000aa000000000000000000aa000000000000000000aa000000000000000000aa000000000000000000aa000000000000000000aa000000000000000000aa000000000000000000aa000000000000000000aa000000000000000000aa000000000000000000aa000000000000000000aa0000000000
01:07:35.231 [DEBUG] [serial] RX 128 bytes: 00000000aa000000000000000000aa000000000000000000aa000000000000000000aa000000000000000000aa000000000000000000aa000000000000000000aa000000000000000000aa000000000000000000aa000000000000000000aa000000000000000000aa000000000000000000aa000000000000000000aa000000
01:07:35.235 [DEBUG] [serial] RX 128 bytes: 000000000000aa000000000000000000aa000000000000000000aa000000000000000000aa000000000000000000aa000000000000000000aa000000000000000000aa000000000000000000aa000000000000000000aa000000000000000000aa000000000000000000aa000000000000000000aa000000000000000000aa00
01:07:35.235 [DEBUG] [serial] PKT #39500: flags=0x00 in=0 ds=0 flt=0
01:07:35.238 [DEBUG] [serial] RX 128 bytes: 0000000000000000aa000000000000000000aa000000000000000000aa000000000000000000aa000000000000000000aa000000000000000000aa000000000000000000aa000000000000000000aa000000000000000000aa000000000000000000aa000000000000000000aa000000000000000000aa000000000000000000
01:07:35.242 [DEBUG] [serial] RX 128 bytes: aa000000000000000000aa000000000000000000aa000000000000000000aa000000000000000000aa000000000000000000aa000000000000000000aa000000000000000000aa000000000000000000aa000000000000000000aa000000000000000000aa000000000000000000aa000000000000000000aa00000000000000
01:07:35.246 [DEBUG] [serial] RX 128 bytes: 0000aa000000000000000000aa000000000000000000aa000000000000000000aa000000000000000000aa000000000000000000aa000000000000000000aa000000000000000000aa000000000000000000aa000000000000000000aa000000000000000000aa000000000000000000aa000000000000000000aa0000000000
01:07:35.250 [DEBUG] [serial] RX 128 bytes: 00000000aa000000000000000000aa000000000000000000aa000000000000000000aa000000000000000000aa000000000000000000aa000000000000000000aa000000000000000000aa000000000000000000aa000000000000000000aa000000000000000000aa000000000000000000aa000000000000000000aa000000
01:07:35.254 [DEBUG] [serial] RX 128 bytes: 000000000000aa000000000000000000aa000000000000000000aa000000000000000000aa000000000000000000aa000000000000000000aa000000000000000000aa000000000000000000aa000000000000000000aa000000000000000000aa000000000000000000aa000000000000000000aa000000000000000000aa00
01:07:35.258 [DEBUG] [serial] RX 128 bytes: 0000000000000000aa000000000000000000aa000000000000000000aa000000000000000000aa000000000000000000aa000000000000000000aa000000000000000000aa000000000000000000aa000000000000000000aa000000000000000000aa000000000000000000aa000000000000000000aa000000000000000000
01:07:35.263 [DEBUG] [serial] RX 128 bytes: aa000000000000000000aa000000000000000000aa000000000000000000aa000000000000000000aa000000000000000000aa000000000000000000aa000000000000000000aa000000000000000000aa000000000000000000aa000000000000000000aa000000000000000000aa000000000000000000aa00000000000000
01:07:35.266 [DEBUG] [serial] RX 128 bytes: 0000aa000000000000000000aa000000000000000000aa000000000000000000aa000000000000000000aa000000000000000000aa000000000000000000aa000000000000000000aa000000000000000000aa000000000000000000aa000000000000000000aa000000000000000000aa000000000000000000aa0000000000
01:07:35.270 [DEBUG] [serial] RX 128 bytes: 00000000aa000000000000000000aa000000000000000000aa000000000000000000aa000000000000000000aa000000000000000000aa000000000000000000aa000000000000000000aa000000000000000000aa000000000000000000aa000000000000000000aa000000000000000000aa000000000000000000aa000000
01:07:35.274 [DEBUG] [serial] RX 128 bytes: 000000000000aa000000000000000000aa000000000000000000aa000000000000000000aa000000000000000000aa000000000000000000aa000000000000000000aa000000000000000000aa000000000000000000aa000000000000000000aa000000000000000000aa000000000000000000aa000000000000000000aa00
01:07:35.278 [DEBUG] [serial] RX 128 bytes: 0000000000000000aa000000000000000000aa000000000000000000aa000000000000000000aa000000000000000000aa000000000000000000aa000000000000000000aa000000000000000000aa000000000000000000aa000000000000000000aa000000000000000000aa000000000000000000aa000000000000000000
01:07:35.282 [DEBUG] [serial] RX 128 bytes: aa000000000000000000aa000000000000000000aa000000000000000000aa000000000000000000aa000000000000000000aa000000000000000000aa000000000000000000aa000000000000000000aa000000000000000000aa000000000000000000aa000000000000000000aa000000000000000000aa00000000000000
01:07:35.286 [DEBUG] [serial] RX 128 bytes: 0000aa000000000000000000aa000000000000000000aa000000000000000000aa000000000000000000aa000000000000000000aa000000000000000000aa000000000000000000aa000000000000000000aa000000000000000000aa000000000000000000aa000000000000000000aa000000000000000000aa0000000000
01:07:35.290 [DEBUG] [serial] RX 128 bytes: 00000000aa000000000000000000aa000000000000000000aa000000000000000000aa000000000000000000aa000000000000000000aa000000000000000000aa000000000000000000aa000000000000000000aa000000000000000000aa000000000000000000aa000000000000000000aa000000000000000000aa000000
01:07:35.294 [DEBUG] [serial] RX 128 bytes: 000000000000aa000000000000000000aa000000000000000000aa000000000000000000aa000000000000000000aa000000000000000000aa000000000000000000aa000000000000000000aa000000000000000000aa000000000000000000aa000000000000000000aa000000000000000000aa000000000000000000aa00
01:07:35.298 [DEBUG] [serial] RX 128 bytes: 0000000000000000aa000000000000000000aa000000000000000000aa000000000000000000aa000000000000000000aa000000000000000000aa000000000000000000aa000000000000000000aa000000000000000000aa000000000000000000aa000000000000000000aa000000000000000000aa000000000000000000
01:07:35.302 [DEBUG] [serial] RX 128 bytes: aa000000000000000000aa000000000000000000aa000000000000000000aa000000000000000000aa000000000000000000aa000000000000000000aa000000000000000000aa000000000000000000aa000000000000000000aa000000000000000000aa000000000000000000aa000000000000000000aa00000000000000
01:07:35.306 [DEBUG] [serial] RX 128 bytes: 0000aa000000000000000000aa000000000000000000aa000000000000000000aa000000000000000000aa000000000000000000aa000000000000000000aa000000000000000000aa000000000000000000aa000000000000000000aa000000000000000000aa000000000000000000aa000000000000000000aa0000000000
01:07:35.310 [DEBUG] [serial] RX 128 bytes: 00000000aa000000000000000000aa000000000000000000aa000000000000000000aa000000000000000000aa000000000000000000aa000000000000000000aa000000000000000000aa000000000000000000aa000000000000000000aa000000000000000000aa000000000000000000aa000000000000000000aa000000
01:07:35.314 [DEBUG] [serial] RX 128 bytes: 000000000000aa000000000000000000aa000000000000000000aa000000000000000000aa000000000000000000aa000000000000000000aa000000000000000000aa000000000000000000aa000000000000000000aa000000000000000000aa000000000000000000aa000000000000000000aa000000000000000000aa00
01:07:35.318 [DEBUG] [serial] RX 128 bytes: 0000000000000000aa000000000000000000aa000000000000000000aa000000000000000000aa000000000000000000aa000000000000000000aa000000000000000000aa000000000000000000aa000000000000000000aa000000000000000000aa000000000000000000aa000000000000000000aa000000000000000000
01:07:35.322 [DEBUG] [serial] RX 128 bytes: aa000000000000000000aa000000000000000000aa000000000000000000aa000000000000000000aa000000000000000000aa000000000000000000aa000000000000000000aa000000000000000000aa000000000000000000aa000000000000000000aa000000000000000000aa000000000000000000aa00000000000000
01:07:35.326 [DEBUG] [serial] RX 128 bytes: 0000aa000000000000000000aa000000000000000000aa000000000000000000aa000000000000000000aa000000000000000000aa000000000000000000aa000000000000000000aa000000000000000000aa000000000000000000aa000000000000000000aa000000000000000000aa000000000000000000aa0000000000
01:07:35.330 [DEBUG] [serial] RX 128 bytes: 00000000aa000000000000000000aa000000000000000000aa000000000000000000aa000000000000000000aa000000000000000000aa000000000000000000aa000000000000000000aa000000000000000000aa000000000000000000aa000000000000000000aa000000000000000000aa000000000000000000aa000000
01:07:35.334 [DEBUG] [serial] RX 128 bytes: 000000000000aa000000000000000000aa000000000000000000aa000000000000000000aa000000000000000000aa000000000000000000aa000000000000000000aa000000000000000000aa000000000000000000aa000000000000000000aa000000000000000000aa000000000000000000aa000000000000000000aa00
01:07:35.338 [DEBUG] [serial] RX 128 bytes: 0000000000000000aa000000000000000000aa000000000000000000aa000000000000000000aa000000000000000000aa000000000000000000aa000000000000000000aa000000000000000000aa000000000000000000aa000000000000000000aa000000000000000000aa000000000000000000aa000000000000000000
01:07:35.342 [DEBUG] [serial] RX 128 bytes: aa000000000000000000aa000000000000000000aa000000000000000000aa000000000000000000aa000000000000000000aa000000000000000000aa000000000000000000aa000000000000000000aa000000000000000000aa000000000000000000aa000000000000000000aa000000000000000000aa00000000000000
01:07:35.346 [DEBUG] [serial] RX 128 bytes: 0000aa000000000000000000aa000000000000000000aa000000000000000000aa000000000000000000aa000000000000000000aa000000000000000000aa000000000000000000aa000000000000000000aa000000000000000000aa000000000000000000aa000000000000000000aa000000000000000000aa0000000000
01:07:35.350 [DEBUG] [serial] RX 128 bytes: 00000000aa000000000000000000aa000000000000000000aa000000000000000000aa000000000000000000aa000000000000000000aa000000000000000000aa000000000000000000aa000000000000000000aa000000000000000000aa000000000000000000aa000000000000000000aa000000000000000000aa000000
01:07:35.354 [DEBUG] [serial] RX 128 bytes: 000000000000aa000000000000000000aa000000000000000000aa000000000000000000aa000000000000000000aa000000000000000000aa000000000000000000aa000000000000000000aa000000000000000000aa000000000000000000aa000000000000000000aa000000000000000000aa000000000000000000aa00
01:07:35.357 [DEBUG] [serial] RX 128 bytes: 0000000000000000aa000000000000000000aa000000000000000000aa000000000000000000aa000000000000000000aa000000000000000000aa000000000000000000aa000000000000000000aa000000000000000000aa000000000000000000aa000000000000000000aa000000000000000000aa000000000000000000
01:07:35.362 [DEBUG] [serial] RX 128 bytes: aa000000000000000000aa000000000000000000aa000000000000000000aa000000000000000000aa000000000000000000aa000000000000000000aa000000000000000000aa000000000000000000aa000000000000000000aa000000000000000000aa000000000000000000aa000000000000000000aa00000000000000
01:07:35.366 [DEBUG] [serial] RX 128 bytes: 0000aa000000000000000000aa000000000000000000aa000000000000000000aa000000000000000000aa000000000000000000aa000000000000000000aa000000000000000000aa000000000000000000aa000000000000000000aa000000000000000000aa000000000000000000aa000000000000000000aa0000000000
01:07:35.370 [DEBUG] [serial] RX 128 bytes: 00000000aa000000000000000000aa000000000000000000aa000000000000000000aa000000000000000000aa000000000000000000aa000000000000000000aa000000000000000000aa000000000000000000aa000000000000000000aa000000000000000000aa000000000000000000aa000000000000000000aa000000
01:07:35.374 [DEBUG] [serial] RX 128 bytes: 000000000000aa000000000000000000aa000000000000000000aa000000000000000000aa000000000000000000aa000000000000000000aa000000000000000000aa000000000000000000aa000000000000000000aa000000000000000000aa000000000000000000aa000000000000000000aa000000000000000000aa00
01:07:35.377 [DEBUG] [serial] RX 128 bytes: 0000000000000000aa000000000000000000aa000000000000000000aa000000000000000000aa000000000000000000aa000000000000000000aa000000000000000000aa000000000000000000aa000000000000000000aa000000000000000000aa000000000000000000aa000000000000000000aa000000000000000000
01:07:35.381 [DEBUG] [serial] RX 128 bytes: aa000000000000000000aa000000000000000000aa000000000000000000aa000000000000000000aa000000000000000000aa000000000000000000aa000000000000000000aa000000000000000000aa000000000000000000aa000000000000000000aa000000000000000000aa000000000000000000aa00000000000000
01:07:35.385 [DEBUG] [serial] RX 128 bytes: 0000aa000000000000000000aa000000000000000000aa000000000000000000aa000000000000000000aa000000000000000000aa000000000000000000aa000000000000000000aa000000000000000000aa000000000000000000aa000000000000000000aa000000000000000000aa000000000000000000aa0000000000
01:07:35.389 [DEBUG] [serial] RX 128 bytes: 00000000aa000000000000000000aa000000000000000000aa000000000000000000aa000000000000000000aa000000000000000000aa000000000000000000aa000000000000000000aa000000000000000000aa000000000000000000aa000000000000000000aa000000000000000000aa000000000000000000aa000000
01:07:35.390 [DEBUG] [serial] PKT #40000: flags=0x00 in=0 ds=0 flt=0
01:07:35.393 [DEBUG] [serial] RX 128 bytes: 000000000000aa000000000000000000aa000000000000000000aa000000000000000000aa000000000000000000aa000000000000000000aa000000000000000000aa000000000000000000aa000000000000000000aa000000000000000000aa000000000000000000aa000000000000000000aa000000000000000000aa00
01:07:35.397 [DEBUG] [serial] RX 128 bytes: 0000000000000000aa000000000000000000aa000000000000000000aa000000000000000000aa000000000000000000aa000000000000000000aa000000000000000000aa000000000000000000aa000000000000000000aa000000000000000000aa000000000000000000aa000000000000000000aa000000000000000000
01:07:35.401 [DEBUG] [serial] RX 128 bytes: aa000000000000000000aa000000000000000000aa000000000000000000aa000000000000000000aa000000000000000000aa000000000000000000aa000000000000000000aa000000000000000000aa000000000000000000aa000000000000000000aa000000000000000000aa000000000000000000aa00000000000000
01:07:35.405 [DEBUG] [serial] RX 128 bytes: 0000aa000000000000000000aa000000000000000000aa000000000000000000aa000000000000000000aa000000000000000000aa000000000000000000aa000000000000000000aa000000000000000000aa000000000000000000aa000000000000000000aa000000000000000000aa000000000000000000aa0000000000
01:07:35.409 [DEBUG] [serial] RX 128 bytes: 00000000aa000000000000000000aa000000000000000000aa000000000000000000aa000000000000000000aa000000000000000000aa000000000000000000aa000000000000000000aa000000000000000000aa000000000000000000aa000000000000000000aa000000000000000000aa000000000000000000aa000000
01:07:35.413 [DEBUG] [serial] RX 128 bytes: 000000000000aa000000000000000000aa000000000000000000aa000000000000000000aa000000000000000000aa000000000000000000aa000000000000000000aa000000000000000000aa000000000000000000aa000000000000000000aa000000000000000000aa000000000000000000aa000000000000000000aa00
01:07:35.417 [DEBUG] [serial] RX 128 bytes: 0000000000000000aa000000000000000000aa000000000000000000aa000000000000000000aa000000000000000000aa000000000000000000aa000000000000000000aa000000000000000000aa000000000000000000aa000000000000000000aa000000000000000000aa000000000000000000aa000000000000000000
01:07:35.421 [DEBUG] [serial] RX 128 bytes: aa000000000000000000aa000000000000000000aa000000000000000000aa000000000000000000aa000000000000000000aa000000000000000000aa000000000000000000aa000000000000000000aa000000000000000000aa000000000000000000aa000000000000000000aa000000000000000000aa00000000000000
01:07:35.425 [DEBUG] [serial] RX 128 bytes: 0000aa000000000000000000aa000000000000000000aa000000000000000000aa000000000000000000aa000000000000000000aa000000000000000000aa000000000000000000aa000000000000000000aa000000000000000000aa000000000000000000aa000000000000000000aa000000000000000000aa0000000000
01:07:35.429 [DEBUG] [serial] RX 128 bytes: 00000000aa000000000000000000aa000000000000000000aa000000000000000000aa000000000000000000aa000000000000000000aa000000000000000000aa000000000000000000aa000000000000000000aa000000000000000000aa000000000000000000aa000000000000000000aa000000000000000000aa000000
01:07:35.433 [DEBUG] [serial] RX 128 bytes: 000000000000aa000000000000000000aa000000000000000000aa000000000000000000aa000000000000000000aa000000000000000000aa000000000000000000aa000000000000000000aa000000000000000000aa000000000000000000aa000000000000000000aa000000000000000000aa000000000000000000aa00
01:07:35.437 [DEBUG] [serial] RX 128 bytes: 0000000000000000aa000000000000000000aa000000000000000000aa000000000000000000aa000000000000000000aa000000000000000000aa000000000000000000aa000000000000000000aa000000000000000000aa000000000000000000aa000000000000000000aa000000000000000000aa000000000000000000
01:07:35.441 [DEBUG] [serial] RX 128 bytes: aa000000000000000000aa000000000000000000aa000000000000000000aa000000000000000000aa000000000000000000aa000000000000000000aa000000000000000000aa000000000000000000aa000000000000000000aa000000000000000000aa000000000000000000aa000000000000000000aa00000000000000
01:07:35.445 [DEBUG] [serial] RX 128 bytes: 0000aa000000000000000000aa000000000000000000aa000000000000000000aa000000000000000000aa000000000000000000aa000000000000000000aa000000000000000000aa000000000000000000aa000000000000000000aa000000000000000000aa000000000000000000aa000000000000000000aa0000000000
01:07:35.450 [DEBUG] [serial] RX 128 bytes: 00000000aa000000000000000000aa000000000000000000aa000000000000000000aa000000000000000000aa000000000000000000aa000000000000000000aa000000000000000000aa000000000000000000aa000000000000000000aa000000000000000000aa000000000000000000aa000000000000000000aa000000
01:07:35.453 [DEBUG] [serial] RX 128 bytes: 000000000000aa000000000000000000aa000000000000000000aa000000000000000000aa000000000000000000aa000000000000000000aa000000000000000000aa000000000000000000aa000000000000000000aa000000000000000000aa000000000000000000aa000000000000000000aa000000000000000000aa00
01:07:35.457 [DEBUG] [serial] RX 128 bytes: 0000000000000000aa000000000000000000aa000000000000000000aa000000000000000000aa000000000000000000aa000000000000000000aa000000000000000000aa000000000000000000aa000000000000000000aa000000000000000000aa000000000000000000aa000000000000000000aa000000000000000000
01:07:35.461 [DEBUG] [serial] RX 128 bytes: aa000000000000000000aa000000000000000000aa000000000000000000aa000000000000000000aa000000000000000000aa000000000000000000aa000000000000000000aa000000000000000000aa000000000000000000aa000000000000000000aa000000000000000000aa000000000000000000aa00000000000000
01:07:35.465 [DEBUG] [serial] RX 128 bytes: 0000aa000000000000000000aa000000000000000000aa000000000000000000aa000000000000000000aa000000000000000000aa000000000000000000aa000000000000000000aa000000000000000000aa000000000000000000aa000000000000000000aa000000000000000000aa000000000000000000aa0000000000
01:07:35.469 [DEBUG] [serial] RX 128 bytes: 00000000aa000000000000000000aa000000000000000000aa000000000000000000aa000000000000000000aa000000000000000000aa000000000000000000aa000000000000000000aa000000000000000000aa000000000000000000aa000000000000000000aa000000000000000000aa000000000000000000aa000000
01:07:35.473 [DEBUG] [serial] RX 128 bytes: 000000000000aa000000000000000000aa000000000000000000aa000000000000000000aa000000000000000000aa000000000000000000aa000000000000000000aa000000000000000000aa000000000000000000aa000000000000000000aa000000000000000000aa000000000000000000aa000000000000000000aa00
01:07:35.477 [DEBUG] [serial] RX 128 bytes: 0000000000000000aa000000000000000000aa000000000000000000aa000000000000000000aa000000000000000000aa000000000000000000aa000000000000000000aa000000000000000000aa000000000000000000aa000000000000000000aa000000000000000000aa000000000000000000aa000000000000000000
01:07:35.481 [DEBUG] [serial] RX 128 bytes: aa000000000000000000aa000000000000000000aa000000000000000000aa000000000000000000aa000000000000000000aa000000000000000000aa000000000000000000aa000000000000000000aa000000000000000000aa000000000000000000aa000000000000000000aa000000000000000000aa00000000000000
01:07:35.485 [DEBUG] [serial] RX 128 bytes: 0000aa000000000000000000aa000000000000000000aa000000000000000000aa000000000000000000aa000000000000000000aa000000000000000000aa000000000000000000aa000000000000000000aa000000000000000000aa000000000000000000aa000000000000000000aa000000000000000000aa0000000000
01:07:35.489 [DEBUG] [serial] RX 128 bytes: 00000000aa000000000000000000aa000000000000000000aa000000000000000000aa000000000000000000aa000000000000000000aa000000000000000000aa000000000000000000aa000000000000000000aa000000000000000000aa000000000000000000aa000000000000000000aa000000000000000000aa000000
01:07:35.493 [DEBUG] [serial] RX 128 bytes: 000000000000aa000000000000000000aa000000000000000000aa000000000000000000aa000000000000000000aa000000000000000000aa000000000000000000aa000000000000000000aa000000000000000000aa000000000000000000aa000000000000000000aa000000000000000000aa000000000000000000aa00
01:07:35.496 [DEBUG] [serial] RX 128 bytes: 0000000000000000aa000000000000000000aa000000000000000000aa000000000000000000aa000000000000000000aa000000000000000000aa000000000000000000aa000000000000000000aa000000000000000000aa000000000000000000aa000000000000000000aa000000000000000000aa000000000000000000
01:07:35.501 [DEBUG] [serial] RX 128 bytes: aa000000000000000000aa000000000000000000aa000000000000000000aa000000000000000000aa000000000000000000aa000000000000000000aa000000000000000000aa000000000000000000aa000000000000000000aa000000000000000000aa000000000000000000aa000000000000000000aa00000000000000
01:07:35.505 [DEBUG] [serial] RX 128 bytes: 0000aa000000000000000000aa000000000000000000aa000000000000000000aa000000000000000000aa000000000000000000aa000000000000000000aa000000000000000000aa000000000000000000aa000000000000000000aa000000000000000000aa000000000000000000aa000000000000000000aa0000000000
01:07:35.509 [DEBUG] [serial] RX 128 bytes: 00000000aa000000000000000000aa000000000000000000aa000000000000000000aa000000000000000000aa000000000000000000aa000000000000000000aa000000000000000000aa000000000000000000aa000000000000000000aa000000000000000000aa000000000000000000aa000000000000000000aa000000
01:07:35.511 [INFO] [GUI] Click STOP
01:07:35.511 [INFO] [serial] Encolando TX CMD_STOP: bb05
01:07:35.513 [INFO] [serial] TX CMD_STOP: bb05
01:07:35.513 [DEBUG] [serial] TX OK: 2 bytes escritos
01:07:35.513 [DEBUG] [serial] RX 128 bytes: 000000000000aa000000000000000000aa000000000000000000aa000000000000000000aa000000000000000000aa000000000000000000aa000000000000000000aa000000000000000000aa000000000000000000aa000000000000000000aa000000000000000000aa000000000000000000aa000000000000000000aa00
01:07:35.620 [DEBUG] [serial] RX 8 bytes: 0000000000000000
01:07:37.100 [INFO] [GUI] Click MuxIn -> 1
01:07:37.100 [INFO] [serial] Encolando TX CMD_MUX_IN sel=1: bb0101
01:07:37.140 [INFO] [serial] TX CMD_MUX_IN sel=1: bb0101
01:07:37.141 [DEBUG] [serial] TX OK: 3 bytes escritos
01:07:38.007 [INFO] [GUI] Click MuxIn -> 0
01:07:38.007 [INFO] [serial] Encolando TX CMD_MUX_IN sel=0: bb0100
01:07:38.009 [INFO] [serial] TX CMD_MUX_IN sel=0: bb0100
01:07:38.009 [DEBUG] [serial] TX OK: 3 bytes escritos
01:07:39.346 [INFO] [GUI] Click MuxOut -> 1
01:07:39.346 [INFO] [serial] Encolando TX CMD_MUX_OUT sel=1: bb0201
01:07:39.425 [INFO] [serial] TX CMD_MUX_OUT sel=1: bb0201
01:07:39.425 [DEBUG] [serial] TX OK: 3 bytes escritos
01:07:41.965 [INFO] [GUI] Cerrando ventana...
01:07:41.965 [INFO] [serial] Encolando TX CMD_STOP (close): bb05
01:07:41.966 [INFO] [serial] Solicitando parada del worker...
01:07:42.042 [INFO] [serial] TX CMD_STOP (close): bb05
01:07:42.042 [DEBUG] [serial] TX OK: 2 bytes escritos
01:07:42.047 [INFO] [serial] Loop de lectura terminado.
01:07:42.048 [INFO] [serial] Puerto cerrado.
01:07:42.048 [INFO] [GUI] Worker terminado, cerrando.
01:07:42.056 [INFO] [GUI] app.exec_() retorno con codigo 0
